"region","name","alpha_admission","alpha_D","alpha_death_hosp","alpha_H","beta1","beta10","beta11","beta12","beta13","beta14","beta15","beta16","beta17","beta18","beta19","beta2","beta20","beta21","beta22","beta23","beta24","beta25","beta26","beta27","beta28","beta29","beta3","beta30","beta31","beta32","beta33","beta34","beta35","beta36","beta4","beta5","beta6","beta7","beta8","beta9","mu_D","mu_D_2","mu_D_3","mu_D_4","mu_D_5","mu_gamma_H","mu_gamma_H_2","mu_gamma_H_3","mu_gamma_H_4","p_G_D","p_G_D_2","p_H","p_H_2","p_H_D","p_ICU","p_ICU_2","p_ICU_D","p_NC_15_24","p_NC_25_49","p_NC_50_64","p_NC_65_79","p_NC_80_plus","p_NC_weekend_15_24","p_NC_weekend_25_49","p_NC_weekend_50_64","p_NC_weekend_65_79","p_NC_weekend_80_plus","p_W_D","rel_p_D_alpha","rel_p_D_delta","rel_p_D_omicron","rel_p_H_alpha","rel_p_H_delta","rel_p_H_omicron","rel_p_ICU_alpha","rel_p_ICU_delta","rel_p_ICU_omicron","rho_pillar2_tests","seed_date_alpha","seed_date_delta","seed_date_omicron","start_date","ta_alpha","ta_delta","ta_omicron"
"north_west","alpha_admission",5.06213435198174e-06,-6.57965963306807e-05,-4.96122785059855e-07,5.88815781381013e-07,-1.06625266062192e-06,-7.88598459542675e-08,1.39418283142157e-07,-2.50842261705948e-07,1.58541641383358e-08,7.16495693490746e-08,-1.24204844571943e-07,-9.0126250436894e-08,-1.37428322048298e-07,-2.80148103355164e-07,2.43210731816866e-08,1.42966864973122e-06,-4.74011653743685e-08,-8.36502688461078e-08,-1.39254006884883e-07,-1.39414766264269e-07,-4.28700687239837e-08,-1.04766442565139e-07,-2.48015376351421e-07,1.12910093539618e-07,-6.12098085256807e-07,1.046414609057e-07,-1.70911951932113e-07,-3.91284435848857e-07,-1.92186200660531e-07,-5.97357661639547e-08,3.27513388483082e-08,-2.31301422648123e-07,-1.98518154098354e-07,9.99372771335097e-08,1.22113572365091e-07,-2.11500053027395e-07,2.5010049095322e-07,-2.98283745628711e-07,1.82768290617874e-07,-6.64152421339514e-08,-6.11273678127161e-06,-3.88643385778795e-06,-2.79199387481473e-05,-1.15746285576457e-06,1.10686400205205e-05,-5.16723229257187e-06,1.28597858046853e-05,-1.5858404098385e-06,-2.18182650033548e-06,2.09077791470445e-07,-2.74401563912767e-06,5.78908758369981e-06,1.82519512964654e-06,2.40055311108833e-06,2.19810216086024e-07,1.63648226397867e-07,-2.79470893761103e-06,-1.50165650037282e-08,-4.29438724297154e-08,-2.90869323179662e-08,-1.17694982341996e-08,-5.17128971211384e-08,-1.58186813332281e-08,-1.95916217585024e-08,-1.08087246696885e-08,-1.59403423080328e-09,-2.5265209551792e-08,-4.64274588602418e-07,6.87889348757134e-05,-7.73126875651375e-05,-2.60091426405614e-05,2.1078240436639e-06,-4.99077666362203e-06,6.71855303470978e-06,-4.05088916668597e-06,3.45136160944466e-06,-4.75303868112409e-07,-4.73675778773675e-08,0.000379225771853921,1.33703518323303e-05,4.13186113944724e-06,-0.000274462959550316,3.22332171264764e-06,-4.40357370760145e-06,2.11874070581546e-06
"north_west","alpha_D",-6.57965963306807e-05,0.0230847944585238,0.000146122737009361,-5.77771197701536e-05,3.75159876448058e-05,2.5081315513103e-06,-9.37689467247072e-06,2.16995335000791e-05,-1.50040498705262e-05,6.43885308436459e-06,-4.79382385249895e-06,5.67612497339808e-06,8.74393798086425e-07,1.78018805833924e-05,-3.80077864559389e-06,-4.54513189513321e-05,-1.61676661470926e-05,-6.77278414022356e-06,4.71133956270439e-06,-1.42918622032529e-05,-5.19515631166651e-06,-8.27743668987835e-06,-8.60193751604618e-06,-4.17022966337618e-06,-1.78297563091501e-06,5.59706047735194e-06,1.21552508333885e-05,-5.83677656543052e-06,6.39495320551296e-06,-2.39171703277062e-05,-2.74609724273633e-06,-2.54269982913609e-06,-4.42385259487502e-06,-1.41082052148708e-06,-8.517103300509e-06,6.11798812421204e-06,3.84581115837398e-06,7.06868597593081e-08,-2.94680680174369e-06,1.9446641733424e-06,-0.000174103359285033,0.000188409004994437,0.00359732144856988,0.000294033273267983,-0.00053577278611347,0.000233326840038725,-0.000416629658844624,-2.07252049714945e-05,0.000373644405792692,7.53164078406047e-05,0.000524617584829813,-9.2802634608608e-05,-0.000910318360223745,0.000256756319377726,-9.68044812579527e-05,-4.30341680655262e-06,7.68974844917158e-05,1.22131763627535e-06,3.58826985772632e-06,8.63292275118675e-07,6.35143360252778e-07,7.28283670456535e-06,2.44162270512168e-06,1.35769071702122e-06,-5.12845943860317e-07,-2.3567077578338e-07,-6.84031245882656e-07,-0.000456096795478603,-0.00890186420078765,0.00926143166795054,0.00105334044219193,-0.000832456837866995,0.000220569462889804,0.000709521332131487,-6.36230726628984e-05,0.000395553260671831,9.21724803114898e-07,8.11143807668325e-07,-0.00570409738587361,0.0124139056092549,0.00601398451864654,0.0122419208608324,-2.35101689849783e-05,0.000747705015796248,-4.55183031803695e-05
"north_west","alpha_death_hosp",-4.96122785059855e-07,0.000146122737009361,1.22253754520253e-05,-6.03932443899877e-07,-2.13155665562003e-07,-6.84043179906365e-08,-1.51438490602504e-07,1.58535019364273e-07,-2.83567700379183e-07,2.72801884325815e-08,-1.10840569218321e-07,-2.30001959577732e-08,-9.21948607818117e-08,5.55190471221087e-08,-1.28377665203634e-07,-6.56721996793462e-07,-2.48253108343752e-07,-1.86521334488168e-07,-8.23710091923968e-09,-3.22473247973206e-07,-8.94524333585323e-08,-2.23273403740972e-07,-1.93330533371486e-07,-6.48370920580108e-08,-3.89698617093108e-07,7.28525513470257e-08,1.48686690391149e-07,-1.94014744052773e-07,-6.17289215573941e-08,-3.47273485580136e-07,7.22294690705406e-08,-3.40442941731688e-07,-2.8936532536723e-07,5.40105432995656e-07,-8.74752853253314e-08,-6.52864612565902e-08,1.04606489405399e-07,5.96114009572414e-08,-3.68267101492997e-07,1.33731755236483e-07,-5.88082449624885e-06,-1.79972236715413e-06,1.83078538194863e-05,2.22032834105775e-06,-1.2491782560822e-05,1.2303556363203e-05,-7.90852970059124e-06,6.32452831986418e-07,3.39449788552771e-06,-1.27471140576408e-06,6.52418877791388e-06,5.59036427129495e-06,-2.08565206564541e-05,6.11381426390031e-06,-8.94124580548792e-07,1.49549538452655e-07,1.11062018045942e-06,6.93434719861926e-09,1.98085100180033e-08,1.73577811093955e-09,-7.56639847748049e-09,8.82837613820146e-08,2.78135984600793e-08,1.91451774709663e-08,-1.30283310062525e-08,-1.26750181727419e-08,-9.76836459800495e-09,-1.78284763784857e-06,-6.10425165236382e-05,8.42281144075231e-05,1.69834915507739e-05,-1.11287467571582e-05,-4.44359155022724e-06,3.17355059773962e-05,-6.71697636076801e-07,4.21519381533028e-06,1.89854591938247e-06,-1.78682628252847e-09,0.000135329214887862,0.000123300312446512,3.32510033371354e-05,-9.50506651726938e-06,1.92862320314738e-06,7.05325224233986e-06,-9.52533425460816e-07
"north_west","alpha_H",5.88815781381013e-07,-5.77771197701536e-05,-6.03932443899877e-07,1.60350336170371e-06,-1.87123833302401e-07,-4.38268780250276e-08,7.47404570969791e-08,-1.56296310669086e-07,1.07426531461807e-07,-5.62195629067808e-08,6.73756939344164e-08,-4.13084130827945e-08,-2.85623358543414e-08,-1.5870199859764e-07,4.84475082048072e-09,-1.34273596102167e-07,5.50558577323414e-08,-8.8743025915259e-09,-3.24567555571618e-08,2.52479366331451e-09,9.58001671874828e-09,1.2491683316965e-08,-2.73332843407156e-08,3.52906970712623e-09,-6.04454849998639e-08,-1.04285921554469e-08,-1.13379961702681e-07,-5.99702354716377e-08,-3.3656920966234e-08,7.73105536641321e-08,2.9776677713979e-08,2.50304849402964e-08,1.98008313922222e-08,3.34760520325437e-08,5.39582346403975e-08,-4.30347114436136e-08,1.12839203523403e-07,-8.44254335560179e-08,3.53791372671959e-08,-3.83214446442577e-08,1.33879841797315e-06,-8.47962006210863e-07,-1.17111602082959e-05,-7.98874955764392e-07,1.01119397800597e-06,-3.70403849466901e-06,5.51720515756235e-06,-1.59644250542919e-07,-2.07680378790301e-06,1.2036803473118e-07,-1.57450775060743e-06,2.45064639267381e-07,4.59629451460528e-06,2.3551594988382e-07,1.59092495442636e-06,-2.31359706705135e-07,-1.42734565680217e-06,-6.36985895523454e-09,-2.12827352992037e-08,-8.28953903908596e-09,-1.21010634575302e-09,-4.07644733933781e-08,-9.38883380017926e-09,-7.11046235444042e-09,7.9321727466711e-10,1.93315487561166e-09,9.93932666968457e-09,-8.38712276776067e-07,2.93721389334049e-05,-3.6623224512618e-05,-2.79117149040463e-06,2.82249261113092e-06,1.27267619585026e-06,-4.42459500349495e-06,1.60455004362915e-06,-7.26510047190447e-07,-3.47203056591873e-07,-1.35340505771055e-08,0.000165105828340862,-2.29063589746097e-05,-4.0671206821165e-05,-8.44816550760724e-05,1.34757297047126e-06,-3.28592124281241e-06,-5.66686972814059e-07
"north_west","beta1",-1.06625266062192e-06,3.75159876448058e-05,-2.13155665562003e-07,-1.87123833302401e-07,2.65126552333553e-06,7.839366300122e-08,3.18600791496478e-08,8.54210638838524e-08,9.62953445775864e-08,-7.78355407658519e-08,7.69147399245203e-08,1.35179490287152e-07,1.53613355832546e-07,2.11283096828288e-07,3.96565614923044e-08,-3.00595737239991e-06,1.48318921506722e-07,1.59522338639526e-07,1.48833542299907e-07,3.42515142716586e-07,1.16708439974126e-08,2.06438850731812e-07,3.21185228313021e-07,-1.86148484378852e-07,9.2066050693562e-07,-3.07818216428015e-07,1.04610258255746e-07,5.0227746380063e-07,1.30647141701339e-07,1.06606816810964e-07,-6.77820660930275e-08,3.29149308329817e-07,1.5143103464463e-07,-2.23773083337245e-07,-7.32784519880571e-08,2.29875414692576e-07,-2.26941171984076e-07,1.43973611425038e-07,1.19750658768067e-07,-4.01102883565937e-08,1.86249379707539e-06,1.2295298074948e-06,2.22212196167699e-05,1.27119291434393e-06,-2.27302294738579e-06,3.13022823293993e-06,-8.77541946037181e-06,3.20376607513075e-06,2.63274858034029e-06,-3.27381452686689e-07,5.84817252914939e-07,-6.56658840894403e-06,3.48818590590332e-06,-3.47743900550546e-07,-1.03943247826297e-06,-1.24453338556994e-07,-2.26172498522318e-08,1.0649232102379e-08,2.71087893825448e-08,1.42684781269988e-08,8.55520878974766e-09,3.369383507092e-09,9.41357422886479e-10,1.46792898572854e-08,4.83787159591806e-09,4.64697782333372e-09,2.47408011103509e-08,-2.41408820706306e-07,-5.3306183430767e-05,3.95059437618454e-05,1.58352714788808e-05,5.99797035559648e-06,3.92776998752501e-06,-1.3850637181794e-05,-2.06681607608103e-06,-7.16579247443277e-07,-1.50744453155148e-06,2.45457031614772e-08,-0.00047501066074481,-6.72658244616071e-05,-1.41771953764268e-05,0.000716965222276654,-4.75786820841287e-06,9.01757005647474e-07,2.15120427761212e-07
"north_west","beta10",-7.88598459542675e-08,2.5081315513103e-06,-6.84043179906365e-08,-4.38268780250276e-08,7.839366300122e-08,1.47572468067117e-07,-1.70765600560898e-07,8.18519122747743e-08,-4.81099748200293e-08,8.7100365201585e-08,-3.54173942583389e-08,1.42714930051745e-08,1.772651868113e-08,3.69588475416535e-08,1.864223931601e-09,5.35204892801822e-08,8.15434810027615e-09,2.74840932678087e-08,-1.87077595182628e-08,7.55215556551484e-08,-7.64143546565272e-09,3.41465889033943e-08,2.62714223049713e-08,1.80584101128184e-08,5.57298127586227e-08,1.03967498094201e-08,3.51223102362197e-09,4.30441097270887e-08,2.50523014135466e-08,2.87680300573855e-08,-7.58740050366712e-09,1.70789101245803e-08,2.17662489883972e-08,-2.71999441224108e-08,-2.64552301537176e-09,2.1127912248274e-08,-1.75951982915709e-08,1.17715218926782e-08,4.82334473736314e-08,-1.22699100135131e-07,-5.60320411524352e-07,-6.25676005365223e-08,7.74536006586846e-07,2.26248050354091e-07,8.04656874632662e-07,8.18861863258986e-07,-2.1010361933131e-07,-3.7313239377179e-07,2.4727151665878e-07,1.40879733400986e-07,1.9404765502345e-07,-9.16569135507274e-07,-6.87357269526409e-07,-1.19287688459946e-07,-3.18887494141575e-07,2.91770543964526e-08,1.1831678354383e-06,2.58185801041329e-09,3.12301611876771e-09,1.69238281681036e-09,9.97262527971338e-10,1.79885993225705e-09,-5.42654370484028e-10,3.43483542377018e-09,1.90935277166017e-09,1.47944466625824e-09,-6.8949764350275e-10,-1.4148140344145e-07,-1.34005507328062e-06,-9.96978040867055e-07,8.3059064277082e-08,4.84149507353319e-07,3.61535350127868e-07,1.30970258675239e-07,3.80775966144802e-07,-6.2309502603838e-07,-8.42523270565933e-08,3.909447214968e-09,-5.46360787306641e-05,-1.63623366130557e-05,4.26914484425495e-06,2.06835396714721e-05,-3.77159164187581e-07,1.83966549165182e-07,-1.52203538802815e-07
"north_west","beta11",1.39418283142157e-07,-9.37689467247072e-06,-1.51438490602504e-07,7.47404570969791e-08,3.18600791496478e-08,-1.70765600560898e-07,4.00413947815165e-07,-2.46998686832846e-07,1.71329182585945e-07,-1.80207540802483e-07,4.26175226210675e-08,-9.46091246061683e-09,-6.62290623488755e-09,-6.626992779832e-08,2.19007479432909e-08,-2.91795464738098e-07,2.90072802698408e-08,-2.87975255419651e-09,4.08883507663208e-08,-4.40789830294762e-08,1.78434140352335e-08,-5.97623529000427e-10,5.44851433419993e-09,-2.80445433732018e-08,1.73076100876043e-08,-3.05770389702674e-08,-1.46544743979177e-08,-1.15403882052823e-08,-2.6103342508731e-08,1.85351060599017e-08,-6.50110475011388e-09,5.54176209910591e-08,-3.44786273829907e-08,9.96619848238799e-08,2.07641770408682e-08,-2.42639325581894e-08,2.19645134465072e-08,-2.91370737382568e-08,1.64942264372866e-08,9.39735585339776e-08,8.55072759053208e-07,-1.2079596873834e-07,-2.40313950879198e-06,5.23290611606351e-07,1.34511780097146e-06,-9.35540269927507e-07,-7.70968120616627e-07,5.68527205886505e-07,-6.96692879495602e-07,-1.90089003531759e-07,-4.17509229425162e-07,-3.15121616105787e-07,1.52491449118537e-06,1.86968989343065e-07,4.84188029191276e-07,-2.48898267007443e-08,-1.52290177169744e-06,-3.0483584123795e-09,-6.50694218662093e-09,-1.46184358105367e-09,3.88586486780854e-10,-6.25954930763978e-09,-2.53862224932954e-09,-5.51559084590924e-09,-6.76211462123581e-10,3.36026189806978e-10,4.39109349911897e-09,1.81482347922727e-06,2.96294052351114e-06,-9.1302802307265e-06,-1.45870712112854e-06,3.34419807240548e-06,-6.30416213622801e-07,-3.86625284750277e-06,-2.61287382754022e-06,1.84806327011415e-06,2.8515283780633e-08,-2.28956071753356e-09,8.85028189936304e-06,4.86221363234083e-06,-1.10033775321995e-05,-6.16341513419817e-06,4.33989827650977e-07,-1.46337022516336e-06,3.37650747933206e-07
"north_west","beta12",-2.50842261705948e-07,2.16995335000791e-05,1.58535019364273e-07,-1.56296310669086e-07,8.54210638838524e-08,8.18519122747743e-08,-2.46998686832846e-07,3.22570823933689e-07,-2.41333353270926e-07,2.53493427279468e-07,-1.01039629570995e-07,3.31364671940285e-08,1.17798705064302e-08,1.02719490096724e-07,-2.6155572290219e-08,1.33469333392453e-07,-1.93771587878588e-08,-2.55649019255983e-09,7.89776834689143e-09,3.14225029168532e-08,-1.66533658655619e-08,2.82899513511872e-09,2.3118934977692e-08,4.13149605639567e-09,2.29469014982832e-08,3.1554835387241e-08,1.8033008420979e-08,3.78501194982985e-08,4.0845064086433e-08,-1.28259861924163e-08,2.89850680484526e-09,-1.59473970828137e-08,2.35637082196306e-08,-6.22081184368898e-09,-1.53912306279702e-08,3.24418504366051e-08,-7.30739967811155e-09,2.04600733309387e-08,-3.92640415891205e-09,-2.89637389290773e-08,-1.17343167008562e-06,2.56173558867581e-07,5.04921813989304e-06,-3.80295545064702e-07,-2.3609529327022e-06,6.88109072188167e-07,-7.86989400319476e-07,-2.00522269952137e-08,7.70674102524697e-07,1.10014741976618e-07,1.17260298992254e-06,-1.1757006514022e-06,-2.69194287359182e-06,3.64484567783566e-07,-6.38999344472888e-07,1.21577138507912e-07,1.55431486128888e-06,6.70055370147199e-09,1.01025474135583e-08,3.03920042769994e-09,3.51155507375894e-09,1.74796433262595e-08,5.29536857599273e-09,6.39873537208875e-09,1.1667777886212e-09,1.8514508876967e-10,-1.86122584592247e-09,-1.50273275911574e-06,-1.20005026815798e-05,1.82342421602374e-05,3.29902744067993e-06,-1.42431718271761e-06,1.47027290148409e-06,2.54956346789742e-06,3.27835037562611e-07,-8.4947819412693e-07,-1.53445429794202e-07,1.38116739833723e-08,-1.25895564022573e-05,7.4461072234432e-06,1.02343079893391e-05,2.75433845181464e-05,-5.06229387372547e-07,2.09672842053124e-06,-7.51289635350321e-07
"north_west","beta13",1.58541641383358e-08,-1.50040498705262e-05,-2.83567700379183e-07,1.07426531461807e-07,9.62953445775864e-08,-4.81099748200293e-08,1.71329182585945e-07,-2.41333353270926e-07,2.82819650991645e-07,-3.36426170036865e-07,2.07858006935496e-07,-1.75818398477633e-08,1.74658827272771e-08,-6.57534381606107e-08,3.68112196062408e-08,-3.74060244475488e-07,4.18597520642769e-08,2.23336944084671e-08,-1.47730815792943e-08,2.74079928814775e-08,4.03160632352912e-08,3.97718426900005e-08,1.43216525977753e-08,3.33327385256007e-08,8.69513850682745e-08,-1.65727335149964e-08,6.31241125085846e-09,6.0528672950986e-08,8.57236145563741e-09,5.43348350601635e-08,-1.9469751272938e-09,8.26701638288774e-08,9.35158704506992e-09,5.39781979746e-08,2.31046923664199e-09,6.80515344152394e-09,-2.05231274275355e-08,3.96658096158361e-09,2.73484263710555e-08,3.882410269917e-08,1.46915948417332e-06,5.19710385903955e-07,-3.17402623567479e-06,-4.45877090237463e-07,9.41441610859607e-08,-3.82231788850968e-07,-1.52155823280012e-07,-1.78820711523438e-07,-2.15809825463526e-07,-1.18648660681193e-07,-1.28198938307342e-06,-8.83298082628841e-07,2.38714331187696e-06,-1.10410375705216e-06,5.40399092024632e-07,-1.5764466738969e-07,-1.35574353891699e-06,-9.74597447936036e-10,2.21550596567629e-09,7.49969012845462e-09,3.98877669571381e-09,-1.09406000451196e-08,-9.94962779562651e-10,-3.15210224613207e-10,3.24500216646233e-09,3.00048904816395e-09,1.02144493152369e-08,4.2219966122806e-06,8.49981383964911e-06,-9.78077456726478e-06,5.34573027551137e-07,1.85970516734993e-06,-5.10238674414254e-07,-4.43439726198629e-06,9.54138749304855e-07,-2.01035464615639e-07,1.87479290204792e-07,-6.33164326537129e-09,1.9737233637249e-05,-9.11894960455681e-06,-1.31292257988925e-05,8.60988370901904e-06,4.65776165771589e-07,-1.63056862010857e-06,-1.0072970847183e-07
"north_west","beta14",7.16495693490746e-08,6.43885308436459e-06,2.72801884325815e-08,-5.62195629067808e-08,-7.78355407658519e-08,8.7100365201585e-08,-1.80207540802483e-07,2.53493427279468e-07,-3.36426170036865e-07,6.93732261310992e-07,-5.69137459321738e-07,4.66093434690581e-08,-2.49407956268991e-08,7.79853073095374e-08,-2.73888323518994e-08,6.07819008650847e-07,-2.70917011348573e-08,-3.37113420086669e-09,3.4191803259372e-08,1.09284119762667e-08,-4.28711251232874e-08,-1.17836074184386e-08,1.67748773921474e-08,-3.5289377677604e-08,-5.77421940780985e-08,4.87988311982046e-08,-3.29160799184715e-08,-4.35207483792578e-08,1.12737040836154e-08,-3.95308197006612e-09,-7.67644482613588e-09,-1.90368888632426e-08,-8.93456826030355e-09,-3.63991853999367e-08,1.84167754248838e-08,-1.69318647196321e-08,5.60229074247631e-08,-1.47995575409507e-08,5.08864261268622e-09,-7.35119010732275e-08,-2.52264952959653e-06,-1.3759041999556e-06,-1.7504995786492e-06,-2.37061845910636e-07,5.81281707612386e-07,1.7313815346729e-06,1.26162754616453e-06,2.5792115643993e-07,-1.46390385138738e-07,1.59486527410497e-07,8.01319185349331e-07,-3.02463644562671e-07,-2.70938783478244e-06,1.54281260397886e-06,-5.26114658937532e-07,1.4809472779527e-07,2.97060077531503e-06,2.3364544120568e-09,-3.27887614205823e-09,-6.64487437733093e-09,-3.46495917849592e-09,1.57076116508654e-08,2.27875398343373e-10,5.43222459117282e-10,-3.09354209079754e-09,2.4186784425261e-10,-9.25475921791027e-09,-4.73592810006926e-06,-2.82170190558794e-07,1.61063750193111e-06,-2.19528351147466e-06,-3.25719470190514e-07,1.53252808364852e-06,3.03701741905072e-06,-1.05871251447223e-06,-6.6003026301384e-07,-2.07086903056851e-07,8.67959928839563e-09,2.16557377542068e-06,-7.22348525022543e-06,1.07449952923523e-05,-6.93846156107502e-06,-2.03331663673109e-07,9.50750969184824e-07,-2.1187206859202e-07
"north_west","beta15",-1.24204844571943e-07,-4.79382385249895e-06,-1.10840569218321e-07,6.73756939344164e-08,7.69147399245203e-08,-3.54173942583389e-08,4.26175226210675e-08,-1.01039629570995e-07,2.07858006935496e-07,-5.69137459321738e-07,9.1938254383511e-07,-8.56147186234348e-08,8.06216101930989e-08,-1.18733240275759e-07,7.9365524267169e-08,-5.34433251109393e-07,3.81325792621581e-08,7.3616456019587e-09,-2.7577812829747e-08,5.51345430527586e-08,7.65038046140573e-08,5.83985712254763e-08,2.04882116044125e-08,1.46636027125722e-07,1.16404206284403e-07,1.54639860814615e-08,4.1855733673896e-08,1.5940991088313e-07,6.95436561017883e-08,1.02891340686289e-07,3.78567059456839e-08,1.39638290592932e-07,4.68555287082713e-08,2.04367840296578e-07,-2.18124213674701e-08,1.26777649036672e-08,-1.63302543504563e-08,-9.78153292673544e-09,2.6234073717645e-08,7.29865145014818e-08,2.04284599819677e-06,-2.99965866870868e-07,7.02556614840596e-06,-9.37036014175395e-07,-7.75279904445369e-06,-7.14626829844126e-06,4.48472137217261e-07,-1.27580514953452e-06,3.53970211049466e-07,9.35490526635724e-09,2.6591512120195e-07,-6.90334775166091e-08,5.03689697134106e-06,-1.41269747944397e-06,7.39972578621511e-07,-3.51387356867636e-07,-5.04076156442644e-06,2.85471207848517e-09,2.09708198940727e-08,2.18715483114142e-08,1.47614877122269e-08,-7.43607172010137e-09,9.22289774957041e-09,8.9886341789423e-09,6.89049764916036e-09,4.4802817804765e-09,1.96797741832628e-08,7.50468952549923e-06,-8.14309819716022e-06,1.67167257063542e-05,1.29831400626268e-05,-4.39097104523416e-06,1.2033003009431e-06,-5.94628228464031e-06,3.15583907689668e-06,-6.16232397119159e-07,2.99706992393726e-07,6.78959994964085e-09,0.000104691527770044,1.42823339875757e-05,-2.50969844000432e-05,5.84006453058478e-06,7.68313264683499e-07,-7.52705209020034e-07,-1.77367896833234e-06
"north_west","beta16",-9.0126250436894e-08,5.67612497339808e-06,-2.30001959577732e-08,-4.13084130827945e-08,1.35179490287152e-07,1.42714930051745e-08,-9.46091246061683e-09,3.31364671940285e-08,-1.75818398477633e-08,4.66093434690581e-08,-8.56147186234348e-08,4.78198052268456e-08,4.97816308767332e-09,7.67568650599428e-08,1.79568757823804e-09,-1.32490582369747e-07,2.35396571774184e-08,2.30648185157957e-08,2.24722469129319e-08,4.5395740244047e-08,6.91583401248699e-09,2.73543561091518e-08,4.25809321789422e-08,9.3504939296211e-10,6.78758362697585e-08,1.62073156665593e-08,7.83340869011543e-09,4.24101443906347e-08,3.93529496214972e-08,5.25986866304096e-09,-7.03922193802796e-09,1.56523722968359e-08,1.01072007334925e-08,-4.74274757948614e-09,-5.46819647222517e-09,2.19336977983141e-08,-1.88447762082142e-08,2.41602653847349e-08,-3.97088665259643e-09,1.93974139006116e-09,-2.37255912179394e-07,1.59452183681921e-07,5.48414424769059e-07,1.41248418794761e-07,4.28383580976104e-07,4.97683088298512e-07,-9.56262746356779e-07,4.16971747017804e-07,3.54206138519976e-07,-5.55959125312099e-09,6.30601294807535e-08,-9.52002106136137e-07,-1.19827958364263e-06,-9.30405933368062e-09,-3.24375941431467e-07,6.3681987896115e-08,8.88195984125154e-07,2.3843543090114e-09,2.24803293815974e-09,3.19517536115754e-10,5.11285979275705e-10,5.710662909435e-09,2.99975457071921e-10,1.44132488240204e-09,4.53935601990612e-10,5.36492617874181e-10,2.16569102803643e-09,-9.21579101160141e-07,-2.41616628290173e-06,1.58254140969938e-06,-3.75164886207599e-08,9.00681856084307e-07,4.19155783487726e-07,3.13346119481777e-07,-8.53884546001672e-07,1.18694855629764e-07,-2.73840443010203e-08,2.07454006462226e-09,-0.000106891007718737,-4.20341448902453e-06,1.07927856476564e-05,3.14714877772469e-05,-1.07716375123677e-06,4.23847209998023e-07,2.39939692613615e-07
"north_west","beta17",-1.37428322048298e-07,8.74393798086425e-07,-9.21948607818117e-08,-2.85623358543414e-08,1.53613355832546e-07,1.772651868113e-08,-6.62290623488755e-09,1.17798705064302e-08,1.74658827272771e-08,-2.49407956268991e-08,8.06216101930989e-08,4.97816308767332e-09,5.53868583739893e-08,-8.72809896987852e-09,3.58420652530106e-08,-1.62788204185205e-07,3.62976845050036e-08,3.19571968976938e-08,1.99769988183523e-08,7.56986884785349e-08,2.44870639639119e-08,4.42508642751896e-08,6.08004039188105e-08,1.91728719473139e-08,1.13297071075106e-07,1.69099973865474e-08,1.160049045508e-08,8.44217109492433e-08,4.49446073464462e-08,5.59026331107121e-08,2.24336638629502e-09,6.53626377170774e-08,2.29905376814122e-08,5.02511191101146e-08,-9.54689072789354e-09,2.95662363473501e-08,-2.7377185720319e-08,1.98352761232533e-08,1.40184733054319e-08,1.8459199516022e-09,5.17375153633765e-07,-6.1948887576101e-08,8.74884793087001e-07,-5.1017774868364e-07,-9.79144484977081e-07,-1.0304015021496e-07,-1.29159562861568e-06,1.23487635378555e-07,2.19757508413229e-07,5.37528267871043e-08,-1.80682393191216e-07,-1.12442812910861e-06,6.80061847331922e-07,-1.11770851058306e-07,-1.48084035718975e-07,-7.32653130872286e-09,-3.02698043613914e-07,2.0561272071578e-09,5.89640421856454e-09,4.18852352571733e-09,3.50596577557322e-09,1.22344828769365e-09,1.52400668979719e-09,2.26134440124902e-09,1.92723046679956e-09,1.59438458313284e-09,3.38229724387566e-09,1.15611447611615e-06,-2.23561442415961e-06,3.56010463375304e-06,1.893371808821e-06,5.77450737242013e-07,8.74160921769683e-07,-2.38560220564519e-06,-1.86282987033504e-07,-2.80705595565788e-07,3.09161508639222e-08,3.42327967129269e-09,-0.000101730360187505,-1.21626025574023e-05,-1.04857653938054e-06,3.53456121096143e-05,-9.75097190314441e-07,-1.29440860953257e-07,-1.76085858812422e-07
"north_west","beta18",-2.80148103355164e-07,1.78018805833924e-05,5.55190471221087e-08,-1.5870199859764e-07,2.11283096828288e-07,3.69588475416535e-08,-6.626992779832e-08,1.02719490096724e-07,-6.57534381606107e-08,7.79853073095374e-08,-1.18733240275759e-07,7.67568650599428e-08,-8.72809896987852e-09,2.59639131943734e-07,-9.23501440823075e-08,-2.19993177039713e-07,1.80783080230566e-08,-1.89202795127137e-08,2.25242015773944e-08,4.14597234279568e-08,-3.9840608275686e-08,-4.65916537975552e-09,2.58275523107897e-08,-4.9108298576224e-08,3.7294843201333e-08,-1.63327486980897e-08,2.80994653129071e-08,-1.19370429148543e-09,1.6241916862152e-08,-8.95687278732515e-08,-4.15272032622953e-08,-4.8447177909674e-08,-1.48025772136035e-08,-1.01780117855361e-07,-1.59867972505325e-08,3.35219356547767e-08,-4.38157167152087e-08,7.20563952793842e-08,-4.32250680947361e-08,5.60266190226682e-09,-4.04586352878165e-07,1.12277898978469e-06,4.16517740371463e-06,1.31496906222809e-06,1.55343986129378e-06,1.75096787256826e-06,-1.41853116546068e-06,4.64977345175565e-08,1.32634591162819e-06,7.98246889579203e-08,6.0374682131574e-07,-1.55771625906744e-06,-3.12122193314874e-06,-2.16876813091288e-08,-8.2643993675447e-07,2.16028104366282e-07,2.15494023566342e-06,4.16314144820927e-09,6.08313066246952e-09,1.39839659688351e-10,1.35959189981013e-10,2.19154789495475e-08,9.82188236424072e-10,3.60985814800908e-09,3.60523412305936e-10,-1.59597083850065e-09,1.02752224826689e-09,-2.7054425314444e-06,-1.29366632526809e-05,8.74027432606026e-06,-5.01450514212971e-07,4.54650264666162e-07,4.7524023003713e-07,2.09848242372347e-06,-2.29234321352892e-06,9.40691827649914e-07,2.29153384033058e-07,5.88043687250106e-09,-0.00018920350540264,9.08397935132636e-06,3.57053715137556e-05,5.19816612303168e-05,-1.79853792096461e-06,2.98842237041602e-06,8.55043677629038e-07
"north_west","beta19",2.43210731816866e-08,-3.80077864559389e-06,-1.28377665203634e-07,4.84475082048072e-09,3.96565614923044e-08,1.864223931601e-09,2.19007479432909e-08,-2.6155572290219e-08,3.68112196062408e-08,-2.73888323518994e-08,7.9365524267169e-08,1.79568757823804e-09,3.58420652530106e-08,-9.23501440823075e-08,1.74659116039067e-07,-7.67439084525997e-08,-1.8181409180678e-08,9.58350514167333e-08,-9.39381651916154e-09,8.5277056064712e-08,7.36105599656241e-08,7.35532373927463e-08,8.53620258935285e-08,8.76366563746326e-08,1.28725249880741e-07,7.71611448962314e-08,1.07714742240093e-08,1.26501054045677e-07,1.10051551913496e-07,9.87907453279881e-08,5.15685690108836e-08,8.41211263363674e-08,7.39550058231671e-08,7.47054901319911e-08,-9.0708033555377e-09,1.9443867926334e-08,-6.18565382068567e-09,-1.03959013475993e-08,2.85039974714228e-08,8.27812777259879e-09,4.66039915578962e-07,-1.63309256360383e-07,2.54342481975773e-07,-1.59173558581339e-07,-9.55324253775933e-07,-1.76378329047191e-06,2.11321215163371e-07,-3.7184285612526e-07,-2.51727085441047e-07,-8.79067786683811e-08,1.28888082567618e-07,-4.07159643507909e-07,1.51643263879448e-06,-5.0398970203904e-07,1.35443554049188e-07,-1.36982316763099e-07,-1.23079306427435e-06,2.92750641707731e-09,6.8867694889928e-09,7.71039262898139e-09,5.0720456311075e-09,-2.01010270642381e-09,3.82195013663055e-09,2.3601526599185e-09,2.70524779896498e-09,4.31084224940559e-09,6.99489443657e-09,1.3657815583122e-06,1.42650893634061e-06,-8.64614692098657e-07,2.07889928770431e-06,-9.72796431855942e-07,7.9425591919502e-07,-2.26105027498059e-06,1.1408126485284e-06,-6.03872828970299e-07,-9.69404644431838e-08,3.33412038080535e-11,-4.56862642374011e-05,3.98939281405264e-06,-3.83284618055414e-06,6.1001172562057e-06,-3.88468712501856e-07,-1.85718964110704e-06,-6.93752601387167e-07
"north_west","beta2",1.42966864973122e-06,-4.54513189513321e-05,-6.56721996793462e-07,-1.34273596102167e-07,-3.00595737239991e-06,5.35204892801822e-08,-2.91795464738098e-07,1.33469333392453e-07,-3.74060244475488e-07,6.07819008650847e-07,-5.34433251109393e-07,-1.32490582369747e-07,-1.62788204185205e-07,-2.19993177039713e-07,-7.67439084525997e-08,1.2911645956273e-05,-1.28897092537768e-07,-1.0865811919786e-07,-1.2090187184512e-07,-2.99773253348948e-07,-1.28000593053814e-07,-4.6696565929928e-08,-4.69064079535824e-07,2.32990483927462e-07,-9.60488960043798e-07,2.37230926760542e-07,-7.32364816679765e-07,-4.77204432200835e-07,-2.79080427936272e-07,1.51705864517826e-07,8.3552906513923e-08,-3.19236657537973e-07,-1.4370429154762e-07,6.36051411530062e-07,3.71801567317591e-07,-5.20250746868227e-07,4.45639320909441e-07,-3.15813681470529e-07,1.04227145748993e-07,-1.04446178503896e-07,-1.98632041837516e-06,-3.72003977679362e-06,-2.68859328064809e-05,-3.99866028956537e-06,4.29766749100311e-06,-4.60366412139219e-06,8.09394004986699e-06,-3.3348613762843e-06,-4.02287847138868e-06,1.90783596753541e-06,-1.87556574284251e-06,1.02810999614618e-05,-4.92686355645367e-06,1.15505267833752e-06,-7.36185951322234e-07,5.09979191745458e-07,-3.35645681948518e-06,-1.52768309445071e-08,-6.89031026334688e-08,-3.41692001811929e-08,-2.67513766931203e-08,-2.683469140571e-08,-4.0003476921334e-09,-3.16473857722698e-08,-1.99854014247194e-08,-7.30799804444108e-09,-6.42256319397237e-08,2.76437756271476e-06,7.03928129109138e-05,-4.34653228062634e-05,-2.33565227110045e-05,-6.53471110284791e-06,-1.11068058037375e-06,1.7379501641604e-05,-3.1126205192971e-06,8.84576030628544e-07,9.31525119355613e-07,-2.29638022807756e-08,0.000487715400606754,-6.98352543695076e-05,-7.50518461335763e-05,-0.000472554274725433,3.85681768345412e-06,-3.61410535682987e-06,-1.29475340237228e-06
"north_west","beta20",-4.74011653743685e-08,-1.61676661470926e-05,-2.48253108343752e-07,5.50558577323414e-08,1.48318921506722e-07,8.15434810027615e-09,2.90072802698408e-08,-1.93771587878588e-08,4.18597520642769e-08,-2.70917011348573e-08,3.81325792621581e-08,2.35396571774184e-08,3.62976845050036e-08,1.80783080230566e-08,-1.8181409180678e-08,-1.28897092537768e-07,1.72611687066054e-07,3.05877278104326e-09,1.14430029857949e-07,9.57117429666879e-08,5.31851877389291e-08,1.04500526578167e-07,8.26316254330076e-08,8.73822475408981e-08,1.37745224761501e-07,8.43265959016714e-08,-1.39470576927514e-08,1.1698321500072e-07,9.411026489001e-08,1.46765664212018e-07,1.01624076028532e-08,1.28768866158549e-07,5.18888840446341e-08,1.21795056910893e-07,1.46212685568405e-08,5.5451672364166e-09,-2.42175505765733e-09,-1.14493276134673e-08,5.27484008648531e-08,-1.01673719617788e-08,-3.01856310843987e-07,-6.58217190444226e-07,-5.82256125076542e-06,-1.36701685462451e-06,-1.01507990987368e-06,-1.49215444491753e-06,7.70085316489044e-07,5.08954635299233e-07,-4.63502021558791e-07,4.4474207246509e-08,-9.87130748704789e-07,-1.1883655397647e-06,1.09548870400152e-06,-2.82904476049852e-07,-4.50269796289822e-08,-3.68176491519868e-08,-8.00499278706561e-07,2.12728950429403e-10,-1.78325130945688e-09,1.6828888795486e-09,3.36194223362004e-09,-1.05072370367399e-08,-2.39258208180501e-09,4.78974349637653e-10,2.34448329416765e-09,2.30227740782135e-09,3.61602454797804e-09,1.46878069671518e-06,1.36510256475704e-05,-1.18557246480888e-05,1.64946963449732e-06,3.00615065993341e-06,2.91408255560406e-07,-3.03567967396914e-06,8.8758634852634e-08,-1.22889107825223e-06,-4.45944560266567e-08,4.7777140867356e-09,-0.000117023463283022,-4.46455223517339e-05,-1.93719254439012e-05,3.09937675038781e-05,-1.28544676183068e-06,-2.2366841703004e-06,-4.95047210122014e-07
"north_west","beta21",-8.36502688461078e-08,-6.77278414022356e-06,-1.86521334488168e-07,-8.8743025915259e-09,1.59522338639526e-07,2.74840932678087e-08,-2.87975255419651e-09,-2.55649019255983e-09,2.23336944084671e-08,-3.37113420086669e-09,7.3616456019587e-09,2.30648185157957e-08,3.19571968976938e-08,-1.89202795127137e-08,9.58350514167333e-08,-1.0865811919786e-07,3.05877278104326e-09,1.36584553112236e-07,-7.95453133814778e-08,1.53545641185812e-07,3.99798720512643e-08,7.7791703836131e-08,1.01476507739006e-07,2.36201889210255e-08,1.73158024741226e-07,2.13214201916474e-08,2.71756203071521e-09,1.22172593058307e-07,8.07387840307029e-08,9.07620322520308e-08,2.34452723619016e-08,6.18522915842565e-08,7.23098602278633e-08,-1.19557617536602e-08,-3.46812774234412e-09,2.95202998951491e-08,-2.38303763532127e-08,5.44657656693558e-09,2.96556087188978e-08,-1.04956665116552e-08,5.53419556533205e-07,-3.65796502587909e-07,-1.09727053611378e-06,1.7490505698011e-08,6.30955383136857e-07,-2.29029555332366e-07,-5.38281200591895e-07,6.62490112666381e-07,-2.31752089145793e-07,3.76743307033798e-08,-3.73100033680687e-07,-1.15588941960277e-06,4.60854018461283e-07,-1.26334766529555e-07,-7.02294998921804e-08,1.04498615414281e-08,1.05099939266184e-08,1.71935494290563e-09,2.9074437011498e-10,3.33394399789484e-09,9.06590770252278e-10,-3.61837876036552e-09,-5.48353232571705e-10,-5.22692127725401e-10,1.45979004710034e-09,2.47195809171077e-09,4.89969658328719e-09,9.84279623158749e-07,2.77917242605327e-06,-5.90546423819254e-06,4.64034449740119e-07,1.98981005550592e-06,3.48262860428912e-07,-1.88309759808949e-06,-4.84513902594042e-07,-2.21082200564361e-07,-2.4792692796186e-07,2.22721943218324e-09,-0.000112188707297032,-3.43522721849423e-05,-2.83306038592627e-06,3.77768307116516e-05,-1.06103741072075e-06,-1.74818023264573e-06,-7.87400847348616e-08
"north_west","beta22",-1.39254006884883e-07,4.71133956270439e-06,-8.23710091923968e-09,-3.24567555571618e-08,1.48833542299907e-07,-1.87077595182628e-08,4.08883507663208e-08,7.89776834689143e-09,-1.47730815792943e-08,3.4191803259372e-08,-2.7577812829747e-08,2.24722469129319e-08,1.99769988183523e-08,2.25242015773944e-08,-9.39381651916154e-09,-1.2090187184512e-07,1.14430029857949e-07,-7.95453133814778e-08,4.3025171792716e-07,-2.83286242819986e-07,1.07520139737826e-07,3.46467673085957e-08,7.14721920051234e-08,8.73227897728463e-08,4.0254632970224e-08,1.39682380688889e-07,3.3617204626372e-09,7.47684208474413e-08,1.00149884674012e-07,8.23341995474974e-08,1.95337273539753e-08,7.03178306810483e-08,7.15914134600549e-08,1.16704843322302e-07,2.73306538410187e-10,-4.38918600639035e-09,1.34564293250219e-08,-2.25430636294776e-08,4.13974698331042e-08,1.29795097425927e-09,-3.88571330812819e-07,-2.02530677491178e-07,3.79249796150775e-08,-9.34899910918573e-07,-2.94063832483062e-06,2.7637104570229e-07,-1.8474100866639e-07,6.3782600505419e-07,-6.91931859039599e-08,-1.14973827991672e-07,5.50045664877156e-07,-3.08392056608611e-07,-2.53358178868638e-07,-4.64563186319237e-08,-7.33137441606304e-08,9.40860292744479e-08,-1.97658575239778e-06,2.41721920401252e-09,5.26570155216849e-09,1.15217847640815e-09,3.41374170685116e-09,1.30168201875383e-08,1.70730270355639e-09,2.77855943354281e-09,5.23351910810602e-10,8.82167732835821e-10,-7.66081982886936e-10,2.29678048151096e-06,5.30127547071275e-07,5.35061986895968e-06,4.10047307115904e-06,-8.41617811181081e-07,1.70973679434536e-06,-4.14936446772385e-07,-1.03785086231204e-06,-7.95012802335957e-07,-9.21909357519404e-08,6.05880429889647e-09,-8.13070608860169e-05,-3.48495044586551e-05,-9.70225488781935e-06,4.57506177485938e-05,-8.57889797744058e-07,-1.06551431107488e-06,-6.09192370836424e-07
"north_west","beta23",-1.39414766264269e-07,-1.42918622032529e-05,-3.22473247973206e-07,2.52479366331451e-09,3.42515142716586e-07,7.55215556551484e-08,-4.40789830294762e-08,3.14225029168532e-08,2.74079928814775e-08,1.09284119762667e-08,5.51345430527586e-08,4.5395740244047e-08,7.56986884785349e-08,4.14597234279568e-08,8.5277056064712e-08,-2.99773253348948e-07,9.57117429666879e-08,1.53545641185812e-07,-2.83286242819986e-07,7.88285894012549e-07,-1.4247591128982e-07,2.39211806158433e-07,1.31797542224755e-07,5.49154755666354e-08,3.22298615161005e-07,6.30867859108033e-08,2.229551502636e-09,1.92189924319636e-07,1.50739996378676e-07,1.59141024327314e-07,2.2705538723524e-08,1.82542744324284e-07,2.32458317531534e-08,1.37195232572023e-07,-5.12259210275121e-09,6.76806670296766e-08,-4.45480147707272e-08,3.39407502224611e-08,4.45468425206315e-08,-4.09012123476446e-08,-1.56378009262658e-07,-1.10380462635035e-06,-1.35372274339536e-06,4.72270205293894e-07,2.41211448785469e-06,-1.37531614113386e-06,-1.10215324995085e-06,4.23677967105764e-07,-3.7448331936984e-07,1.43659595082802e-07,-6.9403704730097e-07,-2.72653719508093e-06,6.86772697313269e-07,1.07537019916079e-07,-3.570704409218e-07,-1.85141507983668e-07,7.33387144936413e-07,2.74060995182495e-09,4.08487742074273e-09,7.82912853641218e-09,6.1240866028549e-09,-1.48539266527677e-08,2.56052732213827e-10,2.97826679078934e-09,5.66611670896732e-09,4.17983121309582e-09,8.43736934335528e-09,-2.32055805180062e-06,8.82399857863701e-07,-1.09974430222478e-05,-2.56535096622361e-07,4.00131374481416e-06,-2.48309040394469e-07,-3.62203238477947e-06,2.80406588980444e-06,-2.44920987109045e-06,7.93766991783657e-08,3.33145765287556e-09,-0.000232175086293587,-4.61299934797582e-05,-5.04614538270457e-06,7.50367399986149e-05,-2.1999712384595e-06,-1.83038974800617e-06,-5.70295654297788e-07
"north_west","beta24",-4.28700687239837e-08,-5.19515631166651e-06,-8.94524333585323e-08,9.58001671874828e-09,1.16708439974126e-08,-7.64143546565272e-09,1.78434140352335e-08,-1.66533658655619e-08,4.03160632352912e-08,-4.28711251232874e-08,7.65038046140573e-08,6.91583401248699e-09,2.44870639639119e-08,-3.9840608275686e-08,7.36105599656241e-08,-1.28000593053814e-07,5.31851877389291e-08,3.99798720512643e-08,1.07520139737826e-07,-1.4247591128982e-07,2.03458197997628e-07,-1.05108573442059e-08,1.13976338962301e-07,9.21987239912248e-08,1.23894056741697e-07,7.12802035997059e-08,6.70387662753288e-09,1.44989098303305e-07,9.40687922122816e-08,1.24850499309806e-07,2.21587224354677e-08,9.98496613301339e-08,9.87332256276772e-08,4.60649145590899e-08,1.57844244384503e-09,1.18169132513467e-09,-7.02551740137421e-09,-5.49638509310753e-09,2.68903437907703e-08,1.76841871525e-08,6.79686234971715e-07,1.06361728661955e-07,-1.56241012944615e-06,-1.60980318996816e-06,-3.01697409145317e-06,-2.02299887602414e-06,7.4032737237209e-07,-1.73278876374631e-07,1.62366179517193e-07,-7.43469764759447e-08,-3.11757109815939e-07,-4.11793785926308e-07,1.86191938837335e-06,-8.50166511717353e-07,3.93582507702085e-07,-1.50771779138401e-07,-1.96842360397839e-06,2.73537395365592e-09,8.27635370585228e-09,7.6068067643282e-09,6.28758900471792e-09,3.47103786433717e-09,3.28950434606905e-09,3.51177196725835e-09,3.59269179836134e-09,3.64385377219041e-09,9.15186160803312e-09,3.92748704568888e-06,6.58722919858187e-06,2.83637184709542e-06,3.35231674299404e-06,-8.41479404518873e-07,4.20027711445917e-07,-2.47937404823157e-06,2.31114325291021e-07,4.64115723607836e-07,1.03503039248033e-07,4.24803189898355e-09,-2.42075990623846e-05,-2.01180450756066e-05,-1.13597815703601e-05,-4.51444086514081e-06,-2.66212650420431e-07,-1.82296462083879e-06,-8.32467930344694e-07
"north_west","beta25",-1.04766442565139e-07,-8.27743668987835e-06,-2.23273403740972e-07,1.2491683316965e-08,2.06438850731812e-07,3.41465889033943e-08,-5.97623529000427e-10,2.82899513511872e-09,3.97718426900005e-08,-1.17836074184386e-08,5.83985712254763e-08,2.73543561091518e-08,4.42508642751896e-08,-4.65916537975552e-09,7.35532373927463e-08,-4.6696565929928e-08,1.04500526578167e-07,7.7791703836131e-08,3.46467673085957e-08,2.39211806158433e-07,-1.05108573442059e-08,2.21884382009392e-07,4.40696661194166e-08,1.86642444826675e-07,1.72262357680863e-07,1.43746918704856e-07,-5.78625403371876e-10,1.78618688435204e-07,1.64272773440146e-07,1.94565282603742e-07,6.13258024141366e-08,1.62595872565002e-07,9.49083000247035e-08,1.89291636942871e-07,4.75334225715774e-09,1.51913308425498e-08,7.36858455331525e-09,-2.40542681077748e-08,7.32926906022197e-08,-1.57978056944195e-08,-5.08643346753262e-07,-1.49461608416241e-06,-2.46149056372673e-06,-1.14871509101531e-06,-2.63441176857128e-06,-1.65503437804166e-06,5.13826148502141e-07,1.19549694910263e-07,-7.14761229140662e-07,1.45651774987754e-07,-2.99117429670918e-07,-1.51880110202007e-06,3.84945412692975e-07,-4.22117602647795e-08,-1.51876482704312e-07,-9.02004288734534e-08,-4.91913304456123e-07,5.05621510952436e-09,4.59109675077431e-09,8.91081365544991e-09,7.58629178891331e-09,-6.26113754307171e-09,2.91219523645558e-09,3.74464722635345e-09,4.50928947861437e-09,5.31802369732175e-09,8.34774043870696e-09,2.43579197513147e-06,7.1087386489621e-06,-5.32046234121263e-06,5.19395146585843e-06,1.34496920173635e-06,1.0526726475362e-06,-1.94106340435692e-06,1.78041534474198e-06,-2.21552381865925e-06,-4.60442039026232e-07,7.99775519128914e-09,-0.000104121184321982,-4.94503222645749e-05,-2.87852180940218e-05,5.4210884625535e-05,-1.03915726389577e-06,-2.48286537037237e-06,-1.75837804785702e-06
"north_west","beta26",-2.48015376351421e-07,-8.60193751604618e-06,-1.93330533371486e-07,-2.73332843407156e-08,3.21185228313021e-07,2.62714223049713e-08,5.44851433419993e-09,2.3118934977692e-08,1.43216525977753e-08,1.67748773921474e-08,2.04882116044125e-08,4.25809321789422e-08,6.08004039188105e-08,2.58275523107897e-08,8.53620258935285e-08,-4.69064079535824e-07,8.26316254330076e-08,1.01476507739006e-07,7.14721920051234e-08,1.31797542224755e-07,1.13976338962301e-07,4.40696661194166e-08,3.06862562590343e-07,-1.07697834684452e-07,3.4919620119032e-07,5.20144210261777e-08,1.25356268411734e-08,2.11120854017349e-07,1.46589326944111e-07,1.12941004605621e-07,-2.29078580790167e-09,1.32515958911862e-07,8.74251788678513e-08,1.50259103458477e-08,-8.48568601303771e-09,5.4209990862503e-08,-5.42655964867922e-08,3.69791977792083e-08,3.34027766420657e-08,-1.18317210020578e-08,3.04110795677505e-07,-7.26146239403252e-08,-1.29781000596547e-06,-5.71402667656781e-07,6.85766422488166e-07,-1.12155811653432e-06,-1.20130384475907e-06,9.46316933733259e-07,4.3658067390137e-07,-7.73952602923001e-08,-2.82968238839847e-07,-2.15669546626727e-06,1.10147576441832e-06,-1.80721052168699e-07,-1.54157308764032e-07,-2.50002172435545e-08,-1.00226013251322e-06,3.77443176124384e-09,1.13316840372203e-08,7.95488189111551e-09,5.42191963206685e-09,8.61568281241014e-09,1.45782753194256e-09,4.31058449688042e-09,4.22965704046163e-09,2.84087597375678e-09,1.20240138136857e-08,7.38843331174384e-07,1.54628886877312e-06,-2.01858443298529e-06,-3.11615308119527e-07,2.31898410252839e-06,-2.94246634531471e-07,-3.49857033482778e-06,-1.1515402277468e-06,-2.57860125921052e-08,2.91017080749685e-07,4.9185158637437e-09,-0.000197595399379488,-4.34263381100747e-05,1.32444176800067e-05,6.99811409652861e-05,-1.89608286369046e-06,-1.69769026910907e-06,1.41677552960217e-07
"north_west","beta27",1.12910093539618e-07,-4.17022966337618e-06,-6.48370920580108e-08,3.52906970712623e-09,-1.86148484378852e-07,1.80584101128184e-08,-2.80445433732018e-08,4.13149605639567e-09,3.33327385256007e-08,-3.5289377677604e-08,1.46636027125722e-07,9.3504939296211e-10,1.91728719473139e-08,-4.9108298576224e-08,8.76366563746326e-08,2.32990483927462e-07,8.73822475408981e-08,2.36201889210255e-08,8.73227897728463e-08,5.49154755666354e-08,9.21987239912248e-08,1.86642444826675e-07,-1.07697834684452e-07,5.66364808295573e-07,-1.60672770422984e-07,3.37787246564374e-07,1.03978506046331e-08,1.61006054629708e-07,2.12737502643751e-07,2.70357548769749e-07,1.24033740131901e-07,1.88576706056706e-07,1.57897472245541e-07,2.98925520743116e-07,7.10301731034151e-09,-2.37240324468091e-08,4.96019668215368e-08,-5.81217993776136e-08,4.69052869236541e-08,1.59222104769493e-08,-5.95024474509676e-07,-2.73126137197575e-06,-4.29368861590232e-07,-2.57800062039384e-06,-8.67887926592686e-06,-3.63148030208579e-06,3.01460473555543e-06,-1.32340799214209e-06,-1.02248263517875e-06,1.12613696770622e-07,6.07685217449151e-07,5.69259002251545e-09,5.55557486287101e-07,-8.59039283134125e-08,4.81063740244252e-07,-3.61575829937546e-07,-2.7854481842479e-06,8.26956885755995e-09,1.45981465556142e-08,1.81321024231963e-08,1.56278120132471e-08,2.21257088288197e-09,1.19100380234227e-08,1.05933550805906e-08,7.97772127625943e-09,9.09341933670708e-09,1.12964404039883e-08,8.00635696382504e-06,6.03522894552469e-06,1.01880038188947e-05,1.13891724565594e-05,-4.08218215785638e-06,1.41919814073216e-06,1.35100766336071e-07,6.33648937722302e-06,-3.48542321204663e-06,-3.89877911994825e-07,1.10164328565117e-08,4.4939368610889e-05,-1.46589597146757e-05,-5.30319312597806e-05,-4.57001544099526e-05,4.76642149999404e-07,-2.31346519599864e-06,-4.09073427721387e-06
"north_west","beta28",-6.12098085256807e-07,-1.78297563091501e-06,-3.89698617093108e-07,-6.04454849998639e-08,9.2066050693562e-07,5.57298127586227e-08,1.73076100876043e-08,2.29469014982832e-08,8.69513850682745e-08,-5.77421940780985e-08,1.16404206284403e-07,6.78758362697585e-08,1.13297071075106e-07,3.7294843201333e-08,1.28725249880741e-07,-9.60488960043798e-07,1.37745224761501e-07,1.73158024741226e-07,4.0254632970224e-08,3.22298615161005e-07,1.23894056741697e-07,1.72262357680863e-07,3.4919620119032e-07,-1.60672770422984e-07,9.26451373069815e-07,-2.44069308948785e-07,2.29607913817143e-08,4.66148834202175e-07,1.84597555487454e-07,2.07493135443126e-07,-2.23088426021773e-08,3.39254891237701e-07,7.33589102887591e-08,1.61532657447841e-07,-1.7255826505889e-08,9.19587422898729e-08,-7.9038236344855e-08,4.40245901585347e-08,1.12622756211298e-07,-1.68301738901338e-08,1.99524493067944e-06,1.31054425931247e-06,2.43681737274046e-06,-1.81031927970591e-06,-2.7625652407106e-06,-2.42813571715052e-06,-3.1586693146702e-06,1.35846202217419e-06,1.47971642179142e-06,-6.18885549140466e-10,-1.17367995289595e-06,-4.00995109084391e-06,4.52108916741935e-06,-1.66627469970141e-06,-6.63632290849609e-08,-2.54256830876644e-07,-1.90381511776527e-06,7.1496496969426e-09,2.25812282146319e-08,1.60804093549692e-08,1.28236714618733e-08,2.4836217971934e-09,2.91367413664484e-09,7.8132194745817e-09,7.31627886743894e-09,5.41865555570192e-09,2.63495832293211e-08,2.06795746869832e-06,-3.09648974729965e-06,8.02528395950025e-06,7.30045823910765e-06,3.40003210692587e-06,5.51739044895996e-07,-1.01516304371361e-05,1.98415832403292e-08,-6.09619610294468e-07,2.20692261967821e-08,1.36768356666077e-08,-0.00028647236707048,-7.04927965786633e-05,-7.06293706362366e-06,0.000228070098760877,-2.73849427121051e-06,-2.47376513194138e-06,-2.92114319992435e-07
"north_west","beta29",1.046414609057e-07,5.59706047735194e-06,7.28525513470257e-08,-1.04285921554469e-08,-3.07818216428015e-07,1.03967498094201e-08,-3.05770389702674e-08,3.1554835387241e-08,-1.65727335149964e-08,4.87988311982046e-08,1.54639860814615e-08,1.62073156665593e-08,1.69099973865474e-08,-1.63327486980897e-08,7.71611448962314e-08,2.37230926760542e-07,8.43265959016714e-08,2.13214201916474e-08,1.39682380688889e-07,6.30867859108033e-08,7.12802035997059e-08,1.43746918704856e-07,5.20144210261777e-08,3.37787246564374e-07,-2.44069308948785e-07,5.83189931920008e-07,2.02488065219245e-08,1.39302526118509e-08,2.77613468385683e-07,2.07361204258704e-07,1.24455783603502e-07,8.88371855031461e-08,1.93429893385443e-07,1.72984298745176e-07,-6.15187372408057e-09,-7.14882159674168e-09,5.09244565993125e-08,-4.5821491556354e-08,2.17981131225788e-08,3.10368592456445e-09,-1.89635656443812e-06,-3.19974424184974e-06,-6.18650207202192e-07,-4.93661349527865e-07,-3.82834052957508e-06,-3.05833811355735e-06,3.18948687213859e-06,-9.06225607398765e-07,-1.35838637983208e-06,1.1130238320153e-07,1.64615446619535e-06,-3.62304221301064e-07,-2.63285604645197e-06,1.24835158862145e-06,9.12526134800162e-09,-3.06014614731239e-08,-7.95161969137397e-07,7.95942105242346e-09,9.10152098164338e-09,1.41072419726841e-08,1.01795757218445e-08,1.37923284387386e-08,1.00793309873602e-08,7.91729283079301e-09,7.58433243714387e-09,7.04184674901576e-09,1.97360661096364e-09,4.09941912812839e-06,1.70001051711745e-06,8.17377760580186e-07,4.96443009808985e-06,-1.69149018535671e-06,2.9305832754744e-07,3.68597377179209e-06,2.11743875674854e-06,-1.71711355054978e-06,-3.25933738899837e-07,4.33291385092332e-09,-2.72992867247217e-05,-2.33225098573952e-05,-1.99746270250766e-05,-8.40989903174541e-05,-2.36479370150918e-07,-2.09087459773524e-06,-3.25803523214647e-06
"north_west","beta3",-1.70911951932113e-07,1.21552508333885e-05,1.48686690391149e-07,-1.13379961702681e-07,1.04610258255746e-07,3.51223102362197e-09,-1.46544743979177e-08,1.8033008420979e-08,6.31241125085846e-09,-3.29160799184715e-08,4.1855733673896e-08,7.83340869011543e-09,1.160049045508e-08,2.80994653129071e-08,1.07714742240093e-08,-7.32364816679765e-07,-1.39470576927514e-08,2.71756203071521e-09,3.3617204626372e-09,2.229551502636e-09,6.70387662753288e-09,-5.78625403371876e-10,1.25356268411734e-08,1.03978506046331e-08,2.29607913817143e-08,2.02488065219245e-08,1.35529297866331e-07,3.21871323420565e-08,2.53095847502828e-08,-2.93440981734337e-08,-2.34723186347198e-09,1.36942332935356e-08,1.23082973275724e-09,-1.84957862470195e-08,-9.26084070078363e-08,9.63790807607844e-08,-8.57176902849411e-08,5.28661890335391e-08,-2.79907057516008e-08,1.28709437701041e-08,4.11916141617098e-07,5.27970102008935e-07,5.77421161812575e-06,8.91585157525339e-07,-9.42974129129529e-07,5.32630809074485e-07,-8.1403069501246e-07,1.30275345974601e-07,5.67391420826201e-07,2.36567661560084e-08,7.63204152379881e-07,-4.73113715544031e-07,-6.63829736159331e-07,-1.26372134409792e-07,-4.21000365291773e-08,-3.8850336307232e-08,2.93403618822104e-07,2.77653526697868e-09,1.02828319400895e-08,5.79670366353947e-09,3.42004226079494e-09,1.1442105165058e-08,3.24817874936506e-09,3.85595364440003e-09,1.66717498297076e-09,2.34630648894829e-10,5.59915994622044e-09,1.29734723555328e-06,-1.37431151977932e-05,1.13785547314149e-05,3.32097083579866e-06,-8.76584694210472e-07,-3.0419778434151e-07,3.75076532259971e-07,8.41731217461715e-07,7.76008645541319e-08,-1.26164236734317e-07,3.87456573432138e-10,-3.25469494406454e-05,2.26531747602757e-05,1.14851210158459e-05,2.27983126898671e-05,-1.92278965758474e-07,9.80919508251074e-07,-3.91268677836055e-08
"north_west","beta30",-3.91284435848857e-07,-5.83677656543052e-06,-1.94014744052773e-07,-5.99702354716377e-08,5.0227746380063e-07,4.30441097270887e-08,-1.15403882052823e-08,3.78501194982985e-08,6.0528672950986e-08,-4.35207483792578e-08,1.5940991088313e-07,4.24101443906347e-08,8.44217109492433e-08,-1.19370429148543e-09,1.26501054045677e-07,-4.77204432200835e-07,1.1698321500072e-07,1.22172593058307e-07,7.47684208474413e-08,1.92189924319636e-07,1.44989098303305e-07,1.78618688435204e-07,2.11120854017349e-07,1.61006054629708e-07,4.66148834202175e-07,1.39302526118509e-08,3.21871323420565e-08,4.6605129211673e-07,1.66810396832027e-07,2.58055660700885e-07,1.89422991027453e-08,2.93051252897133e-07,1.08055516743162e-07,2.55569793306326e-07,-1.39994910225224e-08,6.18717367491401e-08,-5.78784506524334e-08,2.85839611286188e-08,7.47538169585993e-08,4.95101905184018e-09,1.17205868835254e-06,-3.37655785795841e-07,8.64182974396858e-07,-3.08679204464101e-06,-6.95802510004727e-06,-2.59845290633378e-06,-1.82789888142076e-06,8.42888397702338e-07,9.61320393694807e-07,-9.63819036860555e-08,-4.98349414582737e-07,-2.7363165217196e-06,2.1489560425003e-06,-1.10431356979296e-06,2.22852817587907e-07,-3.89656017026084e-07,-2.3995987378492e-06,1.05130899215527e-08,2.79283474558619e-08,2.21621060282801e-08,1.74517518504301e-08,8.75310155469992e-09,1.02874113680982e-08,1.27315992938495e-08,9.37636066899037e-09,7.47218255705774e-09,2.50864310317967e-08,5.26502905639398e-06,8.55631314117994e-07,1.62981721880745e-05,1.04391600340381e-05,-5.43783461828458e-07,6.2086986553741e-07,-4.58602012468483e-06,3.41827782535491e-06,-1.6816307152135e-06,6.07745357067433e-08,1.55135482101206e-08,-0.000141499215647176,-4.61935430208849e-05,-2.81325060792752e-05,0.000128617592868084,-1.27123836241922e-06,-2.30651815727075e-06,-1.86593788035576e-06
"north_west","beta31",-1.92186200660531e-07,6.39495320551296e-06,-6.17289215573941e-08,-3.3656920966234e-08,1.30647141701339e-07,2.50523014135466e-08,-2.6103342508731e-08,4.0845064086433e-08,8.57236145563741e-09,1.12737040836154e-08,6.95436561017883e-08,3.93529496214972e-08,4.49446073464462e-08,1.6241916862152e-08,1.10051551913496e-07,-2.79080427936272e-07,9.411026489001e-08,8.07387840307029e-08,1.00149884674012e-07,1.50739996378676e-07,9.40687922122816e-08,1.64272773440146e-07,1.46589326944111e-07,2.12737502643751e-07,1.84597555487454e-07,2.77613468385683e-07,2.53095847502828e-08,1.66810396832027e-07,3.35129812331962e-07,1.98485329649128e-07,1.21912754412843e-07,1.96007955348668e-07,1.94210658671254e-07,1.74610900881388e-07,-1.20165560744224e-08,1.81497854841153e-08,2.65496010148362e-08,-3.0631652329753e-08,6.03858723933077e-08,-1.31594552303614e-09,-1.04478252902743e-06,-1.79714951596925e-06,2.60275064790919e-06,-8.71066506188552e-07,-4.24779363372639e-06,-3.12864136197673e-06,1.85504613531878e-06,-5.63917544720707e-07,-4.63567199270294e-07,1.84172353701922e-07,1.16356455360566e-06,-1.27029214168118e-06,-8.30990058202863e-07,3.43775230736682e-07,-4.47698530339468e-08,-1.47736039413203e-07,-1.65435673791638e-06,9.69730901813395e-09,1.76110871423803e-08,1.73021535398236e-08,1.36305518856627e-08,1.48386709760923e-08,1.01302182915316e-08,1.0259457271976e-08,8.84932256688606e-09,7.95024831190201e-09,1.57775237449252e-08,4.56351892624674e-06,-4.48086639370734e-06,8.25800367549304e-06,7.09559141994805e-06,-1.98384065314596e-06,1.24790587588363e-06,-7.96832320200709e-07,2.97234289593738e-06,-2.46524279113403e-06,-3.41970903943788e-07,8.26975542460212e-09,-0.000121423710776607,-2.8463919683873e-05,-1.35862671660999e-05,2.631208429533e-05,-1.18849912361971e-06,-2.00777701382939e-06,-3.08266694711717e-06
"north_west","beta32",-5.97357661639547e-08,-2.39171703277062e-05,-3.47273485580136e-07,7.73105536641321e-08,1.06606816810964e-07,2.87680300573855e-08,1.85351060599017e-08,-1.28259861924163e-08,5.43348350601635e-08,-3.95308197006612e-09,1.02891340686289e-07,5.25986866304096e-09,5.59026331107121e-08,-8.95687278732515e-08,9.87907453279881e-08,1.51705864517826e-07,1.46765664212018e-07,9.07620322520308e-08,8.23341995474974e-08,1.59141024327314e-07,1.24850499309806e-07,1.94565282603742e-07,1.12941004605621e-07,2.70357548769749e-07,2.07493135443126e-07,2.07361204258704e-07,-2.93440981734337e-08,2.58055660700885e-07,1.98485329649128e-07,6.16229605622843e-07,6.7523765492504e-08,3.91212833003171e-07,2.57776652034293e-07,3.70327235085381e-07,2.42986586781794e-08,4.02988055189817e-09,1.38897407674891e-08,-7.09821792427112e-08,1.54655243560954e-07,-4.72573165020028e-08,-2.65414619192064e-07,-2.71401964370312e-06,-7.11666151935492e-06,-3.30007343462883e-06,-6.11258800744379e-06,-3.23528321837104e-06,3.03471277390831e-06,-9.41382422258229e-07,-5.64478177329999e-07,1.25145856012986e-07,-4.46529867663706e-07,-1.11615553061766e-06,3.30834108909609e-06,-5.41223520454362e-07,4.19222395758149e-07,-2.38696706552869e-07,-2.19709948759429e-06,6.26451141268427e-09,1.54433240431447e-09,1.67503882534693e-08,1.21388240420414e-08,-8.54801664629177e-09,4.04790728457035e-09,4.77039250757031e-09,8.58364776394e-09,9.66177079951958e-09,1.02519274331857e-08,6.16541318199325e-06,2.10496927493062e-05,-7.85461513117713e-06,7.98143151554312e-06,1.15381439047095e-06,1.29255933668186e-06,-5.15249945025304e-06,3.73753594331988e-06,-3.846755586546e-06,-6.76552154378584e-07,1.17591614741585e-08,-2.87602150775188e-05,-8.07360824952597e-05,-0.000110904467727331,2.89555609603224e-05,-4.42988276239087e-07,-4.36661382237671e-06,-6.07805932254037e-06
"north_west","beta33",3.27513388483082e-08,-2.74609724273633e-06,7.22294690705406e-08,2.9776677713979e-08,-6.77820660930275e-08,-7.58740050366712e-09,-6.50110475011388e-09,2.89850680484526e-09,-1.9469751272938e-09,-7.67644482613588e-09,3.78567059456839e-08,-7.03922193802796e-09,2.24336638629502e-09,-4.15272032622953e-08,5.15685690108836e-08,8.3552906513923e-08,1.01624076028532e-08,2.34452723619016e-08,1.95337273539753e-08,2.2705538723524e-08,2.21587224354677e-08,6.13258024141366e-08,-2.29078580790167e-09,1.24033740131901e-07,-2.23088426021773e-08,1.24455783603502e-07,-2.34723186347198e-09,1.89422991027453e-08,1.21912754412843e-07,6.7523765492504e-08,1.59369129169564e-07,-2.90935093818349e-08,1.59084841420108e-07,4.44803104841961e-08,2.12152521527613e-09,-2.17855475064656e-08,4.33550797372161e-08,-4.40287801893123e-08,3.03434200007753e-08,-2.91685026934792e-10,-5.06511077946507e-07,-1.385441708824e-06,-5.29347150773487e-07,-6.83513531557248e-07,-2.45560305858719e-06,-1.20346258803666e-06,1.46655733309956e-06,-7.49838985465188e-07,-7.61113730563495e-07,1.58888114292446e-07,4.22577044729442e-07,5.65881117576455e-07,-1.84211264328516e-07,3.57624962371755e-07,1.83255562594111e-07,-7.22763540497975e-08,-6.46363136197795e-07,2.09737382927662e-09,3.33077155790944e-09,5.35709261190984e-09,3.93715708140611e-09,3.24171863659594e-10,4.59579488051084e-09,2.89482448777568e-09,2.35744004382386e-09,2.69876573977582e-09,4.1825237373863e-09,1.95625328368149e-06,2.51196110877177e-06,1.19144312348622e-06,3.05617470710085e-06,-1.91380548908771e-06,5.7023953737632e-07,5.93423508282874e-07,1.7953740796199e-06,-1.37627899896368e-06,-2.68454881948181e-07,2.43994407460718e-09,2.13095959411405e-05,-3.13349628159144e-06,-3.61015826145365e-05,-1.37285989730408e-05,1.42519387331209e-07,-1.08843881793083e-06,-2.34779104024912e-06
"north_west","beta34",-2.31301422648123e-07,-2.54269982913609e-06,-3.40442941731688e-07,2.50304849402964e-08,3.29149308329817e-07,1.70789101245803e-08,5.54176209910591e-08,-1.59473970828137e-08,8.26701638288774e-08,-1.90368888632426e-08,1.39638290592932e-07,1.56523722968359e-08,6.53626377170774e-08,-4.8447177909674e-08,8.41211263363674e-08,-3.19236657537973e-07,1.28768866158549e-07,6.18522915842565e-08,7.03178306810483e-08,1.82542744324284e-07,9.98496613301339e-08,1.62595872565002e-07,1.32515958911862e-07,1.88576706056706e-07,3.39254891237701e-07,8.88371855031461e-08,1.36942332935356e-08,2.93051252897133e-07,1.96007955348668e-07,3.91212833003171e-07,-2.90935093818349e-08,6.23042266250959e-07,-6.81845171202015e-08,6.57080372606085e-07,-4.53313817320716e-10,2.98662965039639e-08,-2.70182608595887e-09,-2.12723798425287e-08,1.10456626866353e-07,-7.01202827299762e-09,9.11272948526836e-07,-3.79236647747794e-07,4.67415390043439e-06,-1.64591894183344e-06,-6.9242048897967e-06,-3.85711190684239e-06,1.42609675846247e-06,2.39712686929797e-08,3.95871581674608e-07,2.68866164226103e-08,5.52525694175905e-07,-2.18976583263785e-06,3.46221551543586e-06,-1.24056546441024e-06,5.45890629008289e-07,-3.86668085064768e-07,-3.10078062205368e-06,9.81157063169819e-09,1.98410350440272e-08,2.20884814959051e-08,1.81654850489214e-08,1.65362803106612e-09,1.03600450662781e-08,9.6908313350494e-09,1.00760472677871e-08,9.97255933517427e-09,2.25695254624428e-08,6.40627348336244e-06,-4.5536374591582e-06,1.42557699370227e-05,1.13826157138361e-05,-4.99282545247619e-07,1.28510420106662e-06,-8.51934341054876e-06,4.55966613011334e-06,-3.00125637620564e-06,-5.33623423748815e-07,1.01888978596901e-08,-2.34480793013736e-05,-3.98270789095522e-05,-6.48765338824319e-05,7.94356822066938e-05,-1.18518854629265e-07,-2.44409653953719e-06,-4.11223087888871e-06
"north_west","beta35",-1.98518154098354e-07,-4.42385259487502e-06,-2.8936532536723e-07,1.98008313922222e-08,1.5143103464463e-07,2.17662489883972e-08,-3.44786273829907e-08,2.35637082196306e-08,9.35158704506992e-09,-8.93456826030355e-09,4.68555287082713e-08,1.01072007334925e-08,2.29905376814122e-08,-1.48025772136035e-08,7.39550058231671e-08,-1.4370429154762e-07,5.18888840446341e-08,7.23098602278633e-08,7.15914134600549e-08,2.32458317531534e-08,9.87332256276772e-08,9.49083000247035e-08,8.74251788678513e-08,1.57897472245541e-07,7.33589102887591e-08,1.93429893385443e-07,1.23082973275724e-09,1.08055516743162e-07,1.94210658671254e-07,2.57776652034293e-07,1.59084841420108e-07,-6.81845171202015e-08,6.45074817572392e-07,-7.42826095502028e-07,3.98108669206361e-09,-1.32479175101039e-08,3.89233258873036e-08,-4.89711400638332e-08,9.11310957057074e-08,-4.8908684759929e-08,-2.05427839182775e-06,-2.49281400981371e-06,-2.66347226772386e-06,-1.62336232629007e-06,-2.76586925380414e-06,-1.87040215605523e-06,3.70538078782653e-08,-1.24395669249141e-06,-7.4099506059815e-07,2.57766168278977e-07,8.23752989811179e-08,-3.74489792946203e-07,5.01142578756909e-08,8.1928898498556e-07,2.16902196481552e-07,-1.19458348039007e-07,-4.31142587159162e-07,3.35306987568135e-09,5.44173657180063e-09,1.23564489181548e-08,6.59152772603858e-09,7.77110775171447e-09,5.46051055982543e-09,7.62368051245347e-09,4.7049067502686e-09,6.00274492586596e-09,7.44595345127026e-09,3.98892747869561e-06,5.23740801565044e-06,-1.8626872390139e-06,5.23126538472578e-06,-5.7343202487794e-07,9.16533591687643e-07,-1.334994102785e-06,1.59268570261407e-06,-1.2591139385735e-06,-6.85362598914764e-07,7.1053275336892e-09,-4.90704454022631e-05,-3.68815535061948e-05,-5.90076925006067e-05,4.47057189063129e-05,-5.70471507638757e-07,-2.14803018675061e-06,-3.6746306334326e-06
"north_west","beta36",9.99372771335097e-08,-1.41082052148708e-06,5.40105432995656e-07,3.34760520325437e-08,-2.23773083337245e-07,-2.71999441224108e-08,9.96619848238799e-08,-6.22081184368898e-09,5.39781979746e-08,-3.63991853999367e-08,2.04367840296578e-07,-4.74274757948614e-09,5.02511191101146e-08,-1.01780117855361e-07,7.47054901319911e-08,6.36051411530062e-07,1.21795056910893e-07,-1.19557617536602e-08,1.16704843322302e-07,1.37195232572023e-07,4.60649145590899e-08,1.89291636942871e-07,1.50259103458477e-08,2.98925520743116e-07,1.61532657447841e-07,1.72984298745176e-07,-1.84957862470195e-08,2.55569793306326e-07,1.74610900881388e-07,3.70327235085381e-07,4.44803104841961e-08,6.57080372606085e-07,-7.42826095502028e-07,2.81477453528933e-06,1.83031605646313e-08,-6.11561570255505e-09,5.01752237515033e-08,-4.08714570181288e-08,3.24027163648908e-08,6.98006427986504e-08,2.59182751398763e-06,-1.16603972991282e-06,-1.17345320289309e-06,-2.73993189414168e-06,-1.23184993860843e-05,-1.72139845572403e-06,6.05891492175574e-06,6.41939936500663e-07,4.93022209138472e-07,-7.70173791274501e-08,1.31908051408104e-06,-1.4220432831821e-06,2.20109673167155e-06,-1.03507284131085e-06,3.15836946603866e-07,-1.79508370717255e-07,-2.96616889607553e-06,1.55609491049359e-08,1.69878174881045e-08,2.16798110293182e-08,2.19171689290515e-08,5.35230450918589e-09,1.1389078215404e-08,6.73831973184101e-09,1.11463713757036e-08,8.81898994816918e-09,1.99036153734907e-08,6.02210932168982e-06,1.12251718250181e-05,1.36763581359152e-05,1.37860024294653e-05,-1.76902103556112e-06,9.39913641065591e-07,-4.07143139526546e-06,4.55405135238598e-06,-4.21128208468957e-06,4.96292689198156e-07,2.59465808237092e-09,9.36886687832046e-05,-1.36403598281849e-05,-8.77913119394941e-05,-6.11582296537549e-05,9.57559197382852e-07,-2.02358524570878e-06,-5.57325749397545e-06
"north_west","beta4",1.22113572365091e-07,-8.517103300509e-06,-8.74752853253314e-08,5.39582346403975e-08,-7.32784519880571e-08,-2.64552301537176e-09,2.07641770408682e-08,-1.53912306279702e-08,2.31046923664199e-09,1.84167754248838e-08,-2.18124213674701e-08,-5.46819647222517e-09,-9.54689072789354e-09,-1.59867972505325e-08,-9.0708033555377e-09,3.71801567317591e-07,1.46212685568405e-08,-3.46812774234412e-09,2.73306538410187e-10,-5.12259210275121e-09,1.57844244384503e-09,4.75334225715774e-09,-8.48568601303771e-09,7.10301731034151e-09,-1.7255826505889e-08,-6.15187372408057e-09,-9.26084070078363e-08,-1.39994910225224e-08,-1.20165560744224e-08,2.42986586781794e-08,2.12152521527613e-09,-4.53313817320716e-10,3.98108669206361e-09,1.83031605646313e-08,8.16754027693538e-08,-1.01294079845273e-07,8.7169878106718e-08,-4.84763104082705e-08,3.01021691245859e-08,-1.24127628286623e-08,-6.61838236604273e-07,-7.14158580853112e-07,-4.78438776330586e-06,-9.09304330339294e-07,8.45924432378095e-08,-1.25350541140319e-07,6.1035576560242e-07,-4.42092695540331e-07,-4.15476115139049e-07,-5.79858623200491e-08,-5.15599205734176e-07,8.2829641091074e-08,4.99354945390383e-07,3.18611442744867e-07,1.64283924837388e-07,1.30052207740666e-08,1.47337427776264e-08,-1.30808383963928e-09,-6.59388017594844e-09,-2.55120085195011e-09,-8.94484998402217e-10,-8.00333271428866e-09,-1.91397846645683e-09,-1.74842800078446e-09,-2.76742299773369e-10,5.89997663432735e-10,-2.6001886507039e-09,-6.19830545350843e-07,1.07697213971823e-05,-7.88474198535241e-06,-1.80366251640941e-06,8.66314443069678e-07,3.07479357704451e-07,-7.81445681382022e-07,-7.42121606689261e-07,1.26499795278468e-08,1.34428188954239e-07,1.01446173152397e-09,3.74258793770815e-05,-1.77517561081286e-05,-8.06859608104834e-06,-2.01565972842717e-05,2.99321022387901e-07,-7.90331813674996e-07,-5.75852165600733e-08
"north_west","beta5",-2.11500053027395e-07,6.11798812421204e-06,-6.52864612565902e-08,-4.30347114436136e-08,2.29875414692576e-07,2.1127912248274e-08,-2.42639325581894e-08,3.24418504366051e-08,6.80515344152394e-09,-1.69318647196321e-08,1.26777649036672e-08,2.19336977983141e-08,2.95662363473501e-08,3.35219356547767e-08,1.9443867926334e-08,-5.20250746868227e-07,5.5451672364166e-09,2.95202998951491e-08,-4.38918600639035e-09,6.76806670296766e-08,1.18169132513467e-09,1.51913308425498e-08,5.4209990862503e-08,-2.37240324468091e-08,9.19587422898729e-08,-7.14882159674168e-09,9.63790807607844e-08,6.18717367491401e-08,1.81497854841153e-08,4.02988055189817e-09,-2.17855475064656e-08,2.98662965039639e-08,-1.32479175101039e-08,-6.11561570255505e-09,-1.01294079845273e-07,2.0480383192407e-07,-2.2259420098938e-07,1.19538815197456e-07,-4.74217065589223e-08,1.40442987105085e-08,8.2703175297819e-07,1.53931650509512e-06,4.53230770511226e-06,8.69705350929365e-07,1.04435326923609e-06,9.1715749093941e-08,-2.20335227369477e-06,1.41427482751082e-06,7.00492721143918e-07,5.62309585614524e-08,3.04465222591943e-07,-1.34653838887544e-06,-1.84868419641889e-07,-6.50449412574082e-07,-3.60097391237524e-07,1.0941506555274e-09,1.36976619338432e-07,2.6617044222118e-09,8.73714445017254e-09,4.86195589761872e-09,9.47705933267364e-10,9.1544773056195e-09,9.30956097072289e-10,2.76717200748008e-09,7.66719645740705e-10,1.96337143050858e-10,4.77765472004381e-09,5.34696243746079e-07,-1.09932842987189e-05,6.72131366574163e-06,7.66093489546147e-07,1.22706176852089e-06,-5.24538902505261e-07,-6.15249707632936e-07,1.97432747657855e-07,3.30614497388775e-08,-5.63969539832677e-08,1.79056823370896e-10,-0.000101658602598048,1.10329576533656e-05,1.02586790731944e-05,5.33711200838612e-05,-8.18246201038895e-07,7.81532478929852e-07,1.74857783349872e-07
"north_west","beta6",2.5010049095322e-07,3.84581115837398e-06,1.04606489405399e-07,1.12839203523403e-07,-2.26941171984076e-07,-1.75951982915709e-08,2.19645134465072e-08,-7.30739967811155e-09,-2.05231274275355e-08,5.60229074247631e-08,-1.63302543504563e-08,-1.88447762082142e-08,-2.7377185720319e-08,-4.38157167152087e-08,-6.18565382068567e-09,4.45639320909441e-07,-2.42175505765733e-09,-2.38303763532127e-08,1.34564293250219e-08,-4.45480147707272e-08,-7.02551740137421e-09,7.36858455331525e-09,-5.42655964867922e-08,4.96019668215368e-08,-7.9038236344855e-08,5.09244565993125e-08,-8.57176902849411e-08,-5.78784506524334e-08,2.65496010148362e-08,1.38897407674891e-08,4.33550797372161e-08,-2.70182608595887e-09,3.89233258873036e-08,5.01752237515033e-08,8.7169878106718e-08,-2.2259420098938e-07,4.11930777848067e-07,-2.87557575859841e-07,1.44123383702213e-07,-2.2927527327352e-08,-1.21770786271592e-06,-2.3225650522977e-06,-2.35301678498716e-06,-1.38743432004477e-07,-2.01082583647139e-06,-5.0253958684319e-07,3.94432742877056e-06,-2.01384750069772e-06,-8.93106552576928e-07,-4.09639586844141e-08,3.73775502671559e-07,7.46322729441492e-07,-1.16143110226384e-06,1.27897416326361e-06,3.02020377769548e-07,5.01349079372861e-08,-3.55188768054607e-08,1.25555204496369e-10,-6.90407792006222e-09,-2.07661274700581e-09,8.1820796891327e-10,-1.05761218686584e-09,-4.03090930467944e-11,-2.24886446334159e-09,-6.8110112071516e-10,1.47649698941371e-09,-1.37706442599619e-09,7.87794914262521e-07,5.58344264396481e-06,-6.0149299068566e-06,2.05835011896615e-06,-1.47462815941281e-06,1.56774945995853e-06,1.13042429739094e-06,1.00504435658185e-06,-1.05686160315619e-06,-3.18655083490784e-07,2.19245633602643e-09,0.000123254099531709,-3.7917417880535e-06,-1.36413636338244e-05,-5.93558470630985e-05,1.02546565054887e-06,-8.51893906921888e-07,-8.37430450765468e-07
"north_west","beta7",-2.98283745628711e-07,7.06868597593081e-08,5.96114009572414e-08,-8.44254335560179e-08,1.43973611425038e-07,1.17715218926782e-08,-2.91370737382568e-08,2.04600733309387e-08,3.96658096158361e-09,-1.47995575409507e-08,-9.78153292673544e-09,2.41602653847349e-08,1.98352761232533e-08,7.20563952793842e-08,-1.03959013475993e-08,-3.15813681470529e-07,-1.14493276134673e-08,5.44657656693558e-09,-2.25430636294776e-08,3.39407502224611e-08,-5.49638509310753e-09,-2.40542681077748e-08,3.69791977792083e-08,-5.81217993776136e-08,4.40245901585347e-08,-4.5821491556354e-08,5.28661890335391e-08,2.85839611286188e-08,-3.0631652329753e-08,-7.09821792427112e-08,-4.40287801893123e-08,-2.12723798425287e-08,-4.89711400638332e-08,-4.08714570181288e-08,-4.84763104082705e-08,1.19538815197456e-07,-2.87557575859841e-07,3.36284669425185e-07,-2.99272227155948e-07,7.49161542968853e-08,1.74552636606375e-06,2.72041887064419e-06,3.48511176986217e-06,4.50251616925392e-07,1.37695260746078e-06,1.92170613545864e-06,-3.76428859498897e-06,1.20539534143682e-06,9.46840038481214e-07,-4.97562232393068e-08,-1.48793381115965e-07,-1.1271863732773e-06,-3.24502258851583e-07,-1.1063528815609e-06,-3.2945067197957e-07,-1.37695390812259e-08,-4.43814277304544e-07,-1.05061775661679e-09,9.71433902214215e-09,1.04066842217169e-09,5.46864276764477e-10,1.21821210199336e-08,3.19355939088954e-09,3.16971037696578e-09,1.04392754646133e-09,-2.57267475714352e-09,1.90145458677438e-09,-2.19120146584752e-06,-9.59045507226017e-06,1.15907763198713e-05,-1.62340388724025e-06,1.23015240309964e-06,-9.64916476833513e-07,-6.63686078510386e-07,-1.4659683406485e-06,1.27998059546051e-06,5.73327125875967e-07,-1.70903921715126e-09,-0.000105493167011685,1.31741272676874e-05,2.50708338881413e-05,2.96649613273212e-05,-8.03552342437595e-07,1.56063621094464e-06,1.11676843431901e-06
"north_west","beta8",1.82768290617874e-07,-2.94680680174369e-06,-3.68267101492997e-07,3.53791372671959e-08,1.19750658768067e-07,4.82334473736314e-08,1.64942264372866e-08,-3.92640415891205e-09,2.73484263710555e-08,5.08864261268622e-09,2.6234073717645e-08,-3.97088665259643e-09,1.40184733054319e-08,-4.32250680947361e-08,2.85039974714228e-08,1.04227145748993e-07,5.27484008648531e-08,2.96556087188978e-08,4.13974698331042e-08,4.45468425206315e-08,2.68903437907703e-08,7.32926906022197e-08,3.34027766420657e-08,4.69052869236541e-08,1.12622756211298e-07,2.17981131225788e-08,-2.79907057516008e-08,7.47538169585993e-08,6.03858723933077e-08,1.54655243560954e-07,3.03434200007753e-08,1.10456626866353e-07,9.11310957057074e-08,3.24027163648908e-08,3.01021691245859e-08,-4.74217065589223e-08,1.44123383702213e-07,-2.99272227155948e-07,4.97067259720512e-07,-2.09206690638061e-07,-2.17744942816297e-06,-2.07435731679748e-06,-3.65943466098194e-06,-9.68366560660712e-07,-6.85201176499843e-07,-2.31017692926322e-06,2.17880468842827e-06,-7.72763282455369e-07,-4.09927558286666e-07,1.52904353296924e-07,-3.93720157922142e-07,-2.84452028748153e-07,2.07717649093468e-06,1.98115679800592e-07,1.73579982930345e-07,-3.22069297582672e-08,1.23731262601977e-06,4.82295925605063e-09,-4.6899956885033e-09,3.64284097880847e-09,4.21356307194794e-09,-2.13574052216662e-08,-4.19140391232631e-09,9.86604877281125e-11,2.45251385219961e-09,4.95961400701929e-09,2.84743520798087e-09,4.30911590702997e-06,1.11149156085028e-05,-1.3882428248586e-05,2.18880862889325e-06,9.11622158052988e-07,5.6425782868377e-07,-3.20290616949505e-06,9.29438345927238e-07,-1.01862067141434e-06,-7.76147264258036e-07,4.60971412516225e-09,2.86266706486208e-05,-3.17933151324582e-05,-3.3075054057833e-05,3.72273917861203e-05,8.24442326802277e-08,-1.8962100238703e-06,-1.48223349881193e-06
"north_west","beta9",-6.64152421339514e-08,1.9446641733424e-06,1.33731755236483e-07,-3.83214446442577e-08,-4.01102883565937e-08,-1.22699100135131e-07,9.39735585339776e-08,-2.89637389290773e-08,3.882410269917e-08,-7.35119010732275e-08,7.29865145014818e-08,1.93974139006116e-09,1.8459199516022e-09,5.60266190226682e-09,8.27812777259879e-09,-1.04446178503896e-07,-1.01673719617788e-08,-1.04956665116552e-08,1.29795097425927e-09,-4.09012123476446e-08,1.76841871525e-08,-1.57978056944195e-08,-1.18317210020578e-08,1.59222104769493e-08,-1.68301738901338e-08,3.10368592456445e-09,1.28709437701041e-08,4.95101905184018e-09,-1.31594552303614e-09,-4.72573165020028e-08,-2.91685026934792e-10,-7.01202827299762e-09,-4.8908684759929e-08,6.98006427986504e-08,-1.24127628286623e-08,1.40442987105085e-08,-2.2927527327352e-08,7.49161542968853e-08,-2.09206690638061e-07,2.44982784740192e-07,1.69186106479691e-06,6.08959345451109e-07,1.27585436562653e-06,-3.68755057356968e-07,-2.17958987594822e-06,-4.23889705871568e-07,-6.53597230607687e-07,7.71381819186497e-07,2.33205243300789e-07,-9.58873426586381e-08,-1.91250570367416e-07,-2.99230361628784e-07,-3.21286579603731e-08,-5.35740551327594e-07,2.7176736876975e-08,-1.77993465429539e-08,-1.17886986985828e-06,-7.74685328948213e-10,7.10984019668986e-09,2.77904138918171e-09,1.2630163282383e-09,1.37790123243424e-08,4.4850189451575e-09,7.6066912433791e-10,-1.15241223354488e-09,-7.16602728319491e-10,5.93810330187271e-09,8.69485912062841e-07,-2.74237667384887e-06,9.80365237640833e-06,1.55990135087634e-06,-8.78195687433513e-07,2.72588378087204e-07,-3.17408562761881e-07,-2.62328611036545e-07,5.04699343848888e-07,3.41783697826489e-07,1.72277789673212e-09,1.58274174082591e-05,2.03452457815211e-05,1.33705272132441e-05,-2.16494988090935e-05,1.67637660317383e-07,6.05850980036216e-07,2.96760306524585e-07
"north_west","mu_D",-6.11273678127161e-06,-0.000174103359285033,-5.88082449624885e-06,1.33879841797315e-06,1.86249379707539e-06,-5.60320411524352e-07,8.55072759053208e-07,-1.17343167008562e-06,1.46915948417332e-06,-2.52264952959653e-06,2.04284599819677e-06,-2.37255912179394e-07,5.17375153633765e-07,-4.04586352878165e-07,4.66039915578962e-07,-1.98632041837516e-06,-3.01856310843987e-07,5.53419556533205e-07,-3.88571330812819e-07,-1.56378009262658e-07,6.79686234971715e-07,-5.08643346753262e-07,3.04110795677505e-07,-5.95024474509676e-07,1.99524493067944e-06,-1.89635656443812e-06,4.11916141617098e-07,1.17205868835254e-06,-1.04478252902743e-06,-2.65414619192064e-07,-5.06511077946507e-07,9.11272948526836e-07,-2.05427839182775e-06,2.59182751398763e-06,-6.61838236604273e-07,8.2703175297819e-07,-1.21770786271592e-06,1.74552636606375e-06,-2.17744942816297e-06,1.69186106479691e-06,0.000340739573848468,0.000119870253048878,0.000151922291760194,4.7398488841236e-05,6.99479800116001e-06,-9.65748561056363e-06,-1.85886112901305e-05,1.34811080582007e-05,2.45580784924622e-05,-8.03583129665996e-06,-1.21698854551963e-05,-6.45729913436601e-06,3.4449789317053e-05,-0.000113591866884483,3.24504067206119e-06,-1.5187191328384e-06,-6.78525113808288e-05,-6.99115754607065e-08,9.86923499641322e-08,3.18241157539719e-08,-1.0908528932216e-08,7.78173794866643e-08,1.80959652849299e-08,-1.83363388057628e-08,2.73728811512118e-09,-3.10684271936982e-08,-6.54330783682192e-08,4.88792803682888e-06,-0.000144880975956873,0.00018717988551038,7.0761242590572e-05,-1.99237653959316e-05,-2.4392732194447e-06,-4.83729027470154e-05,4.49533430287282e-05,-8.76174873795496e-06,1.17349802904896e-05,6.77221858604608e-08,-0.000828334056337052,0.000191561779989938,0.000155851511637372,0.000395124676688153,-3.42260244320434e-06,2.23027586945468e-06,1.59368852540834e-05
"north_west","mu_D_2",-3.88643385778795e-06,0.000188409004994437,-1.79972236715413e-06,-8.47962006210863e-07,1.2295298074948e-06,-6.25676005365223e-08,-1.2079596873834e-07,2.56173558867581e-07,5.19710385903955e-07,-1.3759041999556e-06,-2.99965866870868e-07,1.59452183681921e-07,-6.1948887576101e-08,1.12277898978469e-06,-1.63309256360383e-07,-3.72003977679362e-06,-6.58217190444226e-07,-3.65796502587909e-07,-2.02530677491178e-07,-1.10380462635035e-06,1.06361728661955e-07,-1.49461608416241e-06,-7.26146239403252e-08,-2.73126137197575e-06,1.31054425931247e-06,-3.19974424184974e-06,5.27970102008935e-07,-3.37655785795841e-07,-1.79714951596925e-06,-2.71401964370312e-06,-1.385441708824e-06,-3.79236647747794e-07,-2.49281400981371e-06,-1.16603972991282e-06,-7.14158580853112e-07,1.53931650509512e-06,-2.3225650522977e-06,2.72041887064419e-06,-2.07435731679748e-06,6.08959345451109e-07,0.000119870253048878,0.000275125894701663,0.000108653360478364,5.48089378565471e-05,9.14762784247631e-05,0.000107867331244398,-2.43813851007e-05,6.54923608759483e-06,3.39701351836033e-05,-9.14096799816468e-06,-9.36065349768533e-06,-2.12291373835864e-05,5.34467920096097e-06,-0.000121683524960298,-7.90383385706574e-06,1.81383974650933e-06,-1.46839799752773e-05,-9.19940879710819e-08,5.93443246186738e-08,-1.59823294071769e-07,-7.62635523716885e-08,2.39518658616314e-07,-3.22234817686137e-08,-2.85571183629608e-08,-9.60713915975954e-08,-1.12136226929744e-07,-4.36326736537415e-09,-0.000118433180943229,-0.000179718379739668,0.00020623821542573,-8.09653979730226e-05,9.53073156070718e-06,1.02792162050247e-05,-7.05540274908081e-05,1.78011263270677e-05,-4.58405468813885e-06,7.32909748243615e-06,-1.14471013427671e-08,-0.000824856554816303,0.000780971742632991,0.000953691820346595,-0.000101124523992742,-4.83466727823824e-06,2.56301872064597e-05,5.09876976827543e-05
"north_west","mu_D_3",-2.79199387481473e-05,0.00359732144856988,1.83078538194863e-05,-1.17111602082959e-05,2.22212196167699e-05,7.74536006586846e-07,-2.40313950879198e-06,5.04921813989304e-06,-3.17402623567479e-06,-1.7504995786492e-06,7.02556614840596e-06,5.48414424769059e-07,8.74884793087001e-07,4.16517740371463e-06,2.54342481975773e-07,-2.68859328064809e-05,-5.82256125076542e-06,-1.09727053611378e-06,3.79249796150775e-08,-1.35372274339536e-06,-1.56241012944615e-06,-2.46149056372673e-06,-1.29781000596547e-06,-4.29368861590232e-07,2.43681737274046e-06,-6.18650207202192e-07,5.77421161812575e-06,8.64182974396858e-07,2.60275064790919e-06,-7.11666151935492e-06,-5.29347150773487e-07,4.67415390043439e-06,-2.66347226772386e-06,-1.17345320289309e-06,-4.78438776330586e-06,4.53230770511226e-06,-2.35301678498716e-06,3.48511176986217e-06,-3.65943466098194e-06,1.27585436562653e-06,0.000151922291760194,0.000108653360478364,0.0021769187927717,0.000429674588651318,-7.17053357502532e-05,-0.00024986696743215,-5.61659714477274e-05,-1.35194352513084e-05,8.83263587119256e-05,2.19530638551272e-06,0.000255864940100503,2.35360435351978e-06,-0.000131148215719947,-4.12861060185342e-05,1.99001919659243e-06,-1.13745627669651e-05,-5.22471884614816e-05,2.7800827904098e-07,1.27016588610578e-06,6.03991084013068e-07,4.54352339152912e-07,2.00138625743993e-06,7.94269361310432e-07,6.16457127565132e-07,1.40983362464016e-07,-6.37298364296778e-08,5.98593015680137e-07,-7.33745240371035e-05,-0.00463263079081437,0.00323137919196646,0.000735238403206257,-0.000370408315930591,4.31287801862569e-05,9.55835268152257e-05,0.000192403494564933,1.60435794069707e-05,-7.1528779123977e-06,5.62785298164238e-07,-0.00126908456722061,0.00332618992495484,0.00143950245032493,0.00725320062493843,1.12931204310782e-05,0.000214922646630783,-3.07672222933334e-05
"north_west","mu_D_4",-1.15746285576457e-06,0.000294033273267983,2.22032834105775e-06,-7.98874955764392e-07,1.27119291434393e-06,2.26248050354091e-07,5.23290611606351e-07,-3.80295545064702e-07,-4.45877090237463e-07,-2.37061845910636e-07,-9.37036014175395e-07,1.41248418794761e-07,-5.1017774868364e-07,1.31496906222809e-06,-1.59173558581339e-07,-3.99866028956537e-06,-1.36701685462451e-06,1.7490505698011e-08,-9.34899910918573e-07,4.72270205293894e-07,-1.60980318996816e-06,-1.14871509101531e-06,-5.71402667656781e-07,-2.57800062039384e-06,-1.81031927970591e-06,-4.93661349527865e-07,8.91585157525339e-07,-3.08679204464101e-06,-8.71066506188552e-07,-3.30007343462883e-06,-6.83513531557248e-07,-1.64591894183344e-06,-1.62336232629007e-06,-2.73993189414168e-06,-9.09304330339294e-07,8.69705350929365e-07,-1.38743432004477e-07,4.50251616925392e-07,-9.68366560660712e-07,-3.68755057356968e-07,4.7398488841236e-05,5.48089378565471e-05,0.000429674588651318,0.000303444495900955,0.000206282682539459,-5.76863456509553e-06,-1.57412800013591e-05,5.31008357071597e-06,-5.49062341924568e-06,1.18935087222217e-07,6.99940850208543e-05,6.95220425825612e-06,-5.09354400232303e-05,-8.98185048266735e-06,-1.15313901967137e-05,7.35983932022952e-06,3.43859085565958e-05,-1.38344972582654e-07,-2.84900217459356e-07,-2.44105500562351e-07,-1.85819990851498e-07,1.1047466015335e-07,-1.23768865521184e-07,-1.08231054889959e-07,-1.28076228876297e-08,-8.72883118143894e-08,-2.44224565463634e-07,-0.000132052977852482,-0.00103963559861935,-0.000378153719509959,7.20477013834414e-05,5.10444782050791e-05,-6.55271694460345e-05,5.94772114628968e-05,-8.53911683837202e-05,6.58168804749524e-05,-7.85568217905999e-06,-6.7881997258756e-08,-0.00174554723834761,0.000642870928452809,0.000582558335390869,0.000388015835890261,-9.44661408846851e-06,2.48115684817751e-05,3.50804569395607e-05
"north_west","mu_D_5",1.10686400205205e-05,-0.00053577278611347,-1.2491782560822e-05,1.01119397800597e-06,-2.27302294738579e-06,8.04656874632662e-07,1.34511780097146e-06,-2.3609529327022e-06,9.41441610859607e-08,5.81281707612386e-07,-7.75279904445369e-06,4.28383580976104e-07,-9.79144484977081e-07,1.55343986129378e-06,-9.55324253775933e-07,4.29766749100311e-06,-1.01507990987368e-06,6.30955383136857e-07,-2.94063832483062e-06,2.41211448785469e-06,-3.01697409145317e-06,-2.63441176857128e-06,6.85766422488166e-07,-8.67887926592686e-06,-2.7625652407106e-06,-3.82834052957508e-06,-9.42974129129529e-07,-6.95802510004727e-06,-4.24779363372639e-06,-6.11258800744379e-06,-2.45560305858719e-06,-6.9242048897967e-06,-2.76586925380414e-06,-1.23184993860843e-05,8.45924432378095e-08,1.04435326923609e-06,-2.01082583647139e-06,1.37695260746078e-06,-6.85201176499843e-07,-2.17958987594822e-06,6.99479800116001e-06,9.14762784247631e-05,-7.17053357502532e-05,0.000206282682539459,0.000810586355901416,0.000188971216716697,-0.000103455034187351,3.37069392060693e-05,-2.9514628369276e-05,-2.64754244015447e-06,-2.71316798707827e-05,4.0333361751951e-07,-8.99173221611575e-05,-1.21130696600266e-05,-3.53662929196659e-05,1.86423591781586e-05,0.000120390779744219,-3.37322172009736e-07,-1.11692982147834e-06,-8.9307179219917e-07,-7.09821488118365e-07,-1.85556945725067e-07,-5.86085326155624e-07,-5.30509262417644e-07,-2.87881508596141e-07,-2.27234472359674e-07,-6.91684709824827e-07,-0.000299489686155701,-3.48596999705743e-05,-0.00138136746653515,-0.000928555706822974,0.000268723323334617,-0.000116853123441271,5.10242716872366e-05,-0.000257585110472387,0.000137645381007674,1.14383576000806e-05,-7.50641894870055e-07,-0.00537681806773625,-0.000555737481058793,0.00177181497473126,-0.000849409886486895,-4.33817143351935e-05,-1.09265872558993e-05,0.000137898603148943
"north_west","mu_gamma_H",-5.16723229257187e-06,0.000233326840038725,1.2303556363203e-05,-3.70403849466901e-06,3.13022823293993e-06,8.18861863258986e-07,-9.35540269927507e-07,6.88109072188167e-07,-3.82231788850968e-07,1.7313815346729e-06,-7.14626829844126e-06,4.97683088298512e-07,-1.0304015021496e-07,1.75096787256826e-06,-1.76378329047191e-06,-4.60366412139219e-06,-1.49215444491753e-06,-2.29029555332366e-07,2.7637104570229e-07,-1.37531614113386e-06,-2.02299887602414e-06,-1.65503437804166e-06,-1.12155811653432e-06,-3.63148030208579e-06,-2.42813571715052e-06,-3.05833811355735e-06,5.32630809074485e-07,-2.59845290633378e-06,-3.12864136197673e-06,-3.23528321837104e-06,-1.20346258803666e-06,-3.85711190684239e-06,-1.87040215605523e-06,-1.72139845572403e-06,-1.25350541140319e-07,9.1715749093941e-08,-5.0253958684319e-07,1.92170613545864e-06,-2.31017692926322e-06,-4.23889705871568e-07,-9.65748561056363e-06,0.000107867331244398,-0.00024986696743215,-5.76863456509553e-06,0.000188971216716697,0.000921342367413408,-0.000321209635706252,6.33020451169851e-05,1.5727751292256e-05,-1.72523563033191e-06,-2.6603592755257e-05,-4.74454925448944e-05,-6.22031325159185e-05,3.82836873580006e-05,-2.95641593507288e-05,2.05554994210118e-05,0.000131634498919464,-8.25100461449276e-08,-3.73502927909057e-07,-4.89473172919503e-07,-3.64342454825953e-07,2.96130813957107e-07,-2.1538491907176e-07,-2.83481298312617e-07,-1.76425369273818e-07,-2.14661265714245e-07,-4.26794080831298e-07,-9.55388080561204e-05,0.000234280648446246,-0.000232136875004998,-0.000335766903946696,0.000109515299646925,1.19611404569174e-05,-7.21726111938034e-06,-0.000147735414235158,2.53183769206843e-05,1.14994793422796e-06,-3.34154870076373e-07,-0.00174062076907153,-0.000395413278251277,0.000628858126584003,0.000714127265950747,-1.88948666588548e-05,3.49656039636498e-05,5.16247092534865e-05
"north_west","mu_gamma_H_2",1.28597858046853e-05,-0.000416629658844624,-7.90852970059124e-06,5.51720515756235e-06,-8.77541946037181e-06,-2.1010361933131e-07,-7.70968120616627e-07,-7.86989400319476e-07,-1.52155823280012e-07,1.26162754616453e-06,4.48472137217261e-07,-9.56262746356779e-07,-1.29159562861568e-06,-1.41853116546068e-06,2.11321215163371e-07,8.09394004986699e-06,7.70085316489044e-07,-5.38281200591895e-07,-1.8474100866639e-07,-1.10215324995085e-06,7.4032737237209e-07,5.13826148502141e-07,-1.20130384475907e-06,3.01460473555543e-06,-3.1586693146702e-06,3.18948687213859e-06,-8.1403069501246e-07,-1.82789888142076e-06,1.85504613531878e-06,3.03471277390831e-06,1.46655733309956e-06,1.42609675846247e-06,3.70538078782653e-08,6.05891492175574e-06,6.1035576560242e-07,-2.20335227369477e-06,3.94432742877056e-06,-3.76428859498897e-06,2.17880468842827e-06,-6.53597230607687e-07,-1.85886112901305e-05,-2.43813851007e-05,-5.61659714477274e-05,-1.57412800013591e-05,-0.000103455034187351,-0.000321209635706252,0.000668607710743496,-0.000103499002888673,-3.21875247585249e-05,9.27479433572663e-06,1.07689651718101e-05,6.07119871136106e-05,2.8283078790675e-05,-2.90712966376439e-05,1.45622077720156e-05,-2.82842412621414e-06,-4.14869787197134e-05,-9.72129219099438e-08,-2.74099303959508e-07,9.43765522169438e-09,5.5107091675739e-08,-1.45381362581621e-07,6.47636029572386e-08,-6.88591549914496e-08,7.3228090394602e-08,9.80682012554912e-08,-1.30033211242466e-07,5.64780589598105e-07,0.000448688354677156,-0.000376710076257482,0.000108474167124559,-0.000201845370917976,0.000157858460103008,3.57529998511728e-05,0.000194566658289353,-0.000175277083129175,-9.50107067919345e-06,-2.11147495895524e-07,0.00393573742746055,-7.31080533389108e-05,-0.000734247089748817,-0.00231513164178114,3.16303238938415e-05,-5.62536065195419e-05,-4.61735941203047e-05
"north_west","mu_gamma_H_3",-1.5858404098385e-06,-2.07252049714945e-05,6.32452831986418e-07,-1.59644250542919e-07,3.20376607513075e-06,-3.7313239377179e-07,5.68527205886505e-07,-2.00522269952137e-08,-1.78820711523438e-07,2.5792115643993e-07,-1.27580514953452e-06,4.16971747017804e-07,1.23487635378555e-07,4.64977345175565e-08,-3.7184285612526e-07,-3.3348613762843e-06,5.08954635299233e-07,6.62490112666381e-07,6.3782600505419e-07,4.23677967105764e-07,-1.73278876374631e-07,1.19549694910263e-07,9.46316933733259e-07,-1.32340799214209e-06,1.35846202217419e-06,-9.06225607398765e-07,1.30275345974601e-07,8.42888397702338e-07,-5.63917544720707e-07,-9.41382422258229e-07,-7.49838985465188e-07,2.39712686929797e-08,-1.24395669249141e-06,6.41939936500663e-07,-4.42092695540331e-07,1.41427482751082e-06,-2.01384750069772e-06,1.20539534143682e-06,-7.72763282455369e-07,7.71381819186497e-07,1.34811080582007e-05,6.54923608759483e-06,-1.35194352513084e-05,5.31008357071597e-06,3.37069392060693e-05,6.33020451169851e-05,-0.000103499002888673,0.000186286747017837,6.02223252155861e-07,-7.31290669370476e-06,-1.03146442124407e-05,-1.10418883383226e-05,4.43139780790087e-05,3.64136630059845e-06,-2.99502654506668e-06,1.9313201942531e-06,8.10682633571642e-06,-1.48348118235278e-08,1.79714716645628e-08,-9.5827289520638e-08,-7.88929194138196e-08,-2.31347944561147e-08,-9.64015576855327e-08,-3.39032042472239e-08,-5.47854384483215e-08,-2.44512122385237e-08,1.90520216769611e-08,9.66250530705217e-06,-3.1570922185661e-05,-2.13591687427048e-05,-3.51116519484338e-05,1.7834313898135e-05,-2.02975844853819e-05,-5.170411304586e-05,4.78909255487048e-06,1.33785673830715e-05,-7.82545317810497e-06,-1.5200445575135e-07,-0.0018072677327474,-0.00016988792116109,0.000363002242155352,0.000802395945206181,-1.56886847313315e-05,-7.66495306244845e-06,3.49106492077644e-05
"north_west","mu_gamma_H_4",-2.18182650033548e-06,0.000373644405792692,3.39449788552771e-06,-2.07680378790301e-06,2.63274858034029e-06,2.4727151665878e-07,-6.96692879495602e-07,7.70674102524697e-07,-2.15809825463526e-07,-1.46390385138738e-07,3.53970211049466e-07,3.54206138519976e-07,2.19757508413229e-07,1.32634591162819e-06,-2.51727085441047e-07,-4.02287847138868e-06,-4.63502021558791e-07,-2.31752089145793e-07,-6.91931859039599e-08,-3.7448331936984e-07,1.62366179517193e-07,-7.14761229140662e-07,4.3658067390137e-07,-1.02248263517875e-06,1.47971642179142e-06,-1.35838637983208e-06,5.67391420826201e-07,9.61320393694807e-07,-4.63567199270294e-07,-5.64478177329999e-07,-7.61113730563495e-07,3.95871581674608e-07,-7.4099506059815e-07,4.93022209138472e-07,-4.15476115139049e-07,7.00492721143918e-07,-8.93106552576928e-07,9.46840038481214e-07,-4.09927558286666e-07,2.33205243300789e-07,2.45580784924622e-05,3.39701351836033e-05,8.83263587119256e-05,-5.49062341924568e-06,-2.9514628369276e-05,1.5727751292256e-05,-3.21875247585249e-05,6.02223252155861e-07,0.000105168118708838,-2.87246585274414e-06,7.52564346016514e-06,-1.38344871081935e-05,-1.92678357843375e-05,-1.61576422921787e-05,-6.14276917964446e-06,-8.66482371564737e-07,2.75977524812861e-05,3.90893138321209e-08,2.90834515864893e-07,7.97745116528857e-08,7.13110898663459e-08,2.58515388592513e-07,7.26730308063121e-08,8.75424990128395e-08,9.99304556906834e-09,-1.6127340798834e-09,1.28889148710137e-07,-4.03133714017881e-05,-0.00020591153771486,0.000412571778065776,2.56744151892019e-05,-4.01693405688105e-05,-1.43461917859295e-05,-2.03426022863097e-06,7.72915359692171e-06,2.52255346357233e-05,1.02524335709287e-05,1.63888771781944e-09,-0.00077598602000239,0.000640170509360898,0.00024515355592665,0.000667475138064169,-4.70312196638866e-06,3.73313047635192e-05,2.37736293356574e-06
"north_west","p_G_D",2.09077791470445e-07,7.53164078406047e-05,-1.27471140576408e-06,1.2036803473118e-07,-3.27381452686689e-07,1.40879733400986e-07,-1.90089003531759e-07,1.10014741976618e-07,-1.18648660681193e-07,1.59486527410497e-07,9.35490526635724e-09,-5.55959125312099e-09,5.37528267871043e-08,7.98246889579203e-08,-8.79067786683811e-08,1.90783596753541e-06,4.4474207246509e-08,3.76743307033798e-08,-1.14973827991672e-07,1.43659595082802e-07,-7.43469764759447e-08,1.45651774987754e-07,-7.73952602923001e-08,1.12613696770622e-07,-6.18885549140466e-10,1.1130238320153e-07,2.36567661560084e-08,-9.63819036860555e-08,1.84172353701922e-07,1.25145856012986e-07,1.58888114292446e-07,2.68866164226103e-08,2.57766168278977e-07,-7.70173791274501e-08,-5.79858623200491e-08,5.62309585614524e-08,-4.09639586844141e-08,-4.97562232393068e-08,1.52904353296924e-07,-9.58873426586381e-08,-8.03583129665996e-06,-9.14096799816468e-06,2.19530638551272e-06,1.18935087222217e-07,-2.64754244015447e-06,-1.72523563033191e-06,9.27479433572663e-06,-7.31290669370476e-06,-2.87246585274414e-06,2.08560755145846e-05,1.55957250192225e-06,4.11607702665165e-06,6.10883315432804e-06,4.02476119464756e-06,-1.69440525465974e-06,9.40383780921351e-08,8.70699616900056e-06,-1.12061705084118e-08,-1.74966626579926e-08,-8.48852293196391e-09,7.97621249539686e-10,3.92476674524894e-08,2.35077136878497e-08,-1.37206428225436e-08,-6.85448684476475e-09,6.46707992381599e-09,-3.38551290389466e-09,4.79987403733573e-06,9.07170666829816e-06,-1.35360029047704e-05,3.80739938960934e-06,1.18191957232925e-07,-2.43555466121019e-06,-3.25105702552781e-06,-3.55725723263458e-07,3.0408658977604e-07,-2.10512727350172e-06,-3.22369440425993e-09,-0.000111072389178948,-0.000119998643631984,-6.80820625928253e-05,-3.96796768527354e-05,-1.82069069636708e-06,1.9391611543073e-07,-3.5510531235786e-06
"north_west","p_G_D_2",-2.74401563912767e-06,0.000524617584829813,6.52418877791388e-06,-1.57450775060743e-06,5.84817252914939e-07,1.9404765502345e-07,-4.17509229425162e-07,1.17260298992254e-06,-1.28198938307342e-06,8.01319185349331e-07,2.6591512120195e-07,6.30601294807535e-08,-1.80682393191216e-07,6.0374682131574e-07,1.28888082567618e-07,-1.87556574284251e-06,-9.87130748704789e-07,-3.73100033680687e-07,5.50045664877156e-07,-6.9403704730097e-07,-3.11757109815939e-07,-2.99117429670918e-07,-2.82968238839847e-07,6.07685217449151e-07,-1.17367995289595e-06,1.64615446619535e-06,7.63204152379881e-07,-4.98349414582737e-07,1.16356455360566e-06,-4.46529867663706e-07,4.22577044729442e-07,5.52525694175905e-07,8.23752989811179e-08,1.31908051408104e-06,-5.15599205734176e-07,3.04465222591943e-07,3.73775502671559e-07,-1.48793381115965e-07,-3.93720157922142e-07,-1.91250570367416e-07,-1.21698854551963e-05,-9.36065349768533e-06,0.000255864940100503,6.99940850208543e-05,-2.71316798707827e-05,-2.6603592755257e-05,1.07689651718101e-05,-1.03146442124407e-05,7.52564346016514e-06,1.55957250192225e-06,7.3614285633545e-05,7.1801263120875e-06,-4.78713881400752e-05,2.47890182523019e-05,-1.16188835507924e-06,3.98630676614313e-07,-1.25910319530379e-05,8.10891506438917e-08,1.39480180118989e-07,1.34209803448973e-07,7.00419625058604e-08,3.54137536084564e-07,1.3343664423004e-07,8.69414596017742e-08,8.37972455828316e-08,1.65315255612962e-08,4.95493636046213e-09,-5.95709380441061e-06,-0.000599516860783308,0.000360392549057291,0.000122575564353052,-4.61784429384129e-05,4.96213751055617e-06,5.5420041537156e-05,8.23515706122452e-06,5.92622674096473e-07,-3.08191171416528e-06,1.03846645898993e-07,0.000245906796272846,0.000680218707690063,5.0644219442461e-05,0.000393999575152606,6.97726227036071e-06,3.08458068071172e-05,-2.37655561155085e-05
"north_west","p_H",5.78908758369981e-06,-9.2802634608608e-05,5.59036427129495e-06,2.45064639267381e-07,-6.56658840894403e-06,-9.16569135507274e-07,-3.15121616105787e-07,-1.1757006514022e-06,-8.83298082628841e-07,-3.02463644562671e-07,-6.90334775166091e-08,-9.52002106136137e-07,-1.12442812910861e-06,-1.55771625906744e-06,-4.07159643507909e-07,1.02810999614618e-05,-1.1883655397647e-06,-1.15588941960277e-06,-3.08392056608611e-07,-2.72653719508093e-06,-4.11793785926308e-07,-1.51880110202007e-06,-2.15669546626727e-06,5.69259002251545e-09,-4.00995109084391e-06,-3.62304221301064e-07,-4.73113715544031e-07,-2.7363165217196e-06,-1.27029214168118e-06,-1.11615553061766e-06,5.65881117576455e-07,-2.18976583263785e-06,-3.74489792946203e-07,-1.4220432831821e-06,8.2829641091074e-08,-1.34653838887544e-06,7.46322729441492e-07,-1.1271863732773e-06,-2.84452028748153e-07,-2.99230361628784e-07,-6.45729913436601e-06,-2.12291373835864e-05,2.35360435351978e-06,6.95220425825612e-06,4.0333361751951e-07,-4.74454925448944e-05,6.07119871136106e-05,-1.10418883383226e-05,-1.38344871081935e-05,4.11607702665165e-06,7.1801263120875e-06,0.000106118413712192,2.671195593085e-05,-1.73054193005408e-06,2.87935698050505e-06,-4.11859539832927e-06,-1.90857553540226e-05,-1.46617124753294e-07,-2.61813564913632e-07,-2.19211006853778e-07,-1.56144325643426e-07,-3.15840711106098e-07,-3.10223146653134e-08,-1.38612373496636e-07,-8.84952625483749e-08,-8.21054682488662e-08,-2.26806899853767e-07,-4.9952345706433e-05,7.98388147025977e-05,-3.43080059128013e-05,-2.98603696307526e-05,-0.00013107878366026,-1.77605693491052e-05,0.00010787871414981,5.91493771785069e-05,-8.90457508612283e-06,-1.44234700283417e-06,-1.86238770377702e-07,0.00229739056568104,0.000326529938398205,-0.000221172260090899,-0.00104651422294617,1.57598257448436e-05,-5.14274773533443e-06,3.39833458910952e-06
"north_west","p_H_2",1.82519512964654e-06,-0.000910318360223745,-2.08565206564541e-05,4.59629451460528e-06,3.48818590590332e-06,-6.87357269526409e-07,1.52491449118537e-06,-2.69194287359182e-06,2.38714331187696e-06,-2.70938783478244e-06,5.03689697134106e-06,-1.19827958364263e-06,6.80061847331922e-07,-3.12122193314874e-06,1.51643263879448e-06,-4.92686355645367e-06,1.09548870400152e-06,4.60854018461283e-07,-2.53358178868638e-07,6.86772697313269e-07,1.86191938837335e-06,3.84945412692975e-07,1.10147576441832e-06,5.55557486287101e-07,4.52108916741935e-06,-2.63285604645197e-06,-6.63829736159331e-07,2.1489560425003e-06,-8.30990058202863e-07,3.30834108909609e-06,-1.84211264328516e-07,3.46221551543586e-06,5.01142578756909e-08,2.20109673167155e-06,4.99354945390383e-07,-1.84868419641889e-07,-1.16143110226384e-06,-3.24502258851583e-07,2.07717649093468e-06,-3.21286579603731e-08,3.4449789317053e-05,5.34467920096097e-06,-0.000131148215719947,-5.09354400232303e-05,-8.99173221611575e-05,-6.22031325159185e-05,2.8283078790675e-05,4.43139780790087e-05,-1.92678357843375e-05,6.10883315432804e-06,-4.78713881400752e-05,2.671195593085e-05,0.000510270608981561,-5.41751916639317e-05,2.14825851847183e-05,-1.10766607086295e-05,-6.63458019663499e-05,-1.79548700421166e-07,1.00623815553422e-07,3.90690402624017e-08,1.01548439833154e-07,-6.027712071596e-07,-1.00662215858378e-07,-2.12252652409599e-08,2.75841681949368e-08,1.27754516947249e-08,2.92673166794398e-07,9.42396399254601e-05,0.000450774060088811,-0.000239171206141827,0.000105759436522108,-4.26031880387232e-05,-3.91971579556962e-05,-0.000468568322323824,6.44718802834336e-05,6.02573568015261e-06,-6.31419665634378e-06,3.23287638078165e-08,0.00193978280877623,-0.000306607022158205,-0.000574178940903524,0.000832987966989375,1.61985115299212e-05,-5.95903588585885e-05,-2.79595830851903e-06
"north_west","p_H_D",2.40055311108833e-06,0.000256756319377726,6.11381426390031e-06,2.3551594988382e-07,-3.47743900550546e-07,-1.19287688459946e-07,1.86968989343065e-07,3.64484567783566e-07,-1.10410375705216e-06,1.54281260397886e-06,-1.41269747944397e-06,-9.30405933368062e-09,-1.11770851058306e-07,-2.16876813091288e-08,-5.0398970203904e-07,1.15505267833752e-06,-2.82904476049852e-07,-1.26334766529555e-07,-4.64563186319237e-08,1.07537019916079e-07,-8.50166511717353e-07,-4.22117602647795e-08,-1.80721052168699e-07,-8.59039283134125e-08,-1.66627469970141e-06,1.24835158862145e-06,-1.26372134409792e-07,-1.10431356979296e-06,3.43775230736682e-07,-5.41223520454362e-07,3.57624962371755e-07,-1.24056546441024e-06,8.1928898498556e-07,-1.03507284131085e-06,3.18611442744867e-07,-6.50449412574082e-07,1.27897416326361e-06,-1.1063528815609e-06,1.98115679800592e-07,-5.35740551327594e-07,-0.000113591866884483,-0.000121683524960298,-4.12861060185342e-05,-8.98185048266735e-06,-1.21130696600266e-05,3.82836873580006e-05,-2.90712966376439e-05,3.64136630059845e-06,-1.61576422921787e-05,4.02476119464756e-06,2.47890182523019e-05,-1.73054193005408e-06,-5.41751916639317e-05,0.000132474757892887,-2.87536719583788e-06,3.9222381213086e-06,8.10089002559605e-06,5.69943768213331e-08,-8.32242995930167e-08,3.04696365753274e-09,-4.49328284006706e-08,1.05752623449369e-07,6.76290456887843e-09,-1.35531623854895e-08,1.46110840880136e-08,4.22378055609463e-09,-1.18976872945916e-07,-2.55610035288708e-05,-0.000137140418159214,-5.2344695159122e-05,-9.97972216102134e-06,2.72324313250726e-05,-1.44216295107663e-05,7.16495177160682e-05,-7.44847266996384e-05,3.17454620466736e-05,-5.37996253887582e-06,-6.05260469298121e-08,3.30971325911044e-07,-6.40187307092911e-05,-7.60754312013806e-05,0.00021674863979851,-8.04942244926488e-07,9.4113875182405e-06,-7.43254032607363e-06
"north_west","p_ICU",2.19810216086024e-07,-9.68044812579527e-05,-8.94124580548792e-07,1.59092495442636e-06,-1.03943247826297e-06,-3.18887494141575e-07,4.84188029191276e-07,-6.38999344472888e-07,5.40399092024632e-07,-5.26114658937532e-07,7.39972578621511e-07,-3.24375941431467e-07,-1.48084035718975e-07,-8.2643993675447e-07,1.35443554049188e-07,-7.36185951322234e-07,-4.50269796289822e-08,-7.02294998921804e-08,-7.33137441606304e-08,-3.570704409218e-07,3.93582507702085e-07,-1.51876482704312e-07,-1.54157308764032e-07,4.81063740244252e-07,-6.63632290849609e-08,9.12526134800162e-09,-4.21000365291773e-08,2.22852817587907e-07,-4.47698530339468e-08,4.19222395758149e-07,1.83255562594111e-07,5.45890629008289e-07,2.16902196481552e-07,3.15836946603866e-07,1.64283924837388e-07,-3.60097391237524e-07,3.02020377769548e-07,-3.2945067197957e-07,1.73579982930345e-07,2.7176736876975e-08,3.24504067206119e-06,-7.90383385706574e-06,1.99001919659243e-06,-1.15313901967137e-05,-3.53662929196659e-05,-2.95641593507288e-05,1.45622077720156e-05,-2.99502654506668e-06,-6.14276917964446e-06,-1.69440525465974e-06,-1.16188835507924e-06,2.87935698050505e-06,2.14825851847183e-05,-2.87536719583788e-06,2.34898557512795e-05,-2.63157041352816e-06,-1.12254774546821e-05,3.72704013468494e-09,3.77679881208169e-08,6.71368378019862e-08,3.95422725449624e-08,-8.03730262638561e-08,2.36229644207389e-08,3.39634817347072e-08,1.86747081118115e-08,2.03993460278538e-08,8.29277069761449e-08,2.65712023023686e-05,2.84740661737452e-05,2.67550121475228e-05,4.55478282348449e-05,-1.01963658845144e-05,1.1666065408184e-06,-1.98119955914472e-05,3.27316194563463e-05,-9.6189231031696e-06,-2.97325979844976e-07,-2.78768630178716e-08,0.00137474309749855,-3.0313445113886e-05,-0.000257654858037904,-0.000252056398753303,1.4420212297623e-05,-1.20494232716875e-05,-9.33506796262472e-06
"north_west","p_ICU_2",1.63648226397867e-07,-4.30341680655262e-06,1.49549538452655e-07,-2.31359706705135e-07,-1.24453338556994e-07,2.91770543964526e-08,-2.48898267007443e-08,1.21577138507912e-07,-1.5764466738969e-07,1.4809472779527e-07,-3.51387356867636e-07,6.3681987896115e-08,-7.32653130872286e-09,2.16028104366282e-07,-1.36982316763099e-07,5.09979191745458e-07,-3.68176491519868e-08,1.04498615414281e-08,9.40860292744479e-08,-1.85141507983668e-07,-1.50771779138401e-07,-9.02004288734534e-08,-2.50002172435545e-08,-3.61575829937546e-07,-2.54256830876644e-07,-3.06014614731239e-08,-3.8850336307232e-08,-3.89656017026084e-07,-1.47736039413203e-07,-2.38696706552869e-07,-7.22763540497975e-08,-3.86668085064768e-07,-1.19458348039007e-07,-1.79508370717255e-07,1.30052207740666e-08,1.0941506555274e-09,5.01349079372861e-08,-1.37695390812259e-08,-3.22069297582672e-08,-1.77993465429539e-08,-1.5187191328384e-06,1.81383974650933e-06,-1.13745627669651e-05,7.35983932022952e-06,1.86423591781586e-05,2.05554994210118e-05,-2.82842412621414e-06,1.9313201942531e-06,-8.66482371564737e-07,9.40383780921351e-08,3.98630676614313e-07,-4.11859539832927e-06,-1.10766607086295e-05,3.9222381213086e-06,-2.63157041352816e-06,3.82739455409329e-06,9.18599942989375e-06,-9.87018901632713e-09,-5.21605041407073e-08,-3.61305046878397e-08,-3.81823638415852e-08,1.16504092439284e-08,-2.78250543050892e-08,-1.92047373801657e-08,-8.15315331077722e-09,-9.27046703547734e-09,-4.38624783704573e-08,4.70908591144885e-06,5.35742884846439e-06,-6.04184422883134e-05,-1.97710360710034e-05,1.5923509046747e-05,9.92054109384565e-07,5.60157623811077e-06,-3.80358578988071e-05,6.33468192779074e-06,-4.21034761987455e-07,-1.15164871179702e-08,-0.000371592439298491,-5.82390371009186e-05,6.23797710696589e-05,-4.95366735273014e-05,-3.95906050933318e-06,2.46663300580281e-06,4.60422619644268e-06
"north_west","p_ICU_D",-2.79470893761103e-06,7.68974844917158e-05,1.11062018045942e-06,-1.42734565680217e-06,-2.26172498522318e-08,1.1831678354383e-06,-1.52290177169744e-06,1.55431486128888e-06,-1.35574353891699e-06,2.97060077531503e-06,-5.04076156442644e-06,8.88195984125154e-07,-3.02698043613914e-07,2.15494023566342e-06,-1.23079306427435e-06,-3.35645681948518e-06,-8.00499278706561e-07,1.05099939266184e-08,-1.97658575239778e-06,7.33387144936413e-07,-1.96842360397839e-06,-4.91913304456123e-07,-1.00226013251322e-06,-2.7854481842479e-06,-1.90381511776527e-06,-7.95161969137397e-07,2.93403618822104e-07,-2.3995987378492e-06,-1.65435673791638e-06,-2.19709948759429e-06,-6.46363136197795e-07,-3.10078062205368e-06,-4.31142587159162e-07,-2.96616889607553e-06,1.47337427776264e-08,1.36976619338432e-07,-3.55188768054607e-08,-4.43814277304544e-07,1.23731262601977e-06,-1.17886986985828e-06,-6.78525113808288e-05,-1.46839799752773e-05,-5.22471884614816e-05,3.43859085565958e-05,0.000120390779744219,0.000131634498919464,-4.14869787197134e-05,8.10682633571642e-06,2.75977524812861e-05,8.70699616900056e-06,-1.25910319530379e-05,-1.90857553540226e-05,-6.63458019663499e-05,8.10089002559605e-06,-1.12254774546821e-05,9.18599942989375e-06,0.000552505418919524,-2.23971144648516e-08,-2.68516273928985e-07,-2.53946011407137e-07,-1.69618437885078e-07,9.79540393222613e-08,-1.4864725257407e-07,-6.49756097267847e-08,-6.5413498319819e-08,-2.15076311619429e-08,-2.91336618043249e-07,-0.000177338862344593,-0.000108837019095251,-0.00022559811926459,-0.00012985999738625,3.98491690076148e-05,8.29736993581928e-06,5.29491274599742e-05,-9.70725201220499e-06,-1.38475978098367e-05,4.09605013523749e-06,-1.31207233274811e-07,-0.00132508985827105,0.000227559029229869,0.000365513551849652,-0.000274841929148554,-1.56359714431061e-05,4.11301439486216e-05,2.56084793081948e-05
"north_west","p_NC_15_24",-1.50165650037282e-08,1.22131763627535e-06,6.93434719861926e-09,-6.36985895523454e-09,1.0649232102379e-08,2.58185801041329e-09,-3.0483584123795e-09,6.70055370147199e-09,-9.74597447936036e-10,2.3364544120568e-09,2.85471207848517e-09,2.3843543090114e-09,2.0561272071578e-09,4.16314144820927e-09,2.92750641707731e-09,-1.52768309445071e-08,2.12728950429403e-10,1.71935494290563e-09,2.41721920401252e-09,2.74060995182495e-09,2.73537395365592e-09,5.05621510952436e-09,3.77443176124384e-09,8.26956885755995e-09,7.1496496969426e-09,7.95942105242346e-09,2.77653526697868e-09,1.05130899215527e-08,9.69730901813395e-09,6.26451141268427e-09,2.09737382927662e-09,9.81157063169819e-09,3.35306987568135e-09,1.55609491049359e-08,-1.30808383963928e-09,2.6617044222118e-09,1.25555204496369e-10,-1.05061775661679e-09,4.82295925605063e-09,-7.74685328948213e-10,-6.99115754607065e-08,-9.19940879710819e-08,2.7800827904098e-07,-1.38344972582654e-07,-3.37322172009736e-07,-8.25100461449276e-08,-9.72129219099438e-08,-1.48348118235278e-08,3.90893138321209e-08,-1.12061705084118e-08,8.10891506438917e-08,-1.46617124753294e-07,-1.79548700421166e-07,5.69943768213331e-08,3.72704013468494e-09,-9.87018901632713e-09,-2.23971144648516e-08,1.68247688274257e-09,1.70372142568957e-09,1.39180926150674e-09,9.66891868349872e-10,1.77906127378403e-09,7.72219500482382e-10,8.57526242177825e-10,6.0179449080905e-10,4.54660381648353e-10,1.19988629395683e-09,2.20565469873936e-07,-6.16690812920045e-07,1.38522312571916e-06,4.35241559766325e-07,-1.2807573505741e-07,9.90116315606922e-08,6.64911818971655e-08,1.40874280185528e-07,-7.96402804475976e-08,-9.93535008039894e-09,6.52094435277428e-10,-1.12880234645086e-06,1.26284876540921e-06,-6.78202262929471e-07,2.45904777379523e-06,5.19781786411617e-10,8.64491618298453e-08,-1.73688277257765e-07
"north_west","p_NC_25_49",-4.29438724297154e-08,3.58826985772632e-06,1.98085100180033e-08,-2.12827352992037e-08,2.71087893825448e-08,3.12301611876771e-09,-6.50694218662093e-09,1.01025474135583e-08,2.21550596567629e-09,-3.27887614205823e-09,2.09708198940727e-08,2.24803293815974e-09,5.89640421856454e-09,6.08313066246952e-09,6.8867694889928e-09,-6.89031026334688e-08,-1.78325130945688e-09,2.9074437011498e-10,5.26570155216849e-09,4.08487742074273e-09,8.27635370585228e-09,4.59109675077431e-09,1.13316840372203e-08,1.45981465556142e-08,2.25812282146319e-08,9.10152098164338e-09,1.02828319400895e-08,2.79283474558619e-08,1.76110871423803e-08,1.54433240431447e-09,3.33077155790944e-09,1.98410350440272e-08,5.44173657180063e-09,1.69878174881045e-08,-6.59388017594844e-09,8.73714445017254e-09,-6.90407792006222e-09,9.71433902214215e-09,-4.6899956885033e-09,7.10984019668986e-09,9.86923499641322e-08,5.93443246186738e-08,1.27016588610578e-06,-2.84900217459356e-07,-1.11692982147834e-06,-3.73502927909057e-07,-2.74099303959508e-07,1.79714716645628e-08,2.90834515864893e-07,-1.74966626579926e-08,1.39480180118989e-07,-2.61813564913632e-07,1.00623815553422e-07,-8.32242995930167e-08,3.77679881208169e-08,-5.21605041407073e-08,-2.68516273928985e-07,1.70372142568957e-09,7.13474501876623e-09,3.45646471056637e-09,2.57201274881504e-09,4.93180125496574e-09,2.42697831910225e-09,2.47390296207275e-09,1.24468184983252e-09,6.74655722874691e-10,3.25183319548401e-09,8.07765179548575e-07,-2.78391036516848e-06,5.60532519894759e-06,1.43369262616376e-06,-7.40816495646906e-07,2.89258192576433e-08,-3.37852693603728e-07,5.65965082414471e-07,-3.73915795519014e-08,3.73775917726888e-08,1.19529567475747e-09,1.71903914527091e-06,6.1320208309011e-06,2.13910154045223e-06,5.59479496199574e-06,7.70622059393997e-08,2.87588603203325e-07,-2.38334371951413e-07
"north_west","p_NC_50_64",-2.90869323179662e-08,8.63292275118675e-07,1.73577811093955e-09,-8.28953903908596e-09,1.42684781269988e-08,1.69238281681036e-09,-1.46184358105367e-09,3.03920042769994e-09,7.49969012845462e-09,-6.64487437733093e-09,2.18715483114142e-08,3.19517536115754e-10,4.18852352571733e-09,1.39839659688351e-10,7.71039262898139e-09,-3.41692001811929e-08,1.6828888795486e-09,3.33394399789484e-09,1.15217847640815e-09,7.82912853641218e-09,7.6068067643282e-09,8.91081365544991e-09,7.95488189111551e-09,1.81321024231963e-08,1.60804093549692e-08,1.41072419726841e-08,5.79670366353947e-09,2.21621060282801e-08,1.73021535398236e-08,1.67503882534693e-08,5.35709261190984e-09,2.20884814959051e-08,1.23564489181548e-08,2.16798110293182e-08,-2.55120085195011e-09,4.86195589761872e-09,-2.07661274700581e-09,1.04066842217169e-09,3.64284097880847e-09,2.77904138918171e-09,3.18241157539719e-08,-1.59823294071769e-07,6.03991084013068e-07,-2.44105500562351e-07,-8.9307179219917e-07,-4.89473172919503e-07,9.43765522169438e-09,-9.5827289520638e-08,7.97745116528857e-08,-8.48852293196391e-09,1.34209803448973e-07,-2.19211006853778e-07,3.90690402624017e-08,3.04696365753274e-09,6.71368378019862e-08,-3.61305046878397e-08,-2.53946011407137e-07,1.39180926150674e-09,3.45646471056637e-09,4.84475511306832e-09,2.15974135581653e-09,2.58891869672186e-09,1.58043048301294e-09,1.77640270952702e-09,1.40266184015931e-09,9.83496734264903e-10,2.63789512131804e-09,8.72936386045608e-07,-1.22869262495615e-06,2.90779163717127e-06,1.23394549714439e-06,-3.65651534676616e-07,9.04163832685719e-08,-2.85529668128813e-07,5.62401491998125e-07,-2.48717586143092e-07,1.50545079232992e-08,1.06016687999703e-09,7.61555873282912e-06,2.59174379758057e-06,-2.5535697743459e-06,2.94537988570035e-06,9.89497385983168e-08,3.60768861808973e-08,-3.61982550929877e-07
"north_west","p_NC_65_79",-1.17694982341996e-08,6.35143360252778e-07,-7.56639847748049e-09,-1.21010634575302e-09,8.55520878974766e-09,9.97262527971338e-10,3.88586486780854e-10,3.51155507375894e-09,3.98877669571381e-09,-3.46495917849592e-09,1.47614877122269e-08,5.11285979275705e-10,3.50596577557322e-09,1.35959189981013e-10,5.0720456311075e-09,-2.67513766931203e-08,3.36194223362004e-09,9.06590770252278e-10,3.41374170685116e-09,6.1240866028549e-09,6.28758900471792e-09,7.58629178891331e-09,5.42191963206685e-09,1.56278120132471e-08,1.28236714618733e-08,1.01795757218445e-08,3.42004226079494e-09,1.74517518504301e-08,1.36305518856627e-08,1.21388240420414e-08,3.93715708140611e-09,1.81654850489214e-08,6.59152772603858e-09,2.19171689290515e-08,-8.94484998402217e-10,9.47705933267364e-10,8.1820796891327e-10,5.46864276764477e-10,4.21356307194794e-09,1.2630163282383e-09,-1.0908528932216e-08,-7.62635523716885e-08,4.54352339152912e-07,-1.85819990851498e-07,-7.09821488118365e-07,-3.64342454825953e-07,5.5107091675739e-08,-7.88929194138196e-08,7.13110898663459e-08,7.97621249539686e-10,7.00419625058604e-08,-1.56144325643426e-07,1.01548439833154e-07,-4.49328284006706e-08,3.95422725449624e-08,-3.81823638415852e-08,-1.69618437885078e-07,9.66891868349872e-10,2.57201274881504e-09,2.15974135581653e-09,2.52909223861741e-09,1.93118695301979e-09,1.26088672384373e-09,1.45607966968658e-09,9.59001632097321e-10,6.55715864279715e-10,2.07611481443089e-09,5.48906692956964e-07,-7.79769225454001e-07,2.17239129398349e-06,9.71526048478766e-07,-3.37356450586518e-07,9.49658241335037e-08,-3.0503903491644e-07,4.48765684134669e-07,-1.37985236787611e-07,6.1119716175514e-09,8.81499486769545e-10,5.10672205289148e-06,1.81130192401555e-06,-1.38722830159505e-06,1.18782941502978e-06,7.33467635382815e-08,1.76732935315251e-08,-2.5036996862525e-07
"north_west","p_NC_80_plus",-5.17128971211384e-08,7.28283670456535e-06,8.82837613820146e-08,-4.07644733933781e-08,3.369383507092e-09,1.79885993225705e-09,-6.25954930763978e-09,1.74796433262595e-08,-1.09406000451196e-08,1.57076116508654e-08,-7.43607172010137e-09,5.710662909435e-09,1.22344828769365e-09,2.19154789495475e-08,-2.01010270642381e-09,-2.683469140571e-08,-1.05072370367399e-08,-3.61837876036552e-09,1.30168201875383e-08,-1.48539266527677e-08,3.47103786433717e-09,-6.26113754307171e-09,8.61568281241014e-09,2.21257088288197e-09,2.4836217971934e-09,1.37923284387386e-08,1.1442105165058e-08,8.75310155469992e-09,1.48386709760923e-08,-8.54801664629177e-09,3.24171863659594e-10,1.65362803106612e-09,7.77110775171447e-09,5.35230450918589e-09,-8.00333271428866e-09,9.1544773056195e-09,-1.05761218686584e-09,1.21821210199336e-08,-2.13574052216662e-08,1.37790123243424e-08,7.78173794866643e-08,2.39518658616314e-07,2.00138625743993e-06,1.1047466015335e-07,-1.85556945725067e-07,2.96130813957107e-07,-1.45381362581621e-07,-2.31347944561147e-08,2.58515388592513e-07,3.92476674524894e-08,3.54137536084564e-07,-3.15840711106098e-07,-6.027712071596e-07,1.05752623449369e-07,-8.03730262638561e-08,1.16504092439284e-08,9.79540393222613e-08,1.77906127378403e-09,4.93180125496574e-09,2.58891869672186e-09,1.93118695301979e-09,1.8210027535526e-08,2.72796541262465e-09,2.37635779993085e-09,7.87190460849161e-10,4.61186169561672e-10,1.56032075226766e-09,1.58123278770781e-07,-5.38438721062701e-06,6.43679591118125e-06,2.15190440908238e-07,-6.46702830038768e-07,1.24510118246897e-07,1.94112602528903e-07,5.05787894103353e-08,7.81537286303542e-08,9.37360144361393e-08,-6.31761146171343e-11,-4.7972510774383e-06,6.61730310534978e-06,5.8929095081445e-06,-1.7507963135477e-07,3.91027010240056e-08,5.54831975290922e-07,-1.60981055694881e-07
"north_west","p_NC_weekend_15_24",-1.58186813332281e-08,2.44162270512168e-06,2.78135984600793e-08,-9.38883380017926e-09,9.41357422886479e-10,-5.42654370484028e-10,-2.53862224932954e-09,5.29536857599273e-09,-9.94962779562651e-10,2.27875398343373e-10,9.22289774957041e-09,2.99975457071921e-10,1.52400668979719e-09,9.82188236424072e-10,3.82195013663055e-09,-4.0003476921334e-09,-2.39258208180501e-09,-5.48353232571705e-10,1.70730270355639e-09,2.56052732213827e-10,3.28950434606905e-09,2.91219523645558e-09,1.45782753194256e-09,1.19100380234227e-08,2.91367413664484e-09,1.00793309873602e-08,3.24817874936506e-09,1.02874113680982e-08,1.01302182915316e-08,4.04790728457035e-09,4.59579488051084e-09,1.03600450662781e-08,5.46051055982543e-09,1.1389078215404e-08,-1.91397846645683e-09,9.30956097072289e-10,-4.03090930467944e-11,3.19355939088954e-09,-4.19140391232631e-09,4.4850189451575e-09,1.80959652849299e-08,-3.22234817686137e-08,7.94269361310432e-07,-1.23768865521184e-07,-5.86085326155624e-07,-2.1538491907176e-07,6.47636029572386e-08,-9.64015576855327e-08,7.26730308063121e-08,2.35077136878497e-08,1.3343664423004e-07,-3.10223146653134e-08,-1.00662215858378e-07,6.76290456887843e-09,2.36229644207389e-08,-2.78250543050892e-08,-1.4864725257407e-07,7.72219500482382e-10,2.42697831910225e-09,1.58043048301294e-09,1.26088672384373e-09,2.72796541262465e-09,2.12587282952864e-09,1.16645146867869e-09,5.12985693258065e-10,4.53209855859756e-10,1.21506338046192e-09,2.70035474247963e-07,-1.65422560889792e-06,3.11924117992683e-06,7.23339192517478e-07,-4.81486088793762e-07,5.43076904198834e-08,6.39312143708928e-08,3.48585147383988e-07,-7.63023335151517e-08,1.86626911146024e-08,4.93967769814098e-10,5.25626316670748e-06,3.18177614698603e-06,-6.90390715883574e-07,5.57295881555162e-07,6.47785718990491e-08,1.26949711650992e-07,-2.06323323098556e-07
"north_west","p_NC_weekend_25_49",-1.95916217585024e-08,1.35769071702122e-06,1.91451774709663e-08,-7.11046235444042e-09,1.46792898572854e-08,3.43483542377018e-09,-5.51559084590924e-09,6.39873537208875e-09,-3.15210224613207e-10,5.43222459117282e-10,8.9886341789423e-09,1.44132488240204e-09,2.26134440124902e-09,3.60985814800908e-09,2.3601526599185e-09,-3.16473857722698e-08,4.78974349637653e-10,-5.22692127725401e-10,2.77855943354281e-09,2.97826679078934e-09,3.51177196725835e-09,3.74464722635345e-09,4.31058449688042e-09,1.05933550805906e-08,7.8132194745817e-09,7.91729283079301e-09,3.85595364440003e-09,1.27315992938495e-08,1.0259457271976e-08,4.77039250757031e-09,2.89482448777568e-09,9.6908313350494e-09,7.62368051245347e-09,6.73831973184101e-09,-1.74842800078446e-09,2.76717200748008e-09,-2.24886446334159e-09,3.16971037696578e-09,9.86604877281125e-11,7.6066912433791e-10,-1.83363388057628e-08,-2.85571183629608e-08,6.16457127565132e-07,-1.08231054889959e-07,-5.30509262417644e-07,-2.83481298312617e-07,-6.88591549914496e-08,-3.39032042472239e-08,8.75424990128395e-08,-1.37206428225436e-08,8.69414596017742e-08,-1.38612373496636e-07,-2.12252652409599e-08,-1.35531623854895e-08,3.39634817347072e-08,-1.92047373801657e-08,-6.49756097267847e-08,8.57526242177825e-10,2.47390296207275e-09,1.77640270952702e-09,1.45607966968658e-09,2.37635779993085e-09,1.16645146867869e-09,2.6111660582942e-09,7.4074680558116e-10,3.63263152105705e-10,1.59567669666496e-09,3.51411998615054e-07,-1.34919490910114e-06,2.43552925559448e-06,7.33958545829425e-07,-3.01979611416352e-07,-1.7435877649196e-08,-9.21952109224512e-08,1.98198732712643e-07,-7.2684172515812e-09,6.13115417638871e-09,4.02768514348676e-10,2.16848588693496e-06,2.45026616875459e-06,-1.15026311280395e-07,3.43882329789806e-06,4.8071022580299e-08,1.2251414749469e-07,-1.82468782895883e-07
"north_west","p_NC_weekend_50_64",-1.08087246696885e-08,-5.12845943860317e-07,-1.30283310062525e-08,7.9321727466711e-10,4.83787159591806e-09,1.90935277166017e-09,-6.76211462123581e-10,1.1667777886212e-09,3.24500216646233e-09,-3.09354209079754e-09,6.89049764916036e-09,4.53935601990612e-10,1.92723046679956e-09,3.60523412305936e-10,2.70524779896498e-09,-1.99854014247194e-08,2.34448329416765e-09,1.45979004710034e-09,5.23351910810602e-10,5.66611670896732e-09,3.59269179836134e-09,4.50928947861437e-09,4.22965704046163e-09,7.97772127625943e-09,7.31627886743894e-09,7.58433243714387e-09,1.66717498297076e-09,9.37636066899037e-09,8.84932256688606e-09,8.58364776394e-09,2.35744004382386e-09,1.00760472677871e-08,4.7049067502686e-09,1.11463713757036e-08,-2.76742299773369e-10,7.66719645740705e-10,-6.8110112071516e-10,1.04392754646133e-09,2.45251385219961e-09,-1.15241223354488e-09,2.73728811512118e-09,-9.60713915975954e-08,1.40983362464016e-07,-1.28076228876297e-08,-2.87881508596141e-07,-1.76425369273818e-07,7.3228090394602e-08,-5.47854384483215e-08,9.99304556906834e-09,-6.85448684476475e-09,8.37972455828316e-08,-8.84952625483749e-08,2.75841681949368e-08,1.46110840880136e-08,1.86747081118115e-08,-8.15315331077722e-09,-6.5413498319819e-08,6.0179449080905e-10,1.24468184983252e-09,1.40266184015931e-09,9.59001632097321e-10,7.87190460849161e-10,5.12985693258065e-10,7.4074680558116e-10,1.40607023106707e-09,3.83871241402331e-10,1.17089082634515e-09,3.78513857246871e-07,-2.97648944144627e-07,3.86309840083547e-07,4.91089368018644e-07,-9.88281615152776e-08,-7.35019546741654e-09,-8.64888531178255e-08,1.30659856203029e-07,-7.27776887320338e-08,-6.2672511817593e-09,5.22618239829912e-10,6.3497113581034e-07,3.42488940384763e-07,-9.17036911402649e-07,5.21446828261123e-07,2.55047897606297e-08,-7.70486963848347e-09,-1.55770924462321e-07
"north_west","p_NC_weekend_65_79",-1.59403423080328e-09,-2.3567077578338e-07,-1.26750181727419e-08,1.93315487561166e-09,4.64697782333372e-09,1.47944466625824e-09,3.36026189806978e-10,1.8514508876967e-10,3.00048904816395e-09,2.4186784425261e-10,4.4802817804765e-09,5.36492617874181e-10,1.59438458313284e-09,-1.59597083850065e-09,4.31084224940559e-09,-7.30799804444108e-09,2.30227740782135e-09,2.47195809171077e-09,8.82167732835821e-10,4.17983121309582e-09,3.64385377219041e-09,5.31802369732175e-09,2.84087597375678e-09,9.09341933670708e-09,5.41865555570192e-09,7.04184674901576e-09,2.34630648894829e-10,7.47218255705774e-09,7.95024831190201e-09,9.66177079951958e-09,2.69876573977582e-09,9.97255933517427e-09,6.00274492586596e-09,8.81898994816918e-09,5.89997663432735e-10,1.96337143050858e-10,1.47649698941371e-09,-2.57267475714352e-09,4.95961400701929e-09,-7.16602728319491e-10,-3.10684271936982e-08,-1.12136226929744e-07,-6.37298364296778e-08,-8.72883118143894e-08,-2.27234472359674e-07,-2.14661265714245e-07,9.80682012554912e-08,-2.44512122385237e-08,-1.6127340798834e-09,6.46707992381599e-09,1.65315255612962e-08,-8.21054682488662e-08,1.27754516947249e-08,4.22378055609463e-09,2.03993460278538e-08,-9.27046703547734e-09,-2.15076311619429e-08,4.54660381648353e-10,6.74655722874691e-10,9.83496734264903e-10,6.55715864279715e-10,4.61186169561672e-10,4.53209855859756e-10,3.63263152105705e-10,3.83871241402331e-10,9.04168866984688e-10,5.6845424475616e-10,2.29412360849749e-07,2.70689650563717e-07,6.0962501852607e-08,3.4048221676289e-07,-8.8968800132121e-08,1.05410267952447e-07,-1.47072463212267e-07,1.59975010852626e-07,-1.27383758369365e-07,-1.2032389909592e-08,2.86512562650216e-10,1.6481886970021e-06,-4.33034803297024e-07,-1.64716782436536e-06,6.83794261613906e-07,1.90087206512491e-08,-6.12961050683211e-08,-1.46075065607412e-07
"north_west","p_NC_weekend_80_plus",-2.5265209551792e-08,-6.84031245882656e-07,-9.76836459800495e-09,9.93932666968457e-09,2.47408011103509e-08,-6.8949764350275e-10,4.39109349911897e-09,-1.86122584592247e-09,1.02144493152369e-08,-9.25475921791027e-09,1.96797741832628e-08,2.16569102803643e-09,3.38229724387566e-09,1.02752224826689e-09,6.99489443657e-09,-6.42256319397237e-08,3.61602454797804e-09,4.89969658328719e-09,-7.66081982886936e-10,8.43736934335528e-09,9.15186160803312e-09,8.34774043870696e-09,1.20240138136857e-08,1.12964404039883e-08,2.63495832293211e-08,1.97360661096364e-09,5.59915994622044e-09,2.50864310317967e-08,1.57775237449252e-08,1.02519274331857e-08,4.1825237373863e-09,2.25695254624428e-08,7.44595345127026e-09,1.99036153734907e-08,-2.6001886507039e-09,4.77765472004381e-09,-1.37706442599619e-09,1.90145458677438e-09,2.84743520798087e-09,5.93810330187271e-09,-6.54330783682192e-08,-4.36326736537415e-09,5.98593015680137e-07,-2.44224565463634e-07,-6.91684709824827e-07,-4.26794080831298e-07,-1.30033211242466e-07,1.90520216769611e-08,1.28889148710137e-07,-3.38551290389466e-09,4.95493636046213e-09,-2.26806899853767e-07,2.92673166794398e-07,-1.18976872945916e-07,8.29277069761449e-08,-4.38624783704573e-08,-2.91336618043249e-07,1.19988629395683e-09,3.25183319548401e-09,2.63789512131804e-09,2.07611481443089e-09,1.56032075226766e-09,1.21506338046192e-09,1.59567669666496e-09,1.17089082634515e-09,5.6845424475616e-10,8.43571226321629e-09,6.76396328548994e-07,-1.01345914853862e-06,2.47152738079169e-06,9.19739714821396e-07,-2.25287604498424e-07,-4.45280612365398e-08,-6.40038970613481e-07,4.20116874677552e-07,-1.47577758777905e-07,3.04942350136206e-08,1.19157291847032e-09,4.77854052171927e-06,1.13176467355814e-06,-5.74123401630954e-07,4.29640448807206e-06,7.59672127100257e-08,-2.24279961507138e-08,-2.11640004719392e-07
"north_west","p_W_D",-4.64274588602418e-07,-0.000456096795478603,-1.78284763784857e-06,-8.38712276776067e-07,-2.41408820706306e-07,-1.4148140344145e-07,1.81482347922727e-06,-1.50273275911574e-06,4.2219966122806e-06,-4.73592810006926e-06,7.50468952549923e-06,-9.21579101160141e-07,1.15611447611615e-06,-2.7054425314444e-06,1.3657815583122e-06,2.76437756271476e-06,1.46878069671518e-06,9.84279623158749e-07,2.29678048151096e-06,-2.32055805180062e-06,3.92748704568888e-06,2.43579197513147e-06,7.38843331174384e-07,8.00635696382504e-06,2.06795746869832e-06,4.09941912812839e-06,1.29734723555328e-06,5.26502905639398e-06,4.56351892624674e-06,6.16541318199325e-06,1.95625328368149e-06,6.40627348336244e-06,3.98892747869561e-06,6.02210932168982e-06,-6.19830545350843e-07,5.34696243746079e-07,7.87794914262521e-07,-2.19120146584752e-06,4.30911590702997e-06,8.69485912062841e-07,4.88792803682888e-06,-0.000118433180943229,-7.33745240371035e-05,-0.000132052977852482,-0.000299489686155701,-9.55388080561204e-05,5.64780589598105e-07,9.66250530705217e-06,-4.03133714017881e-05,4.79987403733573e-06,-5.95709380441061e-06,-4.9952345706433e-05,9.42396399254601e-05,-2.55610035288708e-05,2.65712023023686e-05,4.70908591144885e-06,-0.000177338862344593,2.20565469873936e-07,8.07765179548575e-07,8.72936386045608e-07,5.48906692956964e-07,1.58123278770781e-07,2.70035474247963e-07,3.51411998615054e-07,3.78513857246871e-07,2.29412360849749e-07,6.76396328548994e-07,0.00163607647728157,0.000268832890990713,0.000381659803279047,0.000406241658814821,-1.47108867392479e-06,-2.89277240671088e-06,-0.000179992683825553,0.00011156151241435,-0.000119363995584106,-1.51227735126412e-06,3.9389384991395e-07,0.00348078907882284,-0.000503977929436533,-0.00108461318135763,-0.00018650890707668,4.80568567059853e-05,-4.062910965311e-05,-0.0001028490917506
"north_west","rel_p_D_alpha",6.87889348757134e-05,-0.00890186420078765,-6.10425165236382e-05,2.93721389334049e-05,-5.3306183430767e-05,-1.34005507328062e-06,2.96294052351114e-06,-1.20005026815798e-05,8.49981383964911e-06,-2.82170190558794e-07,-8.14309819716022e-06,-2.41616628290173e-06,-2.23561442415961e-06,-1.29366632526809e-05,1.42650893634061e-06,7.03928129109138e-05,1.36510256475704e-05,2.77917242605327e-06,5.30127547071275e-07,8.82399857863701e-07,6.58722919858187e-06,7.1087386489621e-06,1.54628886877312e-06,6.03522894552469e-06,-3.09648974729965e-06,1.70001051711745e-06,-1.37431151977932e-05,8.55631314117994e-07,-4.48086639370734e-06,2.10496927493062e-05,2.51196110877177e-06,-4.5536374591582e-06,5.23740801565044e-06,1.12251718250181e-05,1.07697213971823e-05,-1.09932842987189e-05,5.58344264396481e-06,-9.59045507226017e-06,1.11149156085028e-05,-2.74237667384887e-06,-0.000144880975956873,-0.000179718379739668,-0.00463263079081437,-0.00103963559861935,-3.48596999705743e-05,0.000234280648446246,0.000448688354677156,-3.1570922185661e-05,-0.00020591153771486,9.07170666829816e-06,-0.000599516860783308,7.98388147025977e-05,0.000450774060088811,-0.000137140418159214,2.84740661737452e-05,5.35742884846439e-06,-0.000108837019095251,-6.16690812920045e-07,-2.78391036516848e-06,-1.22869262495615e-06,-7.79769225454001e-07,-5.38438721062701e-06,-1.65422560889792e-06,-1.34919490910114e-06,-2.97648944144627e-07,2.70689650563717e-07,-1.01345914853862e-06,0.000268832890990713,0.0112436379822958,-0.00723704899396982,-0.00142046566605578,0.000576649796900397,8.32174901031531e-06,-0.000285100929170838,-5.2890072809468e-05,-0.000241117234736087,1.59315276896293e-05,-1.34718280147556e-06,0.00771310984584469,-0.00845314539191597,-0.0044476694185889,-0.0169855929478098,1.20865543645741e-05,-0.00056394466854256,1.63527599368689e-05
"north_west","rel_p_D_delta",-7.73126875651375e-05,0.00926143166795054,8.42281144075231e-05,-3.6623224512618e-05,3.95059437618454e-05,-9.96978040867055e-07,-9.1302802307265e-06,1.82342421602374e-05,-9.78077456726478e-06,1.61063750193111e-06,1.67167257063542e-05,1.58254140969938e-06,3.56010463375304e-06,8.74027432606026e-06,-8.64614692098657e-07,-4.34653228062634e-05,-1.18557246480888e-05,-5.90546423819254e-06,5.35061986895968e-06,-1.09974430222478e-05,2.83637184709542e-06,-5.32046234121263e-06,-2.01858443298529e-06,1.01880038188947e-05,8.02528395950025e-06,8.17377760580186e-07,1.13785547314149e-05,1.62981721880745e-05,8.25800367549304e-06,-7.85461513117713e-06,1.19144312348622e-06,1.42557699370227e-05,-1.8626872390139e-06,1.36763581359152e-05,-7.88474198535241e-06,6.72131366574163e-06,-6.0149299068566e-06,1.15907763198713e-05,-1.3882428248586e-05,9.80365237640833e-06,0.00018717988551038,0.00020623821542573,0.00323137919196646,-0.000378153719509959,-0.00138136746653515,-0.000232136875004998,-0.000376710076257482,-2.13591687427048e-05,0.000412571778065776,-1.35360029047704e-05,0.000360392549057291,-3.43080059128013e-05,-0.000239171206141827,-5.2344695159122e-05,2.67550121475228e-05,-6.04184422883134e-05,-0.00022559811926459,1.38522312571916e-06,5.60532519894759e-06,2.90779163717127e-06,2.17239129398349e-06,6.43679591118125e-06,3.11924117992683e-06,2.43552925559448e-06,3.86309840083547e-07,6.0962501852607e-08,2.47152738079169e-06,0.000381659803279047,-0.00723704899396982,0.0119115825351294,0.00147587587265922,-0.00128184794460012,0.000315237481814503,0.00013726460821495,0.00077306756011307,-9.68921086043415e-05,6.50398396756543e-05,2.14190344912518e-06,0.00619986558078011,0.00878387478358962,0.00223554699020134,0.0134497976775457,9.66235572538187e-05,0.000596028363852359,-0.000243061269818233
"north_west","rel_p_D_omicron",-2.60091426405614e-05,0.00105334044219193,1.69834915507739e-05,-2.79117149040463e-06,1.58352714788808e-05,8.3059064277082e-08,-1.45870712112854e-06,3.29902744067993e-06,5.34573027551137e-07,-2.19528351147466e-06,1.29831400626268e-05,-3.75164886207599e-08,1.893371808821e-06,-5.01450514212971e-07,2.07889928770431e-06,-2.33565227110045e-05,1.64946963449732e-06,4.64034449740119e-07,4.10047307115904e-06,-2.56535096622361e-07,3.35231674299404e-06,5.19395146585843e-06,-3.11615308119527e-07,1.13891724565594e-05,7.30045823910765e-06,4.96443009808985e-06,3.32097083579866e-06,1.04391600340381e-05,7.09559141994805e-06,7.98143151554312e-06,3.05617470710085e-06,1.13826157138361e-05,5.23126538472578e-06,1.37860024294653e-05,-1.80366251640941e-06,7.66093489546147e-07,2.05835011896615e-06,-1.62340388724025e-06,2.18880862889325e-06,1.55990135087634e-06,7.0761242590572e-05,-8.09653979730226e-05,0.000735238403206257,7.20477013834414e-05,-0.000928555706822974,-0.000335766903946696,0.000108474167124559,-3.51116519484338e-05,2.56744151892019e-05,3.80739938960934e-06,0.000122575564353052,-2.98603696307526e-05,0.000105759436522108,-9.97972216102134e-06,4.55478282348449e-05,-1.97710360710034e-05,-0.00012985999738625,4.35241559766325e-07,1.43369262616376e-06,1.23394549714439e-06,9.71526048478766e-07,2.15190440908238e-07,7.23339192517478e-07,7.33958545829425e-07,4.91089368018644e-07,3.4048221676289e-07,9.19739714821396e-07,0.000406241658814821,-0.00142046566605578,0.00147587587265922,0.00173651580235707,-0.000307037970637339,0.000135177430053623,-0.000117843556853365,0.000298377379975854,-0.000163607326556949,-3.91612629148667e-05,1.30852348317377e-06,0.00428924509213926,0.000700794244801214,-0.00264246083273975,0.00458367651458027,3.41322338532601e-05,1.29334781311413e-05,-0.000186336916044122
"north_west","rel_p_H_alpha",2.1078240436639e-06,-0.000832456837866995,-1.11287467571582e-05,2.82249261113092e-06,5.99797035559648e-06,4.84149507353319e-07,3.34419807240548e-06,-1.42431718271761e-06,1.85970516734993e-06,-3.25719470190514e-07,-4.39097104523416e-06,9.00681856084307e-07,5.77450737242013e-07,4.54650264666162e-07,-9.72796431855942e-07,-6.53471110284791e-06,3.00615065993341e-06,1.98981005550592e-06,-8.41617811181081e-07,4.00131374481416e-06,-8.41479404518873e-07,1.34496920173635e-06,2.31898410252839e-06,-4.08218215785638e-06,3.40003210692587e-06,-1.69149018535671e-06,-8.76584694210472e-07,-5.43783461828458e-07,-1.98384065314596e-06,1.15381439047095e-06,-1.91380548908771e-06,-4.99282545247619e-07,-5.7343202487794e-07,-1.76902103556112e-06,8.66314443069678e-07,1.22706176852089e-06,-1.47462815941281e-06,1.23015240309964e-06,9.11622158052988e-07,-8.78195687433513e-07,-1.99237653959316e-05,9.53073156070718e-06,-0.000370408315930591,5.10444782050791e-05,0.000268723323334617,0.000109515299646925,-0.000201845370917976,1.7834313898135e-05,-4.01693405688105e-05,1.18191957232925e-07,-4.61784429384129e-05,-0.00013107878366026,-4.26031880387232e-05,2.72324313250726e-05,-1.01963658845144e-05,1.5923509046747e-05,3.98491690076148e-05,-1.2807573505741e-07,-7.40816495646906e-07,-3.65651534676616e-07,-3.37356450586518e-07,-6.46702830038768e-07,-4.81486088793762e-07,-3.01979611416352e-07,-9.88281615152776e-08,-8.8968800132121e-08,-2.25287604498424e-07,-1.47108867392479e-06,0.000576649796900397,-0.00128184794460012,-0.000307037970637339,0.000688677657739747,-0.000268253235061748,-0.000135133911098217,-0.000375925836649362,0.000177457486317433,-1.24520692770542e-05,-1.43740337336713e-09,-0.00484822318439684,-0.00163505465448509,-0.000105259785033026,0.000671040761786383,-4.08781118876074e-05,-6.53515149411185e-05,5.69105695138503e-05
"north_west","rel_p_H_delta",-4.99077666362203e-06,0.000220569462889804,-4.44359155022724e-06,1.27267619585026e-06,3.92776998752501e-06,3.61535350127868e-07,-6.30416213622801e-07,1.47027290148409e-06,-5.10238674414254e-07,1.53252808364852e-06,1.2033003009431e-06,4.19155783487726e-07,8.74160921769683e-07,4.7524023003713e-07,7.9425591919502e-07,-1.11068058037375e-06,2.91408255560406e-07,3.48262860428912e-07,1.70973679434536e-06,-2.48309040394469e-07,4.20027711445917e-07,1.0526726475362e-06,-2.94246634531471e-07,1.41919814073216e-06,5.51739044895996e-07,2.9305832754744e-07,-3.0419778434151e-07,6.2086986553741e-07,1.24790587588363e-06,1.29255933668186e-06,5.7023953737632e-07,1.28510420106662e-06,9.16533591687643e-07,9.39913641065591e-07,3.07479357704451e-07,-5.24538902505261e-07,1.56774945995853e-06,-9.64916476833513e-07,5.6425782868377e-07,2.72588378087204e-07,-2.4392732194447e-06,1.02792162050247e-05,4.31287801862569e-05,-6.55271694460345e-05,-0.000116853123441271,1.19611404569174e-05,0.000157858460103008,-2.02975844853819e-05,-1.43461917859295e-05,-2.43555466121019e-06,4.96213751055617e-06,-1.77605693491052e-05,-3.91971579556962e-05,-1.44216295107663e-05,1.1666065408184e-06,9.92054109384565e-07,8.29736993581928e-06,9.90116315606922e-08,2.89258192576433e-08,9.04163832685719e-08,9.49658241335037e-08,1.24510118246897e-07,5.43076904198834e-08,-1.7435877649196e-08,-7.35019546741654e-09,1.05410267952447e-07,-4.45280612365398e-08,-2.89277240671088e-06,8.32174901031531e-06,0.000315237481814503,0.000135177430053623,-0.000268253235061748,0.000404309846109174,-6.73410690280233e-05,0.000151367000830345,-0.000224738763063088,8.88762313747796e-06,1.93716188512902e-07,-0.000529922321411839,-0.000528945906711086,-7.9690601787341e-05,0.000989556371334945,-1.30396119083119e-05,3.30907403043835e-06,-1.71199006352464e-05
"north_west","rel_p_H_omicron",6.71855303470978e-06,0.000709521332131487,3.17355059773962e-05,-4.42459500349495e-06,-1.3850637181794e-05,1.30970258675239e-07,-3.86625284750277e-06,2.54956346789742e-06,-4.43439726198629e-06,3.03701741905072e-06,-5.94628228464031e-06,3.13346119481777e-07,-2.38560220564519e-06,2.09848242372347e-06,-2.26105027498059e-06,1.7379501641604e-05,-3.03567967396914e-06,-1.88309759808949e-06,-4.14936446772385e-07,-3.62203238477947e-06,-2.47937404823157e-06,-1.94106340435692e-06,-3.49857033482778e-06,1.35100766336071e-07,-1.01516304371361e-05,3.68597377179209e-06,3.75076532259971e-07,-4.58602012468483e-06,-7.96832320200709e-07,-5.15249945025304e-06,5.93423508282874e-07,-8.51934341054876e-06,-1.334994102785e-06,-4.07143139526546e-06,-7.81445681382022e-07,-6.15249707632936e-07,1.13042429739094e-06,-6.63686078510386e-07,-3.20290616949505e-06,-3.17408562761881e-07,-4.83729027470154e-05,-7.05540274908081e-05,9.55835268152257e-05,5.94772114628968e-05,5.10242716872366e-05,-7.21726111938034e-06,3.57529998511728e-05,-5.170411304586e-05,-2.03426022863097e-06,-3.25105702552781e-06,5.5420041537156e-05,0.00010787871414981,-0.000468568322323824,7.16495177160682e-05,-1.98119955914472e-05,5.60157623811077e-06,5.29491274599742e-05,6.64911818971655e-08,-3.37852693603728e-07,-2.85529668128813e-07,-3.0503903491644e-07,1.94112602528903e-07,6.39312143708928e-08,-9.21952109224512e-08,-8.64888531178255e-08,-1.47072463212267e-07,-6.40038970613481e-07,-0.000179992683825553,-0.000285100929170838,0.00013726460821495,-0.000117843556853365,-0.000135133911098217,-6.73410690280233e-05,0.000817398182902035,1.11728952576935e-06,3.22680123727398e-05,-2.36537748955186e-06,-3.1739705541003e-08,0.00106899567863632,0.000539495917222478,0.000311761145453531,-0.00271782458393572,3.4224110884401e-06,6.60742829742436e-05,-1.34408766215378e-06
"north_west","rel_p_ICU_alpha",-4.05088916668597e-06,-6.36230726628984e-05,-6.71697636076801e-07,1.60455004362915e-06,-2.06681607608103e-06,3.80775966144802e-07,-2.61287382754022e-06,3.27835037562611e-07,9.54138749304855e-07,-1.05871251447223e-06,3.15583907689668e-06,-8.53884546001672e-07,-1.86282987033504e-07,-2.29234321352892e-06,1.1408126485284e-06,-3.1126205192971e-06,8.8758634852634e-08,-4.84513902594042e-07,-1.03785086231204e-06,2.80406588980444e-06,2.31114325291021e-07,1.78041534474198e-06,-1.1515402277468e-06,6.33648937722302e-06,1.98415832403292e-08,2.11743875674854e-06,8.41731217461715e-07,3.41827782535491e-06,2.97234289593738e-06,3.73753594331988e-06,1.7953740796199e-06,4.55966613011334e-06,1.59268570261407e-06,4.55405135238598e-06,-7.42121606689261e-07,1.97432747657855e-07,1.00504435658185e-06,-1.4659683406485e-06,9.29438345927238e-07,-2.62328611036545e-07,4.49533430287282e-05,1.78011263270677e-05,0.000192403494564933,-8.53911683837202e-05,-0.000257585110472387,-0.000147735414235158,0.000194566658289353,4.78909255487048e-06,7.72915359692171e-06,-3.55725723263458e-07,8.23515706122452e-06,5.91493771785069e-05,6.44718802834336e-05,-7.44847266996384e-05,3.27316194563463e-05,-3.80358578988071e-05,-9.70725201220499e-06,1.40874280185528e-07,5.65965082414471e-07,5.62401491998125e-07,4.48765684134669e-07,5.05787894103353e-08,3.48585147383988e-07,1.98198732712643e-07,1.30659856203029e-07,1.59975010852626e-07,4.20116874677552e-07,0.00011156151241435,-5.2890072809468e-05,0.00077306756011307,0.000298377379975854,-0.000375925836649362,0.000151367000830345,1.11728952576935e-06,0.000876673944391151,-0.000460868333950596,9.34642237050451e-06,-1.7513354354181e-07,0.00501040380557063,0.0010682042534245,-0.000880545458985729,-0.000333609762998154,4.71418655149877e-05,-1.58947217108041e-05,-8.13254169215214e-05
"north_west","rel_p_ICU_delta",3.45136160944466e-06,0.000395553260671831,4.21519381533028e-06,-7.26510047190447e-07,-7.16579247443277e-07,-6.2309502603838e-07,1.84806327011415e-06,-8.4947819412693e-07,-2.01035464615639e-07,-6.6003026301384e-07,-6.16232397119159e-07,1.18694855629764e-07,-2.80705595565788e-07,9.40691827649914e-07,-6.03872828970299e-07,8.84576030628544e-07,-1.22889107825223e-06,-2.21082200564361e-07,-7.95012802335957e-07,-2.44920987109045e-06,4.64115723607836e-07,-2.21552381865925e-06,-2.57860125921052e-08,-3.48542321204663e-06,-6.09619610294468e-07,-1.71711355054978e-06,7.76008645541319e-08,-1.6816307152135e-06,-2.46524279113403e-06,-3.846755586546e-06,-1.37627899896368e-06,-3.00125637620564e-06,-1.2591139385735e-06,-4.21128208468957e-06,1.26499795278468e-08,3.30614497388775e-08,-1.05686160315619e-06,1.27998059546051e-06,-1.01862067141434e-06,5.04699343848888e-07,-8.76174873795496e-06,-4.58405468813885e-06,1.60435794069707e-05,6.58168804749524e-05,0.000137645381007674,2.53183769206843e-05,-0.000175277083129175,1.33785673830715e-05,2.52255346357233e-05,3.0408658977604e-07,5.92622674096473e-07,-8.90457508612283e-06,6.02573568015261e-06,3.17454620466736e-05,-9.6189231031696e-06,6.33468192779074e-06,-1.38475978098367e-05,-7.96402804475976e-08,-3.73915795519014e-08,-2.48717586143092e-07,-1.37985236787611e-07,7.81537286303542e-08,-7.63023335151517e-08,-7.2684172515812e-09,-7.27776887320338e-08,-1.27383758369365e-07,-1.47577758777905e-07,-0.000119363995584106,-0.000241117234736087,-9.68921086043415e-05,-0.000163607326556949,0.000177457486317433,-0.000224738763063088,3.22680123727398e-05,-0.000460868333950596,0.000485763319167132,-2.49250131284237e-05,6.64935156128059e-08,-0.00116075963717096,0.000158467737773031,0.000784605246428786,-0.000192989133536394,-1.84166370316814e-06,2.93656008274575e-05,5.30490315920393e-05
"north_west","rel_p_ICU_omicron",-4.75303868112409e-07,9.21724803114898e-07,1.89854591938247e-06,-3.47203056591873e-07,-1.50744453155148e-06,-8.42523270565933e-08,2.8515283780633e-08,-1.53445429794202e-07,1.87479290204792e-07,-2.07086903056851e-07,2.99706992393726e-07,-2.73840443010203e-08,3.09161508639222e-08,2.29153384033058e-07,-9.69404644431838e-08,9.31525119355613e-07,-4.45944560266567e-08,-2.4792692796186e-07,-9.21909357519404e-08,7.93766991783657e-08,1.03503039248033e-07,-4.60442039026232e-07,2.91017080749685e-07,-3.89877911994825e-07,2.20692261967821e-08,-3.25933738899837e-07,-1.26164236734317e-07,6.07745357067433e-08,-3.41970903943788e-07,-6.76552154378584e-07,-2.68454881948181e-07,-5.33623423748815e-07,-6.85362598914764e-07,4.96292689198156e-07,1.34428188954239e-07,-5.63969539832677e-08,-3.18655083490784e-07,5.73327125875967e-07,-7.76147264258036e-07,3.41783697826489e-07,1.17349802904896e-05,7.32909748243615e-06,-7.1528779123977e-06,-7.85568217905999e-06,1.14383576000806e-05,1.14994793422796e-06,-9.50107067919345e-06,-7.82545317810497e-06,1.02524335709287e-05,-2.10512727350172e-06,-3.08191171416528e-06,-1.44234700283417e-06,-6.31419665634378e-06,-5.37996253887582e-06,-2.97325979844976e-07,-4.21034761987455e-07,4.09605013523749e-06,-9.93535008039894e-09,3.73775917726888e-08,1.50545079232992e-08,6.1119716175514e-09,9.37360144361393e-08,1.86626911146024e-08,6.13115417638871e-09,-6.2672511817593e-09,-1.2032389909592e-08,3.04942350136206e-08,-1.51227735126412e-06,1.59315276896293e-05,6.50398396756543e-05,-3.91612629148667e-05,-1.24520692770542e-05,8.88762313747796e-06,-2.36537748955186e-06,9.34642237050451e-06,-2.49250131284237e-05,3.061113840666e-05,-2.46129256522909e-08,0.00011107775575737,0.00011253283044997,0.000262785954484043,-0.000493411352428588,1.14155015065059e-06,6.32122005976123e-06,1.04153505976437e-05
"north_west","rho_pillar2_tests",-4.73675778773675e-08,8.11143807668325e-07,-1.78682628252847e-09,-1.35340505771055e-08,2.45457031614772e-08,3.909447214968e-09,-2.28956071753356e-09,1.38116739833723e-08,-6.33164326537129e-09,8.67959928839563e-09,6.78959994964085e-09,2.07454006462226e-09,3.42327967129269e-09,5.88043687250106e-09,3.33412038080535e-11,-2.29638022807756e-08,4.7777140867356e-09,2.22721943218324e-09,6.05880429889647e-09,3.33145765287556e-09,4.24803189898355e-09,7.99775519128914e-09,4.9185158637437e-09,1.10164328565117e-08,1.36768356666077e-08,4.33291385092332e-09,3.87456573432138e-10,1.55135482101206e-08,8.26975542460212e-09,1.17591614741585e-08,2.43994407460718e-09,1.01888978596901e-08,7.1053275336892e-09,2.59465808237092e-09,1.01446173152397e-09,1.79056823370896e-10,2.19245633602643e-09,-1.70903921715126e-09,4.60971412516225e-09,1.72277789673212e-09,6.77221858604608e-08,-1.14471013427671e-08,5.62785298164238e-07,-6.7881997258756e-08,-7.50641894870055e-07,-3.34154870076373e-07,-2.11147495895524e-07,-1.5200445575135e-07,1.63888771781944e-09,-3.22369440425993e-09,1.03846645898993e-07,-1.86238770377702e-07,3.23287638078165e-08,-6.05260469298121e-08,-2.78768630178716e-08,-1.15164871179702e-08,-1.31207233274811e-07,6.52094435277428e-10,1.19529567475747e-09,1.06016687999703e-09,8.81499486769545e-10,-6.31761146171343e-11,4.93967769814098e-10,4.02768514348676e-10,5.22618239829912e-10,2.86512562650216e-10,1.19157291847032e-09,3.9389384991395e-07,-1.34718280147556e-06,2.14190344912518e-06,1.30852348317377e-06,-1.43740337336713e-09,1.93716188512902e-07,-3.1739705541003e-08,-1.7513354354181e-07,6.64935156128059e-08,-2.46129256522909e-08,9.1353996739915e-09,3.32082150491714e-06,-4.16765757302634e-06,-2.66059992698724e-06,5.22611764006145e-06,1.7805002334625e-08,-4.37239305466439e-09,-2.24666567890646e-07
"north_west","seed_date_alpha",0.000379225771853921,-0.00570409738587361,0.000135329214887862,0.000165105828340862,-0.00047501066074481,-5.46360787306641e-05,8.85028189936304e-06,-1.25895564022573e-05,1.9737233637249e-05,2.16557377542068e-06,0.000104691527770044,-0.000106891007718737,-0.000101730360187505,-0.00018920350540264,-4.56862642374011e-05,0.000487715400606754,-0.000117023463283022,-0.000112188707297032,-8.13070608860169e-05,-0.000232175086293587,-2.42075990623846e-05,-0.000104121184321982,-0.000197595399379488,4.4939368610889e-05,-0.00028647236707048,-2.72992867247217e-05,-3.25469494406454e-05,-0.000141499215647176,-0.000121423710776607,-2.87602150775188e-05,2.13095959411405e-05,-2.34480793013736e-05,-4.90704454022631e-05,9.36886687832046e-05,3.74258793770815e-05,-0.000101658602598048,0.000123254099531709,-0.000105493167011685,2.86266706486208e-05,1.58274174082591e-05,-0.000828334056337052,-0.000824856554816303,-0.00126908456722061,-0.00174554723834761,-0.00537681806773625,-0.00174062076907153,0.00393573742746055,-0.0018072677327474,-0.00077598602000239,-0.000111072389178948,0.000245906796272846,0.00229739056568104,0.00193978280877623,3.30971325911044e-07,0.00137474309749855,-0.000371592439298491,-0.00132508985827105,-1.12880234645086e-06,1.71903914527091e-06,7.61555873282912e-06,5.10672205289148e-06,-4.7972510774383e-06,5.25626316670748e-06,2.16848588693496e-06,6.3497113581034e-07,1.6481886970021e-06,4.77854052171927e-06,0.00348078907882284,0.00771310984584469,0.00619986558078011,0.00428924509213926,-0.00484822318439684,-0.000529922321411839,0.00106899567863632,0.00501040380557063,-0.00116075963717096,0.00011107775575737,3.32082150491714e-06,0.640770351771684,0.036196246269862,-0.0420518298296333,-0.117952521076689,0.00588807697964186,-0.000657598906945661,-0.00232580575477208
"north_west","seed_date_delta",1.33703518323303e-05,0.0124139056092549,0.000123300312446512,-2.29063589746097e-05,-6.72658244616071e-05,-1.63623366130557e-05,4.86221363234083e-06,7.4461072234432e-06,-9.11894960455681e-06,-7.22348525022543e-06,1.42823339875757e-05,-4.20341448902453e-06,-1.21626025574023e-05,9.08397935132636e-06,3.98939281405264e-06,-6.98352543695076e-05,-4.46455223517339e-05,-3.43522721849423e-05,-3.48495044586551e-05,-4.61299934797582e-05,-2.01180450756066e-05,-4.94503222645749e-05,-4.34263381100747e-05,-1.46589597146757e-05,-7.04927965786633e-05,-2.33225098573952e-05,2.26531747602757e-05,-4.61935430208849e-05,-2.8463919683873e-05,-8.07360824952597e-05,-3.13349628159144e-06,-3.98270789095522e-05,-3.68815535061948e-05,-1.36403598281849e-05,-1.77517561081286e-05,1.10329576533656e-05,-3.7917417880535e-06,1.31741272676874e-05,-3.17933151324582e-05,2.03452457815211e-05,0.000191561779989938,0.000780971742632991,0.00332618992495484,0.000642870928452809,-0.000555737481058793,-0.000395413278251277,-7.31080533389108e-05,-0.00016988792116109,0.000640170509360898,-0.000119998643631984,0.000680218707690063,0.000326529938398205,-0.000306607022158205,-6.40187307092911e-05,-3.0313445113886e-05,-5.82390371009186e-05,0.000227559029229869,1.26284876540921e-06,6.1320208309011e-06,2.59174379758057e-06,1.81130192401555e-06,6.61730310534978e-06,3.18177614698603e-06,2.45026616875459e-06,3.42488940384763e-07,-4.33034803297024e-07,1.13176467355814e-06,-0.000503977929436533,-0.00845314539191597,0.00878387478358962,0.000700794244801214,-0.00163505465448509,-0.000528945906711086,0.000539495917222478,0.0010682042534245,0.000158467737773031,0.00011253283044997,-4.16765757302634e-06,0.036196246269862,0.0718892844909795,0.0152714483442318,-0.0199981239605919,0.000440368918069126,0.00176685944562329,0.000122230022841679
"north_west","seed_date_omicron",4.13186113944724e-06,0.00601398451864654,3.32510033371354e-05,-4.0671206821165e-05,-1.41771953764268e-05,4.26914484425495e-06,-1.10033775321995e-05,1.02343079893391e-05,-1.31292257988925e-05,1.07449952923523e-05,-2.50969844000432e-05,1.07927856476564e-05,-1.04857653938054e-06,3.57053715137556e-05,-3.83284618055414e-06,-7.50518461335763e-05,-1.93719254439012e-05,-2.83306038592627e-06,-9.70225488781935e-06,-5.04614538270457e-06,-1.13597815703601e-05,-2.87852180940218e-05,1.32444176800067e-05,-5.30319312597806e-05,-7.06293706362366e-06,-1.99746270250766e-05,1.14851210158459e-05,-2.81325060792752e-05,-1.35862671660999e-05,-0.000110904467727331,-3.61015826145365e-05,-6.48765338824319e-05,-5.90076925006067e-05,-8.77913119394941e-05,-8.06859608104834e-06,1.02586790731944e-05,-1.36413636338244e-05,2.50708338881413e-05,-3.3075054057833e-05,1.33705272132441e-05,0.000155851511637372,0.000953691820346595,0.00143950245032493,0.000582558335390869,0.00177181497473126,0.000628858126584003,-0.000734247089748817,0.000363002242155352,0.00024515355592665,-6.80820625928253e-05,5.0644219442461e-05,-0.000221172260090899,-0.000574178940903524,-7.60754312013806e-05,-0.000257654858037904,6.23797710696589e-05,0.000365513551849652,-6.78202262929471e-07,2.13910154045223e-06,-2.5535697743459e-06,-1.38722830159505e-06,5.8929095081445e-06,-6.90390715883574e-07,-1.15026311280395e-07,-9.17036911402649e-07,-1.64716782436536e-06,-5.74123401630954e-07,-0.00108461318135763,-0.0044476694185889,0.00223554699020134,-0.00264246083273975,-0.000105259785033026,-7.9690601787341e-05,0.000311761145453531,-0.000880545458985729,0.000784605246428786,0.000262785954484043,-2.66059992698724e-06,-0.0420518298296333,0.0152714483442318,0.0460229524953755,-0.00914823126438114,-0.00031686042077761,0.000849212521604129,0.00180207616703583
"north_west","start_date",-0.000274462959550316,0.0122419208608324,-9.50506651726938e-06,-8.44816550760724e-05,0.000716965222276654,2.06835396714721e-05,-6.16341513419817e-06,2.75433845181464e-05,8.60988370901904e-06,-6.93846156107502e-06,5.84006453058478e-06,3.14714877772469e-05,3.53456121096143e-05,5.19816612303168e-05,6.1001172562057e-06,-0.000472554274725433,3.09937675038781e-05,3.77768307116516e-05,4.57506177485938e-05,7.50367399986149e-05,-4.51444086514081e-06,5.4210884625535e-05,6.99811409652861e-05,-4.57001544099526e-05,0.000228070098760877,-8.40989903174541e-05,2.27983126898671e-05,0.000128617592868084,2.631208429533e-05,2.89555609603224e-05,-1.37285989730408e-05,7.94356822066938e-05,4.47057189063129e-05,-6.11582296537549e-05,-2.01565972842717e-05,5.33711200838612e-05,-5.93558470630985e-05,2.96649613273212e-05,3.72273917861203e-05,-2.16494988090935e-05,0.000395124676688153,-0.000101124523992742,0.00725320062493843,0.000388015835890261,-0.000849409886486895,0.000714127265950747,-0.00231513164178114,0.000802395945206181,0.000667475138064169,-3.96796768527354e-05,0.000393999575152606,-0.00104651422294617,0.000832987966989375,0.00021674863979851,-0.000252056398753303,-4.95366735273014e-05,-0.000274841929148554,2.45904777379523e-06,5.59479496199574e-06,2.94537988570035e-06,1.18782941502978e-06,-1.7507963135477e-07,5.57295881555162e-07,3.43882329789806e-06,5.21446828261123e-07,6.83794261613906e-07,4.29640448807206e-06,-0.00018650890707668,-0.0169855929478098,0.0134497976775457,0.00458367651458027,0.000671040761786383,0.000989556371334945,-0.00271782458393572,-0.000333609762998154,-0.000192989133536394,-0.000493411352428588,5.22611764006145e-06,-0.117952521076689,-0.0199981239605919,-0.00914823126438114,0.217236945143871,-0.00125174881440587,0.000251019661640231,-3.88116972809509e-05
"north_west","ta_alpha",3.22332171264764e-06,-2.35101689849783e-05,1.92862320314738e-06,1.34757297047126e-06,-4.75786820841287e-06,-3.77159164187581e-07,4.33989827650977e-07,-5.06229387372547e-07,4.65776165771589e-07,-2.03331663673109e-07,7.68313264683499e-07,-1.07716375123677e-06,-9.75097190314441e-07,-1.79853792096461e-06,-3.88468712501856e-07,3.85681768345412e-06,-1.28544676183068e-06,-1.06103741072075e-06,-8.57889797744058e-07,-2.1999712384595e-06,-2.66212650420431e-07,-1.03915726389577e-06,-1.89608286369046e-06,4.76642149999404e-07,-2.73849427121051e-06,-2.36479370150918e-07,-1.92278965758474e-07,-1.27123836241922e-06,-1.18849912361971e-06,-4.42988276239087e-07,1.42519387331209e-07,-1.18518854629265e-07,-5.70471507638757e-07,9.57559197382852e-07,2.99321022387901e-07,-8.18246201038895e-07,1.02546565054887e-06,-8.03552342437595e-07,8.24442326802277e-08,1.67637660317383e-07,-3.42260244320434e-06,-4.83466727823824e-06,1.12931204310782e-05,-9.44661408846851e-06,-4.33817143351935e-05,-1.88948666588548e-05,3.16303238938415e-05,-1.56886847313315e-05,-4.70312196638866e-06,-1.82069069636708e-06,6.97726227036071e-06,1.57598257448436e-05,1.61985115299212e-05,-8.04942244926488e-07,1.4420212297623e-05,-3.95906050933318e-06,-1.56359714431061e-05,5.19781786411617e-10,7.70622059393997e-08,9.89497385983168e-08,7.33467635382815e-08,3.91027010240056e-08,6.47785718990491e-08,4.8071022580299e-08,2.55047897606297e-08,1.90087206512491e-08,7.59672127100257e-08,4.80568567059853e-05,1.20865543645741e-05,9.66235572538187e-05,3.41322338532601e-05,-4.08781118876074e-05,-1.30396119083119e-05,3.4224110884401e-06,4.71418655149877e-05,-1.84166370316814e-06,1.14155015065059e-06,1.7805002334625e-08,0.00588807697964186,0.000440368918069126,-0.00031686042077761,-0.00125174881440587,6.11896306687585e-05,-3.22012322753346e-06,-2.18331605109373e-05
"north_west","ta_delta",-4.40357370760145e-06,0.000747705015796248,7.05325224233986e-06,-3.28592124281241e-06,9.01757005647474e-07,1.83966549165182e-07,-1.46337022516336e-06,2.09672842053124e-06,-1.63056862010857e-06,9.50750969184824e-07,-7.52705209020034e-07,4.23847209998023e-07,-1.29440860953257e-07,2.98842237041602e-06,-1.85718964110704e-06,-3.61410535682987e-06,-2.2366841703004e-06,-1.74818023264573e-06,-1.06551431107488e-06,-1.83038974800617e-06,-1.82296462083879e-06,-2.48286537037237e-06,-1.69769026910907e-06,-2.31346519599864e-06,-2.47376513194138e-06,-2.09087459773524e-06,9.80919508251074e-07,-2.30651815727075e-06,-2.00777701382939e-06,-4.36661382237671e-06,-1.08843881793083e-06,-2.44409653953719e-06,-2.14803018675061e-06,-2.02358524570878e-06,-7.90331813674996e-07,7.81532478929852e-07,-8.51893906921888e-07,1.56063621094464e-06,-1.8962100238703e-06,6.05850980036216e-07,2.23027586945468e-06,2.56301872064597e-05,0.000214922646630783,2.48115684817751e-05,-1.09265872558993e-05,3.49656039636498e-05,-5.62536065195419e-05,-7.66495306244845e-06,3.73313047635192e-05,1.9391611543073e-07,3.08458068071172e-05,-5.14274773533443e-06,-5.95903588585885e-05,9.4113875182405e-06,-1.20494232716875e-05,2.46663300580281e-06,4.11301439486216e-05,8.64491618298453e-08,2.87588603203325e-07,3.60768861808973e-08,1.76732935315251e-08,5.54831975290922e-07,1.26949711650992e-07,1.2251414749469e-07,-7.70486963848347e-09,-6.12961050683211e-08,-2.24279961507138e-08,-4.062910965311e-05,-0.00056394466854256,0.000596028363852359,1.29334781311413e-05,-6.53515149411185e-05,3.30907403043835e-06,6.60742829742436e-05,-1.58947217108041e-05,2.93656008274575e-05,6.32122005976123e-06,-4.37239305466439e-09,-0.000657598906945661,0.00176685944562329,0.000849212521604129,0.000251019661640231,-3.22012322753346e-06,0.000118787072819708,1.45911445313908e-05
"north_west","ta_omicron",2.11874070581546e-06,-4.55183031803695e-05,-9.52533425460816e-07,-5.66686972814059e-07,2.15120427761212e-07,-1.52203538802815e-07,3.37650747933206e-07,-7.51289635350321e-07,-1.0072970847183e-07,-2.1187206859202e-07,-1.77367896833234e-06,2.39939692613615e-07,-1.76085858812422e-07,8.55043677629038e-07,-6.93752601387167e-07,-1.29475340237228e-06,-4.95047210122014e-07,-7.87400847348616e-08,-6.09192370836424e-07,-5.70295654297788e-07,-8.32467930344694e-07,-1.75837804785702e-06,1.41677552960217e-07,-4.09073427721387e-06,-2.92114319992435e-07,-3.25803523214647e-06,-3.91268677836055e-08,-1.86593788035576e-06,-3.08266694711717e-06,-6.07805932254037e-06,-2.34779104024912e-06,-4.11223087888871e-06,-3.6746306334326e-06,-5.57325749397545e-06,-5.75852165600733e-08,1.74857783349872e-07,-8.37430450765468e-07,1.11676843431901e-06,-1.48223349881193e-06,2.96760306524585e-07,1.59368852540834e-05,5.09876976827543e-05,-3.07672222933334e-05,3.50804569395607e-05,0.000137898603148943,5.16247092534865e-05,-4.61735941203047e-05,3.49106492077644e-05,2.37736293356574e-06,-3.5510531235786e-06,-2.37655561155085e-05,3.39833458910952e-06,-2.79595830851903e-06,-7.43254032607363e-06,-9.33506796262472e-06,4.60422619644268e-06,2.56084793081948e-05,-1.73688277257765e-07,-2.38334371951413e-07,-3.61982550929877e-07,-2.5036996862525e-07,-1.60981055694881e-07,-2.06323323098556e-07,-1.82468782895883e-07,-1.55770924462321e-07,-1.46075065607412e-07,-2.11640004719392e-07,-0.0001028490917506,1.63527599368689e-05,-0.000243061269818233,-0.000186336916044122,5.69105695138503e-05,-1.71199006352464e-05,-1.34408766215378e-06,-8.13254169215214e-05,5.30490315920393e-05,1.04153505976437e-05,-2.24666567890646e-07,-0.00232580575477208,0.000122230022841679,0.00180207616703583,-3.88116972809509e-05,-2.18331605109373e-05,1.45911445313908e-05,0.000117640621629723
