"region","name","alpha_admission","alpha_D","alpha_death_hosp","alpha_H","beta1","beta10","beta11","beta12","beta13","beta14","beta15","beta16","beta17","beta18","beta19","beta2","beta20","beta21","beta22","beta23","beta24","beta25","beta26","beta27","beta28","beta29","beta3","beta30","beta31","beta32","beta33","beta34","beta35","beta36","beta4","beta5","beta6","beta7","beta8","beta9","mu_D","mu_D_2","mu_D_3","mu_D_4","mu_D_5","mu_gamma_H","mu_gamma_H_2","mu_gamma_H_3","mu_gamma_H_4","p_G_D","p_G_D_2","p_H","p_H_2","p_H_D","p_ICU","p_ICU_2","p_ICU_D","p_NC_15_24","p_NC_25_49","p_NC_50_64","p_NC_65_79","p_NC_80_plus","p_NC_weekend_15_24","p_NC_weekend_25_49","p_NC_weekend_50_64","p_NC_weekend_65_79","p_NC_weekend_80_plus","p_W_D","rel_p_D_alpha","rel_p_D_delta","rel_p_D_omicron","rel_p_H_alpha","rel_p_H_delta","rel_p_H_omicron","rel_p_ICU_alpha","rel_p_ICU_delta","rel_p_ICU_omicron","rho_pillar2_tests","seed_date_alpha","seed_date_delta","seed_date_omicron","start_date","ta_alpha","ta_delta","ta_omicron"
"north_west","alpha_admission",4.91776236587794e-06,3.80931656388218e-07,-7.45104903802499e-07,4.68060008745461e-09,-4.99299261837095e-08,-1.78571555135448e-09,2.45005443104039e-07,-1.96772350841445e-07,9.68081486874094e-08,-6.91971388652627e-08,2.74190611162546e-07,-2.67770468693679e-08,8.77076921324993e-08,3.55554197452331e-08,-6.41117036753565e-08,1.42877186495903e-07,1.87941600801029e-07,-5.24899973330834e-08,1.9921740196471e-07,-1.45995585773844e-07,1.99289250302552e-09,1.92393647713242e-07,7.13828223464903e-09,1.63198270989757e-07,9.41276677864133e-09,2.28495451284971e-07,1.58067769392427e-08,-1.29090871127491e-08,3.08734313825733e-07,-8.55922246857295e-08,1.59886104837585e-07,1.50117816604481e-08,1.24465981237386e-07,-7.94969122751883e-08,-1.01935772134867e-09,2.55151309219901e-08,2.60745751098872e-08,-1.18730905363137e-07,3.03120470980555e-07,-1.90721828999697e-07,-2.07630373657124e-06,-2.37268918364359e-06,-7.38435673936424e-06,-8.59108173429446e-06,-6.98333014179504e-07,6.26684119653796e-06,3.36060846672303e-06,-1.16399826691628e-05,-7.23132527534398e-06,1.49881915639666e-06,-3.42889624518965e-07,-1.96596494672057e-06,5.36291124844014e-07,3.8002200330256e-06,6.33290594037014e-07,4.22902657575751e-07,2.98387322528725e-06,-6.24615431902438e-08,-1.49757560594299e-08,-6.56350720402083e-09,1.74680372588775e-09,9.81599692004877e-08,7.37267284787247e-09,3.14527548910411e-08,6.82374318927768e-08,7.0550955004394e-09,-2.84250140356484e-08,5.12269384103796e-06,7.18504012799395e-06,-1.51203717385226e-07,-1.16098874810727e-05,1.04126401963702e-05,-1.17737515454415e-05,3.75283269161973e-06,-5.79439018629007e-06,8.59507386544237e-07,-1.19566318765311e-06,8.43512880493006e-08,-0.000208126377488771,-3.38087977923019e-05,2.03363260770278e-05,-9.23661121304055e-06,-1.74355243694894e-06,2.45656647008208e-07,-1.63154697582382e-06
"north_west","alpha_D",3.80931656388218e-07,0.00100124959189064,-1.54779441605357e-05,8.27896244429329e-07,-4.43697989834177e-06,2.45899981968427e-07,-3.4803859688978e-07,5.02316308867791e-07,-2.01546799057862e-06,3.62547838945269e-06,-1.8706195547542e-06,-5.4681013091796e-07,1.30765992733537e-06,-2.70766194427767e-06,8.82001230785383e-07,2.25890740167896e-06,4.17602653842355e-08,1.02213924203531e-06,-4.54454223282401e-07,-2.27149097223494e-06,-1.91308416512964e-07,1.78673164175783e-06,-2.2445237555321e-06,2.68526135352022e-06,-1.44328984666915e-06,4.06163358755665e-07,-1.45620353246447e-06,-6.12608629603743e-07,1.11716048306925e-06,5.20511019012582e-07,-1.65335053291105e-07,5.361811362425e-07,1.59322627466426e-06,-1.06065475307348e-06,8.74922992666413e-07,-1.32024731210566e-06,3.17037372695912e-06,-2.64358100113061e-06,2.80073129851235e-06,-1.48927180489473e-06,-9.36677215113094e-06,2.40654959708839e-05,0.000194051468642403,-6.02947880693865e-05,0.000100982155439211,-3.91706604360604e-05,0.000104525268526012,-0.000361821173341192,0.000196313420734845,-7.51214079527852e-05,2.24781754817755e-05,-1.60193867204419e-05,-8.33318378941409e-06,1.06875857518331e-06,1.36808793322207e-06,6.03171070168914e-06,-4.61297895253607e-05,-5.46938679338537e-09,3.35758309243063e-07,6.02084561816677e-07,5.3507756614308e-07,3.63978137484687e-06,1.58223614140803e-06,6.14870320074439e-07,1.00099724827218e-07,-9.41179023611876e-07,7.07352796817673e-07,-2.83913523976157e-05,-0.000385910775810586,0.000301719778166449,-0.000146516452831521,2.62521792211743e-05,6.67009040469787e-05,-0.000109199908667368,-4.6512299124944e-05,-2.60702783556374e-05,3.06876794696401e-06,-2.88161610784206e-06,-0.00226604882961912,0.000496955273938179,0.000295980600138035,-0.00197512271086306,-1.5348891630483e-05,4.62230528683355e-06,5.54895571053922e-06
"north_west","alpha_death_hosp",-7.45104903802499e-07,-1.54779441605357e-05,1.35022788634e-05,-4.13767908560304e-07,-1.35502089627223e-07,-1.22390712086833e-07,6.48084009198137e-08,5.62825068058638e-08,-5.38110031137829e-08,2.10965049419689e-07,-1.1612076642137e-07,-6.08556810506487e-08,-6.53894722179135e-08,-2.24841744800391e-07,-1.5487877642332e-08,-3.90242002401621e-07,-4.24396223943579e-08,-1.29419844384136e-07,-8.94248585183155e-08,7.21606108074631e-08,4.69086346948508e-08,-3.13045363463597e-07,2.60687853801762e-08,7.71878488071972e-08,-4.83679052016712e-07,-1.15088129791206e-07,2.68971973865917e-07,1.45731777333235e-07,-3.92635414602016e-07,-2.4910307335332e-07,-3.65602167894893e-08,-3.19848919670588e-07,-8.70377610904846e-08,-2.61317202795368e-07,-1.78752401563821e-07,1.44192492655968e-07,-8.10404380845378e-08,1.36979791380129e-07,-1.94074090124123e-07,9.43873807405925e-08,4.44837254249651e-06,9.01349184021812e-06,7.00603905882917e-06,1.67807493061993e-05,3.30941909162043e-06,-1.68154038817241e-05,-5.09654082570427e-06,3.5336302795146e-06,-3.55028180341556e-05,5.15676038433293e-07,-3.30313380939562e-07,-7.68480132845063e-07,-3.96135520626014e-06,-7.87729452976804e-06,7.00722219946613e-07,-9.28756556075478e-07,-1.81903487358469e-05,3.89244909889586e-08,-9.73356349402179e-08,-1.51720605421153e-07,-1.36160260975557e-07,-1.93482344699528e-07,6.91649133338638e-08,-8.78433264007403e-08,-1.55387399541491e-07,-4.17402318137221e-08,9.70186359284643e-08,-9.51157507529266e-06,-4.23831528447953e-06,-9.08092574780501e-06,1.22898955753493e-05,9.01641709361235e-06,-1.220918802679e-06,2.55424554364485e-06,5.17008496176695e-06,1.5753226831663e-06,4.21494499615156e-07,2.76129240878376e-07,0.000460209452915266,1.16170457173457e-05,3.95539432752911e-05,-1.72320885848841e-05,4.57904161814611e-06,-1.10959242288355e-06,4.75458504798744e-06
"north_west","alpha_H",4.68060008745461e-09,8.27896244429329e-07,-4.13767908560304e-07,4.19245978502999e-07,-6.0535729438037e-08,4.7089805664238e-08,-9.75821342571833e-08,4.93792997034093e-08,-4.21521589752632e-08,5.76995371988189e-08,-1.19029477048313e-07,1.20720728308664e-08,3.25648189363824e-08,-3.68991000755258e-08,3.41669980784386e-08,1.85785434163196e-08,-3.44179516253291e-08,1.88632321024416e-08,-1.2512163287246e-08,3.64515290881711e-08,-3.30384321890874e-08,1.82289477747612e-08,1.35075246145149e-08,-3.92797772282214e-08,7.78970991541674e-08,-1.43031486742068e-08,-5.86209132865987e-08,-4.1296951450605e-08,5.72852480053494e-08,3.65041036976046e-09,2.73980844939695e-08,-6.54217604513874e-09,6.47087229896862e-08,-7.18329071916733e-08,4.50214598752228e-08,-3.15504486089913e-08,-1.24372679851828e-08,1.96445411009662e-08,-2.50100678124287e-08,-9.74353150955219e-09,-1.39580484950828e-06,-8.41870102239442e-07,-1.89477870725617e-06,-2.84953253194498e-06,-9.0639715565245e-07,3.45617671680306e-06,-4.06916375721235e-06,4.99598655849868e-06,2.94622623723295e-06,3.84726304680402e-07,-1.62460391047544e-07,-9.19922170378968e-08,1.41838274378484e-06,1.34000568723848e-06,1.07771100155328e-07,1.76504452578064e-07,6.49511175942596e-07,1.22744498426773e-08,1.01837948479349e-09,2.81783171404059e-08,3.62166263421413e-08,-4.83576940839934e-08,-1.4039581883447e-08,1.6494809760102e-08,2.2290453106615e-08,1.10451975213783e-08,-1.26465645285539e-08,3.51272931623467e-06,3.07851622070649e-06,1.0208802151244e-07,-1.43068616630011e-06,7.33205325952057e-07,-5.01217624195495e-07,-4.56675644594417e-06,-1.15248666131117e-06,-4.62894650828688e-07,-1.27180146414895e-07,-1.57250108808869e-08,-7.46518909440703e-05,-1.73207237372703e-06,3.50268268349488e-06,-3.396135723309e-05,-7.30400603948414e-07,4.37641888199397e-07,-2.60510411020013e-07
"north_west","beta1",-4.99299261837095e-08,-4.43697989834177e-06,-1.35502089627223e-07,-6.0535729438037e-08,1.74559630896985e-06,1.76707917504418e-08,-7.37667211098098e-08,3.65411013338815e-08,1.26688783982771e-07,-1.52439292248547e-07,1.30259683874669e-08,4.39350391586489e-08,-4.89645543234283e-08,2.00627686580846e-07,-6.64290950131968e-08,-2.08163789123174e-06,-8.89180598089312e-08,-3.41980382218828e-08,9.30857856771056e-09,-1.7571544207423e-07,1.15183411264573e-07,-2.66274656811136e-07,1.89271060236541e-07,-3.95681666424133e-07,5.38480967199884e-08,-1.5249419137478e-07,6.21848050053161e-08,-6.25436827682715e-08,-1.92490899324092e-07,8.99832778220648e-08,-1.89321149364717e-07,1.34779723358865e-07,-1.74454718401e-07,3.55974268844298e-07,-8.46861237914381e-09,3.21639159367653e-08,-1.17980094081144e-07,1.14434018903805e-07,-1.43205710638369e-07,8.49462193385404e-08,3.11699570466029e-06,2.24186297647628e-06,-2.81746354450829e-06,4.37094499231765e-07,-3.86653342405521e-06,6.89180844453208e-06,8.58561594000297e-06,1.07198042377169e-05,-1.98004434830911e-07,9.25760966163686e-07,-4.72127293467258e-07,-4.6564048942975e-07,-4.25618560212771e-06,-2.37110799241979e-06,4.71434303107451e-08,-2.85034765502625e-07,4.07659483346602e-06,-6.54255245379873e-08,-3.4206930825135e-08,-6.05978502732132e-08,-6.27876212592755e-08,-9.97385410658018e-08,-3.71919715970858e-09,7.84969417183748e-09,4.41740489579667e-09,4.84656744916887e-08,1.20311595208862e-07,-8.75500026574226e-06,3.53240601271304e-06,-1.39519685790933e-06,7.79130136278781e-06,-1.18544697101781e-07,6.9846376826675e-06,6.78493521951541e-06,-1.13193602646386e-06,3.09606936059206e-06,8.33817165597015e-07,1.26137826849134e-07,0.000115948428119826,-1.53973709806529e-05,-4.99173339387295e-05,0.000617465824181951,5.53681236802158e-07,1.78699628054746e-06,-8.2805107025399e-07
"north_west","beta10",-1.78571555135448e-09,2.45899981968427e-07,-1.22390712086833e-07,4.7089805664238e-08,1.76707917504418e-08,3.70154644989714e-07,-4.06646328072806e-07,9.93688413341945e-08,-2.07255011442138e-08,5.55862443703054e-08,-8.55602587764602e-08,2.5447242269864e-08,6.07690301231748e-09,1.83331846302818e-08,6.51789517461885e-08,-1.03034716134602e-07,-2.6032837152284e-08,2.41991289161846e-08,2.70409371913192e-08,6.74648603290949e-08,-1.35272269754277e-08,3.10353013362977e-08,5.27049674876133e-08,-5.37130127394193e-08,1.50202176225432e-07,-4.07520393407659e-08,-1.61636850452991e-08,3.07032212771435e-08,4.46996822579676e-08,1.21243649032173e-08,4.42409548161654e-08,1.32436473711373e-08,2.88105446920218e-08,-3.91543839832385e-08,1.9890030729249e-08,-1.45204632094108e-08,3.85590500243253e-08,-8.9938256396152e-08,2.93700752092657e-07,-4.15714787549974e-07,-5.56204539921071e-07,-2.47209939463282e-07,-2.37705137194909e-06,-1.78857524538701e-06,4.6508308704714e-07,1.52414368999975e-06,1.29369512312576e-06,6.40035488758042e-06,6.08342822140357e-07,1.85849570648192e-07,-2.77903391166953e-07,-6.09122428345495e-07,7.34932624777835e-07,4.75973515043195e-07,1.40031768465512e-09,7.50735807731433e-08,6.97539200721742e-07,-5.10631033324096e-09,-6.61382239741739e-09,6.94677022634078e-09,2.39459650450189e-08,-5.22227002725141e-08,-3.73872344310525e-08,2.73610294822636e-08,2.46159836261531e-08,3.63120136293688e-08,-5.16380775428367e-08,2.03033142451516e-06,4.49665516627535e-06,-1.02704080883776e-06,-2.23058570427954e-06,1.89311589207891e-06,-1.01847991347596e-06,-1.76472200164968e-06,-7.43657122661195e-07,5.42447386876198e-08,-3.4459710402904e-08,5.82973468767675e-08,-7.5532964891217e-05,-2.77119166043278e-06,6.92671279671485e-08,-7.98126205820164e-06,-3.85311235220687e-07,-1.42497613139632e-07,-4.44901056184313e-07
"north_west","beta11",2.45005443104039e-07,-3.4803859688978e-07,6.48084009198137e-08,-9.75821342571833e-08,-7.37667211098098e-08,-4.06646328072806e-07,9.14279256108056e-07,-4.46989415391297e-07,1.94743254916647e-07,-5.54639840559378e-08,3.05483055472906e-08,-1.42054577875648e-08,8.49142617761497e-09,4.23547867859676e-08,-6.42792584898587e-08,2.85236580499778e-07,4.87144604209567e-08,6.43024394915096e-09,1.45681740904678e-08,-1.7478980224235e-07,3.95871090375612e-08,2.72604035605161e-08,-6.15683584967816e-08,1.41247859917026e-07,-1.20468577970446e-07,4.85079566383583e-08,-1.22712208737826e-08,-2.78106478235783e-08,5.39415503797003e-08,7.43608655500619e-09,-4.74315036806849e-10,3.06311784274664e-08,4.62488116004288e-08,1.5336322282165e-08,9.20902024535395e-09,2.20209630409862e-08,-5.47075383836977e-08,1.17238502443296e-07,-2.5922581485694e-07,4.05483263507243e-07,1.395033832492e-06,9.12538592360289e-07,3.41224443654724e-07,-1.34496362315376e-07,7.53134190658818e-07,1.51796016634826e-06,-1.34304080536686e-06,-5.40853767664027e-06,3.18493993884e-07,-2.843457144511e-07,-8.00110560514612e-08,-1.2245070398462e-06,-1.86349336260686e-06,-1.29618063557445e-06,-2.43124458954887e-07,1.47308717486212e-07,-7.3195680791685e-07,-1.21522945399527e-08,6.13791274708364e-09,4.32136098328397e-08,-2.32302357528187e-08,8.95173036235235e-08,5.23676432724307e-08,-7.96788609890458e-09,1.6476543393701e-09,-3.48461742726681e-08,1.78775303220091e-08,9.84931519058872e-07,2.13003772557681e-06,5.96784318870206e-07,-4.72722478457894e-07,4.7487436230788e-06,-2.81449813880792e-06,2.03236080611645e-06,-2.38144258328079e-07,-6.33792891945694e-07,-1.51460339683948e-07,-4.55438996555763e-08,-3.45766736875932e-05,1.02811433361806e-06,6.74556078186422e-07,-3.23282748095035e-05,5.99131258146445e-07,1.33399055874819e-07,-8.71878899389835e-07
"north_west","beta12",-1.96772350841445e-07,5.02316308867791e-07,5.62825068058638e-08,4.93792997034093e-08,3.65411013338815e-08,9.93688413341945e-08,-4.46989415391297e-07,5.15464550288339e-07,-3.62611142928523e-07,2.96301156919714e-07,-1.25124824604121e-07,2.31777921122889e-08,-5.57163077684766e-09,-4.13250401477688e-09,3.67814721291917e-08,-1.41581440279833e-07,-1.59064543032774e-08,6.36558095419618e-09,1.62800005712198e-08,6.83979211523842e-08,5.41060499404641e-09,-2.73834825263462e-08,4.9060521916995e-08,-8.28476537295771e-08,6.57540900659317e-08,-3.94788731325808e-08,1.50892356776358e-08,3.92465496928488e-08,-3.36090214881296e-08,3.3288803488745e-08,-1.18870521840084e-08,5.83129450227006e-10,-3.07690035472917e-09,5.951811229575e-08,-6.11875292409832e-09,1.2616945684399e-08,8.06766893639656e-09,-1.91892935238583e-08,5.9237453317461e-08,-7.63210974547794e-08,-9.00507077052824e-07,-5.44334316990869e-07,-6.93110057005772e-08,-6.20450144621339e-07,-8.88113475460466e-07,-2.79183563564093e-06,2.79743593667693e-06,5.47193058926234e-07,1.59349388357114e-06,3.71792945865609e-07,1.47712033776874e-07,-4.99199556808539e-07,-3.07120278534057e-07,6.50017185966925e-07,2.24861094947728e-07,-4.41438748257518e-08,1.62786757794359e-06,8.38183411246123e-09,-9.05184253711426e-09,-9.44926187689844e-09,1.32357114037023e-08,-4.83420970478522e-08,-9.97623096974857e-09,-4.3846288069977e-09,-2.28406156926758e-08,8.98252643312095e-09,2.15235325800297e-08,-1.33269237218642e-06,-1.97354901610911e-06,6.83676094186736e-07,1.28358391004845e-06,4.52926392896542e-07,3.02223808153599e-06,-1.61907739438868e-06,1.24674153351542e-07,1.57981737818557e-08,1.65624667899962e-07,1.90298349053646e-08,8.48106299831886e-05,3.1963207243811e-06,-1.0428108116893e-05,8.7062957025268e-06,-8.99342294678329e-08,-2.4306669452979e-07,3.29430062591461e-08
"north_west","beta13",9.68081486874094e-08,-2.01546799057862e-06,-5.38110031137829e-08,-4.21521589752632e-08,1.26688783982771e-07,-2.07255011442138e-08,1.94743254916647e-07,-3.62611142928523e-07,4.3134957739247e-07,-5.14674940950211e-07,3.11195428288019e-07,-1.98549124041227e-08,9.31493320701393e-09,3.13934103265767e-08,-3.08421435206052e-09,1.26421085441562e-07,-2.57754382397562e-09,1.8520274098456e-09,-1.23468447640395e-08,-6.60292216093849e-09,-2.17964829865199e-08,3.92746374198203e-08,-3.97884467765237e-08,4.94811525572371e-08,-2.38266547284584e-08,1.35127346768821e-08,-9.02454987224127e-09,4.8533582573702e-09,-2.33172481728016e-08,1.88118948196868e-08,-3.15104927047097e-08,1.70394018578269e-08,-2.13933030745873e-08,-1.08920345152419e-08,6.37247461515552e-09,-9.05581712871591e-09,2.91281372365386e-08,9.60258383427557e-09,-2.57814941135338e-08,4.93050933902139e-08,1.00432874965688e-06,1.1262134806989e-06,3.38845528558292e-08,1.14448668715233e-06,-1.06685588579147e-06,3.11992961252241e-06,-1.78662854041916e-06,-1.57741570756829e-06,-2.20774378974942e-06,1.23522531788502e-07,-2.33138462545667e-07,-5.31484141072876e-07,-7.73743384893636e-07,-1.0502117818889e-06,-4.60821328167164e-07,-1.33399965210494e-08,-2.18092986498963e-07,-8.55498451071419e-09,1.65927249017455e-08,1.27865758202996e-08,-1.44604609615724e-08,3.48865662399656e-08,5.77459195024508e-09,3.40599960602408e-09,2.06468038969127e-08,-1.0841706596463e-09,-8.13100163052874e-09,-2.32391757456644e-06,1.9261175470316e-06,-8.66621185579774e-07,1.39337311326973e-06,2.19884875310757e-06,-1.62244157169106e-06,2.48332567209516e-06,-2.79860955938725e-07,4.18370295671674e-07,7.13469861012196e-08,-1.34704484341575e-08,-1.66680394434621e-05,-6.39158124994827e-07,3.05795742467482e-06,4.72538141462604e-05,3.6055085158385e-07,1.32334394826667e-07,-2.05252714155071e-08
"north_west","beta14",-6.91971388652627e-08,3.62547838945269e-06,2.10965049419689e-07,5.76995371988189e-08,-1.52439292248547e-07,5.55862443703054e-08,-5.54639840559378e-08,2.96301156919714e-07,-5.14674940950211e-07,1.33434052858376e-06,-1.23208034365519e-06,8.83523748861374e-08,-4.26127279539103e-08,1.81849789481513e-08,9.7636059659551e-11,-4.90311501776284e-07,-3.14248878815011e-09,-1.69179995442052e-09,-5.57812065077031e-09,4.42972783510197e-09,4.44696894014428e-08,-6.20344367561733e-08,6.24461752382223e-08,-7.84337627338302e-08,1.02619834457414e-07,-6.02587484567122e-08,8.91719704335756e-09,-5.46212628050706e-08,8.49861968115716e-08,-7.59179290537146e-08,1.03910523649531e-07,-5.59461638391844e-08,3.39734829330331e-08,1.10995168767681e-07,1.22113427689853e-08,2.67567897643787e-08,-6.39122934861972e-08,1.16837827186029e-08,8.53104233076417e-08,-8.18864325691086e-08,-2.33590116298177e-06,-7.36817016811216e-07,7.32753732818357e-07,3.76534078406367e-07,3.64546190593295e-06,3.44767114298298e-06,-1.16160258617208e-06,3.23863188039688e-07,5.07529648184826e-06,-2.5666049189612e-07,5.03634599990198e-07,-1.25950193007337e-06,5.40669998997725e-07,1.48235974466839e-06,7.58540926776947e-07,2.94070784175206e-08,8.97513946789337e-08,1.59520878782962e-08,-4.31455441330433e-08,5.3669668128507e-08,-5.49724698574447e-10,-6.84378278859458e-09,2.74029235423545e-08,1.36080713210763e-08,-1.68816411250738e-08,-1.13484128223926e-08,2.13764601601115e-08,1.83334593788743e-06,-6.34927222988246e-06,-5.10673209619912e-07,-1.74935226821408e-06,8.31984757977837e-07,3.06035744498395e-06,-4.83002027020452e-06,4.88355055697577e-07,-1.25336175143838e-06,-7.77388987188485e-09,2.72755936929944e-08,9.73653548991158e-05,-8.93393083038182e-06,-3.70637464330283e-06,-9.17597932147332e-05,9.01751843774274e-07,-9.36617224293675e-08,-1.22955507920208e-06
"north_west","beta15",2.74190611162546e-07,-1.8706195547542e-06,-1.1612076642137e-07,-1.19029477048313e-07,1.30259683874669e-08,-8.55602587764602e-08,3.05483055472906e-08,-1.25124824604121e-07,3.11195428288019e-07,-1.23208034365519e-06,1.72128558671563e-06,-1.36097349696589e-07,9.769355460807e-08,-6.42405199747051e-08,-9.77566155314149e-10,5.24207181798203e-07,6.00122168169826e-08,1.77175884758494e-08,5.37544284424549e-09,5.02135518383065e-08,-6.07982456440665e-08,1.11056376556281e-07,-4.26329942936883e-08,8.86874757447141e-08,-1.0589569262523e-07,1.23161506602739e-07,3.41549838275857e-09,6.15745253011174e-08,-4.01784240688145e-08,7.34799159501135e-08,-8.08095214205848e-08,8.2126298743964e-08,-5.32979950547215e-08,-9.61470275806573e-08,-2.4164021819277e-08,3.98222523380538e-09,6.1561317695953e-08,-4.2371688048036e-08,-4.16089837803799e-08,1.27247392346302e-07,2.17814152539254e-06,2.22180944772216e-07,-1.05019326607301e-06,-1.96525720019779e-06,-1.41998484665662e-06,-1.08667530082132e-05,8.70404817201618e-06,-4.67431126161935e-06,-1.09117861128473e-05,-7.80783974277136e-08,-4.20346009605866e-07,6.39432861960264e-07,-7.64795922444366e-07,-1.24924817829396e-06,-7.50232590105829e-07,7.0887337266816e-08,1.00780283124363e-06,-2.1330321187304e-08,3.46117861267312e-08,-1.03042241151132e-07,-2.24683831642477e-09,2.63812942410009e-08,-2.8117238154122e-08,-1.16638438155455e-08,5.74427384519242e-09,8.28028151071012e-09,-4.83958794043355e-08,-2.50698810164426e-06,6.06578469490346e-06,1.72977878818831e-06,-6.5108935081664e-07,-2.28498251986617e-06,1.28121435370845e-06,2.7029547695213e-06,-2.15495540370072e-06,1.14532931890846e-06,5.23829467507678e-09,-9.14629938531886e-09,-3.04649763436276e-05,1.65036970616042e-05,1.60613819957043e-05,3.01369228279971e-05,-9.07520283975065e-07,-1.10968495383393e-07,1.24845128489632e-06
"north_west","beta16",-2.67770468693679e-08,-5.4681013091796e-07,-6.08556810506487e-08,1.20720728308664e-08,4.39350391586489e-08,2.5447242269864e-08,-1.42054577875648e-08,2.31777921122889e-08,-1.98549124041227e-08,8.83523748861374e-08,-1.36097349696589e-07,5.56271168126596e-08,-6.34103863518319e-10,8.12920035058206e-08,3.111933135469e-08,-2.25428996249333e-08,1.52535312042606e-08,2.51074350820689e-08,4.43177380787752e-08,6.63208872548245e-09,3.68714606574554e-08,1.94409523773645e-08,4.63788906231069e-08,-8.39232813330655e-09,9.46427350712932e-08,-6.50611846689495e-09,-7.44606783668656e-10,4.64099831788413e-08,3.97894741864178e-08,3.69549437774114e-08,2.00114855948757e-08,2.76308812758653e-08,3.73729571766091e-08,2.58744524477863e-08,5.90557739219769e-09,3.01605842018509e-09,-1.55294006704516e-09,4.03672431556133e-09,1.81821627578511e-08,-8.83393982176317e-09,-2.71292833761773e-08,-2.78426359748161e-07,-6.19203247803678e-07,-4.35803647085227e-07,-3.38654693336873e-07,-8.61012856971767e-07,-9.04342075715195e-07,5.18429656622541e-06,3.26731256535964e-06,2.70018314583385e-07,-6.84952184410435e-08,-5.96398922461638e-07,-1.0348508192395e-06,1.02191592812909e-07,-4.11911652399919e-08,2.37699463976357e-08,4.90979096972039e-07,-1.86860660309796e-09,3.16953942077619e-09,2.03422191839539e-08,1.60639739651554e-08,-1.59878753012549e-08,-3.91854827373065e-09,-2.05771343691719e-09,4.71370909482268e-09,8.09700638212995e-09,-4.23002335587898e-09,9.68603244968298e-07,1.2601625496523e-06,-3.6672304743026e-07,-1.04139886680593e-07,1.19603111545045e-06,7.82560486100163e-07,9.12883798984112e-07,-1.96517076408447e-07,5.96330014009703e-08,4.32312231265319e-08,-9.90214290721437e-09,-0.000112105369744124,-5.1111823709191e-06,-5.25828814103007e-06,9.96831993502346e-06,-1.15272077373417e-06,9.6098024101978e-08,-2.58051143700398e-07
"north_west","beta17",8.77076921324993e-08,1.30765992733537e-06,-6.53894722179135e-08,3.25648189363824e-08,-4.89645543234283e-08,6.07690301231748e-09,8.49142617761497e-09,-5.57163077684766e-09,9.31493320701393e-09,-4.26127279539103e-08,9.769355460807e-08,-6.34103863518319e-10,6.07960597633543e-08,-2.60787448451187e-08,5.27841193118177e-08,1.41335704591325e-07,2.39131446831119e-08,4.1615731195459e-08,2.18302537961707e-08,5.10360243996686e-08,-2.77167079951074e-09,6.92675248850144e-08,2.23993788494501e-08,3.84462075338345e-08,5.72337787291621e-08,4.19707566186843e-08,-6.59780251262106e-09,3.06376336163361e-08,6.4524161493715e-08,3.53220050635513e-08,2.23537697054666e-08,2.5797613266953e-08,3.69440994286526e-08,-1.14028335605316e-08,6.81734834053638e-09,-2.00050316447909e-09,1.40980132431162e-08,-1.3255341841354e-08,2.54327813233812e-08,1.34158923118643e-09,-1.03192492379782e-07,-4.09321266372996e-07,-1.096434659338e-06,-1.8620711107944e-06,-2.49793730578679e-07,-7.26190126324974e-07,1.90850123717397e-06,-3.4740542438951e-06,3.01631518523843e-07,-4.44072765080149e-08,-1.0011690853534e-07,-5.55508250615061e-07,-1.23111688704298e-07,2.37655494082936e-07,-3.76691892297135e-08,9.23149862200327e-08,1.01617689800889e-06,-6.68223190950703e-09,3.41142378266462e-09,1.01330722669243e-08,1.27531905586627e-08,2.61681572832848e-08,1.07307129303731e-09,-2.7361164499144e-10,1.2453094520757e-08,-1.81001358971837e-09,1.7083629552201e-09,9.23086257975606e-07,2.17765283671568e-06,8.29753338427041e-07,-1.51916783806898e-06,1.5301720290897e-06,2.58240924737444e-07,-9.17589657235409e-07,-1.00621774234692e-06,-3.25788650577642e-08,-5.04652065041175e-08,-5.2664223959443e-09,-0.000137384733888957,1.65335666292194e-08,5.85405072424603e-06,-1.86699370611444e-05,-1.29927593662818e-06,-4.3808979253292e-08,-3.77170087376617e-08
"north_west","beta18",3.55554197452331e-08,-2.70766194427767e-06,-2.24841744800391e-07,-3.68991000755258e-08,2.00627686580846e-07,1.83331846302818e-08,4.23547867859676e-08,-4.13250401477688e-09,3.13934103265767e-08,1.81849789481513e-08,-6.42405199747051e-08,8.12920035058206e-08,-2.60787448451187e-08,3.711383342271e-07,-1.07340287736322e-07,-1.47603773275654e-07,3.79346993327559e-08,-1.09731788127337e-08,3.20645712379601e-08,9.15836921327226e-09,1.51484377926425e-08,8.36628790065561e-09,1.53512540464409e-08,-2.35168652955535e-08,5.93328245344084e-08,-1.80142739246638e-08,-1.58197881884656e-09,3.09160147910839e-08,-3.58605231660132e-09,5.07726615286901e-08,-2.76896666237236e-08,6.53661100249459e-08,-5.38117370355872e-09,7.65789107083816e-08,1.22919158574485e-08,-6.19912001358704e-09,2.16398922084083e-08,4.05428907833911e-08,-5.10540960464496e-08,4.20977733587727e-08,7.1222476478078e-07,1.45792797902086e-07,-7.54875198958645e-07,-8.37652980424503e-07,3.2552192092222e-07,-3.66835900349003e-06,2.02008298328381e-06,1.08109239191485e-06,4.48024998856335e-06,5.30745672959565e-07,-2.90665145836818e-08,-1.38113361691921e-06,-1.62537856352885e-06,-4.19778963253956e-07,-1.95142178924405e-07,6.0103584402628e-08,1.99311052765783e-06,-8.34086452262022e-09,1.18249576456684e-08,2.62148764742189e-08,1.56103257352086e-08,6.85840124643069e-09,3.04244835826242e-09,-1.00452799531979e-09,7.32031702420768e-09,3.70568369641746e-09,1.52342198216077e-08,-7.40530251810259e-07,1.89451829995293e-06,-9.94664445974021e-08,-6.26557002741997e-07,2.1839956739541e-06,1.8140450096372e-06,1.43694638329457e-07,-4.65951291384089e-07,-2.02004368850862e-07,3.22885457141268e-07,-1.64123421414124e-08,-0.000183069043281139,-1.56076588790312e-05,-1.08420647061491e-05,5.71279128724638e-05,-1.65535672096312e-06,2.13081512224277e-06,-6.93574477738266e-07
"north_west","beta19",-6.41117036753565e-08,8.82001230785383e-07,-1.5487877642332e-08,3.41669980784386e-08,-6.64290950131968e-08,6.51789517461885e-08,-6.42792584898587e-08,3.67814721291917e-08,-3.08421435206052e-09,9.7636059659551e-11,-9.77566155314149e-10,3.111933135469e-08,5.27841193118177e-08,-1.07340287736322e-07,3.31015560224608e-07,1.91564961831454e-07,-1.14363546235381e-07,2.04326733803177e-07,-6.78820608359018e-08,1.66666707537803e-07,3.56344792773457e-08,1.3269498975963e-07,1.05651618487589e-07,5.65640656707514e-08,1.65666769443097e-07,1.36062475183271e-07,3.31443376965114e-09,6.90344026950418e-08,1.90998691553882e-07,6.54927096874968e-08,7.35256708409179e-08,5.40460513213953e-08,1.07696175322684e-07,-9.38981819575133e-09,5.03787187798066e-09,2.45176232730091e-08,-3.05175162530226e-08,-2.64103406671912e-08,1.12455077791346e-07,-5.61967159376478e-08,-7.4822593641567e-07,-2.64951689107264e-07,-2.47030759871364e-06,-7.39798533919828e-07,-8.5498677320728e-07,3.3607952623556e-06,-1.15406832784136e-07,5.79375504971398e-06,4.72277952312646e-06,8.15623107829655e-08,-3.04238813762238e-07,-1.00634836900519e-06,-1.50792829748225e-06,6.3262196973123e-08,-1.22139845787641e-07,1.04684208618092e-07,7.47119822126291e-07,-1.0567107530001e-08,7.66191571202086e-09,5.20741211172707e-08,1.72741801679718e-08,1.59846182106309e-09,7.16061206464202e-09,4.97069886894593e-09,1.60867519774378e-08,1.67258503563653e-08,-3.37950116642018e-08,2.91806120202238e-06,5.23663784802204e-06,-1.67245397572809e-06,1.25651343288846e-08,4.06979963037639e-06,-1.20839764216797e-06,2.35903736129048e-06,-1.17918505972281e-06,2.2517865934063e-07,1.29536031113934e-08,-2.2234368229184e-08,-0.000177093256765522,1.74540832951211e-05,9.8255432779686e-06,-2.64388234278934e-05,-1.67133352534653e-06,-2.06694404275635e-06,-1.99445321739627e-07
"north_west","beta2",1.42877186495903e-07,2.25890740167896e-06,-3.90242002401621e-07,1.85785434163196e-08,-2.08163789123174e-06,-1.03034716134602e-07,2.85236580499778e-07,-1.41581440279833e-07,1.26421085441562e-07,-4.90311501776284e-07,5.24207181798203e-07,-2.25428996249333e-08,1.41335704591325e-07,-1.47603773275654e-07,1.91564961831454e-07,1.33483730040647e-05,1.09176876302433e-07,2.84351571339471e-08,4.32570334763756e-07,-2.58928178330339e-07,-1.61433969536987e-08,3.77111291215013e-07,-3.66359670742924e-07,6.80282376362324e-07,-2.7664159037213e-07,3.15034029326496e-07,-6.79971812896607e-07,-6.40108563183634e-08,3.72536843286472e-07,8.26003236080711e-08,1.09284392348609e-07,2.21786627686383e-07,-6.40197497385221e-08,2.57958377932073e-07,2.61418507858859e-07,-3.68772683493674e-07,7.53602707861413e-07,-4.49737058403182e-07,2.83863977832833e-07,6.27300014728745e-08,-4.17052358225161e-07,-1.46097922020271e-06,-1.95939406231755e-06,1.73927789902643e-06,-2.14021277053776e-06,-1.28555277242764e-05,-3.82641794575562e-05,1.07986479132325e-05,2.54845799351114e-05,-2.09207867846737e-06,2.99436296749495e-07,-7.79830307753944e-07,-1.04523609356692e-07,1.01368340627536e-06,-2.99198849171562e-06,7.28391895921495e-07,-1.45969316359051e-05,1.10395547189591e-07,1.95633909843163e-07,2.53788192986462e-07,1.33227760952666e-07,2.55909866111949e-07,2.06391569524459e-08,-9.459422944138e-08,7.8043508932623e-08,-1.03814898857552e-07,-1.07770942878644e-08,1.38496470142808e-05,1.33891191543583e-05,-5.23013883615449e-06,-1.30456126775658e-06,6.1594859596831e-06,3.05240291207835e-07,-1.0070630525997e-05,-4.50282086726959e-06,-2.33562652794254e-06,3.32628928575448e-07,-3.11966633459082e-07,-0.000422587690748745,4.59503959363851e-05,2.04260731515438e-05,-0.00029364288053689,-3.25256029371266e-06,-1.48657645418685e-06,-8.07520832896729e-07
"north_west","beta20",1.87941600801029e-07,4.17602653842355e-08,-4.24396223943579e-08,-3.44179516253291e-08,-8.89180598089312e-08,-2.6032837152284e-08,4.87144604209567e-08,-1.59064543032774e-08,-2.57754382397562e-09,-3.14248878815011e-09,6.00122168169826e-08,1.52535312042606e-08,2.39131446831119e-08,3.79346993327559e-08,-1.14363546235381e-07,1.09176876302433e-07,2.54685036952681e-07,-1.06984849338839e-07,2.58410238816087e-07,-2.98536701801195e-08,5.39926552096892e-08,8.051362764491e-08,5.08371742715813e-08,9.34832886302692e-08,1.18426084959775e-07,2.93388742264536e-08,-4.18134903098443e-09,1.18678801392272e-07,8.71421455908108e-08,7.02122981749438e-08,5.36634975424497e-08,3.88905925850249e-08,4.7603769139899e-08,9.47980678537421e-08,-2.61992268886502e-11,-1.61325687321225e-08,5.93178717215655e-08,-2.07581876139792e-08,2.88737591074217e-09,2.96804686567621e-08,6.87307099299922e-07,-9.19770082673638e-07,3.91571611517293e-07,-2.29505617853122e-06,2.51626780397409e-07,-7.18505360168489e-06,5.6334233162551e-06,-7.209824631139e-06,-8.12683314703375e-07,1.73618639843278e-07,7.23152367217276e-08,-4.31917438204804e-07,7.91091847712663e-07,7.29917243234628e-07,3.03913953209984e-08,-2.95952291840299e-08,-9.52401350603835e-08,-4.8543446146652e-09,2.61794282950145e-10,-2.54742832006926e-08,5.74704893972404e-09,4.85733308854838e-08,-5.10856215597778e-10,-8.87958932057089e-09,4.29632654026593e-10,-8.36361569349486e-09,9.91840761847523e-09,-6.29619154497391e-07,-1.27705636676718e-06,2.55729370647919e-06,-2.43346453804783e-06,2.80793039396964e-06,-3.43493681324114e-06,-1.32640482507938e-06,3.07199812933719e-07,1.15549163216903e-07,-5.29784391249295e-08,1.27236314264037e-09,-0.000120308155962979,-1.60324142527519e-05,-2.30175664151698e-06,-3.63197426286458e-05,-1.24960275442608e-06,-1.13485072068334e-06,-3.48210299234193e-07
"north_west","beta21",-5.24899973330834e-08,1.02213924203531e-06,-1.29419844384136e-07,1.88632321024416e-08,-3.41980382218828e-08,2.41991289161846e-08,6.43024394915096e-09,6.36558095419618e-09,1.8520274098456e-09,-1.69179995442052e-09,1.77175884758494e-08,2.51074350820689e-08,4.1615731195459e-08,-1.09731788127337e-08,2.04326733803177e-07,2.84351571339471e-08,-1.06984849338839e-07,2.70789362919228e-07,-3.2746885118031e-07,2.95327821439499e-07,-1.38834075626854e-08,1.42094827252827e-07,4.73950788318293e-08,1.12200168534525e-07,7.66945246851718e-08,1.24642874360529e-07,1.24646425017335e-08,5.50070146769772e-08,1.63573518977793e-07,7.28326828879009e-08,4.48112426464481e-08,8.62666571223193e-08,7.9560128019168e-08,-5.01853079507581e-09,-1.24287886246349e-10,3.34962177547201e-08,-6.42013440723973e-08,2.06989736084267e-08,4.33788232209569e-08,-1.6630834014182e-08,-1.2177485901135e-06,-4.8663852776028e-07,-2.09351100815599e-06,-1.27588764482034e-06,-1.70491113618432e-06,1.47422109011966e-06,4.60236455722396e-06,-6.61700906351065e-07,5.2135749134131e-06,-1.64812177039172e-07,-2.76269269185382e-07,-9.14399251071281e-07,-1.18654680944295e-06,3.47916348196723e-07,-1.16340099554683e-08,7.18411590931004e-08,1.87375109098354e-06,-1.98216852437162e-08,-2.77656821404596e-09,6.85392626711438e-08,7.70642528440445e-09,-1.08967519291237e-08,2.97429806078078e-08,1.25493499790937e-08,9.08911495191345e-09,5.74056038149635e-09,-1.15290428651348e-08,1.12533068416081e-06,4.05894037709352e-06,-6.77645943209578e-07,1.44156295925458e-07,4.37471567330353e-06,-2.29691232369741e-06,1.02704932730486e-06,-8.36348910132378e-07,-6.46783801271881e-08,9.79574549886478e-08,-2.38894421487726e-08,-0.000167114274733116,9.59248865744179e-08,8.11822428503263e-06,-1.66100804462888e-05,-1.54315543375066e-06,-1.28541245501018e-06,-4.34267839202501e-07
"north_west","beta22",1.9921740196471e-07,-4.54454223282401e-07,-8.94248585183155e-08,-1.2512163287246e-08,9.30857856771056e-09,2.70409371913192e-08,1.45681740904678e-08,1.62800005712198e-08,-1.23468447640395e-08,-5.57812065077031e-09,5.37544284424549e-09,4.43177380787752e-08,2.18302537961707e-08,3.20645712379601e-08,-6.78820608359018e-08,4.32570334763756e-07,2.58410238816087e-07,-3.2746885118031e-07,1.32752270224612e-06,-1.13038900105512e-06,3.32542176306593e-07,-1.06072962054251e-07,1.75623213880096e-07,-1.13634479079133e-07,2.65913210423984e-07,-7.64631308420221e-08,-5.44192341123028e-08,1.20250151917633e-07,1.4368869871732e-08,8.78889285843045e-08,1.64868803283178e-08,2.59281418307841e-08,4.30868174220086e-09,2.01592406427918e-07,2.9419656797746e-08,-4.05572865589551e-08,8.39208410981905e-08,-2.36386673746854e-08,3.75275665256951e-08,1.15271936604916e-08,3.78648153682681e-06,1.37435142808159e-06,6.48961096501159e-07,-2.05694324338695e-07,2.16361318189526e-06,-1.02778701128769e-05,-7.48307596228757e-06,2.03626400918905e-05,-2.06011373478646e-06,8.81909536459574e-07,1.31416608605901e-07,-6.89426045334179e-07,-1.7037918978495e-06,-1.50461823356688e-06,-5.62407319370258e-07,1.1220443278767e-07,-1.10530778444096e-06,1.99975071442948e-08,3.37394554735443e-08,-8.81424062140741e-08,6.04544478278036e-08,3.20417910514592e-08,-7.98204051926151e-08,-4.7576266286201e-08,1.86394389417226e-08,3.07746122774609e-08,-3.19698496097477e-08,3.77362917270226e-06,1.11270337191377e-06,8.71535980300552e-07,-2.07236565055714e-06,8.9738841289177e-07,2.84777767469931e-06,1.67700788912059e-06,1.03987472189623e-07,3.76902469743829e-07,6.0421570928701e-08,-2.42790733918432e-08,-0.000154568793439508,-2.31784356877796e-05,-1.4020612212646e-05,-6.62159047282463e-06,-1.47478735504215e-06,-9.70036735320912e-07,1.98264113829538e-07
"north_west","beta23",-1.45995585773844e-07,-2.27149097223494e-06,7.21606108074631e-08,3.64515290881711e-08,-1.7571544207423e-07,6.74648603290949e-08,-1.7478980224235e-07,6.83979211523842e-08,-6.60292216093849e-09,4.42972783510197e-09,5.02135518383065e-08,6.63208872548245e-09,5.10360243996686e-08,9.15836921327226e-09,1.66666707537803e-07,-2.58928178330339e-07,-2.98536701801195e-08,2.95327821439499e-07,-1.13038900105512e-06,1.98533178779045e-06,-6.62174848568448e-07,5.45615014930758e-07,-1.38791522737824e-07,3.52427306643148e-07,2.81174434122721e-08,2.74947120083313e-07,6.3189305109559e-08,8.34106530969674e-08,2.82619229113261e-07,-8.74952096198981e-09,1.23045505278293e-07,7.52136722882288e-08,7.05326885692609e-08,6.2863575916268e-08,-2.5747272736031e-08,3.00348531055566e-08,1.01262485261543e-08,-9.72258084688615e-08,1.46224016423381e-07,-8.91746447140912e-08,-3.80290483989077e-06,-3.21455866268004e-06,-1.47641984843077e-06,-3.98239892677023e-06,-2.72593284594333e-06,7.26619724093349e-06,1.76294277929748e-05,-3.04859795819589e-05,4.36593876249402e-06,-3.02202338088322e-07,-4.10289025599327e-07,-9.64470447010306e-07,2.07358547225132e-06,2.84790515003722e-06,8.662538402959e-07,-8.77661956505451e-08,3.23999831681214e-06,-3.23121417392333e-08,-3.22316874016844e-08,1.07485851603645e-07,-2.66124175514203e-08,-6.25686162003456e-08,6.91052794386113e-08,4.22249980036131e-08,-2.0961817559214e-08,-2.1173679051187e-08,3.44807654088421e-08,-4.33164651585305e-06,-1.05419936719158e-06,2.2953411028297e-06,-8.90100592069509e-07,4.98869839153878e-06,-8.40374224853054e-06,-1.7971860015045e-06,-1.0729834775961e-06,3.92300406733745e-07,-1.40446635448569e-07,1.96133226610579e-08,-0.000160749716107369,-1.67058357045155e-05,3.2095930635001e-05,-6.01797441408246e-05,-1.66053333450129e-06,-1.59382740955315e-06,-4.99721739073062e-07
"north_west","beta24",1.99289250302552e-09,-1.91308416512964e-07,4.69086346948508e-08,-3.30384321890874e-08,1.15183411264573e-07,-1.35272269754277e-08,3.95871090375612e-08,5.41060499404641e-09,-2.17964829865199e-08,4.44696894014428e-08,-6.07982456440665e-08,3.68714606574554e-08,-2.77167079951074e-09,1.51484377926425e-08,3.56344792773457e-08,-1.61433969536987e-08,5.39926552096892e-08,-1.38834075626854e-08,3.32542176306593e-07,-6.62174848568448e-07,4.75554640769412e-07,-2.80454028288295e-07,2.86858788028313e-07,-1.72744010956726e-07,1.83793458863242e-07,-2.88852889989237e-08,-7.63585924640004e-09,8.43086665027974e-08,3.61989676666699e-08,8.31057852866475e-08,1.38070441628736e-08,2.06564325667588e-08,5.28873620596668e-08,6.66304873173853e-08,6.64286595480622e-10,9.05305108458105e-09,-3.66187150208203e-08,6.36123559085216e-08,-7.5579570981582e-08,5.20298539488154e-08,1.0790658846557e-06,9.07158521648703e-07,3.23586559409441e-07,1.50544265115772e-06,1.84424689493146e-07,-2.10515517902958e-06,-3.95009214621576e-06,1.4332726996679e-05,-3.02719752274616e-07,5.69893573295618e-08,1.74890001271066e-07,3.74573804727682e-08,-1.55518745884889e-06,-9.9898624096789e-07,-2.72462995536366e-07,1.53384178231677e-09,-1.50033606558755e-06,-2.3581234094799e-09,5.72956610628013e-09,-4.00753808871222e-08,1.32758855226424e-09,2.88758382270669e-08,-1.2023319103694e-08,-1.74181629922082e-08,9.16264722244139e-09,2.84726067446643e-08,-2.56039678978675e-08,2.22147633166215e-06,-2.60826164683146e-07,-1.20493567032514e-06,1.72615755459669e-06,-3.07251208031558e-07,1.06608299374321e-06,3.61617676078853e-06,7.1561478622342e-07,-3.25402077022641e-07,2.64948049773476e-07,4.05428624963662e-08,-6.52663043144097e-05,-7.22620685319637e-06,-1.02225968142527e-05,3.59133588890739e-05,-8.60304955577591e-07,-9.81628194242744e-07,-2.88443859925954e-07
"north_west","beta25",1.92393647713242e-07,1.78673164175783e-06,-3.13045363463597e-07,1.82289477747612e-08,-2.66274656811136e-07,3.10353013362977e-08,2.72604035605161e-08,-2.73834825263462e-08,3.92746374198203e-08,-6.20344367561733e-08,1.11056376556281e-07,1.94409523773645e-08,6.92675248850144e-08,8.36628790065561e-09,1.3269498975963e-07,3.77111291215013e-07,8.051362764491e-08,1.42094827252827e-07,-1.06072962054251e-07,5.45615014930758e-07,-2.80454028288295e-07,5.21199635960221e-07,-2.11603984004765e-07,4.391615130596e-07,9.22254420361206e-08,2.20339968942735e-07,-8.47953401694904e-10,1.24377419962409e-07,2.77226347691483e-07,1.20770918535886e-07,9.96718681449958e-08,1.41459462488121e-07,1.19000257204441e-07,6.42016902189426e-08,8.08751027054474e-09,5.21688046925934e-09,4.43587546842431e-08,-7.17412061885159e-08,1.55066573205032e-07,-5.18700129320655e-08,-1.03137635278968e-06,-1.71719044889498e-06,-2.86729976090202e-06,-4.05316659650439e-06,-2.55265418103972e-07,-3.35557559066128e-06,7.60445105314423e-06,-2.03554445502666e-05,9.12558443837414e-06,1.53882363538003e-07,-2.832679189605e-07,-1.71396507120485e-06,1.40052194793727e-06,1.58895500209174e-06,2.50544689052189e-08,1.31519806354037e-07,3.10034035239602e-06,-1.13047255035032e-08,1.90439616942302e-08,9.93697924291474e-08,2.79584073586252e-08,9.75518624799816e-08,4.98586778326672e-08,9.19659747300297e-09,1.76554103431028e-08,-3.9294187832671e-08,3.95940049536892e-08,4.39027253149207e-07,4.94502984616803e-06,9.69402462169244e-07,-4.48445768798689e-06,7.67780075090995e-06,-8.42481024822107e-06,-3.17186210975836e-06,-1.61475429704448e-06,4.96049435111302e-07,-2.73280418479563e-07,-1.22024161526367e-07,-0.000260968593357877,-7.63904217035049e-06,8.73803936322476e-06,-0.00010107206455283,-2.13123895894975e-06,-1.69622429945923e-06,-1.46955386904965e-06
"north_west","beta26",7.13828223464903e-09,-2.2445237555321e-06,2.60687853801762e-08,1.35075246145149e-08,1.89271060236541e-07,5.27049674876133e-08,-6.15683584967816e-08,4.9060521916995e-08,-3.97884467765237e-08,6.24461752382223e-08,-4.26329942936883e-08,4.63788906231069e-08,2.23993788494501e-08,1.53512540464409e-08,1.05651618487589e-07,-3.66359670742924e-07,5.08371742715813e-08,4.73950788318293e-08,1.75623213880096e-07,-1.38791522737824e-07,2.86858788028313e-07,-2.11603984004765e-07,5.76375010200438e-07,-4.57709351362131e-07,4.48977585268404e-07,6.8407905017511e-09,2.54593256033784e-09,1.12996520450441e-07,1.55318612530385e-07,8.25720768648227e-08,6.81206621041473e-08,6.45658592677928e-08,5.94675039980634e-08,1.30858480975601e-07,8.60640176178056e-09,5.97789428143136e-10,-2.8488540105367e-08,2.48082817427186e-08,-3.75329024101947e-09,-2.23795763596888e-08,-1.1955108387059e-07,1.39608122429517e-07,-2.74457466987169e-06,-2.95888256233282e-06,-1.73355918793278e-06,5.05659264389754e-07,1.7766121056506e-06,2.04319929887081e-05,-2.70559492857665e-06,3.47422487508627e-08,-3.83777341133418e-07,-1.3806099188065e-07,-5.3672421367972e-07,-3.78602546385187e-07,2.27612735142113e-08,-6.666510526881e-09,1.15425768463394e-06,-2.39490033484857e-08,-1.46219950288097e-08,-4.53807637444361e-08,2.24151286776838e-08,-1.27451861541301e-07,-5.21236857129459e-08,1.19302893236149e-08,1.81552608870025e-08,7.37989421584439e-08,-7.93187700087673e-08,4.18302635295882e-06,5.31377188447983e-06,-2.15580983017573e-07,5.92512711817284e-07,-3.93601690851352e-07,-4.98748963871334e-07,2.30546382385738e-06,8.68747002787938e-07,-1.13806219635241e-06,1.53153873099045e-07,1.36456450634162e-07,-0.00013658301748703,-2.03295154817598e-05,7.59088286726563e-06,5.44405027301518e-05,-1.69235970390959e-06,-1.46509717303874e-06,-4.24931136578047e-07
"north_west","beta27",1.63198270989757e-07,2.68526135352022e-06,7.71878488071972e-08,-3.92797772282214e-08,-3.95681666424133e-07,-5.37130127394193e-08,1.41247859917026e-07,-8.28476537295771e-08,4.94811525572371e-08,-7.84337627338302e-08,8.86874757447141e-08,-8.39232813330655e-09,3.84462075338345e-08,-2.35168652955535e-08,5.65640656707514e-08,6.80282376362324e-07,9.34832886302692e-08,1.12200168534525e-07,-1.13634479079133e-07,3.52427306643148e-07,-1.72744010956726e-07,4.391615130596e-07,-4.57709351362131e-07,9.88578489917899e-07,-4.90277071327674e-07,3.97851911962325e-07,-7.52247962993598e-09,1.00022566786732e-07,2.42276793316305e-07,5.41754757322774e-08,9.27495303517477e-08,6.11279352383156e-08,1.15827385262666e-07,2.96674872653161e-08,-4.53723747811089e-09,2.66314740163271e-08,8.18849904695175e-09,-5.20361043367994e-08,1.0110726211391e-07,2.53314616232336e-08,1.25675001401589e-07,-4.79118532141458e-07,1.99685796217286e-06,7.10067608203424e-07,9.91083761802406e-07,-3.31822492373537e-06,1.1111393592567e-05,-3.02878643701747e-05,8.37050770721644e-06,2.10857758162182e-07,3.42000106296604e-07,-1.15726290776795e-06,-6.65214194953487e-08,9.82824083632485e-07,5.77243228652926e-08,-1.63977315855268e-09,-1.69823708983588e-06,-5.90087487688622e-09,1.89592588229853e-08,6.93168931428875e-08,-3.63819003513945e-08,2.15403317547202e-07,1.0570468051942e-07,-7.21697496436445e-09,-1.89661433789584e-08,-7.03269266243682e-08,7.57429499907695e-08,-3.24097567975751e-06,-4.77280126610048e-06,1.57913127707852e-06,-2.20602814784789e-06,9.10265430195693e-06,-1.25649559216459e-05,2.91769540035231e-06,-8.17159004725818e-07,1.41180258291794e-06,2.43702254919667e-08,-1.61254811019467e-07,-0.000165580682407835,-8.74089551291333e-06,9.88712052927378e-06,-0.000134693087015674,-1.09356277957024e-06,-1.85450328592186e-06,-1.09543537469254e-06
"north_west","beta28",9.41276677864133e-09,-1.44328984666915e-06,-4.83679052016712e-07,7.78970991541674e-08,5.38480967199884e-08,1.50202176225432e-07,-1.20468577970446e-07,6.57540900659317e-08,-2.38266547284584e-08,1.02619834457414e-07,-1.0589569262523e-07,9.46427350712932e-08,5.72337787291621e-08,5.93328245344084e-08,1.65666769443097e-07,-2.7664159037213e-07,1.18426084959775e-07,7.66945246851718e-08,2.65913210423984e-07,2.81174434122721e-08,1.83793458863242e-07,9.22254420361206e-08,4.48977585268404e-07,-4.90277071327674e-07,1.32227180386634e-06,-4.77514276230498e-07,-9.58762027927776e-09,3.62045863682704e-07,2.67960052618051e-07,2.27574626309596e-07,1.60025338776088e-07,1.59205313964062e-07,1.56016942165423e-07,2.54638028878241e-07,2.0825308781727e-08,-6.34048662046008e-09,4.398284126129e-08,-5.99218906221082e-08,1.85872268056673e-07,-1.55197035452113e-07,-1.17488404592453e-06,-9.88968129707856e-07,-4.66361167415431e-06,-5.50212358950857e-06,7.27631412492542e-07,1.25710075041711e-06,-4.38603053829421e-06,2.19923527401196e-05,6.49565606776916e-06,1.84020267956871e-07,-2.91037039271985e-07,-1.27560945841838e-06,2.28299387149209e-06,1.21053555373591e-06,-1.47133490146045e-07,2.01898194772866e-07,2.83741488854564e-06,-5.58156676642799e-09,-3.48903139724667e-09,4.24682277022131e-08,1.08735489827901e-07,-2.13956352852101e-07,-8.31707395036905e-08,-2.02685757478621e-09,5.72660567600585e-08,8.86570375986968e-08,-8.57250247663014e-08,9.32740820939752e-06,7.34732147477954e-06,-4.16081785728161e-07,-4.21409055341553e-06,2.31428186148954e-06,-5.03220556140534e-06,-4.50044887414433e-06,-1.45621209581862e-06,-6.76477951188455e-07,-3.81676427406971e-07,7.95623010898623e-08,-0.000286708306695173,-2.34440933395468e-05,-9.95052493274784e-06,-1.67243420446606e-05,-3.10273816971687e-06,-1.78878347523121e-06,-2.57059575495828e-06
"north_west","beta29",2.28495451284971e-07,4.06163358755665e-07,-1.15088129791206e-07,-1.43031486742068e-08,-1.5249419137478e-07,-4.07520393407659e-08,4.85079566383583e-08,-3.94788731325808e-08,1.35127346768821e-08,-6.02587484567122e-08,1.23161506602739e-07,-6.50611846689495e-09,4.19707566186843e-08,-1.80142739246638e-08,1.36062475183271e-07,3.15034029326496e-07,2.93388742264536e-08,1.24642874360529e-07,-7.64631308420221e-08,2.74947120083313e-07,-2.88852889989237e-08,2.20339968942735e-07,6.8407905017511e-09,3.97851911962325e-07,-4.77514276230498e-07,8.59626171446786e-07,-4.81354934823422e-09,-2.13319764199884e-07,4.00093910462882e-07,1.7064655279611e-08,9.911192751837e-08,1.14733135378748e-07,8.65030493381225e-08,5.79254348033238e-08,4.82203838805357e-09,4.40140056278837e-09,-1.42551580630051e-08,2.40478565642573e-09,-2.30786611579857e-08,7.56799976559496e-08,-1.0136247636023e-06,-8.47447081199608e-07,-3.10010417217769e-06,-2.80090458713172e-06,-2.30025217855267e-06,-3.36346209166558e-06,1.18371696525601e-05,-2.35795863318369e-05,3.79007534670451e-06,2.74813515594046e-07,-4.43447670513053e-07,-5.16351454857279e-07,1.85297100085809e-06,6.02600658471475e-07,1.64172606710596e-07,6.51038257443411e-09,1.65332955731613e-06,-3.60567504197266e-08,1.68113784574146e-08,3.6993995233313e-08,-4.44889113877672e-08,2.27317397148637e-07,8.79651662792922e-08,2.33420731029052e-08,2.50716303176082e-09,-4.89854018007842e-08,4.04735063687728e-08,-5.77847116357377e-07,4.10862552777362e-06,2.5188467571704e-07,-8.38402732176585e-07,4.70889109183563e-06,-8.63567891117561e-06,-4.97511099863294e-07,-3.11954310645496e-07,5.06163930885147e-08,1.33545460565069e-07,-7.73900426538409e-08,-0.000187083998683389,-1.1921160699945e-05,3.01913612114703e-05,-4.47180007591797e-05,-1.54045871255328e-06,-1.82339823787306e-06,-1.23338655886249e-06
"north_west","beta3",1.58067769392427e-08,-1.45620353246447e-06,2.68971973865917e-07,-5.86209132865987e-08,6.21848050053161e-08,-1.61636850452991e-08,-1.22712208737826e-08,1.50892356776358e-08,-9.02454987224127e-09,8.91719704335756e-09,3.41549838275857e-09,-7.44606783668656e-10,-6.59780251262106e-09,-1.58197881884656e-09,3.31443376965114e-09,-6.79971812896607e-07,-4.18134903098443e-09,1.24646425017335e-08,-5.44192341123028e-08,6.3189305109559e-08,-7.63585924640004e-09,-8.47953401694904e-10,2.54593256033784e-09,-7.52247962993598e-09,-9.58762027927776e-09,-4.81354934823422e-09,1.15336698137769e-07,2.69940268474656e-08,-3.44507088282082e-08,-2.96940434644457e-09,-2.39850023419965e-08,-1.62642719651143e-09,-1.83554251541877e-08,7.39002739533705e-09,-7.67285712746888e-08,7.74313426139227e-08,-7.06900417216949e-08,3.51302929798565e-08,-3.36255542184925e-08,2.65955921553509e-08,3.4335572692124e-07,-9.88094625670747e-08,-1.07525566790696e-07,4.53116401368076e-07,-8.10051510712677e-07,-3.26878531312298e-08,8.1148352123331e-07,-4.60675489931764e-07,-2.12948497367617e-06,3.09918757148601e-07,-1.07715976305689e-07,6.97380045271041e-08,-7.83580895508527e-07,-3.25486598300525e-08,8.21747315715152e-08,-7.14809798654626e-08,1.08711542351068e-06,-7.72802451528026e-10,-4.90779828849615e-09,-1.03803478319152e-08,-9.68638699684865e-09,-9.54271156458743e-09,2.3885620832248e-09,-4.35208455994493e-09,-1.11083313620922e-08,-1.87400310097393e-09,7.93116282022054e-09,-1.6646316670911e-06,2.47617517792008e-08,-6.15650930588674e-07,1.20457605760839e-06,-3.57370018349964e-07,5.72336264331848e-07,2.00120473707924e-06,5.70064677373681e-07,5.35629979180016e-08,2.50873317172024e-08,1.77184760348975e-09,2.03494572002768e-05,-3.24499609227825e-06,8.71148574931494e-07,1.15956559889356e-05,1.02920867771096e-07,-2.14401343048262e-07,4.92077565428273e-07
"north_west","beta30",-1.29090871127491e-08,-6.12608629603743e-07,1.45731777333235e-07,-4.1296951450605e-08,-6.25436827682715e-08,3.07032212771435e-08,-2.78106478235783e-08,3.92465496928488e-08,4.8533582573702e-09,-5.46212628050706e-08,6.15745253011174e-08,4.64099831788413e-08,3.06376336163361e-08,3.09160147910839e-08,6.90344026950418e-08,-6.40108563183634e-08,1.18678801392272e-07,5.50070146769772e-08,1.20250151917633e-07,8.34106530969674e-08,8.43086665027974e-08,1.24377419962409e-07,1.12996520450441e-07,1.00022566786732e-07,3.62045863682704e-07,-2.13319764199884e-07,2.69940268474656e-08,4.87565031643713e-07,-4.74037264379538e-08,1.94176640015173e-07,-1.35849583331087e-08,9.78539102839885e-08,3.88046269861033e-08,1.60237497282739e-07,-7.01830754518181e-09,7.63454347600252e-09,1.99830253241032e-08,-4.41576934058934e-08,1.18675285384668e-07,-4.98069394560721e-08,6.76154236126402e-07,-4.75019261437983e-07,1.31333869532715e-06,7.62837957770004e-07,3.8915595235e-07,-1.88977165215959e-06,2.7517009428846e-06,9.2595553340558e-06,-1.11444689411513e-06,-9.20322215338769e-08,2.32324550607547e-07,-1.00913702025984e-06,-3.86649978992299e-06,3.12010406081808e-07,7.61838879139478e-08,-3.80565081272682e-08,9.9034935353918e-07,-7.158547733363e-09,-1.04037619516634e-09,-3.24308647116672e-08,3.19531583507607e-08,-4.20924499255913e-08,-2.36011707190987e-08,-3.30251928358897e-08,-1.32662383020867e-08,4.29857802218774e-08,-1.41172280347886e-08,-8.73871765926807e-07,-2.02318138548372e-06,-6.34290507203173e-07,6.24908432095923e-07,3.53911837974244e-06,-3.61919547109767e-06,9.95086205315099e-06,6.90783232726842e-07,-1.44847835065413e-07,1.24936355036535e-07,3.8801885029317e-08,-0.000175354331867371,-1.75102740709048e-05,-1.75856762344611e-05,-3.19717340970628e-05,-1.89264733579464e-06,-1.73493099436562e-06,3.42374586918504e-07
"north_west","beta31",3.08734313825733e-07,1.11716048306925e-06,-3.92635414602016e-07,5.72852480053494e-08,-1.92490899324092e-07,4.46996822579676e-08,5.39415503797003e-08,-3.36090214881296e-08,-2.33172481728016e-08,8.49861968115716e-08,-4.01784240688145e-08,3.97894741864178e-08,6.4524161493715e-08,-3.58605231660132e-09,1.90998691553882e-07,3.72536843286472e-07,8.71421455908108e-08,1.63573518977793e-07,1.4368869871732e-08,2.82619229113261e-07,3.61989676666699e-08,2.77226347691483e-07,1.55318612530385e-07,2.42276793316305e-07,2.67960052618051e-07,4.00093910462882e-07,-3.44507088282082e-08,-4.74037264379538e-08,6.94241965400168e-07,-2.13152864600509e-08,3.15779242915152e-07,1.19857141402476e-07,2.60918503391441e-07,1.00555450943273e-07,2.3454645359305e-08,2.02623977154801e-09,-2.00228425620783e-08,-2.85951132846575e-09,9.25396008795747e-08,-5.03566767768221e-08,-2.31873723406126e-06,-1.34146931379348e-06,-5.89067388331658e-06,-6.3135381008478e-06,-1.1114144016616e-06,-2.20209959818036e-07,6.44127256621531e-06,-7.80489690586302e-06,9.47136470357276e-06,1.41812298057696e-07,-4.60628621832343e-07,-1.06551987598437e-06,1.21888055759196e-06,1.57240531601709e-06,2.7830548889091e-08,1.27426064929281e-07,1.07310189724122e-06,-2.22056375795212e-08,1.33940601635661e-10,9.21923200053753e-08,2.25915330375726e-08,3.71834684754976e-08,4.64692858541528e-08,3.63118404671736e-08,3.69805314532494e-08,3.02807733707153e-09,-7.83580495510692e-09,5.7428156351961e-06,9.35869371745542e-06,7.12388983026359e-09,-4.61669970081966e-06,6.51288524721095e-06,-1.28519966445154e-05,-2.81688260590701e-07,-1.48007887495033e-06,-1.28143321900845e-08,-1.97667493099691e-07,-5.53437262582587e-08,-0.000307614644708005,-2.15432974277706e-05,3.28425164262995e-05,-7.74434753502144e-05,-2.7019715565992e-06,-2.52759097263465e-06,-3.52023326504362e-06
"north_west","beta32",-8.55922246857295e-08,5.20511019012582e-07,-2.4910307335332e-07,3.65041036976046e-09,8.99832778220648e-08,1.21243649032173e-08,7.43608655500619e-09,3.3288803488745e-08,1.88118948196868e-08,-7.59179290537146e-08,7.34799159501135e-08,3.69549437774114e-08,3.53220050635513e-08,5.07726615286901e-08,6.54927096874968e-08,8.26003236080711e-08,7.02122981749438e-08,7.28326828879009e-08,8.78889285843045e-08,-8.74952096198981e-09,8.31057852866475e-08,1.20770918535886e-07,8.25720768648227e-08,5.41754757322774e-08,2.27574626309596e-07,1.7064655279611e-08,-2.96940434644457e-09,1.94176640015173e-07,-2.13152864600509e-08,6.14187677649139e-07,-1.60427324323831e-07,4.23048391828639e-07,3.26405127747214e-08,3.76841881190006e-07,8.71649142303801e-09,-6.87417297267469e-09,5.7741804068539e-08,-3.16403435912098e-08,3.23243791668824e-08,2.75650902234922e-08,1.63881046374221e-06,4.71427845746012e-07,-6.85790878015201e-07,-8.08962229244388e-07,-5.00034055656632e-07,-2.60073237017353e-06,2.87184263051876e-06,-4.21179160294292e-06,6.79307495574719e-06,1.94083038829559e-07,-2.46430831367882e-07,-1.38805768057403e-06,2.22852655777213e-06,-6.80023997894585e-07,-2.31320871094839e-07,1.35337282136696e-07,1.94308428037072e-06,-8.56309476058671e-09,2.13860609432176e-08,4.21763663666183e-08,1.56187799558996e-08,3.30241653454454e-08,2.28096374080542e-08,3.96133945208067e-10,1.08913989500588e-08,-1.18784643472642e-08,2.41741368358966e-08,-4.15136405636117e-07,6.2953353860288e-07,1.20330155290193e-06,-1.13163042103953e-06,6.58879489237364e-06,-4.46718828955226e-06,-7.27739210715786e-06,-1.90882948880686e-06,7.54424208128876e-07,-1.46483027429089e-07,-3.40916329009641e-08,-0.000156393622368375,-1.25911340498623e-05,-6.07844745952119e-05,2.49303958448806e-05,-1.58563194402718e-06,-1.18162122587368e-06,-3.6454540483172e-06
"north_west","beta33",1.59886104837585e-07,-1.65335053291105e-07,-3.65602167894893e-08,2.73980844939695e-08,-1.89321149364717e-07,4.42409548161654e-08,-4.74315036806849e-10,-1.18870521840084e-08,-3.15104927047097e-08,1.03910523649531e-07,-8.08095214205848e-08,2.00114855948757e-08,2.23537697054666e-08,-2.76896666237236e-08,7.35256708409179e-08,1.09284392348609e-07,5.36634975424497e-08,4.48112426464481e-08,1.64868803283178e-08,1.23045505278293e-07,1.38070441628736e-08,9.96718681449958e-08,6.81206621041473e-08,9.27495303517477e-08,1.60025338776088e-07,9.911192751837e-08,-2.39850023419965e-08,-1.35849583331087e-08,3.15779242915152e-07,-1.60427324323831e-07,4.333847563161e-07,-3.03889755118037e-07,3.57234122918993e-07,-2.89702187013044e-07,1.57790179741165e-08,4.41327891418143e-09,-4.80696951160949e-08,2.30996168397234e-08,4.90301206273972e-08,-6.47298650424939e-08,-2.27828352057167e-06,-5.41969348804244e-07,-1.79232198726466e-06,-2.83792919660446e-06,1.14141698235101e-06,7.50206291293054e-07,2.61777968348441e-06,-1.73400329132001e-06,-1.81315039123525e-06,-2.89243759107569e-07,-5.64179467201331e-09,-1.82506660622934e-07,3.52226327656331e-07,1.13869665314352e-06,1.30969342689996e-07,6.05670998225382e-08,-1.57364960188985e-06,-1.11809970668393e-08,-2.34212800968517e-08,5.83158671830804e-09,-8.63145460654597e-09,-2.46558926987471e-08,3.15834923325362e-10,2.32092111397004e-08,9.85639190974372e-09,1.54502574855292e-08,-5.07238718143874e-08,5.36866562736113e-06,2.22112061820597e-06,-1.18458039841415e-07,-3.26835354747912e-06,3.25053962608531e-08,-3.7610707649663e-06,1.45416621180355e-06,7.98957696791023e-07,-1.47341891402577e-06,-2.99934162920613e-07,5.70272715301778e-08,-0.000113731875823771,-4.60740565124405e-06,-4.27414537302758e-06,-7.98601599998861e-05,-1.01096585228609e-06,-1.05406194971658e-06,-2.28227712996718e-06
"north_west","beta34",1.50117816604481e-08,5.361811362425e-07,-3.19848919670588e-07,-6.54217604513874e-09,1.34779723358865e-07,1.32436473711373e-08,3.06311784274664e-08,5.83129450227006e-10,1.70394018578269e-08,-5.59461638391844e-08,8.2126298743964e-08,2.76308812758653e-08,2.5797613266953e-08,6.53661100249459e-08,5.40460513213953e-08,2.21786627686383e-07,3.88905925850249e-08,8.62666571223193e-08,2.59281418307841e-08,7.52136722882288e-08,2.06564325667588e-08,1.41459462488121e-07,6.45658592677928e-08,6.11279352383156e-08,1.59205313964062e-07,1.14733135378748e-07,-1.62642719651143e-09,9.78539102839885e-08,1.19857141402476e-07,4.23048391828639e-07,-3.03889755118037e-07,8.09455201457642e-07,-3.96186511192562e-07,9.88039449779157e-07,1.16960158921668e-09,-5.46185636228006e-09,4.70527271522674e-08,-2.46877039577216e-08,3.45349794118118e-08,8.01389791250282e-09,1.52568524927568e-06,-9.99376012002019e-08,-2.6151127347003e-06,-8.59922594845284e-07,-2.92100936816709e-06,-2.50113417237994e-06,2.3538103877996e-06,-1.98831617997968e-06,1.04987307724065e-05,4.71904777308591e-07,-4.50769170725952e-07,-9.36325107529206e-07,9.72952462789137e-07,-1.68529317676413e-07,-2.1814284999343e-07,7.57409319982038e-08,2.74868135053212e-06,-7.07029044993936e-09,3.18995534331949e-08,7.51913759821041e-08,2.89521812515258e-08,3.46475750634745e-08,4.08283417477055e-08,-1.21325175145756e-09,1.40522514573468e-08,-1.47809934381172e-08,5.47310336031821e-08,-2.88693974875728e-06,4.49593677163698e-06,-3.41473852814523e-07,8.74521637076988e-07,5.08550575591992e-06,-5.60715334291913e-06,-5.70463168364841e-06,-2.38034150481099e-06,1.74832898211421e-06,-4.51106100837531e-08,-7.87149702798615e-08,-0.000136153118798871,-1.94742728223441e-05,-3.14953255415985e-05,5.61636273777825e-05,-1.29779820015915e-06,-8.9635841985288e-07,-2.64576070269135e-06
"north_west","beta35",1.24465981237386e-07,1.59322627466426e-06,-8.70377610904846e-08,6.47087229896862e-08,-1.74454718401e-07,2.88105446920218e-08,4.62488116004288e-08,-3.07690035472917e-09,-2.13933030745873e-08,3.39734829330331e-08,-5.32979950547215e-08,3.73729571766091e-08,3.69440994286526e-08,-5.38117370355872e-09,1.07696175322684e-07,-6.40197497385221e-08,4.7603769139899e-08,7.9560128019168e-08,4.30868174220086e-09,7.05326885692609e-08,5.28873620596668e-08,1.19000257204441e-07,5.94675039980634e-08,1.15827385262666e-07,1.56016942165423e-07,8.65030493381225e-08,-1.83554251541877e-08,3.88046269861033e-08,2.60918503391441e-07,3.26405127747214e-08,3.57234122918993e-07,-3.96186511192562e-07,8.93723435214379e-07,-1.42365112825217e-06,2.25239449341263e-08,-1.18739652063441e-08,1.68978280301468e-08,-2.8816387400421e-08,9.23834881141039e-08,-3.27853574915408e-08,-2.2445016915854e-06,-8.717099754686e-07,-2.10986557774132e-06,-3.46016850528399e-06,2.14801577362439e-06,2.1586913854436e-07,2.9429380941637e-06,4.89817841862195e-07,-3.36999865188761e-06,-2.48581086212058e-07,-1.10969988679761e-07,-9.64579205272002e-07,-6.00996664982157e-07,7.56400944458802e-07,1.30749891345399e-08,1.0699936196396e-07,-5.0940254857913e-08,-1.11783943052627e-08,-3.11672718384657e-08,2.44611873892207e-09,5.22280184204668e-10,-2.13041964552027e-08,5.20030780085752e-09,3.18295884645738e-08,1.03354515504269e-08,2.01361082146371e-08,-3.2309152777464e-08,6.17021617337722e-06,3.19668206980697e-06,2.72535438418582e-08,-4.7200319267734e-06,5.19622832642483e-06,-4.56392094744797e-06,9.90254468330579e-07,-4.72110472624577e-07,-1.28395737179884e-06,-1.77053788933504e-07,3.11340442234424e-08,-0.000200213159336456,5.01276449535936e-06,-2.30803296026324e-05,-8.87745871582266e-05,-1.5536608716641e-06,-9.80945016375469e-07,-2.85790729826531e-06
"north_west","beta36",-7.94969122751883e-08,-1.06065475307348e-06,-2.61317202795368e-07,-7.18329071916733e-08,3.55974268844298e-07,-3.91543839832385e-08,1.5336322282165e-08,5.951811229575e-08,-1.08920345152419e-08,1.10995168767681e-07,-9.61470275806573e-08,2.58744524477863e-08,-1.14028335605316e-08,7.65789107083816e-08,-9.38981819575133e-09,2.57958377932073e-07,9.47980678537421e-08,-5.01853079507581e-09,2.01592406427918e-07,6.2863575916268e-08,6.66304873173853e-08,6.42016902189426e-08,1.30858480975601e-07,2.96674872653161e-08,2.54638028878241e-07,5.79254348033238e-08,7.39002739533705e-09,1.60237497282739e-07,1.00555450943273e-07,3.76841881190006e-07,-2.89702187013044e-07,9.88039449779157e-07,-1.42365112825217e-06,3.98297345197901e-06,-1.78494175971328e-08,5.03196148737526e-08,-8.41478442734734e-08,1.25014912156874e-07,-1.81258138849772e-07,1.0224922972064e-07,3.51369217984836e-06,1.98888369500746e-06,1.68374543285435e-06,4.44753090943324e-06,-4.01535437601488e-06,1.86037907287212e-06,-1.48241013564211e-06,-1.02941079195483e-05,1.95430954105831e-05,4.99759659583288e-07,3.26041313024151e-07,-4.54282084828962e-07,1.98255587688585e-06,-9.28568753106315e-07,-1.5878872595138e-07,-8.21609644585834e-08,2.65465689353596e-07,1.03049873898796e-09,6.62436159957085e-08,1.04664414520256e-07,1.8982537747299e-08,8.42358693963636e-08,4.82811635299964e-08,-3.51641341907196e-08,2.34258000135144e-09,-3.29763170061412e-08,6.97418951013486e-08,-6.29217060817694e-06,-6.59473816018092e-06,2.21911710557135e-07,7.29802630686277e-06,5.946756786242e-07,-5.51592205298374e-06,-5.74570180720385e-06,-4.15374256774854e-07,2.51017848781076e-06,2.19486069715736e-07,-7.61660862029475e-08,5.05126041727663e-05,-4.92153542881141e-05,-2.72912367610419e-05,0.000151696319833262,-3.2722759046996e-07,-1.89838846073246e-06,-2.22558150308763e-06
"north_west","beta4",-1.01935772134867e-09,8.74922992666413e-07,-1.78752401563821e-07,4.50214598752228e-08,-8.46861237914381e-09,1.9890030729249e-08,9.20902024535395e-09,-6.11875292409832e-09,6.37247461515552e-09,1.22113427689853e-08,-2.4164021819277e-08,5.90557739219769e-09,6.81734834053638e-09,1.22919158574485e-08,5.03787187798066e-09,2.61418507858859e-07,-2.61992268886502e-11,-1.24287886246349e-10,2.9419656797746e-08,-2.5747272736031e-08,6.64286595480622e-10,8.08751027054474e-09,8.60640176178056e-09,-4.53723747811089e-09,2.0825308781727e-08,4.82203838805357e-09,-7.67285712746888e-08,-7.01830754518181e-09,2.3454645359305e-08,8.71649142303801e-09,1.57790179741165e-08,1.16960158921668e-09,2.25239449341263e-08,-1.78494175971328e-08,7.2492416527179e-08,-8.90379921927943e-08,7.75074286096068e-08,-3.40347588085442e-08,3.70987653972029e-08,-2.56334888070034e-08,-4.34258768836689e-07,-1.33176369881098e-07,-4.2256999356236e-07,-1.02314413021054e-06,4.71990563780911e-07,1.22819132455745e-07,2.51474946016655e-07,-4.70132762544556e-08,1.60489831793113e-06,-1.19244803744925e-07,4.53483006499642e-09,-4.15467081505627e-07,1.63195575873012e-07,1.07087736322967e-07,6.10043749584885e-08,3.4999292331527e-08,4.73948888872256e-07,-4.69607047522166e-09,2.4020787578787e-09,7.14707629537769e-09,6.03342035120645e-09,2.1611522270225e-08,1.43856462396594e-09,4.40823858529789e-11,5.60797415029081e-09,9.27000049466474e-11,-5.01916400716375e-09,7.20338643450839e-07,1.17044506972587e-06,4.4765339240674e-07,-1.07897407095133e-06,1.09683391412071e-06,-2.86124268725689e-07,-1.00012403787424e-06,-2.93957080869399e-08,-2.25098923778665e-07,2.35087321274244e-08,-2.18080014209382e-09,-2.37709866486794e-05,3.51535562794811e-06,-6.81012743927195e-07,-3.50121330542106e-06,-9.70950940919982e-08,1.81882712750868e-07,-3.89778825905398e-07
"north_west","beta5",2.55151309219901e-08,-1.32024731210566e-06,1.44192492655968e-07,-3.15504486089913e-08,3.21639159367653e-08,-1.45204632094108e-08,2.20209630409862e-08,1.2616945684399e-08,-9.05581712871591e-09,2.67567897643787e-08,3.98222523380538e-09,3.01605842018509e-09,-2.00050316447909e-09,-6.19912001358704e-09,2.45176232730091e-08,-3.68772683493674e-07,-1.61325687321225e-08,3.34962177547201e-08,-4.05572865589551e-08,3.00348531055566e-08,9.05305108458105e-09,5.21688046925934e-09,5.97789428143136e-10,2.66314740163271e-08,-6.34048662046008e-09,4.40140056278837e-09,7.74313426139227e-08,7.63454347600252e-09,2.02623977154801e-09,-6.87417297267469e-09,4.41327891418143e-09,-5.46185636228006e-09,-1.18739652063441e-08,5.03196148737526e-08,-8.90379921927943e-08,2.28655512267196e-07,-2.91527121052264e-07,1.23143177543977e-07,-5.08795282349429e-08,2.35256703381307e-08,-6.2277481137607e-08,3.86013132753509e-07,4.0366408912486e-07,1.21807525687441e-06,-4.95571389141605e-07,7.35373002418096e-07,1.00705011444233e-06,-3.71779630892594e-06,-9.9755014658795e-07,3.20527956991175e-07,2.98579552336299e-09,-1.748973732569e-09,9.89034069381601e-08,-4.31873696666595e-07,-2.09565578072019e-07,-4.67932051919492e-08,-1.28402905768638e-06,-1.6797561902775e-09,-1.35124943044782e-08,1.33701956931369e-08,-9.72177346870618e-09,-3.09370069920681e-08,2.96910731929755e-09,1.78263164386481e-08,-3.02329103057046e-09,3.8956224179965e-10,9.13469556500153e-09,-8.0998652271092e-07,-8.33511751779556e-07,-7.64174167399535e-07,8.82472814962383e-07,9.1056016501766e-08,-4.61488250977096e-08,1.62522354881987e-07,2.94205158282648e-07,-2.07735941598523e-07,-3.94423692701772e-08,1.99952869429727e-08,2.53676052690351e-05,-8.64516441569051e-06,1.85841806271968e-06,-1.94360303080539e-06,1.00075606290235e-07,-3.89682570496495e-07,1.96927867641814e-07
"north_west","beta6",2.60745751098872e-08,3.17037372695912e-06,-8.10404380845378e-08,-1.24372679851828e-08,-1.17980094081144e-07,3.85590500243253e-08,-5.47075383836977e-08,8.06766893639656e-09,2.91281372365386e-08,-6.39122934861972e-08,6.1561317695953e-08,-1.55294006704516e-09,1.40980132431162e-08,2.16398922084083e-08,-3.05175162530226e-08,7.53602707861413e-07,5.93178717215655e-08,-6.42013440723973e-08,8.39208410981905e-08,1.01262485261543e-08,-3.66187150208203e-08,4.43587546842431e-08,-2.8488540105367e-08,8.18849904695175e-09,4.398284126129e-08,-1.42551580630051e-08,-7.06900417216949e-08,1.99830253241032e-08,-2.00228425620783e-08,5.7741804068539e-08,-4.80696951160949e-08,4.70527271522674e-08,1.68978280301468e-08,-8.41478442734734e-08,7.75074286096068e-08,-2.91527121052264e-07,7.0494430836699e-07,-4.78267969243143e-07,2.55794555510081e-07,-2.76407288525328e-08,8.18616177035113e-07,-2.96244539489008e-07,-1.09090271942657e-06,-2.87420041803592e-06,-6.49415914237486e-07,-3.24434593629182e-06,1.98138104562732e-07,6.49848834225436e-06,2.16531494275085e-06,-2.86482914330718e-07,-1.99660985099278e-07,-1.12996669221605e-06,-2.73386113212056e-07,8.04608451697909e-07,7.97344551576421e-08,1.50391585366685e-07,1.69004272517602e-06,5.98797471004597e-09,3.95316740054302e-08,-2.09971609962462e-08,3.63748277259867e-08,5.59959149778019e-08,-4.23581499809325e-09,-9.92263198799634e-09,9.36481496198188e-09,4.77090093850903e-09,-9.94366381716733e-09,-1.619428054214e-07,2.83676286622797e-06,1.79384074387938e-06,-8.20705897447157e-07,3.25281552738621e-06,-3.13529008639116e-07,-1.45619388244691e-06,-1.57518526381625e-06,7.68710374318427e-07,-1.46699676853627e-07,-7.36294043454048e-08,-4.98322011961465e-05,1.78386016425357e-05,-1.76556136017309e-06,-2.33091458569055e-05,-1.07284270862085e-07,5.42800573280346e-07,-3.17713218913397e-07
"north_west","beta7",-1.18730905363137e-07,-2.64358100113061e-06,1.36979791380129e-07,1.96445411009662e-08,1.14434018903805e-07,-8.9938256396152e-08,1.17238502443296e-07,-1.91892935238583e-08,9.60258383427557e-09,1.16837827186029e-08,-4.2371688048036e-08,4.03672431556133e-09,-1.3255341841354e-08,4.05428907833911e-08,-2.64103406671912e-08,-4.49737058403182e-07,-2.07581876139792e-08,2.06989736084267e-08,-2.36386673746854e-08,-9.72258084688615e-08,6.36123559085216e-08,-7.17412061885159e-08,2.48082817427186e-08,-5.20361043367994e-08,-5.99218906221082e-08,2.40478565642573e-09,3.51302929798565e-08,-4.41576934058934e-08,-2.85951132846575e-09,-3.16403435912098e-08,2.30996168397234e-08,-2.46877039577216e-08,-2.8816387400421e-08,1.25014912156874e-07,-3.40347588085442e-08,1.23143177543977e-07,-4.78267969243143e-07,6.04508590144235e-07,-5.96481104495503e-07,1.79452011801223e-07,6.12320798769093e-07,1.29152582204689e-06,2.95443854015461e-06,3.63915539991118e-06,6.31058756966794e-08,1.75423535588576e-06,-9.88936250069162e-07,-8.23782444118003e-06,-2.34969140510355e-06,1.50624474137686e-07,2.33213497502994e-07,-6.20737813481102e-08,-2.34767496911299e-07,-1.35180366221021e-06,-2.16906485767954e-07,-6.63597102374178e-08,-1.36433100748306e-06,-5.90483685748276e-09,-2.49295370468119e-08,2.46707382644885e-08,-3.94403950301404e-08,-1.6303847230136e-09,2.50697385308851e-08,-6.48946928109894e-09,-1.33874042942731e-08,-2.34722827828988e-08,2.1165123344924e-08,-1.08570010486137e-06,-4.64663067931972e-06,-1.31275533263534e-06,2.91633708085456e-06,1.20741019771935e-06,1.07401523465894e-06,-1.8983877100016e-06,1.18417440063604e-06,-1.10584490494677e-06,3.55956364547044e-07,6.53359094343812e-08,3.74853949552371e-05,-8.97006717408948e-06,-1.4470433422005e-06,2.34779906349364e-05,2.30891148900981e-07,-7.02250934929957e-08,8.18590490799552e-08
"north_west","beta8",3.03120470980555e-07,2.80073129851235e-06,-1.94074090124123e-07,-2.50100678124287e-08,-1.43205710638369e-07,2.93700752092657e-07,-2.5922581485694e-07,5.9237453317461e-08,-2.57814941135338e-08,8.53104233076417e-08,-4.16089837803799e-08,1.81821627578511e-08,2.54327813233812e-08,-5.10540960464496e-08,1.12455077791346e-07,2.83863977832833e-07,2.88737591074217e-09,4.33788232209569e-08,3.75275665256951e-08,1.46224016423381e-07,-7.5579570981582e-08,1.55066573205032e-07,-3.75329024101947e-09,1.0110726211391e-07,1.85872268056673e-07,-2.30786611579857e-08,-3.36255542184925e-08,1.18675285384668e-07,9.25396008795747e-08,3.23243791668824e-08,4.90301206273972e-08,3.45349794118118e-08,9.23834881141039e-08,-1.81258138849772e-07,3.70987653972029e-08,-5.08795282349429e-08,2.55794555510081e-07,-5.96481104495503e-07,1.02336862554471e-06,-5.45789663709002e-07,-1.94504934201251e-06,-1.63837791855231e-06,-6.28731770845174e-06,-5.31198834072073e-06,2.39744823824756e-06,1.55423105890022e-06,1.23638540234965e-06,1.35179890451413e-05,1.65682433753768e-06,-6.91184675711283e-09,-4.38761678950777e-07,-4.93072492445744e-07,-6.15839194409803e-07,1.5735873378246e-06,1.76949971565235e-07,1.12259094060181e-07,2.12786428202314e-06,9.18000209751473e-09,2.1857774033253e-10,8.12521098026195e-09,5.04625920395099e-08,-9.05886953549977e-08,-5.29048203339384e-08,2.16039172273568e-08,2.94961378869481e-08,5.29379393704321e-08,-5.90877659589314e-08,3.56315527971195e-06,1.00068407630795e-05,-4.55119053129241e-08,-7.08539713589676e-06,1.65975173172285e-06,-4.5559096921267e-06,5.50836253700242e-06,-1.83860137650777e-06,1.38658840601157e-06,-4.42410079658221e-07,-2.41559166155965e-08,-8.55808481020616e-05,2.73120225833262e-06,1.54708937245688e-06,-5.48724943385711e-05,-5.60695039893231e-07,-6.48540507700504e-07,-7.48272370480386e-07
"north_west","beta9",-1.90721828999697e-07,-1.48927180489473e-06,9.43873807405925e-08,-9.74353150955219e-09,8.49462193385404e-08,-4.15714787549974e-07,4.05483263507243e-07,-7.63210974547794e-08,4.93050933902139e-08,-8.18864325691086e-08,1.27247392346302e-07,-8.83393982176317e-09,1.34158923118643e-09,4.20977733587727e-08,-5.61967159376478e-08,6.27300014728745e-08,2.96804686567621e-08,-1.6630834014182e-08,1.15271936604916e-08,-8.91746447140912e-08,5.20298539488154e-08,-5.18700129320655e-08,-2.23795763596888e-08,2.53314616232336e-08,-1.55197035452113e-07,7.56799976559496e-08,2.65955921553509e-08,-4.98069394560721e-08,-5.03566767768221e-08,2.75650902234922e-08,-6.47298650424939e-08,8.01389791250282e-09,-3.27853574915408e-08,1.0224922972064e-07,-2.56334888070034e-08,2.35256703381307e-08,-2.76407288525328e-08,1.79452011801223e-07,-5.45789663709002e-07,6.60472644279748e-07,2.35826347566602e-06,1.02745083766366e-06,4.88497076062389e-06,2.99763176905073e-06,-1.30129033248855e-06,-3.41620861704794e-06,-3.92978481619978e-07,-7.72581084952565e-06,9.41076435102375e-07,4.20038276414885e-08,3.319240934242e-07,-5.64903175138433e-07,-1.16304415953537e-06,-1.60698419958226e-06,-3.85835413145463e-07,-3.2485023669078e-08,-1.64940932288292e-07,5.9610434026514e-09,1.18892145135992e-08,3.33982716995735e-09,-2.41748859935731e-08,1.00439936689116e-07,5.72323600689195e-08,-3.0022661859569e-08,-3.18454658337479e-08,-4.83679962621447e-08,6.94187042167999e-08,-4.49296300909942e-06,-7.2730951363454e-06,1.59086937286312e-06,4.5051961025858e-06,7.88443953178546e-07,3.86309647075291e-06,-1.47884936795389e-06,6.39957172952829e-07,-5.6647575327791e-07,2.5149741510058e-07,-8.20300266317796e-08,5.35513395583174e-05,4.20704312168309e-06,-2.99136481828856e-06,3.28734893174735e-05,2.39364476034781e-07,1.75814087429517e-07,3.74432394129495e-07
"north_west","mu_D",-2.07630373657124e-06,-9.36677215113094e-06,4.44837254249651e-06,-1.39580484950828e-06,3.11699570466029e-06,-5.56204539921071e-07,1.395033832492e-06,-9.00507077052824e-07,1.00432874965688e-06,-2.33590116298177e-06,2.17814152539254e-06,-2.71292833761773e-08,-1.03192492379782e-07,7.1222476478078e-07,-7.4822593641567e-07,-4.17052358225161e-07,6.87307099299922e-07,-1.2177485901135e-06,3.78648153682681e-06,-3.80290483989077e-06,1.0790658846557e-06,-1.03137635278968e-06,-1.1955108387059e-07,1.25675001401589e-07,-1.17488404592453e-06,-1.0136247636023e-06,3.4335572692124e-07,6.76154236126402e-07,-2.31873723406126e-06,1.63881046374221e-06,-2.27828352057167e-06,1.52568524927568e-06,-2.2445016915854e-06,3.51369217984836e-06,-4.34258768836689e-07,-6.2277481137607e-08,8.18616177035113e-07,6.12320798769093e-07,-1.94504934201251e-06,2.35826347566602e-06,0.000341663706180247,0.00010772402859807,0.000155469503648189,0.000193575988946861,0.000105859726438923,-0.00015008171695888,-4.29471121845136e-05,8.99173811756522e-05,-0.000116166156581674,-1.45114661286152e-05,1.25045164106875e-05,-8.57280730115061e-06,2.09694282809629e-05,-0.000130575033483736,-1.49462793622721e-05,2.56632879417427e-06,-5.19877807256507e-05,5.25477401361824e-07,3.98633536062683e-07,-2.94325857074002e-07,-1.10861244964486e-08,4.17824491781936e-07,-1.31001644687511e-07,-6.36609062742344e-07,-2.86358004676447e-07,-5.23064030439656e-07,2.47581329139703e-07,-4.88102030437363e-05,-0.000150802165220627,-5.10874776320955e-05,9.03678740436632e-05,1.56944784626704e-06,8.24676196975869e-05,-0.000121912113025305,-2.09369063225705e-06,-1.92645421578354e-05,6.98718582008258e-06,-1.37281100511549e-08,-0.000505768858741979,0.000101168707407772,-3.24565036854079e-06,0.000962371420303043,2.94230445670148e-06,1.68032687044809e-06,1.51852752062601e-05
"north_west","mu_D_2",-2.37268918364359e-06,2.40654959708839e-05,9.01349184021812e-06,-8.41870102239442e-07,2.24186297647628e-06,-2.47209939463282e-07,9.12538592360289e-07,-5.44334316990869e-07,1.1262134806989e-06,-7.36817016811216e-07,2.22180944772216e-07,-2.78426359748161e-07,-4.09321266372996e-07,1.45792797902086e-07,-2.64951689107264e-07,-1.46097922020271e-06,-9.19770082673638e-07,-4.8663852776028e-07,1.37435142808159e-06,-3.21455866268004e-06,9.07158521648703e-07,-1.71719044889498e-06,1.39608122429517e-07,-4.79118532141458e-07,-9.88968129707856e-07,-8.47447081199608e-07,-9.88094625670747e-08,-4.75019261437983e-07,-1.34146931379348e-06,4.71427845746012e-07,-5.41969348804244e-07,-9.99376012002019e-08,-8.717099754686e-07,1.98888369500746e-06,-1.33176369881098e-07,3.86013132753509e-07,-2.96244539489008e-07,1.29152582204689e-06,-1.63837791855231e-06,1.02745083766366e-06,0.00010772402859807,0.000215631746982034,0.000125705674356145,0.000159056792765865,0.000111348180581907,0.000186298944212752,-1.50577049007319e-05,-0.000120415851125659,-2.1117948449292e-05,-1.98754688794841e-05,1.23930629926326e-05,-1.06532092832112e-05,1.63463074251026e-05,-0.000135631609413893,-1.37131555905188e-05,6.217774569437e-06,-5.86207124215511e-05,-1.61455110398022e-07,2.48424424220991e-07,2.81721794924034e-07,-5.5955503754544e-07,-4.36643583278012e-07,1.54864808383596e-07,2.28723919395295e-07,-5.71072638187289e-08,-3.82105189586581e-08,9.97730758613703e-08,-4.65093797226791e-05,-0.00022322373124361,3.09476761375907e-05,6.3701529719824e-05,1.55208108307541e-05,3.67514923008559e-05,-8.739775607251e-05,-4.26290656734023e-05,-1.67092357398003e-05,4.81955559095339e-06,4.17171214138943e-07,0.00222649657450325,4.80518001716296e-05,-6.68631947231117e-05,0.000385238282413341,2.19529133405613e-05,6.05956751752544e-06,-6.63232038413163e-06
"north_west","mu_D_3",-7.38435673936424e-06,0.000194051468642403,7.00603905882917e-06,-1.89477870725617e-06,-2.81746354450829e-06,-2.37705137194909e-06,3.41224443654724e-07,-6.93110057005772e-08,3.38845528558292e-08,7.32753732818357e-07,-1.05019326607301e-06,-6.19203247803678e-07,-1.096434659338e-06,-7.54875198958645e-07,-2.47030759871364e-06,-1.95939406231755e-06,3.91571611517293e-07,-2.09351100815599e-06,6.48961096501159e-07,-1.47641984843077e-06,3.23586559409441e-07,-2.86729976090202e-06,-2.74457466987169e-06,1.99685796217286e-06,-4.66361167415431e-06,-3.10010417217769e-06,-1.07525566790696e-07,1.31333869532715e-06,-5.89067388331658e-06,-6.85790878015201e-07,-1.79232198726466e-06,-2.6151127347003e-06,-2.10986557774132e-06,1.68374543285435e-06,-4.2256999356236e-07,4.0366408912486e-07,-1.09090271942657e-06,2.95443854015461e-06,-6.28731770845174e-06,4.88497076062389e-06,0.000155469503648189,0.000125705674356145,0.00105685948186778,0.000625067865583861,0.000438090910072235,-0.000596426914515042,9.56258724913485e-05,-0.000155605474279258,-6.83311906221174e-05,-5.05660317221405e-05,0.000114672930470885,2.05819768231095e-05,-9.53040370956743e-06,-0.000119887231740915,-1.1002111022046e-05,-2.13936395567882e-06,-0.000121682156741353,7.6958680299261e-07,3.00581684520666e-07,-1.68196681702312e-06,-1.16330619535399e-06,9.36478363685384e-07,2.29192393566419e-07,-9.9775972016133e-07,-1.06500104851095e-06,-9.77098969260798e-07,-7.35841842708492e-07,-0.000180771389348434,-0.00203317663312962,0.000377632180586888,0.000167460525639641,-0.000168038870853545,0.000183862043525361,-3.65109506473955e-05,8.62269915927984e-05,-5.68496145549794e-05,1.90304101389404e-05,-4.06913088597773e-07,0.00485624195129646,-6.09929635814532e-05,-9.97460217011406e-05,-0.00138682295330758,4.40067335136352e-05,-6.12215732975753e-06,4.21908752091307e-05
"north_west","mu_D_4",-8.59108173429446e-06,-6.02947880693865e-05,1.67807493061993e-05,-2.84953253194498e-06,4.37094499231765e-07,-1.78857524538701e-06,-1.34496362315376e-07,-6.20450144621339e-07,1.14448668715233e-06,3.76534078406367e-07,-1.96525720019779e-06,-4.35803647085227e-07,-1.8620711107944e-06,-8.37652980424503e-07,-7.39798533919828e-07,1.73927789902643e-06,-2.29505617853122e-06,-1.27588764482034e-06,-2.05694324338695e-07,-3.98239892677023e-06,1.50544265115772e-06,-4.05316659650439e-06,-2.95888256233282e-06,7.10067608203424e-07,-5.50212358950857e-06,-2.80090458713172e-06,4.53116401368076e-07,7.62837957770004e-07,-6.3135381008478e-06,-8.08962229244388e-07,-2.83792919660446e-06,-8.59922594845284e-07,-3.46016850528399e-06,4.44753090943324e-06,-1.02314413021054e-06,1.21807525687441e-06,-2.87420041803592e-06,3.63915539991118e-06,-5.31198834072073e-06,2.99763176905073e-06,0.000193575988946861,0.000159056792765865,0.000625067865583861,0.000941056141616783,0.000346585954115223,-0.00015372483190939,-0.000424708735122607,1.87622973302229e-05,-7.51303704816954e-06,-2.94895606776894e-05,9.71102180871405e-05,3.78330969291183e-05,-3.87573392783882e-05,-0.000134175104418549,-1.07273631262578e-05,-4.95369475140339e-06,-0.00014748979247614,1.15316564519456e-06,6.62900843989948e-07,-9.3109963315401e-08,-2.17825514258968e-06,1.70873988515664e-06,4.24958373509831e-07,-9.3283843413513e-07,-1.34336031483352e-06,-8.87221719999705e-07,4.72592804083638e-07,-0.000167300265065351,-0.00139327115686988,-0.000274070470112552,0.000451627814935374,-0.000224750628330472,0.000167841913290177,0.000111256138891307,3.71397748314164e-05,2.80145129351429e-05,5.5468389211482e-06,-1.03359108569406e-06,0.00695202902134333,-2.15737214863242e-05,-0.000553619448093201,0.00040924235231259,5.98382625225524e-05,-1.38672288085918e-06,2.67472347724158e-05
"north_west","mu_D_5",-6.98333014179504e-07,0.000100982155439211,3.30941909162043e-06,-9.0639715565245e-07,-3.86653342405521e-06,4.6508308704714e-07,7.53134190658818e-07,-8.88113475460466e-07,-1.06685588579147e-06,3.64546190593295e-06,-1.41998484665662e-06,-3.38654693336873e-07,-2.49793730578679e-07,3.2552192092222e-07,-8.5498677320728e-07,-2.14021277053776e-06,2.51626780397409e-07,-1.70491113618432e-06,2.16361318189526e-06,-2.72593284594333e-06,1.84424689493146e-07,-2.55265418103972e-07,-1.73355918793278e-06,9.91083761802406e-07,7.27631412492542e-07,-2.30025217855267e-06,-8.10051510712677e-07,3.8915595235e-07,-1.1114144016616e-06,-5.00034055656632e-07,1.14141698235101e-06,-2.92100936816709e-06,2.14801577362439e-06,-4.01535437601488e-06,4.71990563780911e-07,-4.95571389141605e-07,-6.49415914237486e-07,6.31058756966794e-08,2.39744823824756e-06,-1.30129033248855e-06,0.000105859726438923,0.000111348180581907,0.000438090910072235,0.000346585954115223,0.00104488576033065,-0.000124510265830357,8.94079987537345e-05,-0.000161621107845748,-5.62491126090033e-05,-4.80194012693843e-05,8.25831890536571e-05,1.2025687513209e-05,3.78500154723782e-05,-9.24771563151886e-05,-7.44679378853107e-06,-1.54147056860565e-06,-0.000186000937741666,-2.18898102327184e-07,-1.15970327830112e-07,-1.01265072368874e-06,-1.73945407769466e-07,3.45221229882239e-07,-4.93807434983308e-07,-1.17036806524266e-06,-4.79920353304505e-07,2.52411924960276e-08,-6.94610478060051e-07,6.50586968520941e-06,-0.000890727898102068,5.43761178317809e-05,-0.000536925763455316,-5.19700697761608e-05,-1.31529429862848e-05,-0.000104721368772288,1.94004932779117e-05,-2.326691166081e-05,9.28931130743698e-06,1.99173079515383e-06,0.000729169496461187,0.000601176254668765,0.000369242377763248,-0.00204936914571856,1.47962646029856e-05,1.94973554004164e-05,2.28267237624371e-06
"north_west","mu_gamma_H",6.26684119653796e-06,-3.91706604360604e-05,-1.68154038817241e-05,3.45617671680306e-06,6.89180844453208e-06,1.52414368999975e-06,1.51796016634826e-06,-2.79183563564093e-06,3.11992961252241e-06,3.44767114298298e-06,-1.08667530082132e-05,-8.61012856971767e-07,-7.26190126324974e-07,-3.66835900349003e-06,3.3607952623556e-06,-1.28555277242764e-05,-7.18505360168489e-06,1.47422109011966e-06,-1.02778701128769e-05,7.26619724093349e-06,-2.10515517902958e-06,-3.35557559066128e-06,5.05659264389754e-07,-3.31822492373537e-06,1.25710075041711e-06,-3.36346209166558e-06,-3.26878531312298e-08,-1.88977165215959e-06,-2.20209959818036e-07,-2.60073237017353e-06,7.50206291293054e-07,-2.50113417237994e-06,2.1586913854436e-07,1.86037907287212e-06,1.22819132455745e-07,7.35373002418096e-07,-3.24434593629182e-06,1.75423535588576e-06,1.55423105890022e-06,-3.41620861704794e-06,-0.00015008171695888,0.000186298944212752,-0.000596426914515042,-0.00015372483190939,-0.000124510265830357,0.00305735226566253,-0.000672393113529771,-0.000366481095203289,-3.52651751363656e-05,5.9983477415418e-06,-3.21363376740685e-05,5.41799312206759e-07,-4.94241616130758e-05,8.43711101717987e-06,1.57918401398603e-05,6.51275261415422e-06,-5.09570850283464e-05,-4.13058865410503e-07,-2.32502151347286e-06,1.49808875437235e-06,-2.54449324742047e-06,-1.03847697145137e-06,6.48938888276599e-07,1.42571498636797e-06,5.98292607655942e-07,1.80066451609444e-06,3.53880806268954e-06,0.000296678418252044,0.000661286285682899,-0.00019326139945746,8.16907680763904e-06,9.18863608225676e-05,-0.000237087132701848,0.000344563156429883,-0.00010749988016467,8.21221359290168e-05,-1.68321740271055e-05,5.46922049144896e-06,0.00630766664319708,0.000399357821114339,3.19630342519558e-05,0.00200731380746353,6.56300888068908e-05,3.18984009723185e-05,-4.20193143114232e-05
"north_west","mu_gamma_H_2",3.36060846672303e-06,0.000104525268526012,-5.09654082570427e-06,-4.06916375721235e-06,8.58561594000297e-06,1.29369512312576e-06,-1.34304080536686e-06,2.79743593667693e-06,-1.78662854041916e-06,-1.16160258617208e-06,8.70404817201618e-06,-9.04342075715195e-07,1.90850123717397e-06,2.02008298328381e-06,-1.15406832784136e-07,-3.82641794575562e-05,5.6334233162551e-06,4.60236455722396e-06,-7.48307596228757e-06,1.76294277929748e-05,-3.95009214621576e-06,7.60445105314423e-06,1.7766121056506e-06,1.1111393592567e-05,-4.38603053829421e-06,1.18371696525601e-05,8.1148352123331e-07,2.7517009428846e-06,6.44127256621531e-06,2.87184263051876e-06,2.61777968348441e-06,2.3538103877996e-06,2.9429380941637e-06,-1.48241013564211e-06,2.51474946016655e-07,1.00705011444233e-06,1.98138104562732e-07,-9.88936250069162e-07,1.23638540234965e-06,-3.92978481619978e-07,-4.29471121845136e-05,-1.50577049007319e-05,9.56258724913485e-05,-0.000424708735122607,8.94079987537345e-05,-0.000672393113529771,0.00276810266032315,-0.0017027652544007,-0.000516719422924678,-4.40319462723073e-05,-7.64997982549153e-06,-4.01516146537995e-05,-3.18771283864644e-05,1.46356516860522e-05,5.00112879159465e-06,-1.67343460004875e-06,9.74172732973562e-05,-4.4007164245142e-06,-2.79199662328422e-06,-4.57426359300835e-06,-4.29738429475132e-06,5.27578644157107e-06,2.00040913307861e-06,6.66746407184532e-07,-3.36400238458323e-07,4.46769930271111e-07,-1.46204374093597e-06,-0.000182278484818151,-0.000157886105862067,0.000515486140835818,-0.000369439283156302,-1.2992763758389e-05,2.99249876685169e-05,0.000138929335819054,0.000176762211471627,-0.000156599354611526,1.8242493669908e-05,7.56175823071069e-06,-0.0061110322760697,0.000308004584037393,0.000816437584677054,0.00142394530889094,-4.71152156349593e-05,-6.05240480608767e-05,-1.53835427826374e-05
"north_west","mu_gamma_H_3",-1.16399826691628e-05,-0.000361821173341192,3.5336302795146e-06,4.99598655849868e-06,1.07198042377169e-05,6.40035488758042e-06,-5.40853767664027e-06,5.47193058926234e-07,-1.57741570756829e-06,3.23863188039688e-07,-4.67431126161935e-06,5.18429656622541e-06,-3.4740542438951e-06,1.08109239191485e-06,5.79375504971398e-06,1.07986479132325e-05,-7.209824631139e-06,-6.61700906351065e-07,2.03626400918905e-05,-3.04859795819589e-05,1.4332726996679e-05,-2.03554445502666e-05,2.04319929887081e-05,-3.02878643701747e-05,2.19923527401196e-05,-2.35795863318369e-05,-4.60675489931764e-07,9.2595553340558e-06,-7.80489690586302e-06,-4.21179160294292e-06,-1.73400329132001e-06,-1.98831617997968e-06,4.89817841862195e-07,-1.02941079195483e-05,-4.70132762544556e-08,-3.71779630892594e-06,6.49848834225436e-06,-8.23782444118003e-06,1.35179890451413e-05,-7.72581084952565e-06,8.99173811756522e-05,-0.000120415851125659,-0.000155605474279258,1.87622973302229e-05,-0.000161621107845748,-0.000366481095203289,-0.0017027652544007,0.00819198664461078,-0.000604372009796528,3.06889170965359e-06,-4.17321587983361e-05,1.07115525151557e-05,-0.000771090769275777,2.28289212147754e-05,1.22872885458571e-05,7.02497297930313e-07,-7.76316833814305e-05,1.01697566639588e-06,-9.91826528664129e-07,-8.00959458362907e-06,8.79432806708979e-06,-4.618730552363e-05,-1.35480616708636e-05,-3.1693980955209e-06,-6.10431976373795e-07,1.54949501119115e-05,-1.86538624869417e-05,0.000494680683839849,0.000747101605664172,-0.00045394435634824,0.00039810189074439,5.14986927997343e-05,0.000292405098490964,0.00176878616860011,4.08592253557951e-05,7.21984308292104e-05,-2.09818592088142e-05,1.22810939874803e-05,0.00104875011620755,-0.00198135273272506,-0.00222000769549998,0.00483866425638973,-2.90837887642155e-05,-3.38582018770896e-05,7.66787367975105e-05
"north_west","mu_gamma_H_4",-7.23132527534398e-06,0.000196313420734845,-3.55028180341556e-05,2.94622623723295e-06,-1.98004434830911e-07,6.08342822140357e-07,3.18493993884e-07,1.59349388357114e-06,-2.20774378974942e-06,5.07529648184826e-06,-1.09117861128473e-05,3.26731256535964e-06,3.01631518523843e-07,4.48024998856335e-06,4.72277952312646e-06,2.54845799351114e-05,-8.12683314703375e-07,5.2135749134131e-06,-2.06011373478646e-06,4.36593876249402e-06,-3.02719752274616e-07,9.12558443837414e-06,-2.70559492857665e-06,8.37050770721644e-06,6.49565606776916e-06,3.79007534670451e-06,-2.12948497367617e-06,-1.11444689411513e-06,9.47136470357276e-06,6.79307495574719e-06,-1.81315039123525e-06,1.04987307724065e-05,-3.36999865188761e-06,1.95430954105831e-05,1.60489831793113e-06,-9.9755014658795e-07,2.16531494275085e-06,-2.34969140510355e-06,1.65682433753768e-06,9.41076435102375e-07,-0.000116166156581674,-2.1117948449292e-05,-6.83311906221174e-05,-7.51303704816954e-06,-5.62491126090033e-05,-3.52651751363656e-05,-0.000516719422924678,-0.000604372009796528,0.00211275797716872,8.75148024001263e-06,7.34716687839651e-06,-1.85146309838201e-05,0.000271635393599768,4.75890884950815e-06,-1.47458053109417e-05,9.24739524538676e-06,0.000105191855934697,2.23871454633746e-07,4.05665619861938e-06,1.22203569454809e-05,5.11777634728729e-06,5.09592692517717e-06,1.95264614261202e-06,6.23413289788351e-09,2.85624469348216e-06,-3.04448750989506e-06,3.64955870485089e-06,0.000367534186466031,0.000116082667114881,5.80106179711914e-05,-3.77725769763702e-05,0.000155365426798496,-0.000335791202741053,-0.000653458098284819,-0.000132126475174591,0.00014578090940918,-2.57539663999418e-06,-1.48270084128353e-05,-0.00926272379684309,-0.00103233300534385,0.000111239349543525,0.000544910616338536,-8.42631176511843e-05,-1.98227005327447e-05,-7.00568338560571e-05
"north_west","p_G_D",1.49881915639666e-06,-7.51214079527852e-05,5.15676038433293e-07,3.84726304680402e-07,9.25760966163686e-07,1.85849570648192e-07,-2.843457144511e-07,3.71792945865609e-07,1.23522531788502e-07,-2.5666049189612e-07,-7.80783974277136e-08,2.70018314583385e-07,-4.44072765080149e-08,5.30745672959565e-07,8.15623107829655e-08,-2.09207867846737e-06,1.73618639843278e-07,-1.64812177039172e-07,8.81909536459574e-07,-3.02202338088322e-07,5.69893573295618e-08,1.53882363538003e-07,3.47422487508627e-08,2.10857758162182e-07,1.84020267956871e-07,2.74813515594046e-07,3.09918757148601e-07,-9.20322215338769e-08,1.41812298057696e-07,1.94083038829559e-07,-2.89243759107569e-07,4.71904777308591e-07,-2.48581086212058e-07,4.99759659583288e-07,-1.19244803744925e-07,3.20527956991175e-07,-2.86482914330718e-07,1.50624474137686e-07,-6.91184675711283e-09,4.20038276414885e-08,-1.45114661286152e-05,-1.98754688794841e-05,-5.05660317221405e-05,-2.94895606776894e-05,-4.80194012693843e-05,5.9983477415418e-06,-4.40319462723073e-05,3.06889170965359e-06,8.75148024001263e-06,5.06533458300313e-05,-6.10501204134877e-06,-4.78391048623265e-06,-5.78912478087139e-06,2.46699754479881e-05,2.46639650363847e-06,-6.2729401027704e-07,1.05837157867509e-05,-4.43641868712772e-08,9.32203604535906e-08,1.69177743620812e-07,3.23623885689134e-08,1.7147261156191e-07,-2.68310524355855e-08,8.47665981772368e-08,6.54546936144135e-08,-2.33830978342269e-08,2.80028795319332e-07,2.99782207309072e-06,9.32326753410534e-05,-3.07670527946341e-05,1.34254463550208e-05,3.2503982743379e-05,-2.07745080435805e-05,1.29437633382274e-05,-4.84772478771794e-06,1.17120852812191e-05,3.18135736643177e-07,-2.63592391623668e-07,-0.000277066582119737,-2.41973804868524e-05,-5.38878204819742e-05,0.000273695232185118,-3.56403627662356e-06,3.62157718587827e-07,-1.27391233457549e-06
"north_west","p_G_D_2",-3.42889624518965e-07,2.24781754817755e-05,-3.30313380939562e-07,-1.62460391047544e-07,-4.72127293467258e-07,-2.77903391166953e-07,-8.00110560514612e-08,1.47712033776874e-07,-2.33138462545667e-07,5.03634599990198e-07,-4.20346009605866e-07,-6.84952184410435e-08,-1.0011690853534e-07,-2.90665145836818e-08,-3.04238813762238e-07,2.99436296749495e-07,7.23152367217276e-08,-2.76269269185382e-07,1.31416608605901e-07,-4.10289025599327e-07,1.74890001271066e-07,-2.832679189605e-07,-3.83777341133418e-07,3.42000106296604e-07,-2.91037039271985e-07,-4.43447670513053e-07,-1.07715976305689e-07,2.32324550607547e-07,-4.60628621832343e-07,-2.46430831367882e-07,-5.64179467201331e-09,-4.50769170725952e-07,-1.10969988679761e-07,3.26041313024151e-07,4.53483006499642e-09,2.98579552336299e-09,-1.99660985099278e-07,2.33213497502994e-07,-4.38761678950777e-07,3.319240934242e-07,1.25045164106875e-05,1.23930629926326e-05,0.000114672930470885,9.71102180871405e-05,8.25831890536571e-05,-3.21363376740685e-05,-7.64997982549153e-06,-4.17321587983361e-05,7.34716687839651e-06,-6.10501204134877e-06,2.41429245583377e-05,3.80940885097084e-06,3.2531274411606e-06,-1.15551490940684e-06,2.78681484461976e-07,-1.38703251928354e-07,-1.29431526604812e-05,1.11184135443026e-07,6.55876928065208e-08,-6.25381288142097e-08,-2.34640973793337e-07,1.00034608788264e-07,8.15411694574348e-08,-2.13375919583229e-07,-1.18359375421124e-07,-1.35702335272566e-07,-2.8286610421494e-08,-2.14544736779576e-05,-0.000272955203816531,1.98276605328169e-05,1.19335787604259e-05,-2.76445773781197e-05,1.68981201668929e-05,-1.16379242219603e-05,4.1347364898629e-06,-3.26396868157261e-06,2.01415416429117e-06,5.21973096678306e-09,0.00047484779056923,7.56610605279919e-06,3.58359568118206e-05,-0.000166979926703433,3.33534239289707e-06,1.56639783335841e-06,4.3142166910452e-06
"north_west","p_H",-1.96596494672057e-06,-1.60193867204419e-05,-7.68480132845063e-07,-9.19922170378968e-08,-4.6564048942975e-07,-6.09122428345495e-07,-1.2245070398462e-06,-4.99199556808539e-07,-5.31484141072876e-07,-1.25950193007337e-06,6.39432861960264e-07,-5.96398922461638e-07,-5.55508250615061e-07,-1.38113361691921e-06,-1.00634836900519e-06,-7.79830307753944e-07,-4.31917438204804e-07,-9.14399251071281e-07,-6.89426045334179e-07,-9.64470447010306e-07,3.74573804727682e-08,-1.71396507120485e-06,-1.3806099188065e-07,-1.15726290776795e-06,-1.27560945841838e-06,-5.16351454857279e-07,6.97380045271041e-08,-1.00913702025984e-06,-1.06551987598437e-06,-1.38805768057403e-06,-1.82506660622934e-07,-9.36325107529206e-07,-9.64579205272002e-07,-4.54282084828962e-07,-4.15467081505627e-07,-1.748973732569e-09,-1.12996669221605e-06,-6.20737813481102e-08,-4.93072492445744e-07,-5.64903175138433e-07,-8.57280730115061e-06,-1.06532092832112e-05,2.05819768231095e-05,3.78330969291183e-05,1.2025687513209e-05,5.41799312206759e-07,-4.01516146537995e-05,1.07115525151557e-05,-1.85146309838201e-05,-4.78391048623265e-06,3.80940885097084e-06,7.53256566640267e-05,4.38380674670909e-05,-7.55942600733372e-06,-6.95445539645151e-07,-6.44545418121187e-06,-3.47717347024592e-05,1.82501998602701e-07,-8.26300267940645e-08,-8.41733320208387e-07,-2.88808030082444e-07,-4.80072418983461e-07,-1.72503007011528e-07,-6.08358928623619e-09,-1.15074656207832e-07,-1.09408157880716e-07,-7.24561425758603e-08,1.71175573386634e-05,-5.83019133697655e-05,-1.83466428585434e-06,6.29417847194965e-06,-0.000237793883979746,2.46928155829185e-05,3.01380906424416e-05,5.14022873432509e-05,7.88643629100148e-06,-2.22367311765093e-06,4.55726517236092e-08,0.0012952312316683,-0.00011770403714979,5.26170459781283e-05,0.000340657598904269,4.02725835918892e-06,5.7281578883279e-06,1.60140237782806e-05
"north_west","p_H_2",5.36291124844014e-07,-8.33318378941409e-06,-3.96135520626014e-06,1.41838274378484e-06,-4.25618560212771e-06,7.34932624777835e-07,-1.86349336260686e-06,-3.07120278534057e-07,-7.73743384893636e-07,5.40669998997725e-07,-7.64795922444366e-07,-1.0348508192395e-06,-1.23111688704298e-07,-1.62537856352885e-06,-1.50792829748225e-06,-1.04523609356692e-07,7.91091847712663e-07,-1.18654680944295e-06,-1.7037918978495e-06,2.07358547225132e-06,-1.55518745884889e-06,1.40052194793727e-06,-5.3672421367972e-07,-6.65214194953487e-08,2.28299387149209e-06,1.85297100085809e-06,-7.83580895508527e-07,-3.86649978992299e-06,1.21888055759196e-06,2.22852655777213e-06,3.52226327656331e-07,9.72952462789137e-07,-6.00996664982157e-07,1.98255587688585e-06,1.63195575873012e-07,9.89034069381601e-08,-2.73386113212056e-07,-2.34767496911299e-07,-6.15839194409803e-07,-1.16304415953537e-06,2.09694282809629e-05,1.63463074251026e-05,-9.53040370956743e-06,-3.87573392783882e-05,3.78500154723782e-05,-4.94241616130758e-05,-3.18771283864644e-05,-0.000771090769275777,0.000271635393599768,-5.78912478087139e-06,3.2531274411606e-06,4.38380674670909e-05,0.00047784258153135,-1.55326334317216e-07,-5.8135756872271e-06,1.6644175603997e-06,-2.4171569427914e-05,7.69859805727555e-07,9.04188905168762e-07,1.8188921168526e-06,4.22201637265006e-07,2.44012860903746e-06,4.5936917711391e-07,8.37154963266921e-07,1.14367588984815e-06,-1.85787163796081e-06,6.03203814221439e-07,0.000169108658567904,-4.0019694588677e-05,7.48147695006524e-05,-0.000120920171437989,-9.51374366161174e-05,-0.000236749194746578,-0.000902389794491908,7.79072850142388e-06,-1.40154704246472e-05,-2.75637187754277e-05,-1.27628162175409e-06,0.00109042298550108,0.000141773245335579,0.000434390147487262,-0.00168177781265293,1.36424973249596e-05,9.35761229241722e-06,-3.48869891268484e-05
"north_west","p_H_D",3.8002200330256e-06,1.06875857518331e-06,-7.87729452976804e-06,1.34000568723848e-06,-2.37110799241979e-06,4.75973515043195e-07,-1.29618063557445e-06,6.50017185966925e-07,-1.0502117818889e-06,1.48235974466839e-06,-1.24924817829396e-06,1.02191592812909e-07,2.37655494082936e-07,-4.19778963253956e-07,6.3262196973123e-08,1.01368340627536e-06,7.29917243234628e-07,3.47916348196723e-07,-1.50461823356688e-06,2.84790515003722e-06,-9.9898624096789e-07,1.58895500209174e-06,-3.78602546385187e-07,9.82824083632485e-07,1.21053555373591e-06,6.02600658471475e-07,-3.25486598300525e-08,3.12010406081808e-07,1.57240531601709e-06,-6.80023997894585e-07,1.13869665314352e-06,-1.68529317676413e-07,7.56400944458802e-07,-9.28568753106315e-07,1.07087736322967e-07,-4.31873696666595e-07,8.04608451697909e-07,-1.35180366221021e-06,1.5735873378246e-06,-1.60698419958226e-06,-0.000130575033483736,-0.000135631609413893,-0.000119887231740915,-0.000134175104418549,-9.24771563151886e-05,8.43711101717987e-06,1.46356516860522e-05,2.28289212147754e-05,4.75890884950815e-06,2.46699754479881e-05,-1.15551490940684e-06,-7.55942600733372e-06,-1.55326334317216e-07,0.000174334327419132,1.61204238422327e-05,8.43585678859874e-07,1.08207548732295e-05,-2.02706331678034e-08,-5.56629686336138e-08,-8.91745253458202e-08,1.7601692941023e-07,6.23382379768675e-09,-2.92158533095387e-07,-1.2859854395027e-07,2.39398018101754e-07,3.63238708731326e-07,-4.07379885700514e-07,5.60892671222321e-05,6.8321339140489e-05,-1.04858764670553e-05,-5.23599725896146e-05,5.31245012859967e-05,-9.14308124386503e-05,3.43182524546059e-05,-4.13845883513119e-05,3.22276229746686e-05,-6.58965591052213e-06,2.75752148544245e-07,-0.00103144389394,0.000107525642313596,6.09198401691274e-05,-0.000564779436987808,-1.42203624215021e-05,-2.96690383147578e-06,-2.5473928918069e-06
"north_west","p_ICU",6.33290594037014e-07,1.36808793322207e-06,7.00722219946613e-07,1.07771100155328e-07,4.71434303107451e-08,1.40031768465512e-09,-2.43124458954887e-07,2.24861094947728e-07,-4.60821328167164e-07,7.58540926776947e-07,-7.50232590105829e-07,-4.11911652399919e-08,-3.76691892297135e-08,-1.95142178924405e-07,-1.22139845787641e-07,-2.99198849171562e-06,3.03913953209984e-08,-1.16340099554683e-08,-5.62407319370258e-07,8.662538402959e-07,-2.72462995536366e-07,2.50544689052189e-08,2.27612735142113e-08,5.77243228652926e-08,-1.47133490146045e-07,1.64172606710596e-07,8.21747315715152e-08,7.61838879139478e-08,2.7830548889091e-08,-2.31320871094839e-07,1.30969342689996e-07,-2.1814284999343e-07,1.30749891345399e-08,-1.5878872595138e-07,6.10043749584885e-08,-2.09565578072019e-07,7.97344551576421e-08,-2.16906485767954e-07,1.76949971565235e-07,-3.85835413145463e-07,-1.49462793622721e-05,-1.37131555905188e-05,-1.1002111022046e-05,-1.07273631262578e-05,-7.44679378853107e-06,1.57918401398603e-05,5.00112879159465e-06,1.22872885458571e-05,-1.47458053109417e-05,2.46639650363847e-06,2.78681484461976e-07,-6.95445539645151e-07,-5.8135756872271e-06,1.61204238422327e-05,1.18114068670489e-05,-4.53296566498851e-07,4.13112289420408e-06,-9.40308767744072e-08,-1.12273608368264e-07,-2.06219543535527e-07,-6.49317205930489e-08,-7.473876370415e-08,-9.04969529278136e-08,-8.12403414092967e-08,-7.0181154118761e-08,1.32197482774601e-07,-7.41029069088757e-09,2.48374639722847e-05,-4.59860530154145e-06,-7.83151980653877e-07,-1.00750409464804e-06,2.31195644896429e-06,-1.15775640262735e-05,2.66137073846571e-05,6.40343243242605e-06,1.92551463531366e-07,-4.7833215200028e-07,4.18230303191761e-07,0.000164931559487075,-5.08379718935837e-05,9.89237783007967e-08,3.21024035220171e-05,8.60865689410884e-07,-7.06470306343708e-07,8.89892868177008e-07
"north_west","p_ICU_2",4.22902657575751e-07,6.03171070168914e-06,-9.28756556075478e-07,1.76504452578064e-07,-2.85034765502625e-07,7.50735807731433e-08,1.47308717486212e-07,-4.41438748257518e-08,-1.33399965210494e-08,2.94070784175206e-08,7.0887337266816e-08,2.37699463976357e-08,9.23149862200327e-08,6.0103584402628e-08,1.04684208618092e-07,7.28391895921495e-07,-2.95952291840299e-08,7.18411590931004e-08,1.1220443278767e-07,-8.77661956505451e-08,1.53384178231677e-09,1.31519806354037e-07,-6.666510526881e-09,-1.63977315855268e-09,2.01898194772866e-07,6.51038257443411e-09,-7.14809798654626e-08,-3.80565081272682e-08,1.27426064929281e-07,1.35337282136696e-07,6.05670998225382e-08,7.57409319982038e-08,1.0699936196396e-07,-8.21609644585834e-08,3.4999292331527e-08,-4.67932051919492e-08,1.50391585366685e-07,-6.63597102374178e-08,1.12259094060181e-07,-3.2485023669078e-08,2.56632879417427e-06,6.217774569437e-06,-2.13936395567882e-06,-4.95369475140339e-06,-1.54147056860565e-06,6.51275261415422e-06,-1.67343460004875e-06,7.02497297930313e-07,9.24739524538676e-06,-6.2729401027704e-07,-1.38703251928354e-07,-6.44545418121187e-06,1.6644175603997e-06,8.43585678859874e-07,-4.53296566498851e-07,3.08096176671534e-06,5.64486301525627e-06,-2.41953187999475e-09,7.82048818203915e-08,1.36592018606418e-07,1.06951192969411e-07,-5.1912408403902e-08,-8.01055291225334e-08,1.58492017533179e-08,1.15122737656434e-07,2.53397721995173e-08,-8.34955245372938e-08,1.91707854317501e-05,6.81550073090638e-07,4.31360116128848e-06,-3.11302655540362e-06,1.70087091918031e-05,4.45560128880874e-07,-1.80398734244719e-05,-2.66794939988863e-05,4.76357371751949e-07,-3.32263682551737e-07,-1.44257642922964e-07,-0.000282319279071504,9.02287481504871e-06,3.24727422578874e-06,-0.000148502600734222,-2.39426169234901e-06,1.02564320517375e-06,-1.27023585148713e-06
"north_west","p_ICU_D",2.98387322528725e-06,-4.61297895253607e-05,-1.81903487358469e-05,6.49511175942596e-07,4.07659483346602e-06,6.97539200721742e-07,-7.3195680791685e-07,1.62786757794359e-06,-2.18092986498963e-07,8.97513946789337e-08,1.00780283124363e-06,4.90979096972039e-07,1.01617689800889e-06,1.99311052765783e-06,7.47119822126291e-07,-1.45969316359051e-05,-9.52401350603835e-08,1.87375109098354e-06,-1.10530778444096e-06,3.23999831681214e-06,-1.50033606558755e-06,3.10034035239602e-06,1.15425768463394e-06,-1.69823708983588e-06,2.83741488854564e-06,1.65332955731613e-06,1.08711542351068e-06,9.9034935353918e-07,1.07310189724122e-06,1.94308428037072e-06,-1.57364960188985e-06,2.74868135053212e-06,-5.0940254857913e-08,2.65465689353596e-07,4.73948888872256e-07,-1.28402905768638e-06,1.69004272517602e-06,-1.36433100748306e-06,2.12786428202314e-06,-1.64940932288292e-07,-5.19877807256507e-05,-5.86207124215511e-05,-0.000121682156741353,-0.00014748979247614,-0.000186000937741666,-5.09570850283464e-05,9.74172732973562e-05,-7.76316833814305e-05,0.000105191855934697,1.05837157867509e-05,-1.29431526604812e-05,-3.47717347024592e-05,-2.4171569427914e-05,1.08207548732295e-05,4.13112289420408e-06,5.64486301525627e-06,0.00067796657338518,-4.71443690610455e-07,6.11868141475095e-07,1.40981099165528e-06,3.65124317434012e-07,1.31388151089592e-06,1.67060569603815e-07,3.72708526581539e-07,7.56153873100916e-07,-5.54557648251868e-07,3.97618369493755e-07,-0.000238198191864855,0.000114786981967354,8.80493130272239e-05,3.60941433244842e-05,1.25990243411877e-05,8.80374012972339e-05,-2.12194211880534e-05,-8.48900274301507e-06,-2.44634340526282e-05,-4.87166264082695e-06,-2.61692764661933e-06,-0.00236739967250518,-0.00075016035728594,4.92035133678493e-05,0.000927341448417964,-2.10180565780251e-05,1.06013266645086e-06,-2.91946706419599e-06
"north_west","p_NC_15_24",-6.24615431902438e-08,-5.46938679338537e-09,3.89244909889586e-08,1.22744498426773e-08,-6.54255245379873e-08,-5.10631033324096e-09,-1.21522945399527e-08,8.38183411246123e-09,-8.55498451071419e-09,1.59520878782962e-08,-2.1330321187304e-08,-1.86860660309796e-09,-6.68223190950703e-09,-8.34086452262022e-09,-1.0567107530001e-08,1.10395547189591e-07,-4.8543446146652e-09,-1.98216852437162e-08,1.99975071442948e-08,-3.23121417392333e-08,-2.3581234094799e-09,-1.13047255035032e-08,-2.39490033484857e-08,-5.90087487688622e-09,-5.58156676642799e-09,-3.60567504197266e-08,-7.72802451528026e-10,-7.158547733363e-09,-2.22056375795212e-08,-8.56309476058671e-09,-1.11809970668393e-08,-7.07029044993936e-09,-1.11783943052627e-08,1.03049873898796e-09,-4.69607047522166e-09,-1.6797561902775e-09,5.98797471004597e-09,-5.90483685748276e-09,9.18000209751473e-09,5.9610434026514e-09,5.25477401361824e-07,-1.61455110398022e-07,7.6958680299261e-07,1.15316564519456e-06,-2.18898102327184e-07,-4.13058865410503e-07,-4.4007164245142e-06,1.01697566639588e-06,2.23871454633746e-07,-4.43641868712772e-08,1.11184135443026e-07,1.82501998602701e-07,7.69859805727555e-07,-2.02706331678034e-08,-9.40308767744072e-08,-2.41953187999475e-09,-4.71443690610455e-07,2.9725527704681e-08,5.21680049376937e-09,3.05902728718074e-09,6.50982802830443e-09,8.33685170446871e-10,1.42742674045086e-09,-2.11460516693157e-10,-2.77740767944935e-09,-1.26956835333265e-08,9.01288056572442e-09,-4.8090994899541e-08,-1.23665805767725e-06,-2.17473440288068e-07,6.07347188948656e-07,-8.4802003201291e-07,5.76031209440861e-07,-2.21698603563247e-06,1.17180101850132e-07,-5.62221277752896e-08,-4.9272264760308e-08,-3.47620108367378e-08,2.71415585777487e-05,2.9002208480276e-06,2.05051783404523e-06,-2.14002556203752e-05,2.6544947971004e-07,1.29912377258386e-07,1.57351694593936e-07
"north_west","p_NC_25_49",-1.49757560594299e-08,3.35758309243063e-07,-9.73356349402179e-08,1.01837948479349e-09,-3.4206930825135e-08,-6.61382239741739e-09,6.13791274708364e-09,-9.05184253711426e-09,1.65927249017455e-08,-4.31455441330433e-08,3.46117861267312e-08,3.16953942077619e-09,3.41142378266462e-09,1.18249576456684e-08,7.66191571202086e-09,1.95633909843163e-07,2.61794282950145e-10,-2.77656821404596e-09,3.37394554735443e-08,-3.22316874016844e-08,5.72956610628013e-09,1.90439616942302e-08,-1.46219950288097e-08,1.89592588229853e-08,-3.48903139724667e-09,1.68113784574146e-08,-4.90779828849615e-09,-1.04037619516634e-09,1.33940601635661e-10,2.13860609432176e-08,-2.34212800968517e-08,3.18995534331949e-08,-3.11672718384657e-08,6.62436159957085e-08,2.4020787578787e-09,-1.35124943044782e-08,3.95316740054302e-08,-2.49295370468119e-08,2.1857774033253e-10,1.18892145135992e-08,3.98633536062683e-07,2.48424424220991e-07,3.00581684520666e-07,6.62900843989948e-07,-1.15970327830112e-07,-2.32502151347286e-06,-2.79199662328422e-06,-9.91826528664129e-07,4.05665619861938e-06,9.32203604535906e-08,6.55876928065208e-08,-8.26300267940645e-08,9.04188905168762e-07,-5.56629686336138e-08,-1.12273608368264e-07,7.82048818203915e-08,6.11868141475095e-07,5.21680049376937e-09,3.75621766433075e-08,3.25505506500205e-08,1.40530189464794e-08,4.1184608749163e-08,1.05048282404034e-09,-7.41739977260259e-09,1.39608162910504e-08,-1.31161956736068e-08,-4.5757890809018e-09,6.63224888147426e-07,-2.09161194294379e-07,-1.55223692032076e-07,4.02415345701091e-07,-7.87249850289768e-07,1.15953476628183e-06,-2.89216622823292e-06,-7.18133028637363e-07,5.53572837253755e-08,3.47074510830739e-08,-4.88360075356917e-08,-2.57490385730914e-05,4.81012101505652e-07,2.87811005512747e-07,-5.696514324837e-06,-2.44265899300679e-07,1.28173846849207e-07,2.7209088106141e-08
"north_west","p_NC_50_64",-6.56350720402083e-09,6.02084561816677e-07,-1.51720605421153e-07,2.81783171404059e-08,-6.05978502732132e-08,6.94677022634078e-09,4.32136098328397e-08,-9.44926187689844e-09,1.27865758202996e-08,5.3669668128507e-08,-1.03042241151132e-07,2.03422191839539e-08,1.01330722669243e-08,2.62148764742189e-08,5.20741211172707e-08,2.53788192986462e-07,-2.54742832006926e-08,6.85392626711438e-08,-8.81424062140741e-08,1.07485851603645e-07,-4.00753808871222e-08,9.93697924291474e-08,-4.53807637444361e-08,6.93168931428875e-08,4.24682277022131e-08,3.6993995233313e-08,-1.03803478319152e-08,-3.24308647116672e-08,9.21923200053753e-08,4.21763663666183e-08,5.83158671830804e-09,7.51913759821041e-08,2.44611873892207e-09,1.04664414520256e-07,7.14707629537769e-09,1.33701956931369e-08,-2.09971609962462e-08,2.46707382644885e-08,8.12521098026195e-09,3.33982716995735e-09,-2.94325857074002e-07,2.81721794924034e-07,-1.68196681702312e-06,-9.3109963315401e-08,-1.01265072368874e-06,1.49808875437235e-06,-4.57426359300835e-06,-8.00959458362907e-06,1.22203569454809e-05,1.69177743620812e-07,-6.25381288142097e-08,-8.41733320208387e-07,1.8188921168526e-06,-8.91745253458202e-08,-2.06219543535527e-07,1.36592018606418e-07,1.40981099165528e-06,3.05902728718074e-09,3.25505506500205e-08,1.35306368874363e-07,2.52160963591721e-08,3.12765633310991e-08,2.65370827958188e-08,6.95703887326278e-09,2.57035242875318e-08,-3.11167471521606e-08,1.7379959370667e-08,2.27195459589742e-06,3.07280871473556e-06,-1.19712285957475e-06,2.39179813753102e-07,3.1593893059861e-06,-1.08975738094127e-06,-6.98752558039991e-06,-1.69055865937925e-06,3.22841007470529e-07,-6.48293018637854e-09,-9.62543651805735e-08,-5.67726297331845e-05,-5.15228665474837e-06,1.81223869399754e-06,-2.40513493075666e-05,-3.11894384879579e-07,-1.82049551063531e-07,-8.27928999104163e-07
"north_west","p_NC_65_79",1.74680372588775e-09,5.3507756614308e-07,-1.36160260975557e-07,3.62166263421413e-08,-6.27876212592755e-08,2.39459650450189e-08,-2.32302357528187e-08,1.32357114037023e-08,-1.44604609615724e-08,-5.49724698574447e-10,-2.24683831642477e-09,1.60639739651554e-08,1.27531905586627e-08,1.56103257352086e-08,1.72741801679718e-08,1.33227760952666e-07,5.74704893972404e-09,7.70642528440445e-09,6.04544478278036e-08,-2.66124175514203e-08,1.32758855226424e-09,2.79584073586252e-08,2.24151286776838e-08,-3.63819003513945e-08,1.08735489827901e-07,-4.44889113877672e-08,-9.68638699684865e-09,3.19531583507607e-08,2.25915330375726e-08,1.56187799558996e-08,-8.63145460654597e-09,2.89521812515258e-08,5.22280184204668e-10,1.8982537747299e-08,6.03342035120645e-09,-9.72177346870618e-09,3.63748277259867e-08,-3.94403950301404e-08,5.04625920395099e-08,-2.41748859935731e-08,-1.10861244964486e-08,-5.5955503754544e-07,-1.16330619535399e-06,-2.17825514258968e-06,-1.73945407769466e-07,-2.54449324742047e-06,-4.29738429475132e-06,8.79432806708979e-06,5.11777634728729e-06,3.23623885689134e-08,-2.34640973793337e-07,-2.88808030082444e-07,4.22201637265006e-07,1.7601692941023e-07,-6.49317205930489e-08,1.06951192969411e-07,3.65124317434012e-07,6.50982802830443e-09,1.40530189464794e-08,2.52160963591721e-08,6.41127650716645e-08,-5.53975726481116e-08,-3.02580278960455e-08,-6.41621668990484e-09,1.57232607159914e-08,1.60298061605657e-08,-1.25023103126519e-08,3.27724421895792e-06,4.24426559301022e-06,3.84781834816776e-07,-1.62205628822054e-06,1.72951973150885e-06,-1.10053696046311e-06,-2.06628217990113e-06,-1.02991593878191e-06,1.78309038324623e-07,-3.75699471270592e-08,-4.46021668230494e-08,-7.21368293631129e-05,-4.59713789546439e-06,2.36757844969791e-06,-2.43027138211183e-05,-7.09584959128846e-07,1.02041321732735e-07,1.18302788744688e-07
"north_west","p_NC_80_plus",9.81599692004877e-08,3.63978137484687e-06,-1.93482344699528e-07,-4.83576940839934e-08,-9.97385410658018e-08,-5.22227002725141e-08,8.95173036235235e-08,-4.83420970478522e-08,3.48865662399656e-08,-6.84378278859458e-09,2.63812942410009e-08,-1.59878753012549e-08,2.61681572832848e-08,6.85840124643069e-09,1.59846182106309e-09,2.55909866111949e-07,4.85733308854838e-08,-1.08967519291237e-08,3.20417910514592e-08,-6.25686162003456e-08,2.88758382270669e-08,9.75518624799816e-08,-1.27451861541301e-07,2.15403317547202e-07,-2.13956352852101e-07,2.27317397148637e-07,-9.54271156458743e-09,-4.20924499255913e-08,3.71834684754976e-08,3.30241653454454e-08,-2.46558926987471e-08,3.46475750634745e-08,-2.13041964552027e-08,8.42358693963636e-08,2.1611522270225e-08,-3.09370069920681e-08,5.59959149778019e-08,-1.6303847230136e-09,-9.05886953549977e-08,1.00439936689116e-07,4.17824491781936e-07,-4.36643583278012e-07,9.36478363685384e-07,1.70873988515664e-06,3.45221229882239e-07,-1.03847697145137e-06,5.27578644157107e-06,-4.618730552363e-05,5.09592692517717e-06,1.7147261156191e-07,1.00034608788264e-07,-4.80072418983461e-07,2.44012860903746e-06,6.23382379768675e-09,-7.473876370415e-08,-5.1912408403902e-08,1.31388151089592e-06,8.33685170446871e-10,4.1184608749163e-08,3.12765633310991e-08,-5.53975726481116e-08,5.16624720744401e-07,1.04642942697346e-07,-1.12404789695355e-08,1.76719461664626e-09,-1.21867853205565e-07,1.39184433029582e-07,-4.15142135452021e-06,-1.82726717103327e-06,-2.41470657369153e-07,-1.07069315489497e-06,-1.63942523287315e-06,1.85149143110964e-06,-6.33058321865156e-06,7.96893781383959e-07,-6.55275044348565e-07,2.15033535635459e-07,-1.37450794826572e-07,-6.89119467472417e-05,2.66420445650449e-05,9.0586021968948e-06,-2.88987405395255e-05,-1.55993659266629e-07,2.30914901192545e-07,-1.4965086833108e-07
"north_west","p_NC_weekend_15_24",7.37267284787247e-09,1.58223614140803e-06,6.91649133338638e-08,-1.4039581883447e-08,-3.71919715970858e-09,-3.73872344310525e-08,5.23676432724307e-08,-9.97623096974857e-09,5.77459195024508e-09,2.74029235423545e-08,-2.8117238154122e-08,-3.91854827373065e-09,1.07307129303731e-09,3.04244835826242e-09,7.16061206464202e-09,2.06391569524459e-08,-5.10856215597778e-10,2.97429806078078e-08,-7.98204051926151e-08,6.91052794386113e-08,-1.2023319103694e-08,4.98586778326672e-08,-5.21236857129459e-08,1.0570468051942e-07,-8.31707395036905e-08,8.79651662792922e-08,2.3885620832248e-09,-2.36011707190987e-08,4.64692858541528e-08,2.28096374080542e-08,3.15834923325362e-10,4.08283417477055e-08,5.20030780085752e-09,4.82811635299964e-08,1.43856462396594e-09,2.96910731929755e-09,-4.23581499809325e-09,2.50697385308851e-08,-5.29048203339384e-08,5.72323600689195e-08,-1.31001644687511e-07,1.54864808383596e-07,2.29192393566419e-07,4.24958373509831e-07,-4.93807434983308e-07,6.48938888276599e-07,2.00040913307861e-06,-1.35480616708636e-05,1.95264614261202e-06,-2.68310524355855e-08,8.15411694574348e-08,-1.72503007011528e-07,4.5936917711391e-07,-2.92158533095387e-07,-9.04969529278136e-08,-8.01055291225334e-08,1.67060569603815e-07,1.42742674045086e-09,1.05048282404034e-09,2.65370827958188e-08,-3.02580278960455e-08,1.04642942697346e-07,6.94883103780599e-08,8.6056998606101e-09,-1.19511102450378e-08,-4.46931736070954e-08,5.74583465717886e-08,-2.86069721092834e-06,-8.45724374209343e-07,2.15385704637021e-07,3.70379320395509e-07,5.17592975914183e-07,-5.28162053414903e-07,-1.75113542337579e-06,5.15764286731422e-07,-1.80035829800724e-08,3.75218878220854e-08,-4.02461337267342e-08,7.06623231182213e-06,-4.76095473229189e-07,3.85190837092997e-06,-9.43676882610851e-07,2.67859379649336e-07,-2.37326472391032e-07,-4.44653478978354e-07
"north_west","p_NC_weekend_25_49",3.14527548910411e-08,6.14870320074439e-07,-8.78433264007403e-08,1.6494809760102e-08,7.84969417183748e-09,2.73610294822636e-08,-7.96788609890458e-09,-4.3846288069977e-09,3.40599960602408e-09,1.36080713210763e-08,-1.16638438155455e-08,-2.05771343691719e-09,-2.7361164499144e-10,-1.00452799531979e-09,4.97069886894593e-09,-9.459422944138e-08,-8.87958932057089e-09,1.25493499790937e-08,-4.7576266286201e-08,4.22249980036131e-08,-1.74181629922082e-08,9.19659747300297e-09,1.19302893236149e-08,-7.21697496436445e-09,-2.02685757478621e-09,2.33420731029052e-08,-4.35208455994493e-09,-3.30251928358897e-08,3.63118404671736e-08,3.96133945208067e-10,2.32092111397004e-08,-1.21325175145756e-09,3.18295884645738e-08,-3.51641341907196e-08,4.40823858529789e-11,1.78263164386481e-08,-9.92263198799634e-09,-6.48946928109894e-09,2.16039172273568e-08,-3.0022661859569e-08,-6.36609062742344e-07,2.28723919395295e-07,-9.9775972016133e-07,-9.3283843413513e-07,-1.17036806524266e-06,1.42571498636797e-06,6.66746407184532e-07,-3.1693980955209e-06,6.23413289788351e-09,8.47665981772368e-08,-2.13375919583229e-07,-6.08358928623619e-09,8.37154963266921e-07,-1.2859854395027e-07,-8.12403414092967e-08,1.58492017533179e-08,3.72708526581539e-07,-2.11460516693157e-10,-7.41739977260259e-09,6.95703887326278e-09,-6.41621668990484e-09,-1.12404789695355e-08,8.6056998606101e-09,4.42687413774535e-08,8.73308125929084e-09,-1.79457474938337e-09,-1.69462550722804e-08,-1.6496752163777e-07,1.2967488786299e-06,6.38614289498268e-07,-3.78110295756683e-07,3.33245468140339e-07,-1.33510674717446e-06,-1.40488859807667e-06,-2.51200335590457e-07,2.58288823194069e-08,-1.77712062878073e-07,-1.32761504464177e-08,8.96757805457699e-06,1.26739703714518e-06,2.13081380298992e-06,-6.05804061081285e-06,2.03541165105678e-07,2.25307384072922e-08,-4.88373047665117e-07
"north_west","p_NC_weekend_50_64",6.82374318927768e-08,1.00099724827218e-07,-1.55387399541491e-07,2.2290453106615e-08,4.41740489579667e-09,2.46159836261531e-08,1.6476543393701e-09,-2.28406156926758e-08,2.06468038969127e-08,-1.68816411250738e-08,5.74427384519242e-09,4.71370909482268e-09,1.2453094520757e-08,7.32031702420768e-09,1.60867519774378e-08,7.8043508932623e-08,4.29632654026593e-10,9.08911495191345e-09,1.86394389417226e-08,-2.0961817559214e-08,9.16264722244139e-09,1.76554103431028e-08,1.81552608870025e-08,-1.89661433789584e-08,5.72660567600585e-08,2.50716303176082e-09,-1.11083313620922e-08,-1.32662383020867e-08,3.69805314532494e-08,1.08913989500588e-08,9.85639190974372e-09,1.40522514573468e-08,1.03354515504269e-08,2.34258000135144e-09,5.60797415029081e-09,-3.02329103057046e-09,9.36481496198188e-09,-1.33874042942731e-08,2.94961378869481e-08,-3.18454658337479e-08,-2.86358004676447e-07,-5.71072638187289e-08,-1.06500104851095e-06,-1.34336031483352e-06,-4.79920353304505e-07,5.98292607655942e-07,-3.36400238458323e-07,-6.10431976373795e-07,2.85624469348216e-06,6.54546936144135e-08,-1.18359375421124e-07,-1.15074656207832e-07,1.14367588984815e-06,2.39398018101754e-07,-7.0181154118761e-08,1.15122737656434e-07,7.56153873100916e-07,-2.77740767944935e-09,1.39608162910504e-08,2.57035242875318e-08,1.57232607159914e-08,1.76719461664626e-09,-1.19511102450378e-08,8.73308125929084e-09,2.87145068817281e-08,2.87273901972451e-09,-1.78629805720498e-08,2.43174145658091e-06,1.64577713522872e-06,6.15178526458548e-07,-1.06525486279036e-06,-7.43532330458576e-08,-1.49279703193668e-07,-2.67819742277282e-06,-7.98156924752935e-07,-1.84907848034202e-07,-7.64340597802238e-08,-1.52941662733928e-08,-4.50866068779685e-05,1.09578882826351e-06,2.34373558021997e-06,1.14276264422776e-06,-3.98877297022546e-07,1.34380996457723e-07,-2.64438357758526e-07
"north_west","p_NC_weekend_65_79",7.0550955004394e-09,-9.41179023611876e-07,-4.17402318137221e-08,1.10451975213783e-08,4.84656744916887e-08,3.63120136293688e-08,-3.48461742726681e-08,8.98252643312095e-09,-1.0841706596463e-09,-1.13484128223926e-08,8.28028151071012e-09,8.09700638212995e-09,-1.81001358971837e-09,3.70568369641746e-09,1.67258503563653e-08,-1.03814898857552e-07,-8.36361569349486e-09,5.74056038149635e-09,3.07746122774609e-08,-2.1173679051187e-08,2.84726067446643e-08,-3.9294187832671e-08,7.37989421584439e-08,-7.03269266243682e-08,8.86570375986968e-08,-4.89854018007842e-08,-1.87400310097393e-09,4.29857802218774e-08,3.02807733707153e-09,-1.18784643472642e-08,1.54502574855292e-08,-1.47809934381172e-08,2.01361082146371e-08,-3.29763170061412e-08,9.27000049466474e-11,3.8956224179965e-10,4.77090093850903e-09,-2.34722827828988e-08,5.29379393704321e-08,-4.83679962621447e-08,-5.23064030439656e-07,-3.82105189586581e-08,-9.77098969260798e-07,-8.87221719999705e-07,2.52411924960276e-08,1.80066451609444e-06,4.46769930271111e-07,1.54949501119115e-05,-3.04448750989506e-06,-2.33830978342269e-08,-1.35702335272566e-07,-1.09408157880716e-07,-1.85787163796081e-06,3.63238708731326e-07,1.32197482774601e-07,2.53397721995173e-08,-5.54557648251868e-07,-1.26956835333265e-08,-1.31161956736068e-08,-3.11167471521606e-08,1.60298061605657e-08,-1.21867853205565e-07,-4.46931736070954e-08,-1.79457474938337e-09,2.87273901972451e-09,5.80485785686988e-08,-4.9787311054502e-08,1.51399556778461e-06,1.58617393208405e-06,-5.74713941575051e-07,1.45515141267817e-07,7.81005545743557e-07,-7.20976143694346e-07,5.279135077568e-06,-3.04151627603768e-07,1.53616272557868e-07,-4.95756216710797e-08,7.2096196704236e-08,-6.68361003476209e-06,-4.89350907415876e-06,-4.56008147535399e-06,1.34049931719716e-05,-1.86879431957779e-07,-1.22016450845585e-07,-8.76292794869531e-09
"north_west","p_NC_weekend_80_plus",-2.84250140356484e-08,7.07352796817673e-07,9.70186359284643e-08,-1.26465645285539e-08,1.20311595208862e-07,-5.16380775428367e-08,1.78775303220091e-08,2.15235325800297e-08,-8.13100163052874e-09,2.13764601601115e-08,-4.83958794043355e-08,-4.23002335587898e-09,1.7083629552201e-09,1.52342198216077e-08,-3.37950116642018e-08,-1.07770942878644e-08,9.91840761847523e-09,-1.15290428651348e-08,-3.19698496097477e-08,3.44807654088421e-08,-2.56039678978675e-08,3.95940049536892e-08,-7.93187700087673e-08,7.57429499907695e-08,-8.57250247663014e-08,4.04735063687728e-08,7.93116282022054e-09,-1.41172280347886e-08,-7.83580495510692e-09,2.41741368358966e-08,-5.07238718143874e-08,5.47310336031821e-08,-3.2309152777464e-08,6.97418951013486e-08,-5.01916400716375e-09,9.13469556500153e-09,-9.94366381716733e-09,2.1165123344924e-08,-5.90877659589314e-08,6.94187042167999e-08,2.47581329139703e-07,9.97730758613703e-08,-7.35841842708492e-07,4.72592804083638e-07,-6.94610478060051e-07,3.53880806268954e-06,-1.46204374093597e-06,-1.86538624869417e-05,3.64955870485089e-06,2.80028795319332e-07,-2.8286610421494e-08,-7.24561425758603e-08,6.03203814221439e-07,-4.07379885700514e-07,-7.41029069088757e-09,-8.34955245372938e-08,3.97618369493755e-07,9.01288056572442e-09,-4.5757890809018e-09,1.7379959370667e-08,-1.25023103126519e-08,1.39184433029582e-07,5.74583465717886e-08,-1.69462550722804e-08,-1.78629805720498e-08,-4.9787311054502e-08,1.77874894200368e-07,-4.79871858557513e-06,9.5457317318858e-07,-7.91709344591216e-07,7.31147393951584e-07,9.44789436783669e-07,-5.38460136266126e-07,-2.43390571409345e-06,-2.76181007691639e-07,4.68177568603269e-07,2.25904284743603e-07,-5.68867366593582e-08,3.06139309509608e-06,-1.03912805405978e-06,-4.64716743456739e-06,5.34738937080094e-05,6.9387394509909e-08,3.87640150695128e-07,-2.13546934291569e-07
"north_west","p_W_D",5.12269384103796e-06,-2.83913523976157e-05,-9.51157507529266e-06,3.51272931623467e-06,-8.75500026574226e-06,2.03033142451516e-06,9.84931519058872e-07,-1.33269237218642e-06,-2.32391757456644e-06,1.83334593788743e-06,-2.50698810164426e-06,9.68603244968298e-07,9.23086257975606e-07,-7.40530251810259e-07,2.91806120202238e-06,1.38496470142808e-05,-6.29619154497391e-07,1.12533068416081e-06,3.77362917270226e-06,-4.33164651585305e-06,2.22147633166215e-06,4.39027253149207e-07,4.18302635295882e-06,-3.24097567975751e-06,9.32740820939752e-06,-5.77847116357377e-07,-1.6646316670911e-06,-8.73871765926807e-07,5.7428156351961e-06,-4.15136405636117e-07,5.36866562736113e-06,-2.88693974875728e-06,6.17021617337722e-06,-6.29217060817694e-06,7.20338643450839e-07,-8.0998652271092e-07,-1.619428054214e-07,-1.08570010486137e-06,3.56315527971195e-06,-4.49296300909942e-06,-4.88102030437363e-05,-4.65093797226791e-05,-0.000180771389348434,-0.000167300265065351,6.50586968520941e-06,0.000296678418252044,-0.000182278484818151,0.000494680683839849,0.000367534186466031,2.99782207309072e-06,-2.14544736779576e-05,1.71175573386634e-05,0.000169108658567904,5.60892671222321e-05,2.48374639722847e-05,1.91707854317501e-05,-0.000238198191864855,-4.8090994899541e-08,6.63224888147426e-07,2.27195459589742e-06,3.27724421895792e-06,-4.15142135452021e-06,-2.86069721092834e-06,-1.6496752163777e-07,2.43174145658091e-06,1.51399556778461e-06,-4.79871858557513e-06,0.00182592484583782,0.000272771440865437,-4.3946572218238e-05,-0.000183125519724103,2.76948592755637e-05,-0.000223946433099631,-0.000281102668911267,-4.89063797077888e-05,-2.11737486262483e-05,-2.1554286151833e-05,2.86268770835325e-07,-0.00681625327814784,0.000496798966234901,0.000515435967375319,-0.00303502507381645,-6.39324611356641e-05,1.30073868872603e-05,-2.97699509163691e-05
"north_west","rel_p_D_alpha",7.18504012799395e-06,-0.000385910775810586,-4.23831528447953e-06,3.07851622070649e-06,3.53240601271304e-06,4.49665516627535e-06,2.13003772557681e-06,-1.97354901610911e-06,1.9261175470316e-06,-6.34927222988246e-06,6.06578469490346e-06,1.2601625496523e-06,2.17765283671568e-06,1.89451829995293e-06,5.23663784802204e-06,1.33891191543583e-05,-1.27705636676718e-06,4.05894037709352e-06,1.11270337191377e-06,-1.05419936719158e-06,-2.60826164683146e-07,4.94502984616803e-06,5.31377188447983e-06,-4.77280126610048e-06,7.34732147477954e-06,4.10862552777362e-06,2.47617517792008e-08,-2.02318138548372e-06,9.35869371745542e-06,6.2953353860288e-07,2.22112061820597e-06,4.49593677163698e-06,3.19668206980697e-06,-6.59473816018092e-06,1.17044506972587e-06,-8.33511751779556e-07,2.83676286622797e-06,-4.64663067931972e-06,1.00068407630795e-05,-7.2730951363454e-06,-0.000150802165220627,-0.00022322373124361,-0.00203317663312962,-0.00139327115686988,-0.000890727898102068,0.000661286285682899,-0.000157886105862067,0.000747101605664172,0.000116082667114881,9.32326753410534e-05,-0.000272955203816531,-5.83019133697655e-05,-4.0019694588677e-05,6.8321339140489e-05,-4.59860530154145e-06,6.81550073090638e-07,0.000114786981967354,-1.23665805767725e-06,-2.09161194294379e-07,3.07280871473556e-06,4.24426559301022e-06,-1.82726717103327e-06,-8.45724374209343e-07,1.2967488786299e-06,1.64577713522872e-06,1.58617393208405e-06,9.5457317318858e-07,0.000272771440865437,0.00500583185603965,-0.00091227540065399,-0.000416517466091143,0.0003608856165135,-0.000223894705804588,9.31389212077889e-05,5.65431909343473e-05,-5.69809345256682e-05,-2.52703155654965e-05,4.99487570290293e-08,-0.010887874773684,0.000630061299299283,0.000347392197643499,0.00189915554283657,-8.10431332194835e-05,5.54122275252066e-06,-4.81625187066742e-05
"north_west","rel_p_D_delta",-1.51203717385226e-07,0.000301719778166449,-9.08092574780501e-06,1.0208802151244e-07,-1.39519685790933e-06,-1.02704080883776e-06,5.96784318870206e-07,6.83676094186736e-07,-8.66621185579774e-07,-5.10673209619912e-07,1.72977878818831e-06,-3.6672304743026e-07,8.29753338427041e-07,-9.94664445974021e-08,-1.67245397572809e-06,-5.23013883615449e-06,2.55729370647919e-06,-6.77645943209578e-07,8.71535980300552e-07,2.2953411028297e-06,-1.20493567032514e-06,9.69402462169244e-07,-2.15580983017573e-07,1.57913127707852e-06,-4.16081785728161e-07,2.5188467571704e-07,-6.15650930588674e-07,-6.34290507203173e-07,7.12388983026359e-09,1.20330155290193e-06,-1.18458039841415e-07,-3.41473852814523e-07,2.72535438418582e-08,2.21911710557135e-07,4.4765339240674e-07,-7.64174167399535e-07,1.79384074387938e-06,-1.31275533263534e-06,-4.55119053129241e-08,1.59086937286312e-06,-5.10874776320955e-05,3.09476761375907e-05,0.000377632180586888,-0.000274070470112552,5.43761178317809e-05,-0.00019326139945746,0.000515486140835818,-0.00045394435634824,5.80106179711914e-05,-3.07670527946341e-05,1.98276605328169e-05,-1.83466428585434e-06,7.48147695006524e-05,-1.04858764670553e-05,-7.83151980653877e-07,4.31360116128848e-06,8.80493130272239e-05,-2.17473440288068e-07,-1.55223692032076e-07,-1.19712285957475e-06,3.84781834816776e-07,-2.41470657369153e-07,2.15385704637021e-07,6.38614289498268e-07,6.15178526458548e-07,-5.74713941575051e-07,-7.91709344591216e-07,-4.3946572218238e-05,-0.00091227540065399,0.000899810916542602,-0.000298455152512727,1.58027780463421e-05,1.14879238358533e-06,-0.000228836941213104,-4.98775194880251e-05,2.62635842499489e-05,7.45131749700552e-06,-5.83555105580448e-07,-0.00206534819023694,-9.13995692961161e-05,0.000416920404933552,-0.00109696945442852,-1.89695122466827e-05,-2.02849550625842e-06,1.44360255618193e-05
"north_west","rel_p_D_omicron",-1.16098874810727e-05,-0.000146516452831521,1.22898955753493e-05,-1.43068616630011e-06,7.79130136278781e-06,-2.23058570427954e-06,-4.72722478457894e-07,1.28358391004845e-06,1.39337311326973e-06,-1.74935226821408e-06,-6.5108935081664e-07,-1.04139886680593e-07,-1.51916783806898e-06,-6.26557002741997e-07,1.25651343288846e-08,-1.30456126775658e-06,-2.43346453804783e-06,1.44156295925458e-07,-2.07236565055714e-06,-8.90100592069509e-07,1.72615755459669e-06,-4.48445768798689e-06,5.92512711817284e-07,-2.20602814784789e-06,-4.21409055341553e-06,-8.38402732176585e-07,1.20457605760839e-06,6.24908432095923e-07,-4.61669970081966e-06,-1.13163042103953e-06,-3.26835354747912e-06,8.74521637076988e-07,-4.7200319267734e-06,7.29802630686277e-06,-1.07897407095133e-06,8.82472814962383e-07,-8.20705897447157e-07,2.91633708085456e-06,-7.08539713589676e-06,4.5051961025858e-06,9.03678740436632e-05,6.3701529719824e-05,0.000167460525639641,0.000451627814935374,-0.000536925763455316,8.16907680763904e-06,-0.000369439283156302,0.00039810189074439,-3.77725769763702e-05,1.34254463550208e-05,1.19335787604259e-05,6.29417847194965e-06,-0.000120920171437989,-5.23599725896146e-05,-1.00750409464804e-06,-3.11302655540362e-06,3.60941433244842e-05,6.07347188948656e-07,4.02415345701091e-07,2.39179813753102e-07,-1.62205628822054e-06,-1.07069315489497e-06,3.70379320395509e-07,-3.78110295756683e-07,-1.06525486279036e-06,1.45515141267817e-07,7.31147393951584e-07,-0.000183125519724103,-0.000416517466091143,-0.000298455152512727,0.000944337397996446,-0.000106333150486401,0.000190364124239897,0.000251437033212793,2.09775651253712e-05,1.96464381427455e-05,1.21740126938745e-05,-9.3812955541773e-07,0.0067453126078998,-0.000773837618648542,-0.000703975637060921,0.00345381658241637,5.00903465637669e-05,-1.85726737897615e-05,2.30965193781343e-05
"north_west","rel_p_H_alpha",1.04126401963702e-05,2.62521792211743e-05,9.01641709361235e-06,7.33205325952057e-07,-1.18544697101781e-07,1.89311589207891e-06,4.7487436230788e-06,4.52926392896542e-07,2.19884875310757e-06,8.31984757977837e-07,-2.28498251986617e-06,1.19603111545045e-06,1.5301720290897e-06,2.1839956739541e-06,4.06979963037639e-06,6.1594859596831e-06,2.80793039396964e-06,4.37471567330353e-06,8.9738841289177e-07,4.98869839153878e-06,-3.07251208031558e-07,7.67780075090995e-06,-3.93601690851352e-07,9.10265430195693e-06,2.31428186148954e-06,4.70889109183563e-06,-3.57370018349964e-07,3.53911837974244e-06,6.51288524721095e-06,6.58879489237364e-06,3.25053962608531e-08,5.08550575591992e-06,5.19622832642483e-06,5.946756786242e-07,1.09683391412071e-06,9.1056016501766e-08,3.25281552738621e-06,1.20741019771935e-06,1.65975173172285e-06,7.88443953178546e-07,1.56944784626704e-06,1.55208108307541e-05,-0.000168038870853545,-0.000224750628330472,-5.19700697761608e-05,9.18863608225676e-05,-1.2992763758389e-05,5.14986927997343e-05,0.000155365426798496,3.2503982743379e-05,-2.76445773781197e-05,-0.000237793883979746,-9.51374366161174e-05,5.31245012859967e-05,2.31195644896429e-06,1.70087091918031e-05,1.25990243411877e-05,-8.4802003201291e-07,-7.87249850289768e-07,3.1593893059861e-06,1.72951973150885e-06,-1.63942523287315e-06,5.17592975914183e-07,3.33245468140339e-07,-7.43532330458576e-08,7.81005545743557e-07,9.44789436783669e-07,2.76948592755637e-05,0.0003608856165135,1.58027780463421e-05,-0.000106333150486401,0.00152267803294353,-0.000851439928384967,-0.000169500167784449,-0.000316912309159513,0.000122023541299502,8.35746386910838e-06,-1.18592073423866e-06,-0.00603670183590764,0.000773110604505118,4.95999668856577e-05,-0.00157843807772598,-3.09945813253583e-05,-8.23761264321822e-05,-4.40857988654705e-05
"north_west","rel_p_H_delta",-1.17737515454415e-05,6.67009040469787e-05,-1.220918802679e-06,-5.01217624195495e-07,6.9846376826675e-06,-1.01847991347596e-06,-2.81449813880792e-06,3.02223808153599e-06,-1.62244157169106e-06,3.06035744498395e-06,1.28121435370845e-06,7.82560486100163e-07,2.58240924737444e-07,1.8140450096372e-06,-1.20839764216797e-06,3.05240291207835e-07,-3.43493681324114e-06,-2.29691232369741e-06,2.84777767469931e-06,-8.40374224853054e-06,1.06608299374321e-06,-8.42481024822107e-06,-4.98748963871334e-07,-1.25649559216459e-05,-5.03220556140534e-06,-8.63567891117561e-06,5.72336264331848e-07,-3.61919547109767e-06,-1.28519966445154e-05,-4.46718828955226e-06,-3.7610707649663e-06,-5.60715334291913e-06,-4.56392094744797e-06,-5.51592205298374e-06,-2.86124268725689e-07,-4.61488250977096e-08,-3.13529008639116e-07,1.07401523465894e-06,-4.5559096921267e-06,3.86309647075291e-06,8.24676196975869e-05,3.67514923008559e-05,0.000183862043525361,0.000167841913290177,-1.31529429862848e-05,-0.000237087132701848,2.99249876685169e-05,0.000292405098490964,-0.000335791202741053,-2.07745080435805e-05,1.68981201668929e-05,2.46928155829185e-05,-0.000236749194746578,-9.14308124386503e-05,-1.15775640262735e-05,4.45560128880874e-07,8.80374012972339e-05,5.76031209440861e-07,1.15953476628183e-06,-1.08975738094127e-06,-1.10053696046311e-06,1.85149143110964e-06,-5.28162053414903e-07,-1.33510674717446e-06,-1.49279703193668e-07,-7.20976143694346e-07,-5.38460136266126e-07,-0.000223946433099631,-0.000223894705804588,1.14879238358533e-06,0.000190364124239897,-0.000851439928384967,0.00141542980078452,0.0001334433621131,0.000151202170970005,-0.000190567352662808,2.5539158938713e-05,6.9328823407064e-07,0.00231641058812575,-1.78222937530424e-05,-0.000685819162584401,0.00306847725816768,8.34911586836965e-06,8.0983832986044e-05,0.000101710878139185
"north_west","rel_p_H_omicron",3.75283269161973e-06,-0.000109199908667368,2.55424554364485e-06,-4.56675644594417e-06,6.78493521951541e-06,-1.76472200164968e-06,2.03236080611645e-06,-1.61907739438868e-06,2.48332567209516e-06,-4.83002027020452e-06,2.7029547695213e-06,9.12883798984112e-07,-9.17589657235409e-07,1.43694638329457e-07,2.35903736129048e-06,-1.0070630525997e-05,-1.32640482507938e-06,1.02704932730486e-06,1.67700788912059e-06,-1.7971860015045e-06,3.61617676078853e-06,-3.17186210975836e-06,2.30546382385738e-06,2.91769540035231e-06,-4.50044887414433e-06,-4.97511099863294e-07,2.00120473707924e-06,9.95086205315099e-06,-2.81688260590701e-07,-7.27739210715786e-06,1.45416621180355e-06,-5.70463168364841e-06,9.90254468330579e-07,-5.74570180720385e-06,-1.00012403787424e-06,1.62522354881987e-07,-1.45619388244691e-06,-1.8983877100016e-06,5.50836253700242e-06,-1.47884936795389e-06,-0.000121912113025305,-8.739775607251e-05,-3.65109506473955e-05,0.000111256138891307,-0.000104721368772288,0.000344563156429883,0.000138929335819054,0.00176878616860011,-0.000653458098284819,1.29437633382274e-05,-1.16379242219603e-05,3.01380906424416e-05,-0.000902389794491908,3.43182524546059e-05,2.66137073846571e-05,-1.80398734244719e-05,-2.12194211880534e-05,-2.21698603563247e-06,-2.89216622823292e-06,-6.98752558039991e-06,-2.06628217990113e-06,-6.33058321865156e-06,-1.75113542337579e-06,-1.40488859807667e-06,-2.67819742277282e-06,5.279135077568e-06,-2.43390571409345e-06,-0.000281102668911267,9.31389212077889e-05,-0.000228836941213104,0.000251437033212793,-0.000169500167784449,0.0001334433621131,0.00244243149372085,0.000129614667448221,7.20045698631633e-05,2.96980585142986e-05,5.08651383542539e-06,0.000899913454144431,-0.000977128374494307,-0.000539287731231556,0.00321086533553042,-1.04523833856463e-05,-3.56739893698255e-05,5.48577415391212e-05
"north_west","rel_p_ICU_alpha",-5.79439018629007e-06,-4.6512299124944e-05,5.17008496176695e-06,-1.15248666131117e-06,-1.13193602646386e-06,-7.43657122661195e-07,-2.38144258328079e-07,1.24674153351542e-07,-2.79860955938725e-07,4.88355055697577e-07,-2.15495540370072e-06,-1.96517076408447e-07,-1.00621774234692e-06,-4.65951291384089e-07,-1.17918505972281e-06,-4.50282086726959e-06,3.07199812933719e-07,-8.36348910132378e-07,1.03987472189623e-07,-1.0729834775961e-06,7.1561478622342e-07,-1.61475429704448e-06,8.68747002787938e-07,-8.17159004725818e-07,-1.45621209581862e-06,-3.11954310645496e-07,5.70064677373681e-07,6.90783232726842e-07,-1.48007887495033e-06,-1.90882948880686e-06,7.98957696791023e-07,-2.38034150481099e-06,-4.72110472624577e-07,-4.15374256774854e-07,-2.93957080869399e-08,2.94205158282648e-07,-1.57518526381625e-06,1.18417440063604e-06,-1.83860137650777e-06,6.39957172952829e-07,-2.09369063225705e-06,-4.26290656734023e-05,8.62269915927984e-05,3.71397748314164e-05,1.94004932779117e-05,-0.00010749988016467,0.000176762211471627,4.08592253557951e-05,-0.000132126475174591,-4.84772478771794e-06,4.1347364898629e-06,5.14022873432509e-05,7.79072850142388e-06,-4.13845883513119e-05,6.40343243242605e-06,-2.66794939988863e-05,-8.48900274301507e-06,1.17180101850132e-07,-7.18133028637363e-07,-1.69055865937925e-06,-1.02991593878191e-06,7.96893781383959e-07,5.15764286731422e-07,-2.51200335590457e-07,-7.98156924752935e-07,-3.04151627603768e-07,-2.76181007691639e-07,-4.89063797077888e-05,5.65431909343473e-05,-4.98775194880251e-05,2.09775651253712e-05,-0.000316912309159513,0.000151202170970005,0.000129614667448221,0.000530925037398236,-0.000232884917227848,-3.22083376945584e-06,2.40370798832631e-06,0.0024952299328413,-0.000173418427870252,1.17222040400155e-05,-0.000132334383457803,2.8690810235178e-05,-1.71000834974061e-05,1.29254917323175e-05
"north_west","rel_p_ICU_delta",8.59507386544237e-07,-2.60702783556374e-05,1.5753226831663e-06,-4.62894650828688e-07,3.09606936059206e-06,5.42447386876198e-08,-6.33792891945694e-07,1.57981737818557e-08,4.18370295671674e-07,-1.25336175143838e-06,1.14532931890846e-06,5.96330014009703e-08,-3.25788650577642e-08,-2.02004368850862e-07,2.2517865934063e-07,-2.33562652794254e-06,1.15549163216903e-07,-6.46783801271881e-08,3.76902469743829e-07,3.92300406733745e-07,-3.25402077022641e-07,4.96049435111302e-07,-1.13806219635241e-06,1.41180258291794e-06,-6.76477951188455e-07,5.06163930885147e-08,5.35629979180016e-08,-1.44847835065413e-07,-1.28143321900845e-08,7.54424208128876e-07,-1.47341891402577e-06,1.74832898211421e-06,-1.28395737179884e-06,2.51017848781076e-06,-2.25098923778665e-07,-2.07735941598523e-07,7.68710374318427e-07,-1.10584490494677e-06,1.38658840601157e-06,-5.6647575327791e-07,-1.92645421578354e-05,-1.67092357398003e-05,-5.68496145549794e-05,2.80145129351429e-05,-2.326691166081e-05,8.21221359290168e-05,-0.000156599354611526,7.21984308292104e-05,0.00014578090940918,1.17120852812191e-05,-3.26396868157261e-06,7.88643629100148e-06,-1.40154704246472e-05,3.22276229746686e-05,1.92551463531366e-07,4.76357371751949e-07,-2.44634340526282e-05,-5.62221277752896e-08,5.53572837253755e-08,3.22841007470529e-07,1.78309038324623e-07,-6.55275044348565e-07,-1.80035829800724e-08,2.58288823194069e-08,-1.84907848034202e-07,1.53616272557868e-07,4.68177568603269e-07,-2.11737486262483e-05,-5.69809345256682e-05,2.62635842499489e-05,1.96464381427455e-05,0.000122023541299502,-0.000190567352662808,7.20045698631633e-05,-0.000232884917227848,0.000259316183762314,-6.42827698849619e-06,-1.23566702223415e-06,1.95378000550862e-05,-6.09256270944424e-07,-2.48069021352406e-05,0.00120954588252119,-5.68921353263917e-06,-1.34959934595648e-06,5.31340146001794e-06
"north_west","rel_p_ICU_omicron",-1.19566318765311e-06,3.06876794696401e-06,4.21494499615156e-07,-1.27180146414895e-07,8.33817165597015e-07,-3.4459710402904e-08,-1.51460339683948e-07,1.65624667899962e-07,7.13469861012196e-08,-7.77388987188485e-09,5.23829467507678e-09,4.32312231265319e-08,-5.04652065041175e-08,3.22885457141268e-07,1.29536031113934e-08,3.32628928575448e-07,-5.29784391249295e-08,9.79574549886478e-08,6.0421570928701e-08,-1.40446635448569e-07,2.64948049773476e-07,-2.73280418479563e-07,1.53153873099045e-07,2.43702254919667e-08,-3.81676427406971e-07,1.33545460565069e-07,2.50873317172024e-08,1.24936355036535e-07,-1.97667493099691e-07,-1.46483027429089e-07,-2.99934162920613e-07,-4.51106100837531e-08,-1.77053788933504e-07,2.19486069715736e-07,2.35087321274244e-08,-3.94423692701772e-08,-1.46699676853627e-07,3.55956364547044e-07,-4.42410079658221e-07,2.5149741510058e-07,6.98718582008258e-06,4.81955559095339e-06,1.90304101389404e-05,5.5468389211482e-06,9.28931130743698e-06,-1.68321740271055e-05,1.8242493669908e-05,-2.09818592088142e-05,-2.57539663999418e-06,3.18135736643177e-07,2.01415416429117e-06,-2.22367311765093e-06,-2.75637187754277e-05,-6.58965591052213e-06,-4.7833215200028e-07,-3.32263682551737e-07,-4.87166264082695e-06,-4.9272264760308e-08,3.47074510830739e-08,-6.48293018637854e-09,-3.75699471270592e-08,2.15033535635459e-07,3.75218878220854e-08,-1.77712062878073e-07,-7.64340597802238e-08,-4.95756216710797e-08,2.25904284743603e-07,-2.1554286151833e-05,-2.52703155654965e-05,7.45131749700552e-06,1.21740126938745e-05,8.35746386910838e-06,2.5539158938713e-05,2.96980585142986e-05,-3.22083376945584e-06,-6.42827698849619e-06,1.54141693192233e-05,-1.99179809471316e-07,0.00011264897521245,-6.0703919360625e-05,1.41751057242655e-05,0.000354441532587056,3.60711723780213e-07,-2.06278448091028e-06,5.37963940597248e-06
"north_west","rho_pillar2_tests",8.43512880493006e-08,-2.88161610784206e-06,2.76129240878376e-07,-1.57250108808869e-08,1.26137826849134e-07,5.82973468767675e-08,-4.55438996555763e-08,1.90298349053646e-08,-1.34704484341575e-08,2.72755936929944e-08,-9.14629938531886e-09,-9.90214290721437e-09,-5.2664223959443e-09,-1.64123421414124e-08,-2.2234368229184e-08,-3.11966633459082e-07,1.27236314264037e-09,-2.38894421487726e-08,-2.42790733918432e-08,1.96133226610579e-08,4.05428624963662e-08,-1.22024161526367e-07,1.36456450634162e-07,-1.61254811019467e-07,7.95623010898623e-08,-7.73900426538409e-08,1.77184760348975e-09,3.8801885029317e-08,-5.53437262582587e-08,-3.40916329009641e-08,5.70272715301778e-08,-7.87149702798615e-08,3.11340442234424e-08,-7.61660862029475e-08,-2.18080014209382e-09,1.99952869429727e-08,-7.36294043454048e-08,6.53359094343812e-08,-2.41559166155965e-08,-8.20300266317796e-08,-1.37281100511549e-08,4.17171214138943e-07,-4.06913088597773e-07,-1.03359108569406e-06,1.99173079515383e-06,5.46922049144896e-06,7.56175823071069e-06,1.22810939874803e-05,-1.48270084128353e-05,-2.63592391623668e-07,5.21973096678306e-09,4.55726517236092e-08,-1.27628162175409e-06,2.75752148544245e-07,4.18230303191761e-07,-1.44257642922964e-07,-2.61692764661933e-06,-3.47620108367378e-08,-4.88360075356917e-08,-9.62543651805735e-08,-4.46021668230494e-08,-1.37450794826572e-07,-4.02461337267342e-08,-1.32761504464177e-08,-1.52941662733928e-08,7.2096196704236e-08,-5.68867366593582e-08,2.86268770835325e-07,4.99487570290293e-08,-5.83555105580448e-07,-9.3812955541773e-07,-1.18592073423866e-06,6.9328823407064e-07,5.08651383542539e-06,2.40370798832631e-06,-1.23566702223415e-06,-1.99179809471316e-07,2.80831316525553e-07,5.98366298133459e-05,6.9063547329755e-07,-1.0894672686992e-05,4.09466666175437e-05,4.98172200352958e-07,7.95989200801551e-08,-1.56618016663344e-07
"north_west","seed_date_alpha",-0.000208126377488771,-0.00226604882961912,0.000460209452915266,-7.46518909440703e-05,0.000115948428119826,-7.5532964891217e-05,-3.45766736875932e-05,8.48106299831886e-05,-1.66680394434621e-05,9.73653548991158e-05,-3.04649763436276e-05,-0.000112105369744124,-0.000137384733888957,-0.000183069043281139,-0.000177093256765522,-0.000422587690748745,-0.000120308155962979,-0.000167114274733116,-0.000154568793439508,-0.000160749716107369,-6.52663043144097e-05,-0.000260968593357877,-0.00013658301748703,-0.000165580682407835,-0.000286708306695173,-0.000187083998683389,2.03494572002768e-05,-0.000175354331867371,-0.000307614644708005,-0.000156393622368375,-0.000113731875823771,-0.000136153118798871,-0.000200213159336456,5.05126041727663e-05,-2.37709866486794e-05,2.53676052690351e-05,-4.98322011961465e-05,3.74853949552371e-05,-8.55808481020616e-05,5.35513395583174e-05,-0.000505768858741979,0.00222649657450325,0.00485624195129646,0.00695202902134333,0.000729169496461187,0.00630766664319708,-0.0061110322760697,0.00104875011620755,-0.00926272379684309,-0.000277066582119737,0.00047484779056923,0.0012952312316683,0.00109042298550108,-0.00103144389394,0.000164931559487075,-0.000282319279071504,-0.00236739967250518,2.71415585777487e-05,-2.57490385730914e-05,-5.67726297331845e-05,-7.21368293631129e-05,-6.89119467472417e-05,7.06623231182213e-06,8.96757805457699e-06,-4.50866068779685e-05,-6.68361003476209e-06,3.06139309509608e-06,-0.00681625327814784,-0.010887874773684,-0.00206534819023694,0.0067453126078998,-0.00603670183590764,0.00231641058812575,0.000899913454144431,0.0024952299328413,1.95378000550862e-05,0.00011264897521245,5.98366298133459e-05,0.806723382018447,0.00484564845672186,-0.0117885984786377,0.0423343222066911,0.00733706446046006,-0.000159456669773813,9.06136256795521e-05
"north_west","seed_date_delta",-3.38087977923019e-05,0.000496955273938179,1.16170457173457e-05,-1.73207237372703e-06,-1.53973709806529e-05,-2.77119166043278e-06,1.02811433361806e-06,3.1963207243811e-06,-6.39158124994827e-07,-8.93393083038182e-06,1.65036970616042e-05,-5.1111823709191e-06,1.65335666292194e-08,-1.56076588790312e-05,1.74540832951211e-05,4.59503959363851e-05,-1.60324142527519e-05,9.59248865744179e-08,-2.31784356877796e-05,-1.67058357045155e-05,-7.22620685319637e-06,-7.63904217035049e-06,-2.03295154817598e-05,-8.74089551291333e-06,-2.34440933395468e-05,-1.1921160699945e-05,-3.24499609227825e-06,-1.75102740709048e-05,-2.15432974277706e-05,-1.25911340498623e-05,-4.60740565124405e-06,-1.94742728223441e-05,5.01276449535936e-06,-4.92153542881141e-05,3.51535562794811e-06,-8.64516441569051e-06,1.78386016425357e-05,-8.97006717408948e-06,2.73120225833262e-06,4.20704312168309e-06,0.000101168707407772,4.80518001716296e-05,-6.09929635814532e-05,-2.15737214863242e-05,0.000601176254668765,0.000399357821114339,0.000308004584037393,-0.00198135273272506,-0.00103233300534385,-2.41973804868524e-05,7.56610605279919e-06,-0.00011770403714979,0.000141773245335579,0.000107525642313596,-5.08379718935837e-05,9.02287481504871e-06,-0.00075016035728594,2.9002208480276e-06,4.81012101505652e-07,-5.15228665474837e-06,-4.59713789546439e-06,2.66420445650449e-05,-4.76095473229189e-07,1.26739703714518e-06,1.09578882826351e-06,-4.89350907415876e-06,-1.03912805405978e-06,0.000496798966234901,0.000630061299299283,-9.13995692961161e-05,-0.000773837618648542,0.000773110604505118,-1.78222937530424e-05,-0.000977128374494307,-0.000173418427870252,-6.09256270944424e-07,-6.0703919360625e-05,6.9063547329755e-07,0.00484564845672186,0.0319165872628993,0.00105033586526976,-0.00493154042385787,9.82856070811035e-05,0.000349108931423353,0.000117792012916205
"north_west","seed_date_omicron",2.03363260770278e-05,0.000295980600138035,3.95539432752911e-05,3.50268268349488e-06,-4.99173339387295e-05,6.92671279671485e-08,6.74556078186422e-07,-1.0428108116893e-05,3.05795742467482e-06,-3.70637464330283e-06,1.60613819957043e-05,-5.25828814103007e-06,5.85405072424603e-06,-1.08420647061491e-05,9.8255432779686e-06,2.04260731515438e-05,-2.30175664151698e-06,8.11822428503263e-06,-1.4020612212646e-05,3.2095930635001e-05,-1.02225968142527e-05,8.73803936322476e-06,7.59088286726563e-06,9.88712052927378e-06,-9.95052493274784e-06,3.01913612114703e-05,8.71148574931494e-07,-1.75856762344611e-05,3.28425164262995e-05,-6.07844745952119e-05,-4.27414537302758e-06,-3.14953255415985e-05,-2.30803296026324e-05,-2.72912367610419e-05,-6.81012743927195e-07,1.85841806271968e-06,-1.76556136017309e-06,-1.4470433422005e-06,1.54708937245688e-06,-2.99136481828856e-06,-3.24565036854079e-06,-6.68631947231117e-05,-9.97460217011406e-05,-0.000553619448093201,0.000369242377763248,3.19630342519558e-05,0.000816437584677054,-0.00222000769549998,0.000111239349543525,-5.38878204819742e-05,3.58359568118206e-05,5.26170459781283e-05,0.000434390147487262,6.09198401691274e-05,9.89237783007967e-08,3.24727422578874e-06,4.92035133678493e-05,2.05051783404523e-06,2.87811005512747e-07,1.81223869399754e-06,2.36757844969791e-06,9.0586021968948e-06,3.85190837092997e-06,2.13081380298992e-06,2.34373558021997e-06,-4.56008147535399e-06,-4.64716743456739e-06,0.000515435967375319,0.000347392197643499,0.000416920404933552,-0.000703975637060921,4.95999668856577e-05,-0.000685819162584401,-0.000539287731231556,1.17222040400155e-05,-2.48069021352406e-05,1.41751057242655e-05,-1.0894672686992e-05,-0.0117885984786377,0.00105033586526976,0.0285411406142945,-0.0183294858873877,-7.1735322308766e-05,-5.34928428216503e-05,0.000947079918517495
"north_west","start_date",-9.23661121304055e-06,-0.00197512271086306,-1.72320885848841e-05,-3.396135723309e-05,0.000617465824181951,-7.98126205820164e-06,-3.23282748095035e-05,8.7062957025268e-06,4.72538141462604e-05,-9.17597932147332e-05,3.01369228279971e-05,9.96831993502346e-06,-1.86699370611444e-05,5.71279128724638e-05,-2.64388234278934e-05,-0.00029364288053689,-3.63197426286458e-05,-1.66100804462888e-05,-6.62159047282463e-06,-6.01797441408246e-05,3.59133588890739e-05,-0.00010107206455283,5.44405027301518e-05,-0.000134693087015674,-1.67243420446606e-05,-4.47180007591797e-05,1.15956559889356e-05,-3.19717340970628e-05,-7.74434753502144e-05,2.49303958448806e-05,-7.98601599998861e-05,5.61636273777825e-05,-8.87745871582266e-05,0.000151696319833262,-3.50121330542106e-06,-1.94360303080539e-06,-2.33091458569055e-05,2.34779906349364e-05,-5.48724943385711e-05,3.28734893174735e-05,0.000962371420303043,0.000385238282413341,-0.00138682295330758,0.00040924235231259,-0.00204936914571856,0.00200731380746353,0.00142394530889094,0.00483866425638973,0.000544910616338536,0.000273695232185118,-0.000166979926703433,0.000340657598904269,-0.00168177781265293,-0.000564779436987808,3.21024035220171e-05,-0.000148502600734222,0.000927341448417964,-2.14002556203752e-05,-5.696514324837e-06,-2.40513493075666e-05,-2.43027138211183e-05,-2.88987405395255e-05,-9.43676882610851e-07,-6.05804061081285e-06,1.14276264422776e-06,1.34049931719716e-05,5.34738937080094e-05,-0.00303502507381645,0.00189915554283657,-0.00109696945442852,0.00345381658241637,-0.00157843807772598,0.00306847725816768,0.00321086533553042,-0.000132334383457803,0.00120954588252119,0.000354441532587056,4.09466666175437e-05,0.0423343222066911,-0.00493154042385787,-0.0183294858873877,0.248115188471629,0.000128716865551078,0.000665807702472059,-8.20439572417217e-05
"north_west","ta_alpha",-1.74355243694894e-06,-1.5348891630483e-05,4.57904161814611e-06,-7.30400603948414e-07,5.53681236802158e-07,-3.85311235220687e-07,5.99131258146445e-07,-8.99342294678329e-08,3.6055085158385e-07,9.01751843774274e-07,-9.07520283975065e-07,-1.15272077373417e-06,-1.29927593662818e-06,-1.65535672096312e-06,-1.67133352534653e-06,-3.25256029371266e-06,-1.24960275442608e-06,-1.54315543375066e-06,-1.47478735504215e-06,-1.66053333450129e-06,-8.60304955577591e-07,-2.13123895894975e-06,-1.69235970390959e-06,-1.09356277957024e-06,-3.10273816971687e-06,-1.54045871255328e-06,1.02920867771096e-07,-1.89264733579464e-06,-2.7019715565992e-06,-1.58563194402718e-06,-1.01096585228609e-06,-1.29779820015915e-06,-1.5536608716641e-06,-3.2722759046996e-07,-9.70950940919982e-08,1.00075606290235e-07,-1.07284270862085e-07,2.30891148900981e-07,-5.60695039893231e-07,2.39364476034781e-07,2.94230445670148e-06,2.19529133405613e-05,4.40067335136352e-05,5.98382625225524e-05,1.47962646029856e-05,6.56300888068908e-05,-4.71152156349593e-05,-2.90837887642155e-05,-8.42631176511843e-05,-3.56403627662356e-06,3.33534239289707e-06,4.02725835918892e-06,1.36424973249596e-05,-1.42203624215021e-05,8.60865689410884e-07,-2.39426169234901e-06,-2.10180565780251e-05,2.6544947971004e-07,-2.44265899300679e-07,-3.11894384879579e-07,-7.09584959128846e-07,-1.55993659266629e-07,2.67859379649336e-07,2.03541165105678e-07,-3.98877297022546e-07,-1.86879431957779e-07,6.9387394509909e-08,-6.39324611356641e-05,-8.10431332194835e-05,-1.89695122466827e-05,5.00903465637669e-05,-3.09945813253583e-05,8.34911586836965e-06,-1.04523833856463e-05,2.8690810235178e-05,-5.68921353263917e-06,3.60711723780213e-07,4.98172200352958e-07,0.00733706446046006,9.82856070811035e-05,-7.1735322308766e-05,0.000128716865551078,7.60639863278966e-05,-1.29368211580109e-06,-3.02030852907966e-06
"north_west","ta_delta",2.45656647008208e-07,4.62230528683355e-06,-1.10959242288355e-06,4.37641888199397e-07,1.78699628054746e-06,-1.42497613139632e-07,1.33399055874819e-07,-2.4306669452979e-07,1.32334394826667e-07,-9.36617224293675e-08,-1.10968495383393e-07,9.6098024101978e-08,-4.3808979253292e-08,2.13081512224277e-06,-2.06694404275635e-06,-1.48657645418685e-06,-1.13485072068334e-06,-1.28541245501018e-06,-9.70036735320912e-07,-1.59382740955315e-06,-9.81628194242744e-07,-1.69622429945923e-06,-1.46509717303874e-06,-1.85450328592186e-06,-1.78878347523121e-06,-1.82339823787306e-06,-2.14401343048262e-07,-1.73493099436562e-06,-2.52759097263465e-06,-1.18162122587368e-06,-1.05406194971658e-06,-8.9635841985288e-07,-9.80945016375469e-07,-1.89838846073246e-06,1.81882712750868e-07,-3.89682570496495e-07,5.42800573280346e-07,-7.02250934929957e-08,-6.48540507700504e-07,1.75814087429517e-07,1.68032687044809e-06,6.05956751752544e-06,-6.12215732975753e-06,-1.38672288085918e-06,1.94973554004164e-05,3.18984009723185e-05,-6.05240480608767e-05,-3.38582018770896e-05,-1.98227005327447e-05,3.62157718587827e-07,1.56639783335841e-06,5.7281578883279e-06,9.35761229241722e-06,-2.96690383147578e-06,-7.06470306343708e-07,1.02564320517375e-06,1.06013266645086e-06,1.29912377258386e-07,1.28173846849207e-07,-1.82049551063531e-07,1.02041321732735e-07,2.30914901192545e-07,-2.37326472391032e-07,2.25307384072922e-08,1.34380996457723e-07,-1.22016450845585e-07,3.87640150695128e-07,1.30073868872603e-05,5.54122275252066e-06,-2.02849550625842e-06,-1.85726737897615e-05,-8.23761264321822e-05,8.0983832986044e-05,-3.56739893698255e-05,-1.71000834974061e-05,-1.34959934595648e-06,-2.06278448091028e-06,7.95989200801551e-08,-0.000159456669773813,0.000349108931423353,-5.34928428216503e-05,0.000665807702472059,-1.29368211580109e-06,6.59710075765479e-05,6.58695215711358e-07
"north_west","ta_omicron",-1.63154697582382e-06,5.54895571053922e-06,4.75458504798744e-06,-2.60510411020013e-07,-8.2805107025399e-07,-4.44901056184313e-07,-8.71878899389835e-07,3.29430062591461e-08,-2.05252714155071e-08,-1.22955507920208e-06,1.24845128489632e-06,-2.58051143700398e-07,-3.77170087376617e-08,-6.93574477738266e-07,-1.99445321739627e-07,-8.07520832896729e-07,-3.48210299234193e-07,-4.34267839202501e-07,1.98264113829538e-07,-4.99721739073062e-07,-2.88443859925954e-07,-1.46955386904965e-06,-4.24931136578047e-07,-1.09543537469254e-06,-2.57059575495828e-06,-1.23338655886249e-06,4.92077565428273e-07,3.42374586918504e-07,-3.52023326504362e-06,-3.6454540483172e-06,-2.28227712996718e-06,-2.64576070269135e-06,-2.85790729826531e-06,-2.22558150308763e-06,-3.89778825905398e-07,1.96927867641814e-07,-3.17713218913397e-07,8.18590490799552e-08,-7.48272370480386e-07,3.74432394129495e-07,1.51852752062601e-05,-6.63232038413163e-06,4.21908752091307e-05,2.67472347724158e-05,2.28267237624371e-06,-4.20193143114232e-05,-1.53835427826374e-05,7.66787367975105e-05,-7.00568338560571e-05,-1.27391233457549e-06,4.3142166910452e-06,1.60140237782806e-05,-3.48869891268484e-05,-2.5473928918069e-06,8.89892868177008e-07,-1.27023585148713e-06,-2.91946706419599e-06,1.57351694593936e-07,2.7209088106141e-08,-8.27928999104163e-07,1.18302788744688e-07,-1.4965086833108e-07,-4.44653478978354e-07,-4.88373047665117e-07,-2.64438357758526e-07,-8.76292794869531e-09,-2.13546934291569e-07,-2.97699509163691e-05,-4.81625187066742e-05,1.44360255618193e-05,2.30965193781343e-05,-4.40857988654705e-05,0.000101710878139185,5.48577415391212e-05,1.29254917323175e-05,5.31340146001794e-06,5.37963940597248e-06,-1.56618016663344e-07,9.06136256795521e-05,0.000117792012916205,0.000947079918517495,-8.20439572417217e-05,-3.02030852907966e-06,6.58695215711358e-07,9.26122440652263e-05
