"region","name","alpha_admission","alpha_D","alpha_death_hosp","alpha_H","beta1","beta10","beta11","beta12","beta13","beta14","beta15","beta16","beta17","beta18","beta19","beta2","beta20","beta21","beta22","beta23","beta24","beta25","beta26","beta27","beta28","beta29","beta3","beta30","beta31","beta32","beta33","beta34","beta35","beta36","beta4","beta5","beta6","beta7","beta8","beta9","mu_D","mu_D_2","mu_D_3","mu_D_4","mu_D_5","mu_gamma_H","mu_gamma_H_2","mu_gamma_H_3","mu_gamma_H_4","p_G_D","p_G_D_2","p_H","p_H_2","p_H_D","p_ICU","p_ICU_2","p_ICU_D","p_NC_15_24","p_NC_25_49","p_NC_50_64","p_NC_65_79","p_NC_80_plus","p_NC_weekend_15_24","p_NC_weekend_25_49","p_NC_weekend_50_64","p_NC_weekend_65_79","p_NC_weekend_80_plus","p_W_D","rel_p_D_alpha","rel_p_D_delta","rel_p_D_omicron","rel_p_H_alpha","rel_p_H_delta","rel_p_H_omicron","rel_p_ICU_alpha","rel_p_ICU_delta","rel_p_ICU_omicron","rho_pillar2_tests","seed_date_alpha","seed_date_delta","seed_date_omicron","start_date","ta_alpha","ta_delta","ta_omicron"
"north_west","alpha_admission",5.2274280351085e-06,-5.74271009681291e-06,6.41842722656481e-07,3.2633652456449e-08,3.02790294853809e-07,3.2965475998217e-08,-1.70457247822249e-07,1.3327074917232e-07,-8.41282347188759e-08,4.81950273962534e-08,4.54836885018667e-08,4.02348848788085e-09,1.24739930397466e-08,-5.79466386003532e-08,2.94519464632247e-08,-1.12756291402816e-06,4.13326786751104e-08,-1.459650474348e-08,9.12993322329153e-08,-6.91198943255054e-08,5.95315861505249e-08,-3.07876057296341e-08,5.85543412730232e-08,4.18944556773249e-08,-2.79269503050266e-08,1.04877995839457e-08,1.31603039719101e-07,4.96481681041015e-08,-3.89510040774863e-08,5.37172011570294e-08,-2.70348258284992e-08,3.50101005666606e-08,1.40298951733623e-07,-1.36694608783713e-07,-6.64210406256974e-08,4.1222509640236e-08,-5.24236291335624e-08,3.25795240103134e-08,-1.41153179360634e-08,4.86194612284073e-08,2.09838084989488e-06,9.90559623546356e-07,6.19727855065573e-06,4.1964947272532e-06,5.80133279400359e-06,-1.47265700272913e-06,4.64972970560514e-06,-1.78007949653304e-06,2.29597247393387e-07,1.40446982604955e-06,9.92555376000645e-08,1.37807422664034e-06,5.47166438881445e-06,-3.03868196151781e-06,-1.35629276799376e-07,-2.90580557840963e-07,-2.074328018746e-06,5.31941164922916e-09,7.84880806957262e-09,4.35452538671019e-09,-6.84460306149432e-10,3.70732073165966e-09,-8.0289543693645e-09,-8.40534001739926e-09,3.02421177331997e-09,-3.74672724146628e-10,3.40993831393094e-09,1.29656131366326e-07,-1.37689240447905e-06,-1.65037953967541e-06,-1.96013876710614e-06,-3.95999764526996e-06,7.52538019328925e-07,-4.36990583258838e-06,9.37743628541209e-06,-4.12048975646139e-06,-9.0322423653912e-08,-9.2711345682226e-09,3.12789432973235e-05,-3.26902230979706e-05,-1.4088802819873e-05,7.87800250870467e-05,-1.85129314758449e-07,-1.25846814149644e-06,6.31323091265162e-07
"north_west","alpha_D",-5.74271009681291e-06,0.000602187159895983,-7.21006233364628e-06,4.26355371792307e-06,1.28351024103958e-06,-8.37737994241481e-07,-1.47466752046976e-07,2.09588271213905e-07,-7.36125825747847e-07,1.00988759338722e-06,-1.67300743449448e-07,7.01204287996419e-07,1.71207866143956e-07,9.08216576400156e-07,4.29456847842521e-07,3.59185249389408e-06,4.83640863218985e-07,-2.12561800120788e-08,1.9246087563625e-06,-1.82171914675174e-07,4.16090068705742e-07,9.29145304894659e-07,7.15305960144474e-07,2.75465494595946e-07,2.00154213307745e-06,1.02146025702185e-06,-1.24737009287923e-06,5.05560963953579e-07,1.77790345157754e-06,-1.41531115828785e-07,8.79938504469395e-08,1.40052561121385e-06,-5.43664326060551e-07,6.96459663897692e-06,4.89099084614898e-07,-5.99611904628253e-07,1.81597998588168e-06,-2.0703314632985e-06,2.16575078542612e-06,-7.73350318392572e-07,-1.4422433221459e-05,-3.72124617105535e-05,0.000175165506576391,-3.12581750240435e-05,4.54137268755435e-05,-0.000128200184282916,6.28811131008194e-05,-9.74591617253331e-06,-5.64417265216146e-06,-4.79052182399472e-05,1.70096008217201e-05,5.2558777630244e-06,7.27936940439493e-05,6.13115840684046e-06,-5.3533457459442e-06,7.96050749622847e-07,1.88717286037509e-06,9.31149135018392e-08,7.35737966378824e-08,-2.72045596366753e-09,-1.33444616288257e-08,2.27322130002754e-07,-3.82687603133231e-08,3.95704375682568e-08,1.13532788716066e-07,-2.90234533974478e-08,-9.67171815158351e-08,-4.56447139384697e-05,-0.000268141355044076,0.000150993458225263,-8.7404464479008e-05,-4.7643529629451e-05,1.10793105194705e-05,-6.46638142300889e-05,4.46308553962255e-05,-4.16059423295667e-05,-1.41875454583438e-06,-1.11308671913015e-07,-0.00229603633269826,0.000110194969894708,0.000165701156832035,0.000610055439327528,-3.13855799881994e-05,9.26331293643162e-06,4.60347960919065e-06
"north_west","alpha_death_hosp",6.41842722656481e-07,-7.21006233364628e-06,9.84689360032386e-06,-4.77999466957555e-08,8.57937450767516e-08,1.44819459535067e-08,-6.26014993558899e-08,-2.1518710971169e-08,-3.18777657226543e-08,-1.80311688520654e-07,1.66182415434066e-07,-6.74053665394903e-08,-2.92784385451637e-08,-2.0607946273575e-07,4.42754914110974e-09,4.86134915224643e-07,-3.01909362706881e-08,-9.74189874451183e-09,2.03112426402388e-08,-8.92832008232742e-08,5.66423951931185e-08,-1.16391703389236e-07,1.13002501217309e-08,-8.83355940135921e-09,8.74024654164401e-08,-2.66059854004656e-07,1.53072136025371e-07,3.88321669739843e-08,-3.48790358807909e-08,3.06505106712458e-08,-3.07016735527706e-08,7.091182308311e-08,-7.04851638317663e-08,2.00973965570132e-07,-1.22291252506604e-07,1.2093245169844e-08,1.28297801524377e-07,-1.11078078016869e-07,-5.48137340702879e-08,-3.4738186357228e-08,-2.42292755673711e-06,5.09792196800614e-06,-7.4452917216537e-06,-2.37813657847598e-06,-8.58255743467888e-06,1.10665827905621e-05,-8.98202157185961e-06,1.04497969936926e-05,-3.84536336635105e-07,4.91455598700452e-06,-5.15643123545247e-07,2.19975019630757e-06,-1.15361650789986e-06,9.37239251034809e-07,6.07537845714894e-07,2.25699642400801e-07,7.11620698305935e-06,-6.97657765493951e-09,-1.83946766445168e-08,-2.0163392546355e-08,-2.51092671096782e-09,-3.41525002115498e-08,-8.34528735002493e-09,4.11509985867491e-09,-6.76958259806101e-09,2.45433961010745e-09,-1.42283003976999e-08,-8.73983343465295e-06,1.26017825951675e-05,1.52697891892778e-06,5.80811353738726e-06,3.37258354519575e-06,-8.21456407417962e-06,5.74594269172833e-06,-8.22185221270242e-06,8.64162142734521e-06,-1.1753349912988e-06,3.59254846834874e-08,0.000116786831473023,-4.56996984546622e-05,-4.19938332876703e-05,0.000121971220503713,1.15280095427573e-06,-2.68805883839906e-06,8.03549625170528e-08
"north_west","alpha_H",3.2633652456449e-08,4.26355371792307e-06,-4.77999466957555e-08,1.09527339305066e-06,8.6844206132963e-09,-4.4666373346623e-08,-1.70798244093949e-08,-2.85488482231713e-08,-2.32143183594387e-08,3.96732053036452e-08,4.35915210842476e-10,-1.16335090972189e-08,-2.94288844942767e-08,-4.20113407638839e-10,-4.36636023355115e-08,-1.28004928299716e-07,-1.35035031276808e-08,-5.75543800972361e-08,4.1178465188492e-08,-9.82191381983909e-08,7.94993363604126e-09,-5.58136742902437e-08,-2.01082135562645e-08,-8.64432672794086e-08,2.21810958690971e-08,-8.0643450124631e-08,3.96492600494219e-09,-3.98912203344989e-08,-5.11662952465429e-08,-2.67241984325099e-08,1.22128590573407e-08,-7.97582273487808e-08,5.86693468029632e-09,4.4951449390938e-08,-3.37680136317067e-08,2.81824839304066e-08,2.60904091534115e-09,3.9584102493022e-08,-9.15543070668478e-08,-2.79359371922588e-09,-1.79871046098773e-06,2.163219778569e-12,-9.95609741996857e-07,-1.96736993131311e-07,-2.28934805415204e-06,1.43244180952728e-07,-4.91503949013462e-07,-1.18784603202116e-06,-3.31595056069904e-07,1.11421610392831e-07,9.14121750762298e-08,4.63970775580101e-07,2.42142046075726e-06,1.87621243686884e-06,3.2168551973913e-08,-8.19664619691309e-08,-4.35288171356947e-06,-1.37446153245009e-09,-5.36650927195981e-10,-9.43777289004946e-09,-2.3546131714672e-09,-1.66809109084297e-09,-8.69731344094627e-10,-1.19759569689066e-09,-1.3007711987195e-10,-2.6478990460038e-09,-3.80052293417161e-09,-2.44410907820449e-06,-4.60845778592021e-07,-9.11703929528233e-07,1.18447806657419e-06,-1.14418051447195e-06,9.37801372193668e-07,-1.33283062614028e-06,-2.10781775238238e-07,-1.09087478261495e-08,3.49175096703712e-07,-1.34830879141896e-08,5.75694573082407e-05,3.80034535119659e-06,-1.68061884385578e-05,6.83104091712029e-06,4.14954746132709e-07,3.56575422969878e-07,-2.56061741330269e-07
"north_west","beta1",3.02790294853809e-07,1.28351024103958e-06,8.57937450767516e-08,8.6844206132963e-09,1.26116622067167e-06,1.73265957794849e-08,-1.61188201116862e-08,5.47524760466795e-08,-2.2712993946494e-08,-1.08425332203538e-09,7.41100543184999e-08,-4.71514319869906e-09,1.8379111415788e-08,-2.89523703849035e-08,4.37727772820439e-08,-1.92200014210888e-06,1.30349905987613e-08,3.51687300405002e-08,-7.47907192844396e-09,7.48111401877583e-08,-2.20511158846017e-09,4.90835661613387e-08,-1.9972689045596e-09,7.30916953504897e-08,2.3678369502897e-08,3.15329944208202e-09,4.49492056798656e-08,5.61537081926212e-08,5.69274740743693e-08,-2.08487081061855e-08,-1.14278654584849e-09,-3.98088118222566e-09,6.17566957057957e-08,-3.26022514520529e-08,-1.09158056715028e-08,6.42722684671791e-09,-1.01359412239227e-09,5.87900141496138e-08,-2.98853062229457e-08,-2.32470886839284e-08,-3.49252632590641e-07,1.29369274437653e-07,1.44281778665538e-06,4.8662885889682e-07,-7.99008703058747e-07,-1.06245339528273e-06,-4.69676556551619e-08,1.12106971134892e-07,-2.119419468879e-08,-6.35675189046934e-08,-2.50816719437165e-08,-9.96475952122082e-07,-1.17945049297403e-06,5.57532032753237e-07,-5.11931762809145e-07,1.99216598790196e-07,-2.68245236646474e-06,-2.19210026755457e-09,-1.70569901960887e-09,2.72742619726052e-09,1.85960679726541e-09,-1.0829340300617e-08,1.71680682636404e-09,-8.5827655205138e-10,-2.12879935165454e-10,-2.7112713506744e-10,-4.1836135630165e-09,-8.7133135226549e-08,-2.93789418670973e-06,6.42671605020474e-07,2.14957793097862e-06,5.17980064768209e-06,-2.81460060081091e-06,-4.68167812069726e-07,-2.07516320072011e-06,-1.49105759427138e-07,3.89124397610284e-08,-5.91083051407825e-09,1.80879185639634e-05,-7.94062820478121e-06,1.68706417094223e-05,0.000392893488139857,-4.62069269574061e-08,-1.10512071096961e-06,6.03197998935215e-07
"north_west","beta10",3.2965475998217e-08,-8.37737994241481e-07,1.44819459535067e-08,-4.4666373346623e-08,1.73265957794849e-08,1.64393306272068e-07,-1.72419675370293e-07,4.19382544350843e-08,-3.91808939386872e-09,2.34175510152583e-08,2.15488666470034e-08,3.45691148024408e-09,9.31340286511959e-09,1.9555393010237e-08,8.99163997956e-09,-7.37839823576989e-09,6.20795471844876e-09,-9.5051598148091e-10,2.29545977647751e-08,-1.01003301371076e-08,3.59654398451026e-09,1.68677904472741e-08,-6.06537028404026e-09,2.46468560238777e-08,1.00705314536772e-08,8.31499251710416e-09,3.63372509136767e-09,1.91484386282021e-08,7.34034002073795e-09,-2.09351262584202e-08,1.8309650543899e-09,-1.02373095146605e-08,-2.12968200327721e-08,-3.04733286234067e-08,4.74766381390891e-09,1.86424435747805e-09,1.28570797720906e-08,-2.20314531781476e-08,8.90911090696257e-08,-1.38541336023654e-07,3.41919554751511e-07,-3.60677121783776e-07,-5.93320420991924e-08,-3.34689398114295e-07,-8.13022013356155e-07,-6.21596459376688e-07,2.88322238525692e-07,-8.40662664554854e-07,-2.30823291948435e-07,3.07956434383599e-07,3.85470451817545e-08,-8.69114993668578e-07,-2.56932753833241e-06,4.37105984979573e-08,-1.43891254499056e-07,-3.97654707490702e-08,2.13422433363748e-07,9.80271265662184e-10,1.0956196939407e-09,2.35170239365154e-09,3.6001825097655e-10,-3.99946163511952e-10,-7.33862307319074e-10,2.37162331010266e-09,3.69496940713968e-10,7.23918052849862e-10,7.15268789306813e-10,-9.65206435837352e-07,-6.01528719451868e-07,6.02396771442996e-07,1.0320177380862e-07,1.36040855068793e-06,5.13430548772163e-07,1.85124675192302e-06,3.85009712744074e-07,-1.78642424850663e-07,5.04983823742149e-08,5.31700298631148e-09,-2.36225931116795e-05,4.66450878853238e-06,9.23351584892825e-06,-2.10383741744999e-07,1.26056270147231e-07,1.31552396999555e-07,1.45689752469622e-07
"north_west","beta11",-1.70457247822249e-07,-1.47466752046976e-07,-6.26014993558899e-08,-1.70798244093949e-08,-1.61188201116862e-08,-1.72419675370293e-07,3.87815856963435e-07,-1.76165707526239e-07,1.01972252701237e-07,-7.6431282272227e-08,2.52670929361093e-08,1.03895835480337e-08,7.95751507081819e-09,3.43994861455389e-09,1.90720996522404e-08,9.49158742132212e-08,3.68993573893426e-09,2.74576739066775e-08,-3.16899956046129e-08,5.13445669790549e-08,1.26895119773368e-08,1.23124248539704e-08,3.18056105123928e-08,2.23868719448463e-08,6.60670428672434e-10,4.48313810553285e-08,-3.11519148946258e-09,9.75799485096617e-09,3.52773707349745e-08,5.82531444153242e-08,8.35591629941839e-09,3.24562192221341e-08,3.38071919705463e-08,7.7032124026281e-08,4.83411645602543e-09,-4.12364406513645e-09,1.97342071491918e-08,-3.22723149515758e-09,-2.26253956568735e-08,1.25010012300367e-07,-3.47998632605436e-07,6.85589725989107e-07,-1.23375792283312e-06,-1.29543081951821e-07,2.00147433886472e-06,8.07341422117385e-07,-1.46547814811718e-06,6.00765076979937e-07,3.1424069258718e-07,-1.31830948526923e-07,-1.0079715179167e-07,-4.6488742289432e-07,1.34227066688566e-06,-2.11108325417485e-07,-5.34311971042249e-08,1.38671828032943e-07,5.29064842237656e-07,7.72048205546328e-10,-3.31538132871683e-10,4.4379134395837e-10,2.48640976684815e-09,7.21524838356512e-10,1.74925023778305e-09,-2.41862086500662e-09,9.7368629177269e-10,3.57909067181968e-10,4.71100675074981e-09,1.26245852364072e-06,8.62724995572954e-07,-5.48951995353656e-07,-9.0879015570881e-07,4.31891616528105e-07,-5.18366072044374e-07,-1.54191125231563e-06,-2.1275366938279e-06,9.83689102050132e-07,2.61578748033422e-09,1.60196535969993e-09,-1.55911669543216e-05,-2.94895411549332e-06,-8.06188084776369e-06,-8.72538855094813e-06,-1.17176747261225e-07,-1.35353065345586e-07,-7.02388799698832e-07
"north_west","beta12",1.3327074917232e-07,2.09588271213905e-07,-2.1518710971169e-08,-2.85488482231713e-08,5.47524760466795e-08,4.19382544350843e-08,-1.76165707526239e-07,2.2653884862787e-07,-1.64197281711811e-07,1.43634538920388e-07,-4.84161899848969e-08,-1.38742380009842e-09,7.29388850856267e-09,-1.08338410101809e-08,1.18644209286902e-08,-1.38983799047709e-07,1.65000173866736e-08,-6.03499280358197e-09,2.19925397228518e-08,1.95113439910706e-08,-2.44575651718459e-09,2.22168090383345e-08,1.45148459585488e-08,1.50149915559646e-09,4.86496094504491e-08,-1.04260493313649e-09,1.70351004308644e-09,2.98372694260329e-08,1.97339360484481e-08,2.02493180736663e-08,2.423439859405e-08,1.35371100915928e-08,5.26990279747152e-08,-1.13173056665774e-07,1.7194790147833e-09,1.34488651717864e-08,-2.98977074498235e-08,3.15045731863988e-08,-1.15987298710532e-08,-1.3103609287302e-08,2.80125753649087e-07,1.63301466132157e-07,2.70523690393316e-07,2.63752683343151e-07,-7.60162020542074e-07,9.4130198386601e-07,7.51961918190937e-08,-2.8671686644039e-08,-1.54239840462646e-07,1.08149599055543e-07,-1.29983755653156e-08,-4.69506033140155e-07,-1.37409984142325e-06,-2.78041103880253e-07,2.34325579442341e-08,-2.6967379624233e-08,-3.08771162436023e-07,1.05650086900978e-09,3.41972992814513e-09,1.98714168925168e-09,1.27865533793364e-11,5.57820921283717e-09,2.18649293485158e-09,2.02728584170239e-09,1.11541834618626e-09,1.564813440698e-09,1.6209822638681e-10,-1.17303152679085e-08,1.43206294354726e-06,-1.14192803551504e-06,8.45318540660485e-07,1.04489466187423e-06,-6.24426113468542e-07,6.35262161317411e-07,1.16983334545823e-06,-5.68909235985673e-07,-1.04968196279514e-07,4.31740517998271e-09,3.04232577532039e-05,2.88491703488285e-08,-4.62460760761837e-06,1.05432834473417e-05,8.31925205667135e-08,-2.83578082531783e-07,-3.45955497980251e-07
"north_west","beta13",-8.41282347188759e-08,-7.36125825747847e-07,-3.18777657226543e-08,-2.32143183594387e-08,-2.2712993946494e-08,-3.91808939386872e-09,1.01972252701237e-07,-1.64197281711811e-07,2.02476623579629e-07,-2.06939130808109e-07,1.03804462878562e-07,1.62875123094394e-09,3.34722390328027e-11,9.30815885462054e-09,-7.63004770405424e-10,-2.78732406644745e-08,-5.8464615217866e-09,6.19811243765033e-09,-7.24774272199347e-09,-1.44450322103506e-08,-9.30834960199207e-10,3.26805003465521e-09,-7.300281075537e-09,1.15425913801208e-08,-2.1592339999726e-08,7.71776491304815e-09,1.30583986134932e-08,-2.93907413930302e-09,1.24862028904118e-09,-9.31818360179776e-09,-1.85699212273546e-08,-3.43052998927784e-09,-4.57763853943955e-08,1.06590108727363e-07,-2.99340125192203e-09,3.97652458143158e-09,1.78627496677499e-08,-1.39572786477442e-08,2.8601296370119e-08,1.32098694645025e-08,-2.40904442911483e-08,3.10199568407176e-07,-1.99101513476659e-07,-2.55716231677105e-08,8.31350779816894e-07,-8.30303768475606e-07,-4.89608766829756e-07,-1.15288151084973e-07,1.6009613509838e-07,-2.78094925549302e-08,2.35151320564522e-09,-7.84548983733218e-07,-9.81986046664155e-08,-1.02958030386626e-07,-1.50333281172032e-07,6.36868329062742e-08,5.70006794558405e-07,1.18601620353097e-09,-6.50569729405154e-10,2.98444464134442e-09,3.23572073983824e-09,-1.19648243421887e-09,-3.21604741804722e-10,7.0464408786295e-10,1.70040247607193e-10,1.62308216779901e-10,4.60541307127519e-09,-1.23602388261135e-07,-1.70128773482917e-06,1.22583255654096e-06,-8.16080891862426e-07,7.22701621353059e-07,3.86097094618895e-07,-2.4689650939601e-07,-1.13587718947703e-06,7.38507999341655e-07,5.67427816498793e-09,-1.16174519814374e-10,2.83133059218459e-05,3.23143274420877e-06,9.15791783588803e-06,-1.63127932926544e-05,5.10907787285846e-07,1.47436085243515e-07,-3.42700528306169e-08
"north_west","beta14",4.81950273962534e-08,1.00988759338722e-06,-1.80311688520654e-07,3.96732053036452e-08,-1.08425332203538e-09,2.34175510152583e-08,-7.6431282272227e-08,1.43634538920388e-07,-2.06939130808109e-07,5.55611371699854e-07,-4.21647622457466e-07,3.4084677336018e-08,-1.16002141571972e-09,1.74678875788158e-08,3.72444839922796e-08,2.63922667139145e-07,2.07779042480447e-08,5.68183851872772e-09,5.00727435434701e-08,2.54011276703771e-08,4.54618645076123e-08,1.90608581510205e-08,6.96936973756176e-08,2.7656651073258e-08,8.03389280801364e-08,5.41843504719742e-08,-3.03521435153008e-08,6.30490023915589e-08,6.61121610241757e-08,8.08726802286e-08,3.34242794170025e-08,6.19591215180831e-08,5.3249184430623e-08,2.66012858995811e-08,2.58711795102784e-08,-4.52930545725451e-09,-1.31478004129905e-09,2.79437552563665e-08,-3.59300391298155e-08,1.51289366204242e-08,4.67888490473045e-07,-7.42557513016836e-07,1.22070830143586e-06,9.4677008186448e-09,-4.2475118197296e-07,-1.62392809997146e-06,1.67250276458268e-06,2.98545033517532e-07,-4.50379737005043e-07,1.44658739197644e-07,2.42247327963529e-07,-5.63171238934329e-07,-1.66656233880544e-06,1.59219907426355e-07,-1.13378843870622e-07,-1.47975503411773e-07,8.05601334988181e-07,3.22192337620106e-09,9.60479914990597e-09,2.2425479999899e-09,8.67154153322609e-10,1.02596107664546e-08,3.1260749792315e-09,2.76601299793309e-09,6.34122703675741e-09,2.46931904807795e-09,2.71883259336577e-09,-3.36739916253533e-06,-3.15422475545576e-07,-8.17772543346972e-07,6.26522909874405e-07,-3.0978404494425e-07,-1.51940752912611e-07,1.64899127340615e-06,2.07905174993963e-06,-1.26440125058238e-06,2.58673761774084e-07,4.44015927322131e-10,8.26727270578144e-06,-7.48082276820575e-07,-1.18013731244075e-05,1.98880078090574e-06,-9.02883850291299e-08,-3.7709876099103e-07,-1.07308794644731e-06
"north_west","beta15",4.54836885018667e-08,-1.67300743449448e-07,1.66182415434066e-07,4.35915210842476e-10,7.41100543184999e-08,2.15488666470034e-08,2.52670929361093e-08,-4.84161899848969e-08,1.03804462878562e-07,-4.21647622457466e-07,7.18963073081548e-07,-5.04804388198423e-08,5.99800658191148e-08,-4.0974292617214e-08,2.41924949366169e-08,-3.65238414519139e-07,1.3251462146703e-08,1.79861038079789e-08,6.08740971969815e-09,5.55495293485896e-09,8.54370445326752e-09,1.97058843483976e-08,9.51402871961189e-09,8.08522093813646e-09,3.39582018350366e-08,-2.78909775697758e-09,3.65341608394611e-08,1.95851550452164e-08,3.04873803591809e-08,-2.48832604497584e-08,-5.70298951765135e-09,-3.53500174264879e-09,1.69416346977267e-08,2.59994542807976e-08,-2.46294527693196e-08,2.74621748517454e-08,8.76629767703821e-09,-2.70655196048785e-08,5.40057112127861e-08,-1.60351836444661e-08,-1.66078895761775e-06,-8.32793299328838e-07,-1.20595602387203e-06,-5.30408108277383e-07,-1.84038833114395e-06,-3.77533186010266e-07,-8.25336278137982e-07,2.08295658984973e-08,1.40106339921527e-07,7.57520383474313e-08,-2.05467170353842e-07,-5.86202286504858e-07,-1.75460805440605e-06,1.58422669792356e-07,-7.8183235036351e-10,1.02049806246374e-07,1.84697548295879e-06,2.76834150162885e-09,-2.13209479949547e-09,5.08720710830633e-09,2.72157894459789e-09,-5.30677687802483e-10,-1.31622483700035e-09,8.66426390730403e-10,-9.68455757313347e-10,1.13213609759619e-09,4.31093085171569e-09,1.39056230988682e-06,-3.20071281920531e-07,8.11269669746394e-07,1.76191793866976e-06,4.2750351795322e-07,6.9886270413461e-07,7.21208697281645e-07,-5.33181403990231e-07,1.42209447998808e-07,-1.06193943915484e-07,1.25906909342227e-09,1.35801399863282e-06,-5.62040731432633e-06,9.491134232346e-06,1.03775871954725e-05,-1.67003309494703e-07,-5.71852873513682e-09,2.04497511172514e-07
"north_west","beta16",4.02348848788085e-09,7.01204287996419e-07,-6.74053665394903e-08,-1.16335090972189e-08,-4.71514319869906e-09,3.45691148024408e-09,1.03895835480337e-08,-1.38742380009842e-09,1.62875123094394e-09,3.4084677336018e-08,-5.04804388198423e-08,3.3165420382832e-08,5.29237709994944e-09,5.3404675244396e-08,8.97878968198628e-09,6.74354604225158e-08,2.41030249012364e-08,1.71363396944989e-08,2.47684482999611e-08,1.93801566450403e-08,2.26217724340546e-08,2.25875183814999e-08,3.11742139086389e-08,2.70813527614162e-08,3.5890033115526e-08,3.19762792106993e-08,-1.95242679217149e-09,3.95795205338357e-08,3.44897282277441e-08,4.18936524605097e-08,1.50906071163889e-08,2.03459111444424e-08,1.89085581950028e-08,4.0946903968401e-08,4.93978537623958e-09,1.27425443257176e-09,-4.56639032616858e-09,1.15986116815483e-08,-3.08108144377452e-09,6.98877141984845e-09,4.25552807435185e-07,1.22942846574621e-07,5.39076216437282e-07,2.01547633698062e-07,3.4482450773997e-07,-1.87436873967879e-07,2.00376043695971e-07,-5.13412693778826e-08,-1.7584018051935e-07,-1.56031148163578e-07,4.3176954258684e-08,-4.30349205966434e-07,-2.5546174063965e-07,-1.17030743984646e-07,-1.83111070309956e-08,1.40534155372497e-08,-9.49400012043804e-08,1.15342353050571e-09,1.05911650194938e-09,1.1291303041322e-09,7.45834042754743e-10,3.31044577808803e-09,5.44999665211534e-10,9.62620285631054e-10,1.25465997518004e-09,1.07034480858933e-09,2.7853588129817e-09,-3.35477855635544e-07,-8.12259670474819e-07,-1.63466149157073e-07,7.45041056744075e-08,1.27494272702126e-07,4.11933761516206e-07,1.02656957057004e-07,1.14116837336604e-07,-9.94946598897539e-08,-3.13237201949774e-08,-2.44984122340915e-11,-7.6292878582699e-05,-2.37897832969937e-06,-2.40305584515955e-06,-2.26448328618262e-06,-8.11185686070146e-07,1.02584678772013e-07,-2.531448089404e-07
"north_west","beta17",1.24739930397466e-08,1.71207866143956e-07,-2.92784385451637e-08,-2.94288844942767e-08,1.8379111415788e-08,9.31340286511959e-09,7.95751507081819e-09,7.29388850856267e-09,3.34722390328027e-11,-1.16002141571972e-09,5.99800658191148e-08,5.29237709994944e-09,4.70358541612542e-08,-6.756914264598e-09,5.00176434747415e-08,-7.84974634608973e-08,2.50244368768135e-08,2.78474294381131e-08,4.83195882237457e-08,1.98407286422562e-08,3.79803184486062e-08,3.76337823231898e-08,5.17935356666985e-08,4.13133786355402e-08,7.5642610395931e-08,3.81212404786878e-08,8.79506505134692e-09,6.98389560128675e-08,6.50583902353887e-08,5.41831698905678e-08,2.25801281957293e-08,3.75507741973177e-08,4.53892860265841e-08,4.53877100563207e-08,4.21406654250963e-12,8.54672176656939e-09,-5.89368963929912e-09,1.54388488625656e-08,-6.71796339693757e-09,1.19331703525602e-08,-5.66749675150177e-07,-3.76646545730292e-07,-2.18873706724168e-07,1.42618788642409e-07,-9.50985880583058e-08,2.51562321699747e-07,-4.1944108191545e-07,6.14809427806743e-08,-1.84307443536618e-08,-1.19565882167931e-07,3.46633975492831e-08,-5.79547549774847e-07,-9.12282379336379e-07,-6.96343762140726e-08,4.05548145789178e-09,3.27962363430705e-08,9.82165465873253e-07,1.76840249299862e-09,2.49477906672002e-09,4.25252624920119e-09,2.03445448581349e-09,4.55135037798554e-09,8.54931513185496e-10,2.17956604977875e-09,1.7281352774814e-09,1.35727820900386e-09,3.05162220969684e-09,8.84228683898127e-08,9.67024238261794e-08,-3.21941097706865e-07,4.25117995280749e-07,4.07318253333337e-07,-6.15008560202607e-08,4.40678378063565e-07,1.91839963012475e-07,-5.02514936448464e-07,1.45025949577686e-07,1.98954786178969e-09,-0.000100917417046468,-2.19239024293889e-06,-1.56476190615028e-06,-1.220035942559e-06,-9.33767066718388e-07,-1.16521605272031e-07,-4.13221844583926e-07
"north_west","beta18",-5.79466386003532e-08,9.08216576400156e-07,-2.0607946273575e-07,-4.20113407638839e-10,-2.89523703849035e-08,1.9555393010237e-08,3.43994861455389e-09,-1.08338410101809e-08,9.30815885462054e-09,1.74678875788158e-08,-4.0974292617214e-08,5.3404675244396e-08,-6.756914264598e-09,2.08622458561302e-07,-6.32882562727743e-08,1.17208161482931e-07,3.65422768398797e-08,-6.12742337427043e-09,3.93480014052672e-08,-9.3651856610904e-09,8.62085491719633e-09,1.533636429988e-08,1.12132774405015e-08,3.41758650340813e-08,-1.77107490825522e-08,5.2784131780738e-08,-2.83881516655828e-09,1.47602593058399e-08,1.41497882352609e-08,4.14420208021586e-08,6.43526109353052e-09,5.72955262407071e-09,2.64351998837974e-08,-2.16290649577576e-09,1.01485148446308e-08,-3.96202423185963e-09,5.05953833946234e-09,-2.02842373266537e-08,4.67055655882016e-08,-1.60755804391042e-08,1.09420787252157e-06,8.7708588873861e-08,5.72606702562797e-07,4.21572580306908e-07,4.05067113634984e-07,-6.39078980925615e-07,1.92601811472871e-06,-1.74513775026384e-06,-5.76850983130543e-07,-3.46117339507098e-07,8.00408566051507e-08,-5.12736807865911e-07,-1.16503474278797e-06,-2.8601357716374e-07,-3.1239027302644e-08,-4.73252384250195e-08,-1.54694510721845e-07,1.89914754739839e-09,9.26313175844263e-10,4.24706908478079e-10,8.88816253556056e-10,3.43717868130907e-09,7.75619668681493e-10,7.15138579154512e-10,1.15362192401515e-09,1.94737729991861e-09,1.60711041516021e-09,-9.7855450071357e-07,-7.49398233250315e-07,-1.2198796786565e-06,4.93364688340657e-07,-5.32865074365854e-07,1.63721530272274e-06,1.14015226882381e-06,1.07719107617952e-06,-3.87736919225991e-07,-1.96527402950424e-07,2.31333551493277e-09,-0.000156142165899613,-5.55221520549919e-06,-5.96642069399944e-06,-8.13169222329487e-06,-1.53260171439325e-06,1.53267848499669e-06,-4.86318730444358e-07
"north_west","beta19",2.94519464632247e-08,4.29456847842521e-07,4.42754914110974e-09,-4.36636023355115e-08,4.37727772820439e-08,8.99163997956e-09,1.90720996522404e-08,1.18644209286902e-08,-7.63004770405424e-10,3.72444839922796e-08,2.41924949366169e-08,8.97878968198628e-09,5.00176434747415e-08,-6.32882562727743e-08,1.67098025641229e-07,-1.60677273841119e-07,-7.64078854278121e-09,8.196941820103e-08,2.6268874580095e-08,8.18064763373294e-08,6.03004122612112e-08,7.48890891383822e-08,8.04025638376604e-08,7.61117113448433e-08,1.30567168322136e-07,8.08732903634381e-08,1.34296608237763e-08,1.09421800085908e-07,1.21639651572345e-07,9.22214641037816e-08,5.93833453130196e-08,5.98382169127296e-08,7.62810166262572e-08,4.83161395283266e-08,-4.73052519716655e-10,1.61049570869087e-08,-1.11376956521928e-08,2.70715480114814e-08,-1.1657819279983e-08,2.70157904182569e-08,-2.9427090050494e-07,-4.83585726707214e-07,3.98040565858501e-07,3.10146438554841e-07,7.14435816723509e-07,-1.48437786313663e-06,1.38697276097551e-07,-1.31274807555902e-07,2.76858975684694e-07,7.35702383389673e-08,9.79265834217101e-08,-1.13085136836274e-06,-7.00370918274313e-07,-1.61383447549385e-07,-6.43660430147714e-08,9.19463532905942e-08,5.48422761462623e-07,2.88551673910059e-09,4.32368132150478e-09,5.08949058225359e-09,3.28922513222264e-09,3.14446088445382e-09,2.23546686621269e-09,3.17193609960271e-09,3.3377288296434e-09,2.34550538680913e-09,6.97244654830044e-09,1.28109168842971e-06,-1.31260133424438e-06,2.0410680363261e-07,-3.13249877429227e-07,1.65258201892173e-06,-1.01700441751345e-06,1.95454804139572e-08,-7.11666850472638e-07,2.55936540173401e-07,1.31862382394246e-07,3.21120126802011e-09,-9.67512423805207e-05,1.77573497288297e-05,-2.6837544150562e-06,7.11991697079937e-07,-7.65259210374512e-07,-1.21106258982519e-06,-7.71361520988537e-07
"north_west","beta2",-1.12756291402816e-06,3.59185249389408e-06,4.86134915224643e-07,-1.28004928299716e-07,-1.92200014210888e-06,-7.37839823576989e-09,9.49158742132212e-08,-1.38983799047709e-07,-2.78732406644745e-08,2.63922667139145e-07,-3.65238414519139e-07,6.74354604225158e-08,-7.84974634608973e-08,1.17208161482931e-07,-1.60677273841119e-07,1.28201813275073e-05,-1.67533909134529e-08,-4.56859253923645e-08,-3.06783447783507e-10,-5.9655273943092e-08,6.81851303992527e-09,-1.28070689674472e-07,1.22695457110039e-07,-1.79314801234744e-07,-6.32397492279029e-08,6.80182164472224e-08,-7.22173225559514e-07,-2.08090106472805e-08,-1.29902790389542e-07,3.45143588212427e-08,-6.18224176699906e-08,9.99007314399997e-08,1.77664525036017e-08,-1.14947767901054e-07,3.08550116026554e-07,-3.01280171421143e-07,2.96216445802651e-07,-1.55744174156966e-07,4.90412537193765e-08,-5.81433924475955e-08,-4.64154468819081e-06,-3.4980894229866e-06,-2.66040732353573e-06,-6.84642447967745e-06,-1.33189962237929e-05,3.58657520543216e-06,-6.3707952707331e-06,5.42633340539597e-06,-1.68505626393579e-07,-1.2002084248665e-06,-7.50297772105973e-07,3.85427129377967e-06,6.98583639849515e-06,-1.4340054434276e-06,-1.94275953830525e-06,-8.7203820593646e-08,1.59182470391984e-05,-3.94773045067845e-09,-6.37338600220361e-09,3.50466200135321e-09,-3.46456467590571e-09,3.24501355730807e-08,-1.00809532943614e-08,7.52551270186424e-09,1.11840384055184e-08,-4.09282279694014e-09,5.31717199108408e-09,-9.56025905028905e-06,1.13563150893089e-05,2.68438761775619e-06,6.06854988057208e-06,-6.67972909939164e-06,-4.52040592602432e-06,1.90872839194073e-06,-1.6998498294448e-06,6.66461746578965e-08,1.61339047361983e-06,-2.08719772157635e-08,3.77845919144703e-05,-4.60785416507236e-05,-6.8438729323394e-05,-0.000191315350697058,1.10402174548643e-07,1.51972779831137e-06,-1.22683090307811e-06
"north_west","beta20",4.13326786751104e-08,4.83640863218985e-07,-3.01909362706881e-08,-1.35035031276808e-08,1.30349905987613e-08,6.20795471844876e-09,3.68993573893426e-09,1.65000173866736e-08,-5.8464615217866e-09,2.07779042480447e-08,1.3251462146703e-08,2.41030249012364e-08,2.50244368768135e-08,3.65422768398797e-08,-7.64078854278121e-09,-1.67533909134529e-08,1.1438791694039e-07,-1.8975649733131e-09,1.22656923837894e-07,1.81682734236205e-08,5.44734289854007e-08,6.6779482639215e-08,7.60169129251994e-08,6.65780581243417e-08,1.02273917477236e-07,6.71153756034752e-08,-1.8738209105795e-09,1.03719294936832e-07,9.89521301213051e-08,9.40554283645004e-08,2.53301211281344e-08,6.18052487519937e-08,4.82553300170858e-08,1.11572038816588e-07,6.63708636974062e-09,9.42386824640133e-09,-2.26194136616343e-08,2.87786653884929e-08,-5.03024713763767e-09,5.52121156156931e-09,1.47006233799261e-07,7.25181928504064e-08,3.26234991842009e-08,8.27817820252867e-08,6.76850006793578e-08,-8.40894816364407e-08,7.00572894659406e-08,5.32148632754245e-07,-5.09104776396884e-08,-2.170565718304e-08,1.48163499342094e-10,-6.22083299835747e-07,-4.30008554649805e-07,-1.99447621320603e-07,5.75537140941884e-08,-1.4784467654577e-09,-1.61016057194087e-07,1.66579698566359e-09,1.43464447102675e-09,3.57008902070874e-09,2.33801500641358e-09,6.03085649869437e-09,1.28282308558031e-09,2.15372432015239e-09,8.20325500635031e-10,1.18421990679743e-09,3.20800970338428e-09,4.1366414589313e-09,8.83986290740571e-08,-1.93604331855098e-07,4.02871776563904e-07,9.47866756048122e-07,-6.82995336244763e-07,3.59277037627054e-07,5.73258919391512e-07,-3.09523440570197e-07,3.23339354308616e-08,-1.07893373275494e-09,-0.000102857657172578,-2.1826169588126e-05,7.95569447508548e-07,-2.50929685380519e-06,-1.06930997338317e-06,-1.09063920703447e-06,-3.39565745440131e-07
"north_west","beta21",-1.459650474348e-08,-2.12561800120788e-08,-9.74189874451183e-09,-5.75543800972361e-08,3.51687300405002e-08,-9.5051598148091e-10,2.74576739066775e-08,-6.03499280358197e-09,6.19811243765033e-09,5.68183851872772e-09,1.79861038079789e-08,1.71363396944989e-08,2.78474294381131e-08,-6.12742337427043e-09,8.196941820103e-08,-4.56859253923645e-08,-1.8975649733131e-09,1.04138273454911e-07,-6.20008371230176e-08,9.94113381089125e-08,3.95571254160596e-08,5.97979748485222e-08,5.62283705579546e-08,6.13960279296387e-08,8.71974658887008e-08,5.87806440647766e-08,1.31959116030822e-08,7.97963941327035e-08,8.26536914917782e-08,7.34907566720201e-08,3.99379286088839e-08,4.69569020162703e-08,4.82345981386076e-08,4.86316866458978e-08,-3.36866131784702e-09,-2.90036799104077e-10,8.08319776056394e-09,5.74110268982178e-09,1.01751306982576e-08,1.29400126748326e-08,-1.51804560736239e-07,-1.57930226863211e-07,3.49288183970701e-07,3.18650462493409e-07,1.05501309612372e-06,-9.50962304523075e-07,4.50341593323475e-07,2.00521039451919e-07,-1.0469473175088e-07,-1.50212067704934e-07,4.41903537742938e-08,-5.20714726227332e-07,-1.57933759968001e-07,-3.39658780779992e-07,-2.72973621662682e-08,6.62787504665373e-08,3.18359988385775e-07,1.24354738309638e-09,6.50109577133189e-10,2.50520797077919e-09,1.53921985253159e-09,-2.9273912165601e-09,8.83069133539061e-10,5.13889564027911e-10,2.19042343317639e-09,1.46629629915915e-09,4.50164073729838e-09,1.183548404568e-06,-2.56128302283242e-07,-3.4008343473256e-07,-3.06168203244648e-07,8.92674038141681e-07,-2.60413155254473e-07,-2.7613563933131e-07,-2.01674956337595e-07,5.34148533381521e-08,1.12330053108034e-07,3.67004013062661e-09,-9.17800789107355e-05,-6.16530837230186e-06,-2.48983708279626e-06,8.06312243757618e-06,-8.55837272508557e-07,-9.60531789133982e-07,-3.70882977319113e-07
"north_west","beta22",9.12993322329153e-08,1.9246087563625e-06,2.03112426402388e-08,4.1178465188492e-08,-7.47907192844396e-09,2.29545977647751e-08,-3.16899956046129e-08,2.19925397228518e-08,-7.24774272199347e-09,5.00727435434701e-08,6.08740971969815e-09,2.47684482999611e-08,4.83195882237457e-08,3.93480014052672e-08,2.6268874580095e-08,-3.06783447783507e-10,1.22656923837894e-07,-6.20008371230176e-08,4.6409683534483e-07,-2.95263105284469e-07,1.34903926507782e-07,4.39091591507824e-08,1.2833969762885e-07,6.33722170810971e-08,1.47061726772639e-07,8.24409440124032e-08,-1.17453176620797e-08,1.32848203666431e-07,1.3567717249808e-07,1.35178789234875e-07,1.92869707823221e-08,9.69227660929898e-08,7.92973526126517e-08,1.827475521913e-07,1.4899829088798e-08,2.57243668688221e-08,-5.50886483014645e-08,6.54987044208112e-08,-5.18272620937334e-08,1.07065517127695e-08,-9.37073284338364e-07,-3.78902338711104e-07,-7.94502825572781e-08,3.82320480606509e-07,-1.14060879679194e-06,9.92564793366236e-07,5.48221346125785e-07,3.26893050687638e-07,-1.55899820015639e-07,1.36836086431968e-07,1.48965857168252e-07,-7.91749739529163e-07,-9.26654468382006e-07,2.92796008009731e-07,-3.86127823811215e-08,-2.62275843478207e-08,1.66295795836276e-06,2.35439075165037e-09,4.07466663149442e-09,5.93803346341608e-09,4.177972783574e-09,1.8948364649371e-08,3.08197264585753e-10,4.88597051765732e-09,1.50435278829358e-09,2.10656508360716e-09,3.51733455027367e-09,-2.56917431724473e-06,6.16798579415349e-07,-1.30325498225322e-06,1.5728828245275e-06,4.02896668662168e-07,-5.13705340737192e-07,1.32509307441857e-06,1.65245342881078e-06,-1.54969743632103e-06,1.63489185601288e-07,-5.92480949040672e-09,-0.000161087785596775,-2.4918809683821e-05,-7.7956749786211e-06,-1.24602385658554e-05,-1.62231768320274e-06,-9.33289358894583e-07,-8.74041298083776e-07
"north_west","beta23",-6.91198943255054e-08,-1.82171914675174e-07,-8.92832008232742e-08,-9.82191381983909e-08,7.48111401877583e-08,-1.01003301371076e-08,5.13445669790549e-08,1.95113439910706e-08,-1.44450322103506e-08,2.54011276703771e-08,5.55495293485896e-09,1.93801566450403e-08,1.98407286422562e-08,-9.3651856610904e-09,8.18064763373294e-08,-5.9655273943092e-08,1.81682734236205e-08,9.94113381089125e-08,-2.95263105284469e-07,6.46631870956423e-07,-1.6032909533203e-07,1.7690423385679e-07,-1.47740328388202e-08,1.40512491545472e-07,6.52878124445682e-08,8.39044935170739e-08,9.8615939289409e-09,9.23093893875496e-08,8.49488985788188e-08,5.1317739191451e-08,6.1047052097211e-08,2.85647752698961e-08,3.76317305514434e-08,-9.51093169696142e-09,5.01554516783524e-09,-1.18906358134195e-08,7.77371256369609e-09,-2.28881846758446e-09,3.68291090335222e-08,1.43165571101392e-08,1.40689071908129e-07,-5.87676080488796e-07,1.29180274109697e-06,-4.33056761670113e-07,1.72078356481473e-06,-3.40101434455205e-06,1.36837058027359e-06,-1.33306505556208e-07,1.74729027907856e-07,-5.48652902093428e-08,-1.12928524913125e-07,-9.74731756777861e-07,-2.45127414582785e-07,-1.35041893021276e-07,1.49716961142064e-10,-5.31795283128495e-09,-1.27373823062364e-06,3.09274508162568e-09,1.94441150075368e-09,2.58336371477683e-09,6.62788647534857e-11,-1.35435631733301e-08,2.54468595698097e-09,-1.19649874044155e-09,1.62413644061339e-09,7.74749732688871e-10,4.33413102781881e-09,1.49511260661638e-06,-3.73613385563454e-06,2.27165161595161e-06,-1.55616624082189e-06,1.41113636955762e-06,-5.24428031654379e-07,-8.94701249526265e-07,5.27430930220669e-07,4.33778506227367e-07,-1.00521176914875e-07,6.86307058607158e-09,-6.65361893531914e-05,-4.99907003943349e-06,8.7167128004163e-06,2.24875972059376e-05,-5.72510861836075e-07,-1.20046071318635e-06,-6.78712118092969e-08
"north_west","beta24",5.95315861505249e-08,4.16090068705742e-07,5.66423951931185e-08,7.94993363604126e-09,-2.20511158846017e-09,3.59654398451026e-09,1.26895119773368e-08,-2.44575651718459e-09,-9.30834960199207e-10,4.54618645076123e-08,8.54370445326752e-09,2.26217724340546e-08,3.79803184486062e-08,8.62085491719633e-09,6.03004122612112e-08,6.81851303992527e-09,5.44734289854007e-08,3.95571254160596e-08,1.34903926507782e-07,-1.6032909533203e-07,1.98738082686626e-07,-3.16146460540193e-08,1.47756842128356e-07,1.79099456600544e-08,1.45404596063577e-07,6.92529305951445e-08,1.42821196387147e-08,1.04619434802219e-07,1.09631783785289e-07,1.15678567696226e-07,2.96824692018644e-08,8.02888313789422e-08,6.11455663170072e-08,1.20936969123202e-07,-8.32424157981125e-09,2.02836551662901e-08,-4.2795498556563e-09,5.35221549260875e-09,8.6238275890703e-09,1.23955706019148e-08,-3.11551673964792e-07,-1.44678793787954e-07,-4.17865967785788e-07,-1.76168623252979e-08,-5.03082391600291e-07,8.31142858029472e-07,-8.62361377206646e-07,3.3176186201218e-07,8.48343060192465e-09,-5.89711375202952e-09,1.03696978860807e-07,-6.3304071968091e-07,2.31495352329621e-07,-1.84514158419188e-07,-2.50088273745585e-08,4.35733005649015e-08,1.77435790626851e-06,2.6305309701449e-09,2.07205769582211e-09,4.34212497986738e-09,3.5608431272063e-09,1.00494038550103e-08,1.13922686211443e-09,3.96595742215258e-09,2.70443035204777e-09,1.61756257547043e-09,4.69332373797992e-09,2.98317945189629e-07,8.81114044744919e-07,-3.95394594226385e-07,5.59253921421932e-07,5.43813641103806e-07,-7.17952895736524e-07,3.50976514772142e-08,4.02763327813279e-08,-2.65245236804584e-07,1.72838217213307e-07,-1.53694504172082e-09,-0.000114810454679657,-1.69345737874209e-05,-6.01274664203686e-06,-4.89479960678605e-06,-1.1524020242671e-06,-9.84600125341789e-07,-7.06119723232663e-07
"north_west","beta25",-3.07876057296341e-08,9.29145304894659e-07,-1.16391703389236e-07,-5.58136742902437e-08,4.90835661613387e-08,1.68677904472741e-08,1.23124248539704e-08,2.22168090383345e-08,3.26805003465521e-09,1.90608581510205e-08,1.97058843483976e-08,2.25875183814999e-08,3.76337823231898e-08,1.533636429988e-08,7.48890891383822e-08,-1.28070689674472e-07,6.6779482639215e-08,5.97979748485222e-08,4.39091591507824e-08,1.7690423385679e-07,-3.16146460540193e-08,1.93608540017215e-07,1.10779758589672e-08,1.67838028251138e-07,1.1226831648601e-07,1.17173071508584e-07,-6.18051492676488e-09,1.42194836505827e-07,1.44011770676497e-07,1.09712535405513e-07,6.15255156831503e-08,7.09336265782465e-08,8.79156121460229e-08,6.8766495713884e-08,1.81951820688802e-08,2.17245559866672e-09,-2.56857453326538e-08,4.19670528218952e-08,3.27797735178468e-10,6.11489156585965e-09,1.6530557413679e-07,-2.18032403677663e-07,7.63184037114702e-07,4.0529244942548e-07,1.09863772074294e-06,-2.12905266492951e-06,1.42134062353646e-06,-2.37107132350705e-07,-2.63289869039017e-07,-7.98285316150677e-08,2.94878859287909e-08,-1.19986959532728e-06,-7.17824857104686e-07,-2.66379832775823e-07,3.87286079677873e-08,7.08541157611265e-08,-5.1830237628116e-07,3.95111316771014e-09,5.72186118134727e-09,7.070277026101e-09,4.12442835207648e-09,1.18304680523966e-09,3.20000859550598e-09,2.01762502032859e-09,3.0502522537284e-09,2.86448923544001e-09,9.15741558270448e-09,1.11796848855986e-06,-1.75697443553252e-06,8.44901712253704e-08,-3.00282313359884e-07,1.66534446508478e-06,-1.22124376303593e-06,3.42987678228894e-07,-1.81049544763928e-07,-1.70780834014684e-07,-6.53373331904438e-09,4.36768009898052e-09,-0.000117039055721639,-1.16146016895067e-05,1.3595984769695e-06,9.79053636606068e-07,-1.00633059992622e-06,-1.30782269318468e-06,-8.24216285903476e-07
"north_west","beta26",5.85543412730232e-08,7.15305960144474e-07,1.13002501217309e-08,-2.01082135562645e-08,-1.9972689045596e-09,-6.06537028404026e-09,3.18056105123928e-08,1.45148459585488e-08,-7.300281075537e-09,6.96936973756176e-08,9.51402871961189e-09,3.11742139086389e-08,5.17935356666985e-08,1.12132774405015e-08,8.04025638376604e-08,1.22695457110039e-07,7.60169129251994e-08,5.62283705579546e-08,1.2833969762885e-07,-1.47740328388202e-08,1.47756842128356e-07,1.10779758589672e-08,2.52426891882848e-07,-5.0537788959483e-08,2.47880691597802e-07,7.0428788659725e-08,6.24270156228004e-09,1.62446267927743e-07,1.50087890273194e-07,1.4518090210384e-07,5.07749996301043e-08,9.46417693521618e-08,7.98391049240098e-08,1.71846649550154e-07,4.66051069819102e-09,6.0851210266255e-09,3.97245274035719e-09,2.09070699958955e-08,-6.70863633360906e-09,3.80142377466215e-08,-1.19465253086963e-06,-7.62768253833907e-07,-7.81713474412912e-07,-3.83807284207208e-07,-7.32231249130089e-07,-7.08760385049702e-07,-5.37687375834687e-07,6.91230188658584e-07,5.250765816406e-08,9.60767180605702e-08,5.3971926448588e-08,-1.28781023699623e-06,-2.07136388414579e-07,1.77998514840272e-07,-4.25192654263506e-08,3.53591112370331e-08,1.52965666050691e-06,2.99925214503373e-09,4.25754666781376e-09,5.96137109440146e-09,4.80246232429053e-09,9.9402353606681e-09,2.57658850979297e-09,5.12736629382534e-09,4.58107272685529e-09,2.22533307193888e-09,7.88327221126894e-09,-2.94662424908208e-08,1.15403554113371e-06,-5.50050690386192e-07,3.49809336399631e-07,1.53784883840217e-06,-1.38594874763823e-06,1.21506510117377e-07,4.21013286405484e-07,-2.79715232831663e-08,1.66669180492784e-07,7.03494295059043e-10,-0.000139233136975592,-2.24238482456003e-05,-4.50664536100561e-06,-4.08657435303367e-06,-1.38898303505036e-06,-1.28344218441165e-06,-9.74036688642715e-07
"north_west","beta27",4.18944556773249e-08,2.75465494595946e-07,-8.83355940135921e-09,-8.64432672794086e-08,7.30916953504897e-08,2.46468560238777e-08,2.23868719448463e-08,1.50149915559646e-09,1.15425913801208e-08,2.7656651073258e-08,8.08522093813646e-09,2.70813527614162e-08,4.13133786355402e-08,3.41758650340813e-08,7.61117113448433e-08,-1.79314801234744e-07,6.65780581243417e-08,6.13960279296387e-08,6.33722170810971e-08,1.40512491545472e-07,1.79099456600544e-08,1.67838028251138e-07,-5.0537788959483e-08,3.79339182772086e-07,-9.63978772356298e-08,2.32116427710838e-07,1.59277731956081e-08,1.20606678096568e-07,1.70006323644781e-07,1.22212523089034e-07,6.64886594107079e-08,7.55708797885535e-08,1.28628355009793e-07,2.65372368950385e-08,-2.71619464035683e-09,2.65532866789937e-08,-3.565175494386e-08,3.6383608102632e-08,9.04524365387278e-09,-7.0174634728084e-10,1.2130552065416e-06,6.38639131383015e-07,2.2465853476978e-06,1.04699080339189e-06,2.05524861141651e-06,-1.02893756289478e-06,2.4549339573297e-06,-4.71306735925055e-07,-3.36586689007297e-07,-2.04292516932504e-07,1.50648732901473e-07,-9.392713369019e-07,-1.26409916746572e-07,-1.17720933146489e-06,7.1049008090837e-09,5.70782396219459e-08,6.3683033060046e-07,6.82628733336001e-09,4.8883703235621e-09,8.15569630062561e-09,4.20970335388653e-09,4.11632282496711e-09,1.32975855400343e-09,1.65672466784776e-09,3.38667450056343e-09,3.41365729767486e-09,8.28501079380016e-09,3.28001050336845e-07,-2.97005966067025e-06,1.99920904266302e-07,1.84862075117311e-07,-6.39785609615454e-08,-4.22644552334108e-07,1.87340014561645e-07,1.27594941249131e-06,-1.49575888484336e-06,1.32004478056262e-08,4.9652518612953e-10,-0.000149204176239541,-1.24687476466768e-05,2.10434739125678e-06,1.06958567567069e-05,-1.30045761136995e-06,-1.15651505692175e-06,-9.89779853544725e-07
"north_west","beta28",-2.79269503050266e-08,2.00154213307745e-06,8.74024654164401e-08,2.21810958690971e-08,2.3678369502897e-08,1.00705314536772e-08,6.60670428672434e-10,4.86496094504491e-08,-2.1592339999726e-08,8.03389280801364e-08,3.39582018350366e-08,3.5890033115526e-08,7.5642610395931e-08,-1.77107490825522e-08,1.30567168322136e-07,-6.32397492279029e-08,1.02273917477236e-07,8.71974658887008e-08,1.47061726772639e-07,6.52878124445682e-08,1.45404596063577e-07,1.1226831648601e-07,2.47880691597802e-07,-9.63978772356298e-08,6.60404346377849e-07,-1.46521502096039e-07,-6.87053254612192e-09,3.25314696796989e-07,1.75577535142428e-07,2.10559415264247e-07,5.00928517847719e-08,1.41663119039571e-07,7.75739000032245e-08,2.46868125514136e-07,2.3215063691776e-08,-5.42371583194734e-09,7.16718274678133e-09,1.75058126849928e-08,1.99502458264952e-08,1.97823860110419e-08,-3.14769500749451e-06,-2.02218439434487e-06,-1.92199206852787e-06,-1.65760364110356e-06,-1.52902914819368e-06,-1.35994963878157e-06,-2.30006616791541e-06,1.38671459791699e-06,3.40036360175413e-09,2.33534949836228e-07,-5.92470895907423e-08,-1.9677249320447e-06,-1.6805870346386e-06,1.35540080764361e-06,1.51241528630518e-07,1.6035915981842e-08,2.42336583823071e-06,2.2693980721641e-09,7.91949355748087e-09,1.08606367920008e-08,8.36126345757403e-09,1.37448651997047e-08,5.97808053975566e-09,6.06770120087087e-09,5.57123815466259e-09,3.03909284035846e-09,1.06904866983397e-08,8.18899545363149e-07,8.48870418614966e-07,1.36767585074697e-06,-7.9271241275457e-07,3.67427107273726e-06,-3.11894060086387e-06,1.84302071418684e-06,-5.94676859942389e-07,7.52184124834351e-07,3.3558390131683e-07,6.60242035528244e-10,-0.000177444750163695,-2.68536495012044e-05,-4.06669838548403e-06,-7.54367682962408e-06,-1.76592642279178e-06,-2.08300345232602e-06,-1.05496128299836e-06
"north_west","beta29",1.04877995839457e-08,1.02146025702185e-06,-2.66059854004656e-07,-8.0643450124631e-08,3.15329944208202e-09,8.31499251710416e-09,4.48313810553285e-08,-1.04260493313649e-09,7.71776491304815e-09,5.41843504719742e-08,-2.78909775697758e-09,3.19762792106993e-08,3.81212404786878e-08,5.2784131780738e-08,8.08732903634381e-08,6.80182164472224e-08,6.71153756034752e-08,5.87806440647766e-08,8.24409440124032e-08,8.39044935170739e-08,6.92529305951445e-08,1.17173071508584e-07,7.0428788659725e-08,2.32116427710838e-07,-1.46521502096039e-07,4.56291803689427e-07,6.69653185969129e-09,-2.84297542511913e-09,2.46560139915791e-07,1.12440437712143e-07,1.01395912247874e-07,7.69900042423969e-08,1.46552655507492e-07,4.70350008930759e-08,3.57806525885274e-09,2.842426049621e-08,-4.51655474869586e-08,3.87532809763841e-08,8.91221408793717e-09,2.25131463245269e-08,1.98111131260751e-06,-1.49042648610883e-07,2.10044925365586e-06,1.3473743315082e-06,1.60398778818979e-06,-2.28329813374384e-06,3.43021305950919e-06,-1.2409399523605e-06,-6.37442348059167e-07,-1.66864540785516e-07,2.08806459419332e-07,-1.23444595297044e-06,1.27258630318901e-06,-1.03445296224151e-06,3.35708939362665e-08,1.0071602233107e-07,-6.43498602839719e-07,8.59234841163645e-09,6.3271729287827e-09,8.36279087948408e-09,3.54222713885679e-09,4.2560638784159e-09,3.54492036960269e-09,3.75862268199754e-09,5.05232697252873e-09,3.62970943402098e-09,1.15573699666852e-08,3.46926225925981e-07,-2.89970876327401e-06,-1.16728987352628e-06,8.68902331095387e-07,-1.06416039018862e-07,-7.12152288646091e-08,-1.56292593852506e-06,1.00014040042812e-06,-1.19266446811588e-06,-2.40777961616323e-07,1.12295520444004e-08,-0.000148124092492356,-1.09396747864908e-05,3.7596903576604e-06,-5.98164319843826e-06,-1.24408134987211e-06,-1.10108672180434e-06,-1.55804592785056e-06
"north_west","beta3",1.31603039719101e-07,-1.24737009287923e-06,1.53072136025371e-07,3.96492600494219e-09,4.49492056798656e-08,3.63372509136767e-09,-3.11519148946258e-09,1.70351004308644e-09,1.30583986134932e-08,-3.03521435153008e-08,3.65341608394611e-08,-1.95242679217149e-09,8.79506505134692e-09,-2.83881516655828e-09,1.34296608237763e-08,-7.22173225559514e-07,-1.8738209105795e-09,1.31959116030822e-08,-1.17453176620797e-08,9.8615939289409e-09,1.42821196387147e-08,-6.18051492676488e-09,6.24270156228004e-09,1.59277731956081e-08,-6.87053254612192e-09,6.69653185969129e-09,1.14563652779235e-07,-3.45646725680003e-09,9.30077413838601e-09,4.21382783212459e-09,3.63915162365786e-09,1.65279151695248e-08,-1.97047974324045e-08,5.21514021870431e-08,-7.11217583850934e-08,6.93657138261212e-08,-4.60581356277974e-08,1.60199926175485e-08,-8.57219846397024e-10,7.78402639086288e-10,2.89178368800146e-07,-3.7975635451324e-08,-1.5518467649738e-07,9.68128559951969e-08,5.50909273678365e-07,1.88327370603841e-07,7.50496162700337e-07,-2.23993955776287e-07,-1.11683846272077e-07,1.30625771952205e-07,2.99749558649976e-08,-4.40192533928305e-07,-5.351813812445e-08,1.60651190580946e-07,6.14179741135216e-08,-2.1751217707242e-08,1.35712264768573e-07,9.61191301231235e-10,1.66222390241257e-09,-1.55562563944049e-09,-2.61335679039987e-10,1.28460791206296e-10,5.93159238914875e-10,-3.64015086368096e-10,-9.12002739651883e-10,1.09408344564221e-09,4.13269744518486e-09,2.20551557971571e-07,-2.23326927007356e-07,7.63343162281863e-08,-3.90516257142405e-07,-1.86419283992522e-07,1.03729717145351e-06,-6.48282823593516e-07,9.47955102252813e-07,1.23511327952792e-07,-2.7402239170155e-07,2.59932961395298e-09,-1.57589015817595e-05,1.6678307996198e-07,-7.59319744497795e-08,-8.08950224412407e-07,-7.11199755737322e-08,-6.11500730475916e-08,-2.36546859219256e-08
"north_west","beta30",4.96481681041015e-08,5.05560963953579e-07,3.88321669739843e-08,-3.98912203344989e-08,5.61537081926212e-08,1.91484386282021e-08,9.75799485096617e-09,2.98372694260329e-08,-2.93907413930302e-09,6.30490023915589e-08,1.95851550452164e-08,3.95795205338357e-08,6.98389560128675e-08,1.47602593058399e-08,1.09421800085908e-07,-2.08090106472805e-08,1.03719294936832e-07,7.97963941327035e-08,1.32848203666431e-07,9.23093893875496e-08,1.04619434802219e-07,1.42194836505827e-07,1.62446267927743e-07,1.20606678096568e-07,3.25314696796989e-07,-2.84297542511913e-09,-3.45646725680003e-09,3.63364827668109e-07,1.18915311180286e-07,2.16445031460695e-07,5.18110350528284e-08,1.20652135837092e-07,1.04595228194347e-07,1.99460123660735e-07,1.45165090671319e-08,3.26222177664652e-09,5.34558822075592e-11,3.31751974876573e-08,4.01497383885438e-09,1.90085036962203e-08,-9.83061477318487e-07,-4.15408412694599e-07,-3.90210674975966e-07,4.56982267711616e-08,-6.23269323932543e-07,-7.10418423931406e-07,-8.23089440407201e-07,8.32755869042822e-07,-2.06869967621449e-07,2.03015888274702e-08,2.45896643081403e-08,-1.6277943442003e-06,-3.60536850458298e-06,-2.07417272313211e-07,-6.49589975383486e-08,1.8464599437151e-08,1.36822883043175e-06,5.84321674736364e-09,7.30973570796056e-09,1.10857774392165e-08,8.26717497863992e-09,1.51219370450469e-08,3.65109290244441e-09,5.82503832767765e-09,6.02966952404854e-09,4.65636947021565e-09,1.18732637867907e-08,1.80582676594793e-06,5.43178175341654e-07,-1.28696417688658e-08,2.93191140574293e-08,2.15506996935754e-06,-2.4402101641383e-06,4.02798503021185e-06,6.27837169817818e-07,-1.71847408679905e-07,3.31240067080658e-07,-6.49302265445768e-09,-0.0001931651292834,-2.44792082757564e-05,-1.49878093693859e-05,5.26996796921169e-06,-1.85770570589704e-06,-1.70304245721384e-06,-1.00128831567698e-06
"north_west","beta31",-3.89510040774863e-08,1.77790345157754e-06,-3.48790358807909e-08,-5.11662952465429e-08,5.69274740743693e-08,7.34034002073795e-09,3.52773707349745e-08,1.97339360484481e-08,1.24862028904118e-09,6.61121610241757e-08,3.04873803591809e-08,3.44897282277441e-08,6.50583902353887e-08,1.41497882352609e-08,1.21639651572345e-07,-1.29902790389542e-07,9.89521301213051e-08,8.26536914917782e-08,1.3567717249808e-07,8.49488985788188e-08,1.09631783785289e-07,1.44011770676497e-07,1.50087890273194e-07,1.70006323644781e-07,1.75577535142428e-07,2.46560139915791e-07,9.30077413838601e-09,1.18915311180286e-07,3.41906587890994e-07,1.4335579414276e-07,1.21245782414092e-07,1.24849143680666e-07,1.67944726442617e-07,1.47042685838164e-07,9.88519833049968e-09,2.38837653427948e-08,-4.04226865028738e-08,5.56637098709445e-08,-7.83868534636855e-09,3.26493428043717e-08,-1.68209665072082e-07,-6.47492178983515e-07,1.67103789021228e-07,-5.17190752485777e-07,9.14034236323844e-07,-1.63706450539465e-06,1.52125047344228e-06,1.39926753359347e-07,-2.97516717078812e-07,-2.21376288930447e-07,6.26503014232154e-08,-1.85915275746828e-06,-1.23454890468989e-06,-1.25557084332987e-07,4.62860292544401e-08,1.1514436336412e-07,7.32060417430416e-07,6.07778919327069e-09,8.47314704562524e-09,1.05594855227298e-08,6.50008237827078e-09,1.13053829053225e-08,4.9780250922062e-09,5.46472248759171e-09,6.42381035467711e-09,3.74646983516001e-09,1.49758991153805e-08,-1.41352847759875e-06,-5.00954666199646e-07,9.86158318141768e-08,-2.60949485010186e-07,1.864073724831e-06,-1.5349078516478e-06,2.50512771125985e-07,-1.04209014635974e-07,-1.9046592802219e-07,-5.06881101292363e-08,6.6695266264354e-09,-0.000176367919553781,-1.85330870141992e-05,1.1512343138295e-05,1.72646855400381e-06,-1.61324233697784e-06,-1.93433031726322e-06,-1.87830172623758e-06
"north_west","beta32",5.37172011570294e-08,-1.41531115828785e-07,3.06505106712458e-08,-2.67241984325099e-08,-2.08487081061855e-08,-2.09351262584202e-08,5.82531444153242e-08,2.02493180736663e-08,-9.31818360179776e-09,8.08726802286e-08,-2.48832604497584e-08,4.18936524605097e-08,5.41831698905678e-08,4.14420208021586e-08,9.22214641037816e-08,3.45143588212427e-08,9.40554283645004e-08,7.34907566720201e-08,1.35178789234875e-07,5.1317739191451e-08,1.15678567696226e-07,1.09712535405513e-07,1.4518090210384e-07,1.22212523089034e-07,2.10559415264247e-07,1.12440437712143e-07,4.21382783212459e-09,2.16445031460695e-07,1.4335579414276e-07,5.0221184012642e-07,3.13851796980323e-08,2.88319383080482e-07,2.02302329773909e-07,2.36593098159562e-07,6.51744690348618e-09,1.589926701673e-08,-8.7465089235374e-09,1.80104800185211e-08,1.54483403423122e-08,5.18737659285484e-08,8.11211019285228e-07,3.05233909769869e-07,5.44455194111321e-07,1.32914733073212e-06,3.74853804755593e-07,-1.73051226411303e-06,2.79855436273248e-08,1.32345259369341e-06,-5.67577790142369e-08,2.54565528367086e-07,1.08450434517756e-08,-1.29242828039727e-06,1.67346806713149e-06,-1.05480486366858e-06,-2.30941717779045e-08,3.43995303058602e-08,1.59989929092069e-07,3.59439468160801e-09,6.27785708614145e-09,9.44093505860434e-09,6.87470889565391e-09,1.31174847547454e-08,2.415006074253e-09,3.20103478998075e-09,5.70369202572038e-09,3.51579609529171e-09,7.81245484101402e-09,2.62265452350473e-06,1.03746248363518e-06,-1.70497976138554e-06,9.7909657652463e-07,9.44452772200211e-07,-1.28625795328843e-06,-1.0127928187585e-06,1.08095847769589e-06,-1.0461896319082e-06,-2.4277464095077e-07,-1.15974548919444e-09,-0.000184046082256805,-2.2649935266701e-05,-7.27871349047456e-05,-2.03805241005361e-05,-1.7574855715618e-06,-1.54848364514484e-06,-4.32803258744678e-06
"north_west","beta33",-2.70348258284992e-08,8.79938504469395e-08,-3.07016735527706e-08,1.22128590573407e-08,-1.14278654584849e-09,1.8309650543899e-09,8.35591629941839e-09,2.423439859405e-08,-1.85699212273546e-08,3.34242794170025e-08,-5.70298951765135e-09,1.50906071163889e-08,2.25801281957293e-08,6.43526109353052e-09,5.93833453130196e-08,-6.18224176699906e-08,2.53301211281344e-08,3.99379286088839e-08,1.92869707823221e-08,6.1047052097211e-08,2.96824692018644e-08,6.15255156831503e-08,5.07749996301043e-08,6.64886594107079e-08,5.00928517847719e-08,1.01395912247874e-07,3.63915162365786e-09,5.18110350528284e-08,1.21245782414092e-07,3.13851796980323e-08,1.56253291314444e-07,-9.70868799639445e-08,1.7715295422486e-07,-5.63505881249612e-08,1.27336588267927e-09,1.17198934571423e-08,-2.27876280853837e-08,3.15297630460237e-08,-9.22535104332192e-09,1.45795194581045e-08,6.96106890921985e-09,3.15113160205955e-07,8.45734275983913e-07,9.65249141092413e-07,1.05677128643331e-06,-5.73769802084468e-07,6.26851338127376e-07,-8.08314653945677e-07,-2.41079261451378e-07,3.44454714350802e-09,1.41268147735157e-07,-7.35744387312522e-07,-7.12816386354832e-07,-2.04989503453073e-07,-4.74871087271838e-08,6.01481439043664e-08,-8.11084231133151e-08,1.44947927432603e-09,1.78067289852549e-09,2.59066822132012e-09,1.76466631937082e-09,-1.3875970681057e-09,2.09769052504528e-09,1.54507218697022e-09,2.33648298684346e-09,5.38588892290906e-10,7.79477978817172e-09,6.04429591019136e-07,-2.18038665791533e-06,-6.4643935942108e-07,3.06553193330547e-07,1.45155158671896e-06,-1.06721533995401e-06,2.53749284039584e-07,-2.0519694707802e-07,2.56129546331034e-07,9.14207655541074e-09,5.10283934402601e-09,-7.8748271844294e-05,2.11009117104034e-06,-1.43981816610324e-05,-1.04491934900373e-05,-7.2377633137265e-07,-6.25900016348074e-07,-1.24670604225767e-06
"north_west","beta34",3.50101005666606e-08,1.40052561121385e-06,7.091182308311e-08,-7.97582273487808e-08,-3.98088118222566e-09,-1.02373095146605e-08,3.24562192221341e-08,1.35371100915928e-08,-3.43052998927784e-09,6.19591215180831e-08,-3.53500174264879e-09,2.03459111444424e-08,3.75507741973177e-08,5.72955262407071e-09,5.98382169127296e-08,9.99007314399997e-08,6.18052487519937e-08,4.69569020162703e-08,9.69227660929898e-08,2.85647752698961e-08,8.02888313789422e-08,7.09336265782465e-08,9.46417693521618e-08,7.55708797885535e-08,1.41663119039571e-07,7.69900042423969e-08,1.65279151695248e-08,1.20652135837092e-07,1.24849143680666e-07,2.88319383080482e-07,-9.70868799639445e-08,5.3849014393014e-07,-2.16471769228905e-07,6.82174171832389e-07,-7.8374801244028e-09,1.83803580893657e-08,5.19271966854988e-10,6.33792556548583e-09,5.14593663346982e-09,2.8813925776416e-08,-1.4364008684788e-07,-6.90653132480461e-07,-9.66240978911068e-08,-1.37377406611731e-06,-3.87010775817695e-08,-2.13006409152655e-06,-8.4146017564452e-07,2.26348868869334e-06,-6.30909598213528e-07,-5.25959147557537e-08,-1.79276721791209e-07,-7.39385773881348e-07,2.02079883640705e-07,-5.04584232560434e-07,-1.50986208866941e-07,-1.1186032363053e-09,3.28589707736624e-07,3.82837017049893e-09,5.8098957633358e-09,8.88702499794142e-09,4.52946863347243e-09,1.37387406361462e-08,1.44161638627824e-09,2.04815232439623e-09,3.52398845415255e-09,3.56154595389533e-09,6.3620551440919e-09,-5.95054498268027e-07,1.9177053744667e-06,5.53329548412376e-07,-3.65505587291277e-07,7.67964768527647e-07,-6.89235120136268e-07,-9.87249176068107e-07,-7.72833905859658e-07,6.83868069137447e-07,-1.74020857822651e-07,-2.59802237821946e-09,-8.50860700232563e-05,-2.48711638520289e-05,-3.89908024977043e-05,-1.98768311377793e-06,-8.89737401904414e-07,-1.36307077204779e-06,-2.30443430985083e-06
"north_west","beta35",1.40298951733623e-07,-5.43664326060551e-07,-7.04851638317663e-08,5.86693468029632e-09,6.17566957057957e-08,-2.12968200327721e-08,3.38071919705463e-08,5.26990279747152e-08,-4.57763853943955e-08,5.3249184430623e-08,1.69416346977267e-08,1.89085581950028e-08,4.53892860265841e-08,2.64351998837974e-08,7.62810166262572e-08,1.77664525036017e-08,4.82553300170858e-08,4.82345981386076e-08,7.92973526126517e-08,3.76317305514434e-08,6.11455663170072e-08,8.79156121460229e-08,7.98391049240098e-08,1.28628355009793e-07,7.75739000032245e-08,1.46552655507492e-07,-1.97047974324045e-08,1.04595228194347e-07,1.67944726442617e-07,2.02302329773909e-07,1.7715295422486e-07,-2.16471769228905e-07,7.53665791035457e-07,-1.04785253947677e-06,2.22159103015931e-08,6.9504751609723e-10,-3.20920966217426e-08,5.451725963893e-08,-2.14525067583129e-08,4.89261108387762e-08,4.10954729463362e-07,1.97997747235904e-07,-1.08320998981824e-07,1.05879798040463e-06,-1.59217225520952e-06,1.95138560767979e-07,1.10638492123667e-06,-6.16012881245851e-07,7.39335144398549e-07,8.50356589817595e-08,1.79102627846458e-08,-9.5074920406304e-07,1.9169243385797e-07,-4.29566350047509e-07,-2.62875045809513e-08,1.1137817518152e-07,1.91786046434544e-06,1.18076508643882e-09,4.8758336515506e-09,7.07350535657894e-09,5.0517142423701e-09,1.02304864178007e-08,4.50225386630272e-09,2.72397265417464e-09,6.1903310336899e-09,3.19850013988896e-10,4.01997037322689e-09,1.28094609803582e-06,1.71908176978813e-06,-2.26679402417456e-06,2.85186242476866e-06,9.0958750272613e-07,-2.59640607035912e-06,-2.25834968401357e-07,1.51716310678056e-06,-1.32676224920452e-06,1.052481886924e-07,-3.98056843874321e-10,-0.00014286224823227,-2.67997253908298e-06,-4.34007638642208e-05,1.04445834754135e-05,-1.28154443927444e-06,-6.11628001511132e-07,-2.90671551589013e-06
"north_west","beta36",-1.36694608783713e-07,6.96459663897692e-06,2.00973965570132e-07,4.4951449390938e-08,-3.26022514520529e-08,-3.04733286234067e-08,7.7032124026281e-08,-1.13173056665774e-07,1.06590108727363e-07,2.66012858995811e-08,2.59994542807976e-08,4.0946903968401e-08,4.53877100563207e-08,-2.16290649577576e-09,4.83161395283266e-08,-1.14947767901054e-07,1.11572038816588e-07,4.86316866458978e-08,1.827475521913e-07,-9.51093169696142e-09,1.20936969123202e-07,6.8766495713884e-08,1.71846649550154e-07,2.65372368950385e-08,2.46868125514136e-07,4.70350008930759e-08,5.21514021870431e-08,1.99460123660735e-07,1.47042685838164e-07,2.36593098159562e-07,-5.63505881249612e-08,6.82174171832389e-07,-1.04785253947677e-06,3.24929894356627e-06,-3.9228789629854e-08,2.51600054713443e-08,5.8846873477251e-08,-1.70975724110866e-08,-4.58779654100275e-08,6.20297304087299e-08,-9.78494406130683e-07,-1.2179165844128e-06,2.24270530061649e-06,-1.23144374161921e-06,4.09609707024304e-06,-3.80063974693493e-06,-4.46919757546902e-07,3.70131630949926e-06,-2.83543911403736e-06,-9.96509427575778e-07,8.81392996167573e-08,-7.68163205596907e-07,-9.92467173775106e-07,-3.59574582958838e-07,-1.10236657166491e-07,-2.58666066772242e-08,-2.0396008261856e-06,9.09671126687637e-09,3.69473671155974e-09,1.06233312971798e-08,2.7091872090158e-09,5.66761067244744e-09,-5.41563854830573e-09,6.50816658085822e-09,1.06943625091186e-09,8.17282959123696e-09,2.22063838921643e-08,9.94985900068507e-07,-3.64335690192024e-06,3.69421273739372e-06,-4.4194331211914e-06,-9.01673810289808e-07,2.91861223073338e-06,3.79279854253934e-07,-1.09502576624947e-06,4.23293894990117e-08,1.90771069652186e-07,1.19085310689931e-09,-0.000108399315322541,-3.24610994398928e-05,-2.63276106652758e-05,-1.50511503130914e-05,-1.43972185138028e-06,-1.72559011799628e-06,-1.75367166123286e-06
"north_west","beta4",-6.64210406256974e-08,4.89099084614898e-07,-1.22291252506604e-07,-3.37680136317067e-08,-1.09158056715028e-08,4.74766381390891e-09,4.83411645602543e-09,1.7194790147833e-09,-2.99340125192203e-09,2.58711795102784e-08,-2.46294527693196e-08,4.93978537623958e-09,4.21406654250963e-12,1.01485148446308e-08,-4.73052519716655e-10,3.08550116026554e-07,6.63708636974062e-09,-3.36866131784702e-09,1.4899829088798e-08,5.01554516783524e-09,-8.32424157981125e-09,1.81951820688802e-08,4.66051069819102e-09,-2.71619464035683e-09,2.3215063691776e-08,3.57806525885274e-09,-7.11217583850934e-08,1.45165090671319e-08,9.88519833049968e-09,6.51744690348618e-09,1.27336588267927e-09,-7.8374801244028e-09,2.22159103015931e-08,-3.9228789629854e-08,6.03679704831669e-08,-6.87815884324853e-08,4.89835856420209e-08,-1.92506050064497e-08,1.70797605050282e-08,-1.79713805310396e-09,-2.60176309991234e-07,4.82326727801151e-08,-1.50561208937229e-07,-4.04326637250077e-08,-1.91837002164635e-07,-6.36219982300132e-08,-3.36164161726572e-07,8.50201789432638e-08,6.81894395082726e-08,-4.87721042025783e-08,-2.93692004555874e-08,-1.25747174434891e-07,-4.69004809544156e-07,-3.22831350297512e-08,4.1394399908032e-09,3.7194654561848e-08,5.73014664574502e-08,1.70403221774526e-10,2.43591174193416e-10,2.3147539189102e-09,1.11894905034345e-09,5.8426237727752e-10,2.17581574037249e-10,1.90180176359749e-10,9.80364790616126e-10,-2.41229004878615e-10,-2.64282234480172e-09,-2.18764241510805e-07,4.94251137293004e-07,-4.14878410475428e-07,1.76357338751233e-07,6.89124544698305e-07,-5.62264834794612e-07,5.04425418907653e-07,-8.38683893047028e-07,-8.55745103746907e-08,1.2733800083388e-07,3.64605453785148e-11,-1.08159324416747e-07,-1.3142991954721e-06,3.25739662299134e-06,-1.258564324965e-06,-2.24492066254885e-08,-1.43063390653295e-10,-5.28177319826546e-08
"north_west","beta5",4.1222509640236e-08,-5.99611904628253e-07,1.2093245169844e-08,2.81824839304066e-08,6.42722684671791e-09,1.86424435747805e-09,-4.12364406513645e-09,1.34488651717864e-08,3.97652458143158e-09,-4.52930545725451e-09,2.74621748517454e-08,1.27425443257176e-09,8.54672176656939e-09,-3.96202423185963e-09,1.61049570869087e-08,-3.01280171421143e-07,9.42386824640133e-09,-2.90036799104077e-10,2.57243668688221e-08,-1.18906358134195e-08,2.02836551662901e-08,2.17245559866672e-09,6.0851210266255e-09,2.65532866789937e-08,-5.42371583194734e-09,2.842426049621e-08,6.93657138261212e-08,3.26222177664652e-09,2.38837653427948e-08,1.589926701673e-08,1.17198934571423e-08,1.83803580893657e-08,6.9504751609723e-10,2.51600054713443e-08,-6.87815884324853e-08,1.46410070348483e-07,-1.58498663939161e-07,8.5094401807931e-08,-5.91927244050004e-08,2.16633635195342e-08,2.41872586761002e-07,4.17501173080365e-08,5.09272833495429e-07,3.12230900353437e-07,4.00544514916187e-07,-7.60234460800767e-08,1.27321057076948e-08,-4.36282514247316e-07,-3.84547065615013e-08,1.02124761000727e-07,8.17694645848271e-08,-5.23383675872919e-07,-8.82314885202796e-07,-1.6788865520636e-08,-5.91400721277026e-08,-7.41184339351481e-08,-1.26834232529958e-07,1.15397811657458e-09,1.3731302635896e-09,-7.6036622266689e-10,5.11361536581639e-10,3.09917281865729e-09,6.1956761040637e-11,1.47106175379613e-09,-2.1879732039423e-10,1.03744549317706e-09,7.47178688072438e-09,-6.53482581110964e-07,-2.19444988529507e-06,7.62199729599966e-07,3.82599259686514e-08,4.41990875433544e-07,3.6818615618527e-08,5.57428116727884e-07,7.14097816548692e-07,5.43951594115333e-07,-9.46721540884633e-08,1.72142003955926e-09,-4.55401066283255e-06,5.60788045584339e-06,-4.89000162666004e-06,-8.23005121288898e-06,4.34929603010995e-08,-8.0821702025853e-08,-3.96718652896733e-07
"north_west","beta6",-5.24236291335624e-08,1.81597998588168e-06,1.28297801524377e-07,2.60904091534115e-09,-1.01359412239227e-09,1.28570797720906e-08,1.97342071491918e-08,-2.98977074498235e-08,1.78627496677499e-08,-1.31478004129905e-09,8.76629767703821e-09,-4.56639032616858e-09,-5.89368963929912e-09,5.05953833946234e-09,-1.11376956521928e-08,2.96216445802651e-07,-2.26194136616343e-08,8.08319776056394e-09,-5.50886483014645e-08,7.77371256369609e-09,-4.2795498556563e-09,-2.56857453326538e-08,3.97245274035719e-09,-3.565175494386e-08,7.16718274678133e-09,-4.51655474869586e-08,-4.60581356277974e-08,5.34558822075592e-11,-4.04226865028738e-08,-8.7465089235374e-09,-2.27876280853837e-08,5.19271966854988e-10,-3.20920966217426e-08,5.8846873477251e-08,4.89835856420209e-08,-1.58498663939161e-07,2.97134901362982e-07,-2.10159598237732e-07,1.59171800471478e-07,-4.87659156826607e-08,2.16917230399034e-07,-1.77299755163445e-07,2.83042851768107e-07,4.49366177217869e-07,3.70051700521455e-07,1.70318502705932e-07,-7.63021972367786e-07,6.17358341913367e-07,-4.55270910286601e-08,-1.32749028069883e-07,3.17628401797993e-08,1.3680187826017e-07,7.25454200778688e-07,-2.39324561733123e-07,-5.11565971593509e-08,-5.66559574650911e-09,8.74183194757011e-07,-7.42028419224495e-10,-2.22224290137763e-10,9.56582589232523e-10,1.08498799816328e-10,-5.71043160109768e-09,1.04350305665438e-09,-8.70542598587891e-10,1.28653222006444e-09,-3.09851808610322e-10,-4.91835804576243e-09,6.51548570123916e-08,6.91089168430723e-07,-8.44467734103216e-07,-2.58419243425018e-07,-1.63376146217224e-07,3.85492340579732e-08,-5.1052356639988e-07,7.37936877784317e-07,-6.06789217127758e-07,4.61395299551123e-08,6.02527629910452e-10,2.6744236768588e-05,-7.4408041638894e-07,2.22730929789708e-06,9.14413649298216e-06,2.64873719392269e-07,2.85262197288777e-07,2.16422004072288e-07
"north_west","beta7",3.25795240103134e-08,-2.0703314632985e-06,-1.11078078016869e-07,3.9584102493022e-08,5.87900141496138e-08,-2.20314531781476e-08,-3.22723149515758e-09,3.15045731863988e-08,-1.39572786477442e-08,2.79437552563665e-08,-2.70655196048785e-08,1.15986116815483e-08,1.54388488625656e-08,-2.02842373266537e-08,2.70715480114814e-08,-1.55744174156966e-07,2.87786653884929e-08,5.74110268982178e-09,6.54987044208112e-08,-2.28881846758446e-09,5.35221549260875e-09,4.19670528218952e-08,2.09070699958955e-08,3.6383608102632e-08,1.75058126849928e-08,3.87532809763841e-08,1.60199926175485e-08,3.31751974876573e-08,5.56637098709445e-08,1.80104800185211e-08,3.15297630460237e-08,6.33792556548583e-09,5.451725963893e-08,-1.70975724110866e-08,-1.92506050064497e-08,8.5094401807931e-08,-2.10159598237732e-07,2.62406490176844e-07,-2.80799906766033e-07,9.50447910400359e-08,-8.05226218342027e-07,4.19242955389105e-07,-1.29376770275826e-06,-1.23538417318463e-06,-1.68978533683931e-06,7.56452785471622e-07,-5.46351844679654e-08,2.157266508265e-07,1.66773190504116e-07,1.49400106730214e-07,-1.44650150159637e-07,-6.01961528446676e-07,-1.14377177158114e-06,2.84507285292747e-07,-1.10117175652111e-07,1.5479133694554e-07,-8.58610579999335e-08,7.99451310844423e-10,1.23517410097441e-09,3.39520180203672e-09,1.47122443016837e-09,6.74198699185501e-09,-8.9553865453425e-11,1.98374412428108e-09,3.41256432528692e-10,6.67808418682128e-10,1.83543064370916e-09,1.1054021201115e-06,2.32265826673859e-06,6.14182213923427e-08,1.00429540213588e-06,1.48642693089833e-06,-3.70567490109409e-07,-1.56825880542469e-07,-2.04656947096963e-06,3.58229687867908e-07,2.35701857618856e-07,-2.42686304801094e-09,-3.17761954277548e-05,-1.04100171389715e-06,-2.69696530084934e-06,9.69696354668126e-06,-3.72761798282428e-07,-4.76997084857432e-07,-2.64280843388385e-07
"north_west","beta8",-1.41153179360634e-08,2.16575078542612e-06,-5.48137340702879e-08,-9.15543070668478e-08,-2.98853062229457e-08,8.90911090696257e-08,-2.26253956568735e-08,-1.15987298710532e-08,2.8601296370119e-08,-3.59300391298155e-08,5.40057112127861e-08,-3.08108144377452e-09,-6.71796339693757e-09,4.67055655882016e-08,-1.1657819279983e-08,4.90412537193765e-08,-5.03024713763767e-09,1.01751306982576e-08,-5.18272620937334e-08,3.68291090335222e-08,8.6238275890703e-09,3.27797735178468e-10,-6.70863633360906e-09,9.04524365387278e-09,1.99502458264952e-08,8.91221408793717e-09,-8.57219846397024e-10,4.01497383885438e-09,-7.83868534636855e-09,1.54483403423122e-08,-9.22535104332192e-09,5.14593663346982e-09,-2.14525067583129e-08,-4.58779654100275e-08,1.70797605050282e-08,-5.91927244050004e-08,1.59171800471478e-07,-2.80799906766033e-07,4.69129496690151e-07,-2.17102100672623e-07,7.95500077354038e-07,-2.2614369435565e-07,8.51261402874697e-07,6.58838011815041e-07,2.60484709976109e-06,-2.07061991243521e-06,1.0218819900768e-06,-1.1759621814488e-06,-3.76029754153437e-07,4.4966555244763e-08,1.74064490742602e-07,-4.48541364817659e-07,-2.53815322715389e-07,-4.76944899560734e-07,-6.12481793785218e-08,-1.30962200846105e-07,-8.9743770260665e-07,1.08139571066551e-09,3.69795381687045e-10,-2.14115726790775e-09,1.79616327612871e-10,-1.27048660602396e-09,6.61792273420163e-10,-9.43791124447399e-10,1.55033319830318e-09,5.78796824626583e-10,3.10244821038908e-09,-2.31112677008222e-06,-2.06614299340649e-06,5.79184724683801e-07,-2.07861508242788e-06,-1.50759912733938e-07,5.93548770151329e-07,8.39347515349588e-07,2.09781465749038e-06,-7.58932600516189e-07,-1.94548968876041e-07,4.78249063045228e-09,1.98420984489849e-05,-3.10974724528125e-06,7.11832102284924e-06,-1.19216052460384e-05,4.63988076660398e-07,7.10279266155335e-08,-1.39948133099245e-07
"north_west","beta9",4.86194612284073e-08,-7.73350318392572e-07,-3.4738186357228e-08,-2.79359371922588e-09,-2.32470886839284e-08,-1.38541336023654e-07,1.25010012300367e-07,-1.3103609287302e-08,1.32098694645025e-08,1.51289366204242e-08,-1.60351836444661e-08,6.98877141984845e-09,1.19331703525602e-08,-1.60755804391042e-08,2.70157904182569e-08,-5.81433924475955e-08,5.52121156156931e-09,1.29400126748326e-08,1.07065517127695e-08,1.43165571101392e-08,1.23955706019148e-08,6.11489156585965e-09,3.80142377466215e-08,-7.0174634728084e-10,1.97823860110419e-08,2.25131463245269e-08,7.78402639086288e-10,1.90085036962203e-08,3.26493428043717e-08,5.18737659285484e-08,1.45795194581045e-08,2.8813925776416e-08,4.89261108387762e-08,6.20297304087299e-08,-1.79713805310396e-09,2.16633635195342e-08,-4.87659156826607e-08,9.50447910400359e-08,-2.17102100672623e-07,2.43917802349516e-07,7.10350055346323e-07,7.36331209421156e-07,5.33577821004676e-07,1.39732054115687e-06,4.04729884879234e-07,8.73742734897241e-07,-4.56522332678526e-07,8.15404014468683e-07,2.59019747971825e-07,-2.03750798387879e-07,-3.91154152623294e-08,-1.42381217633491e-07,5.70188217461161e-07,-6.92221091269249e-07,-2.57029054517416e-08,1.03156101662795e-07,3.17582287682254e-07,1.73802385045071e-09,2.73282914067984e-09,2.78603785173455e-09,1.85905900452837e-09,4.84879674499685e-09,1.74355838619828e-09,-4.7102798105002e-11,9.03252192019143e-10,9.77653218087223e-10,2.34141049349968e-09,1.37469769129563e-06,-1.72416167167765e-07,-1.32884004138792e-06,9.49728843033955e-07,-1.25834636612635e-07,-4.54116490368478e-07,-8.1773348125418e-07,-5.1703036038956e-07,-7.44855709588237e-08,-4.05181014886843e-08,1.50148580537784e-09,1.10113214169039e-06,3.14789166859274e-06,-1.14939004195403e-05,-1.84709551633226e-05,-1.96270509170306e-07,-8.75912653379459e-08,-6.9795623978231e-07
"north_west","mu_D",2.09838084989488e-06,-1.4422433221459e-05,-2.42292755673711e-06,-1.79871046098773e-06,-3.49252632590641e-07,3.41919554751511e-07,-3.47998632605436e-07,2.80125753649087e-07,-2.40904442911483e-08,4.67888490473045e-07,-1.66078895761775e-06,4.25552807435185e-07,-5.66749675150177e-07,1.09420787252157e-06,-2.9427090050494e-07,-4.64154468819081e-06,1.47006233799261e-07,-1.51804560736239e-07,-9.37073284338364e-07,1.40689071908129e-07,-3.11551673964792e-07,1.6530557413679e-07,-1.19465253086963e-06,1.2130552065416e-06,-3.14769500749451e-06,1.98111131260751e-06,2.89178368800146e-07,-9.83061477318487e-07,-1.68209665072082e-07,8.11211019285228e-07,6.96106890921985e-09,-1.4364008684788e-07,4.10954729463362e-07,-9.78494406130683e-07,-2.60176309991234e-07,2.41872586761002e-07,2.16917230399034e-07,-8.05226218342027e-07,7.95500077354038e-07,7.10350055346323e-07,0.000401160104141958,0.00011379768054259,0.000175790272762813,0.000163180032044022,0.000154038573517848,-3.30098028115774e-05,9.16915255768582e-05,-3.98098749222917e-05,-8.22108998755223e-06,-1.09388084362184e-05,1.23473193321682e-05,4.57486873900606e-06,-6.28110984575237e-06,-0.000139609039035698,-7.21785448546845e-06,3.48088012743277e-06,-0.000118168179282786,8.45286970942758e-08,4.3745697015251e-08,-1.56678773415883e-07,3.85150774939209e-08,9.40080222138599e-08,2.51527424819213e-08,-8.89554744406707e-08,2.87753276418226e-08,2.84089949359552e-09,7.31390187763101e-08,3.17689473107007e-05,-0.000163171590051942,-3.48357287962714e-05,-1.63477210709412e-07,-6.45499766419085e-05,6.57891143482001e-05,9.28475498979943e-06,5.16256977484976e-05,-5.24511872957632e-05,-1.29914254825356e-05,2.45425114918052e-07,-2.89783006978971e-05,0.000364402512043491,-0.000111757794418095,-0.000548621633009034,9.83686197772229e-07,6.71622088966363e-06,-9.16542738397849e-06
"north_west","mu_D_2",9.90559623546356e-07,-3.72124617105535e-05,5.09792196800614e-06,2.163219778569e-12,1.29369274437653e-07,-3.60677121783776e-07,6.85589725989107e-07,1.63301466132157e-07,3.10199568407176e-07,-7.42557513016836e-07,-8.32793299328838e-07,1.22942846574621e-07,-3.76646545730292e-07,8.7708588873861e-08,-4.83585726707214e-07,-3.4980894229866e-06,7.25181928504064e-08,-1.57930226863211e-07,-3.78902338711104e-07,-5.87676080488796e-07,-1.44678793787954e-07,-2.18032403677663e-07,-7.62768253833907e-07,6.38639131383015e-07,-2.02218439434487e-06,-1.49042648610883e-07,-3.7975635451324e-08,-4.15408412694599e-07,-6.47492178983515e-07,3.05233909769869e-07,3.15113160205955e-07,-6.90653132480461e-07,1.97997747235904e-07,-1.2179165844128e-06,4.82326727801151e-08,4.17501173080365e-08,-1.77299755163445e-07,4.19242955389105e-07,-2.2614369435565e-07,7.36331209421156e-07,0.00011379768054259,0.000204283204512009,4.25391278218436e-05,0.000116110243103626,8.45833884411382e-05,0.000116474516665665,-2.83173606495003e-05,3.60771345827311e-06,4.15592278849555e-06,-6.44831414570723e-06,4.98129756457471e-06,-4.96276525807982e-06,-3.45212608359497e-07,-9.8943523842382e-05,-3.85857693158125e-06,4.07681279458626e-06,-8.50651577022825e-05,-3.12698664190724e-08,-9.90708664534522e-08,-9.65756091495766e-08,2.483186200774e-08,-1.59448088390088e-07,-7.04016031167375e-08,-5.02833557342948e-08,-6.68385819535784e-08,-2.5083532964712e-08,-1.04240715451852e-07,2.33538340410018e-05,-4.65832232587124e-05,-2.63756801882224e-05,4.35744022295185e-06,3.85094780308157e-05,-1.29172323583408e-05,-9.11552043017859e-06,-1.94543187414521e-05,-9.06481337005356e-06,-6.09367969118743e-06,1.35618268130661e-07,0.000824545166438277,2.60548629683362e-05,-9.67827219996884e-05,-0.000411958514830441,5.616790585751e-06,-3.14380827934443e-06,-1.52992902124759e-06
"north_west","mu_D_3",6.19727855065573e-06,0.000175165506576391,-7.4452917216537e-06,-9.95609741996857e-07,1.44281778665538e-06,-5.93320420991924e-08,-1.23375792283312e-06,2.70523690393316e-07,-1.99101513476659e-07,1.22070830143586e-06,-1.20595602387203e-06,5.39076216437282e-07,-2.18873706724168e-07,5.72606702562797e-07,3.98040565858501e-07,-2.66040732353573e-06,3.26234991842009e-08,3.49288183970701e-07,-7.94502825572781e-08,1.29180274109697e-06,-4.17865967785788e-07,7.63184037114702e-07,-7.81713474412912e-07,2.2465853476978e-06,-1.92199206852787e-06,2.10044925365586e-06,-1.5518467649738e-07,-3.90210674975966e-07,1.67103789021228e-07,5.44455194111321e-07,8.45734275983913e-07,-9.66240978911068e-08,-1.08320998981824e-07,2.24270530061649e-06,-1.50561208937229e-07,5.09272833495429e-07,2.83042851768107e-07,-1.29376770275826e-06,8.51261402874697e-07,5.33577821004676e-07,0.000175790272762813,4.25391278218436e-05,0.000838663375588466,0.000469243443843703,0.000336861370911087,-0.000274572656770161,0.000132224775901577,-4.51292001593614e-05,-1.05491308365049e-05,-3.20451980091463e-05,8.12125854471279e-05,2.77881693737247e-05,8.49586362068329e-05,-7.90742429540869e-05,-1.0206837857318e-05,-3.39404359212461e-06,-7.22822161481318e-05,6.42404313832926e-08,-3.8074531635422e-09,-6.90623752482791e-08,-5.49260045302776e-08,3.34477112507178e-07,1.90954405470027e-08,-2.04409504739842e-08,8.08865873561392e-08,9.85520201427465e-11,1.60998570954902e-07,-8.81975768933642e-06,-0.0016261235030156,0.000234997445127481,8.54786271920442e-05,-4.52528552779173e-05,4.66282814006558e-06,-2.69588426997665e-05,0.000113098923194764,-6.46082986012994e-05,-4.51201392656659e-06,-4.79551928477467e-08,-0.000703273865136918,-0.00010881723500178,-0.000349008151962654,0.000369531859015661,-1.50511892329072e-05,-2.01767497403799e-06,-5.45567290808703e-06
"north_west","mu_D_4",4.1964947272532e-06,-3.12581750240435e-05,-2.37813657847598e-06,-1.96736993131311e-07,4.8662885889682e-07,-3.34689398114295e-07,-1.29543081951821e-07,2.63752683343151e-07,-2.55716231677105e-08,9.4677008186448e-09,-5.30408108277383e-07,2.01547633698062e-07,1.42618788642409e-07,4.21572580306908e-07,3.10146438554841e-07,-6.84642447967745e-06,8.27817820252867e-08,3.18650462493409e-07,3.82320480606509e-07,-4.33056761670113e-07,-1.76168623252979e-08,4.0529244942548e-07,-3.83807284207208e-07,1.04699080339189e-06,-1.65760364110356e-06,1.3473743315082e-06,9.68128559951969e-08,4.56982267711616e-08,-5.17190752485777e-07,1.32914733073212e-06,9.65249141092413e-07,-1.37377406611731e-06,1.05879798040463e-06,-1.23144374161921e-06,-4.04326637250077e-08,3.12230900353437e-07,4.49366177217869e-07,-1.23538417318463e-06,6.58838011815041e-07,1.39732054115687e-06,0.000163180032044022,0.000116110243103626,0.000469243443843703,0.000617112336400529,0.000288158851093565,2.44443294434849e-05,-3.83976030469781e-05,1.46290934286985e-06,-3.56190790869557e-06,-1.35953542468307e-05,6.50454763205315e-05,1.51267193461052e-05,0.000108331757862738,-8.94212210048971e-05,-5.47359760280228e-06,-5.60287182610747e-07,-9.43964557330735e-05,-1.79637525302115e-08,-9.8493315268167e-08,-1.28012651605152e-07,1.86347425594741e-08,-2.16384977944602e-07,-5.16817841913093e-08,2.62386173799423e-10,-4.08451446218724e-08,-2.28667930511223e-08,1.11856517388685e-07,-7.88608070428812e-05,-0.00103220302513876,-0.000190301620734595,0.000206575151647096,2.8841168506946e-05,-6.00559754684438e-05,-4.92157787628375e-05,6.38811637297643e-05,-3.82643547621385e-05,-1.02738397770258e-05,1.68866234252145e-07,-0.00134587640271662,0.000136504578805352,-0.000378154539483673,-0.000324707460112877,-1.57785539984163e-05,2.50188910061296e-06,-9.34584029608369e-06
"north_west","mu_D_5",5.80133279400359e-06,4.54137268755435e-05,-8.58255743467888e-06,-2.28934805415204e-06,-7.99008703058747e-07,-8.13022013356155e-07,2.00147433886472e-06,-7.60162020542074e-07,8.31350779816894e-07,-4.2475118197296e-07,-1.84038833114395e-06,3.4482450773997e-07,-9.50985880583058e-08,4.05067113634984e-07,7.14435816723509e-07,-1.33189962237929e-05,6.76850006793578e-08,1.05501309612372e-06,-1.14060879679194e-06,1.72078356481473e-06,-5.03082391600291e-07,1.09863772074294e-06,-7.32231249130089e-07,2.05524861141651e-06,-1.52902914819368e-06,1.60398778818979e-06,5.50909273678365e-07,-6.23269323932543e-07,9.14034236323844e-07,3.74853804755593e-07,1.05677128643331e-06,-3.87010775817695e-08,-1.59217225520952e-06,4.09609707024304e-06,-1.91837002164635e-07,4.00544514916187e-07,3.70051700521455e-07,-1.68978533683931e-06,2.60484709976109e-06,4.04729884879234e-07,0.000154038573517848,8.45833884411382e-05,0.000336861370911087,0.000288158851093565,0.000727769354348656,-2.35572612682022e-05,6.35534201243749e-05,-5.06174232301079e-05,-2.81624223720798e-06,-2.79796741890496e-06,5.26678312883701e-05,9.09406868570726e-06,3.26297757349734e-05,-9.30926467424412e-05,-5.66958912064503e-06,4.84207230136004e-07,-7.68987582953615e-05,-1.01841021720034e-07,-4.55056687787887e-08,-1.7705507443561e-07,-5.9329386011808e-08,-2.26900360666109e-07,-8.79221808750772e-08,-9.85038116313693e-08,-1.2958732407503e-08,-6.69199554200119e-08,1.29795044818328e-07,9.4328537002948e-05,-0.00066925513522357,-3.64238519992002e-05,-0.000349141156384455,3.74057806132802e-05,-9.59207518357598e-06,-3.72243796788847e-05,3.7055898961566e-05,-2.16265318237947e-05,-8.74082155512699e-06,1.72464044260076e-07,-0.00111433090395143,0.000132436429005629,0.00028696939885421,-0.0011669384031978,-1.21988999054954e-05,-1.2324769953611e-05,3.46608602722625e-06
"north_west","mu_gamma_H",-1.47265700272913e-06,-0.000128200184282916,1.10665827905621e-05,1.43244180952728e-07,-1.06245339528273e-06,-6.21596459376688e-07,8.07341422117385e-07,9.4130198386601e-07,-8.30303768475606e-07,-1.62392809997146e-06,-3.77533186010266e-07,-1.87436873967879e-07,2.51562321699747e-07,-6.39078980925615e-07,-1.48437786313663e-06,3.58657520543216e-06,-8.40894816364407e-08,-9.50962304523075e-07,9.92564793366236e-07,-3.40101434455205e-06,8.31142858029472e-07,-2.12905266492951e-06,-7.08760385049702e-07,-1.02893756289478e-06,-1.35994963878157e-06,-2.28329813374384e-06,1.88327370603841e-07,-7.10418423931406e-07,-1.63706450539465e-06,-1.73051226411303e-06,-5.73769802084468e-07,-2.13006409152655e-06,1.95138560767979e-07,-3.80063974693493e-06,-6.36219982300132e-08,-7.60234460800767e-08,1.70318502705932e-07,7.56452785471622e-07,-2.07061991243521e-06,8.73742734897241e-07,-3.30098028115774e-05,0.000116474516665665,-0.000274572656770161,2.44443294434849e-05,-2.35572612682022e-05,0.000852506558661389,-0.000307060550499031,9.17363639233003e-05,1.14895316521746e-05,-2.40361168081325e-06,-1.75282442873982e-05,-6.60576648247595e-06,-8.17954057490377e-05,-2.03893217386884e-05,4.47364093346423e-06,9.23173061618587e-06,1.48107011109731e-05,-1.13823001856676e-07,-2.6814721053097e-07,-1.39498671048984e-07,-1.2230770309914e-07,-2.4937649133547e-07,-1.50192537172392e-07,3.56146312856547e-08,-1.70313856243893e-07,-1.23105527967325e-07,-2.9194824173933e-07,3.90422172032631e-05,0.000481199800370371,-0.0002102543179615,4.13553566724674e-05,6.45706304963629e-05,-4.64669653413331e-05,5.9544445054332e-05,-6.41695169974001e-05,4.92160394281727e-06,8.30622616123433e-06,2.06403267514675e-07,2.50217973621261e-05,-0.000287021108958044,0.000157181173651443,-0.000219962779196004,-4.07908005125243e-06,1.240781805166e-05,2.27909904278832e-05
"north_west","mu_gamma_H_2",4.64972970560514e-06,6.28811131008194e-05,-8.98202157185961e-06,-4.91503949013462e-07,-4.69676556551619e-08,2.88322238525692e-07,-1.46547814811718e-06,7.51961918190937e-08,-4.89608766829756e-07,1.67250276458268e-06,-8.25336278137982e-07,2.00376043695971e-07,-4.1944108191545e-07,1.92601811472871e-06,1.38697276097551e-07,-6.3707952707331e-06,7.00572894659406e-08,4.50341593323475e-07,5.48221346125785e-07,1.36837058027359e-06,-8.62361377206646e-07,1.42134062353646e-06,-5.37687375834687e-07,2.4549339573297e-06,-2.30006616791541e-06,3.43021305950919e-06,7.50496162700337e-07,-8.23089440407201e-07,1.52125047344228e-06,2.79855436273248e-08,6.26851338127376e-07,-8.4146017564452e-07,1.10638492123667e-06,-4.46919757546902e-07,-3.36164161726572e-07,1.27321057076948e-08,-7.63021972367786e-07,-5.46351844679654e-08,1.0218819900768e-06,-4.56522332678526e-07,9.16915255768582e-05,-2.83173606495003e-05,0.000132224775901577,-3.83976030469781e-05,6.35534201243749e-05,-0.000307060550499031,0.000483671241490419,-0.000122964094157808,-3.51467274325865e-06,-1.3821838723678e-05,5.43454721006187e-06,1.9207494435916e-05,1.36979474568822e-05,-2.87966924167649e-05,2.98873218717482e-07,-1.40327876073564e-06,-7.70219180813032e-05,1.4583984436306e-07,1.97288797134307e-08,-2.43665629590202e-08,-7.02711079429268e-09,1.48775879011932e-07,2.88198708463841e-08,-1.03511131200334e-07,6.44427097662196e-08,6.78713978031026e-08,6.38349529398468e-08,8.3031395448711e-05,-3.31062263391244e-05,4.86844044000625e-05,-6.15714169334257e-05,-0.00020534491905903,0.000181574785397428,1.81889411678815e-06,0.000153454134316582,-0.00011073441656815,-9.04262807750979e-06,-6.41627096866955e-08,-0.00148762658331237,-0.000278011548878897,0.000353523241255378,-7.12677843854008e-05,-1.50542567367036e-05,-5.58192841547398e-06,4.71085212767714e-06
"north_west","mu_gamma_H_3",-1.78007949653304e-06,-9.74591617253331e-06,1.04497969936926e-05,-1.18784603202116e-06,1.12106971134892e-07,-8.40662664554854e-07,6.00765076979937e-07,-2.8671686644039e-08,-1.15288151084973e-07,2.98545033517532e-07,2.08295658984973e-08,-5.13412693778826e-08,6.14809427806743e-08,-1.74513775026384e-06,-1.31274807555902e-07,5.42633340539597e-06,5.32148632754245e-07,2.00521039451919e-07,3.26893050687638e-07,-1.33306505556208e-07,3.3176186201218e-07,-2.37107132350705e-07,6.91230188658584e-07,-4.71306735925055e-07,1.38671459791699e-06,-1.2409399523605e-06,-2.23993955776287e-07,8.32755869042822e-07,1.39926753359347e-07,1.32345259369341e-06,-8.08314653945677e-07,2.26348868869334e-06,-6.16012881245851e-07,3.70131630949926e-06,8.50201789432638e-08,-4.36282514247316e-07,6.17358341913367e-07,2.157266508265e-07,-1.1759621814488e-06,8.15404014468683e-07,-3.98098749222917e-05,3.60771345827311e-06,-4.51292001593614e-05,1.46290934286985e-06,-5.06174232301079e-05,9.17363639233003e-05,-0.000122964094157808,0.000243646646640254,-9.22677835427158e-07,5.75762779438858e-06,-4.39629658387873e-06,9.7747416483278e-06,3.16737712040426e-05,1.00784773005105e-06,-1.12040529634703e-06,2.19371495513288e-06,7.05619461406235e-05,-6.0140727649483e-08,-3.77256226276877e-08,1.2427264585352e-07,-2.86352856592788e-08,-1.79688204277539e-08,-9.16288326374906e-08,3.92334219944314e-08,2.40842241438751e-09,-2.93325978974288e-08,7.51641370995844e-08,-7.31302453778866e-05,0.000124668452989732,-3.17305749584773e-05,5.26794742289275e-05,-1.11900529377653e-05,-5.11472397496134e-05,-5.87119723686179e-06,-1.32986616348924e-06,1.39737254951833e-05,3.48597635863719e-07,-2.20847234414752e-07,0.00077139466887556,-2.89102006133671e-05,-0.00033944494692899,0.000346431603023732,1.52820785897744e-07,-1.65386688349785e-05,-6.23655776861484e-06
"north_west","mu_gamma_H_4",2.29597247393387e-07,-5.64417265216146e-06,-3.84536336635105e-07,-3.31595056069904e-07,-2.119419468879e-08,-2.30823291948435e-07,3.1424069258718e-07,-1.54239840462646e-07,1.6009613509838e-07,-4.50379737005043e-07,1.40106339921527e-07,-1.7584018051935e-07,-1.84307443536618e-08,-5.76850983130543e-07,2.76858975684694e-07,-1.68505626393579e-07,-5.09104776396884e-08,-1.0469473175088e-07,-1.55899820015639e-07,1.74729027907856e-07,8.48343060192465e-09,-2.63289869039017e-07,5.250765816406e-08,-3.36586689007297e-07,3.40036360175413e-09,-6.37442348059167e-07,-1.11683846272077e-07,-2.06869967621449e-07,-2.97516717078812e-07,-5.67577790142369e-08,-2.41079261451378e-07,-6.30909598213528e-07,7.39335144398549e-07,-2.83543911403736e-06,6.81894395082726e-08,-3.84547065615013e-08,-4.55270910286601e-08,1.66773190504116e-07,-3.76029754153437e-07,2.59019747971825e-07,-8.22108998755223e-06,4.15592278849555e-06,-1.05491308365049e-05,-3.56190790869557e-06,-2.81624223720798e-06,1.14895316521746e-05,-3.51467274325865e-06,-9.22677835427158e-07,6.1369606731408e-05,7.34702651008619e-06,4.66154913940326e-08,1.29313020028388e-06,1.36488734851677e-05,1.50395410188812e-06,5.8442194818743e-07,1.00582869323785e-06,1.04359113299657e-05,-3.68773030671386e-08,-4.01019829975172e-08,-6.16833315539275e-09,-7.27796274996163e-09,-2.09743464830944e-08,-1.93484445218114e-08,-1.24604147507793e-08,-2.29251274381988e-08,-8.83193606515019e-09,-8.60286053202057e-08,4.67489948833996e-06,2.11219811930034e-05,2.12416341904194e-05,-8.26464675858502e-06,1.49905037219837e-05,-3.75451020382829e-05,-1.4638476217942e-05,-2.34792709539735e-05,3.60312770042227e-05,1.38709002509222e-06,-2.63964613022843e-08,0.000288794714318696,1.15020813592929e-05,0.000113440659418827,-2.70612302871862e-05,4.27375446451947e-06,-6.091785473093e-06,6.34520884258676e-06
"north_west","p_G_D",1.40446982604955e-06,-4.79052182399472e-05,4.91455598700452e-06,1.11421610392831e-07,-6.35675189046934e-08,3.07956434383599e-07,-1.31830948526923e-07,1.08149599055543e-07,-2.78094925549302e-08,1.44658739197644e-07,7.57520383474313e-08,-1.56031148163578e-07,-1.19565882167931e-07,-3.46117339507098e-07,7.35702383389673e-08,-1.2002084248665e-06,-2.170565718304e-08,-1.50212067704934e-07,1.36836086431968e-07,-5.48652902093428e-08,-5.89711375202952e-09,-7.98285316150677e-08,9.60767180605702e-08,-2.04292516932504e-07,2.33534949836228e-07,-1.66864540785516e-07,1.30625771952205e-07,2.03015888274702e-08,-2.21376288930447e-07,2.54565528367086e-07,3.44454714350802e-09,-5.25959147557537e-08,8.50356589817595e-08,-9.96509427575778e-07,-4.87721042025783e-08,1.02124761000727e-07,-1.32749028069883e-07,1.49400106730214e-07,4.4966555244763e-08,-2.03750798387879e-07,-1.09388084362184e-05,-6.44831414570723e-06,-3.20451980091463e-05,-1.35953542468307e-05,-2.79796741890496e-06,-2.40361168081325e-06,-1.3821838723678e-05,5.75762779438858e-06,7.34702651008619e-06,4.61600013978094e-05,-2.57307938444258e-06,-1.38106570808504e-06,2.60075105244031e-06,1.1705035468854e-05,-3.59068777217401e-08,-1.26874898651263e-07,1.26661623276169e-07,-1.80683705668951e-08,-1.17562895656372e-08,-4.67569016479552e-09,-5.33204791419432e-09,-9.19309488163258e-08,1.11762064731813e-08,-2.12139447379923e-08,-9.85332660196929e-09,5.13819608674753e-09,4.43338555763596e-08,9.59322386995265e-06,2.36380410512168e-05,1.55664799495021e-06,-9.22431785947475e-06,2.37512198283805e-05,-2.65957732452697e-05,2.96520665378007e-07,-2.37562317658736e-05,2.49568892186301e-05,3.06009556162846e-06,-5.8110586842734e-09,0.000758605730081952,-2.58147421299339e-05,-2.83764551020449e-05,-0.000109003782186473,9.28461363633759e-06,-6.3733444931951e-06,-2.85095024974048e-06
"north_west","p_G_D_2",9.92555376000645e-08,1.70096008217201e-05,-5.15643123545247e-07,9.14121750762298e-08,-2.50816719437165e-08,3.85470451817545e-08,-1.0079715179167e-07,-1.29983755653156e-08,2.35151320564522e-09,2.42247327963529e-07,-2.05467170353842e-07,4.3176954258684e-08,3.46633975492831e-08,8.00408566051507e-08,9.79265834217101e-08,-7.50297772105973e-07,1.48163499342094e-10,4.41903537742938e-08,1.48965857168252e-07,-1.12928524913125e-07,1.03696978860807e-07,2.94878859287909e-08,5.3971926448588e-08,1.50648732901473e-07,-5.92470895907423e-08,2.08806459419332e-07,2.99749558649976e-08,2.45896643081403e-08,6.26503014232154e-08,1.08450434517756e-08,1.41268147735157e-07,-1.79276721791209e-07,1.79102627846458e-08,8.81392996167573e-08,-2.93692004555874e-08,8.17694645848271e-08,3.17628401797993e-08,-1.44650150159637e-07,1.74064490742602e-07,-3.91154152623294e-08,1.23473193321682e-05,4.98129756457471e-06,8.12125854471279e-05,6.50454763205315e-05,5.26678312883701e-05,-1.75282442873982e-05,5.43454721006187e-06,-4.39629658387873e-06,4.66154913940326e-08,-2.57307938444258e-06,1.43325809582712e-05,7.47373590946141e-07,1.26031362078161e-05,-1.93986701144846e-06,-1.50219700353614e-06,-4.7829044166624e-07,-8.70118096591919e-06,-3.38307515685449e-09,1.08069076540925e-08,-9.19012160910186e-09,2.31239180857269e-10,-1.01057758121985e-09,-3.1034904529695e-10,-3.78003223119215e-09,-1.92254324563638e-09,-4.37489042924112e-09,1.07373339091373e-08,-1.43439017321227e-05,-0.000188168584848105,7.75324758045579e-06,3.42886651259952e-06,-2.48071136921949e-07,-2.93411325708035e-06,-5.35646199750285e-06,1.05289427327703e-05,-6.96211887287081e-06,-6.84583149484475e-07,-1.95002440964183e-09,-0.000200033150175002,1.3550772243231e-06,1.99506881447369e-05,-5.07737816139912e-05,-2.19371467519206e-06,4.2393091142383e-07,3.37189967569677e-07
"north_west","p_H",1.37807422664034e-06,5.2558777630244e-06,2.19975019630757e-06,4.63970775580101e-07,-9.96475952122082e-07,-8.69114993668578e-07,-4.6488742289432e-07,-4.69506033140155e-07,-7.84548983733218e-07,-5.63171238934329e-07,-5.86202286504858e-07,-4.30349205966434e-07,-5.79547549774847e-07,-5.12736807865911e-07,-1.13085136836274e-06,3.85427129377967e-06,-6.22083299835747e-07,-5.20714726227332e-07,-7.91749739529163e-07,-9.74731756777861e-07,-6.3304071968091e-07,-1.19986959532728e-06,-1.28781023699623e-06,-9.392713369019e-07,-1.9677249320447e-06,-1.23444595297044e-06,-4.40192533928305e-07,-1.6277943442003e-06,-1.85915275746828e-06,-1.29242828039727e-06,-7.35744387312522e-07,-7.39385773881348e-07,-9.5074920406304e-07,-7.68163205596907e-07,-1.25747174434891e-07,-5.23383675872919e-07,1.3680187826017e-07,-6.01961528446676e-07,-4.48541364817659e-07,-1.42381217633491e-07,4.57486873900606e-06,-4.96276525807982e-06,2.77881693737247e-05,1.51267193461052e-05,9.09406868570726e-06,-6.60576648247595e-06,1.9207494435916e-05,9.7747416483278e-06,1.29313020028388e-06,-1.38106570808504e-06,7.47373590946141e-07,6.31802703873663e-05,7.23162512709293e-05,-5.11327354108998e-06,2.23208087640339e-06,-3.51177378159885e-06,-1.1776808001396e-05,-1.06805097115321e-07,-1.5513654999205e-07,-1.49686621217574e-07,-1.20808934580365e-07,-1.51886606193165e-07,-7.98659505980758e-08,-7.98144188162538e-08,-7.55543667613039e-08,-6.04925415177849e-08,-1.78898671192075e-07,1.3792595116885e-05,-1.69584479337015e-05,4.30445920273747e-06,6.46553238630042e-07,-9.5791566523042e-05,7.40858563498673e-06,-1.80026804281917e-05,3.53616458389734e-05,-6.45519741255582e-06,-7.10346833193264e-07,-2.1143218966905e-07,0.000231249317521721,-7.87774216151695e-05,-4.95628715781297e-05,0.000178592768432712,-4.00838982864023e-06,6.16094848768984e-06,2.17827096564622e-05
"north_west","p_H_2",5.47166438881445e-06,7.27936940439493e-05,-1.15361650789986e-06,2.42142046075726e-06,-1.17945049297403e-06,-2.56932753833241e-06,1.34227066688566e-06,-1.37409984142325e-06,-9.81986046664155e-08,-1.66656233880544e-06,-1.75460805440605e-06,-2.5546174063965e-07,-9.12282379336379e-07,-1.16503474278797e-06,-7.00370918274313e-07,6.98583639849515e-06,-4.30008554649805e-07,-1.57933759968001e-07,-9.26654468382006e-07,-2.45127414582785e-07,2.31495352329621e-07,-7.17824857104686e-07,-2.07136388414579e-07,-1.26409916746572e-07,-1.6805870346386e-06,1.27258630318901e-06,-5.351813812445e-08,-3.60536850458298e-06,-1.23454890468989e-06,1.67346806713149e-06,-7.12816386354832e-07,2.02079883640705e-07,1.9169243385797e-07,-9.92467173775106e-07,-4.69004809544156e-07,-8.82314885202796e-07,7.25454200778688e-07,-1.14377177158114e-06,-2.53815322715389e-07,5.70188217461161e-07,-6.28110984575237e-06,-3.45212608359497e-07,8.49586362068329e-05,0.000108331757862738,3.26297757349734e-05,-8.17954057490377e-05,1.36979474568822e-05,3.16737712040426e-05,1.36488734851677e-05,2.60075105244031e-06,1.26031362078161e-05,7.23162512709293e-05,0.00087007437330612,5.86894373117289e-06,4.36596073723139e-06,3.56731994956059e-06,1.13260482472502e-05,-1.21604382568782e-07,-2.15190807968919e-07,-1.52439498171851e-07,-1.01756249873648e-07,-6.84918719675159e-07,-1.0620264241836e-07,-1.49242340067829e-07,-2.15055415913267e-07,-1.71945264843088e-07,-2.05402363038175e-07,3.59660316794805e-05,-0.000188156704673898,-3.27708284241746e-05,3.72772416215494e-05,-0.000122741964187405,-7.80552366415911e-05,-0.000697582312147329,-1.200272444998e-05,-4.22451732530708e-05,-2.25534557812159e-05,-2.50106230878362e-07,-0.000118185382873141,-0.000397636316795813,7.8797057595561e-05,0.000500515395008702,-9.61666350837745e-06,-6.34567608217194e-06,9.27705701100247e-06
"north_west","p_H_D",-3.03868196151781e-06,6.13115840684046e-06,9.37239251034809e-07,1.87621243686884e-06,5.57532032753237e-07,4.37105984979573e-08,-2.11108325417485e-07,-2.78041103880253e-07,-1.02958030386626e-07,1.59219907426355e-07,1.58422669792356e-07,-1.17030743984646e-07,-6.96343762140726e-08,-2.8601357716374e-07,-1.61383447549385e-07,-1.4340054434276e-06,-1.99447621320603e-07,-3.39658780779992e-07,2.92796008009731e-07,-1.35041893021276e-07,-1.84514158419188e-07,-2.66379832775823e-07,1.77998514840272e-07,-1.17720933146489e-06,1.35540080764361e-06,-1.03445296224151e-06,1.60651190580946e-07,-2.07417272313211e-07,-1.25557084332987e-07,-1.05480486366858e-06,-2.04989503453073e-07,-5.04584232560434e-07,-4.29566350047509e-07,-3.59574582958838e-07,-3.22831350297512e-08,-1.6788865520636e-08,-2.39324561733123e-07,2.84507285292747e-07,-4.76944899560734e-07,-6.92221091269249e-07,-0.000139609039035698,-9.8943523842382e-05,-7.90742429540869e-05,-8.94212210048971e-05,-9.30926467424412e-05,-2.03893217386884e-05,-2.87966924167649e-05,1.00784773005105e-06,1.50395410188812e-06,1.1705035468854e-05,-1.93986701144846e-06,-5.11327354108998e-06,5.86894373117289e-06,0.000117791301808185,4.31343036452483e-06,-1.41201802237908e-06,-4.99941140964173e-07,-2.33074567494187e-08,2.7862778043245e-08,1.51648195722889e-09,-1.62373831069404e-08,-1.11875113808626e-08,3.1942080004881e-08,3.29839275844876e-08,-1.65311790396789e-08,-4.30005412065842e-09,2.80858539922122e-08,-4.96099211433015e-05,1.92601092736908e-05,1.83240336868367e-05,6.77593965628705e-06,1.52345541688226e-05,-6.17309068301149e-06,-7.55549263477497e-06,-3.75948981946498e-05,2.49182976408161e-05,6.84861918642046e-06,-9.12187350966374e-08,0.000375970122196589,-0.000100143218983446,0.00013159642694711,0.000419129967667519,3.94738264091522e-06,2.44287238716524e-06,7.32526564722102e-06
"north_west","p_ICU",-1.35629276799376e-07,-5.3533457459442e-06,6.07537845714894e-07,3.2168551973913e-08,-5.11931762809145e-07,-1.43891254499056e-07,-5.34311971042249e-08,2.34325579442341e-08,-1.50333281172032e-07,-1.13378843870622e-07,-7.8183235036351e-10,-1.83111070309956e-08,4.05548145789178e-09,-3.1239027302644e-08,-6.43660430147714e-08,-1.94275953830525e-06,5.75537140941884e-08,-2.72973621662682e-08,-3.86127823811215e-08,1.49716961142064e-10,-2.50088273745585e-08,3.87286079677873e-08,-4.25192654263506e-08,7.1049008090837e-09,1.51241528630518e-07,3.35708939362665e-08,6.14179741135216e-08,-6.49589975383486e-08,4.62860292544401e-08,-2.30941717779045e-08,-4.74871087271838e-08,-1.50986208866941e-07,-2.62875045809513e-08,-1.10236657166491e-07,4.1394399908032e-09,-5.91400721277026e-08,-5.11565971593509e-08,-1.10117175652111e-07,-6.12481793785218e-08,-2.57029054517416e-08,-7.21785448546845e-06,-3.85857693158125e-06,-1.0206837857318e-05,-5.47359760280228e-06,-5.66958912064503e-06,4.47364093346423e-06,2.98873218717482e-07,-1.12040529634703e-06,5.8442194818743e-07,-3.59068777217401e-08,-1.50219700353614e-06,2.23208087640339e-06,4.36596073723139e-06,4.31343036452483e-06,1.24492966046335e-05,-3.59556752959824e-07,9.69564616198399e-07,1.16189520848768e-08,2.57641781255476e-09,2.92941365717066e-09,7.93651593459677e-09,-1.40685168982192e-08,8.93570872531951e-09,1.20180524199166e-09,-7.8095876251796e-09,-3.36167674739835e-09,-5.56815842925052e-09,2.448674587084e-05,1.17249001670795e-05,-2.70328373046191e-06,1.64399015009816e-06,-7.05243566954683e-06,-1.61462049841093e-07,1.11483497111617e-06,1.77724571688843e-06,1.73963827911675e-06,-9.21103159655511e-07,1.98375088488708e-08,-0.000203177207106866,1.79628382999925e-05,7.81435290047295e-05,-0.000189772097429174,-2.55791895303387e-06,8.0872197557725e-07,2.51408545913611e-06
"north_west","p_ICU_2",-2.90580557840963e-07,7.96050749622847e-07,2.25699642400801e-07,-8.19664619691309e-08,1.99216598790196e-07,-3.97654707490702e-08,1.38671828032943e-07,-2.6967379624233e-08,6.36868329062742e-08,-1.47975503411773e-07,1.02049806246374e-07,1.40534155372497e-08,3.27962363430705e-08,-4.73252384250195e-08,9.19463532905942e-08,-8.7203820593646e-08,-1.4784467654577e-09,6.62787504665373e-08,-2.62275843478207e-08,-5.31795283128495e-09,4.35733005649015e-08,7.08541157611265e-08,3.53591112370331e-08,5.70782396219459e-08,1.6035915981842e-08,1.0071602233107e-07,-2.1751217707242e-08,1.8464599437151e-08,1.1514436336412e-07,3.43995303058602e-08,6.01481439043664e-08,-1.1186032363053e-09,1.1137817518152e-07,-2.58666066772242e-08,3.7194654561848e-08,-7.41184339351481e-08,-5.66559574650911e-09,1.5479133694554e-07,-1.30962200846105e-07,1.03156101662795e-07,3.48088012743277e-06,4.07681279458626e-06,-3.39404359212461e-06,-5.60287182610747e-07,4.84207230136004e-07,9.23173061618587e-06,-1.40327876073564e-06,2.19371495513288e-06,1.00582869323785e-06,-1.26874898651263e-07,-4.7829044166624e-07,-3.51177378159885e-06,3.56731994956059e-06,-1.41201802237908e-06,-3.59556752959824e-07,2.92330176052988e-06,-2.15259202066774e-07,2.21039626899538e-09,-2.89753009710785e-09,-2.973739111651e-10,4.68085395817094e-09,4.51590621312337e-09,6.94255944098388e-09,-1.09356344871145e-09,-5.17990777353256e-10,7.92957118038363e-11,1.14075852313887e-08,1.50218680954893e-05,1.0380268900084e-05,-2.55949992787585e-06,-6.57731814916481e-07,6.76471853084767e-06,-8.16619031708724e-07,-9.42856184796414e-06,-2.75526665572357e-05,1.6326623718293e-07,9.88281380224178e-07,8.93386436719046e-09,-2.74914014309137e-05,-7.24837394662646e-06,7.16263322829403e-06,4.23843928001857e-05,-4.5198933861347e-07,-9.8085600392091e-07,-3.48862379223175e-07
"north_west","p_ICU_D",-2.074328018746e-06,1.88717286037509e-06,7.11620698305935e-06,-4.35288171356947e-06,-2.68245236646474e-06,2.13422433363748e-07,5.29064842237656e-07,-3.08771162436023e-07,5.70006794558405e-07,8.05601334988181e-07,1.84697548295879e-06,-9.49400012043804e-08,9.82165465873253e-07,-1.54694510721845e-07,5.48422761462623e-07,1.59182470391984e-05,-1.61016057194087e-07,3.18359988385775e-07,1.66295795836276e-06,-1.27373823062364e-06,1.77435790626851e-06,-5.1830237628116e-07,1.52965666050691e-06,6.3683033060046e-07,2.42336583823071e-06,-6.43498602839719e-07,1.35712264768573e-07,1.36822883043175e-06,7.32060417430416e-07,1.59989929092069e-07,-8.11084231133151e-08,3.28589707736624e-07,1.91786046434544e-06,-2.0396008261856e-06,5.73014664574502e-08,-1.26834232529958e-07,8.74183194757011e-07,-8.58610579999335e-08,-8.9743770260665e-07,3.17582287682254e-07,-0.000118168179282786,-8.50651577022825e-05,-7.22822161481318e-05,-9.43964557330735e-05,-7.68987582953615e-05,1.48107011109731e-05,-7.70219180813032e-05,7.05619461406235e-05,1.04359113299657e-05,1.26661623276169e-07,-8.70118096591919e-06,-1.1776808001396e-05,1.13260482472502e-05,-4.99941140964173e-07,9.69564616198399e-07,-2.15259202066774e-07,0.000735716130777084,4.0965424055728e-08,9.86031330055769e-08,3.44574458393873e-07,7.21568204697186e-08,-9.58044654492245e-09,5.23309394206483e-08,1.25234010807922e-07,2.20744280719189e-08,2.06705195536784e-08,1.82749183784061e-07,-0.000227814169612599,5.69361651393006e-05,6.48803789146055e-05,1.78011295199007e-05,-1.9701142066655e-05,-3.12903503021668e-05,1.32894285067687e-05,4.03344600687722e-05,1.50329707297372e-05,1.07565772760594e-05,2.56715634971231e-09,8.59759923458804e-05,-0.000612464507725725,-0.00029361170649585,-0.000184694945812652,-2.57178669017895e-06,5.14723118757193e-06,-1.42735260982569e-05
"north_west","p_NC_15_24",5.31941164922916e-09,9.31149135018392e-08,-6.97657765493951e-09,-1.37446153245009e-09,-2.19210026755457e-09,9.80271265662184e-10,7.72048205546328e-10,1.05650086900978e-09,1.18601620353097e-09,3.22192337620106e-09,2.76834150162885e-09,1.15342353050571e-09,1.76840249299862e-09,1.89914754739839e-09,2.88551673910059e-09,-3.94773045067845e-09,1.66579698566359e-09,1.24354738309638e-09,2.35439075165037e-09,3.09274508162568e-09,2.6305309701449e-09,3.95111316771014e-09,2.99925214503373e-09,6.82628733336001e-09,2.2693980721641e-09,8.59234841163645e-09,9.61191301231235e-10,5.84321674736364e-09,6.07778919327069e-09,3.59439468160801e-09,1.44947927432603e-09,3.82837017049893e-09,1.18076508643882e-09,9.09671126687637e-09,1.70403221774526e-10,1.15397811657458e-09,-7.42028419224495e-10,7.99451310844423e-10,1.08139571066551e-09,1.73802385045071e-09,8.45286970942758e-08,-3.12698664190724e-08,6.42404313832926e-08,-1.79637525302115e-08,-1.01841021720034e-07,-1.13823001856676e-07,1.4583984436306e-07,-6.0140727649483e-08,-3.68773030671386e-08,-1.80683705668951e-08,-3.38307515685449e-09,-1.06805097115321e-07,-1.21604382568782e-07,-2.33074567494187e-08,1.16189520848768e-08,2.21039626899538e-09,4.0965424055728e-08,1.43621509994601e-09,7.18835126103612e-10,8.33446690804947e-10,4.52119820794256e-10,1.21294755486314e-09,2.97758282226774e-10,3.15874953394622e-10,4.02033801365403e-10,3.45945445468162e-10,9.15473347866326e-10,-1.36447512804401e-08,-7.30685118710386e-08,4.00023244918239e-08,5.2192309211499e-08,-1.08656495956456e-07,1.15129803013564e-07,9.53577805030706e-08,6.69618141201157e-08,-7.25872031376972e-08,-4.07320585474263e-09,2.50083569340625e-10,-1.19496271495702e-06,2.93768893300017e-08,3.35824167512233e-07,-1.63089386841698e-06,-4.17132027746094e-10,6.87230472668626e-09,-6.22743946162291e-08
"north_west","p_NC_25_49",7.84880806957262e-09,7.35737966378824e-08,-1.83946766445168e-08,-5.36650927195981e-10,-1.70569901960887e-09,1.0956196939407e-09,-3.31538132871683e-10,3.41972992814513e-09,-6.50569729405154e-10,9.60479914990597e-09,-2.13209479949547e-09,1.05911650194938e-09,2.49477906672002e-09,9.26313175844263e-10,4.32368132150478e-09,-6.37338600220361e-09,1.43464447102675e-09,6.50109577133189e-10,4.07466663149442e-09,1.94441150075368e-09,2.07205769582211e-09,5.72186118134727e-09,4.25754666781376e-09,4.8883703235621e-09,7.91949355748087e-09,6.3271729287827e-09,1.66222390241257e-09,7.30973570796056e-09,8.47314704562524e-09,6.27785708614145e-09,1.78067289852549e-09,5.8098957633358e-09,4.8758336515506e-09,3.69473671155974e-09,2.43591174193416e-10,1.3731302635896e-09,-2.22224290137763e-10,1.23517410097441e-09,3.69795381687045e-10,2.73282914067984e-09,4.3745697015251e-08,-9.90708664534522e-08,-3.8074531635422e-09,-9.8493315268167e-08,-4.55056687787887e-08,-2.6814721053097e-07,1.97288797134307e-08,-3.77256226276877e-08,-4.01019829975172e-08,-1.17562895656372e-08,1.08069076540925e-08,-1.5513654999205e-07,-2.15190807968919e-07,2.7862778043245e-08,2.57641781255476e-09,-2.89753009710785e-09,9.86031330055769e-08,7.18835126103612e-10,2.8197201328286e-09,7.6474614566803e-10,5.35353675374928e-10,1.62626070352563e-09,4.90380696600628e-10,3.60091589389959e-10,4.50620949813919e-10,3.01795507694754e-10,1.02225975786745e-09,-1.65056404681814e-07,1.25148166433031e-08,1.03818885021662e-07,-1.13424901631112e-07,5.04832639903154e-08,-3.08412233675644e-08,2.03109324792253e-07,9.40390167405641e-08,-2.35151376659727e-08,-2.75961511708135e-08,2.22467246667549e-10,-2.31293712534929e-08,4.20337834853319e-07,-2.41405336625963e-07,-1.51684202410118e-06,2.44563267268314e-08,1.64057466698563e-08,-1.25903644759016e-07
"north_west","p_NC_50_64",4.35452538671019e-09,-2.72045596366753e-09,-2.0163392546355e-08,-9.43777289004946e-09,2.72742619726052e-09,2.35170239365154e-09,4.4379134395837e-10,1.98714168925168e-09,2.98444464134442e-09,2.2425479999899e-09,5.08720710830633e-09,1.1291303041322e-09,4.25252624920119e-09,4.24706908478079e-10,5.08949058225359e-09,3.50466200135321e-09,3.57008902070874e-09,2.50520797077919e-09,5.93803346341608e-09,2.58336371477683e-09,4.34212497986738e-09,7.070277026101e-09,5.96137109440146e-09,8.15569630062561e-09,1.08606367920008e-08,8.36279087948408e-09,-1.55562563944049e-09,1.10857774392165e-08,1.05594855227298e-08,9.44093505860434e-09,2.59066822132012e-09,8.88702499794142e-09,7.07350535657894e-09,1.06233312971798e-08,2.3147539189102e-09,-7.6036622266689e-10,9.56582589232523e-10,3.39520180203672e-09,-2.14115726790775e-09,2.78603785173455e-09,-1.56678773415883e-07,-9.65756091495766e-08,-6.90623752482791e-08,-1.28012651605152e-07,-1.7705507443561e-07,-1.39498671048984e-07,-2.43665629590202e-08,1.2427264585352e-07,-6.16833315539275e-09,-4.67569016479552e-09,-9.19012160910186e-09,-1.49686621217574e-07,-1.52439498171851e-07,1.51648195722889e-09,2.92941365717066e-09,-2.973739111651e-10,3.44574458393873e-07,8.33446690804947e-10,7.6474614566803e-10,3.56517340076823e-09,8.07752996837796e-10,1.34445402253519e-09,4.15268325737011e-10,6.15880164984102e-10,5.75832910293821e-10,5.19258359969545e-10,1.27428134924145e-09,1.60889883867353e-07,7.69304276647779e-08,1.02226628001673e-07,4.74051095170993e-08,4.57964749550736e-08,-1.18934002730191e-07,9.15480756932443e-08,2.05807810807155e-08,1.27749351514652e-07,-1.73690503260986e-08,-1.54019604020662e-10,-3.12789585206186e-06,1.27009999795833e-07,-1.40734401465997e-07,-3.38487557904569e-07,-1.45894916895372e-08,-1.13153986334065e-08,-1.25466777807222e-07
"north_west","p_NC_65_79",-6.84460306149432e-10,-1.33444616288257e-08,-2.51092671096782e-09,-2.3546131714672e-09,1.85960679726541e-09,3.6001825097655e-10,2.48640976684815e-09,1.27865533793364e-11,3.23572073983824e-09,8.67154153322609e-10,2.72157894459789e-09,7.45834042754743e-10,2.03445448581349e-09,8.88816253556056e-10,3.28922513222264e-09,-3.46456467590571e-09,2.33801500641358e-09,1.53921985253159e-09,4.177972783574e-09,6.62788647534857e-11,3.5608431272063e-09,4.12442835207648e-09,4.80246232429053e-09,4.20970335388653e-09,8.36126345757403e-09,3.54222713885679e-09,-2.61335679039987e-10,8.26717497863992e-09,6.50008237827078e-09,6.87470889565391e-09,1.76466631937082e-09,4.52946863347243e-09,5.0517142423701e-09,2.7091872090158e-09,1.11894905034345e-09,5.11361536581639e-10,1.08498799816328e-10,1.47122443016837e-09,1.79616327612871e-10,1.85905900452837e-09,3.85150774939209e-08,2.483186200774e-08,-5.49260045302776e-08,1.86347425594741e-08,-5.9329386011808e-08,-1.2230770309914e-07,-7.02711079429268e-09,-2.86352856592788e-08,-7.27796274996163e-09,-5.33204791419432e-09,2.31239180857269e-10,-1.20808934580365e-07,-1.01756249873648e-07,-1.62373831069404e-08,7.93651593459677e-09,4.68085395817094e-09,7.21568204697186e-08,4.52119820794256e-10,5.35353675374928e-10,8.07752996837796e-10,1.35406514052669e-09,9.03912214374024e-10,3.16305790211521e-10,4.15869458426859e-10,4.00086622990319e-10,2.06140862329755e-10,8.21331388346562e-10,-4.96713787755809e-08,6.82820131218673e-08,-4.49314410727507e-08,7.93542530463143e-08,7.69952068662916e-08,-6.26103884688803e-08,5.75969115596184e-08,-4.3480712897252e-08,1.58722147085338e-08,-1.1714165707656e-08,2.96250397282837e-11,-6.64873105858451e-07,-3.62432708376131e-08,-1.45991434533963e-07,-4.24731533242344e-07,6.05791653950549e-09,-2.13327819542593e-08,-9.17051430757814e-08
"north_west","p_NC_80_plus",3.70732073165966e-09,2.27322130002754e-07,-3.41525002115498e-08,-1.66809109084297e-09,-1.0829340300617e-08,-3.99946163511952e-10,7.21524838356512e-10,5.57820921283717e-09,-1.19648243421887e-09,1.02596107664546e-08,-5.30677687802483e-10,3.31044577808803e-09,4.55135037798554e-09,3.43717868130907e-09,3.14446088445382e-09,3.24501355730807e-08,6.03085649869437e-09,-2.9273912165601e-09,1.8948364649371e-08,-1.35435631733301e-08,1.00494038550103e-08,1.18304680523966e-09,9.9402353606681e-09,4.11632282496711e-09,1.37448651997047e-08,4.2560638784159e-09,1.28460791206296e-10,1.51219370450469e-08,1.13053829053225e-08,1.31174847547454e-08,-1.3875970681057e-09,1.37387406361462e-08,1.02304864178007e-08,5.66761067244744e-09,5.8426237727752e-10,3.09917281865729e-09,-5.71043160109768e-09,6.74198699185501e-09,-1.27048660602396e-09,4.84879674499685e-09,9.40080222138599e-08,-1.59448088390088e-07,3.34477112507178e-07,-2.16384977944602e-07,-2.26900360666109e-07,-2.4937649133547e-07,1.48775879011932e-07,-1.79688204277539e-08,-2.09743464830944e-08,-9.19309488163258e-08,-1.01057758121985e-09,-1.51886606193165e-07,-6.84918719675159e-07,-1.11875113808626e-08,-1.40685168982192e-08,4.51590621312337e-09,-9.58044654492245e-09,1.21294755486314e-09,1.62626070352563e-09,1.34445402253519e-09,9.03912214374024e-10,1.51110911604401e-08,6.53578492946269e-10,6.91018169930802e-10,1.16018422236631e-09,5.22202686893122e-10,2.05034056787782e-09,-3.32043292965149e-07,-1.50705581989397e-07,2.83296041671291e-07,2.13585653139875e-08,3.31204911211937e-09,-3.22569783899059e-08,6.03086179165108e-07,1.62431524469698e-07,-2.28405587862358e-07,4.68178680097641e-09,-1.93029328326692e-09,-3.25672052385373e-06,1.76922732600406e-06,-9.04724752360156e-07,-4.08356871347512e-06,-5.17997008076929e-08,5.84610085771629e-08,-1.66588941779119e-07
"north_west","p_NC_weekend_15_24",-8.0289543693645e-09,-3.82687603133231e-08,-8.34528735002493e-09,-8.69731344094627e-10,1.71680682636404e-09,-7.33862307319074e-10,1.74925023778305e-09,2.18649293485158e-09,-3.21604741804722e-10,3.1260749792315e-09,-1.31622483700035e-09,5.44999665211534e-10,8.54931513185496e-10,7.75619668681493e-10,2.23546686621269e-09,-1.00809532943614e-08,1.28282308558031e-09,8.83069133539061e-10,3.08197264585753e-10,2.54468595698097e-09,1.13922686211443e-09,3.20000859550598e-09,2.57658850979297e-09,1.32975855400343e-09,5.97808053975566e-09,3.54492036960269e-09,5.93159238914875e-10,3.65109290244441e-09,4.9780250922062e-09,2.415006074253e-09,2.09769052504528e-09,1.44161638627824e-09,4.50225386630272e-09,-5.41563854830573e-09,2.17581574037249e-10,6.1956761040637e-11,1.04350305665438e-09,-8.9553865453425e-11,6.61792273420163e-10,1.74355838619828e-09,2.51527424819213e-08,-7.04016031167375e-08,1.90954405470027e-08,-5.16817841913093e-08,-8.79221808750772e-08,-1.50192537172392e-07,2.88198708463841e-08,-9.16288326374906e-08,-1.93484445218114e-08,1.11762064731813e-08,-3.1034904529695e-10,-7.98659505980758e-08,-1.0620264241836e-07,3.1942080004881e-08,8.93570872531951e-09,6.94255944098388e-09,5.23309394206483e-08,2.97758282226774e-10,4.90380696600628e-10,4.15268325737011e-10,3.16305790211521e-10,6.53578492946269e-10,1.21638899657038e-09,1.69834793797574e-10,2.28164450427932e-10,2.23426921849299e-10,6.83590128715912e-10,6.06735793896528e-09,-1.07999451019985e-07,3.28449435719747e-08,5.0834719117247e-08,6.63009087296202e-08,-6.11993776023997e-08,6.45035675927804e-08,-1.08038468664926e-07,6.29680392067221e-08,-6.83895581347791e-09,2.01323667675953e-10,6.06908166283966e-07,6.70729182380077e-07,2.71528803259236e-07,-2.30931909372286e-07,1.23773391579021e-08,-1.01239506934155e-08,-5.09815795828259e-08
"north_west","p_NC_weekend_25_49",-8.40534001739926e-09,3.95704375682568e-08,4.11509985867491e-09,-1.19759569689066e-09,-8.5827655205138e-10,2.37162331010266e-09,-2.41862086500662e-09,2.02728584170239e-09,7.0464408786295e-10,2.76601299793309e-09,8.66426390730403e-10,9.62620285631054e-10,2.17956604977875e-09,7.15138579154512e-10,3.17193609960271e-09,7.52551270186424e-09,2.15372432015239e-09,5.13889564027911e-10,4.88597051765732e-09,-1.19649874044155e-09,3.96595742215258e-09,2.01762502032859e-09,5.12736629382534e-09,1.65672466784776e-09,6.06770120087087e-09,3.75862268199754e-09,-3.64015086368096e-10,5.82503832767765e-09,5.46472248759171e-09,3.20103478998075e-09,1.54507218697022e-09,2.04815232439623e-09,2.72397265417464e-09,6.50816658085822e-09,1.90180176359749e-10,1.47106175379613e-09,-8.70542598587891e-10,1.98374412428108e-09,-9.43791124447399e-10,-4.7102798105002e-11,-8.89554744406707e-08,-5.02833557342948e-08,-2.04409504739842e-08,2.62386173799423e-10,-9.85038116313693e-08,3.56146312856547e-08,-1.03511131200334e-07,3.92334219944314e-08,-1.24604147507793e-08,-2.12139447379923e-08,-3.78003223119215e-09,-7.98144188162538e-08,-1.49242340067829e-07,3.29839275844876e-08,1.20180524199166e-09,-1.09356344871145e-09,1.25234010807922e-07,3.15874953394622e-10,3.60091589389959e-10,6.15880164984102e-10,4.15869458426859e-10,6.91018169930802e-10,1.69834793797574e-10,1.4321962094435e-09,4.07987322080465e-10,2.10960496172444e-10,6.75887666734432e-10,-7.5785115410557e-08,-6.22309063975316e-08,4.03416973098295e-08,8.47466067112331e-08,-1.18652597348014e-08,7.56008032847927e-09,1.59585584168638e-07,1.00120185899394e-09,6.0669032383638e-08,4.67401738465987e-09,4.33738326211043e-11,-2.56146889632137e-06,1.99986117449011e-07,6.8370243787075e-08,-6.09116025063097e-07,-1.58103660132092e-08,-4.30866830209504e-09,-5.03240107351645e-08
"north_west","p_NC_weekend_50_64",3.02421177331997e-09,1.13532788716066e-07,-6.76958259806101e-09,-1.3007711987195e-10,-2.12879935165454e-10,3.69496940713968e-10,9.7368629177269e-10,1.11541834618626e-09,1.70040247607193e-10,6.34122703675741e-09,-9.68455757313347e-10,1.25465997518004e-09,1.7281352774814e-09,1.15362192401515e-09,3.3377288296434e-09,1.11840384055184e-08,8.20325500635031e-10,2.19042343317639e-09,1.50435278829358e-09,1.62413644061339e-09,2.70443035204777e-09,3.0502522537284e-09,4.58107272685529e-09,3.38667450056343e-09,5.57123815466259e-09,5.05232697252873e-09,-9.12002739651883e-10,6.02966952404854e-09,6.42381035467711e-09,5.70369202572038e-09,2.33648298684346e-09,3.52398845415255e-09,6.1903310336899e-09,1.06943625091186e-09,9.80364790616126e-10,-2.1879732039423e-10,1.28653222006444e-09,3.41256432528692e-10,1.55033319830318e-09,9.03252192019143e-10,2.87753276418226e-08,-6.68385819535784e-08,8.08865873561392e-08,-4.08451446218724e-08,-1.2958732407503e-08,-1.70313856243893e-07,6.44427097662196e-08,2.40842241438751e-09,-2.29251274381988e-08,-9.85332660196929e-09,-1.92254324563638e-09,-7.55543667613039e-08,-2.15055415913267e-07,-1.65311790396789e-08,-7.8095876251796e-09,-5.17990777353256e-10,2.20744280719189e-08,4.02033801365403e-10,4.50620949813919e-10,5.75832910293821e-10,4.00086622990319e-10,1.16018422236631e-09,2.28164450427932e-10,4.07987322080465e-10,1.35764885847801e-09,3.12273801324562e-10,7.56820962929035e-10,2.93347481416925e-08,-2.42918241669622e-08,5.95475641005938e-08,3.66816144347548e-10,-3.42218956624921e-08,6.08099204763735e-09,1.80388473016271e-07,1.08431928085406e-07,-6.16904338934835e-08,5.90866282420422e-09,1.25010764840282e-10,-1.18749207038426e-06,-1.64054432237147e-07,-6.01663925850676e-08,-3.64149848007752e-07,-7.2233618912379e-09,-1.01971734070136e-09,-8.36311947242292e-08
"north_west","p_NC_weekend_65_79",-3.74672724146628e-10,-2.90234533974478e-08,2.45433961010745e-09,-2.6478990460038e-09,-2.7112713506744e-10,7.23918052849862e-10,3.57909067181968e-10,1.564813440698e-09,1.62308216779901e-10,2.46931904807795e-09,1.13213609759619e-09,1.07034480858933e-09,1.35727820900386e-09,1.94737729991861e-09,2.34550538680913e-09,-4.09282279694014e-09,1.18421990679743e-09,1.46629629915915e-09,2.10656508360716e-09,7.74749732688871e-10,1.61756257547043e-09,2.86448923544001e-09,2.22533307193888e-09,3.41365729767486e-09,3.03909284035846e-09,3.62970943402098e-09,1.09408344564221e-09,4.65636947021565e-09,3.74646983516001e-09,3.51579609529171e-09,5.38588892290906e-10,3.56154595389533e-09,3.19850013988896e-10,8.17282959123696e-09,-2.41229004878615e-10,1.03744549317706e-09,-3.09851808610322e-10,6.67808418682128e-10,5.78796824626583e-10,9.77653218087223e-10,2.84089949359552e-09,-2.5083532964712e-08,9.85520201427465e-11,-2.28667930511223e-08,-6.69199554200119e-08,-1.23105527967325e-07,6.78713978031026e-08,-2.93325978974288e-08,-8.83193606515019e-09,5.13819608674753e-09,-4.37489042924112e-09,-6.04925415177849e-08,-1.71945264843088e-07,-4.30005412065842e-09,-3.36167674739835e-09,7.92957118038363e-11,2.06705195536784e-08,3.45945445468162e-10,3.01795507694754e-10,5.19258359969545e-10,2.06140862329755e-10,5.22202686893122e-10,2.23426921849299e-10,2.10960496172444e-10,3.12273801324562e-10,8.26352630521685e-10,6.02265490335284e-10,8.00219574147125e-08,-8.04739805968996e-09,2.37131165147301e-08,6.23619580815047e-08,-3.19091655122373e-08,4.03183186399963e-08,1.53710967784494e-07,1.88769118234262e-09,3.53074338104217e-08,-6.18649705812071e-09,3.44037527026311e-10,-2.32444906663123e-06,3.84891470059544e-07,1.28906177368118e-09,-6.4944015916962e-07,-1.55108836751779e-08,4.54941872414993e-09,-4.1979422299808e-08
"north_west","p_NC_weekend_80_plus",3.40993831393094e-09,-9.67171815158351e-08,-1.42283003976999e-08,-3.80052293417161e-09,-4.1836135630165e-09,7.15268789306813e-10,4.71100675074981e-09,1.6209822638681e-10,4.60541307127519e-09,2.71883259336577e-09,4.31093085171569e-09,2.7853588129817e-09,3.05162220969684e-09,1.60711041516021e-09,6.97244654830044e-09,5.31717199108408e-09,3.20800970338428e-09,4.50164073729838e-09,3.51733455027367e-09,4.33413102781881e-09,4.69332373797992e-09,9.15741558270448e-09,7.88327221126894e-09,8.28501079380016e-09,1.06904866983397e-08,1.15573699666852e-08,4.13269744518486e-09,1.18732637867907e-08,1.49758991153805e-08,7.81245484101402e-09,7.79477978817172e-09,6.3620551440919e-09,4.01997037322689e-09,2.22063838921643e-08,-2.64282234480172e-09,7.47178688072438e-09,-4.91835804576243e-09,1.83543064370916e-09,3.10244821038908e-09,2.34141049349968e-09,7.31390187763101e-08,-1.04240715451852e-07,1.60998570954902e-07,1.11856517388685e-07,1.29795044818328e-07,-2.9194824173933e-07,6.38349529398468e-08,7.51641370995844e-08,-8.60286053202057e-08,4.43338555763596e-08,1.07373339091373e-08,-1.78898671192075e-07,-2.05402363038175e-07,2.80858539922122e-08,-5.56815842925052e-09,1.14075852313887e-08,1.82749183784061e-07,9.15473347866326e-10,1.02225975786745e-09,1.27428134924145e-09,8.21331388346562e-10,2.05034056787782e-09,6.83590128715912e-10,6.75887666734432e-10,7.56820962929035e-10,6.02265490335284e-10,7.28764378231641e-09,-8.8903491375313e-08,-5.63275505085471e-07,-5.02208192279122e-08,8.34513994425197e-08,-9.70350668360481e-08,6.88105164049532e-08,1.11744309094343e-07,3.01080377714567e-08,-3.50267936800809e-08,-1.99321989099948e-08,3.20923109705396e-10,-1.39108570471106e-06,-1.73477597874519e-07,-1.43590159394135e-07,-2.24619950219854e-06,-9.7659254293562e-10,-3.28319839504528e-08,-1.66606827335972e-07
"north_west","p_W_D",1.29656131366326e-07,-4.56447139384697e-05,-8.73983343465295e-06,-2.44410907820449e-06,-8.7133135226549e-08,-9.65206435837352e-07,1.26245852364072e-06,-1.17303152679085e-08,-1.23602388261135e-07,-3.36739916253533e-06,1.39056230988682e-06,-3.35477855635544e-07,8.84228683898127e-08,-9.7855450071357e-07,1.28109168842971e-06,-9.56025905028905e-06,4.1366414589313e-09,1.183548404568e-06,-2.56917431724473e-06,1.49511260661638e-06,2.98317945189629e-07,1.11796848855986e-06,-2.94662424908208e-08,3.28001050336845e-07,8.18899545363149e-07,3.46926225925981e-07,2.20551557971571e-07,1.80582676594793e-06,-1.41352847759875e-06,2.62265452350473e-06,6.04429591019136e-07,-5.95054498268027e-07,1.28094609803582e-06,9.94985900068507e-07,-2.18764241510805e-07,-6.53482581110964e-07,6.51548570123916e-08,1.1054021201115e-06,-2.31112677008222e-06,1.37469769129563e-06,3.17689473107007e-05,2.33538340410018e-05,-8.81975768933642e-06,-7.88608070428812e-05,9.4328537002948e-05,3.90422172032631e-05,8.3031395448711e-05,-7.31302453778866e-05,4.67489948833996e-06,9.59322386995265e-06,-1.43439017321227e-05,1.3792595116885e-05,3.59660316794805e-05,-4.96099211433015e-05,2.448674587084e-05,1.50218680954893e-05,-0.000227814169612599,-1.36447512804401e-08,-1.65056404681814e-07,1.60889883867353e-07,-4.96713787755809e-08,-3.32043292965149e-07,6.06735793896528e-09,-7.5785115410557e-08,2.93347481416925e-08,8.00219574147125e-08,-8.8903491375313e-08,0.00168665241480127,-1.16220824869223e-05,8.57003552916425e-05,-0.000118517660657777,1.16214310012662e-06,-6.30054805469135e-06,-5.56251614623593e-05,-3.98304677129603e-05,-9.87150629123407e-06,-1.03788673004122e-05,2.79293613455049e-07,-0.00142644995829155,-6.89545908158204e-05,-0.000169355388061708,-0.000449597266134937,-1.01683139929471e-05,-2.27207466837235e-05,6.60222623727793e-06
"north_west","rel_p_D_alpha",-1.37689240447905e-06,-0.000268141355044076,1.26017825951675e-05,-4.60845778592021e-07,-2.93789418670973e-06,-6.01528719451868e-07,8.62724995572954e-07,1.43206294354726e-06,-1.70128773482917e-06,-3.15422475545576e-07,-3.20071281920531e-07,-8.12259670474819e-07,9.67024238261794e-08,-7.49398233250315e-07,-1.31260133424438e-06,1.13563150893089e-05,8.83986290740571e-08,-2.56128302283242e-07,6.16798579415349e-07,-3.73613385563454e-06,8.81114044744919e-07,-1.75697443553252e-06,1.15403554113371e-06,-2.97005966067025e-06,8.48870418614966e-07,-2.89970876327401e-06,-2.23326927007356e-07,5.43178175341654e-07,-5.00954666199646e-07,1.03746248363518e-06,-2.18038665791533e-06,1.9177053744667e-06,1.71908176978813e-06,-3.64335690192024e-06,4.94251137293004e-07,-2.19444988529507e-06,6.91089168430723e-07,2.32265826673859e-06,-2.06614299340649e-06,-1.72416167167765e-07,-0.000163171590051942,-4.65832232587124e-05,-0.0016261235030156,-0.00103220302513876,-0.00066925513522357,0.000481199800370371,-3.31062263391244e-05,0.000124668452989732,2.11219811930034e-05,2.36380410512168e-05,-0.000188168584848105,-1.69584479337015e-05,-0.000188156704673898,1.92601092736908e-05,1.17249001670795e-05,1.0380268900084e-05,5.69361651393006e-05,-7.30685118710386e-08,1.25148166433031e-08,7.69304276647779e-08,6.82820131218673e-08,-1.50705581989397e-07,-1.07999451019985e-07,-6.22309063975316e-08,-2.42918241669622e-08,-8.04739805968996e-09,-5.63275505085471e-07,-1.16220824869223e-05,0.00402330831303434,-0.000619293774812637,-0.000198344081063285,-5.12560607511887e-05,8.33904418396847e-05,6.37868022671084e-05,-6.57644762775899e-05,-2.35048180569778e-05,5.27494452773533e-06,-1.54525171839075e-07,0.000746761834461192,5.67614606378219e-05,0.000177875439649698,-0.00053316811026994,1.11355993199162e-05,-4.48488321220302e-06,6.23185265018319e-06
"north_west","rel_p_D_delta",-1.65037953967541e-06,0.000150993458225263,1.52697891892778e-06,-9.11703929528233e-07,6.42671605020474e-07,6.02396771442996e-07,-5.48951995353656e-07,-1.14192803551504e-06,1.22583255654096e-06,-8.17772543346972e-07,8.11269669746394e-07,-1.63466149157073e-07,-3.21941097706865e-07,-1.2198796786565e-06,2.0410680363261e-07,2.68438761775619e-06,-1.93604331855098e-07,-3.4008343473256e-07,-1.30325498225322e-06,2.27165161595161e-06,-3.95394594226385e-07,8.44901712253704e-08,-5.50050690386192e-07,1.99920904266302e-07,1.36767585074697e-06,-1.16728987352628e-06,7.63343162281863e-08,-1.28696417688658e-08,9.86158318141768e-08,-1.70497976138554e-06,-6.4643935942108e-07,5.53329548412376e-07,-2.26679402417456e-06,3.69421273739372e-06,-4.14878410475428e-07,7.62199729599966e-07,-8.44467734103216e-07,6.14182213923427e-08,5.79184724683801e-07,-1.32884004138792e-06,-3.48357287962714e-05,-2.63756801882224e-05,0.000234997445127481,-0.000190301620734595,-3.64238519992002e-05,-0.0002102543179615,4.86844044000625e-05,-3.17305749584773e-05,2.12416341904194e-05,1.55664799495021e-06,7.75324758045579e-06,4.30445920273747e-06,-3.27708284241746e-05,1.83240336868367e-05,-2.70328373046191e-06,-2.55949992787585e-06,6.48803789146055e-05,4.00023244918239e-08,1.03818885021662e-07,1.02226628001673e-07,-4.49314410727507e-08,2.83296041671291e-07,3.28449435719747e-08,4.03416973098295e-08,5.95475641005938e-08,2.37131165147301e-08,-5.02208192279122e-08,8.57003552916425e-05,-0.000619293774812637,0.000640270138930952,-0.000212425040664009,-2.97304641348006e-05,-7.16638183397544e-06,5.69089247595022e-05,-4.28550378174043e-05,7.83459136723919e-05,6.37251881222485e-06,-2.80129405137731e-08,0.00202543975653867,-4.61821597842859e-05,0.000422272577369694,0.000531652702357115,2.19652735823032e-05,-7.95921862392039e-06,1.41234459714724e-05
"north_west","rel_p_D_omicron",-1.96013876710614e-06,-8.7404464479008e-05,5.80811353738726e-06,1.18447806657419e-06,2.14957793097862e-06,1.0320177380862e-07,-9.0879015570881e-07,8.45318540660485e-07,-8.16080891862426e-07,6.26522909874405e-07,1.76191793866976e-06,7.45041056744075e-08,4.25117995280749e-07,4.93364688340657e-07,-3.13249877429227e-07,6.06854988057208e-06,4.02871776563904e-07,-3.06168203244648e-07,1.5728828245275e-06,-1.55616624082189e-06,5.59253921421932e-07,-3.00282313359884e-07,3.49809336399631e-07,1.84862075117311e-07,-7.9271241275457e-07,8.68902331095387e-07,-3.90516257142405e-07,2.93191140574293e-08,-2.60949485010186e-07,9.7909657652463e-07,3.06553193330547e-07,-3.65505587291277e-07,2.85186242476866e-06,-4.4194331211914e-06,1.76357338751233e-07,3.82599259686514e-08,-2.58419243425018e-07,1.00429540213588e-06,-2.07861508242788e-06,9.49728843033955e-07,-1.63477210709412e-07,4.35744022295185e-06,8.54786271920442e-05,0.000206575151647096,-0.000349141156384455,4.13553566724674e-05,-6.15714169334257e-05,5.26794742289275e-05,-8.26464675858502e-06,-9.22431785947475e-06,3.42886651259952e-06,6.46553238630042e-07,3.72772416215494e-05,6.77593965628705e-06,1.64399015009816e-06,-6.57731814916481e-07,1.78011295199007e-05,5.2192309211499e-08,-1.13424901631112e-07,4.74051095170993e-08,7.93542530463143e-08,2.13585653139875e-08,5.0834719117247e-08,8.47466067112331e-08,3.66816144347548e-10,6.23619580815047e-08,8.34513994425197e-08,-0.000118517660657777,-0.000198344081063285,-0.000212425040664009,0.000596900524527191,1.03774103571435e-05,-1.38990593978943e-05,-3.82354953852198e-05,2.73294050048509e-05,-3.18565223895996e-05,5.43815832644377e-06,-1.16363074742983e-07,-0.00079425355633733,-0.000186828499904067,-0.000774002463823415,0.00109350268818881,-1.36663472335687e-05,9.55209571293927e-06,-1.89863184544942e-05
"north_west","rel_p_H_alpha",-3.95999764526996e-06,-4.7643529629451e-05,3.37258354519575e-06,-1.14418051447195e-06,5.17980064768209e-06,1.36040855068793e-06,4.31891616528105e-07,1.04489466187423e-06,7.22701621353059e-07,-3.0978404494425e-07,4.2750351795322e-07,1.27494272702126e-07,4.07318253333337e-07,-5.32865074365854e-07,1.65258201892173e-06,-6.67972909939164e-06,9.47866756048122e-07,8.92674038141681e-07,4.02896668662168e-07,1.41113636955762e-06,5.43813641103806e-07,1.66534446508478e-06,1.53784883840217e-06,-6.39785609615454e-08,3.67427107273726e-06,-1.06416039018862e-07,-1.86419283992522e-07,2.15506996935754e-06,1.864073724831e-06,9.44452772200211e-07,1.45155158671896e-06,7.67964768527647e-07,9.0958750272613e-07,-9.01673810289808e-07,6.89124544698305e-07,4.41990875433544e-07,-1.63376146217224e-07,1.48642693089833e-06,-1.50759912733938e-07,-1.25834636612635e-07,-6.45499766419085e-05,3.85094780308157e-05,-4.52528552779173e-05,2.8841168506946e-05,3.74057806132802e-05,6.45706304963629e-05,-0.00020534491905903,-1.11900529377653e-05,1.49905037219837e-05,2.37512198283805e-05,-2.48071136921949e-07,-9.5791566523042e-05,-0.000122741964187405,1.52345541688226e-05,-7.05243566954683e-06,6.76471853084767e-06,-1.9701142066655e-05,-1.08656495956456e-07,5.04832639903154e-08,4.57964749550736e-08,7.69952068662916e-08,3.31204911211937e-09,6.63009087296202e-08,-1.18652597348014e-08,-3.42218956624921e-08,-3.19091655122373e-08,-9.70350668360481e-08,1.16214310012662e-06,-5.12560607511887e-05,-2.97304641348006e-05,1.03774103571435e-05,0.000597522586224804,-0.000367834974898346,8.83427572856581e-06,-0.000315908050410084,0.000200995920010482,1.59431839762089e-05,3.52633994513635e-07,0.000373767618659822,0.000217389380139153,-0.000119986343998881,0.000971919455022303,1.04757678564513e-05,-3.85051976782728e-05,-1.58551347462033e-05
"north_west","rel_p_H_delta",7.52538019328925e-07,1.10793105194705e-05,-8.21456407417962e-06,9.37801372193668e-07,-2.81460060081091e-06,5.13430548772163e-07,-5.18366072044374e-07,-6.24426113468542e-07,3.86097094618895e-07,-1.51940752912611e-07,6.9886270413461e-07,4.11933761516206e-07,-6.15008560202607e-08,1.63721530272274e-06,-1.01700441751345e-06,-4.52040592602432e-06,-6.82995336244763e-07,-2.60413155254473e-07,-5.13705340737192e-07,-5.24428031654379e-07,-7.17952895736524e-07,-1.22124376303593e-06,-1.38594874763823e-06,-4.22644552334108e-07,-3.11894060086387e-06,-7.12152288646091e-08,1.03729717145351e-06,-2.4402101641383e-06,-1.5349078516478e-06,-1.28625795328843e-06,-1.06721533995401e-06,-6.89235120136268e-07,-2.59640607035912e-06,2.91861223073338e-06,-5.62264834794612e-07,3.6818615618527e-08,3.85492340579732e-08,-3.70567490109409e-07,5.93548770151329e-07,-4.54116490368478e-07,6.57891143482001e-05,-1.29172323583408e-05,4.66282814006558e-06,-6.00559754684438e-05,-9.59207518357598e-06,-4.64669653413331e-05,0.000181574785397428,-5.11472397496134e-05,-3.75451020382829e-05,-2.65957732452697e-05,-2.93411325708035e-06,7.40858563498673e-06,-7.80552366415911e-05,-6.17309068301149e-06,-1.61462049841093e-07,-8.16619031708724e-07,-3.12903503021668e-05,1.15129803013564e-07,-3.08412233675644e-08,-1.18934002730191e-07,-6.26103884688803e-08,-3.22569783899059e-08,-6.11993776023997e-08,7.56008032847927e-09,6.08099204763735e-09,4.03183186399963e-08,6.88105164049532e-08,-6.30054805469135e-06,8.33904418396847e-05,-7.16638183397544e-06,-1.38990593978943e-05,-0.000367834974898346,0.000445941236307947,1.49131034268974e-05,0.000221552761344849,-0.000218778898255032,-5.48192091572166e-06,3.2731017909273e-08,-0.00072601380972177,-4.02738685953008e-05,0.000162868567935577,-0.00109562564658281,-5.23908015166675e-06,3.45173797819353e-05,1.46426820172846e-05
"north_west","rel_p_H_omicron",-4.36990583258838e-06,-6.46638142300889e-05,5.74594269172833e-06,-1.33283062614028e-06,-4.68167812069726e-07,1.85124675192302e-06,-1.54191125231563e-06,6.35262161317411e-07,-2.4689650939601e-07,1.64899127340615e-06,7.21208697281645e-07,1.02656957057004e-07,4.40678378063565e-07,1.14015226882381e-06,1.95454804139572e-08,1.90872839194073e-06,3.59277037627054e-07,-2.7613563933131e-07,1.32509307441857e-06,-8.94701249526265e-07,3.50976514772142e-08,3.42987678228894e-07,1.21506510117377e-07,1.87340014561645e-07,1.84302071418684e-06,-1.56292593852506e-06,-6.48282823593516e-07,4.02798503021185e-06,2.50512771125985e-07,-1.0127928187585e-06,2.53749284039584e-07,-9.87249176068107e-07,-2.25834968401357e-07,3.79279854253934e-07,5.04425418907653e-07,5.57428116727884e-07,-5.1052356639988e-07,-1.56825880542469e-07,8.39347515349588e-07,-8.1773348125418e-07,9.28475498979943e-06,-9.11552043017859e-06,-2.69588426997665e-05,-4.92157787628375e-05,-3.72243796788847e-05,5.9544445054332e-05,1.81889411678815e-06,-5.87119723686179e-06,-1.4638476217942e-05,2.96520665378007e-07,-5.35646199750285e-06,-1.80026804281917e-05,-0.000697582312147329,-7.55549263477497e-06,1.11483497111617e-06,-9.42856184796414e-06,1.32894285067687e-05,9.53577805030706e-08,2.03109324792253e-07,9.15480756932443e-08,5.75969115596184e-08,6.03086179165108e-07,6.45035675927804e-08,1.59585584168638e-07,1.80388473016271e-07,1.53710967784494e-07,1.11744309094343e-07,-5.56251614623593e-05,6.37868022671084e-05,5.69089247595022e-05,-3.82354953852198e-05,8.83427572856581e-06,1.49131034268974e-05,0.000728686609455345,5.84192548229022e-05,5.88159501585998e-05,7.17374362896535e-06,1.03301741090073e-07,0.00011614050449605,0.000321842342454868,-0.000266696852872345,-0.00038544693252299,5.37083698682406e-06,9.19424769299659e-06,-1.22256730352375e-05
"north_west","rel_p_ICU_alpha",9.37743628541209e-06,4.46308553962255e-05,-8.22185221270242e-06,-2.10781775238238e-07,-2.07516320072011e-06,3.85009712744074e-07,-2.1275366938279e-06,1.16983334545823e-06,-1.13587718947703e-06,2.07905174993963e-06,-5.33181403990231e-07,1.14116837336604e-07,1.91839963012475e-07,1.07719107617952e-06,-7.11666850472638e-07,-1.6998498294448e-06,5.73258919391512e-07,-2.01674956337595e-07,1.65245342881078e-06,5.27430930220669e-07,4.02763327813279e-08,-1.81049544763928e-07,4.21013286405484e-07,1.27594941249131e-06,-5.94676859942389e-07,1.00014040042812e-06,9.47955102252813e-07,6.27837169817818e-07,-1.04209014635974e-07,1.08095847769589e-06,-2.0519694707802e-07,-7.72833905859658e-07,1.51716310678056e-06,-1.09502576624947e-06,-8.38683893047028e-07,7.14097816548692e-07,7.37936877784317e-07,-2.04656947096963e-06,2.09781465749038e-06,-5.1703036038956e-07,5.16256977484976e-05,-1.94543187414521e-05,0.000113098923194764,6.38811637297643e-05,3.7055898961566e-05,-6.41695169974001e-05,0.000153454134316582,-1.32986616348924e-06,-2.34792709539735e-05,-2.37562317658736e-05,1.05289427327703e-05,3.53616458389734e-05,-1.200272444998e-05,-3.75948981946498e-05,1.77724571688843e-06,-2.75526665572357e-05,4.03344600687722e-05,6.69618141201157e-08,9.40390167405641e-08,2.05807810807155e-08,-4.3480712897252e-08,1.62431524469698e-07,-1.08038468664926e-07,1.00120185899394e-09,1.08431928085406e-07,1.88769118234262e-09,3.01080377714567e-08,-3.98304677129603e-05,-6.57644762775899e-05,-4.28550378174043e-05,2.73294050048509e-05,-0.000315908050410084,0.000221552761344849,5.84192548229022e-05,0.000779153258913157,-0.000405878543672835,-2.20490999696028e-05,-7.47712747458487e-08,-0.00135683181102597,-0.000489404980899181,0.000102305993210003,-0.000637159433789931,-1.45945336008344e-05,5.02256172004356e-06,4.4813382644035e-06
"north_west","rel_p_ICU_delta",-4.12048975646139e-06,-4.16059423295667e-05,8.64162142734521e-06,-1.09087478261495e-08,-1.49105759427138e-07,-1.78642424850663e-07,9.83689102050132e-07,-5.68909235985673e-07,7.38507999341655e-07,-1.26440125058238e-06,1.42209447998808e-07,-9.94946598897539e-08,-5.02514936448464e-07,-3.87736919225991e-07,2.55936540173401e-07,6.66461746578965e-08,-3.09523440570197e-07,5.34148533381521e-08,-1.54969743632103e-06,4.33778506227367e-07,-2.65245236804584e-07,-1.70780834014684e-07,-2.79715232831663e-08,-1.49575888484336e-06,7.52184124834351e-07,-1.19266446811588e-06,1.23511327952792e-07,-1.71847408679905e-07,-1.9046592802219e-07,-1.0461896319082e-06,2.56129546331034e-07,6.83868069137447e-07,-1.32676224920452e-06,4.23293894990117e-08,-8.55745103746907e-08,5.43951594115333e-07,-6.06789217127758e-07,3.58229687867908e-07,-7.58932600516189e-07,-7.44855709588237e-08,-5.24511872957632e-05,-9.06481337005356e-06,-6.46082986012994e-05,-3.82643547621385e-05,-2.16265318237947e-05,4.92160394281727e-06,-0.00011073441656815,1.39737254951833e-05,3.60312770042227e-05,2.49568892186301e-05,-6.96211887287081e-06,-6.45519741255582e-06,-4.22451732530708e-05,2.49182976408161e-05,1.73963827911675e-06,1.6326623718293e-07,1.50329707297372e-05,-7.25872031376972e-08,-2.35151376659727e-08,1.27749351514652e-07,1.58722147085338e-08,-2.28405587862358e-07,6.29680392067221e-08,6.0669032383638e-08,-6.16904338934835e-08,3.53074338104217e-08,-3.50267936800809e-08,-9.87150629123407e-06,-2.35048180569778e-05,7.83459136723919e-05,-3.18565223895996e-05,0.000200995920010482,-0.000218778898255032,5.88159501585998e-05,-0.000405878543672835,0.000445721952637722,-7.06070616472472e-06,-1.59310247096121e-08,0.00146918954130758,0.000533359787332193,-0.000176045554123334,5.55566583075899e-05,1.67006212090696e-05,-5.13684287692224e-06,-4.62748359768938e-06
"north_west","rel_p_ICU_omicron",-9.0322423653912e-08,-1.41875454583438e-06,-1.1753349912988e-06,3.49175096703712e-07,3.89124397610284e-08,5.04983823742149e-08,2.61578748033422e-09,-1.04968196279514e-07,5.67427816498793e-09,2.58673761774084e-07,-1.06193943915484e-07,-3.13237201949774e-08,1.45025949577686e-07,-1.96527402950424e-07,1.31862382394246e-07,1.61339047361983e-06,3.23339354308616e-08,1.12330053108034e-07,1.63489185601288e-07,-1.00521176914875e-07,1.72838217213307e-07,-6.53373331904438e-09,1.66669180492784e-07,1.32004478056262e-08,3.3558390131683e-07,-2.40777961616323e-07,-2.7402239170155e-07,3.31240067080658e-07,-5.06881101292363e-08,-2.4277464095077e-07,9.14207655541074e-09,-1.74020857822651e-07,1.052481886924e-07,1.90771069652186e-07,1.2733800083388e-07,-9.46721540884633e-08,4.61395299551123e-08,2.35701857618856e-07,-1.94548968876041e-07,-4.05181014886843e-08,-1.29914254825356e-05,-6.09367969118743e-06,-4.51201392656659e-06,-1.02738397770258e-05,-8.74082155512699e-06,8.30622616123433e-06,-9.04262807750979e-06,3.48597635863719e-07,1.38709002509222e-06,3.06009556162846e-06,-6.84583149484475e-07,-7.10346833193264e-07,-2.25534557812159e-05,6.84861918642046e-06,-9.21103159655511e-07,9.88281380224178e-07,1.07565772760594e-05,-4.07320585474263e-09,-2.75961511708135e-08,-1.73690503260986e-08,-1.1714165707656e-08,4.68178680097641e-09,-6.83895581347791e-09,4.67401738465987e-09,5.90866282420422e-09,-6.18649705812071e-09,-1.99321989099948e-08,-1.03788673004122e-05,5.27494452773533e-06,6.37251881222485e-06,5.43815832644377e-06,1.59431839762089e-05,-5.48192091572166e-06,7.17374362896535e-06,-2.20490999696028e-05,-7.06070616472472e-06,2.33576651501284e-05,-2.86899567189093e-08,-0.000226075385686431,-8.05716249480117e-05,-1.42548812307132e-05,1.42621076762543e-05,-2.01233437301148e-06,-2.40168485807082e-06,3.52318323526718e-06
"north_west","rho_pillar2_tests",-9.2711345682226e-09,-1.11308671913015e-07,3.59254846834874e-08,-1.34830879141896e-08,-5.91083051407825e-09,5.31700298631148e-09,1.60196535969993e-09,4.31740517998271e-09,-1.16174519814374e-10,4.44015927322131e-10,1.25906909342227e-09,-2.44984122340915e-11,1.98954786178969e-09,2.31333551493277e-09,3.21120126802011e-09,-2.08719772157635e-08,-1.07893373275494e-09,3.67004013062661e-09,-5.92480949040672e-09,6.86307058607158e-09,-1.53694504172082e-09,4.36768009898052e-09,7.03494295059043e-10,4.9652518612953e-10,6.60242035528244e-10,1.12295520444004e-08,2.59932961395298e-09,-6.49302265445768e-09,6.6695266264354e-09,-1.15974548919444e-09,5.10283934402601e-09,-2.59802237821946e-09,-3.98056843874321e-10,1.19085310689931e-09,3.64605453785148e-11,1.72142003955926e-09,6.02527629910452e-10,-2.42686304801094e-09,4.78249063045228e-09,1.50148580537784e-09,2.45425114918052e-07,1.35618268130661e-07,-4.79551928477467e-08,1.68866234252145e-07,1.72464044260076e-07,2.06403267514675e-07,-6.41627096866955e-08,-2.20847234414752e-07,-2.63964613022843e-08,-5.8110586842734e-09,-1.95002440964183e-09,-2.1143218966905e-07,-2.50106230878362e-07,-9.12187350966374e-08,1.98375088488708e-08,8.93386436719046e-09,2.56715634971231e-09,2.50083569340625e-10,2.22467246667549e-10,-1.54019604020662e-10,2.96250397282837e-11,-1.93029328326692e-09,2.01323667675953e-10,4.33738326211043e-11,1.25010764840282e-10,3.44037527026311e-10,3.20923109705396e-10,2.79293613455049e-07,-1.54525171839075e-07,-2.80129405137731e-08,-1.16363074742983e-07,3.52633994513635e-07,3.2731017909273e-08,1.03301741090073e-07,-7.47712747458487e-08,-1.59310247096121e-08,-2.86899567189093e-08,8.56968821768725e-09,-6.51491693970347e-07,5.71725425653074e-07,2.86168935793912e-07,-4.52882080891952e-06,5.34378366987269e-08,1.61966696886832e-08,-9.1602555383836e-08
"north_west","seed_date_alpha",3.12789432973235e-05,-0.00229603633269826,0.000116786831473023,5.75694573082407e-05,1.80879185639634e-05,-2.36225931116795e-05,-1.55911669543216e-05,3.04232577532039e-05,2.83133059218459e-05,8.26727270578144e-06,1.35801399863282e-06,-7.6292878582699e-05,-0.000100917417046468,-0.000156142165899613,-9.67512423805207e-05,3.77845919144703e-05,-0.000102857657172578,-9.17800789107355e-05,-0.000161087785596775,-6.65361893531914e-05,-0.000114810454679657,-0.000117039055721639,-0.000139233136975592,-0.000149204176239541,-0.000177444750163695,-0.000148124092492356,-1.57589015817595e-05,-0.0001931651292834,-0.000176367919553781,-0.000184046082256805,-7.8748271844294e-05,-8.50860700232563e-05,-0.00014286224823227,-0.000108399315322541,-1.08159324416747e-07,-4.55401066283255e-06,2.6744236768588e-05,-3.17761954277548e-05,1.98420984489849e-05,1.10113214169039e-06,-2.89783006978971e-05,0.000824545166438277,-0.000703273865136918,-0.00134587640271662,-0.00111433090395143,2.50217973621261e-05,-0.00148762658331237,0.00077139466887556,0.000288794714318696,0.000758605730081952,-0.000200033150175002,0.000231249317521721,-0.000118185382873141,0.000375970122196589,-0.000203177207106866,-2.74914014309137e-05,8.59759923458804e-05,-1.19496271495702e-06,-2.31293712534929e-08,-3.12789585206186e-06,-6.64873105858451e-07,-3.25672052385373e-06,6.06908166283966e-07,-2.56146889632137e-06,-1.18749207038426e-06,-2.32444906663123e-06,-1.39108570471106e-06,-0.00142644995829155,0.000746761834461192,0.00202543975653867,-0.00079425355633733,0.000373767618659822,-0.00072601380972177,0.00011614050449605,-0.00135683181102597,0.00146918954130758,-0.000226075385686431,-6.51491693970347e-07,0.570693640451649,0.010030941965819,0.0114709391360718,0.00612086623728455,0.00529186695666629,-0.000370591905998438,0.000526765341059614
"north_west","seed_date_delta",-3.26902230979706e-05,0.000110194969894708,-4.56996984546622e-05,3.80034535119659e-06,-7.94062820478121e-06,4.66450878853238e-06,-2.94895411549332e-06,2.88491703488285e-08,3.23143274420877e-06,-7.48082276820575e-07,-5.62040731432633e-06,-2.37897832969937e-06,-2.19239024293889e-06,-5.55221520549919e-06,1.77573497288297e-05,-4.60785416507236e-05,-2.1826169588126e-05,-6.16530837230186e-06,-2.4918809683821e-05,-4.99907003943349e-06,-1.69345737874209e-05,-1.16146016895067e-05,-2.24238482456003e-05,-1.24687476466768e-05,-2.68536495012044e-05,-1.09396747864908e-05,1.6678307996198e-07,-2.44792082757564e-05,-1.85330870141992e-05,-2.2649935266701e-05,2.11009117104034e-06,-2.48711638520289e-05,-2.67997253908298e-06,-3.24610994398928e-05,-1.3142991954721e-06,5.60788045584339e-06,-7.4408041638894e-07,-1.04100171389715e-06,-3.10974724528125e-06,3.14789166859274e-06,0.000364402512043491,2.60548629683362e-05,-0.00010881723500178,0.000136504578805352,0.000132436429005629,-0.000287021108958044,-0.000278011548878897,-2.89102006133671e-05,1.15020813592929e-05,-2.58147421299339e-05,1.3550772243231e-06,-7.87774216151695e-05,-0.000397636316795813,-0.000100143218983446,1.79628382999925e-05,-7.24837394662646e-06,-0.000612464507725725,2.93768893300017e-08,4.20337834853319e-07,1.27009999795833e-07,-3.62432708376131e-08,1.76922732600406e-06,6.70729182380077e-07,1.99986117449011e-07,-1.64054432237147e-07,3.84891470059544e-07,-1.73477597874519e-07,-6.89545908158204e-05,5.67614606378219e-05,-4.61821597842859e-05,-0.000186828499904067,0.000217389380139153,-4.02738685953008e-05,0.000321842342454868,-0.000489404980899181,0.000533359787332193,-8.05716249480117e-05,5.71725425653074e-07,0.010030941965819,0.0369230582099695,-0.000645637414800214,-0.00648839189710012,0.000186189782244663,0.000582353449346971,-0.00012241812501749
"north_west","seed_date_omicron",-1.4088802819873e-05,0.000165701156832035,-4.19938332876703e-05,-1.68061884385578e-05,1.68706417094223e-05,9.23351584892825e-06,-8.06188084776369e-06,-4.62460760761837e-06,9.15791783588803e-06,-1.18013731244075e-05,9.491134232346e-06,-2.40305584515955e-06,-1.56476190615028e-06,-5.96642069399944e-06,-2.6837544150562e-06,-6.8438729323394e-05,7.95569447508548e-07,-2.48983708279626e-06,-7.7956749786211e-06,8.7167128004163e-06,-6.01274664203686e-06,1.3595984769695e-06,-4.50664536100561e-06,2.10434739125678e-06,-4.06669838548403e-06,3.7596903576604e-06,-7.59319744497795e-08,-1.49878093693859e-05,1.1512343138295e-05,-7.27871349047456e-05,-1.43981816610324e-05,-3.89908024977043e-05,-4.34007638642208e-05,-2.63276106652758e-05,3.25739662299134e-06,-4.89000162666004e-06,2.22730929789708e-06,-2.69696530084934e-06,7.11832102284924e-06,-1.14939004195403e-05,-0.000111757794418095,-9.67827219996884e-05,-0.000349008151962654,-0.000378154539483673,0.00028696939885421,0.000157181173651443,0.000353523241255378,-0.00033944494692899,0.000113440659418827,-2.83764551020449e-05,1.99506881447369e-05,-4.95628715781297e-05,7.8797057595561e-05,0.00013159642694711,7.81435290047295e-05,7.16263322829403e-06,-0.00029361170649585,3.35824167512233e-07,-2.41405336625963e-07,-1.40734401465997e-07,-1.45991434533963e-07,-9.04724752360156e-07,2.71528803259236e-07,6.8370243787075e-08,-6.01663925850676e-08,1.28906177368118e-09,-1.43590159394135e-07,-0.000169355388061708,0.000177875439649698,0.000422272577369694,-0.000774002463823415,-0.000119986343998881,0.000162868567935577,-0.000266696852872345,0.000102305993210003,-0.000176045554123334,-1.42548812307132e-05,2.86168935793912e-07,0.0114709391360718,-0.000645637414800214,0.0331483047298207,0.00372404586403864,0.000136592039236111,-3.54969338606389e-05,0.00110568865727192
"north_west","start_date",7.87800250870467e-05,0.000610055439327528,0.000121971220503713,6.83104091712029e-06,0.000392893488139857,-2.10383741744999e-07,-8.72538855094813e-06,1.05432834473417e-05,-1.63127932926544e-05,1.98880078090574e-06,1.03775871954725e-05,-2.26448328618262e-06,-1.220035942559e-06,-8.13169222329487e-06,7.11991697079937e-07,-0.000191315350697058,-2.50929685380519e-06,8.06312243757618e-06,-1.24602385658554e-05,2.24875972059376e-05,-4.89479960678605e-06,9.79053636606068e-07,-4.08657435303367e-06,1.06958567567069e-05,-7.54367682962408e-06,-5.98164319843826e-06,-8.08950224412407e-07,5.26996796921169e-06,1.72646855400381e-06,-2.03805241005361e-05,-1.04491934900373e-05,-1.98768311377793e-06,1.04445834754135e-05,-1.50511503130914e-05,-1.258564324965e-06,-8.23005121288898e-06,9.14413649298216e-06,9.69696354668126e-06,-1.19216052460384e-05,-1.84709551633226e-05,-0.000548621633009034,-0.000411958514830441,0.000369531859015661,-0.000324707460112877,-0.0011669384031978,-0.000219962779196004,-7.12677843854008e-05,0.000346431603023732,-2.70612302871862e-05,-0.000109003782186473,-5.07737816139912e-05,0.000178592768432712,0.000500515395008702,0.000419129967667519,-0.000189772097429174,4.23843928001857e-05,-0.000184694945812652,-1.63089386841698e-06,-1.51684202410118e-06,-3.38487557904569e-07,-4.24731533242344e-07,-4.08356871347512e-06,-2.30931909372286e-07,-6.09116025063097e-07,-3.64149848007752e-07,-6.4944015916962e-07,-2.24619950219854e-06,-0.000449597266134937,-0.00053316811026994,0.000531652702357115,0.00109350268818881,0.000971919455022303,-0.00109562564658281,-0.00038544693252299,-0.000637159433789931,5.55566583075899e-05,1.42621076762543e-05,-4.52882080891952e-06,0.00612086623728455,-0.00648839189710012,0.00372404586403864,0.147640253900869,-7.16488098661404e-05,-0.000285046602373605,0.000398711004449371
"north_west","ta_alpha",-1.85129314758449e-07,-3.13855799881994e-05,1.15280095427573e-06,4.14954746132709e-07,-4.62069269574061e-08,1.26056270147231e-07,-1.17176747261225e-07,8.31925205667135e-08,5.10907787285846e-07,-9.02883850291299e-08,-1.67003309494703e-07,-8.11185686070146e-07,-9.33767066718388e-07,-1.53260171439325e-06,-7.65259210374512e-07,1.10402174548643e-07,-1.06930997338317e-06,-8.55837272508557e-07,-1.62231768320274e-06,-5.72510861836075e-07,-1.1524020242671e-06,-1.00633059992622e-06,-1.38898303505036e-06,-1.30045761136995e-06,-1.76592642279178e-06,-1.24408134987211e-06,-7.11199755737322e-08,-1.85770570589704e-06,-1.61324233697784e-06,-1.7574855715618e-06,-7.2377633137265e-07,-8.89737401904414e-07,-1.28154443927444e-06,-1.43972185138028e-06,-2.24492066254885e-08,4.34929603010995e-08,2.64873719392269e-07,-3.72761798282428e-07,4.63988076660398e-07,-1.96270509170306e-07,9.83686197772229e-07,5.616790585751e-06,-1.50511892329072e-05,-1.57785539984163e-05,-1.21988999054954e-05,-4.07908005125243e-06,-1.50542567367036e-05,1.52820785897744e-07,4.27375446451947e-06,9.28461363633759e-06,-2.19371467519206e-06,-4.00838982864023e-06,-9.61666350837745e-06,3.94738264091522e-06,-2.55791895303387e-06,-4.5198933861347e-07,-2.57178669017895e-06,-4.17132027746094e-10,2.44563267268314e-08,-1.45894916895372e-08,6.05791653950549e-09,-5.17997008076929e-08,1.23773391579021e-08,-1.58103660132092e-08,-7.2233618912379e-09,-1.55108836751779e-08,-9.7659254293562e-10,-1.01683139929471e-05,1.11355993199162e-05,2.19652735823032e-05,-1.36663472335687e-05,1.04757678564513e-05,-5.23908015166675e-06,5.37083698682406e-06,-1.45945336008344e-05,1.67006212090696e-05,-2.01233437301148e-06,5.34378366987269e-08,0.00529186695666629,0.000186189782244663,0.000136592039236111,-7.16488098661404e-05,5.50978736776417e-05,-3.10059419343186e-06,2.65942427517131e-06
"north_west","ta_delta",-1.25846814149644e-06,9.26331293643162e-06,-2.68805883839906e-06,3.56575422969878e-07,-1.10512071096961e-06,1.31552396999555e-07,-1.35353065345586e-07,-2.83578082531783e-07,1.47436085243515e-07,-3.7709876099103e-07,-5.71852873513682e-09,1.02584678772013e-07,-1.16521605272031e-07,1.53267848499669e-06,-1.21106258982519e-06,1.51972779831137e-06,-1.09063920703447e-06,-9.60531789133982e-07,-9.33289358894583e-07,-1.20046071318635e-06,-9.84600125341789e-07,-1.30782269318468e-06,-1.28344218441165e-06,-1.15651505692175e-06,-2.08300345232602e-06,-1.10108672180434e-06,-6.11500730475916e-08,-1.70304245721384e-06,-1.93433031726322e-06,-1.54848364514484e-06,-6.25900016348074e-07,-1.36307077204779e-06,-6.11628001511132e-07,-1.72559011799628e-06,-1.43063390653295e-10,-8.0821702025853e-08,2.85262197288777e-07,-4.76997084857432e-07,7.10279266155335e-08,-8.75912653379459e-08,6.71622088966363e-06,-3.14380827934443e-06,-2.01767497403799e-06,2.50188910061296e-06,-1.2324769953611e-05,1.240781805166e-05,-5.58192841547398e-06,-1.65386688349785e-05,-6.091785473093e-06,-6.3733444931951e-06,4.2393091142383e-07,6.16094848768984e-06,-6.34567608217194e-06,2.44287238716524e-06,8.0872197557725e-07,-9.8085600392091e-07,5.14723118757193e-06,6.87230472668626e-09,1.64057466698563e-08,-1.13153986334065e-08,-2.13327819542593e-08,5.84610085771629e-08,-1.01239506934155e-08,-4.30866830209504e-09,-1.01971734070136e-09,4.54941872414993e-09,-3.28319839504528e-08,-2.27207466837235e-05,-4.48488321220302e-06,-7.95921862392039e-06,9.55209571293927e-06,-3.85051976782728e-05,3.45173797819353e-05,9.19424769299659e-06,5.02256172004356e-06,-5.13684287692224e-06,-2.40168485807082e-06,1.61966696886832e-08,-0.000370591905998438,0.000582353449346971,-3.54969338606389e-05,-0.000285046602373605,-3.10059419343186e-06,5.58728537290307e-05,2.66960170558896e-07
"north_west","ta_omicron",6.31323091265162e-07,4.60347960919065e-06,8.03549625170528e-08,-2.56061741330269e-07,6.03197998935215e-07,1.45689752469622e-07,-7.02388799698832e-07,-3.45955497980251e-07,-3.42700528306169e-08,-1.07308794644731e-06,2.04497511172514e-07,-2.531448089404e-07,-4.13221844583926e-07,-4.86318730444358e-07,-7.71361520988537e-07,-1.22683090307811e-06,-3.39565745440131e-07,-3.70882977319113e-07,-8.74041298083776e-07,-6.78712118092969e-08,-7.06119723232663e-07,-8.24216285903476e-07,-9.74036688642715e-07,-9.89779853544725e-07,-1.05496128299836e-06,-1.55804592785056e-06,-2.36546859219256e-08,-1.00128831567698e-06,-1.87830172623758e-06,-4.32803258744678e-06,-1.24670604225767e-06,-2.30443430985083e-06,-2.90671551589013e-06,-1.75367166123286e-06,-5.28177319826546e-08,-3.96718652896733e-07,2.16422004072288e-07,-2.64280843388385e-07,-1.39948133099245e-07,-6.9795623978231e-07,-9.16542738397849e-06,-1.52992902124759e-06,-5.45567290808703e-06,-9.34584029608369e-06,3.46608602722625e-06,2.27909904278832e-05,4.71085212767714e-06,-6.23655776861484e-06,6.34520884258676e-06,-2.85095024974048e-06,3.37189967569677e-07,2.17827096564622e-05,9.27705701100247e-06,7.32526564722102e-06,2.51408545913611e-06,-3.48862379223175e-07,-1.42735260982569e-05,-6.22743946162291e-08,-1.25903644759016e-07,-1.25466777807222e-07,-9.17051430757814e-08,-1.66588941779119e-07,-5.09815795828259e-08,-5.03240107351645e-08,-8.36311947242292e-08,-4.1979422299808e-08,-1.66606827335972e-07,6.60222623727793e-06,6.23185265018319e-06,1.41234459714724e-05,-1.89863184544942e-05,-1.58551347462033e-05,1.46426820172846e-05,-1.22256730352375e-05,4.4813382644035e-06,-4.62748359768938e-06,3.52318323526718e-06,-9.1602555383836e-08,0.000526765341059614,-0.00012241812501749,0.00110568865727192,0.000398711004449371,2.65942427517131e-06,2.66960170558896e-07,6.9506617192188e-05
