"region","name","alpha_admission","alpha_D","alpha_death_hosp","alpha_H","beta1","beta10","beta11","beta12","beta13","beta14","beta15","beta16","beta17","beta18","beta19","beta2","beta20","beta21","beta22","beta23","beta24","beta25","beta26","beta27","beta28","beta29","beta3","beta30","beta31","beta32","beta33","beta34","beta35","beta36","beta4","beta5","beta6","beta7","beta8","beta9","mu_D","mu_D_2","mu_D_3","mu_D_4","mu_D_5","mu_gamma_H","mu_gamma_H_2","mu_gamma_H_3","mu_gamma_H_4","p_G_D","p_G_D_2","p_H","p_H_2","p_H_D","p_ICU","p_ICU_2","p_ICU_D","p_NC_15_24","p_NC_25_49","p_NC_50_64","p_NC_65_79","p_NC_80_plus","p_NC_weekend_15_24","p_NC_weekend_25_49","p_NC_weekend_50_64","p_NC_weekend_65_79","p_NC_weekend_80_plus","p_W_D","rel_p_D_alpha","rel_p_D_delta","rel_p_D_omicron","rel_p_H_alpha","rel_p_H_delta","rel_p_H_omicron","rel_p_ICU_alpha","rel_p_ICU_delta","rel_p_ICU_omicron","rho_pillar2_tests","seed_date_alpha","seed_date_delta","seed_date_omicron","start_date","ta_alpha","ta_delta","ta_omicron"
"north_west","alpha_admission",0.000103014942449524,2.96735688795913e-05,-4.48555636280082e-06,-1.31836901768239e-06,2.13196135281131e-06,1.09733970767954e-07,1.12811695509869e-07,3.86452734923911e-07,-8.34844798315776e-07,-3.02629943868884e-07,3.8917753661633e-07,-1.76006008447724e-07,-2.40085987859447e-07,1.60704336027664e-07,-7.94010831485469e-07,-1.00045196062152e-05,6.4738469147893e-08,-6.28674163779532e-07,1.30670149778435e-06,-2.33519477981462e-06,5.68809611699825e-07,-1.20561380030576e-06,-1.74818331971354e-07,-5.46171272878163e-07,-4.13014626024797e-07,-5.04676075244942e-07,1.01507462783582e-07,-1.25315280353172e-06,-5.2623644292102e-07,-1.18335705362166e-07,-2.71791726419607e-07,5.23912432899319e-07,-1.314435747379e-06,3.47779094089752e-06,-2.18314906597317e-07,5.25901876694252e-07,-4.92221064147681e-07,2.94176861781693e-07,-5.71910232400328e-07,-3.58743178921541e-07,3.89493294591614e-05,1.58172590955585e-05,1.44102546279181e-06,-5.41881477581663e-07,2.06731822355614e-05,-1.54238542942415e-05,-1.81789780114714e-05,-1.93604989179994e-05,6.29165651068294e-05,-3.5132870330152e-05,2.61327909797246e-06,4.82934360237675e-06,5.07806247193522e-05,-1.10969866837595e-05,-3.87086278626633e-07,2.21179609688654e-06,1.21875406576033e-05,-2.93047423662537e-08,-6.12972492203764e-08,4.39444837904301e-08,-6.16969452158952e-08,1.44758159702741e-07,4.79870053808735e-08,-1.38072752637672e-07,-1.83720278329538e-08,7.07896555520296e-10,-1.90261477181861e-07,1.772748992578e-05,-3.05765097348219e-05,0.000105971576813194,-3.96273675158797e-05,3.95578528709303e-05,-7.70234325302533e-05,-6.1404669583825e-05,-4.25690864648694e-05,0.000109728025952904,-9.10973990069672e-06,1.66070703518754e-07,0.000220496084889808,3.07955354678068e-05,-0.000149607027901605,0.000422287565836396,5.79793786639484e-06,2.44952997602178e-06,5.4609395734184e-07
"north_west","alpha_D",2.96735688795913e-05,0.000494787400362297,-4.03955529843595e-06,5.57661938354345e-07,-1.62494394938047e-06,4.05758786248569e-07,-2.01587408682362e-06,1.60749488627605e-06,-1.92695175987057e-06,2.60603317412027e-06,-1.65574590883957e-06,-4.76656871291307e-07,-7.66760680441731e-08,-7.64016624852291e-07,-5.94366535478967e-07,4.7032706051619e-06,4.94706705699601e-07,-5.6339872100158e-07,7.03532688203945e-07,-2.0160694408995e-06,6.32265591373631e-08,-6.44825655333931e-07,2.27462094114103e-07,-1.89658170418961e-06,1.48725904757591e-07,-4.3619815702199e-07,-1.95069025468871e-06,-1.34087355704697e-06,-2.85272428022707e-07,-4.29901909968259e-07,-8.99946310645875e-07,2.21243818160328e-06,-1.85046316010044e-06,2.87138532002494e-06,1.12342476458393e-06,-1.12961210344108e-06,-5.10686802747069e-08,1.12286641794771e-07,-1.81770096255372e-08,-2.66975953718036e-07,8.26907235071258e-07,-2.15327278057233e-05,0.000100245524136354,-5.01266799814926e-05,6.78888398821798e-05,-7.13586793949921e-05,2.07617020877805e-05,-4.4396000511424e-05,-2.29234144946845e-05,-1.06955374077877e-05,1.16245621043928e-05,1.40067794732373e-05,4.95067807105958e-05,-2.46614997185802e-06,3.11518920921569e-06,1.4281770565832e-06,4.27664400440524e-05,-6.06341376943743e-08,-5.94146747835695e-08,3.78830398673572e-08,-7.86845561755136e-09,2.43795998384707e-08,1.29100853865811e-08,-6.15991559838775e-08,-1.20879338414617e-08,-6.90137939973257e-08,7.19845921902315e-09,-1.32942713033789e-05,-0.000290638835539241,0.000222509455179691,-8.95586269957354e-05,-2.06798335497649e-07,2.46942132563809e-05,-5.70936637199814e-05,-2.18559437005866e-05,-3.51887498011858e-05,3.00336754637036e-06,-2.23164014751813e-07,0.00080193319537706,0.000842983580865392,-0.000162982153225744,-0.000652310062249334,6.86387071270354e-06,-8.21438443148824e-07,2.44982494535075e-06
"north_west","alpha_death_hosp",-4.48555636280082e-06,-4.03955529843595e-06,1.80222492434866e-05,2.16098211501858e-07,-7.99150852609015e-07,-1.29248628642819e-07,-2.09235722801097e-08,1.02034621329493e-07,-1.41689615581248e-07,3.00527626900437e-07,-5.03064677278812e-07,2.24668732280163e-08,-2.19704322634909e-08,-1.47344373340577e-07,9.66844286720954e-09,2.46652022992169e-06,4.96176441886e-08,-4.08454418603023e-08,-1.838988442552e-07,4.25280193596915e-07,-2.12299002077535e-07,1.89729026026745e-07,-1.25092032227533e-07,-5.90501674554655e-08,-5.17583562660013e-08,-7.64906596606307e-08,4.34881766404136e-07,9.0359432654234e-08,-1.52727925872575e-07,-3.11266582960068e-07,-4.41412889066599e-08,-2.44549050044162e-07,-5.88586256472785e-08,-1.6238332274164e-07,-2.74803573649408e-07,1.481714797915e-07,-4.81691770026852e-08,1.06843011112467e-07,-3.22386572101701e-07,3.14495036907697e-07,5.93941197100785e-07,1.2273975844388e-06,-9.29922884313407e-07,-1.28692083652412e-07,1.42395621975542e-05,1.84204337802639e-06,-1.83232919873663e-06,1.30657093907803e-05,3.92351266661953e-06,8.52156940777619e-06,-1.27985374182343e-06,3.95992864422897e-08,-2.56764766616135e-06,8.19229368621112e-07,8.334773810936e-07,8.06914191089175e-07,1.17253205389923e-05,-1.59101738399648e-08,-1.30324097211884e-08,-2.28305310503245e-08,3.32170091942538e-09,-7.61868252907305e-08,-1.93092317309043e-09,2.34165696000414e-08,-1.59780108280357e-08,-8.56016407403145e-10,1.67039873210603e-08,1.59861433005946e-05,2.60974521703989e-06,-5.89056339838643e-06,2.34492566347938e-06,-9.2435622857837e-06,5.47002842651986e-06,3.34867130646244e-06,2.93399174646432e-06,-3.88771061355887e-06,6.10968861776795e-07,-5.23998448591597e-08,0.000123214853095434,2.99219886684249e-05,-3.41862059644456e-06,-9.26617145490401e-05,1.16939748769018e-06,-1.75287351654325e-06,2.97573032239886e-06
"north_west","alpha_H",-1.31836901768239e-06,5.57661938354345e-07,2.16098211501858e-07,1.00644445156331e-06,4.353238501407e-08,-5.02097985785695e-08,8.67142645569613e-08,-3.70215758942916e-08,1.14430992906431e-08,8.68834377248862e-08,-9.62660843301096e-08,1.9649322740049e-08,4.19257311429497e-09,-1.99435273867993e-08,1.41954776655762e-08,-1.3728813117575e-07,2.15445962032671e-08,5.50977879258077e-08,-1.16899063388841e-07,1.81069874033014e-07,-5.53026126041149e-08,9.0062998107746e-08,-5.44463106044384e-08,8.36978464943551e-08,-2.38168824579126e-08,4.84293099768464e-08,-7.67465428456085e-08,1.60895600657799e-08,3.33903884243634e-08,1.05609583643141e-07,2.65778658865529e-08,-4.22677318906876e-08,2.04583119141762e-07,-2.26336348016499e-07,3.15638122586265e-08,-1.9158679335458e-08,1.298705147815e-07,9.02721241297622e-09,-7.40118959597101e-08,-2.74519191608575e-08,8.61557451931295e-07,1.72365730399115e-06,8.53904023410989e-07,5.73424189347144e-07,-1.17625560923367e-06,2.50959625337505e-06,1.50108521083313e-06,1.53832098381125e-06,-6.72629207366345e-06,1.49551111435462e-06,-2.85515578314053e-08,-1.23825668693846e-06,-2.75589897935162e-06,1.45786209941008e-07,1.17518579873526e-08,-3.99645643643577e-09,-3.76476683711426e-06,4.6915592909504e-10,-4.24721684515725e-09,-1.95972210727711e-09,-9.71484606607788e-10,-2.55691843054173e-08,-3.11568436909581e-09,1.13363276027084e-09,4.28191728248255e-11,-1.7379369049676e-09,-2.19061502666585e-10,-6.10898848635825e-07,-1.38567728823206e-07,-6.94496598308553e-06,2.56596230644885e-06,-2.39554217257243e-07,7.01310198951967e-06,2.7596325222974e-06,1.98210569928361e-06,-7.98712160932528e-06,2.00974713989137e-07,-1.58003685116793e-08,-3.78726138367047e-05,-2.91887852633456e-06,-1.24767115666241e-05,-2.08641463404471e-05,-5.41190807386218e-07,-6.9657531140376e-07,-9.28568589727106e-07
"north_west","beta1",2.13196135281131e-06,-1.62494394938047e-06,-7.99150852609015e-07,4.353238501407e-08,1.39684022667215e-06,-6.81134771882891e-08,5.53463523980995e-08,-7.3305920824367e-09,-8.60220516219539e-09,-8.08789542307099e-08,1.43382347964134e-07,-2.45949411996095e-08,2.75584633603347e-08,-4.19243934412513e-08,3.74673405530535e-08,-2.30256004136516e-06,-3.643870444672e-08,-1.32232839245847e-08,2.2960578954688e-08,-3.38481121906121e-08,4.63394420124245e-08,-1.07961363069774e-07,2.19207431132128e-08,3.67074999405965e-08,-7.74002924338799e-08,-1.29662491138348e-08,-1.92625691180269e-08,-5.98497884178412e-08,4.05789752619076e-09,-6.81245235772143e-08,5.53590000518455e-08,-1.75133755610625e-07,1.70937517964224e-07,-3.11710495976161e-07,2.15467840320836e-08,-4.41044216625342e-08,5.19078567549773e-08,8.57512110352186e-09,-6.7409445703336e-09,-4.50668678992747e-09,1.19236877504299e-06,2.21884059763525e-06,2.21470246449784e-06,2.87269280996676e-06,2.94835722137642e-06,3.61448061026878e-06,5.82855704169907e-08,2.41076304220354e-06,1.36769076268276e-06,-1.94907072141339e-06,2.52722421852215e-07,9.63283549021764e-07,3.80046375713441e-06,-1.46192704667794e-06,-3.01200884546646e-07,1.07480431662441e-08,-1.01356035170922e-07,-3.06970179667506e-09,-8.52379155411435e-10,1.37858463156895e-09,-5.34570368770625e-09,4.09191783894286e-09,5.59287023352054e-11,-6.85671910884038e-09,-2.16036389606974e-09,-1.68020812900047e-09,-1.03293581592628e-08,-3.50370680299053e-06,-3.47896177121853e-06,4.20120767041855e-06,-3.90906221467511e-06,-7.2983475026884e-08,-3.92027870796328e-06,-7.13458985526352e-07,1.82227529544969e-06,2.52815338725562e-06,-1.12268665956962e-06,4.95489093950357e-09,-5.76284659162318e-05,2.59216751765477e-05,1.93217855452067e-05,0.000427897189006464,-6.08146218553084e-07,7.7753082641683e-07,6.52137581386895e-07
"north_west","beta10",1.09733970767954e-07,4.05758786248569e-07,-1.29248628642819e-07,-5.02097985785695e-08,-6.81134771882891e-08,1.80229137633601e-07,-2.24745829176516e-07,7.93775587848664e-08,-1.93210460726811e-08,2.32721143409595e-08,1.80448649552883e-08,-1.16789043999789e-08,-7.6152189593534e-09,-2.97897773489281e-08,-2.79774207714884e-09,2.62260876970779e-07,-4.57339496041338e-09,-8.44264027811784e-09,-7.4855329494644e-09,-7.61904706824036e-09,-1.01003635559195e-08,5.25048724926949e-09,-2.21870783459684e-08,1.39681245976658e-08,-3.26492166605777e-08,1.94612881704485e-08,6.54480970297729e-09,-1.8145866022109e-08,1.83845270664093e-08,-2.85722870922306e-08,9.46252508954515e-09,1.04237558177186e-08,-3.67050372241546e-09,4.8376496394136e-09,-8.04637917171948e-09,1.64261626770828e-08,-1.42878272389883e-08,-1.69729237640795e-08,1.17323581172455e-07,-1.73316868260091e-07,9.69218900276658e-08,-1.85401620456248e-07,3.70659950287364e-07,-4.46946940698727e-07,6.60348704100088e-07,-3.96475896256532e-07,-1.65268202697301e-08,2.93632526529288e-07,-1.24805027091744e-08,-8.13319430771587e-08,1.66431617024509e-09,-3.20733888300154e-07,-2.36003467935282e-06,6.00180715677122e-09,-1.91628327886658e-07,8.70105635921975e-08,-4.22294732697211e-07,-6.46746855548618e-10,9.92361831192879e-10,3.76165059826618e-09,1.92491801668082e-09,7.38877619750656e-09,6.57268775528505e-11,3.82354122706099e-09,-4.14589273839563e-11,2.70775057769981e-10,1.77200495473344e-10,2.21774250341166e-06,-7.78139141980333e-08,8.91108048694228e-07,-7.5093322557971e-07,-2.82528903371295e-07,1.70495549921629e-07,1.970949265447e-06,-3.49535092350449e-07,-6.77290024101525e-08,-1.38819876469482e-08,-2.76315864469887e-09,9.05599314558833e-05,5.16830494246297e-06,-2.28058394109172e-06,-1.9469696807036e-05,9.59633838103064e-07,-3.17274915282282e-07,-3.27352907988094e-07
"north_west","beta11",1.12811695509869e-07,-2.01587408682362e-06,-2.09235722801097e-08,8.67142645569613e-08,5.53463523980995e-08,-2.24745829176516e-07,5.76956763384652e-07,-2.99579402502195e-07,1.29322615195597e-07,-3.77467150600433e-08,-7.97839974590642e-09,4.56028684021985e-08,3.07618344902299e-08,9.69705081842901e-08,2.95577587952128e-08,-2.13958246165671e-07,3.19910782811305e-08,3.67573376742195e-08,4.95449667887659e-08,5.40400692949138e-08,4.48325485881431e-08,3.17631778569576e-08,8.49015559139606e-08,1.84707339476991e-08,1.35719602248687e-07,-4.06052693367916e-09,-1.89844221416362e-08,1.04176236818056e-07,3.28826829151587e-08,9.50002104124728e-08,1.59370399975781e-09,-3.43543302256556e-09,8.34865523952759e-08,-1.50980319598747e-07,2.03975517776902e-08,6.85304320934515e-09,1.77723223604896e-08,2.23317904984782e-08,-9.71400396898978e-08,1.77330113871687e-07,2.1800904859156e-07,2.47759699010231e-06,-9.23471658334044e-07,1.80843005713006e-06,-1.72884241199318e-06,4.50150290658946e-06,9.64132676640455e-09,2.36149050757728e-06,3.62655111286286e-06,-1.70775235167324e-07,-2.28299129506845e-07,-1.64000111559552e-06,4.48655211033858e-06,-1.33360860761376e-06,3.01479591476187e-07,-1.19140643809934e-07,5.81687460824517e-07,6.32193799380934e-09,1.28311857855587e-09,-1.19315826921374e-09,-2.50140012687219e-10,-1.27022040329672e-08,1.50910911765708e-09,-7.55718073361492e-09,4.3386027303726e-09,4.47819444767763e-09,4.71519362072451e-09,-3.57607054163596e-06,4.65292667503034e-06,-2.97003463086179e-06,3.54217022235276e-06,9.27099052191439e-10,-1.4553392127116e-06,-6.04573196636743e-06,3.23588547241939e-06,1.64388359197509e-06,-1.94268989308526e-08,8.42105128834276e-09,-0.000258627265788427,-2.26197619447273e-05,1.63002535828354e-05,-2.76248195111729e-06,-1.89203495511191e-06,5.0578877244432e-07,1.92627649138135e-07
"north_west","beta12",3.86452734923911e-07,1.60749488627605e-06,1.02034621329493e-07,-3.70215758942916e-08,-7.3305920824367e-09,7.93775587848664e-08,-2.99579402502195e-07,3.43835814204782e-07,-2.60793567072317e-07,2.28301004860064e-07,-9.06909765455321e-08,-1.1093880306912e-08,-1.67412233701509e-08,-3.30181662900547e-08,-1.90878593089237e-09,-9.60850969285082e-08,-1.62215598498123e-09,-7.54958361095003e-10,3.77182200054579e-09,-4.16570711917846e-08,-2.1097000313669e-09,1.36710212618749e-09,-4.34192367668622e-09,-3.0204169355084e-08,2.02586392399332e-08,-1.5125774530409e-08,1.4682793439472e-08,-2.02648290917006e-09,-7.7136584393245e-09,-9.48772589133481e-09,5.15803158148112e-09,5.48280284351396e-09,-1.89423155787859e-08,1.43544905670023e-07,1.06544506751435e-09,-2.56356267328999e-08,3.38018786527686e-08,-2.78209501786866e-08,3.97441409084591e-08,-3.2971583190643e-08,2.35382142722771e-07,-9.82904755381038e-07,-5.2680884818776e-08,-2.33372791068975e-06,-3.60383796418784e-07,-1.784395195371e-06,-9.89389588266295e-07,-1.17245851206881e-06,-2.29841413140034e-07,3.95041586717753e-07,-2.46222573514517e-09,-8.60993303898063e-08,-3.02698400740202e-06,4.40306432212262e-07,-2.55872531708476e-07,1.03508854906568e-07,-4.48263907632832e-07,-1.72463867797443e-09,-1.13185685095139e-09,2.984122397043e-09,2.64466981082769e-09,1.43428552720085e-09,-4.38867969052129e-10,3.94473020156197e-09,-1.41638176833984e-09,-3.27915163598006e-09,5.27475183607757e-10,1.06256247577649e-06,-1.13230195625187e-06,3.31830462576981e-06,-9.56096323373332e-07,3.01755769334518e-06,-1.33876684218295e-06,3.23259058115505e-06,-2.04700809561179e-06,6.69009445371247e-07,1.82577797213229e-08,-5.20480531800044e-10,0.000138235654803122,9.78012086529039e-06,-2.14800307699047e-05,-5.19909937283754e-06,9.04842937261959e-07,-6.39814309857357e-07,-4.94497659189581e-07
"north_west","beta13",-8.34844798315776e-07,-1.92695175987057e-06,-1.41689615581248e-07,1.14430992906431e-08,-8.60220516219539e-09,-1.93210460726811e-08,1.29322615195597e-07,-2.60793567072317e-07,3.23296271092734e-07,-3.81462344408234e-07,1.85988531006322e-07,-7.28835481898517e-10,1.86147554836424e-08,1.16437412910716e-09,3.5632275550328e-09,2.68205084671385e-07,6.30916997547989e-09,-9.06990536039739e-09,-1.46899414662862e-08,5.946396578397e-08,-5.47854436138825e-09,-6.84611636660726e-09,-9.23455250599681e-09,5.90842885456311e-08,-7.54875607293783e-08,3.88993610804618e-08,-1.38127209168348e-08,-1.29290839851149e-08,1.61571285741482e-08,-2.11949878627177e-08,1.77616615571857e-09,1.56167908626993e-08,-2.1059262690594e-08,-8.49628188539296e-08,-1.69019697037055e-09,2.28994114910171e-08,-3.31559379549254e-08,3.96934027536661e-08,-9.87038467144916e-09,3.89096919077105e-09,-3.45963550673797e-08,1.35203163250607e-06,1.24048615927771e-06,3.43770423792341e-06,2.07605243662469e-06,1.19306868025502e-06,9.00809988840367e-07,1.32304337282728e-06,-4.25532006438064e-07,-7.17106687671339e-07,8.35674965758269e-08,-2.02718287154592e-07,7.75434181234452e-07,-7.1317357508015e-07,-3.54671759554448e-08,-7.25118519980431e-08,3.30256309580203e-07,4.44127323639764e-10,3.39852264912043e-09,-2.50476190455478e-09,-9.60582391211426e-10,7.44767323829031e-09,9.60198758435982e-11,-1.85062425990235e-09,2.52354866855832e-11,2.18230899636426e-09,-3.47779295126398e-09,-4.97601959274166e-07,-1.06677714511673e-06,-3.41461854004645e-06,4.19832951524898e-07,-2.353232866322e-06,1.55708557153652e-06,-1.76062708873238e-06,1.45275012351741e-06,-7.50763526783694e-07,2.06912524852661e-07,-2.44665334661173e-10,-3.45835299428859e-05,-3.13414423312831e-06,1.93167364661006e-05,-1.77975830048709e-06,-2.11064408604263e-07,3.62097254911045e-07,3.46433603946061e-07
"north_west","beta14",-3.02629943868884e-07,2.60603317412027e-06,3.00527626900437e-07,8.68834377248862e-08,-8.08789542307099e-08,2.32721143409595e-08,-3.77467150600433e-08,2.28301004860064e-07,-3.81462344408234e-07,9.06623183467262e-07,-6.46179444495582e-07,5.43573590839167e-08,-2.81125984875449e-08,4.96506914439015e-08,1.84265594748013e-08,-1.74467495887595e-07,3.35250060015914e-08,1.51944025494678e-08,8.38753909949534e-08,-2.05012846214875e-08,-8.62522414015013e-09,1.23317395624288e-07,2.37426219125882e-09,1.41028662643107e-08,1.92556647310561e-07,-1.37123318209368e-08,9.36796237340806e-09,1.07362618603517e-07,4.99295916213467e-08,8.825386100329e-08,4.60561326742067e-08,-4.19168645693925e-08,1.18799235051834e-07,-8.11240170197674e-09,2.68395961771583e-08,-5.89802428804219e-08,8.77383097658424e-08,-4.94963529303034e-08,5.17653815796997e-08,1.37480388280114e-09,-1.80020476836424e-06,-1.19348961691505e-06,-2.84892278074953e-06,-3.45252494404623e-06,-3.01140183233255e-06,1.08246300023538e-06,-1.63009616055186e-06,4.96830772793113e-06,5.84032234196882e-06,1.4925583514753e-06,-2.15302068025938e-07,-1.53181157613105e-06,-1.07461834805654e-07,1.20213354119607e-06,5.87399227434012e-08,9.28959009158052e-08,-2.16290433941897e-06,5.53075544516562e-09,4.7392859011306e-09,8.39991031274626e-09,5.07596219282708e-09,-1.14425432413292e-08,1.10889797975814e-09,6.26242303905928e-09,5.74369139433844e-09,2.05973010165171e-09,8.68310145714479e-09,5.28770219894587e-07,5.51158181199433e-06,3.35087667991977e-06,1.3392930842207e-06,-4.17125195874439e-07,-4.35978910220197e-06,1.5222593086707e-06,-6.10622446100669e-07,6.92777903873599e-06,-3.29251247977015e-08,6.07676433645086e-10,3.00583864564652e-05,6.77110899777363e-07,-2.46195536102801e-05,-4.26610316409786e-05,2.22964840382293e-07,-5.17627714657117e-07,-1.54589240663614e-06
"north_west","beta15",3.8917753661633e-07,-1.65574590883957e-06,-5.03064677278812e-07,-9.62660843301096e-08,1.43382347964134e-07,1.80448649552883e-08,-7.97839974590642e-09,-9.06909765455321e-08,1.85988531006322e-07,-6.46179444495582e-07,8.47428340328989e-07,-8.71579238918444e-08,6.4352004108993e-08,-5.50340981927774e-08,-2.63917629080315e-09,-3.05625841110615e-07,-1.29077552260315e-08,5.73561848429454e-10,-4.77529971030936e-08,3.32241614273467e-08,2.93589434272649e-08,-8.9394367064062e-08,2.55417599047557e-08,2.55153294461227e-08,-1.42370214402117e-07,6.36175835299751e-08,5.4839899319112e-10,-7.96418266034397e-08,1.80710962986165e-08,-2.84853467924922e-08,-3.99562205232388e-08,4.80389267445742e-08,-6.86668490039734e-08,1.52228818453285e-07,-2.29176518319959e-08,6.17733122955392e-08,-8.09048004060184e-08,5.45885273519177e-08,-3.9488014238953e-08,-6.29974676742965e-09,1.91074421118702e-06,4.07353502710214e-07,1.06676712592406e-06,1.66209797676347e-06,4.73419879622381e-07,-1.10804074264253e-06,-1.3056882588194e-07,-4.43978143346601e-06,-2.1304391752544e-06,-1.62749170464123e-06,6.29520309492244e-08,5.56253250783943e-07,-2.87623522179131e-06,-1.05586683406404e-06,-2.30260390382104e-07,-3.05750708575775e-08,2.02039332942697e-06,-3.35222252867352e-09,-2.46664188831642e-09,-2.52635244019464e-09,-2.0347831998794e-09,1.75693837760483e-08,-9.57390909180022e-10,-4.28652510918915e-09,-2.64518308119875e-09,-3.6538077180594e-10,-1.9726794048743e-09,-1.19270251867955e-08,-2.67134016471101e-06,1.60592095749122e-07,-1.3127592307806e-06,3.48514464657548e-06,1.37130947128086e-07,1.19634798278815e-06,-2.43997284043457e-06,-8.69380048676608e-07,3.01519199266057e-08,2.54090940876444e-09,1.6985066819135e-05,-9.38955635696791e-06,1.99986783630492e-05,3.72962764743498e-05,-3.65758499191134e-08,1.96675523497137e-07,7.44205349934517e-07
"north_west","beta16",-1.76006008447724e-07,-4.76656871291307e-07,2.24668732280163e-08,1.9649322740049e-08,-2.45949411996095e-08,-1.16789043999789e-08,4.56028684021985e-08,-1.1093880306912e-08,-7.28835481898517e-10,5.43573590839167e-08,-8.71579238918444e-08,4.40640162630326e-08,1.5618519322954e-10,5.88470364331782e-08,1.5540609179418e-08,3.22069469084347e-08,2.45164136439345e-08,2.43829289405843e-08,2.42052661239216e-08,7.27412436263002e-09,3.14158848094905e-08,2.93481952088367e-08,4.26016733522871e-08,8.05768563106463e-09,7.18671199601542e-08,1.85914958502046e-08,3.04738721166934e-09,5.98459969128857e-08,3.31485799507783e-08,4.94318348349006e-08,1.42889435818833e-08,3.62175890681256e-09,5.9109392042548e-08,-4.83099604826342e-08,4.2781498668612e-09,-2.14307354601755e-10,1.15935118324302e-08,-4.08784971654545e-09,7.31637663783048e-09,1.33292769541927e-08,-6.28754610838207e-08,7.18076598201107e-07,-1.28509144536803e-06,-3.05566278224373e-07,-7.18236749145521e-07,1.74225183517687e-06,2.3328632606565e-07,1.03258501457723e-06,1.11569467309009e-06,6.981924189873e-08,-1.1353575071894e-07,-7.14147479290062e-07,-5.09486604307172e-07,-3.31897047939485e-07,-4.12119428378327e-09,-1.43123888713878e-08,-9.69231193242921e-08,2.19114168430749e-09,1.66299736093814e-09,2.17152523440992e-09,1.41301660349668e-09,-1.63126368128387e-09,8.98353910732541e-10,3.19231789943674e-10,2.09708551985923e-09,7.7022663797145e-10,1.72334492257394e-09,-1.18572528859599e-07,4.29107508454601e-06,-1.22253203587029e-06,7.39478563606274e-07,-9.01237629866098e-07,2.15546194034257e-07,-1.733895914829e-07,1.78480110142316e-06,-7.01415045520188e-08,4.53155758875511e-08,7.51015697843749e-10,-9.78931061642734e-05,-1.64744972770853e-06,-1.69222622063411e-06,-1.2080210649709e-05,-9.25611023405107e-07,1.14003955857788e-07,-2.47375917713918e-07
"north_west","beta17",-2.40085987859447e-07,-7.66760680441731e-08,-2.19704322634909e-08,4.19257311429497e-09,2.75584633603347e-08,-7.6152189593534e-09,3.07618344902299e-08,-1.67412233701509e-08,1.86147554836424e-08,-2.81125984875449e-08,6.4352004108993e-08,1.5618519322954e-10,4.59959336039922e-08,-2.10192257963709e-08,4.43224999658261e-08,-4.15261022355363e-08,2.07283639431593e-08,2.69785652629796e-08,1.95647066823045e-08,4.59245178941891e-08,1.99503680136511e-08,3.32844216107846e-08,2.97046127512995e-08,5.1487591977997e-08,2.83994423352952e-08,4.52742460035786e-08,-5.12295118506602e-10,3.81522222960748e-08,5.71141387723122e-08,2.76884883143016e-08,1.38584204282192e-08,2.51168951346782e-08,3.79286583807541e-08,-1.59823953818008e-08,4.14723666027925e-09,-3.85374399598093e-09,2.11687091918244e-09,1.24418752427545e-08,-4.08385857957635e-09,1.01923550988083e-08,-1.97399098396506e-07,-2.90970543857876e-08,5.43506212622313e-07,6.16777971632386e-07,3.72444322802594e-07,1.12211760523248e-06,-6.2596332327678e-07,5.13983597666251e-07,4.81487949037983e-07,-1.99419952757088e-07,6.54943808999001e-08,-4.55398824054057e-07,-2.78414202694407e-07,-5.40022559234814e-09,-1.26320088186872e-08,8.31238432378728e-09,2.02665974289057e-07,9.58964052482611e-10,1.18895066240382e-09,2.1956354187355e-10,6.12968456997242e-10,4.27875872646872e-09,9.93292766828725e-11,-3.73047993404702e-10,1.08147271948961e-09,6.51628084085972e-10,1.19119310256451e-09,-2.6402878841424e-07,-1.07801952369908e-06,-1.17262687552783e-07,-2.50614492443744e-08,2.64845021170067e-07,-4.09212184994614e-07,-9.10145932709426e-09,1.21072684143118e-07,6.94838531371071e-07,-5.20163299614485e-08,1.11100740658945e-09,-0.000101267082699883,-6.35666150249674e-07,2.94914979568771e-06,4.64482841976024e-06,-9.51667124430632e-07,-9.96905144678109e-08,-7.5861973799244e-08
"north_west","beta18",1.60704336027664e-07,-7.64016624852291e-07,-1.47344373340577e-07,-1.99435273867993e-08,-4.19243934412513e-08,-2.97897773489281e-08,9.69705081842901e-08,-3.30181662900547e-08,1.16437412910716e-09,4.96506914439015e-08,-5.50340981927774e-08,5.88470364331782e-08,-2.10192257963709e-08,2.84923596753224e-07,-9.90031247887605e-08,1.49722962463684e-08,3.54990491957434e-08,2.94187279457017e-09,4.32218205600459e-08,-7.68601530706142e-08,5.39804058850049e-08,-2.37354540444714e-08,6.06583037325908e-08,-4.14620025369451e-08,7.66854549154536e-08,-3.15402916846401e-08,2.79975346460384e-09,6.68336684933411e-08,-1.28628534799916e-08,5.72235773924855e-08,-5.19857982603265e-09,-8.13995602962507e-09,1.82645620120033e-09,1.3342010831797e-07,-2.98348590737205e-09,3.30282411821841e-08,-3.44302449548846e-08,1.49333347690896e-08,-9.3363105892636e-09,4.22972103405702e-08,1.1146849068799e-07,1.48621077627295e-06,-2.87365330699846e-06,-1.12037751027065e-07,-1.21518232282411e-06,4.31619761854399e-07,2.38589868095405e-06,-1.75781523043109e-06,-2.82552185994065e-08,-4.99118050673852e-07,-1.95417125883646e-07,-7.98121311942288e-07,2.94641862723465e-07,-1.14669575789265e-06,-1.02249530978453e-07,-1.17714320661679e-07,-2.876043969358e-07,4.56634803250374e-09,1.99708954653924e-09,3.92173633252427e-09,2.63245596707897e-09,2.08023076816523e-09,2.08827809853118e-09,-2.97444033453136e-09,4.816854523241e-09,2.88807177421475e-09,6.33466958617854e-09,-1.0509075491331e-06,7.63931505743227e-06,-2.80054851526505e-06,6.79127195638425e-07,-1.08792864502449e-07,8.94233329463532e-07,-8.50627563177032e-07,1.94710316041289e-06,-1.45494029425619e-06,-9.35568844204315e-09,7.31859843040034e-09,-0.000198594752101848,-1.32729125187911e-05,1.09322110034449e-07,-2.14656180998889e-05,-1.66975905162e-06,1.9426138681276e-06,-3.18188365970531e-07
"north_west","beta19",-7.94010831485469e-07,-5.94366535478967e-07,9.66844286720954e-09,1.41954776655762e-08,3.74673405530535e-08,-2.79774207714884e-09,2.95577587952128e-08,-1.90878593089237e-09,3.5632275550328e-09,1.84265594748013e-08,-2.63917629080315e-09,1.5540609179418e-08,4.43224999658261e-08,-9.90031247887605e-08,1.9396704687362e-07,-9.73176595028303e-08,-2.86410686117074e-08,1.01952603713282e-07,1.0450674295393e-08,9.33358861491591e-08,3.13848192226365e-08,1.0708360907861e-07,6.35469767367791e-08,9.45196338343087e-08,9.46363747060538e-08,9.95828444023102e-08,4.25418431554998e-09,1.02201627394896e-07,1.17853307576058e-07,8.3555468521086e-08,4.22363395994867e-08,4.69790432792045e-08,8.77348597673718e-08,-2.95889841120277e-08,7.83845702098119e-09,-1.6001283189343e-08,2.71275851421156e-08,4.37525342655404e-09,6.48064609706466e-09,9.26611719826515e-10,-2.905085592699e-07,4.80502370413963e-08,1.30365474031063e-06,1.37162406221217e-06,-4.42024649756795e-07,2.34499247016863e-06,-5.43917103857696e-07,8.84050463364863e-07,1.11099965201253e-06,1.84936792568568e-07,5.44748983419006e-08,-8.10327813736429e-07,1.06545707665489e-07,-3.96654012545804e-10,5.10026612317635e-08,-3.55096281539626e-08,-7.75957015598362e-07,1.78655180390649e-09,1.69438475095884e-09,3.61394859090784e-09,2.79181180424173e-09,4.86839423084297e-11,1.08964987827322e-09,1.01466084506732e-09,1.62501699252246e-09,4.70636283432151e-10,-5.63982616301691e-10,-7.70698226468053e-07,-2.22473861381377e-06,-7.19572206217453e-07,1.85296739022854e-06,-4.49653879991472e-07,-7.90368990584853e-07,-4.08584177152212e-07,1.78605063824041e-06,3.29926945854412e-07,1.03806376787665e-07,-3.07257660527713e-09,-0.000108828063057254,7.91295313715066e-06,9.42327222525906e-08,5.00674506203373e-06,-9.69902796159093e-07,-1.51666430763662e-06,-3.97326246106292e-07
"north_west","beta2",-1.00045196062152e-05,4.7032706051619e-06,2.46652022992169e-06,-1.3728813117575e-07,-2.30256004136516e-06,2.62260876970779e-07,-2.13958246165671e-07,-9.60850969285082e-08,2.68205084671385e-07,-1.74467495887595e-07,-3.05625841110615e-07,3.22069469084347e-08,-4.15261022355363e-08,1.49722962463684e-08,-9.73176595028303e-08,2.51180876016592e-05,1.69053811248197e-08,-1.77852213305032e-07,-1.01989222704501e-07,5.83330252194329e-07,-5.87321262519497e-07,3.25223520348603e-07,-4.6351056588358e-07,-6.86267302262771e-08,-3.75997001974855e-07,-2.19695879839897e-07,-9.10581267664264e-07,-8.97721557541821e-08,-3.39323666666179e-07,-6.21154015647397e-07,-4.88919377190673e-08,-8.20533372196437e-08,-9.73935067259836e-07,1.08909908339297e-06,3.76939173778091e-07,-2.33459739866928e-07,7.89493795124352e-08,-8.67066705759493e-08,2.05862719940764e-07,-1.62925687703291e-07,1.22054140087824e-05,6.06376567835813e-06,2.6523220882726e-06,-7.34465488321608e-06,9.40977223606927e-06,-7.9211584987123e-06,4.02611572815777e-06,-2.24013011833839e-05,-4.31592236018449e-05,5.80567352175728e-06,-1.39766900831533e-06,3.93615235769196e-06,-1.1908514841354e-05,-2.91068265461343e-06,-1.58693017341775e-06,-4.28264772942701e-07,-1.14470139178783e-05,-3.24353303929943e-08,-4.1835833262867e-08,-4.84263930609835e-08,-1.16117779354985e-08,-7.1764692000175e-08,-1.28420715998059e-08,-1.72049538380738e-08,-3.80577623136844e-08,-2.47488409882587e-08,-2.2184395785295e-08,-7.03048305073142e-06,4.26517608606616e-06,-1.99553233068784e-05,-3.77771554018725e-06,-2.81273803148246e-06,4.47444603054602e-05,8.94926940449619e-06,-3.17109750822529e-06,-5.21868712590305e-05,4.5901460161929e-06,-6.10994833283078e-08,0.000210355479701233,-1.65680863213827e-05,3.13061488588576e-05,5.28331104321803e-05,3.46894978374274e-07,-1.21024068655177e-07,5.51186611453532e-06
"north_west","beta20",6.4738469147893e-08,4.94706705699601e-07,4.96176441886e-08,2.15445962032671e-08,-3.643870444672e-08,-4.57339496041338e-09,3.19910782811305e-08,-1.62215598498123e-09,6.30916997547989e-09,3.35250060015914e-08,-1.29077552260315e-08,2.45164136439345e-08,2.07283639431593e-08,3.54990491957434e-08,-2.86410686117074e-08,1.69053811248197e-08,1.39011201509306e-07,-3.38092683926505e-08,1.13297505927607e-07,2.61626175627546e-08,6.17967798460549e-08,3.52903366257647e-08,7.42646726173293e-08,3.79464692300774e-08,1.05380769163556e-07,4.75995003966963e-08,2.29524260964014e-09,8.25125267467864e-08,6.96664060784352e-08,8.51228849701566e-08,4.72278810308167e-09,7.2242421754452e-08,3.18481260493458e-08,6.65315026862592e-08,6.55301574675209e-09,6.85643652387401e-09,-7.83213468344211e-09,2.46346695107724e-08,-2.43354040197005e-08,2.55793972056991e-08,-5.76686987318108e-07,2.76812352535826e-07,-2.59914870425469e-06,-1.25361082135156e-06,2.07869165093003e-07,1.93355460857466e-06,-2.39351504015123e-07,4.34035390044914e-06,5.25402811252063e-06,-1.9856848032467e-07,-1.88419374246361e-07,-1.06643537147946e-06,-1.09886348154308e-06,-6.48363307213439e-08,-3.92885151883829e-09,4.33645542765568e-08,1.28820759072611e-06,2.13769704399652e-09,3.15651089765987e-09,1.45024272846893e-09,1.47132645836931e-09,1.80161299059447e-09,5.27797350452366e-11,1.21426193419075e-09,3.36914207573543e-09,1.73686227101757e-09,5.49681432742632e-09,2.03978976083685e-07,7.61415439806482e-06,8.07180369301571e-07,-5.15006222681059e-07,-1.93593400524892e-07,-3.21065415441496e-06,-7.59490673257325e-07,2.0309969045452e-06,3.90646670459273e-06,2.48612672072885e-07,-1.08306330644619e-09,-9.67936743853122e-05,-1.51265735843952e-06,-4.82592205908751e-06,-1.97414742296421e-05,-9.17862125019091e-07,-7.69525414138435e-07,-2.6030617414115e-07
"north_west","beta21",-6.28674163779532e-07,-5.6339872100158e-07,-4.08454418603023e-08,5.50977879258077e-08,-1.32232839245847e-08,-8.44264027811784e-09,3.67573376742195e-08,-7.54958361095003e-10,-9.06990536039739e-09,1.51944025494678e-08,5.73561848429454e-10,2.43829289405843e-08,2.69785652629796e-08,2.94187279457017e-09,1.01952603713282e-07,-1.77852213305032e-07,-3.38092683926505e-08,1.49835215569497e-07,-1.05856469897893e-07,9.97224160803912e-08,3.32681032143956e-08,7.76966825568083e-08,7.45321744098997e-08,4.04566236890403e-08,9.21348899426375e-08,7.62966416870749e-08,3.046525601685e-10,9.67842073915153e-08,7.8262905140124e-08,8.76701093030261e-08,3.03429615424709e-08,4.10050364209533e-08,7.41746521650114e-08,1.54189692839062e-09,5.24530793181215e-09,6.9231859930668e-11,2.31631100358819e-08,-1.67472580251646e-08,2.61300186401648e-08,2.71497676304163e-09,1.30334838122883e-07,5.34358137281163e-07,7.94500158165961e-07,9.06252321626084e-07,-1.34138516903994e-06,1.45573688948699e-06,-1.38542218267045e-07,-1.27512575666694e-06,-1.85131813985564e-06,7.69159924200676e-08,3.04659004619129e-08,-8.33307935731447e-07,6.45007802582431e-07,-4.34362961511972e-07,3.13716692729887e-08,-7.7208878770663e-08,-1.16653905453933e-06,2.69612657916434e-09,1.18023405834993e-09,3.59207938946457e-09,2.94830399748776e-09,1.10303898222842e-10,1.27503725504409e-09,-8.05332353923935e-10,5.76306868540059e-10,9.71303886862584e-10,2.14738199792262e-09,2.80329201521811e-07,-1.73028094283513e-06,-1.97361255997458e-06,2.0896088038908e-06,1.29737532214971e-06,1.16810630934983e-06,-1.14301443369013e-06,1.8668257887114e-06,-3.45996203189432e-06,-4.81277078320395e-08,-1.93190847250023e-09,-0.000138002667645295,-1.54272336885034e-05,-2.02614650496889e-06,-1.85271158513575e-05,-1.18116469217887e-06,-9.01595110174419e-07,-3.12779871669647e-07
"north_west","beta22",1.30670149778435e-06,7.03532688203945e-07,-1.838988442552e-07,-1.16899063388841e-07,2.2960578954688e-08,-7.4855329494644e-09,4.95449667887659e-08,3.77182200054579e-09,-1.46899414662862e-08,8.38753909949534e-08,-4.77529971030936e-08,2.42052661239216e-08,1.95647066823045e-08,4.32218205600459e-08,1.0450674295393e-08,-1.01989222704501e-07,1.13297505927607e-07,-1.05856469897893e-07,5.33532477253351e-07,-4.03091035634954e-07,1.46340613835807e-07,6.83105697666569e-09,7.4520062391826e-08,9.41203929948637e-08,1.14555857068135e-07,2.84383726511775e-08,2.20751371593177e-08,9.63785164523196e-08,9.76916800094025e-08,9.5761797993215e-08,2.54867241905322e-08,4.48189679631571e-08,7.47575725737147e-08,7.40287117875294e-08,-1.03964337132036e-08,3.90841728807696e-08,-9.32569379165523e-08,1.28568002007711e-07,-1.35145517507741e-07,5.36602935451589e-08,-7.92576906699104e-07,1.04843845365023e-06,-1.44610223440502e-06,6.489349067259e-07,1.78406337878254e-07,3.25913382542743e-06,8.05976045834923e-07,3.57574161055184e-06,6.63698544355382e-06,-1.25845196385364e-06,7.70860546530815e-08,-1.19740231406603e-06,-8.99587245218055e-07,-1.59188088484896e-07,-8.83246575198364e-08,5.67080339366077e-08,1.14977749557851e-06,4.46202627183187e-09,3.76857347980427e-09,4.70519578668167e-09,1.28979591208731e-09,1.26045102387888e-08,8.52971293156621e-10,-1.07667745665096e-09,6.12356453431458e-09,2.68168105666969e-09,4.67725614009889e-10,-1.89798585258159e-06,2.86154513066987e-06,2.68375384861598e-06,-4.01454099883512e-07,-1.05300365693422e-06,-4.7461256850767e-06,-2.5868976681427e-07,2.01385095567011e-06,6.16900435076212e-06,-1.44478859192782e-07,1.01417616312037e-08,-0.000105737530440116,-8.88876581340491e-06,-8.34195602768112e-06,7.85555466425202e-07,-9.13682035376979e-07,-6.67954595267767e-07,-7.44003691461313e-07
"north_west","beta23",-2.33519477981462e-06,-2.0160694408995e-06,4.25280193596915e-07,1.81069874033014e-07,-3.38481121906121e-08,-7.61904706824036e-09,5.40400692949138e-08,-4.16570711917846e-08,5.946396578397e-08,-2.05012846214875e-08,3.32241614273467e-08,7.27412436263002e-09,4.59245178941891e-08,-7.68601530706142e-08,9.33358861491591e-08,5.83330252194329e-07,2.61626175627546e-08,9.97224160803912e-08,-4.03091035634954e-07,8.81810037388307e-07,-2.68160860285715e-07,2.28952209185932e-07,-2.82141123115455e-08,1.22073810622669e-07,2.00049824194124e-08,9.7214946758533e-08,-6.21970832560475e-08,8.4237855315426e-08,8.05161065868171e-08,-4.81425792801146e-08,1.9144047496778e-08,3.07946546412187e-08,1.99889488343008e-09,-1.53895194319938e-07,4.81581629410905e-08,-6.75816573729028e-08,1.27906367334398e-07,-8.83023819238173e-08,1.08039956204584e-07,-2.86084830506815e-08,2.30334147204698e-07,1.30322419508385e-07,-4.7995253103199e-07,-2.00278144888919e-07,1.53315648740921e-06,1.6200895088365e-06,-2.41347299538073e-06,3.73330972670076e-06,1.16119149236338e-06,1.28619456172789e-06,-2.38572702849019e-07,-8.21544502551204e-07,-2.20146244227908e-07,2.50654441509489e-07,2.37398097422851e-07,3.70633155086145e-08,-9.91977840459154e-07,-1.2119847833017e-09,2.51428358454017e-09,-7.82366156875965e-10,2.20390713725338e-09,-1.21007611871131e-08,1.37212799482746e-09,2.29191562269051e-09,-2.20984274648295e-09,-1.27000895093604e-10,3.08226664013665e-09,1.02161270481368e-06,4.01510080524404e-06,-2.23148982184556e-06,-1.22109243786861e-07,-1.51923224829451e-07,-2.08652292939332e-07,-6.05985500131969e-07,-5.44465031360584e-07,1.45484066528853e-06,6.27859697187003e-07,-1.3298441017494e-08,-5.23879575962947e-05,4.26781637499048e-06,2.39146567117862e-05,-8.22615263010801e-06,-5.56657635209015e-07,-1.14454185286903e-06,8.75798132651205e-07
"north_west","beta24",5.68809611699825e-07,6.32265591373631e-08,-2.12299002077535e-07,-5.53026126041149e-08,4.63394420124245e-08,-1.01003635559195e-08,4.48325485881431e-08,-2.1097000313669e-09,-5.47854436138825e-09,-8.62522414015013e-09,2.93589434272649e-08,3.14158848094905e-08,1.99503680136511e-08,5.39804058850049e-08,3.13848192226365e-08,-5.87321262519497e-07,6.17967798460549e-08,3.32681032143956e-08,1.46340613835807e-07,-2.68160860285715e-07,2.58206701143043e-07,-9.11012110640756e-08,1.90791686269235e-07,-3.35277998163111e-08,1.6656115440645e-07,5.81828887239025e-08,4.30249827665566e-08,9.94618525369697e-08,8.66706161108998e-08,1.61875070664276e-07,2.81601422446512e-08,9.35740051362989e-08,2.67953319614116e-08,2.77781600043428e-07,-2.43785988974302e-08,5.49177794606375e-08,-5.6757941882566e-08,3.88726955639447e-08,-3.52976003431273e-08,4.20770540444179e-08,-4.29303172538115e-07,2.69133428024134e-07,-1.69526148858931e-06,-6.69487099146283e-07,-1.13678780140293e-06,1.29637585065261e-06,3.60665673290552e-07,4.45980621076185e-08,2.6393308829969e-06,-8.21031845563818e-07,-1.56067612862674e-07,-9.32736266300446e-07,4.10063860626363e-07,-8.26774884185098e-07,-1.77113471928377e-07,-6.87829318640656e-08,1.47718290821568e-06,4.89070355806252e-09,3.33692327166871e-09,4.33905032338276e-09,2.99295000862196e-09,1.22583472782293e-08,1.26553343742683e-09,5.5338702823906e-10,4.22283327241018e-09,3.1217479497978e-09,6.16890238692764e-09,-6.95709866927293e-07,4.95067529561407e-06,2.16708986376124e-07,3.58210256097713e-07,1.42613995239297e-06,-2.66201075679832e-06,-1.70214146002569e-06,2.41815962751929e-06,1.41239365628507e-06,-2.08912759035553e-07,1.13903290902656e-09,-0.000157268984839019,-1.32491193984972e-05,-1.32528450370801e-05,-6.87234615637517e-06,-1.28121873179321e-06,-6.13902752629051e-07,-1.01045524374626e-06
"north_west","beta25",-1.20561380030576e-06,-6.44825655333931e-07,1.89729026026745e-07,9.0062998107746e-08,-1.07961363069774e-07,5.25048724926949e-09,3.17631778569576e-08,1.36710212618749e-09,-6.84611636660726e-09,1.23317395624288e-07,-8.9394367064062e-08,2.93481952088367e-08,3.32844216107846e-08,-2.37354540444714e-08,1.0708360907861e-07,3.25223520348603e-07,3.52903366257647e-08,7.76966825568083e-08,6.83105697666569e-09,2.28952209185932e-07,-9.11012110640756e-08,2.44270241810065e-07,-6.05405777326368e-08,2.03210502737978e-07,6.55997868665733e-08,1.03467483782318e-07,-1.94589682455736e-08,1.28630676027092e-07,1.18260008911269e-07,6.4724126727715e-08,3.56655002445887e-08,2.25812334946613e-08,1.39349508892832e-07,-2.17901155542736e-07,2.64693138900115e-08,-3.54279133314443e-08,4.49066254129872e-08,4.28014011108273e-09,1.43429675041591e-08,-1.09918379448132e-08,-3.94883287154845e-07,7.14316576427279e-07,-1.15926843181915e-07,1.17643144695938e-06,-4.13741580131243e-08,3.16988358422719e-06,-5.12033044212861e-07,3.27847113838599e-06,2.17481995211192e-06,3.75289950194155e-07,-2.99136444483288e-09,-1.29659848635291e-06,-5.48078628943967e-07,1.71630565613711e-07,1.4013851272774e-07,-3.66359655495563e-08,-1.68061294222359e-06,2.52013113002015e-09,3.34274960937104e-09,4.37242839563913e-09,3.67623083302298e-09,-6.05319625266084e-09,8.88011537500066e-10,1.26204182440241e-09,2.92656449955847e-09,8.10574774286391e-10,3.01958994562424e-09,-4.14387177070752e-07,5.67237039541379e-07,-1.48281925275059e-06,1.80533587340524e-06,-1.59873473665871e-06,-3.49009186928465e-07,-3.02176346458378e-07,2.58805852951345e-06,4.89745480834674e-07,3.24516243396443e-07,-3.08654595294194e-09,-0.000103039836036482,-1.03782483742855e-05,5.20365313628869e-06,-3.88928261792132e-05,-9.99826179358722e-07,-1.41319563722375e-06,-2.16610216085776e-07
"north_west","beta26",-1.74818331971354e-07,2.27462094114103e-07,-1.25092032227533e-07,-5.44463106044384e-08,2.19207431132128e-08,-2.21870783459684e-08,8.49015559139606e-08,-4.34192367668622e-09,-9.23455250599681e-09,2.37426219125882e-09,2.55417599047557e-08,4.26016733522871e-08,2.97046127512995e-08,6.06583037325908e-08,6.35469767367791e-08,-4.6351056588358e-07,7.42646726173293e-08,7.45321744098997e-08,7.4520062391826e-08,-2.82141123115455e-08,1.90791686269235e-07,-6.05405777326368e-08,3.68269284233826e-07,-2.0601194004332e-07,3.44073405519578e-07,3.37587075851838e-08,3.37464665239233e-08,1.80866380264133e-07,1.11022014059932e-07,2.01827717961907e-07,2.74101350597654e-08,1.51713466302709e-07,3.45954503147215e-08,2.84723260490492e-07,-8.94951961673128e-09,3.96309542325521e-08,-2.57095412420896e-08,5.66411256208962e-09,-1.68922570859186e-08,7.21494891500892e-08,-9.44536858084338e-07,-1.90455726184667e-07,-3.08568330119886e-06,-1.84800187542907e-06,-2.89719607888921e-06,2.59548508546452e-06,-3.36784053091643e-07,9.91835242454588e-07,3.92368852595295e-06,-6.43319406214555e-08,-3.36223369771911e-07,-1.70425440421468e-06,8.91532877508389e-07,-6.47575190582885e-07,-6.85651080044786e-08,2.29774103301233e-08,3.14048563961854e-06,8.35022113542706e-09,5.15090606768968e-09,8.05024963181519e-09,6.22717730438184e-09,1.17513567704126e-08,2.87750559625886e-09,4.38184545154696e-10,6.55846797801092e-09,4.91428530280203e-09,1.36734140841834e-08,5.74335451291361e-07,8.72390032663625e-06,-3.44158139844501e-07,1.70524764722548e-06,2.06453655923322e-06,-3.72458305500572e-06,-3.19355214830373e-06,2.32625098223373e-06,1.7254192234372e-06,1.5058367697653e-08,1.33971875300427e-09,-0.000211271990416446,-9.22307054088021e-06,-1.92654676474292e-05,-1.45864400009786e-05,-1.62623076076755e-06,-9.18751638004432e-07,-1.23432476982466e-06
"north_west","beta27",-5.46171272878163e-07,-1.89658170418961e-06,-5.90501674554655e-08,8.36978464943551e-08,3.67074999405965e-08,1.39681245976658e-08,1.84707339476991e-08,-3.0204169355084e-08,5.90842885456311e-08,1.41028662643107e-08,2.55153294461227e-08,8.05768563106463e-09,5.1487591977997e-08,-4.14620025369451e-08,9.45196338343087e-08,-6.86267302262771e-08,3.79464692300774e-08,4.04566236890403e-08,9.41203929948637e-08,1.22073810622669e-07,-3.35277998163111e-08,2.03210502737978e-07,-2.0601194004332e-07,5.76841987301658e-07,-3.10306079240919e-07,2.79878540580928e-07,-2.10653568016949e-08,4.74184651799442e-08,1.68477524344794e-07,2.68444594179194e-08,6.28378453467031e-08,-2.88513177470467e-08,1.23841182197054e-07,-1.30397569047956e-07,1.67798042460695e-08,-1.28978079750988e-08,2.56515852757257e-09,6.76480205785403e-08,-2.35145827922326e-08,-3.30622774092198e-08,8.02693150369365e-08,1.57936199969983e-06,2.77637803514759e-06,3.71850255157546e-06,3.50919798633718e-06,2.16831864622597e-06,9.13876291018069e-08,3.24584717222015e-06,2.67982295257747e-06,-1.24127283411793e-06,3.32588029060317e-07,-1.2464807352166e-06,-4.27632655691482e-07,-1.18417917129392e-08,1.12787751614318e-07,-7.73132177044401e-08,-3.74204137293123e-06,-3.84517493303249e-11,7.2162420775892e-09,4.61522091711156e-09,8.99773318970008e-10,1.16953279189722e-08,2.28626603135477e-09,3.38336444356838e-09,6.68161057318026e-10,1.30749060996472e-09,-4.71186799202358e-09,-1.55645173666886e-06,-6.11030214620647e-06,7.87991380048159e-07,-1.13812757113159e-06,-6.5816053870824e-07,-2.43486941264841e-06,8.48884401200001e-07,1.24404053185662e-06,3.86383876016406e-06,-8.60594016567823e-08,-3.32584105287084e-10,-8.00502559444193e-05,-1.63669515534952e-05,2.45373587048323e-05,-5.68196420877761e-06,-8.38885548395279e-07,-1.15695654852841e-06,-1.85024199150697e-07
"north_west","beta28",-4.13014626024797e-07,1.48725904757591e-07,-5.17583562660013e-08,-2.38168824579126e-08,-7.74002924338799e-08,-3.26492166605777e-08,1.35719602248687e-07,2.02586392399332e-08,-7.54875607293783e-08,1.92556647310561e-07,-1.42370214402117e-07,7.18671199601542e-08,2.83994423352952e-08,7.66854549154536e-08,9.46363747060538e-08,-3.75997001974855e-07,1.05380769163556e-07,9.21348899426375e-08,1.14555857068135e-07,2.00049824194124e-08,1.6656115440645e-07,6.55997868665733e-08,3.44073405519578e-07,-3.10306079240919e-07,8.61690426999195e-07,-2.76639908415638e-07,3.23844536697561e-08,3.68857798913803e-07,1.15749633975444e-07,2.55895387389601e-07,4.08480217684923e-08,1.1871816445563e-07,1.71535063126018e-07,8.50648252753153e-08,1.02366594723185e-08,1.28312616823413e-08,1.61314497027776e-10,-1.55794485640716e-08,2.07929581917902e-08,5.85347739116285e-08,-1.26844244534269e-06,-1.2763606878376e-07,-5.78289391403826e-06,-2.26982792195061e-06,-5.17922614274907e-06,6.95881180609269e-06,-6.29465208924328e-07,4.6702595557254e-06,8.38999795927974e-06,4.58159408074742e-07,-5.5443600876599e-07,-2.39140621666014e-06,2.38888159949577e-06,-6.10937136956154e-07,7.3403119710132e-08,-5.49907463715021e-08,2.95105101179348e-06,1.34701522854838e-08,4.05282200105421e-09,9.65530321318857e-09,9.54797706570849e-09,-4.23807743017571e-09,2.98855976560667e-09,-1.37198628739504e-09,1.17302329243896e-08,6.03215670254243e-09,1.84079070550515e-08,1.09346854142319e-06,1.55317426029648e-05,-2.08521060810218e-06,5.27829099289076e-06,-8.54977112424082e-07,-5.03701293632125e-06,-5.93335462255028e-06,7.34477671968665e-06,1.93896791777651e-06,5.95377294841536e-07,1.7349659659698e-09,-0.000256879883959789,-1.28976240038492e-05,-2.56212032437653e-05,-4.79310934790121e-05,-2.01182861371242e-06,-1.45440646868821e-06,-1.45553630747909e-06
"north_west","beta29",-5.04676075244942e-07,-4.3619815702199e-07,-7.64906596606307e-08,4.84293099768464e-08,-1.29662491138348e-08,1.94612881704485e-08,-4.06052693367916e-09,-1.5125774530409e-08,3.88993610804618e-08,-1.37123318209368e-08,6.36175835299751e-08,1.85914958502046e-08,4.52742460035786e-08,-3.15402916846401e-08,9.95828444023102e-08,-2.19695879839897e-07,4.75995003966963e-08,7.62966416870749e-08,2.84383726511775e-08,9.7214946758533e-08,5.81828887239025e-08,1.03467483782318e-07,3.37587075851838e-08,2.79878540580928e-07,-2.76639908415638e-07,5.27877297875071e-07,6.86186495863319e-09,-8.26403874095431e-08,2.32021172400292e-07,1.05360570663461e-07,5.68994938066683e-08,1.24323931208783e-07,6.26721381892151e-08,6.96153333730899e-08,-4.42042029228897e-09,2.10851817348142e-08,-2.99733613393855e-09,3.56503779292548e-08,-3.10754178987442e-08,1.37214623764028e-08,-6.18190785423646e-07,2.85475175011416e-07,5.98006096353706e-07,-1.41473330901921e-07,-3.1027726731142e-07,-9.19984794393267e-07,-1.11787540420564e-06,1.4059060139978e-07,2.27514985664788e-07,-6.94086390499995e-07,-5.39890009914007e-08,-1.0197433295026e-06,1.99751585901713e-07,-1.67882388259061e-07,-2.11989087167323e-07,3.36293552973619e-08,3.8302926213129e-09,7.0424976619337e-10,8.28207903515873e-09,6.06102850117358e-09,2.68861205919586e-09,1.62069447034193e-08,1.65910857144263e-09,5.65394299216799e-09,-2.05214671828883e-10,8.76925733940097e-10,4.01028647029398e-09,4.11056796768174e-07,-8.95783946175143e-07,1.05537687606877e-06,-7.09507934189289e-07,1.56521649920568e-06,-1.6468888824747e-06,1.15092911886365e-07,-1.38149068692047e-06,1.84161909723972e-06,-3.32976814237165e-07,-8.66399907127555e-09,-0.000113649804056562,-6.63010098814969e-06,6.40813949058403e-06,-2.72773355651616e-05,-1.131241141934e-06,-1.40571766317814e-06,-1.10869619534776e-06
"north_west","beta3",1.01507462783582e-07,-1.95069025468871e-06,4.34881766404136e-07,-7.67465428456085e-08,-1.92625691180269e-08,6.54480970297729e-09,-1.89844221416362e-08,1.4682793439472e-08,-1.38127209168348e-08,9.36796237340806e-09,5.4839899319112e-10,3.04738721166934e-09,-5.12295118506602e-10,2.79975346460384e-09,4.25418431554998e-09,-9.10581267664264e-07,2.29524260964014e-09,3.046525601685e-10,2.20751371593177e-08,-6.21970832560475e-08,4.30249827665566e-08,-1.94589682455736e-08,3.37464665239233e-08,-2.10653568016949e-08,3.23844536697561e-08,6.86186495863319e-09,1.57751640982564e-07,1.51986588234503e-08,1.18186562370949e-08,1.26421171226275e-08,-3.9726995468669e-09,3.20032101254015e-08,-2.49221760207463e-08,7.35791789567757e-08,-1.01799183262144e-07,8.27819923130568e-08,-5.79160984456562e-08,1.87076959866704e-08,-5.09170367443604e-10,3.20490887189118e-09,-1.42571214633793e-06,-7.5711099166251e-07,-9.93943528591162e-07,-8.17963826561537e-07,-5.82463629695185e-07,-2.73500721036442e-07,2.37449842775301e-07,4.66353230772943e-07,9.28040992816979e-07,2.02989895751718e-07,-6.94288270407089e-08,1.32273569669352e-07,-9.5363767118495e-07,5.41853172785586e-07,-1.13024382432753e-07,-9.64474807497631e-09,1.25754182108872e-06,3.11935701494446e-09,3.24735978185773e-09,2.98967034263203e-09,2.43396071259831e-09,5.93564696758296e-09,8.89458401087075e-10,2.28894823102706e-09,1.80656044854825e-09,1.56603427770777e-09,3.5415798236324e-09,1.11002946308443e-06,1.38030410359759e-06,5.05414252402942e-07,-2.68739740945561e-07,-1.47420220563918e-06,-5.31408114065268e-07,1.35260938589997e-06,8.46044861385313e-07,8.39613537459493e-07,-1.13109208315234e-07,4.8733157231262e-10,-1.82564617440805e-06,-1.84072773353177e-06,-3.57203984316841e-06,-1.50913758501415e-05,8.74157385830518e-08,5.71840824797191e-10,-2.36329149119347e-07
"north_west","beta30",-1.25315280353172e-06,-1.34087355704697e-06,9.0359432654234e-08,1.60895600657799e-08,-5.98497884178412e-08,-1.8145866022109e-08,1.04176236818056e-07,-2.02648290917006e-09,-1.29290839851149e-08,1.07362618603517e-07,-7.96418266034397e-08,5.98459969128857e-08,3.81522222960748e-08,6.68336684933411e-08,1.02201627394896e-07,-8.97721557541821e-08,8.25125267467864e-08,9.67842073915153e-08,9.63785164523196e-08,8.4237855315426e-08,9.94618525369697e-08,1.28630676027092e-07,1.80866380264133e-07,4.74184651799442e-08,3.68857798913803e-07,-8.26403874095431e-08,1.51986588234503e-08,4.04031932322083e-07,5.344157316918e-08,2.09666606929074e-07,2.46987065470419e-08,8.05637553965425e-08,1.04218241705229e-07,8.6015328052273e-08,1.07651399910655e-08,9.69547858204431e-09,-9.63870279412412e-09,2.91174209328228e-08,-1.36494770254119e-08,4.84490745636169e-08,-6.3200761382491e-07,1.13153065589513e-06,-2.08430372538732e-06,3.11282176809828e-07,-1.42521319988741e-06,5.75424086534126e-06,4.80921259177013e-07,3.8668689610304e-06,5.28017386334098e-06,1.7951808201025e-07,-2.30567571030783e-07,-2.35113574090286e-06,-2.78361278552555e-06,-8.81336381673552e-07,1.99279572382321e-07,-1.1565137181587e-07,-3.89915094159639e-07,1.00568202301122e-08,5.76263554517477e-09,9.60307353984683e-09,8.35555790071089e-09,5.50136516382453e-10,3.20901666335338e-09,1.52175787168744e-09,8.92160273950839e-09,6.66124844339118e-09,1.30608681064667e-08,-1.83082405356133e-06,7.85081930606181e-06,-2.12564186055921e-06,3.0027168632954e-06,-5.20239388915488e-07,-3.00139279543501e-06,-2.14463136666987e-07,5.59516990366655e-06,1.82142171066144e-06,5.23983608069763e-07,1.92769185093664e-09,-0.000236394931786579,-2.3261222412611e-05,-1.53432490331939e-05,-3.58413797301295e-05,-1.89806182366224e-06,-1.41075870932609e-06,-4.71327524198201e-07
"north_west","beta31",-5.2623644292102e-07,-2.85272428022707e-07,-1.52727925872575e-07,3.33903884243634e-08,4.05789752619076e-09,1.83845270664093e-08,3.28826829151587e-08,-7.7136584393245e-09,1.61571285741482e-08,4.99295916213467e-08,1.80710962986165e-08,3.31485799507783e-08,5.71141387723122e-08,-1.28628534799916e-08,1.17853307576058e-07,-3.39323666666179e-07,6.96664060784352e-08,7.8262905140124e-08,9.76916800094025e-08,8.05161065868171e-08,8.66706161108998e-08,1.18260008911269e-07,1.11022014059932e-07,1.68477524344794e-07,1.15749633975444e-07,2.32021172400292e-07,1.18186562370949e-08,5.344157316918e-08,3.08776300311727e-07,9.26978584336317e-08,1.04599355366358e-07,6.12659826875449e-08,2.02943440944955e-07,-8.76447565902003e-08,8.43233542108118e-09,6.41334192052024e-10,1.02084849129497e-08,2.83394138162468e-08,1.31570376531753e-09,-5.34981867228288e-09,-1.04299878488882e-06,4.92030861564669e-08,-1.45458657407301e-06,5.9879572428533e-07,-9.46052555111237e-07,2.77307658839351e-06,-1.04762298934929e-06,2.62921319434458e-06,3.72791358270647e-06,-7.29335808344485e-07,-7.10666575981944e-08,-1.9431388766009e-06,-3.57256879557984e-07,1.34529686189947e-07,-4.26350424699374e-08,1.06428322987342e-08,4.664155289401e-07,6.15828204292838e-09,8.57498954485036e-09,8.74665364472424e-09,5.15152664140029e-09,1.77415138005727e-08,3.60196142906718e-09,2.74106004685125e-09,4.75774717246094e-09,2.60612434182488e-09,7.66582865697233e-09,5.37673033288353e-07,2.08886368824054e-06,1.10824215081455e-07,9.73022461169029e-07,6.76401644227877e-07,-3.46997608767365e-06,-9.09520384710551e-07,1.53311692279931e-06,3.06916102003037e-06,-1.25401410858635e-07,-4.42253358372129e-10,-0.000179758622408687,-1.19154684183989e-05,1.35554294122653e-05,-2.39833550759905e-05,-1.57403601900076e-06,-1.41767009527427e-06,-1.55832741718029e-06
"north_west","beta32",-1.18335705362166e-07,-4.29901909968259e-07,-3.11266582960068e-07,1.05609583643141e-07,-6.81245235772143e-08,-2.85722870922306e-08,9.50002104124728e-08,-9.48772589133481e-09,-2.11949878627177e-08,8.825386100329e-08,-2.84853467924922e-08,4.94318348349006e-08,2.76884883143016e-08,5.72235773924855e-08,8.3555468521086e-08,-6.21154015647397e-07,8.51228849701566e-08,8.76701093030261e-08,9.5761797993215e-08,-4.81425792801146e-08,1.61875070664276e-07,6.4724126727715e-08,2.01827717961907e-07,2.68444594179194e-08,2.55895387389601e-07,1.05360570663461e-07,1.26421171226275e-08,2.09666606929074e-07,9.26978584336317e-08,6.24287445052224e-07,-2.55388472492556e-08,3.39585017805823e-07,2.19183445127307e-07,1.45305418764917e-07,7.15142174541109e-09,1.1421768320766e-08,3.93785576099142e-08,-2.33201893585807e-08,3.28557937594502e-09,5.19049345034544e-08,-9.39622081261197e-07,5.22250186057338e-07,-2.36960077182349e-06,-1.79943141133696e-06,-2.84306078339486e-06,3.92990649364117e-06,-3.44365851926417e-07,2.4336074239982e-06,5.27481341032421e-06,-9.61722562771165e-08,-2.42637704190295e-07,-1.91369276171281e-06,2.81736167590212e-06,-9.49476650274208e-07,-5.04282007467375e-09,-1.39494332566195e-07,1.76010586273758e-06,6.84028053461156e-09,5.93138389406221e-09,1.00920684376885e-08,8.08584502706856e-09,2.14284056335822e-09,3.09239985661547e-09,1.75929475360298e-09,6.61271021232362e-09,5.13536945364517e-09,1.52406097391709e-08,7.31896232832292e-07,7.15193708002232e-06,-7.64670052517791e-08,2.58645549379402e-06,2.15658663355905e-06,-5.09980330022637e-06,-5.33867370170969e-06,3.86358712474348e-06,2.40823305289548e-06,2.65287244977794e-07,4.1329353396631e-10,-0.000211739691109197,-1.10983458833152e-05,-7.90746776509501e-05,-6.2465686602703e-05,-1.72752052025096e-06,-1.31863757120566e-06,-4.66161322615394e-06
"north_west","beta33",-2.71791726419607e-07,-8.99946310645875e-07,-4.41412889066599e-08,2.65778658865529e-08,5.53590000518455e-08,9.46252508954515e-09,1.59370399975781e-09,5.15803158148112e-09,1.77616615571857e-09,4.60561326742067e-08,-3.99562205232388e-08,1.42889435818833e-08,1.38584204282192e-08,-5.19857982603265e-09,4.22363395994867e-08,-4.88919377190673e-08,4.72278810308167e-09,3.03429615424709e-08,2.54867241905322e-08,1.9144047496778e-08,2.81601422446512e-08,3.56655002445887e-08,2.74101350597654e-08,6.28378453467031e-08,4.08480217684923e-08,5.68994938066683e-08,-3.9726995468669e-09,2.46987065470419e-08,1.04599355366358e-07,-2.55388472492556e-08,1.95164555170787e-07,-2.08170911540981e-07,2.72768110564884e-07,-2.41733740172719e-07,9.65812333489994e-09,4.14921136320335e-09,-1.12755244968206e-08,2.05541723403318e-08,-1.85426374395808e-08,4.38435187102976e-09,-2.55677363385158e-08,-6.03076172384667e-08,-1.66295016176791e-06,-1.31741255103849e-06,-1.21270700737461e-06,1.23336308184651e-06,4.39422937758658e-07,1.76348678899538e-07,5.16885907401237e-07,2.60312380339189e-07,-2.59625790560176e-07,-7.44237566750135e-07,-5.2707457134798e-07,2.01212222121792e-07,7.26119408441618e-08,-2.54147136318147e-08,4.59746847767019e-07,1.85436815101907e-09,6.3355608915932e-09,5.41295141618166e-09,8.44441962883599e-10,3.34803692912372e-09,9.58708768139663e-10,1.28520525386446e-09,2.09325840778052e-09,9.37455622189496e-10,4.93305731362182e-09,4.09865271669014e-07,3.89113733249292e-06,-2.58445859543519e-07,-7.11928735137167e-08,-6.34271381573904e-07,4.93324057732791e-08,-4.35682934212944e-08,2.15632654141712e-06,-9.46654505438521e-07,-5.51405941917655e-08,4.36648591265341e-10,-3.83040502032271e-05,-9.52599159656184e-06,-1.92071796257589e-05,1.46226568507452e-05,-3.44719513980851e-07,-3.97222097313497e-07,-1.35714998470894e-06
"north_west","beta34",5.23912432899319e-07,2.21243818160328e-06,-2.44549050044162e-07,-4.22677318906876e-08,-1.75133755610625e-07,1.04237558177186e-08,-3.43543302256556e-09,5.48280284351396e-09,1.56167908626993e-08,-4.19168645693925e-08,4.80389267445742e-08,3.62175890681256e-09,2.51168951346782e-08,-8.13995602962507e-09,4.69790432792045e-08,-8.20533372196437e-08,7.2242421754452e-08,4.10050364209533e-08,4.48189679631571e-08,3.07946546412187e-08,9.35740051362989e-08,2.25812334946613e-08,1.51713466302709e-07,-2.88513177470467e-08,1.1871816445563e-07,1.24323931208783e-07,3.20032101254015e-08,8.05637553965425e-08,6.12659826875449e-08,3.39585017805823e-07,-2.08170911540981e-07,9.737602255164e-07,-8.9736291824277e-07,1.65576081264899e-06,-3.34927364144542e-08,4.54925875279551e-08,-3.37794519821955e-08,1.95323525941237e-08,3.97412765963286e-08,-1.04954460566858e-08,-1.33956533223219e-06,-1.31045886491781e-06,1.3455448378341e-06,-1.0783770108199e-07,2.73442650754454e-06,-2.9950217135905e-06,-1.57406052722918e-06,-1.32411257427028e-06,-4.67779348035151e-07,-1.45431793478022e-06,1.12142907871332e-07,-2.97807783645796e-07,3.15731870332368e-06,-2.82270265437735e-07,-3.99808991736931e-07,-8.15057375137261e-08,5.19168877869648e-07,7.94671904236645e-10,-1.52538985074695e-09,-8.2800944054153e-10,3.50551988185721e-09,1.56045807970596e-08,1.99193946527382e-09,1.68104373720465e-09,-1.12120937266992e-09,6.42584176299318e-10,4.29233194320101e-10,-2.47966325624605e-06,-3.53298621928237e-06,6.02881835062615e-07,-1.76858084423489e-06,5.35439827644736e-06,-2.96936353591591e-06,-5.7917251231598e-06,-2.9292027606302e-06,1.38187311809504e-06,4.69980007970452e-08,-8.21375717090623e-09,-8.53964796492531e-05,-1.11313115483713e-05,-3.54806343233138e-05,-7.38759154415056e-05,-6.37868555006299e-07,-1.64238306191815e-06,-1.70618003427655e-06
"north_west","beta35",-1.314435747379e-06,-1.85046316010044e-06,-5.88586256472785e-08,2.04583119141762e-07,1.70937517964224e-07,-3.67050372241546e-09,8.34865523952759e-08,-1.89423155787859e-08,-2.1059262690594e-08,1.18799235051834e-07,-6.86668490039734e-08,5.9109392042548e-08,3.79286583807541e-08,1.82645620120033e-09,8.77348597673718e-08,-9.73935067259836e-07,3.18481260493458e-08,7.41746521650114e-08,7.47575725737147e-08,1.99889488343008e-09,2.67953319614116e-08,1.39349508892832e-07,3.45954503147215e-08,1.23841182197054e-07,1.71535063126018e-07,6.26721381892151e-08,-2.49221760207463e-08,1.04218241705229e-07,2.02943440944955e-07,2.19183445127307e-07,2.72768110564884e-07,-8.9736291824277e-07,2.15834857622869e-06,-3.84168965726386e-06,7.1859494106232e-08,-8.74666486010442e-08,1.1834659923861e-07,-5.26771806790345e-08,-2.85622253085698e-08,2.14515482992402e-08,2.47427683923828e-07,1.54396018658074e-06,-3.14160000385866e-06,-9.15906883469617e-07,-7.659520583994e-06,1.02046894199095e-05,-2.06698395086718e-06,6.05124297927721e-06,6.03139282749742e-06,2.027007400979e-06,-7.94382012021103e-08,-2.33119740135017e-06,-2.32938086715507e-06,7.22650405584642e-07,5.54624579625033e-07,2.62710616936741e-08,2.82954283427277e-06,9.88813751647841e-09,1.12612610256896e-08,1.59061640792093e-08,7.75934697252941e-09,-1.19908235211678e-08,-8.82024161972711e-10,3.48417161349559e-09,1.10619717005652e-08,4.48971096476342e-09,1.84035252652408e-08,4.50348373206701e-06,2.32247908281338e-06,7.42515510841975e-07,7.28947415796804e-06,-4.09458297563266e-06,-1.44207350001228e-06,-6.53767157678416e-07,4.73910914009682e-06,2.62247914340134e-06,4.30582204492368e-07,1.27865465600683e-08,-0.000190925110240391,7.64699663324671e-08,-5.20798372648794e-05,1.76665896461742e-05,-1.7182695736356e-06,1.63509303126724e-08,-3.9127277511012e-06
"north_west","beta36",3.47779094089752e-06,2.87138532002494e-06,-1.6238332274164e-07,-2.26336348016499e-07,-3.11710495976161e-07,4.8376496394136e-09,-1.50980319598747e-07,1.43544905670023e-07,-8.49628188539296e-08,-8.11240170197674e-09,1.52228818453285e-07,-4.83099604826342e-08,-1.59823953818008e-08,1.3342010831797e-07,-2.95889841120277e-08,1.08909908339297e-06,6.65315026862592e-08,1.54189692839062e-09,7.40287117875294e-08,-1.53895194319938e-07,2.77781600043428e-07,-2.17901155542736e-07,2.84723260490492e-07,-1.30397569047956e-07,8.50648252753153e-08,6.96153333730899e-08,7.35791789567757e-08,8.6015328052273e-08,-8.76447565902003e-08,1.45305418764917e-07,-2.41733740172719e-07,1.65576081264899e-06,-3.84168965726386e-06,9.44319683546284e-06,-1.36767220314394e-07,2.13900917596521e-07,-2.32264112230396e-07,1.43521284587268e-07,7.20054027596786e-09,-4.67259052871282e-09,-9.42174188764111e-07,-3.62984566147983e-06,-2.54644040668746e-06,-2.87471197406547e-06,7.56771952065534e-06,-1.39472347525534e-05,7.66475431264222e-06,-1.00600263233433e-05,-1.88155031266223e-06,-4.97480043651716e-06,-7.73194779448505e-07,1.0685498291069e-06,4.72170856659132e-06,-1.41544973623411e-06,-1.21122581559747e-06,-1.3759749752704e-07,-6.52623937515148e-06,-1.29546693733298e-08,-6.16301066776747e-09,-1.28681591999185e-08,-8.09102556778183e-09,5.79912767245517e-08,8.60045446404504e-09,-3.41656414197409e-09,-1.15754026772654e-08,-2.82477568041304e-09,-6.14551491841982e-09,-5.87875474074297e-06,2.13477733055518e-05,-2.34060745074612e-06,-1.16768369689544e-05,8.9292558321383e-06,-5.37110060024377e-06,-1.06095691828445e-06,1.46250256328141e-06,-4.13148740036469e-06,-4.46350105486044e-07,-2.68599811910643e-08,1.54310045727587e-05,-1.63862066295223e-05,-2.17120471849584e-05,-7.50498219651271e-05,-5.9831907563935e-09,-1.99523839531269e-06,1.00212298047828e-06
"north_west","beta4",-2.18314906597317e-07,1.12342476458393e-06,-2.74803573649408e-07,3.15638122586265e-08,2.15467840320836e-08,-8.04637917171948e-09,2.03975517776902e-08,1.06544506751435e-09,-1.69019697037055e-09,2.68395961771583e-08,-2.29176518319959e-08,4.2781498668612e-09,4.14723666027925e-09,-2.98348590737205e-09,7.83845702098119e-09,3.76939173778091e-07,6.55301574675209e-09,5.24530793181215e-09,-1.03964337132036e-08,4.81581629410905e-08,-2.43785988974302e-08,2.64693138900115e-08,-8.94951961673128e-09,1.67798042460695e-08,1.02366594723185e-08,-4.42042029228897e-09,-1.01799183262144e-07,1.07651399910655e-08,8.43233542108118e-09,7.15142174541109e-09,9.65812333489994e-09,-3.34927364144542e-08,7.1859494106232e-08,-1.36767220314394e-07,9.12367091271557e-08,-1.04451613362288e-07,8.02244833627029e-08,-3.04945139054632e-08,1.28780110776921e-08,6.89517185682176e-09,4.99611052830784e-07,3.06124467036344e-07,3.48817539465402e-07,8.51490645650435e-07,-2.10483753461163e-07,9.34149381835173e-07,-8.9322819141318e-07,1.03381687819085e-06,1.46712030922374e-06,-1.2115684317625e-07,3.7480184331437e-08,-5.86744324585624e-07,3.63369855235613e-07,-8.52541834781054e-08,2.24066744891642e-07,9.98119441548066e-09,-1.63152261217805e-07,-1.03481534808815e-09,-6.1705919593973e-10,-7.69173571719964e-10,-6.14789961017974e-10,-4.41840637076011e-09,-5.86206538006298e-10,-7.5571009289108e-10,1.86152129077933e-10,-2.54960615364568e-10,-1.08194122036843e-09,-8.19732516554116e-07,-8.69521555679615e-07,-1.42052418751221e-07,1.31111174852536e-06,1.2225390081305e-06,-1.25891674405925e-06,-1.02939405284859e-06,-6.20279657181549e-09,1.32334984298154e-06,1.70748867047031e-07,1.16522953770579e-09,-6.1460381936405e-06,5.15392536335907e-06,7.42868127333671e-07,6.29231357077352e-06,-9.9662389594708e-08,-2.50661362481032e-08,-7.30906969771806e-08
"north_west","beta5",5.25901876694252e-07,-1.12961210344108e-06,1.481714797915e-07,-1.9158679335458e-08,-4.41044216625342e-08,1.64261626770828e-08,6.85304320934515e-09,-2.56356267328999e-08,2.28994114910171e-08,-5.89802428804219e-08,6.17733122955392e-08,-2.14307354601755e-10,-3.85374399598093e-09,3.30282411821841e-08,-1.6001283189343e-08,-2.33459739866928e-07,6.85643652387401e-09,6.9231859930668e-11,3.90841728807696e-08,-6.75816573729028e-08,5.49177794606375e-08,-3.54279133314443e-08,3.96309542325521e-08,-1.28978079750988e-08,1.28312616823413e-08,2.10851817348142e-08,8.27819923130568e-08,9.69547858204431e-09,6.41334192052024e-10,1.1421768320766e-08,4.14921136320335e-09,4.54925875279551e-08,-8.74666486010442e-08,2.13900917596521e-07,-1.04451613362288e-07,2.11681983400903e-07,-2.20871061987466e-07,1.00167128048667e-07,-4.77700528922443e-08,-7.26278372267379e-09,-4.83191431007516e-08,5.73143219990507e-07,-7.51814323939999e-07,-1.33049180955898e-06,-6.00013426906793e-07,-8.49239817139928e-07,1.39116805529721e-06,-1.77177309132535e-06,-1.643033809564e-06,5.2658905750416e-08,-9.43130757201037e-08,1.11434196674498e-07,3.73138280497439e-08,-4.92874589553222e-07,-3.5572842244719e-07,2.89018823714794e-08,1.99335225377763e-08,2.61305129035993e-09,1.6470385568347e-10,3.26603879184856e-09,1.08424108377692e-09,8.08085651076048e-09,1.42518410099603e-09,7.29707755403667e-10,4.20039089268496e-10,8.47723415253427e-10,3.12521928596052e-09,1.51738343875143e-06,2.38474323551016e-06,5.63383472301439e-07,-1.06707886593269e-06,-1.48417040626128e-07,1.18460735712385e-06,-2.01508180429364e-07,-1.81921445665961e-07,-1.83466563189684e-06,-1.97177406548277e-07,-1.28820676611526e-09,-2.73111932707097e-05,-1.48279362564712e-05,-2.25701061473803e-06,-2.1007453438217e-05,-6.86139911003838e-08,-8.98718118096979e-08,-1.89126255919064e-09
"north_west","beta6",-4.92221064147681e-07,-5.10686802747069e-08,-4.81691770026852e-08,1.298705147815e-07,5.19078567549773e-08,-1.42878272389883e-08,1.77723223604896e-08,3.38018786527686e-08,-3.31559379549254e-08,8.77383097658424e-08,-8.09048004060184e-08,1.15935118324302e-08,2.11687091918244e-09,-3.44302449548846e-08,2.71275851421156e-08,7.89493795124352e-08,-7.83213468344211e-09,2.31631100358819e-08,-9.32569379165523e-08,1.27906367334398e-07,-5.6757941882566e-08,4.49066254129872e-08,-2.57095412420896e-08,2.56515852757257e-09,1.61314497027776e-10,-2.99733613393855e-09,-5.79160984456562e-08,-9.63870279412412e-09,1.02084849129497e-08,3.93785576099142e-08,-1.12755244968206e-08,-3.37794519821955e-08,1.1834659923861e-07,-2.32264112230396e-07,8.02244833627029e-08,-2.20871061987466e-07,4.20323059415986e-07,-2.87964323240253e-07,1.7122866177658e-07,1.0008483444808e-08,2.78216394723011e-07,-1.26805437429725e-07,5.665631406563e-07,3.66084108460531e-07,2.73180291937172e-07,1.25179599406178e-06,-1.43993203411544e-06,1.6851485758886e-06,5.6118324794227e-07,6.20674268056458e-07,-1.77706106601416e-07,-7.9016817803777e-07,-1.3244894948575e-06,-1.23363543747242e-07,1.35296919995947e-07,1.31111656679903e-08,2.46723044015285e-07,-9.02378013334234e-10,6.85199647546368e-10,-1.85458586940144e-09,7.58349919512496e-10,-1.17673496228697e-08,-6.19207177318189e-10,8.64926501113103e-10,-2.70590123042706e-10,3.83626451997358e-10,1.69254042407092e-10,-9.88576293007379e-07,7.71492312437639e-07,-2.42872418834897e-06,1.30010990457347e-06,1.05383185202175e-06,5.40403286528154e-07,7.74966606313809e-07,1.25420796176888e-06,-1.5636891019867e-06,4.20683638487857e-07,-3.55298467160721e-09,2.67679326118236e-05,1.24507780336024e-05,-1.97712223172812e-07,9.57539429084446e-06,1.34928181636286e-07,-1.11476366627495e-07,-3.85270229525096e-07
"north_west","beta7",2.94176861781693e-07,1.12286641794771e-07,1.06843011112467e-07,9.02721241297622e-09,8.57512110352186e-09,-1.69729237640795e-08,2.23317904984782e-08,-2.78209501786866e-08,3.96934027536661e-08,-4.94963529303034e-08,5.45885273519177e-08,-4.08784971654545e-09,1.24418752427545e-08,1.49333347690896e-08,4.37525342655404e-09,-8.67066705759493e-08,2.46346695107724e-08,-1.67472580251646e-08,1.28568002007711e-07,-8.83023819238173e-08,3.88726955639447e-08,4.28014011108273e-09,5.66411256208962e-09,6.76480205785403e-08,-1.55794485640716e-08,3.56503779292548e-08,1.87076959866704e-08,2.91174209328228e-08,2.83394138162468e-08,-2.33201893585807e-08,2.05541723403318e-08,1.95323525941237e-08,-5.26771806790345e-08,1.43521284587268e-07,-3.04945139054632e-08,1.00167128048667e-07,-2.87964323240253e-07,3.66523699268099e-07,-3.43538665599062e-07,3.82984444173496e-08,-3.50628778417071e-07,6.29245315471962e-07,5.97563683112818e-08,1.99539777369596e-06,1.68048225856148e-07,6.71739249380532e-07,9.22372023959566e-07,1.09880489618057e-06,8.94285006631394e-07,-7.86017914250695e-07,3.05350207091168e-07,-1.30645690517773e-07,-7.62002678804285e-08,5.96235148827808e-07,-6.8693777408661e-08,-1.22739615737761e-08,-2.30094296938205e-06,-5.19379524289011e-10,5.13610774724292e-11,-1.86131820563568e-09,-1.10611568814416e-09,3.53279925127901e-09,-8.06786670331917e-10,-3.74909280192202e-09,-2.74388718341957e-10,-5.24580497254576e-10,-3.19296054124773e-09,-1.78945192144786e-06,-1.56016720226811e-06,5.04329034647828e-07,-4.81664456938846e-08,-2.12439377256442e-07,-1.83577843806319e-06,1.50247010130708e-07,-1.73690784481403e-06,4.46142734482265e-06,-3.45580932907396e-07,9.40398162421579e-10,-4.09488139564032e-05,-7.08556279374023e-06,4.09363687110076e-06,-1.11772255435239e-06,-4.24575337151818e-07,-1.90018105611488e-07,2.46613080507109e-07
"north_west","beta8",-5.71910232400328e-07,-1.81770096255372e-08,-3.22386572101701e-07,-7.40118959597101e-08,-6.7409445703336e-09,1.17323581172455e-07,-9.71400396898978e-08,3.97441409084591e-08,-9.87038467144916e-09,5.17653815796997e-08,-3.9488014238953e-08,7.31637663783048e-09,-4.08385857957635e-09,-9.3363105892636e-09,6.48064609706466e-09,2.05862719940764e-07,-2.43354040197005e-08,2.61300186401648e-08,-1.35145517507741e-07,1.08039956204584e-07,-3.52976003431273e-08,1.43429675041591e-08,-1.68922570859186e-08,-2.35145827922326e-08,2.07929581917902e-08,-3.10754178987442e-08,-5.09170367443604e-10,-1.36494770254119e-08,1.31570376531753e-09,3.28557937594502e-09,-1.85426374395808e-08,3.97412765963286e-08,-2.85622253085698e-08,7.20054027596786e-09,1.28780110776921e-08,-4.77700528922443e-08,1.7122866177658e-07,-3.43538665599062e-07,5.74309872360345e-07,-2.24758028399587e-07,7.28803284679918e-08,4.46870037302334e-07,-3.03080429944658e-07,-1.98594247660315e-06,1.46761278327889e-06,9.10466290693183e-07,-6.45196561804085e-07,-4.0444756161549e-07,-8.56255718229063e-07,3.60729681648678e-07,-3.3881722286077e-07,-2.36896111395672e-07,-8.40482871993571e-07,-1.36856428465937e-06,-2.40365725195285e-07,3.40690694210376e-08,2.31574295307158e-06,1.06114327706133e-09,2.65129418945845e-09,5.4248066342089e-09,2.24625352159115e-09,8.86750391494666e-09,8.73998167251901e-10,4.17183453118528e-09,1.73991414855487e-09,-1.42315248778348e-10,1.22441245956285e-09,3.1755691872149e-06,3.54642909954009e-06,-2.78000303948146e-07,-1.0999453120699e-06,-1.2119275797651e-06,2.41862124132318e-06,5.43407321456944e-07,2.41523276010773e-06,-4.22715373513086e-06,4.69541297932523e-08,6.36981109097881e-11,5.72673642314534e-05,1.45086932258348e-06,3.15166659424799e-06,-2.14981425563899e-06,6.39590229200848e-07,9.2801258865789e-08,-2.02655776663722e-07
"north_west","beta9",-3.58743178921541e-07,-2.66975953718036e-07,3.14495036907697e-07,-2.74519191608575e-08,-4.50668678992747e-09,-1.73316868260091e-07,1.77330113871687e-07,-3.2971583190643e-08,3.89096919077105e-09,1.37480388280114e-09,-6.29974676742965e-09,1.33292769541927e-08,1.01923550988083e-08,4.22972103405702e-08,9.26611719826515e-10,-1.62925687703291e-07,2.55793972056991e-08,2.71497676304163e-09,5.36602935451589e-08,-2.86084830506815e-08,4.20770540444179e-08,-1.09918379448132e-08,7.21494891500892e-08,-3.30622774092198e-08,5.85347739116285e-08,1.37214623764028e-08,3.20490887189118e-09,4.84490745636169e-08,-5.34981867228288e-09,5.19049345034544e-08,4.38435187102976e-09,-1.04954460566858e-08,2.14515482992402e-08,-4.67259052871282e-09,6.89517185682176e-09,-7.26278372267379e-09,1.0008483444808e-08,3.82984444173496e-08,-2.24758028399587e-07,3.04596161625846e-07,1.65353769843309e-07,5.01220504800577e-08,-8.59661722503771e-07,-2.13010698156487e-08,-1.37462176758704e-06,1.86744433118327e-07,-5.54062317556108e-07,7.28109305392314e-07,2.47649442017855e-06,2.29527697342494e-07,-1.09862901084194e-07,-5.04852096933176e-07,1.44622804782852e-06,9.58109968487506e-09,2.02822154100259e-08,-2.58065211049771e-08,9.57844761088058e-07,1.81113567797085e-09,1.84645045158963e-09,-1.02338709905154e-09,8.84043442645832e-10,-4.53067179967735e-09,5.26338131588077e-10,3.54930482998035e-10,1.08102932320982e-09,1.82942213263588e-09,3.66652596817294e-09,-1.93189482960824e-06,1.35715489833995e-06,3.83711597777201e-07,1.31348127011887e-06,1.80021471791302e-06,-2.37797316006347e-06,-2.40515431664363e-06,-9.54219350463725e-07,2.8289750134229e-06,4.57203438356001e-07,4.48435813090915e-09,-7.60636109678714e-05,-3.66510143973058e-06,-5.69835243367246e-06,-9.69059912932071e-06,-6.80538404471925e-07,1.91496892693404e-07,-2.10556936556455e-07
"north_west","mu_D",3.89493294591614e-05,8.26907235071258e-07,5.93941197100785e-07,8.61557451931295e-07,1.19236877504299e-06,9.69218900276658e-08,2.1800904859156e-07,2.35382142722771e-07,-3.45963550673797e-08,-1.80020476836424e-06,1.91074421118702e-06,-6.28754610838207e-08,-1.97399098396506e-07,1.1146849068799e-07,-2.905085592699e-07,1.22054140087824e-05,-5.76686987318108e-07,1.30334838122883e-07,-7.92576906699104e-07,2.30334147204698e-07,-4.29303172538115e-07,-3.94883287154845e-07,-9.44536858084338e-07,8.02693150369365e-08,-1.26844244534269e-06,-6.18190785423646e-07,-1.42571214633793e-06,-6.3200761382491e-07,-1.04299878488882e-06,-9.39622081261197e-07,-2.55677363385158e-08,-1.33956533223219e-06,2.47427683923828e-07,-9.42174188764111e-07,4.99611052830784e-07,-4.83191431007516e-08,2.78216394723011e-07,-3.50628778417071e-07,7.28803284679918e-08,1.65353769843309e-07,0.000268140238289889,0.000109392573668304,3.32006042086704e-05,5.24802815808629e-05,0.000101449858709918,5.0278044221347e-05,5.50912494270599e-05,-1.11191054043546e-05,-3.01972548290476e-06,-2.06981972651525e-05,-1.51761806156158e-06,2.11507449886083e-06,-3.14874503620069e-05,-8.71299753568055e-05,-3.80071895479003e-06,4.01769454549827e-06,-6.89083881908276e-05,-8.38693483125259e-08,-7.45201386638835e-08,-1.42741704682273e-07,-5.72249712598489e-08,9.25102877973541e-08,-3.24996197997143e-08,-6.13522864653836e-08,-8.26863765180665e-08,-7.45154189837265e-08,-1.46943896611448e-07,-2.38326370890311e-05,0.000152353182136174,-4.55824551312074e-05,-5.67535877239132e-05,-4.30002090914937e-05,5.58749119662542e-05,1.66175732258146e-05,1.18414014914706e-05,-6.72207263129765e-05,7.13521939556597e-07,1.36625461853442e-07,0.000546903413821822,-0.000249100996787939,4.61177328627979e-05,0.000564258479498679,2.37269684098424e-06,5.17717360017098e-07,1.30309347040531e-05
"north_west","mu_D_2",1.58172590955585e-05,-2.15327278057233e-05,1.2273975844388e-06,1.72365730399115e-06,2.21884059763525e-06,-1.85401620456248e-07,2.47759699010231e-06,-9.82904755381038e-07,1.35203163250607e-06,-1.19348961691505e-06,4.07353502710214e-07,7.18076598201107e-07,-2.90970543857876e-08,1.48621077627295e-06,4.80502370413963e-08,6.06376567835813e-06,2.76812352535826e-07,5.34358137281163e-07,1.04843845365023e-06,1.30322419508385e-07,2.69133428024134e-07,7.14316576427279e-07,-1.90455726184667e-07,1.57936199969983e-06,-1.2763606878376e-07,2.85475175011416e-07,-7.5711099166251e-07,1.13153065589513e-06,4.92030861564669e-08,5.22250186057338e-07,-6.03076172384667e-08,-1.31045886491781e-06,1.54396018658074e-06,-3.62984566147983e-06,3.06124467036344e-07,5.73143219990507e-07,-1.26805437429725e-07,6.29245315471962e-07,4.46870037302334e-07,5.01220504800577e-08,0.000109392573668304,0.000271852717673343,8.05123686731634e-05,0.000164549659911468,0.000103301862029269,0.000181830654261813,2.99089468559026e-05,5.49783257853011e-05,8.11391028523048e-05,-3.80593471392812e-05,7.15703871128446e-06,-3.46095238690591e-05,3.54662582381271e-05,-0.000125933211162139,-8.80202938712951e-06,2.13467955982944e-06,-6.21065017606877e-05,1.49778257712796e-09,-8.31399215438203e-08,-2.52932000405833e-08,-1.08852373622639e-08,4.20439536062709e-08,3.23277672577803e-08,-1.46223253562894e-07,7.5511910529031e-10,-1.33789012510286e-08,-6.70539842117077e-08,-4.96409142943309e-05,-8.4277144971568e-05,2.84578311479278e-06,3.78493656271361e-05,4.79615764351388e-06,-2.30988834819007e-05,-8.46853453248064e-05,6.53134745850885e-05,-2.83272254311112e-06,-1.78688394793189e-06,1.03799126993835e-07,-0.00136661705673476,-0.000299846922237581,0.000375911388601397,0.000372591069571351,-1.10582701612894e-05,-1.37548151318392e-06,1.19414893759806e-05
"north_west","mu_D_3",1.44102546279181e-06,0.000100245524136354,-9.29922884313407e-07,8.53904023410989e-07,2.21470246449784e-06,3.70659950287364e-07,-9.23471658334044e-07,-5.2680884818776e-08,1.24048615927771e-06,-2.84892278074953e-06,1.06676712592406e-06,-1.28509144536803e-06,5.43506212622313e-07,-2.87365330699846e-06,1.30365474031063e-06,2.6523220882726e-06,-2.59914870425469e-06,7.94500158165961e-07,-1.44610223440502e-06,-4.7995253103199e-07,-1.69526148858931e-06,-1.15926843181915e-07,-3.08568330119886e-06,2.77637803514759e-06,-5.78289391403826e-06,5.98006096353706e-07,-9.93943528591162e-07,-2.08430372538732e-06,-1.45458657407301e-06,-2.36960077182349e-06,-1.66295016176791e-06,1.3455448378341e-06,-3.14160000385866e-06,-2.54644040668746e-06,3.48817539465402e-07,-7.51814323939999e-07,5.665631406563e-07,5.97563683112818e-08,-3.03080429944658e-07,-8.59661722503771e-07,3.32006042086704e-05,8.05123686731634e-05,0.000894549190752175,0.000481540735391907,0.000395385698354144,-0.000283199970538909,-4.95705421867911e-05,-0.0001465804342874,-0.000244957304325538,-4.8883616781036e-05,7.86786995825573e-05,5.21914661411615e-05,2.59953680088651e-05,-7.16626806669456e-05,-1.04833779855441e-06,-5.16168387585316e-06,-5.54844687276584e-05,-1.41136837212043e-07,-1.23279664487241e-07,-1.03721032122976e-07,1.379329530766e-09,-2.79987866882771e-07,-5.27335302538322e-08,-1.71200759424346e-08,-1.6872903440572e-07,-1.0133455855855e-07,-3.32801578822243e-07,-0.00014656888481603,-0.0022735539542191,0.000394709025884346,-3.57284331952613e-05,0.000107844154976917,7.43794643315179e-05,5.36093111692648e-05,-0.000207888009165517,-4.36074597050094e-05,-6.8245083842814e-06,3.0409334831609e-07,0.00259946109116302,0.000239663582732406,0.000642976835667612,0.00081087289915171,2.02459589064094e-05,-6.39537775493402e-07,3.03590543306035e-05
"north_west","mu_D_4",-5.41881477581663e-07,-5.01266799814926e-05,-1.28692083652412e-07,5.73424189347144e-07,2.87269280996676e-06,-4.46946940698727e-07,1.80843005713006e-06,-2.33372791068975e-06,3.43770423792341e-06,-3.45252494404623e-06,1.66209797676347e-06,-3.05566278224373e-07,6.16777971632386e-07,-1.12037751027065e-07,1.37162406221217e-06,-7.34465488321608e-06,-1.25361082135156e-06,9.06252321626084e-07,6.489349067259e-07,-2.00278144888919e-07,-6.69487099146283e-07,1.17643144695938e-06,-1.84800187542907e-06,3.71850255157546e-06,-2.26982792195061e-06,-1.41473330901921e-07,-8.17963826561537e-07,3.11282176809828e-07,5.9879572428533e-07,-1.79943141133696e-06,-1.31741255103849e-06,-1.0783770108199e-07,-9.15906883469617e-07,-2.87471197406547e-06,8.51490645650435e-07,-1.33049180955898e-06,3.66084108460531e-07,1.99539777369596e-06,-1.98594247660315e-06,-2.13010698156487e-08,5.24802815808629e-05,0.000164549659911468,0.000481540735391907,0.000662162577415484,0.000298384542042845,3.54903716932412e-06,-5.88122150261362e-05,1.72188979744049e-05,7.56084097065375e-06,-6.78487350623984e-05,6.32689218870712e-05,2.20190077134141e-06,3.40250896389921e-05,-7.69481777598862e-05,-1.4476419832666e-06,-3.72198263353325e-06,-0.000124222360964122,-6.02094343712075e-08,-8.26142267451457e-08,-4.35961425080762e-08,-4.5889192524097e-09,7.76274586254346e-08,1.61276081112902e-09,-1.89302507635725e-07,-2.70906991646483e-08,-1.72466489490449e-08,-1.78594804781396e-07,-9.80248015531221e-05,-0.00137926399783356,-6.62279232790342e-05,0.000177263275407233,6.86770316818475e-05,-8.36708984363109e-05,-7.28587718290747e-06,-8.15007612133349e-05,0.000132491541146248,-9.24364294393121e-06,4.51275526398819e-07,-0.000416939868980811,-0.000139704281960735,0.0011897618925584,0.000400965354581695,-6.23610066997613e-06,3.23383603554386e-06,3.75384147818487e-05
"north_west","mu_D_5",2.06731822355614e-05,6.78888398821798e-05,1.42395621975542e-05,-1.17625560923367e-06,2.94835722137642e-06,6.60348704100088e-07,-1.72884241199318e-06,-3.60383796418784e-07,2.07605243662469e-06,-3.01140183233255e-06,4.73419879622381e-07,-7.18236749145521e-07,3.72444322802594e-07,-1.21518232282411e-06,-4.42024649756795e-07,9.40977223606927e-06,2.07869165093003e-07,-1.34138516903994e-06,1.78406337878254e-07,1.53315648740921e-06,-1.13678780140293e-06,-4.13741580131243e-08,-2.89719607888921e-06,3.50919798633718e-06,-5.17922614274907e-06,-3.1027726731142e-07,-5.82463629695185e-07,-1.42521319988741e-06,-9.46052555111237e-07,-2.84306078339486e-06,-1.21270700737461e-06,2.73442650754454e-06,-7.659520583994e-06,7.56771952065534e-06,-2.10483753461163e-07,-6.00013426906793e-07,2.73180291937172e-07,1.68048225856148e-07,1.46761278327889e-06,-1.37462176758704e-06,0.000101449858709918,0.000103301862029269,0.000395385698354144,0.000298384542042845,0.000982747098626983,-7.00698394380517e-05,1.10926962603438e-05,-1.95900356362715e-05,-1.31742513864238e-05,-8.34133043449548e-05,5.03233178331977e-05,3.85386505435279e-05,-3.95380992869252e-05,-7.01090003871959e-05,-4.65424076237793e-06,-1.57114031741879e-06,-5.22590880220294e-05,-2.86035679928745e-07,-8.33651290916106e-08,-2.59206165222651e-07,-1.26231782791693e-07,1.38563060694077e-07,-1.36621807362892e-07,-1.31311628219841e-07,-9.557240308951e-08,-8.05354098416136e-08,-3.8822595626128e-07,-1.69186309214356e-05,-0.000976286071000678,0.000130744832061213,-0.000590053134881401,-8.4108384256e-06,1.46141338165261e-05,5.50921856618959e-05,-9.41813575260775e-05,7.05441029228633e-05,1.91794031044405e-06,2.2564187946225e-07,0.0017455848697487,-0.000107833361041843,0.000610288235579256,0.00132692146278064,8.81701782949483e-06,-4.96200674795714e-06,3.27796844377252e-05
"north_west","mu_gamma_H",-1.54238542942415e-05,-7.13586793949921e-05,1.84204337802639e-06,2.50959625337505e-06,3.61448061026878e-06,-3.96475896256532e-07,4.50150290658946e-06,-1.784395195371e-06,1.19306868025502e-06,1.08246300023538e-06,-1.10804074264253e-06,1.74225183517687e-06,1.12211760523248e-06,4.31619761854399e-07,2.34499247016863e-06,-7.9211584987123e-06,1.93355460857466e-06,1.45573688948699e-06,3.25913382542743e-06,1.6200895088365e-06,1.29637585065261e-06,3.16988358422719e-06,2.59548508546452e-06,2.16831864622597e-06,6.95881180609269e-06,-9.19984794393267e-07,-2.73500721036442e-07,5.75424086534126e-06,2.77307658839351e-06,3.92990649364117e-06,1.23336308184651e-06,-2.9950217135905e-06,1.02046894199095e-05,-1.39472347525534e-05,9.34149381835173e-07,-8.49239817139928e-07,1.25179599406178e-06,6.71739249380532e-07,9.10466290693183e-07,1.86744433118327e-07,5.0278044221347e-05,0.000181830654261813,-0.000283199970538909,3.54903716932412e-06,-7.00698394380517e-05,0.000969891573531379,-6.95411052976092e-05,0.000371727590167402,0.000373642063619746,-7.2288010745196e-07,-1.37146009675823e-05,-0.000114127218541224,-2.85509920859676e-05,-4.53934676785391e-05,3.91538723497311e-06,9.48650395967686e-06,1.52230299298858e-05,8.94210325058342e-08,9.16061784737936e-08,-3.31550089825549e-08,-4.29149319621119e-08,2.19933913192087e-07,8.7111708360527e-08,1.91142602076316e-09,1.69031271364427e-07,7.91378527596713e-08,3.84040418799741e-07,1.76999672640851e-05,0.000885704818270831,-0.000171162448551774,0.000126491821895156,-0.000221331592986321,-9.38072176489071e-05,-9.50070258080444e-05,0.000395393744831174,4.75274883498813e-05,7.67853844109649e-06,3.89861837342143e-07,-0.00519125573428073,-0.000370862401672173,0.000123201250417765,0.00027089859479053,-4.3384825694855e-05,-2.19429970657689e-05,-1.21391628986587e-05
"north_west","mu_gamma_H_2",-1.81789780114714e-05,2.07617020877805e-05,-1.83232919873663e-06,1.50108521083313e-06,5.82855704169907e-08,-1.65268202697301e-08,9.64132676640455e-09,-9.89389588266295e-07,9.00809988840367e-07,-1.63009616055186e-06,-1.3056882588194e-07,2.3328632606565e-07,-6.2596332327678e-07,2.38589868095405e-06,-5.43917103857696e-07,4.02611572815777e-06,-2.39351504015123e-07,-1.38542218267045e-07,8.05976045834923e-07,-2.41347299538073e-06,3.60665673290552e-07,-5.12033044212861e-07,-3.36784053091643e-07,9.13876291018069e-08,-6.29465208924328e-07,-1.11787540420564e-06,2.37449842775301e-07,4.80921259177013e-07,-1.04762298934929e-06,-3.44365851926417e-07,4.39422937758658e-07,-1.57406052722918e-06,-2.06698395086718e-06,7.66475431264222e-06,-8.9322819141318e-07,1.39116805529721e-06,-1.43993203411544e-06,9.22372023959566e-07,-6.45196561804085e-07,-5.54062317556108e-07,5.50912494270599e-05,2.99089468559026e-05,-4.95705421867911e-05,-5.88122150261362e-05,1.10926962603438e-05,-6.95411052976092e-05,0.000524082247664983,-7.67092932796698e-05,-5.43534883112067e-05,8.26108440492951e-06,-6.40001033830664e-06,2.69635802694799e-05,-4.03967511765699e-05,-4.90219243876748e-05,-1.20119166046998e-05,-3.85588752202321e-06,-2.77677317175827e-05,8.26733171186558e-09,-8.69999266148858e-08,-1.04063004882587e-07,6.28907759781532e-09,-3.89144898727506e-07,-3.74779448996847e-08,-1.57345768487487e-07,-5.49749746003405e-09,-5.02062634367548e-08,-5.3828330521431e-09,-4.41996979774312e-05,0.000478558281029264,-0.000156374890381039,-1.00910511315496e-05,-0.00046082452378739,0.000350359530798037,7.04136507002523e-05,0.000501747173480678,-0.000498915991362147,7.7234695963223e-06,-2.07129194459617e-07,-0.00201920986204483,-8.59610820593387e-05,8.11615261018246e-05,0.000278653395101687,-1.81711746528444e-05,1.40476061120942e-05,9.74772184972448e-06
"north_west","mu_gamma_H_3",-1.93604989179994e-05,-4.4396000511424e-05,1.30657093907803e-05,1.53832098381125e-06,2.41076304220354e-06,2.93632526529288e-07,2.36149050757728e-06,-1.17245851206881e-06,1.32304337282728e-06,4.96830772793113e-06,-4.43978143346601e-06,1.03258501457723e-06,5.13983597666251e-07,-1.75781523043109e-06,8.84050463364863e-07,-2.24013011833839e-05,4.34035390044914e-06,-1.27512575666694e-06,3.57574161055184e-06,3.73330972670076e-06,4.45980621076185e-08,3.27847113838599e-06,9.91835242454588e-07,3.24584717222015e-06,4.6702595557254e-06,1.4059060139978e-07,4.66353230772943e-07,3.8668689610304e-06,2.62921319434458e-06,2.4336074239982e-06,1.76348678899538e-07,-1.32411257427028e-06,6.05124297927721e-06,-1.00600263233433e-05,1.03381687819085e-06,-1.77177309132535e-06,1.6851485758886e-06,1.09880489618057e-06,-4.0444756161549e-07,7.28109305392314e-07,-1.11191054043546e-05,5.49783257853011e-05,-0.0001465804342874,1.72188979744049e-05,-1.95900356362715e-05,0.000371727590167402,-7.67092932796698e-05,0.00080302507477813,0.000743896370623564,-4.00562911153954e-06,-1.30410728459443e-05,-9.57851007728297e-05,1.6916716258545e-05,-1.27061811091953e-06,4.12860191909256e-06,1.08986351905916e-05,7.10811447314573e-05,6.05491765978067e-08,1.40022734126739e-07,-2.42151674940656e-08,4.31709886188146e-08,-1.92231425947004e-07,-7.28464106451554e-08,7.7092055466472e-08,1.85147967723557e-07,9.64302085749639e-08,1.68305401641843e-07,7.1657463531046e-05,0.000663580690972304,0.000112001061421978,0.00014797893094502,-0.000283564213768977,-0.000418077770692369,-0.000110312642671157,0.00029259639892055,0.000609125563372538,8.86187479723478e-06,3.20341501228489e-07,-0.000472226274289404,0.000498826718029039,0.000324315778839078,-0.000576933528224129,-3.57185566627045e-07,-3.65049216078212e-05,-4.18242519412407e-06
"north_west","mu_gamma_H_4",6.29165651068294e-05,-2.29234144946845e-05,3.92351266661953e-06,-6.72629207366345e-06,1.36769076268276e-06,-1.24805027091744e-08,3.62655111286286e-06,-2.29841413140034e-07,-4.25532006438064e-07,5.84032234196882e-06,-2.1304391752544e-06,1.11569467309009e-06,4.81487949037983e-07,-2.82552185994065e-08,1.11099965201253e-06,-4.31592236018449e-05,5.25402811252063e-06,-1.85131813985564e-06,6.63698544355382e-06,1.16119149236338e-06,2.6393308829969e-06,2.17481995211192e-06,3.92368852595295e-06,2.67982295257747e-06,8.38999795927974e-06,2.27514985664788e-07,9.28040992816979e-07,5.28017386334098e-06,3.72791358270647e-06,5.27481341032421e-06,5.16885907401237e-07,-4.67779348035151e-07,6.03139282749742e-06,-1.88155031266223e-06,1.46712030922374e-06,-1.643033809564e-06,5.6118324794227e-07,8.94285006631394e-07,-8.56255718229063e-07,2.47649442017855e-06,-3.01972548290476e-06,8.11391028523048e-05,-0.000244957304325538,7.56084097065375e-06,-1.31742513864238e-05,0.000373642063619746,-5.43534883112067e-05,0.000743896370623564,0.00127433212199251,-5.0248374348169e-05,-1.85376605115045e-05,-0.000116973991738549,1.12753670987418e-05,-3.40469488568345e-05,4.8765758286674e-06,1.36182999524739e-05,0.000167608685022214,1.11025233901391e-07,1.86096935395308e-07,1.80921202646399e-07,1.02300464691086e-07,1.60995756680009e-07,-3.84322417930814e-08,1.60301562651668e-07,3.0768767194182e-07,2.05261909805177e-07,3.88661169943986e-07,0.00017890591799985,0.000876888855101015,0.000336795627454329,0.000177072694474515,-0.0002327499114986,-0.000811959772718991,-0.000226442621770004,0.000302519025469917,0.00106209755165088,3.25605396480597e-05,6.6691541092753e-07,-0.000905217175378918,0.00042186304797945,-0.000352906036275778,-0.00171839271345748,-3.27421500035648e-07,-3.86930541510038e-05,-3.44786490835364e-05
"north_west","p_G_D",-3.5132870330152e-05,-1.06955374077877e-05,8.52156940777619e-06,1.49551111435462e-06,-1.94907072141339e-06,-8.13319430771587e-08,-1.70775235167324e-07,3.95041586717753e-07,-7.17106687671339e-07,1.4925583514753e-06,-1.62749170464123e-06,6.981924189873e-08,-1.99419952757088e-07,-4.99118050673852e-07,1.84936792568568e-07,5.80567352175728e-06,-1.9856848032467e-07,7.69159924200676e-08,-1.25845196385364e-06,1.28619456172789e-06,-8.21031845563818e-07,3.75289950194155e-07,-6.43319406214555e-08,-1.24127283411793e-06,4.58159408074742e-07,-6.94086390499995e-07,2.02989895751718e-07,1.7951808201025e-07,-7.29335808344485e-07,-9.61722562771165e-08,2.60312380339189e-07,-1.45431793478022e-06,2.027007400979e-06,-4.97480043651716e-06,-1.2115684317625e-07,5.2658905750416e-08,6.20674268056458e-07,-7.86017914250695e-07,3.60729681648678e-07,2.29527697342494e-07,-2.06981972651525e-05,-3.80593471392812e-05,-4.8883616781036e-05,-6.78487350623984e-05,-8.34133043449548e-05,-7.2288010745196e-07,8.26108440492951e-06,-4.00562911153954e-06,-5.0248374348169e-05,9.34256285339888e-05,-7.77685282931231e-06,2.79919653638878e-06,-3.58156300258093e-05,3.15041392101848e-05,1.23656013640703e-06,5.34981105542411e-07,4.07620051389117e-06,-4.59702741557445e-09,-3.24896034675084e-08,-5.51374035215782e-08,2.67831873402548e-09,-3.64330156804485e-07,-3.43781998854886e-08,7.1850125454049e-08,-1.77186362030193e-08,-8.39124609538134e-09,5.47722315340479e-08,1.95960954252865e-05,0.000116436159808418,-6.10084811089018e-05,5.75749803545455e-05,-1.72059007226397e-05,6.18641963451162e-05,4.98199838928559e-05,1.11938613710087e-05,-7.59617649872831e-05,8.2712605158572e-06,-1.97940082102567e-07,0.000348039286142198,0.000100119046849662,-0.000266955799740659,-0.00045671519080916,3.14878570133052e-06,-1.75094455549281e-06,-3.38909064263852e-06
"north_west","p_G_D_2",2.61327909797246e-06,1.16245621043928e-05,-1.27985374182343e-06,-2.85515578314053e-08,2.52722421852215e-07,1.66431617024509e-09,-2.28299129506845e-07,-2.46222573514517e-09,8.35674965758269e-08,-2.15302068025938e-07,6.29520309492244e-08,-1.1353575071894e-07,6.54943808999001e-08,-1.95417125883646e-07,5.44748983419006e-08,-1.39766900831533e-06,-1.88419374246361e-07,3.04659004619129e-08,7.70860546530815e-08,-2.38572702849019e-07,-1.56067612862674e-07,-2.99136444483288e-09,-3.36223369771911e-07,3.32588029060317e-07,-5.5443600876599e-07,-5.39890009914007e-08,-6.94288270407089e-08,-2.30567571030783e-07,-7.10666575981944e-08,-2.42637704190295e-07,-2.59625790560176e-07,1.12142907871332e-07,-7.94382012021103e-08,-7.73194779448505e-07,3.7480184331437e-08,-9.43130757201037e-08,-1.77706106601416e-07,3.05350207091168e-07,-3.3881722286077e-07,-1.09862901084194e-07,-1.51761806156158e-06,7.15703871128446e-06,7.86786995825573e-05,6.32689218870712e-05,5.03233178331977e-05,-1.37146009675823e-05,-6.40001033830664e-06,-1.30410728459443e-05,-1.85376605115045e-05,-7.77685282931231e-06,1.41598211404974e-05,4.20413476201678e-06,3.7328059952964e-06,4.01049010820704e-06,1.35549094784135e-06,-2.25939915540108e-07,-1.13913186084831e-05,-2.53616480340005e-08,-2.24893274846564e-08,-9.81681678725532e-09,-1.10905753248664e-08,2.96028101013754e-08,-5.91157074602107e-10,-2.63922100846148e-08,-1.3082323692007e-08,-6.0491879596757e-09,-6.34101413065337e-08,-6.82246370372474e-06,-0.000248004745552891,2.78924179302414e-05,-1.02901166820334e-05,8.92133832120624e-06,4.92026174712114e-06,7.60600877242197e-07,-2.22984309256157e-05,4.73220702110138e-06,-1.79275306663418e-06,4.56355095960355e-08,8.09473231713311e-05,3.62068726365902e-05,0.000119350103014631,6.66828705313344e-05,-1.88915366685762e-07,1.19741573629876e-06,4.77974104152371e-06
"north_west","p_H",4.82934360237675e-06,1.40067794732373e-05,3.95992864422897e-08,-1.23825668693846e-06,9.63283549021764e-07,-3.20733888300154e-07,-1.64000111559552e-06,-8.60993303898063e-08,-2.02718287154592e-07,-1.53181157613105e-06,5.56253250783943e-07,-7.14147479290062e-07,-4.55398824054057e-07,-7.98121311942288e-07,-8.10327813736429e-07,3.93615235769196e-06,-1.06643537147946e-06,-8.33307935731447e-07,-1.19740231406603e-06,-8.21544502551204e-07,-9.32736266300446e-07,-1.29659848635291e-06,-1.70425440421468e-06,-1.2464807352166e-06,-2.39140621666014e-06,-1.0197433295026e-06,1.32273569669352e-07,-2.35113574090286e-06,-1.9431388766009e-06,-1.91369276171281e-06,-7.44237566750135e-07,-2.97807783645796e-07,-2.33119740135017e-06,1.0685498291069e-06,-5.86744324585624e-07,1.11434196674498e-07,-7.9016817803777e-07,-1.30645690517773e-07,-2.36896111395672e-07,-5.04852096933176e-07,2.11507449886083e-06,-3.46095238690591e-05,5.21914661411615e-05,2.20190077134141e-06,3.85386505435279e-05,-0.000114127218541224,2.69635802694799e-05,-9.57851007728297e-05,-0.000116973991738549,2.79919653638878e-06,4.20413476201678e-06,8.3795987431348e-05,7.41347339977658e-05,-2.92650511702462e-06,-1.70610285945263e-06,-5.88137905879425e-06,2.19683972914303e-06,-1.28495874204863e-07,-1.04667749411595e-07,-1.6858285447014e-07,-1.08499899752039e-07,-1.45007867710331e-07,-4.89393450162791e-08,-4.50978364026202e-08,-1.03940629577205e-07,-7.96049116625059e-08,-1.41019588260351e-07,-1.65577593022161e-05,-0.000131912940461129,2.53415125726601e-05,-6.3289544830453e-05,-7.73936529147679e-05,7.49164590141854e-05,1.97476244545912e-05,7.47800160579696e-06,-9.12384591927796e-05,-7.0358114174234e-06,-5.11218746746693e-08,0.00176003941660495,0.000140028693747412,2.76566342998761e-05,0.00105354366841224,8.36408749014686e-06,1.01451532247063e-05,1.92844344294137e-05
"north_west","p_H_2",5.07806247193522e-05,4.95067807105958e-05,-2.56764766616135e-06,-2.75589897935162e-06,3.80046375713441e-06,-2.36003467935282e-06,4.48655211033858e-06,-3.02698400740202e-06,7.75434181234452e-07,-1.07461834805654e-07,-2.87623522179131e-06,-5.09486604307172e-07,-2.78414202694407e-07,2.94641862723465e-07,1.06545707665489e-07,-1.1908514841354e-05,-1.09886348154308e-06,6.45007802582431e-07,-8.99587245218055e-07,-2.20146244227908e-07,4.10063860626363e-07,-5.48078628943967e-07,8.91532877508389e-07,-4.27632655691482e-07,2.38888159949577e-06,1.99751585901713e-07,-9.5363767118495e-07,-2.78361278552555e-06,-3.57256879557984e-07,2.81736167590212e-06,-5.2707457134798e-07,3.15731870332368e-06,-2.32938086715507e-06,4.72170856659132e-06,3.63369855235613e-07,3.73138280497439e-08,-1.3244894948575e-06,-7.62002678804285e-08,-8.40482871993571e-07,1.44622804782852e-06,-3.14874503620069e-05,3.54662582381271e-05,2.59953680088651e-05,3.40250896389921e-05,-3.95380992869252e-05,-2.85509920859676e-05,-4.03967511765699e-05,1.6916716258545e-05,1.12753670987418e-05,-3.58156300258093e-05,3.7328059952964e-06,7.41347339977658e-05,0.00137758456480295,-4.09990423480904e-05,-1.46311886532112e-06,-1.18240211131414e-05,4.202971461233e-05,6.82399918250853e-08,-6.06847627707307e-08,7.91073641366873e-08,-9.64224695889117e-08,2.37242920494118e-07,1.03796183175984e-07,-2.05693305226146e-07,-2.67099788506847e-08,7.05070981565585e-08,2.45326617468992e-08,-0.000126233541516663,-3.84582105076903e-05,9.35227954115952e-05,-1.48367876060945e-05,-6.28535417784222e-05,-0.000158999128298912,-0.00113775971267208,0.000132546138161756,-2.98103697466902e-05,-5.71134582110979e-05,1.97819970481775e-07,-0.0015773979145529,1.17937197751358e-05,0.000157350742041593,0.00114077128545978,-3.10573384188079e-06,6.71132261874758e-06,-1.26357668293471e-05
"north_west","p_H_D",-1.10969866837595e-05,-2.46614997185802e-06,8.19229368621112e-07,1.45786209941008e-07,-1.46192704667794e-06,6.00180715677122e-09,-1.33360860761376e-06,4.40306432212262e-07,-7.1317357508015e-07,1.20213354119607e-06,-1.05586683406404e-06,-3.31897047939485e-07,-5.40022559234814e-09,-1.14669575789265e-06,-3.96654012545804e-10,-2.91068265461343e-06,-6.48363307213439e-08,-4.34362961511972e-07,-1.59188088484896e-07,2.50654441509489e-07,-8.26774884185098e-07,1.71630565613711e-07,-6.47575190582885e-07,-1.18417917129392e-08,-6.10937136956154e-07,-1.67882388259061e-07,5.41853172785586e-07,-8.81336381673552e-07,1.34529686189947e-07,-9.49476650274208e-07,2.01212222121792e-07,-2.82270265437735e-07,7.22650405584642e-07,-1.41544973623411e-06,-8.52541834781054e-08,-4.92874589553222e-07,-1.23363543747242e-07,5.96235148827808e-07,-1.36856428465937e-06,9.58109968487506e-09,-8.71299753568055e-05,-0.000125933211162139,-7.16626806669456e-05,-7.69481777598862e-05,-7.01090003871959e-05,-4.53934676785391e-05,-4.90219243876748e-05,-1.27061811091953e-06,-3.40469488568345e-05,3.15041392101848e-05,4.01049010820704e-06,-2.92650511702462e-06,-4.09990423480904e-05,0.000126329601930817,8.1979093936537e-06,1.909240847059e-06,-8.41255429673177e-06,-2.13562290351778e-08,3.31870841119568e-08,-3.19018678792933e-09,-3.93534892310313e-08,-2.68759684876195e-09,-1.75020943928286e-08,7.20089513340165e-08,-2.28328854875997e-08,5.23029198485914e-09,-3.86618782773676e-08,2.66959694161999e-05,-4.7509985125731e-05,-4.91414175883779e-06,-7.0939485527645e-06,3.67575024671319e-05,-1.71381865013697e-06,4.14281925370988e-05,-8.91503918349152e-05,4.4159684239563e-05,2.12766064518095e-06,-1.14216957594964e-07,0.00084352157770844,0.000229701424674495,-0.000136203809223333,-0.000254657253872614,7.19117938500741e-06,-8.16414164659606e-07,-2.82133366056683e-06
"north_west","p_ICU",-3.87086278626633e-07,3.11518920921569e-06,8.334773810936e-07,1.17518579873526e-08,-3.01200884546646e-07,-1.91628327886658e-07,3.01479591476187e-07,-2.55872531708476e-07,-3.54671759554448e-08,5.87399227434012e-08,-2.30260390382104e-07,-4.12119428378327e-09,-1.26320088186872e-08,-1.02249530978453e-07,5.10026612317635e-08,-1.58693017341775e-06,-3.92885151883829e-09,3.13716692729887e-08,-8.83246575198364e-08,2.37398097422851e-07,-1.77113471928377e-07,1.4013851272774e-07,-6.85651080044786e-08,1.12787751614318e-07,7.3403119710132e-08,-2.11989087167323e-07,-1.13024382432753e-07,1.99279572382321e-07,-4.26350424699374e-08,-5.04282007467375e-09,7.26119408441618e-08,-3.99808991736931e-07,5.54624579625033e-07,-1.21122581559747e-06,2.24066744891642e-07,-3.5572842244719e-07,1.35296919995947e-07,-6.8693777408661e-08,-2.40365725195285e-07,2.02822154100259e-08,-3.80071895479003e-06,-8.80202938712951e-06,-1.04833779855441e-06,-1.4476419832666e-06,-4.65424076237793e-06,3.91538723497311e-06,-1.20119166046998e-05,4.12860191909256e-06,4.8765758286674e-06,1.23656013640703e-06,1.35549094784135e-06,-1.70610285945263e-06,-1.46311886532112e-06,8.1979093936537e-06,1.06627592549525e-05,-8.12988831557661e-08,5.99321032850373e-06,1.30016291001711e-08,-3.70686504541545e-09,2.95720256738971e-09,-2.28386360138888e-09,-1.58582859047903e-08,5.30630819259103e-09,3.30994113475451e-09,1.10991387899103e-08,7.14180738749242e-09,1.56240100637789e-08,1.24612216182329e-05,-3.08502875078243e-05,9.29482236338967e-06,3.00762353793349e-06,1.40851876241239e-05,-1.36769983930951e-05,3.51167990894608e-06,-7.14021550110472e-06,1.58848288542749e-05,4.45651514159234e-07,-2.21265888513891e-09,-0.000236756517256364,8.09424951481811e-05,-1.89395470450734e-08,-8.16093241738088e-05,-1.54152793750547e-06,2.500480960502e-07,8.63480015570018e-07
"north_west","p_ICU_2",2.21179609688654e-06,1.4281770565832e-06,8.06914191089175e-07,-3.99645643643577e-09,1.07480431662441e-08,8.70105635921975e-08,-1.19140643809934e-07,1.03508854906568e-07,-7.25118519980431e-08,9.28959009158052e-08,-3.05750708575775e-08,-1.43123888713878e-08,8.31238432378728e-09,-1.17714320661679e-07,-3.55096281539626e-08,-4.28264772942701e-07,4.33645542765568e-08,-7.7208878770663e-08,5.67080339366077e-08,3.70633155086145e-08,-6.87829318640656e-08,-3.66359655495563e-08,2.29774103301233e-08,-7.73132177044401e-08,-5.49907463715021e-08,3.36293552973619e-08,-9.64474807497631e-09,-1.1565137181587e-07,1.06428322987342e-08,-1.39494332566195e-07,-2.54147136318147e-08,-8.15057375137261e-08,2.62710616936741e-08,-1.3759749752704e-07,9.98119441548066e-09,2.89018823714794e-08,1.31111656679903e-08,-1.22739615737761e-08,3.40690694210376e-08,-2.58065211049771e-08,4.01769454549827e-06,2.13467955982944e-06,-5.16168387585316e-06,-3.72198263353325e-06,-1.57114031741879e-06,9.48650395967686e-06,-3.85588752202321e-06,1.08986351905916e-05,1.36182999524739e-05,5.34981105542411e-07,-2.25939915540108e-07,-5.88137905879425e-06,-1.18240211131414e-05,1.909240847059e-06,-8.12988831557661e-08,3.0312145007213e-06,3.36187597780857e-06,-4.72036454733396e-09,-4.22776081426198e-09,2.57667502224782e-09,-6.38508983620823e-09,7.70460788526032e-09,3.2329676268352e-10,6.57345144441442e-09,-2.69446660394966e-09,-9.38740670343285e-11,-2.84224120988349e-09,2.01650825638659e-05,1.42761725265068e-05,2.08860623889824e-06,8.64728359772132e-07,6.0068515175571e-06,-6.94517032582904e-06,1.95436717274035e-06,-2.59010240140736e-05,1.22731208690165e-05,4.92892447123403e-07,-1.31046394686718e-08,0.000104216523731907,2.78271743925611e-05,1.85593538245168e-05,-4.59992878842513e-05,1.18593036040655e-06,-1.13397063826012e-08,1.01537761508315e-06
"north_west","p_ICU_D",1.21875406576033e-05,4.27664400440524e-05,1.17253205389923e-05,-3.76476683711426e-06,-1.01356035170922e-07,-4.22294732697211e-07,5.81687460824517e-07,-4.48263907632832e-07,3.30256309580203e-07,-2.16290433941897e-06,2.02039332942697e-06,-9.69231193242921e-08,2.02665974289057e-07,-2.876043969358e-07,-7.75957015598362e-07,-1.14470139178783e-05,1.28820759072611e-06,-1.16653905453933e-06,1.14977749557851e-06,-9.91977840459154e-07,1.47718290821568e-06,-1.68061294222359e-06,3.14048563961854e-06,-3.74204137293123e-06,2.95105101179348e-06,3.8302926213129e-09,1.25754182108872e-06,-3.89915094159639e-07,4.664155289401e-07,1.76010586273758e-06,4.59746847767019e-07,5.19168877869648e-07,2.82954283427277e-06,-6.52623937515148e-06,-1.63152261217805e-07,1.99335225377763e-08,2.46723044015285e-07,-2.30094296938205e-06,2.31574295307158e-06,9.57844761088058e-07,-6.89083881908276e-05,-6.21065017606877e-05,-5.54844687276584e-05,-0.000124222360964122,-5.22590880220294e-05,1.52230299298858e-05,-2.77677317175827e-05,7.10811447314573e-05,0.000167608685022214,4.07620051389117e-06,-1.13913186084831e-05,2.19683972914303e-06,4.202971461233e-05,-8.41255429673177e-06,5.99321032850373e-06,3.36187597780857e-06,0.000573741499906107,1.1712330689516e-07,2.2023047765638e-08,1.92763022392246e-07,8.43620870512995e-08,-9.07369349118943e-08,4.36243564914751e-08,1.67043950875762e-07,8.22678811736139e-08,9.75968570170549e-08,3.29523587317385e-07,-7.52084055730143e-05,3.0259916109107e-05,0.000139280369996778,2.66293638075992e-05,-3.27679535863781e-05,-8.96976218078308e-05,-8.4259862640527e-05,8.42655569776042e-05,5.32367706270019e-05,1.53396942039927e-05,-3.01128351322491e-07,-0.00046348663869058,0.000213336700127939,-0.000622309499747137,-3.39093725992067e-05,4.28393453755299e-06,4.89319360067852e-06,-3.02483474634013e-05
"north_west","p_NC_15_24",-2.93047423662537e-08,-6.06341376943743e-08,-1.59101738399648e-08,4.6915592909504e-10,-3.06970179667506e-09,-6.46746855548618e-10,6.32193799380934e-09,-1.72463867797443e-09,4.44127323639764e-10,5.53075544516562e-09,-3.35222252867352e-09,2.19114168430749e-09,9.58964052482611e-10,4.56634803250374e-09,1.78655180390649e-09,-3.24353303929943e-08,2.13769704399652e-09,2.69612657916434e-09,4.46202627183187e-09,-1.2119847833017e-09,4.89070355806252e-09,2.52013113002015e-09,8.35022113542706e-09,-3.84517493303249e-11,1.34701522854838e-08,7.0424976619337e-10,3.11935701494446e-09,1.00568202301122e-08,6.15828204292838e-09,6.84028053461156e-09,1.85436815101907e-09,7.94671904236645e-10,9.88813751647841e-09,-1.29546693733298e-08,-1.03481534808815e-09,2.61305129035993e-09,-9.02378013334234e-10,-5.19379524289011e-10,1.06114327706133e-09,1.81113567797085e-09,-8.38693483125259e-08,1.49778257712796e-09,-1.41136837212043e-07,-6.02094343712075e-08,-2.86035679928745e-07,8.94210325058342e-08,8.26733171186558e-09,6.05491765978067e-08,1.11025233901391e-07,-4.59702741557445e-09,-2.53616480340005e-08,-1.28495874204863e-07,6.82399918250853e-08,-2.13562290351778e-08,1.30016291001711e-08,-4.72036454733396e-09,1.1712330689516e-07,1.48564966221738e-09,5.25629393901058e-10,8.4224519870233e-10,5.68243367995836e-10,6.54836242511748e-10,3.21510354658348e-10,1.8918920770097e-10,5.63676324999009e-10,4.13047193563806e-10,8.02798820716509e-10,-5.22661356884147e-09,2.46205142212649e-07,-7.10943194886519e-08,2.27977428387345e-07,2.86811437461205e-08,-1.0462088356559e-07,-1.17914562885785e-07,2.0273293319451e-07,-3.17248711926018e-08,2.44554509376599e-09,1.93555694839197e-10,-7.42487171803604e-06,-9.80439903675841e-07,2.07653988077012e-07,-2.47403798742184e-06,-4.26817046645135e-08,2.93440324149196e-09,-7.00433780775433e-08
"north_west","p_NC_25_49",-6.12972492203764e-08,-5.94146747835695e-08,-1.30324097211884e-08,-4.24721684515725e-09,-8.52379155411435e-10,9.92361831192879e-10,1.28311857855587e-09,-1.13185685095139e-09,3.39852264912043e-09,4.7392859011306e-09,-2.46664188831642e-09,1.66299736093814e-09,1.18895066240382e-09,1.99708954653924e-09,1.69438475095884e-09,-4.1835833262867e-08,3.15651089765987e-09,1.18023405834993e-09,3.76857347980427e-09,2.51428358454017e-09,3.33692327166871e-09,3.34274960937104e-09,5.15090606768968e-09,7.2162420775892e-09,4.05282200105421e-09,8.28207903515873e-09,3.24735978185773e-09,5.76263554517477e-09,8.57498954485036e-09,5.93138389406221e-09,6.3355608915932e-09,-1.52538985074695e-09,1.12612610256896e-08,-6.16301066776747e-09,-6.1705919593973e-10,1.6470385568347e-10,6.85199647546368e-10,5.13610774724292e-11,2.65129418945845e-09,1.84645045158963e-09,-7.45201386638835e-08,-8.31399215438203e-08,-1.23279664487241e-07,-8.26142267451457e-08,-8.33651290916106e-08,9.16061784737936e-08,-8.69999266148858e-08,1.40022734126739e-07,1.86096935395308e-07,-3.24896034675084e-08,-2.24893274846564e-08,-1.04667749411595e-07,-6.06847627707307e-08,3.31870841119568e-08,-3.70686504541545e-09,-4.22776081426198e-09,2.2023047765638e-08,5.25629393901058e-10,2.46053245235812e-09,7.52181659894846e-10,4.20082699099562e-10,1.73882967775879e-09,3.00674745194851e-10,3.19804055950042e-10,5.35115354764256e-10,3.38008840847391e-10,6.19165610292664e-10,1.9068404129391e-07,4.23891772849476e-07,-1.06708684151075e-08,-4.86021592531685e-08,-1.24922365357501e-07,-1.44214189641083e-07,3.05740996693388e-08,8.0901731375279e-08,2.13326094100847e-07,-2.24495069855161e-09,4.28968384530956e-10,-1.69764547097658e-07,-3.95461823851044e-07,-8.20224189308404e-07,-2.33819693832508e-06,1.21326099863361e-08,-2.2077928381038e-08,-1.24037547487372e-07
"north_west","p_NC_50_64",4.39444837904301e-08,3.78830398673572e-08,-2.28305310503245e-08,-1.95972210727711e-09,1.37858463156895e-09,3.76165059826618e-09,-1.19315826921374e-09,2.984122397043e-09,-2.50476190455478e-09,8.39991031274626e-09,-2.52635244019464e-09,2.17152523440992e-09,2.1956354187355e-10,3.92173633252427e-09,3.61394859090784e-09,-4.84263930609835e-08,1.45024272846893e-09,3.59207938946457e-09,4.70519578668167e-09,-7.82366156875965e-10,4.33905032338276e-09,4.37242839563913e-09,8.05024963181519e-09,4.61522091711156e-09,9.65530321318857e-09,6.06102850117358e-09,2.98967034263203e-09,9.60307353984683e-09,8.74665364472424e-09,1.00920684376885e-08,5.41295141618166e-09,-8.2800944054153e-10,1.59061640792093e-08,-1.28681591999185e-08,-7.69173571719964e-10,3.26603879184856e-09,-1.85458586940144e-09,-1.86131820563568e-09,5.4248066342089e-09,-1.02338709905154e-09,-1.42741704682273e-07,-2.52932000405833e-08,-1.03721032122976e-07,-4.35961425080762e-08,-2.59206165222651e-07,-3.31550089825549e-08,-1.04063004882587e-07,-2.42151674940656e-08,1.80921202646399e-07,-5.51374035215782e-08,-9.81681678725532e-09,-1.6858285447014e-07,7.91073641366873e-08,-3.19018678792933e-09,2.95720256738971e-09,2.57667502224782e-09,1.92763022392246e-07,8.4224519870233e-10,7.52181659894846e-10,3.092549115612e-09,7.44443701639769e-10,1.52632800554903e-09,6.3831869368194e-10,3.18951257748135e-10,6.16529151346596e-10,4.9167469456036e-10,9.17683156065745e-10,1.04990810394998e-07,-4.37188903530479e-08,1.14237008578233e-07,2.13246114237561e-07,1.76789550584768e-07,-2.52809182942832e-07,-2.15333195090513e-07,-2.77073756307744e-08,2.25302791914117e-07,-1.11797516083935e-08,-5.45318250338047e-11,-3.83995626198608e-06,-4.26962813558505e-07,-7.86887884855955e-07,-1.68521005987796e-06,5.98017464232245e-09,-2.68185048252373e-08,-1.43797081044863e-07
"north_west","p_NC_65_79",-6.16969452158952e-08,-7.86845561755136e-09,3.32170091942538e-09,-9.71484606607788e-10,-5.34570368770625e-09,1.92491801668082e-09,-2.50140012687219e-10,2.64466981082769e-09,-9.60582391211426e-10,5.07596219282708e-09,-2.0347831998794e-09,1.41301660349668e-09,6.12968456997242e-10,2.63245596707897e-09,2.79181180424173e-09,-1.16117779354985e-08,1.47132645836931e-09,2.94830399748776e-09,1.28979591208731e-09,2.20390713725338e-09,2.99295000862196e-09,3.67623083302298e-09,6.22717730438184e-09,8.99773318970008e-10,9.54797706570849e-09,2.68861205919586e-09,2.43396071259831e-09,8.35555790071089e-09,5.15152664140029e-09,8.08584502706856e-09,8.44441962883599e-10,3.50551988185721e-09,7.75934697252941e-09,-8.09102556778183e-09,-6.14789961017974e-10,1.08424108377692e-09,7.58349919512496e-10,-1.10611568814416e-09,2.24625352159115e-09,8.84043442645832e-10,-5.72249712598489e-08,-1.08852373622639e-08,1.379329530766e-09,-4.5889192524097e-09,-1.26231782791693e-07,-4.29149319621119e-08,6.28907759781532e-09,4.31709886188146e-08,1.02300464691086e-07,2.67831873402548e-09,-1.10905753248664e-08,-1.08499899752039e-07,-9.64224695889117e-08,-3.93534892310313e-08,-2.28386360138888e-09,-6.38508983620823e-09,8.43620870512995e-08,5.68243367995836e-10,4.20082699099562e-10,7.44443701639769e-10,1.2972468523713e-09,2.43458636035651e-10,2.44385477367774e-10,2.91605545009677e-10,4.4872039580035e-10,3.05796404692922e-10,5.52074976569386e-10,-5.22556115637604e-08,-2.02155319456042e-10,1.12761140328988e-08,1.90833051721308e-07,1.35294876540574e-08,-8.51952694446887e-08,1.06388575685066e-08,1.18998498317822e-07,7.12781524172394e-08,1.58544479855433e-08,-4.40494562560992e-10,-2.77344341800074e-06,-3.35856424693262e-07,-4.17284836111057e-07,-2.69151969400222e-06,-3.24571470061882e-09,-2.39352271856892e-08,-8.51178057148054e-08
"north_west","p_NC_80_plus",1.44758159702741e-07,2.43795998384707e-08,-7.61868252907305e-08,-2.55691843054173e-08,4.09191783894286e-09,7.38877619750656e-09,-1.27022040329672e-08,1.43428552720085e-09,7.44767323829031e-09,-1.14425432413292e-08,1.75693837760483e-08,-1.63126368128387e-09,4.27875872646872e-09,2.08023076816523e-09,4.86839423084297e-11,-7.1764692000175e-08,1.80161299059447e-09,1.10303898222842e-10,1.26045102387888e-08,-1.21007611871131e-08,1.22583472782293e-08,-6.05319625266084e-09,1.17513567704126e-08,1.16953279189722e-08,-4.23807743017571e-09,1.62069447034193e-08,5.93564696758296e-09,5.50136516382453e-10,1.77415138005727e-08,2.14284056335822e-09,3.34803692912372e-09,1.56045807970596e-08,-1.19908235211678e-08,5.79912767245517e-08,-4.41840637076011e-09,8.08085651076048e-09,-1.17673496228697e-08,3.53279925127901e-09,8.86750391494666e-09,-4.53067179967735e-09,9.25102877973541e-08,4.20439536062709e-08,-2.79987866882771e-07,7.76274586254346e-08,1.38563060694077e-07,2.19933913192087e-07,-3.89144898727506e-07,-1.92231425947004e-07,1.60995756680009e-07,-3.64330156804485e-07,2.96028101013754e-08,-1.45007867710331e-07,2.37242920494118e-07,-2.68759684876195e-09,-1.58582859047903e-08,7.70460788526032e-09,-9.07369349118943e-08,6.54836242511748e-10,1.73882967775879e-09,1.52632800554903e-09,2.43458636035651e-10,1.67701714079883e-08,7.07568820977167e-10,1.53260209175454e-10,5.34769733220321e-10,5.55657118079041e-10,5.61635404162973e-10,-1.79618041386525e-07,2.61510397667666e-07,2.66428678683264e-07,-5.27870756007737e-07,7.01186796352057e-07,-7.05742390841798e-07,-4.49876684085379e-07,-7.56459829025965e-07,7.74723147751258e-07,-9.48932653815139e-08,9.35307519474347e-10,-1.98006554290557e-06,-1.194462116648e-06,1.59888793740689e-06,-1.26724829062018e-06,-6.33034844248326e-09,3.30314448793556e-08,-9.65024556785656e-08
"north_west","p_NC_weekend_15_24",4.79870053808735e-08,1.29100853865811e-08,-1.93092317309043e-09,-3.11568436909581e-09,5.59287023352054e-11,6.57268775528505e-11,1.50910911765708e-09,-4.38867969052129e-10,9.60198758435982e-11,1.10889797975814e-09,-9.57390909180022e-10,8.98353910732541e-10,9.93292766828725e-11,2.08827809853118e-09,1.08964987827322e-09,-1.28420715998059e-08,5.27797350452366e-11,1.27503725504409e-09,8.52971293156621e-10,1.37212799482746e-09,1.26553343742683e-09,8.88011537500066e-10,2.87750559625886e-09,2.28626603135477e-09,2.98855976560667e-09,1.65910857144263e-09,8.89458401087075e-10,3.20901666335338e-09,3.60196142906718e-09,3.09239985661547e-09,9.58708768139663e-10,1.99193946527382e-09,-8.82024161972711e-10,8.60045446404504e-09,-5.86206538006298e-10,1.42518410099603e-09,-6.19207177318189e-10,-8.06786670331917e-10,8.73998167251901e-10,5.26338131588077e-10,-3.24996197997143e-08,3.23277672577803e-08,-5.27335302538322e-08,1.61276081112902e-09,-1.36621807362892e-07,8.7111708360527e-08,-3.74779448996847e-08,-7.28464106451554e-08,-3.84322417930814e-08,-3.43781998854886e-08,-5.91157074602107e-10,-4.89393450162791e-08,1.03796183175984e-07,-1.75020943928286e-08,5.30630819259103e-09,3.2329676268352e-10,4.36243564914751e-08,3.21510354658348e-10,3.00674745194851e-10,6.3831869368194e-10,2.44385477367774e-10,7.07568820977167e-10,1.12301454514461e-09,1.10323456246875e-10,2.23164688742915e-10,1.97331969677883e-10,2.85212861888543e-10,3.69063582545538e-08,-3.75495661095951e-08,1.35081998724632e-08,1.01257441162467e-07,8.47907782955336e-08,-6.25789053785233e-08,-9.07015448714128e-08,-1.3694297405295e-08,-2.95621578968343e-08,-1.0125883405311e-08,1.46951230634918e-10,-2.80631185231875e-06,-1.2408914858971e-07,2.79188634301604e-07,-3.51687585419475e-07,-8.49196764300744e-09,8.300234564603e-09,-4.09187164311911e-08
"north_west","p_NC_weekend_25_49",-1.38072752637672e-07,-6.15991559838775e-08,2.34165696000414e-08,1.13363276027084e-09,-6.85671910884038e-09,3.82354122706099e-09,-7.55718073361492e-09,3.94473020156197e-09,-1.85062425990235e-09,6.26242303905928e-09,-4.28652510918915e-09,3.19231789943674e-10,-3.73047993404702e-10,-2.97444033453136e-09,1.01466084506732e-09,-1.72049538380738e-08,1.21426193419075e-09,-8.05332353923935e-10,-1.07667745665096e-09,2.29191562269051e-09,5.5338702823906e-10,1.26204182440241e-09,4.38184545154696e-10,3.38336444356838e-09,-1.37198628739504e-09,5.65394299216799e-09,2.28894823102706e-09,1.52175787168744e-09,2.74106004685125e-09,1.75929475360298e-09,1.28520525386446e-09,1.68104373720465e-09,3.48417161349559e-09,-3.41656414197409e-09,-7.5571009289108e-10,7.29707755403667e-10,8.64926501113103e-10,-3.74909280192202e-09,4.17183453118528e-09,3.54930482998035e-10,-6.13522864653836e-08,-1.46223253562894e-07,-1.71200759424346e-08,-1.89302507635725e-07,-1.31311628219841e-07,1.91142602076316e-09,-1.57345768487487e-07,7.7092055466472e-08,1.60301562651668e-07,7.1850125454049e-08,-2.63922100846148e-08,-4.50978364026202e-08,-2.05693305226146e-07,7.20089513340165e-08,3.30994113475451e-09,6.57345144441442e-09,1.67043950875762e-07,1.8918920770097e-10,3.19804055950042e-10,3.18951257748135e-10,2.91605545009677e-10,1.53260209175454e-10,1.10323456246875e-10,2.06912438158236e-09,1.3372581688022e-10,2.14293751436168e-10,5.91121733706833e-10,3.69457615764391e-08,9.5708935418073e-08,1.16045398334645e-07,1.09441256420354e-07,1.26584085818506e-09,-1.17714210609119e-07,1.49385682197725e-07,-1.46305717468347e-07,1.83819371309469e-07,4.27391043902816e-08,-7.58193928962874e-10,6.42493812501882e-06,7.63777934201166e-07,-1.15358613262826e-06,-3.08235334338448e-06,6.03119252791596e-08,-2.49759353338537e-08,-7.50324750408014e-08
"north_west","p_NC_weekend_50_64",-1.83720278329538e-08,-1.20879338414617e-08,-1.59780108280357e-08,4.28191728248255e-11,-2.16036389606974e-09,-4.14589273839563e-11,4.3386027303726e-09,-1.41638176833984e-09,2.52354866855832e-11,5.74369139433844e-09,-2.64518308119875e-09,2.09708551985923e-09,1.08147271948961e-09,4.816854523241e-09,1.62501699252246e-09,-3.80577623136844e-08,3.36914207573543e-09,5.76306868540059e-10,6.12356453431458e-09,-2.20984274648295e-09,4.22283327241018e-09,2.92656449955847e-09,6.55846797801092e-09,6.68161057318026e-10,1.17302329243896e-08,-2.05214671828883e-10,1.80656044854825e-09,8.92160273950839e-09,4.75774717246094e-09,6.61271021232362e-09,2.09325840778052e-09,-1.12120937266992e-09,1.10619717005652e-08,-1.15754026772654e-08,1.86152129077933e-10,4.20039089268496e-10,-2.70590123042706e-10,-2.74388718341957e-10,1.73991414855487e-09,1.08102932320982e-09,-8.26863765180665e-08,7.5511910529031e-10,-1.6872903440572e-07,-2.70906991646483e-08,-9.557240308951e-08,1.69031271364427e-07,-5.49749746003405e-09,1.85147967723557e-07,3.0768767194182e-07,-1.77186362030193e-08,-1.3082323692007e-08,-1.03940629577205e-07,-2.67099788506847e-08,-2.28328854875997e-08,1.10991387899103e-08,-2.69446660394966e-09,8.22678811736139e-08,5.63676324999009e-10,5.35115354764256e-10,6.16529151346596e-10,4.4872039580035e-10,5.34769733220321e-10,2.23164688742915e-10,1.3372581688022e-10,1.22081319974393e-09,3.41898314501592e-10,7.75572328865717e-10,2.37331173770589e-08,4.65462480064256e-07,-5.27981684970837e-08,1.20943784330726e-07,-9.3869250160041e-08,-1.89132866148501e-07,-5.34395489563439e-08,1.70597321690383e-07,2.43761453618704e-07,7.50153976123543e-09,1.63659562845737e-10,-8.08563853588358e-06,6.78492762282982e-09,-1.43773314601849e-08,-2.55421778583516e-06,-5.53007981338941e-08,1.26669450865418e-08,-5.54355805083551e-08
"north_west","p_NC_weekend_65_79",7.07896555520296e-10,-6.90137939973257e-08,-8.56016407403145e-10,-1.7379369049676e-09,-1.68020812900047e-09,2.70775057769981e-10,4.47819444767763e-09,-3.27915163598006e-09,2.18230899636426e-09,2.05973010165171e-09,-3.6538077180594e-10,7.7022663797145e-10,6.51628084085972e-10,2.88807177421475e-09,4.70636283432151e-10,-2.47488409882587e-08,1.73686227101757e-09,9.71303886862584e-10,2.68168105666969e-09,-1.27000895093604e-10,3.1217479497978e-09,8.10574774286391e-10,4.91428530280203e-09,1.30749060996472e-09,6.03215670254243e-09,8.76925733940097e-10,1.56603427770777e-09,6.66124844339118e-09,2.60612434182488e-09,5.13536945364517e-09,9.37455622189496e-10,6.42584176299318e-10,4.48971096476342e-09,-2.82477568041304e-09,-2.54960615364568e-10,8.47723415253427e-10,3.83626451997358e-10,-5.24580497254576e-10,-1.42315248778348e-10,1.82942213263588e-09,-7.45154189837265e-08,-1.33789012510286e-08,-1.0133455855855e-07,-1.72466489490449e-08,-8.05354098416136e-08,7.91378527596713e-08,-5.02062634367548e-08,9.64302085749639e-08,2.05261909805177e-07,-8.39124609538134e-09,-6.0491879596757e-09,-7.96049116625059e-08,7.05070981565585e-08,5.23029198485914e-09,7.14180738749242e-09,-9.38740670343285e-11,9.75968570170549e-08,4.13047193563806e-10,3.38008840847391e-10,4.9167469456036e-10,3.05796404692922e-10,5.55657118079041e-10,1.97331969677883e-10,2.14293751436168e-10,3.41898314501592e-10,7.96878531150816e-10,7.04341491844258e-10,6.10991771644864e-08,1.20086069990981e-07,-1.8186609157548e-08,7.14325418527323e-08,2.15227513300677e-08,-1.75367451559484e-07,-1.39317987933768e-07,1.10910015157914e-08,1.99978987350466e-07,1.57771742732074e-08,6.32365240394609e-11,-3.43392580916745e-06,-1.09834814763884e-07,-2.08493277733181e-08,-1.76027514934185e-06,-6.82941764049934e-09,2.03751668528487e-09,-4.79074870372051e-08
"north_west","p_NC_weekend_80_plus",-1.90261477181861e-07,7.19845921902315e-09,1.67039873210603e-08,-2.19061502666585e-10,-1.03293581592628e-08,1.77200495473344e-10,4.71519362072451e-09,5.27475183607757e-10,-3.47779295126398e-09,8.68310145714479e-09,-1.9726794048743e-09,1.72334492257394e-09,1.19119310256451e-09,6.33466958617854e-09,-5.63982616301691e-10,-2.2184395785295e-08,5.49681432742632e-09,2.14738199792262e-09,4.67725614009889e-10,3.08226664013665e-09,6.16890238692764e-09,3.01958994562424e-09,1.36734140841834e-08,-4.71186799202358e-09,1.84079070550515e-08,4.01028647029398e-09,3.5415798236324e-09,1.30608681064667e-08,7.66582865697233e-09,1.52406097391709e-08,4.93305731362182e-09,4.29233194320101e-10,1.84035252652408e-08,-6.14551491841982e-09,-1.08194122036843e-09,3.12521928596052e-09,1.69254042407092e-10,-3.19296054124773e-09,1.22441245956285e-09,3.66652596817294e-09,-1.46943896611448e-07,-6.70539842117077e-08,-3.32801578822243e-07,-1.78594804781396e-07,-3.8822595626128e-07,3.84040418799741e-07,-5.3828330521431e-09,1.68305401641843e-07,3.88661169943986e-07,5.47722315340479e-08,-6.34101413065337e-08,-1.41019588260351e-07,2.45326617468992e-08,-3.86618782773676e-08,1.56240100637789e-08,-2.84224120988349e-09,3.29523587317385e-07,8.02798820716509e-10,6.19165610292664e-10,9.17683156065745e-10,5.52074976569386e-10,5.61635404162973e-10,2.85212861888543e-10,5.91121733706833e-10,7.75572328865717e-10,7.04341491844258e-10,7.49466185431583e-09,1.76485005313639e-07,7.42790800232436e-07,-5.33364054839167e-08,3.96126836153155e-07,-1.5933353358408e-07,-1.56058937950486e-07,-2.53787868828799e-07,4.92553597514339e-07,-1.50695377347758e-07,6.55727962198084e-08,-1.19507930744924e-09,-1.03851930941525e-05,-1.18589047450631e-06,-2.41359076271119e-06,-4.61344519558884e-06,-5.50991022416287e-08,7.45223384572851e-09,-1.77824346384322e-07
"north_west","p_W_D",1.772748992578e-05,-1.32942713033789e-05,1.59861433005946e-05,-6.10898848635825e-07,-3.50370680299053e-06,2.21774250341166e-06,-3.57607054163596e-06,1.06256247577649e-06,-4.97601959274166e-07,5.28770219894587e-07,-1.19270251867955e-08,-1.18572528859599e-07,-2.6402878841424e-07,-1.0509075491331e-06,-7.70698226468053e-07,-7.03048305073142e-06,2.03978976083685e-07,2.80329201521811e-07,-1.89798585258159e-06,1.02161270481368e-06,-6.95709866927293e-07,-4.14387177070752e-07,5.74335451291361e-07,-1.55645173666886e-06,1.09346854142319e-06,4.11056796768174e-07,1.11002946308443e-06,-1.83082405356133e-06,5.37673033288353e-07,7.31896232832292e-07,4.09865271669014e-07,-2.47966325624605e-06,4.50348373206701e-06,-5.87875474074297e-06,-8.19732516554116e-07,1.51738343875143e-06,-9.88576293007379e-07,-1.78945192144786e-06,3.1755691872149e-06,-1.93189482960824e-06,-2.38326370890311e-05,-4.96409142943309e-05,-0.00014656888481603,-9.80248015531221e-05,-1.69186309214356e-05,1.76999672640851e-05,-4.41996979774312e-05,7.1657463531046e-05,0.00017890591799985,1.95960954252865e-05,-6.82246370372474e-06,-1.65577593022161e-05,-0.000126233541516663,2.66959694161999e-05,1.24612216182329e-05,2.01650825638659e-05,-7.52084055730143e-05,-5.22661356884147e-09,1.9068404129391e-07,1.04990810394998e-07,-5.22556115637604e-08,-1.79618041386525e-07,3.69063582545538e-08,3.69457615764391e-08,2.37331173770589e-08,6.10991771644864e-08,1.76485005313639e-07,0.00157612966933333,0.000181941776118668,7.93972123872088e-05,1.34400064271061e-05,-3.16641652992998e-06,-0.000123103441965048,7.59152259109794e-05,-5.22814337362074e-05,0.000175992295282447,4.52908631843149e-06,9.30085419224641e-08,0.00175421744680204,0.000470678405304408,-0.000157553262730622,-0.00137387609602289,1.96834377859988e-05,2.07029496198553e-06,-1.77962723545243e-05
"north_west","rel_p_D_alpha",-3.05765097348219e-05,-0.000290638835539241,2.60974521703989e-06,-1.38567728823206e-07,-3.47896177121853e-06,-7.78139141980333e-08,4.65292667503034e-06,-1.13230195625187e-06,-1.06677714511673e-06,5.51158181199433e-06,-2.67134016471101e-06,4.29107508454601e-06,-1.07801952369908e-06,7.63931505743227e-06,-2.22473861381377e-06,4.26517608606616e-06,7.61415439806482e-06,-1.73028094283513e-06,2.86154513066987e-06,4.01510080524404e-06,4.95067529561407e-06,5.67237039541379e-07,8.72390032663625e-06,-6.11030214620647e-06,1.55317426029648e-05,-8.95783946175143e-07,1.38030410359759e-06,7.85081930606181e-06,2.08886368824054e-06,7.15193708002232e-06,3.89113733249292e-06,-3.53298621928237e-06,2.32247908281338e-06,2.13477733055518e-05,-8.69521555679615e-07,2.38474323551016e-06,7.71492312437639e-07,-1.56016720226811e-06,3.54642909954009e-06,1.35715489833995e-06,0.000152353182136174,-8.4277144971568e-05,-0.0022735539542191,-0.00137926399783356,-0.000976286071000678,0.000885704818270831,0.000478558281029264,0.000663580690972304,0.000876888855101015,0.000116436159808418,-0.000248004745552891,-0.000131912940461129,-3.84582105076903e-05,-4.7509985125731e-05,-3.08502875078243e-05,1.42761725265068e-05,3.0259916109107e-05,2.46205142212649e-07,4.23891772849476e-07,-4.37188903530479e-08,-2.02155319456042e-10,2.61510397667666e-07,-3.75495661095951e-08,9.5708935418073e-08,4.65462480064256e-07,1.20086069990981e-07,7.42790800232436e-07,0.000181941776118668,0.00752319776442303,-0.00126936195901752,3.01456431755148e-05,-0.000860085911442185,-1.26083230912825e-05,-0.00012481308369351,0.00123703960609641,-0.000230577972043841,1.57111891734924e-05,-8.81626582954355e-07,-0.00758893903180262,-0.000355198778344517,-0.00134727688575418,-0.00196402296334335,-7.0204344718944e-05,-9.42750035529554e-06,-4.64689444256861e-05
"north_west","rel_p_D_delta",0.000105971576813194,0.000222509455179691,-5.89056339838643e-06,-6.94496598308553e-06,4.20120767041855e-06,8.91108048694228e-07,-2.97003463086179e-06,3.31830462576981e-06,-3.41461854004645e-06,3.35087667991977e-06,1.60592095749122e-07,-1.22253203587029e-06,-1.17262687552783e-07,-2.80054851526505e-06,-7.19572206217453e-07,-1.99553233068784e-05,8.07180369301571e-07,-1.97361255997458e-06,2.68375384861598e-06,-2.23148982184556e-06,2.16708986376124e-07,-1.48281925275059e-06,-3.44158139844501e-07,7.87991380048159e-07,-2.08521060810218e-06,1.05537687606877e-06,5.05414252402942e-07,-2.12564186055921e-06,1.10824215081455e-07,-7.64670052517791e-08,-2.58445859543519e-07,6.02881835062615e-07,7.42515510841975e-07,-2.34060745074612e-06,-1.42052418751221e-07,5.63383472301439e-07,-2.42872418834897e-06,5.04329034647828e-07,-2.78000303948146e-07,3.83711597777201e-07,-4.55824551312074e-05,2.84578311479278e-06,0.000394709025884346,-6.62279232790342e-05,0.000130744832061213,-0.000171162448551774,-0.000156374890381039,0.000112001061421978,0.000336795627454329,-6.10084811089018e-05,2.78924179302414e-05,2.53415125726601e-05,9.35227954115952e-05,-4.91414175883779e-06,9.29482236338967e-06,2.08860623889824e-06,0.000139280369996778,-7.10943194886519e-08,-1.06708684151075e-08,1.14237008578233e-07,1.12761140328988e-08,2.66428678683264e-07,1.35081998724632e-08,1.16045398334645e-07,-5.27981684970837e-08,-1.8186609157548e-08,-5.33364054839167e-08,7.93972123872088e-05,-0.00126936195901752,0.00104559303411996,-0.000232336451530195,0.000132655562769252,-0.000414968456420556,-0.00010451304555013,-0.000234251961887307,0.000613292457517902,1.35185253245992e-06,5.29342698983076e-07,0.00426355085266444,0.000561903771181906,-0.000291586127646394,0.00111007176114545,4.0751865311166e-05,-1.42850534218318e-05,-1.25693169769427e-05
"north_west","rel_p_D_omicron",-3.96273675158797e-05,-8.95586269957354e-05,2.34492566347938e-06,2.56596230644885e-06,-3.90906221467511e-06,-7.5093322557971e-07,3.54217022235276e-06,-9.56096323373332e-07,4.19832951524898e-07,1.3392930842207e-06,-1.3127592307806e-06,7.39478563606274e-07,-2.50614492443744e-08,6.79127195638425e-07,1.85296739022854e-06,-3.77771554018725e-06,-5.15006222681059e-07,2.0896088038908e-06,-4.01454099883512e-07,-1.22109243786861e-07,3.58210256097713e-07,1.80533587340524e-06,1.70524764722548e-06,-1.13812757113159e-06,5.27829099289076e-06,-7.09507934189289e-07,-2.68739740945561e-07,3.0027168632954e-06,9.73022461169029e-07,2.58645549379402e-06,-7.11928735137167e-08,-1.76858084423489e-06,7.28947415796804e-06,-1.16768369689544e-05,1.31111174852536e-06,-1.06707886593269e-06,1.30010990457347e-06,-4.81664456938846e-08,-1.0999453120699e-06,1.31348127011887e-06,-5.67535877239132e-05,3.78493656271361e-05,-3.57284331952613e-05,0.000177263275407233,-0.000590053134881401,0.000126491821895156,-1.00910511315496e-05,0.00014797893094502,0.000177072694474515,5.75749803545455e-05,-1.02901166820334e-05,-6.3289544830453e-05,-1.48367876060945e-05,-7.0939485527645e-06,3.00762353793349e-06,8.64728359772132e-07,2.66293638075992e-05,2.27977428387345e-07,-4.86021592531685e-08,2.13246114237561e-07,1.90833051721308e-07,-5.27870756007737e-07,1.01257441162467e-07,1.09441256420354e-07,1.20943784330726e-07,7.14325418527323e-08,3.96126836153155e-07,1.34400064271061e-05,3.01456431755148e-05,-0.000232336451530195,0.000840352459898741,-2.63574114285104e-05,-8.79354928277511e-05,-9.53092454196035e-05,0.000144952081762951,4.89015128370591e-05,1.85889270673616e-05,-5.46702085860815e-08,-0.00186046826526335,0.000231114646131133,-0.000263190672707814,-0.00194219141849656,-6.56758127591927e-06,-3.71793614333639e-06,-2.05090592798194e-05
"north_west","rel_p_H_alpha",3.95578528709303e-05,-2.06798335497649e-07,-9.2435622857837e-06,-2.39554217257243e-07,-7.2983475026884e-08,-2.82528903371295e-07,9.27099052191439e-10,3.01755769334518e-06,-2.353232866322e-06,-4.17125195874439e-07,3.48514464657548e-06,-9.01237629866098e-07,2.64845021170067e-07,-1.08792864502449e-07,-4.49653879991472e-07,-2.81273803148246e-06,-1.93593400524892e-07,1.29737532214971e-06,-1.05300365693422e-06,-1.51923224829451e-07,1.42613995239297e-06,-1.59873473665871e-06,2.06453655923322e-06,-6.5816053870824e-07,-8.54977112424082e-07,1.56521649920568e-06,-1.47420220563918e-06,-5.20239388915488e-07,6.76401644227877e-07,2.15658663355905e-06,-6.34271381573904e-07,5.35439827644736e-06,-4.09458297563266e-06,8.9292558321383e-06,1.2225390081305e-06,-1.48417040626128e-07,1.05383185202175e-06,-2.12439377256442e-07,-1.2119275797651e-06,1.80021471791302e-06,-4.30002090914937e-05,4.79615764351388e-06,0.000107844154976917,6.86770316818475e-05,-8.4108384256e-06,-0.000221331592986321,-0.00046082452378739,-0.000283564213768977,-0.0002327499114986,-1.72059007226397e-05,8.92133832120624e-06,-7.73936529147679e-05,-6.28535417784222e-05,3.67575024671319e-05,1.40851876241239e-05,6.0068515175571e-06,-3.27679535863781e-05,2.86811437461205e-08,-1.24922365357501e-07,1.76789550584768e-07,1.35294876540574e-08,7.01186796352057e-07,8.47907782955336e-08,1.26584085818506e-09,-9.3869250160041e-08,2.15227513300677e-08,-1.5933353358408e-07,-3.16641652992998e-06,-0.000860085911442185,0.000132655562769252,-2.63574114285104e-05,0.00117813326556892,-0.000470856821187327,-6.83019187539244e-05,-0.000946017090625004,0.000454400647612522,2.231989823695e-07,1.09890899849092e-07,0.000793891329195677,-0.000226728065156087,-0.000319682435427992,-0.000849518558001696,1.4972439511838e-05,-2.42733614124757e-05,-1.80761498971194e-05
"north_west","rel_p_H_delta",-7.70234325302533e-05,2.46942132563809e-05,5.47002842651986e-06,7.01310198951967e-06,-3.92027870796328e-06,1.70495549921629e-07,-1.4553392127116e-06,-1.33876684218295e-06,1.55708557153652e-06,-4.35978910220197e-06,1.37130947128086e-07,2.15546194034257e-07,-4.09212184994614e-07,8.94233329463532e-07,-7.90368990584853e-07,4.47444603054602e-05,-3.21065415441496e-06,1.16810630934983e-06,-4.7461256850767e-06,-2.08652292939332e-07,-2.66201075679832e-06,-3.49009186928465e-07,-3.72458305500572e-06,-2.43486941264841e-06,-5.03701293632125e-06,-1.6468888824747e-06,-5.31408114065268e-07,-3.00139279543501e-06,-3.46997608767365e-06,-5.09980330022637e-06,4.93324057732791e-08,-2.96936353591591e-06,-1.44207350001228e-06,-5.37110060024377e-06,-1.25891674405925e-06,1.18460735712385e-06,5.40403286528154e-07,-1.83577843806319e-06,2.41862124132318e-06,-2.37797316006347e-06,5.58749119662542e-05,-2.30988834819007e-05,7.43794643315179e-05,-8.36708984363109e-05,1.46141338165261e-05,-9.38072176489071e-05,0.000350359530798037,-0.000418077770692369,-0.000811959772718991,6.18641963451162e-05,4.92026174712114e-06,7.49164590141854e-05,-0.000158999128298912,-1.71381865013697e-06,-1.36769983930951e-05,-6.94517032582904e-06,-8.96976218078308e-05,-1.0462088356559e-07,-1.44214189641083e-07,-2.52809182942832e-07,-8.51952694446887e-08,-7.05742390841798e-07,-6.25789053785233e-08,-1.17714210609119e-07,-1.89132866148501e-07,-1.75367451559484e-07,-1.56058937950486e-07,-0.000123103441965048,-1.26083230912825e-05,-0.000414968456420556,-8.79354928277511e-05,-0.000470856821187327,0.00101926983522168,0.000245159145768934,0.00032968331411832,-0.00119474008123631,-3.07735106943672e-06,-6.99277513878245e-07,-0.000909594499149988,-0.000463484882385468,0.000187521575871682,0.000621164152851887,-1.46027729737505e-05,3.75698726055508e-05,3.71892896915172e-05
"north_west","rel_p_H_omicron",-6.1404669583825e-05,-5.70936637199814e-05,3.34867130646244e-06,2.7596325222974e-06,-7.13458985526352e-07,1.970949265447e-06,-6.04573196636743e-06,3.23259058115505e-06,-1.76062708873238e-06,1.5222593086707e-06,1.19634798278815e-06,-1.733895914829e-07,-9.10145932709426e-09,-8.50627563177032e-07,-4.08584177152212e-07,8.94926940449619e-06,-7.59490673257325e-07,-1.14301443369013e-06,-2.5868976681427e-07,-6.05985500131969e-07,-1.70214146002569e-06,-3.02176346458378e-07,-3.19355214830373e-06,8.48884401200001e-07,-5.93335462255028e-06,1.15092911886365e-07,1.35260938589997e-06,-2.14463136666987e-07,-9.09520384710551e-07,-5.33867370170969e-06,-4.35682934212944e-08,-5.7917251231598e-06,-6.53767157678416e-07,-1.06095691828445e-06,-1.02939405284859e-06,-2.01508180429364e-07,7.74966606313809e-07,1.50247010130708e-07,5.43407321456944e-07,-2.40515431664363e-06,1.66175732258146e-05,-8.46853453248064e-05,5.36093111692648e-05,-7.28587718290747e-06,5.50921856618959e-05,-9.50070258080444e-05,7.04136507002523e-05,-0.000110312642671157,-0.000226442621770004,4.98199838928559e-05,7.60600877242197e-07,1.97476244545912e-05,-0.00113775971267208,4.14281925370988e-05,3.51167990894608e-06,1.95436717274035e-06,-8.4259862640527e-05,-1.17914562885785e-07,3.05740996693388e-08,-2.15333195090513e-07,1.06388575685066e-08,-4.49876684085379e-07,-9.07015448714128e-08,1.49385682197725e-07,-5.34395489563439e-08,-1.39317987933768e-07,-2.53787868828799e-07,7.59152259109794e-05,-0.00012481308369351,-0.00010451304555013,-9.53092454196035e-05,-6.83019187539244e-05,0.000245159145768934,0.00126443629433912,-9.81860732627978e-05,-8.7697632718256e-05,1.32591905409422e-05,-1.78001902541376e-07,0.00308493090959049,0.000289584382428723,0.00022481034316685,0.000524552369263474,8.00850204888464e-06,1.66766623688334e-05,2.81225240152695e-05
"north_west","rel_p_ICU_alpha",-4.25690864648694e-05,-2.18559437005866e-05,2.93399174646432e-06,1.98210569928361e-06,1.82227529544969e-06,-3.49535092350449e-07,3.23588547241939e-06,-2.04700809561179e-06,1.45275012351741e-06,-6.10622446100669e-07,-2.43997284043457e-06,1.78480110142316e-06,1.21072684143118e-07,1.94710316041289e-06,1.78605063824041e-06,-3.17109750822529e-06,2.0309969045452e-06,1.8668257887114e-06,2.01385095567011e-06,-5.44465031360584e-07,2.41815962751929e-06,2.58805852951345e-06,2.32625098223373e-06,1.24404053185662e-06,7.34477671968665e-06,-1.38149068692047e-06,8.46044861385313e-07,5.59516990366655e-06,1.53311692279931e-06,3.86358712474348e-06,2.15632654141712e-06,-2.9292027606302e-06,4.73910914009682e-06,1.46250256328141e-06,-6.20279657181549e-09,-1.81921445665961e-07,1.25420796176888e-06,-1.73690784481403e-06,2.41523276010773e-06,-9.54219350463725e-07,1.18414014914706e-05,6.53134745850885e-05,-0.000207888009165517,-8.15007612133349e-05,-9.41813575260775e-05,0.000395393744831174,0.000501747173480678,0.00029259639892055,0.000302519025469917,1.11938613710087e-05,-2.22984309256157e-05,7.47800160579696e-06,0.000132546138161756,-8.91503918349152e-05,-7.14021550110472e-06,-2.59010240140736e-05,8.42655569776042e-05,2.0273293319451e-07,8.0901731375279e-08,-2.77073756307744e-08,1.18998498317822e-07,-7.56459829025965e-07,-1.3694297405295e-08,-1.46305717468347e-07,1.70597321690383e-07,1.10910015157914e-08,4.92553597514339e-07,-5.22814337362074e-05,0.00123703960609641,-0.000234251961887307,0.000144952081762951,-0.000946017090625004,0.00032968331411832,-9.81860732627978e-05,0.00156921710509785,-0.000779110858752194,4.34332374721886e-06,1.253569712183e-07,-0.0060601134121746,-0.000342078085115165,-9.55439236817364e-05,0.000784076965974987,-5.19483075081495e-05,-2.65096961624183e-05,-3.63210334367512e-06
"north_west","rel_p_ICU_delta",0.000109728025952904,-3.51887498011858e-05,-3.88771061355887e-06,-7.98712160932528e-06,2.52815338725562e-06,-6.77290024101525e-08,1.64388359197509e-06,6.69009445371247e-07,-7.50763526783694e-07,6.92777903873599e-06,-8.69380048676608e-07,-7.01415045520188e-08,6.94838531371071e-07,-1.45494029425619e-06,3.29926945854412e-07,-5.21868712590305e-05,3.90646670459273e-06,-3.45996203189432e-06,6.16900435076212e-06,1.45484066528853e-06,1.41239365628507e-06,4.89745480834674e-07,1.7254192234372e-06,3.86383876016406e-06,1.93896791777651e-06,1.84161909723972e-06,8.39613537459493e-07,1.82142171066144e-06,3.06916102003037e-06,2.40823305289548e-06,-9.46654505438521e-07,1.38187311809504e-06,2.62247914340134e-06,-4.13148740036469e-06,1.32334984298154e-06,-1.83466563189684e-06,-1.5636891019867e-06,4.46142734482265e-06,-4.22715373513086e-06,2.8289750134229e-06,-6.72207263129765e-05,-2.83272254311112e-06,-4.36074597050094e-05,0.000132491541146248,7.05441029228633e-05,4.75274883498813e-05,-0.000498915991362147,0.000609125563372538,0.00106209755165088,-7.59617649872831e-05,4.73220702110138e-06,-9.12384591927796e-05,-2.98103697466902e-05,4.4159684239563e-05,1.58848288542749e-05,1.22731208690165e-05,5.32367706270019e-05,-3.17248711926018e-08,2.13326094100847e-07,2.25302791914117e-07,7.12781524172394e-08,7.74723147751258e-07,-2.95621578968343e-08,1.83819371309469e-07,2.43761453618704e-07,1.99978987350466e-07,-1.50695377347758e-07,0.000175992295282447,-0.000230577972043841,0.000613292457517902,4.89015128370591e-05,0.000454400647612522,-0.00119474008123631,-8.7697632718256e-05,-0.000779110858752194,0.00196573800495525,1.34873932246848e-06,9.19079062684143e-07,0.00323459466580558,0.000711276082981919,9.70558524419941e-05,-0.00158901169933492,3.02443776839452e-05,-1.56227827077194e-05,-2.58454455884735e-05
"north_west","rel_p_ICU_omicron",-9.10973990069672e-06,3.00336754637036e-06,6.10968861776795e-07,2.00974713989137e-07,-1.12268665956962e-06,-1.38819876469482e-08,-1.94268989308526e-08,1.82577797213229e-08,2.06912524852661e-07,-3.29251247977015e-08,3.01519199266057e-08,4.53155758875511e-08,-5.20163299614485e-08,-9.35568844204315e-09,1.03806376787665e-07,4.5901460161929e-06,2.48612672072885e-07,-4.81277078320395e-08,-1.44478859192782e-07,6.27859697187003e-07,-2.08912759035553e-07,3.24516243396443e-07,1.5058367697653e-08,-8.60594016567823e-08,5.95377294841536e-07,-3.32976814237165e-07,-1.13109208315234e-07,5.23983608069763e-07,-1.25401410858635e-07,2.65287244977794e-07,-5.51405941917655e-08,4.69980007970452e-08,4.30582204492368e-07,-4.46350105486044e-07,1.70748867047031e-07,-1.97177406548277e-07,4.20683638487857e-07,-3.45580932907396e-07,4.69541297932523e-08,4.57203438356001e-07,7.13521939556597e-07,-1.78688394793189e-06,-6.8245083842814e-06,-9.24364294393121e-06,1.91794031044405e-06,7.67853844109649e-06,7.7234695963223e-06,8.86187479723478e-06,3.25605396480597e-05,8.2712605158572e-06,-1.79275306663418e-06,-7.0358114174234e-06,-5.71134582110979e-05,2.12766064518095e-06,4.45651514159234e-07,4.92892447123403e-07,1.53396942039927e-05,2.44554509376599e-09,-2.24495069855161e-09,-1.11797516083935e-08,1.58544479855433e-08,-9.48932653815139e-08,-1.0125883405311e-08,4.27391043902816e-08,7.50153976123543e-09,1.57771742732074e-08,6.55727962198084e-08,4.52908631843149e-06,1.57111891734924e-05,1.35185253245992e-06,1.85889270673616e-05,2.231989823695e-07,-3.07735106943672e-06,1.32591905409422e-05,4.34332374721886e-06,1.34873932246848e-06,2.60578660088012e-05,-6.09936770661017e-08,0.000299372745873322,0.000132167793070433,-0.000150718971405767,-0.000285723791433909,2.42185713120239e-06,-3.51612727419679e-06,-2.95875451093359e-06
"north_west","rho_pillar2_tests",1.66070703518754e-07,-2.23164014751813e-07,-5.23998448591597e-08,-1.58003685116793e-08,4.95489093950357e-09,-2.76315864469887e-09,8.42105128834276e-09,-5.20480531800044e-10,-2.44665334661173e-10,6.07676433645086e-10,2.54090940876444e-09,7.51015697843749e-10,1.11100740658945e-09,7.31859843040034e-09,-3.07257660527713e-09,-6.10994833283078e-08,-1.08306330644619e-09,-1.93190847250023e-09,1.01417616312037e-08,-1.3298441017494e-08,1.13903290902656e-09,-3.08654595294194e-09,1.33971875300427e-09,-3.32584105287084e-10,1.7349659659698e-09,-8.66399907127555e-09,4.8733157231262e-10,1.92769185093664e-09,-4.42253358372129e-10,4.1329353396631e-10,4.36648591265341e-10,-8.21375717090623e-09,1.27865465600683e-08,-2.68599811910643e-08,1.16522953770579e-09,-1.28820676611526e-09,-3.55298467160721e-09,9.40398162421579e-10,6.36981109097881e-11,4.48435813090915e-09,1.36625461853442e-07,1.03799126993835e-07,3.0409334831609e-07,4.51275526398819e-07,2.2564187946225e-07,3.89861837342143e-07,-2.07129194459617e-07,3.20341501228489e-07,6.6691541092753e-07,-1.97940082102567e-07,4.56355095960355e-08,-5.11218746746693e-08,1.97819970481775e-07,-1.14216957594964e-07,-2.21265888513891e-09,-1.31046394686718e-08,-3.01128351322491e-07,1.93555694839197e-10,4.28968384530956e-10,-5.45318250338047e-11,-4.40494562560992e-10,9.35307519474347e-10,1.46951230634918e-10,-7.58193928962874e-10,1.63659562845737e-10,6.32365240394609e-11,-1.19507930744924e-09,9.30085419224641e-08,-8.81626582954355e-07,5.29342698983076e-07,-5.46702085860815e-08,1.09890899849092e-07,-6.99277513878245e-07,-1.78001902541376e-07,1.253569712183e-07,9.19079062684143e-07,-6.09936770661017e-08,1.06219952858857e-08,-3.6589860646669e-06,-1.07088613736806e-06,3.62577820159353e-07,-4.16156831195118e-07,-2.91909606104436e-08,1.23907356233892e-07,-2.57055398485452e-08
"north_west","seed_date_alpha",0.000220496084889808,0.00080193319537706,0.000123214853095434,-3.78726138367047e-05,-5.76284659162318e-05,9.05599314558833e-05,-0.000258627265788427,0.000138235654803122,-3.45835299428859e-05,3.00583864564652e-05,1.6985066819135e-05,-9.78931061642734e-05,-0.000101267082699883,-0.000198594752101848,-0.000108828063057254,0.000210355479701233,-9.67936743853122e-05,-0.000138002667645295,-0.000105737530440116,-5.23879575962947e-05,-0.000157268984839019,-0.000103039836036482,-0.000211271990416446,-8.00502559444193e-05,-0.000256879883959789,-0.000113649804056562,-1.82564617440805e-06,-0.000236394931786579,-0.000179758622408687,-0.000211739691109197,-3.83040502032271e-05,-8.53964796492531e-05,-0.000190925110240391,1.54310045727587e-05,-6.1460381936405e-06,-2.73111932707097e-05,2.67679326118236e-05,-4.09488139564032e-05,5.72673642314534e-05,-7.60636109678714e-05,0.000546903413821822,-0.00136661705673476,0.00259946109116302,-0.000416939868980811,0.0017455848697487,-0.00519125573428073,-0.00201920986204483,-0.000472226274289404,-0.000905217175378918,0.000348039286142198,8.09473231713311e-05,0.00176003941660495,-0.0015773979145529,0.00084352157770844,-0.000236756517256364,0.000104216523731907,-0.00046348663869058,-7.42487171803604e-06,-1.69764547097658e-07,-3.83995626198608e-06,-2.77344341800074e-06,-1.98006554290557e-06,-2.80631185231875e-06,6.42493812501882e-06,-8.08563853588358e-06,-3.43392580916745e-06,-1.03851930941525e-05,0.00175421744680204,-0.00758893903180262,0.00426355085266444,-0.00186046826526335,0.000793891329195677,-0.000909594499149988,0.00308493090959049,-0.0060601134121746,0.00323459466580558,0.000299372745873322,-3.6589860646669e-06,0.683171705888513,0.0104008286042855,-0.00649564671047967,-0.00637949195526181,0.00582084296363534,-0.000719427672241688,0.000182372032079125
"north_west","seed_date_delta",3.07955354678068e-05,0.000842983580865392,2.99219886684249e-05,-2.91887852633456e-06,2.59216751765477e-05,5.16830494246297e-06,-2.26197619447273e-05,9.78012086529039e-06,-3.13414423312831e-06,6.77110899777363e-07,-9.38955635696791e-06,-1.64744972770853e-06,-6.35666150249674e-07,-1.32729125187911e-05,7.91295313715066e-06,-1.65680863213827e-05,-1.51265735843952e-06,-1.54272336885034e-05,-8.88876581340491e-06,4.26781637499048e-06,-1.32491193984972e-05,-1.03782483742855e-05,-9.22307054088021e-06,-1.63669515534952e-05,-1.28976240038492e-05,-6.63010098814969e-06,-1.84072773353177e-06,-2.3261222412611e-05,-1.19154684183989e-05,-1.10983458833152e-05,-9.52599159656184e-06,-1.11313115483713e-05,7.64699663324671e-08,-1.63862066295223e-05,5.15392536335907e-06,-1.48279362564712e-05,1.24507780336024e-05,-7.08556279374023e-06,1.45086932258348e-06,-3.66510143973058e-06,-0.000249100996787939,-0.000299846922237581,0.000239663582732406,-0.000139704281960735,-0.000107833361041843,-0.000370862401672173,-8.59610820593387e-05,0.000498826718029039,0.00042186304797945,0.000100119046849662,3.62068726365902e-05,0.000140028693747412,1.17937197751358e-05,0.000229701424674495,8.09424951481811e-05,2.78271743925611e-05,0.000213336700127939,-9.80439903675841e-07,-3.95461823851044e-07,-4.26962813558505e-07,-3.35856424693262e-07,-1.194462116648e-06,-1.2408914858971e-07,7.63777934201166e-07,6.78492762282982e-09,-1.09834814763884e-07,-1.18589047450631e-06,0.000470678405304408,-0.000355198778344517,0.000561903771181906,0.000231114646131133,-0.000226728065156087,-0.000463484882385468,0.000289584382428723,-0.000342078085115165,0.000711276082981919,0.000132167793070433,-1.07088613736806e-06,0.0104008286042855,0.0298970915205694,-0.000189755919619527,0.010969217927807,3.41338552571328e-05,0.000338421423568743,2.2269695553991e-05
"north_west","seed_date_omicron",-0.000149607027901605,-0.000162982153225744,-3.41862059644456e-06,-1.24767115666241e-05,1.93217855452067e-05,-2.28058394109172e-06,1.63002535828354e-05,-2.14800307699047e-05,1.93167364661006e-05,-2.46195536102801e-05,1.99986783630492e-05,-1.69222622063411e-06,2.94914979568771e-06,1.09322110034449e-07,9.42327222525906e-08,3.13061488588576e-05,-4.82592205908751e-06,-2.02614650496889e-06,-8.34195602768112e-06,2.39146567117862e-05,-1.32528450370801e-05,5.20365313628869e-06,-1.92654676474292e-05,2.45373587048323e-05,-2.56212032437653e-05,6.40813949058403e-06,-3.57203984316841e-06,-1.53432490331939e-05,1.35554294122653e-05,-7.90746776509501e-05,-1.92071796257589e-05,-3.54806343233138e-05,-5.20798372648794e-05,-2.17120471849584e-05,7.42868127333671e-07,-2.25701061473803e-06,-1.97712223172812e-07,4.09363687110076e-06,3.15166659424799e-06,-5.69835243367246e-06,4.61177328627979e-05,0.000375911388601397,0.000642976835667612,0.0011897618925584,0.000610288235579256,0.000123201250417765,8.11615261018246e-05,0.000324315778839078,-0.000352906036275778,-0.000266955799740659,0.000119350103014631,2.76566342998761e-05,0.000157350742041593,-0.000136203809223333,-1.89395470450734e-08,1.85593538245168e-05,-0.000622309499747137,2.07653988077012e-07,-8.20224189308404e-07,-7.86887884855955e-07,-4.17284836111057e-07,1.59888793740689e-06,2.79188634301604e-07,-1.15358613262826e-06,-1.43773314601849e-08,-2.08493277733181e-08,-2.41359076271119e-06,-0.000157553262730622,-0.00134727688575418,-0.000291586127646394,-0.000263190672707814,-0.000319682435427992,0.000187521575871682,0.00022481034316685,-9.55439236817364e-05,9.70558524419941e-05,-0.000150718971405767,3.62577820159353e-07,-0.00649564671047967,-0.000189755919619527,0.0369483335385584,0.00760174091899237,-3.80343609193386e-05,0.000133125687442579,0.00122304106607915
"north_west","start_date",0.000422287565836396,-0.000652310062249334,-9.26617145490401e-05,-2.08641463404471e-05,0.000427897189006464,-1.9469696807036e-05,-2.76248195111729e-06,-5.19909937283754e-06,-1.77975830048709e-06,-4.26610316409786e-05,3.72962764743498e-05,-1.2080210649709e-05,4.64482841976024e-06,-2.14656180998889e-05,5.00674506203373e-06,5.28331104321803e-05,-1.97414742296421e-05,-1.85271158513575e-05,7.85555466425202e-07,-8.22615263010801e-06,-6.87234615637517e-06,-3.88928261792132e-05,-1.45864400009786e-05,-5.68196420877761e-06,-4.79310934790121e-05,-2.72773355651616e-05,-1.50913758501415e-05,-3.58413797301295e-05,-2.39833550759905e-05,-6.2465686602703e-05,1.46226568507452e-05,-7.38759154415056e-05,1.76665896461742e-05,-7.50498219651271e-05,6.29231357077352e-06,-2.1007453438217e-05,9.57539429084446e-06,-1.11772255435239e-06,-2.14981425563899e-06,-9.69059912932071e-06,0.000564258479498679,0.000372591069571351,0.00081087289915171,0.000400965354581695,0.00132692146278064,0.00027089859479053,0.000278653395101687,-0.000576933528224129,-0.00171839271345748,-0.00045671519080916,6.66828705313344e-05,0.00105354366841224,0.00114077128545978,-0.000254657253872614,-8.16093241738088e-05,-4.59992878842513e-05,-3.39093725992067e-05,-2.47403798742184e-06,-2.33819693832508e-06,-1.68521005987796e-06,-2.69151969400222e-06,-1.26724829062018e-06,-3.51687585419475e-07,-3.08235334338448e-06,-2.55421778583516e-06,-1.76027514934185e-06,-4.61344519558884e-06,-0.00137387609602289,-0.00196402296334335,0.00111007176114545,-0.00194219141849656,-0.000849518558001696,0.000621164152851887,0.000524552369263474,0.000784076965974987,-0.00158901169933492,-0.000285723791433909,-4.16156831195118e-07,-0.00637949195526181,0.010969217927807,0.00760174091899237,0.171401221961485,-0.000171357559918759,0.000382110494995243,0.000557114789850712
"north_west","ta_alpha",5.79793786639484e-06,6.86387071270354e-06,1.16939748769018e-06,-5.41190807386218e-07,-6.08146218553084e-07,9.59633838103064e-07,-1.89203495511191e-06,9.04842937261959e-07,-2.11064408604263e-07,2.22964840382293e-07,-3.65758499191134e-08,-9.25611023405107e-07,-9.51667124430632e-07,-1.66975905162e-06,-9.69902796159093e-07,3.46894978374274e-07,-9.17862125019091e-07,-1.18116469217887e-06,-9.13682035376979e-07,-5.56657635209015e-07,-1.28121873179321e-06,-9.99826179358722e-07,-1.62623076076755e-06,-8.38885548395279e-07,-2.01182861371242e-06,-1.131241141934e-06,8.74157385830518e-08,-1.89806182366224e-06,-1.57403601900076e-06,-1.72752052025096e-06,-3.44719513980851e-07,-6.37868555006299e-07,-1.7182695736356e-06,-5.9831907563935e-09,-9.9662389594708e-08,-6.86139911003838e-08,1.34928181636286e-07,-4.24575337151818e-07,6.39590229200848e-07,-6.80538404471925e-07,2.37269684098424e-06,-1.10582701612894e-05,2.02459589064094e-05,-6.23610066997613e-06,8.81701782949483e-06,-4.3384825694855e-05,-1.81711746528444e-05,-3.57185566627045e-07,-3.27421500035648e-07,3.14878570133052e-06,-1.88915366685762e-07,8.36408749014686e-06,-3.10573384188079e-06,7.19117938500741e-06,-1.54152793750547e-06,1.18593036040655e-06,4.28393453755299e-06,-4.26817046645135e-08,1.21326099863361e-08,5.98017464232245e-09,-3.24571470061882e-09,-6.33034844248326e-09,-8.49196764300744e-09,6.03119252791596e-08,-5.53007981338941e-08,-6.82941764049934e-09,-5.50991022416287e-08,1.96834377859988e-05,-7.0204344718944e-05,4.0751865311166e-05,-6.56758127591927e-06,1.4972439511838e-05,-1.46027729737505e-05,8.00850204888464e-06,-5.19483075081495e-05,3.02443776839452e-05,2.42185713120239e-06,-2.91909606104436e-08,0.00582084296363534,3.41338552571328e-05,-3.80343609193386e-05,-0.000171357559918759,5.59873910736063e-05,-7.37523985146131e-06,-6.70176362218703e-07
"north_west","ta_delta",2.44952997602178e-06,-8.21438443148824e-07,-1.75287351654325e-06,-6.9657531140376e-07,7.7753082641683e-07,-3.17274915282282e-07,5.0578877244432e-07,-6.39814309857357e-07,3.62097254911045e-07,-5.17627714657117e-07,1.96675523497137e-07,1.14003955857788e-07,-9.96905144678109e-08,1.9426138681276e-06,-1.51666430763662e-06,-1.21024068655177e-07,-7.69525414138435e-07,-9.01595110174419e-07,-6.67954595267767e-07,-1.14454185286903e-06,-6.13902752629051e-07,-1.41319563722375e-06,-9.18751638004432e-07,-1.15695654852841e-06,-1.45440646868821e-06,-1.40571766317814e-06,5.71840824797191e-10,-1.41075870932609e-06,-1.41767009527427e-06,-1.31863757120566e-06,-3.97222097313497e-07,-1.64238306191815e-06,1.63509303126724e-08,-1.99523839531269e-06,-2.50661362481032e-08,-8.98718118096979e-08,-1.11476366627495e-07,-1.90018105611488e-07,9.2801258865789e-08,1.91496892693404e-07,5.17717360017098e-07,-1.37548151318392e-06,-6.39537775493402e-07,3.23383603554386e-06,-4.96200674795714e-06,-2.19429970657689e-05,1.40476061120942e-05,-3.65049216078212e-05,-3.86930541510038e-05,-1.75094455549281e-06,1.19741573629876e-06,1.01451532247063e-05,6.71132261874758e-06,-8.16414164659606e-07,2.500480960502e-07,-1.13397063826012e-08,4.89319360067852e-06,2.93440324149196e-09,-2.2077928381038e-08,-2.68185048252373e-08,-2.39352271856892e-08,3.30314448793556e-08,8.300234564603e-09,-2.49759353338537e-08,1.26669450865418e-08,2.03751668528487e-09,7.45223384572851e-09,2.07029496198553e-06,-9.42750035529554e-06,-1.42850534218318e-05,-3.71793614333639e-06,-2.42733614124757e-05,3.75698726055508e-05,1.66766623688334e-05,-2.65096961624183e-05,-1.56227827077194e-05,-3.51612727419679e-06,1.23907356233892e-07,-0.000719427672241688,0.000338421423568743,0.000133125687442579,0.000382110494995243,-7.37523985146131e-06,5.10958592156931e-05,1.79597418509114e-06
"north_west","ta_omicron",5.4609395734184e-07,2.44982494535075e-06,2.97573032239886e-06,-9.28568589727106e-07,6.52137581386895e-07,-3.27352907988094e-07,1.92627649138135e-07,-4.94497659189581e-07,3.46433603946061e-07,-1.54589240663614e-06,7.44205349934517e-07,-2.47375917713918e-07,-7.5861973799244e-08,-3.18188365970531e-07,-3.97326246106292e-07,5.51186611453532e-06,-2.6030617414115e-07,-3.12779871669647e-07,-7.44003691461313e-07,8.75798132651205e-07,-1.01045524374626e-06,-2.16610216085776e-07,-1.23432476982466e-06,-1.85024199150697e-07,-1.45553630747909e-06,-1.10869619534776e-06,-2.36329149119347e-07,-4.71327524198201e-07,-1.55832741718029e-06,-4.66161322615394e-06,-1.35714998470894e-06,-1.70618003427655e-06,-3.9127277511012e-06,1.00212298047828e-06,-7.30906969771806e-08,-1.89126255919064e-09,-3.85270229525096e-07,2.46613080507109e-07,-2.02655776663722e-07,-2.10556936556455e-07,1.30309347040531e-05,1.19414893759806e-05,3.03590543306035e-05,3.75384147818487e-05,3.27796844377252e-05,-1.21391628986587e-05,9.74772184972448e-06,-4.18242519412407e-06,-3.44786490835364e-05,-3.38909064263852e-06,4.77974104152371e-06,1.92844344294137e-05,-1.26357668293471e-05,-2.82133366056683e-06,8.63480015570018e-07,1.01537761508315e-06,-3.02483474634013e-05,-7.00433780775433e-08,-1.24037547487372e-07,-1.43797081044863e-07,-8.51178057148054e-08,-9.65024556785656e-08,-4.09187164311911e-08,-7.50324750408014e-08,-5.54355805083551e-08,-4.79074870372051e-08,-1.77824346384322e-07,-1.77962723545243e-05,-4.64689444256861e-05,-1.25693169769427e-05,-2.05090592798194e-05,-1.80761498971194e-05,3.71892896915172e-05,2.81225240152695e-05,-3.63210334367512e-06,-2.58454455884735e-05,-2.95875451093359e-06,-2.57055398485452e-08,0.000182372032079125,2.2269695553991e-05,0.00122304106607915,0.000557114789850712,-6.70176362218703e-07,1.79597418509114e-06,7.3464982483548e-05
