"region","name","alpha_admission","alpha_D","alpha_death_hosp","alpha_H","beta1","beta10","beta11","beta12","beta13","beta14","beta15","beta16","beta17","beta18","beta19","beta2","beta20","beta21","beta22","beta23","beta24","beta25","beta26","beta27","beta28","beta29","beta3","beta30","beta31","beta32","beta33","beta34","beta35","beta36","beta4","beta5","beta6","beta7","beta8","beta9","mu_D","mu_D_2","mu_D_3","mu_D_4","mu_D_5","mu_gamma_H","mu_gamma_H_2","mu_gamma_H_3","mu_gamma_H_4","p_G_D","p_G_D_2","p_H","p_H_2","p_H_D","p_ICU","p_ICU_2","p_ICU_D","p_NC_15_24","p_NC_25_49","p_NC_50_64","p_NC_65_79","p_NC_80_plus","p_NC_weekend_15_24","p_NC_weekend_25_49","p_NC_weekend_50_64","p_NC_weekend_65_79","p_NC_weekend_80_plus","p_W_D","rel_p_D_alpha","rel_p_D_delta","rel_p_D_omicron","rel_p_H_alpha","rel_p_H_delta","rel_p_H_omicron","rel_p_ICU_alpha","rel_p_ICU_delta","rel_p_ICU_omicron","rho_pillar2_tests","seed_date_alpha","seed_date_delta","seed_date_omicron","start_date","ta_alpha","ta_delta","ta_omicron"
"north_west","alpha_admission",9.7009599554232e-05,-1.40646900832154e-05,-4.64946989656458e-06,2.27871726381653e-06,-2.03404278315553e-06,4.2866058226638e-08,9.83434860953551e-07,-7.57534726086452e-07,-7.18243054994127e-07,-3.43106632069889e-07,-3.58578771271105e-07,-1.00677062195697e-06,2.85497231729444e-07,-2.31321469053706e-06,3.123867161844e-06,4.96745826918305e-06,3.61721705559041e-07,-7.86865765567726e-07,1.81410161924721e-06,2.83834703894056e-07,-1.05047569862707e-06,5.65454956173661e-07,-6.85439642140672e-08,4.74320989710017e-08,-1.45739836002031e-08,-6.07578645356347e-08,5.77968686685029e-07,1.30823710581467e-06,-2.74022682759081e-06,1.71781637244161e-06,1.61373560262269e-06,2.64246940930905e-07,7.06339715072396e-06,-4.94428082441236e-06,-7.603880930312e-07,2.21365353158777e-06,-2.00297952492073e-06,1.87309901228013e-06,-1.84556037354389e-06,3.64085858063291e-07,-9.0929205692628e-07,1.67080149878226e-05,-4.39222458188993e-05,7.61279363143177e-05,7.2089887541898e-05,9.31137799610669e-05,1.37837106282087e-05,9.6602657670367e-05,5.43700331332236e-05,6.74180118472311e-06,-2.78557973655265e-07,-1.94650770432294e-05,4.73407785163236e-05,-1.03749226547915e-05,-3.25146303902419e-06,3.66061478728199e-06,-6.85195104943149e-05,1.89434875564692e-08,-3.50233199858577e-08,-9.13673618546923e-08,8.79536695199793e-08,3.24005740167363e-07,-6.94558266406505e-08,2.74553003034792e-08,9.29273087973947e-08,7.80463515780513e-08,2.73635385242591e-07,3.98303156416697e-05,0.000113891206800235,-0.000114143108344471,-6.22968865743869e-06,-4.46768012670593e-05,-2.04604063559758e-05,-2.40811062895053e-05,4.06863138151415e-05,6.5396743260969e-06,7.23277351214368e-07,-5.75979901137357e-08,9.52198912872527e-05,0.0035582663261646,-0.00370734688126353,-0.00063060932049046,2.30186367019929e-05,-1.10354232028011e-05,-7.55096230065025e-05
"north_west","alpha_D",-1.40646900832154e-05,0.000604580746093822,4.99707621394644e-06,-1.55293595413475e-06,2.5891865589344e-06,1.12467587810839e-06,1.33587653568124e-06,-1.74347595543552e-06,3.83268532464437e-06,-9.82965929968283e-07,2.48235770792696e-06,5.44977574321129e-07,9.12590042864762e-07,1.74259349740445e-06,1.69787287476562e-06,-1.78200186808915e-05,1.72578054750331e-06,5.81132264445695e-07,2.25215957682534e-06,2.77395008373452e-06,8.61542491185025e-07,2.01272366091291e-06,1.40832896093163e-06,3.12989087563101e-06,1.58183714286406e-07,4.79497079221475e-06,-1.41358723911765e-07,-1.84909667603221e-06,7.61268617965159e-06,8.21166596322346e-06,5.17242140770244e-06,2.49267312423313e-06,7.84426991729033e-06,-5.7103239818045e-06,3.84433542325492e-07,-4.40357880036161e-07,1.0914229166916e-06,-2.31234221893807e-06,5.5068719593428e-06,-1.95504356175512e-06,4.39923309126759e-05,1.3972185755236e-05,0.000137436696984799,-0.00012449005880883,-4.85265006085284e-05,-0.000162313377538606,6.79186434543163e-06,-0.000217427995675334,4.45708639962929e-05,-5.35914139858557e-06,7.4758847983519e-06,-1.56851862490775e-05,-7.6316227081247e-05,-1.16626037085645e-05,5.67659254845137e-06,4.06752373073177e-06,2.35980274375969e-05,-1.68181069381451e-07,-4.39324739029437e-08,-8.33861500797645e-08,-1.60886872394845e-07,-2.91267602008924e-07,-1.58897980540423e-07,-1.173738807976e-07,-4.19579812398726e-09,1.31116515309605e-07,-4.24927749512219e-07,-0.000141035072735122,-0.00039355672005442,0.000425595385815847,-2.11897830162682e-05,0.000141024880161414,5.88368239422231e-06,-3.28355139915693e-05,-0.000168382922511391,2.54400212482163e-05,9.00026211689047e-06,8.98076396336852e-08,0.0001232377899873,-0.000733627747418032,-0.00102479256682473,-0.000461471607656991,-2.37414064468781e-05,-4.17912526322482e-05,-0.00012139594048241
"north_west","alpha_death_hosp",-4.64946989656458e-06,4.99707621394644e-06,1.19568319681504e-05,-6.82797021195974e-07,3.50734771904066e-07,-7.91296975190217e-08,-4.62289328246975e-08,-2.38205698111453e-08,-1.23309060884741e-07,-2.90982256562606e-07,-2.8244608989292e-07,-9.00196273581391e-09,-1.60284216777163e-07,-4.98945367210199e-08,-4.25434884337543e-07,1.52860215392982e-06,1.11032139359531e-07,-1.08184411900868e-07,-1.60965940500753e-08,-7.36824266582766e-08,1.19062572535968e-07,-1.94680683046693e-07,-9.7961352889339e-08,-2.24340556497055e-07,-3.34032309843617e-08,3.38801483271546e-08,9.52514498822308e-08,-5.76334562286047e-07,5.23147643775217e-07,2.12618222647895e-07,5.05144446126165e-07,1.50573289123125e-07,-8.73207624480794e-07,1.75413684379516e-06,4.63880945904306e-08,-4.63940341164795e-07,3.64121580076296e-07,-5.12819304082002e-07,6.97642012279642e-07,-2.51524055748286e-07,1.14456859693131e-06,-1.61767665278353e-06,9.29957659861898e-06,-9.69430822959619e-06,-1.38720864408506e-05,-8.42275071129173e-06,-1.22623124417654e-05,-1.0081999238097e-06,1.35501843587549e-05,2.63093625956496e-06,2.00065319958818e-06,2.28351371223603e-06,-9.80007582952568e-07,3.61981060654098e-06,4.03761209823403e-06,-6.52552836373673e-07,1.43944662638214e-05,-1.7840086493338e-08,6.15867504375391e-09,7.20469641099083e-09,-2.62245773785335e-08,-8.80282952373606e-08,2.28533870278542e-08,-3.80706734358047e-08,-2.5057591952905e-08,-1.16145877663834e-08,-6.66894883772463e-08,-4.49230305148854e-06,-4.77649273219734e-05,3.98606946677334e-05,9.81899498986841e-06,1.23025596891721e-05,-6.66540439791669e-06,-1.03289402168528e-05,-1.4180422269475e-05,3.22898870404625e-05,1.24845163204941e-06,-1.8037655498816e-08,1.11841812927475e-05,-0.000383412237380788,0.000126079792159558,0.000320028207168645,1.68459636800279e-06,-5.91028741743318e-06,-3.32390636084597e-06
"north_west","alpha_H",2.27871726381653e-06,-1.55293595413475e-06,-6.82797021195974e-07,8.35275935167155e-07,-1.47379491680318e-07,1.3152681329293e-08,-2.25989673353111e-08,2.7429962955327e-09,8.95122708418531e-09,1.49138414277827e-07,8.6797895010126e-09,-1.62792988674179e-08,2.43971275351703e-08,-3.81357036428338e-08,5.34743195215574e-08,2.87967059270513e-07,-9.60036190333042e-09,-2.91793914705132e-08,5.65807764337815e-08,-6.66622657913975e-08,6.86135180156176e-09,-1.38764284748112e-08,-2.28493740430803e-08,9.32859535711082e-08,-4.9697349825981e-08,-1.30021661858793e-08,-4.43052576485115e-08,9.97902042914499e-08,-1.01049277956697e-07,-9.65218739200512e-08,-4.97306752927942e-09,-5.18284537709537e-08,3.68756764311205e-07,-7.36782352328777e-07,-2.00130513858142e-08,1.1353501071387e-07,-6.97688784520259e-08,1.70883360114076e-07,-2.01026153772727e-07,-1.8223837739167e-08,1.23007803997686e-06,4.7913435774314e-06,-1.88851697312199e-06,4.61978751891142e-06,2.43209164214136e-06,4.53661672048763e-06,2.36295507618714e-06,4.11595505762455e-06,-1.90748007933241e-06,6.03995822464247e-07,-1.59641231978893e-07,-3.64131047838954e-07,9.69186724844659e-07,-2.05177801243188e-06,-7.42718810384298e-07,-3.09776960970608e-08,-3.97421382096929e-06,3.43735437776879e-09,-2.02532765284473e-09,4.81046552823127e-09,6.27439407116169e-09,1.99710575228481e-08,-4.1560825560674e-09,6.8077135837182e-09,7.18152803405578e-09,7.82581799868254e-10,8.837683390749e-09,-1.65873589265571e-07,8.3648037276418e-06,-1.0656642812654e-05,1.70962716831811e-06,-4.66212860557976e-06,1.1036389867249e-06,6.78299983424216e-07,4.38161348858609e-06,-3.63233104299498e-06,-2.09422337447532e-07,-2.68007138856535e-09,2.02002633098464e-05,8.70958204495051e-05,-7.29579976907263e-05,-6.8807893281817e-05,7.61798553235432e-08,1.27553539073097e-06,-6.63405835698508e-07
"north_west","beta1",-2.03404278315553e-06,2.5891865589344e-06,3.50734771904066e-07,-1.47379491680318e-07,1.09504181399445e-06,5.17949359424097e-09,-3.42893989076722e-08,1.1626733612033e-08,4.13465587246096e-08,-4.80106819282918e-08,1.25719596574809e-07,3.29312188058179e-08,-1.88206342390697e-08,1.4536922089114e-07,-1.09076163135643e-07,-1.48669320167812e-06,-4.72976510578014e-10,-1.08075319963108e-08,3.16401234266856e-08,-2.67627147415186e-08,-5.2762280951156e-08,1.9603744367248e-08,-5.19523752352272e-08,-1.00064692998443e-07,-7.72289806122317e-08,2.57244988581503e-09,-2.09142300633241e-08,-1.63506899581588e-07,-1.81517051888892e-08,1.24301270463759e-07,-1.28599489657439e-09,1.42981190771961e-07,-2.02530534136532e-07,2.04328178057313e-07,2.58061854457964e-08,-7.30344606735244e-08,2.27985133114729e-08,-6.46110942911894e-08,1.55914484061566e-07,-1.7796403600719e-09,-8.402600065502e-07,-3.77533767804218e-06,3.226259395224e-06,-3.06336730426857e-06,4.2597638869325e-06,-5.21531566380898e-06,2.54574960003088e-07,-6.48931429712789e-06,-7.75551588115319e-07,-1.18951478049064e-06,5.43970972568037e-07,1.1314028110803e-06,-1.76251043777865e-07,7.46288653181192e-07,3.57153616133158e-07,8.19639846854608e-08,1.45465912153952e-06,-1.36372605828415e-08,5.299350553372e-09,-7.96346874735669e-09,-1.36365680380691e-08,-2.51045219631805e-09,-2.72456463720607e-09,-6.45964800276232e-09,-1.5592203314083e-08,-4.80925332495667e-09,-2.50321611351971e-08,4.33457958293014e-06,-8.19548354094462e-06,7.64777707205047e-06,-7.59492541111079e-06,3.31777093589539e-06,2.41001514414579e-06,-2.80716005661323e-06,-2.72959311737811e-06,-4.06917114572191e-08,3.28870763316151e-07,-5.7205242560119e-09,-2.20534575262486e-05,-0.00011741273969495,-1.38349085331608e-05,0.000335503472074708,-1.13147423017384e-06,5.84811795849822e-08,-3.0872382957441e-07
"north_west","beta10",4.2866058226638e-08,1.12467587810839e-06,-7.91296975190217e-08,1.3152681329293e-08,5.17949359424097e-09,1.57875709282234e-07,-1.54230651872273e-07,4.02503640422643e-08,3.11190890629708e-08,2.97218957804944e-08,7.86157798296502e-08,1.26761655323613e-08,3.54869171192389e-08,1.08780811507647e-08,5.86705863655268e-08,-1.81021876154611e-07,4.84064288216151e-08,1.53620098842695e-08,7.22141977797468e-08,2.65174761682188e-08,4.33900731746333e-08,5.1306046742522e-08,4.60601228974519e-08,8.54185563860587e-08,4.54868775089866e-08,1.01007091178499e-07,6.49635719120027e-09,4.90682850034898e-08,9.47510819572744e-08,7.27814362690029e-08,4.76932007703538e-08,2.99771491413804e-08,1.20363939525987e-07,1.36279217336436e-08,-3.4798815712647e-09,1.89259469464575e-08,4.73099726335264e-09,-3.94053112103935e-08,1.4295091253449e-07,-1.65975033946001e-07,2.08650632552874e-07,6.57369186434996e-07,5.13050283852365e-07,-9.53111599403639e-07,-1.27119127734969e-06,-1.29146462888232e-06,-3.15610445515398e-07,-2.27483212494966e-06,-1.76433515003534e-06,4.32497312464037e-07,-2.15399504577638e-07,-2.57275156130972e-07,5.47525391842954e-07,-6.35706632238591e-07,-1.81201472263408e-07,8.84279204083125e-09,6.06138011432426e-07,2.0726913626594e-09,-1.16503668276672e-09,1.42731598363206e-09,2.30828144795647e-09,-1.14167756118462e-09,-7.2038489845965e-10,9.57210087747137e-10,2.75413176314914e-09,2.36690976808964e-09,2.72836186375641e-09,-1.50276810447685e-06,-1.94708811235472e-06,1.65788284166851e-06,1.17500179372782e-06,2.09105751471413e-06,-4.86467145981786e-07,2.99143754955938e-07,-1.73197303455869e-06,-5.65812740861038e-07,-1.10431339775644e-07,7.34561466569407e-09,3.32252772908817e-06,1.65856276607889e-05,-1.95967054077004e-05,-1.61553681764524e-05,-6.28924065401605e-07,-5.82596810823072e-07,-1.08887452821658e-06
"north_west","beta11",9.83434860953551e-07,1.33587653568124e-06,-4.62289328246975e-08,-2.25989673353111e-08,-3.42893989076722e-08,-1.54230651872273e-07,4.38881189134587e-07,-2.43719173207735e-07,1.49687246967134e-07,-1.47479497523078e-07,7.14183103211274e-08,-1.36698450772003e-08,9.37886883081836e-09,-1.82614508067692e-08,1.37271866430216e-07,3.52932376364592e-08,1.02370184023084e-07,1.59128753745323e-08,1.48755588488764e-07,2.80048425513125e-10,2.21699570735736e-08,1.056688786197e-07,2.64760009454886e-08,1.1140687048689e-07,4.88581687929152e-08,8.19851773080624e-08,2.73072077748262e-08,1.067171544479e-07,4.87174127768174e-09,1.02760112947805e-07,9.4575382781195e-08,-3.03466008314292e-09,3.62668235967685e-07,-3.81701571620483e-07,-1.33823838265429e-08,4.58478887872907e-08,-4.62349566619463e-08,8.15350130583037e-08,-9.88876371430636e-08,1.51632509939892e-07,1.93884173324673e-06,-2.84506674614701e-07,3.12472609058039e-07,2.16929014735271e-08,3.78923122108554e-06,1.83948480476627e-06,1.34433738401825e-06,7.60257672960458e-07,2.313039845433e-06,2.27452939929005e-07,-9.89283488761342e-09,-1.533951750403e-06,1.81061559460207e-06,-4.6552150307615e-07,9.4432902542676e-09,2.06801848186633e-07,-5.72153786315884e-07,-1.36446621681615e-09,-1.79479004772828e-09,-3.78814338916766e-09,6.81234865624952e-10,8.385367421188e-09,-1.7067500467028e-09,4.18444563238226e-09,1.77158848200925e-09,2.20768540210062e-09,-3.68823411265469e-10,4.62440673284338e-07,1.56847458213721e-06,1.66419544191266e-06,-3.47669993624829e-06,-7.48663234228885e-07,1.07403838624112e-06,-3.48759128346638e-06,1.55425711854822e-06,-2.22941497285971e-06,4.08347881525917e-07,-1.63258638588679e-09,1.11229186032011e-05,0.000125453854204651,-0.000100430426258078,-2.25742642190698e-05,6.23620192745014e-07,-2.7218133055481e-06,-2.06908781254727e-06
"north_west","beta12",-7.57534726086452e-07,-1.74347595543552e-06,-2.38205698111453e-08,2.7429962955327e-09,1.1626733612033e-08,4.02503640422643e-08,-2.43719173207735e-07,2.97798474937313e-07,-1.95993426746499e-07,2.66797604414204e-07,-9.40826178510389e-08,3.11765322710559e-08,1.51865574386309e-08,2.41046578236929e-08,-7.8931058354941e-08,-1.47036522903174e-07,-5.84280131843465e-08,5.21976661841569e-08,-1.17580586444079e-07,7.06966389223364e-08,1.99977026217962e-08,-3.32280708988717e-08,3.0879635674381e-08,-3.32391617388915e-08,7.62606478981004e-09,5.33598495674322e-09,-4.52467932738109e-08,-2.49309739871831e-08,7.41030343868435e-08,-1.20312778542384e-07,-8.06191394261237e-08,-6.71672173768213e-08,-2.89163983666388e-07,2.8763527417113e-07,3.67225970776702e-08,-6.19284512227658e-08,5.58469059997568e-08,-4.64577241895643e-08,1.66868637530946e-08,-1.86325525698449e-08,-7.29100168228826e-07,3.53583683102361e-07,-8.37725821085288e-07,-4.21650271885329e-09,-1.92009792675244e-06,-1.37702279542927e-06,-5.81248780277098e-07,-1.4316835336637e-06,-4.36219066288282e-06,-5.03000532591953e-07,4.89369626723475e-08,8.96499669928051e-07,-2.85762951131408e-06,1.62669152381531e-07,-2.69208592045333e-07,-1.15784555738707e-07,1.55384254009612e-06,-1.34545533996999e-09,4.45346324600785e-09,2.46087185767306e-09,1.96067557794781e-10,-5.90442514908741e-09,7.86384293181198e-10,-3.43521468787163e-10,-1.86640233778462e-09,-3.57432093425507e-09,-1.02878470983768e-09,-1.43298501533526e-06,2.04757132512536e-06,-4.49052524494171e-06,1.2423483849169e-06,1.18245685461953e-06,7.61963834361748e-07,3.92014539910483e-06,-1.31283932741077e-06,-7.96686372425953e-07,-5.73510598593077e-07,1.87716433606405e-09,-8.37306956782343e-06,-0.000142185877519605,0.000152108974427665,-4.72465484825773e-06,-1.05576186076395e-06,7.5110095288181e-07,3.74474139422531e-06
"north_west","beta13",-7.18243054994127e-07,3.83268532464437e-06,-1.23309060884741e-07,8.95122708418531e-09,4.13465587246096e-08,3.11190890629708e-08,1.49687246967134e-07,-1.95993426746499e-07,3.67846825266641e-07,-2.1511774185282e-07,2.94654034140035e-07,5.14741959831144e-08,6.59934100151291e-08,1.21863603712837e-07,1.09514467645445e-07,-4.42305079590904e-07,1.63644321860911e-07,7.66235396917861e-08,1.89084852818367e-07,1.24344721733726e-07,8.47454563942058e-08,1.92995082157104e-07,1.1798200727497e-07,2.67368750484131e-07,1.08036355207809e-07,2.54954722648125e-07,3.60657211199711e-08,1.77491367144653e-07,2.45559436311544e-07,1.57606751453892e-07,1.42999040416531e-07,1.16333857115863e-08,4.35688296550518e-07,-3.85419421775628e-07,-2.47614689064762e-08,8.10117093392749e-08,-7.30182104383037e-08,4.29073914206464e-08,6.47157627237356e-08,6.50803784963372e-09,2.7612484721642e-06,1.11977161861262e-06,1.78022782770143e-06,-1.80100984313717e-06,2.41675601899147e-06,-3.57234353856868e-06,1.72412531928595e-06,-7.95755310748258e-06,-5.99801615737512e-06,2.13690967739666e-07,-1.86859903509196e-07,-1.36445031597363e-06,1.41437807509972e-06,-1.82248923643373e-06,-2.68733137426483e-07,9.66368534548098e-08,1.87506641467579e-06,1.7356564200533e-09,1.48280707573334e-09,5.95506367752139e-09,4.41699938992441e-09,1.91817249887853e-10,-2.02292196491199e-09,2.68631853904231e-09,5.27879465009624e-09,3.77900533572786e-09,-1.99546901120758e-09,-3.21128822874835e-06,-3.79552839142735e-06,1.90260949081278e-06,-2.84888447045045e-06,3.71322975908133e-06,3.08048969980509e-06,-2.94322197758515e-06,-2.59042367472585e-06,-7.66818274538006e-06,3.76037224660753e-07,7.30802402359683e-09,1.53735069236279e-05,2.00196057860454e-05,-2.22962684028354e-05,-2.8689611539546e-05,-1.4530324791143e-06,-2.77420563483875e-06,-1.64874590624845e-06
"north_west","beta14",-3.43106632069889e-07,-9.82965929968283e-07,-2.90982256562606e-07,1.49138414277827e-07,-4.80106819282918e-08,2.97218957804944e-08,-1.47479497523078e-07,2.66797604414204e-07,-2.1511774185282e-07,7.93045595232753e-07,-3.59388972339582e-07,1.05183732673017e-07,3.94645870765949e-08,6.32288110027527e-08,2.89116125046151e-08,-4.04331140820878e-07,2.10520733363269e-08,1.36565374387791e-07,-4.32208558116758e-09,1.59336319050037e-07,1.79478455978494e-08,1.6659092383174e-07,5.3515075117631e-08,1.91607664336421e-07,-2.61090428955176e-08,2.14696318754907e-07,-5.09127251766328e-08,1.08421444567567e-07,2.04141816048034e-07,-5.08998187007588e-08,-1.58446391304504e-07,3.59028147629734e-08,-1.95188283000657e-07,2.13707478980508e-07,2.02280005506446e-08,-1.3436466504701e-08,-3.30623037541478e-08,1.02378117841819e-07,-2.08333741745387e-07,2.83229460441406e-08,3.64713096160056e-07,1.09409530456978e-07,-3.26569737845931e-06,5.96555161039064e-07,2.54866835442301e-06,2.8945858725287e-06,1.57121385698081e-06,8.05586717714373e-07,-6.9576244808846e-06,-3.68188052301552e-07,-1.94469758923031e-07,2.1878647666353e-06,-1.64882398942331e-06,-6.9801788808498e-07,-3.88980233635988e-07,1.2999975873941e-08,2.38123818788026e-06,-2.12632170590079e-09,5.66339641970233e-09,-1.19281623632137e-10,-4.25619527175091e-10,6.955963459691e-09,-3.65281129457818e-09,5.5780751341849e-09,-5.03765178527236e-09,-5.95145986977451e-09,-3.4250411432129e-09,7.03111408038192e-07,1.44134535633897e-05,-1.18433956347811e-05,-4.66809426068043e-06,-5.4146691962067e-06,2.97723087119635e-06,7.45865963661991e-06,3.10052438597908e-06,-7.85333614004658e-06,-8.33336181872652e-07,-3.94238376179648e-09,-1.38849273441568e-06,-0.00012816185591383,0.000196343978987288,-4.17720574418556e-05,-3.05246318670926e-06,-1.35350527637327e-06,5.50308070446031e-06
"north_west","beta15",-3.58578771271105e-07,2.48235770792696e-06,-2.8244608989292e-07,8.6797895010126e-09,1.25719596574809e-07,7.86157798296502e-08,7.14183103211274e-08,-9.40826178510389e-08,2.94654034140035e-07,-3.59388972339582e-07,9.5594741135641e-07,-2.17097565339945e-08,1.47026053694964e-07,5.04835065237207e-08,2.68440208585978e-07,-5.23546073524223e-07,2.59575115470639e-07,1.60897492389668e-07,2.69497535974216e-07,2.359214757872e-07,1.80575596296086e-07,2.7596184691336e-07,2.77076119138171e-07,3.0194624872131e-07,3.18950500432539e-07,3.76205649186077e-07,1.2402022117074e-08,3.00843620737332e-07,3.82627953921465e-07,1.51896833376256e-07,1.95906689776874e-07,2.82510987572983e-08,5.37140620114883e-07,-3.87866735055446e-07,-1.93409105774427e-08,9.05048644562133e-08,-1.16413446385852e-07,1.19737933554729e-07,-1.13149939151699e-08,-3.81305620527115e-09,2.79658319229373e-06,6.32640851547233e-07,-5.19084540217178e-07,-2.11732965866886e-06,2.82542332012796e-06,-5.01592389708709e-06,4.08607355335021e-06,-1.21946039384528e-05,-7.81668717551089e-06,6.20350985097725e-07,-5.0624716962082e-07,-7.46329490754759e-07,2.76179967010112e-06,-2.09835082434394e-06,-4.57931098428114e-07,1.60063185668908e-07,6.27832874603274e-07,-3.71651218674051e-10,3.01268019092705e-09,5.31960611136731e-09,8.60824498542484e-09,-4.46675800230959e-09,-1.47128910464978e-09,2.56942123604785e-09,5.85061868993579e-09,2.56695562438884e-09,-1.48574824038144e-09,-1.96997288113165e-06,5.03446533966919e-06,-2.91549688415286e-06,-3.79110261761887e-06,3.02959940664714e-06,3.85372567191698e-06,-3.70476281650859e-06,-1.07834920443812e-06,-1.24215704013924e-05,3.54753556760844e-07,2.84409163934826e-09,7.98817575352238e-06,6.40681132597339e-05,-1.02952420748456e-05,-1.0044821669305e-05,-2.20149014605045e-06,-6.40927094771517e-06,-3.06110460730122e-07
"north_west","beta16",-1.00677062195697e-06,5.44977574321129e-07,-9.00196273581391e-09,-1.62792988674179e-08,3.29312188058179e-08,1.26761655323613e-08,-1.36698450772003e-08,3.11765322710559e-08,5.14741959831144e-08,1.05183732673017e-07,-2.17097565339945e-08,7.66804233416234e-08,5.74400088335715e-09,1.09753271984372e-07,-2.45921849596999e-08,-2.08799091404279e-07,3.33517046382339e-08,6.03774361774583e-08,2.23172293878233e-08,5.51688605196904e-08,3.50052983057022e-08,7.13677831267565e-08,5.42738492527815e-08,7.42375364436785e-08,3.49127716039163e-08,1.00357707173648e-07,-2.01795068162344e-08,4.89400871057402e-08,1.34108764376015e-07,-4.69883468323272e-09,-3.23905660769101e-09,-8.72646659283524e-09,-7.70939265006543e-08,1.3767587740765e-07,1.69321929428302e-08,-2.20365081155789e-08,7.95606489777681e-09,-7.06765268584363e-09,3.97035232408567e-09,1.29173081502819e-08,5.76883633364513e-07,-2.86944698334121e-07,-6.02712302612427e-07,-1.94387269147724e-06,4.03289000321493e-07,-1.49866116039023e-06,-7.38487016788162e-09,-3.21017789051186e-06,-4.38131970138966e-06,-2.31384973798413e-07,-1.50053596047709e-07,4.18379031752066e-07,-6.73754281358187e-07,-4.63242957734663e-07,-8.27475378686346e-08,-1.6637547526958e-08,2.20836422979972e-06,-3.7698032485606e-10,3.96972036404344e-09,3.77972685880283e-09,5.30993354199158e-11,-2.71513368946744e-09,-1.51160899371855e-10,8.27433768981387e-10,-1.03640822416717e-09,-1.47468115168904e-09,-5.29670998734279e-09,-1.38121885072716e-06,3.27183893110548e-06,-1.84088103878151e-06,-2.18791244716703e-06,5.54461136563325e-07,2.12876999346427e-06,8.76285826427253e-07,-1.32276301802328e-06,-3.78444429104013e-06,-2.33424511300379e-08,1.628354719508e-09,-8.31336689979415e-06,-8.34793163196235e-05,9.02920907501572e-05,-3.3133168837212e-06,-1.50704313239936e-06,-4.96056869057934e-07,1.8826920657597e-06
"north_west","beta17",2.85497231729444e-07,9.12590042864762e-07,-1.60284216777163e-07,2.43971275351703e-08,-1.88206342390697e-08,3.54869171192389e-08,9.37886883081836e-09,1.51865574386309e-08,6.59934100151291e-08,3.94645870765949e-08,1.47026053694964e-07,5.74400088335715e-09,7.98036405557731e-08,-2.18210351257447e-08,1.11124293244539e-07,-2.17471256703206e-07,6.36812911760996e-08,6.51652132220691e-08,5.9314277295549e-08,1.08689943890865e-07,5.21162766178504e-08,1.02195572847091e-07,8.1010922306647e-08,1.42346962951649e-07,6.82524436783001e-08,1.55448961168403e-07,9.8864838983375e-09,1.09583907465085e-07,1.43104451060148e-07,3.82984639191137e-08,4.20034422243851e-08,-1.82789849055307e-08,2.01681439843435e-07,-1.66454805320102e-07,-8.15082420068065e-09,4.26179330623552e-08,-3.40683061718286e-08,3.85533834145338e-08,-1.25013033866144e-08,2.85905212243423e-09,1.41715060906392e-06,1.00689152304879e-06,7.98966984738342e-08,3.51889152653888e-07,1.41824971404458e-06,-2.58503660142487e-07,4.14569874703708e-07,-2.68757270016811e-06,-3.7625246584687e-06,1.84302014365121e-07,-1.03056290314297e-07,-6.35660599987079e-07,2.57578034864548e-07,-9.72513791153839e-07,-3.14827392359939e-07,5.66821703577112e-08,1.05658570526026e-06,1.10893786689691e-09,1.3426647008161e-09,3.20457574101879e-09,4.04868038662774e-09,9.07795057158985e-10,-7.55624189847759e-10,2.88089522482118e-09,3.52749899385308e-09,1.49694601907009e-09,3.48248047751977e-09,-1.38044622260962e-06,4.61805256347227e-07,-2.44665348688679e-06,-9.61985780862757e-07,1.32743782823243e-06,1.12572624014747e-06,5.20046590164446e-07,-5.28462092652077e-07,-4.05242318110929e-06,-1.65016766252196e-07,4.74694092801163e-09,-5.26275395832164e-06,1.78797064436992e-05,1.92607256326534e-05,-3.13378491249864e-05,-1.00166099845848e-06,-1.36527269722521e-06,1.58174604812805e-07
"north_west","beta18",-2.31321469053706e-06,1.74259349740445e-06,-4.98945367210199e-08,-3.81357036428338e-08,1.4536922089114e-07,1.08780811507647e-08,-1.82614508067692e-08,2.41046578236929e-08,1.21863603712837e-07,6.32288110027527e-08,5.04835065237207e-08,1.09753271984372e-07,-2.18210351257447e-08,3.92846749568182e-07,-2.42380895408966e-07,-4.16877313831026e-07,8.10663514080245e-08,5.83742469895832e-08,6.24685955947532e-08,5.51749833371196e-08,3.39734631266663e-08,1.04111792463544e-07,4.56821039814551e-08,1.2007635328746e-07,1.3628677262559e-08,1.53927749351818e-07,-9.6530123663646e-09,3.68255297401023e-09,2.30669713440289e-07,1.5275973888045e-07,2.2999635436301e-08,8.02695429682119e-08,-6.11849584354278e-08,1.72697485433627e-07,1.1153731921217e-08,-1.02242997266958e-08,-2.2913602120815e-08,-2.16407730633e-09,3.97400048267938e-08,5.09684711450568e-08,5.87201853903662e-07,-2.09621570029995e-06,1.05301721631991e-07,-4.79433066405205e-06,5.95680457327686e-08,-5.37310326214361e-06,1.60551380135167e-06,-1.04421718750104e-05,-8.60003828790581e-06,-6.97326503358229e-07,-1.10458164217056e-07,9.80776707058403e-08,-1.99581656378463e-06,-4.32275709997704e-07,-2.35345878138389e-09,2.44418993953184e-09,4.35809266554976e-06,-3.28204809828778e-09,7.59511034277163e-09,6.48443628503218e-09,-2.18804933019887e-09,-1.58147778415723e-10,-9.29524757240624e-10,7.18830307073822e-10,-3.58307921749887e-09,-2.6771664886296e-09,-1.5685342329425e-08,-1.16558846303298e-06,1.53939422451492e-06,4.35101693453456e-07,-5.72645895684996e-06,3.15373285778068e-06,5.04132685718532e-06,1.02485041460141e-06,-3.2882203549204e-06,-7.85866162678979e-06,-4.83533628339556e-08,-1.39379418337424e-09,-1.95932887354008e-05,-0.000242387385001493,9.87632698802497e-05,2.39435455187842e-05,-2.09187189728508e-06,-3.49492683252022e-07,4.40105526686202e-07
"north_west","beta19",3.123867161844e-06,1.69787287476562e-06,-4.25434884337543e-07,5.34743195215574e-08,-1.09076163135643e-07,5.86705863655268e-08,1.37271866430216e-07,-7.8931058354941e-08,1.09514467645445e-07,2.89116125046151e-08,2.68440208585978e-07,-2.45921849596999e-08,1.11124293244539e-07,-2.42380895408966e-07,6.69602925903077e-07,-5.53058213587996e-07,2.26732864373e-07,1.67015814417572e-07,2.87498722217541e-07,3.22046042074301e-07,1.12495235835114e-07,3.47912551582477e-07,2.26325280218458e-07,3.85064114624693e-07,2.76805878660004e-07,3.95034776690108e-07,3.54340697844249e-08,4.13895297262662e-07,2.11259537892499e-07,3.58630477405611e-08,1.55961140692058e-07,-4.50395296699858e-08,7.05437541813256e-07,-5.99835667065251e-07,-2.24910011482281e-08,1.0561894545131e-07,-9.08507087704172e-08,1.3406313970008e-07,-8.55727995322608e-08,-2.50751322047391e-08,2.88225568896082e-06,3.10922581081079e-06,-1.50320112500975e-06,3.93348259722392e-06,2.81422279562007e-06,3.1781087347235e-06,3.24606311322377e-06,1.73867594872793e-06,3.15635509028012e-06,1.07170713422791e-06,-5.58380749448007e-07,-1.12625071811032e-06,6.58857556653798e-06,-2.41185628222635e-06,-5.01894877344813e-07,1.67210580646693e-07,-3.22586849624286e-06,5.38685271019598e-09,-2.95385031245308e-09,-2.73475218837571e-09,1.17465173463245e-08,1.54021125454049e-08,-5.12628709567127e-09,8.21813317225745e-09,1.1450658490085e-08,7.5138178117081e-09,1.64003355650832e-08,6.1555507186663e-07,7.68549210212227e-06,-4.98531193227499e-06,2.88234449109064e-06,-4.19521290861452e-06,-9.56403679151192e-07,-5.35195487471254e-06,5.63285988217179e-06,-5.1306488596292e-06,3.49466591558063e-07,1.19904519591624e-08,1.63729683084639e-05,0.000399582873243055,-0.000104911782209094,-9.52624618932549e-05,-6.1138506584465e-07,-8.17124848821568e-06,1.01885690940724e-08
"north_west","beta2",4.96745826918305e-06,-1.78200186808915e-05,1.52860215392982e-06,2.87967059270513e-07,-1.48669320167812e-06,-1.81021876154611e-07,3.52932376364592e-08,-1.47036522903174e-07,-4.42305079590904e-07,-4.04331140820878e-07,-5.23546073524223e-07,-2.08799091404279e-07,-2.17471256703206e-07,-4.16877313831026e-07,-5.53058213587996e-07,1.98519366415231e-05,-1.81976073235028e-07,-4.79433637628257e-07,-1.27593432443337e-07,-1.06586149022823e-06,8.39830793375311e-08,-8.88864091893806e-07,-2.99912973205891e-07,-6.24614041914371e-07,-1.76123800782761e-07,-1.18434901529081e-06,-9.1092488650181e-07,-2.90856097380995e-07,-9.09214359725011e-07,-3.19256055292218e-07,5.39506256995089e-08,-9.28129370212786e-08,-1.30215624797808e-06,2.03537972474752e-06,4.9236904160591e-07,-7.22816035250037e-07,6.5602517708458e-07,-3.40552090965467e-07,-7.65468055246988e-08,2.22784918781764e-08,-2.0113521087683e-05,-3.18283443261229e-06,-1.31148003393959e-05,-9.53074545777248e-06,-1.5873135423737e-05,1.94285229016438e-05,-9.11668951854205e-06,3.14121758690391e-05,2.7564225451335e-05,3.22098265408711e-06,-3.81312246644462e-07,-7.03546813047665e-07,6.25699764662217e-06,1.22587782578792e-05,1.91785392674129e-07,-1.03960467306957e-06,-8.905671539699e-06,2.69126334647291e-08,-1.56704282142373e-08,-1.22458681785717e-08,-5.93148286831244e-09,-1.09525982341714e-07,1.73514228317976e-08,-1.8656003539096e-08,-1.01360305648302e-08,1.14059404094837e-09,3.60697497171553e-08,-1.34865323626968e-05,1.10806439438448e-05,8.48558529313254e-06,1.68817424184457e-05,6.77425659248817e-07,-1.77057369213705e-05,-5.93363694194157e-06,6.70296178695388e-06,4.14075548651041e-05,-5.50586877411999e-07,-6.07073086194922e-09,4.67295719986429e-06,0.000101468847804215,-0.000193903588752577,0.000411788209886116,7.1749458461032e-06,8.33214035283191e-06,-4.14229252721327e-06
"north_west","beta20",3.61721705559041e-07,1.72578054750331e-06,1.11032139359531e-07,-9.60036190333042e-09,-4.72976510578014e-10,4.84064288216151e-08,1.02370184023084e-07,-5.84280131843465e-08,1.63644321860911e-07,2.10520733363269e-08,2.59575115470639e-07,3.33517046382339e-08,6.36812911760996e-08,8.10663514080245e-08,2.26732864373e-07,-1.81976073235028e-07,5.18847736608095e-07,1.35631462631242e-07,5.28029603854059e-07,2.43325751623412e-07,2.3243703538556e-07,4.29484971440487e-07,3.06128336183938e-07,4.4978970751681e-07,4.21594325971021e-07,5.07450752210728e-07,9.4622579062536e-09,4.01059960663472e-07,5.4329082581739e-07,2.17670179559701e-07,2.60064246701531e-07,-4.78080291888715e-08,6.68422939641168e-07,-4.25495553695732e-07,-2.03844632491418e-08,6.5578662291655e-08,-4.44005492666142e-08,2.81116302211327e-08,4.67217649362328e-08,-1.80069605495486e-08,2.76790946337732e-06,2.29298701206896e-07,-2.48260260590049e-07,-1.99947457197449e-06,-2.50588183759623e-07,-1.05304793406577e-06,3.75481903406453e-06,-5.46091170902096e-06,-2.50401742464386e-06,4.7608640220378e-07,-4.32940098747726e-07,-1.25402642610803e-07,5.82077455945445e-06,-1.38826297644415e-06,-1.95739036297832e-07,3.82513080383339e-08,-3.42007487988169e-07,-1.6984490065568e-09,1.12568548403539e-09,-1.04069202825388e-09,3.7997974452893e-09,3.41153363946056e-09,-4.7289923382796e-09,1.58683989987427e-09,3.99038209219638e-09,2.48046436513045e-09,1.5655461201867e-09,-1.82323729238361e-06,5.76771248604967e-06,-1.34774416077606e-07,-1.42051712177129e-06,-3.45336107357239e-06,3.77853958438304e-06,-5.25859817140563e-06,3.27272275379246e-06,-9.65788314269624e-06,3.65589375577654e-07,5.98501641053306e-09,2.00458946066725e-05,8.41277167731968e-05,1.98265438702433e-05,-3.31291986962037e-05,-1.54839448096815e-06,-1.23406550043214e-05,6.82389490707767e-07
"north_west","beta21",-7.86865765567726e-07,5.81132264445695e-07,-1.08184411900868e-07,-2.91793914705132e-08,-1.08075319963108e-08,1.53620098842695e-08,1.59128753745323e-08,5.21976661841569e-08,7.66235396917861e-08,1.36565374387791e-07,1.60897492389668e-07,6.03774361774583e-08,6.51652132220691e-08,5.83742469895832e-08,1.67015814417572e-07,-4.79433637628257e-07,1.35631462631242e-07,2.94550268361667e-07,8.18001709282979e-09,3.02414552637439e-07,1.63111912724215e-07,2.77298793720076e-07,2.46488041366297e-07,2.77597261475432e-07,2.40082561156721e-07,3.86674904902346e-07,-1.92178638815883e-08,2.72432936688332e-07,3.81368957029797e-07,1.10985435055415e-07,5.97160406310909e-08,5.57190771047541e-08,1.00304380322167e-07,2.00154673177458e-07,1.33447094095826e-08,2.02055028718654e-08,-4.31136476082751e-08,5.45266355438137e-08,-7.89619220928056e-08,5.99700870026887e-08,1.85115768165191e-06,4.2910341417423e-07,-1.1237820935734e-06,-1.28820862282962e-06,2.08852783342844e-06,-1.4659741693511e-06,2.41434910769828e-06,-4.72805489967187e-06,-6.64137799672318e-06,-5.37245370787805e-07,-3.56021850058966e-07,1.100339974752e-07,2.21048507557442e-06,-1.53826998904614e-06,-1.36800423272743e-07,8.40177249511335e-08,2.11212303725035e-06,-2.10794560319511e-10,4.35392442503969e-09,6.12759366207434e-09,4.70862530175424e-09,2.12148288944044e-10,-8.23536334266255e-10,5.19258735502713e-09,5.59252263426289e-10,-9.16903224544882e-10,3.28079203627155e-09,3.92091611181501e-07,7.57282740261068e-06,-4.87808548941459e-06,-3.51804850806616e-06,-1.41633024850419e-06,4.0887365669393e-06,-1.56874635521734e-06,1.50744559621927e-06,-1.03749850236791e-05,-6.08998403842385e-08,2.38417910996324e-09,-1.68659640272579e-06,-0.000113046107685057,0.000122197114612763,-4.19540427274266e-05,-2.13394881784594e-06,-6.90095864028227e-06,3.1784788356456e-06
"north_west","beta22",1.81410161924721e-06,2.25215957682534e-06,-1.60965940500753e-08,5.65807764337815e-08,3.16401234266856e-08,7.22141977797468e-08,1.48755588488764e-07,-1.17580586444079e-07,1.89084852818367e-07,-4.32208558116758e-09,2.69497535974216e-07,2.23172293878233e-08,5.9314277295549e-08,6.24685955947532e-08,2.87498722217541e-07,-1.27593432443337e-07,5.28029603854059e-07,8.18001709282979e-09,1.01562769754501e-06,-2.28101503426532e-07,2.89213399825844e-07,4.02318213438298e-07,2.98901768422954e-07,4.30164826420945e-07,4.07559909786051e-07,4.94301810575234e-07,8.82435681464857e-09,4.14011189185805e-07,4.45786630668628e-07,3.72614319101122e-07,3.31382426564078e-07,4.14933693735388e-08,9.96532238910518e-07,-7.08978893748631e-07,-2.92485404356132e-08,1.21650088707005e-07,-1.22376204769725e-07,9.88145797933311e-08,3.98586161030126e-08,-2.4289768253837e-08,4.30226506994196e-06,4.85919978063828e-08,-1.56127086467116e-06,-1.7527263755254e-06,3.25206411575644e-06,2.21345541961245e-08,4.5781186040226e-06,-6.86675936127366e-06,-2.95110124416611e-06,1.23328345613457e-06,-6.46221405694219e-07,-5.82380236444662e-07,6.16704235205501e-06,-2.37001503138756e-06,-6.07178030395903e-07,1.20904018255538e-07,-1.00519645777637e-06,-4.44266081257069e-09,-6.64769588693107e-09,-8.4083886053119e-09,3.14204256933822e-09,2.01236390829687e-08,-8.92564951353648e-09,3.44823678161586e-09,4.73583097512532e-09,1.12994368790555e-09,1.14187255840469e-10,-4.52637856775093e-06,1.18780986313043e-05,-2.12126109044848e-06,-5.61081849617669e-06,-1.26360972914051e-06,3.33905231945583e-06,-5.01009370245474e-06,4.28347462853709e-06,-1.20640976107904e-05,3.06772096221036e-07,1.23031517376964e-08,2.93204055769148e-05,0.000145171158727054,-0.000152459338006316,-3.30754765708083e-05,-1.11874667724088e-06,-1.22655300914367e-05,-3.54099261638676e-06
"north_west","beta23",2.83834703894056e-07,2.77395008373452e-06,-7.36824266582766e-08,-6.66622657913975e-08,-2.67627147415186e-08,2.65174761682188e-08,2.80048425513125e-10,7.06966389223364e-08,1.24344721733726e-07,1.59336319050037e-07,2.359214757872e-07,5.51688605196904e-08,1.08689943890865e-07,5.51749833371196e-08,3.22046042074301e-07,-1.06586149022823e-06,2.43325751623412e-07,3.02414552637439e-07,-2.28101503426532e-07,1.17436261159578e-06,-1.08067462562364e-07,4.85813522148201e-07,2.26987287996663e-07,4.57053906485702e-07,2.53516873508133e-07,4.85704174585787e-07,3.00247171127324e-08,3.3025970392284e-07,4.97293939515115e-07,6.63623582225633e-08,4.14550570671819e-08,-1.54668983749952e-08,1.97115536835957e-07,-3.67786371325823e-08,-1.24798184126887e-08,5.62084904862213e-08,-8.26874241712791e-08,8.0292006145628e-08,-9.4954292524536e-08,4.26905525582758e-08,2.23096994530649e-06,1.89612257868946e-06,1.64660038025977e-06,1.29136420502697e-06,-4.32783638746877e-08,1.03582701752349e-06,2.84175162010854e-06,-6.35508897941344e-06,-7.26869411025687e-06,-9.14538147469422e-07,-1.10766178541039e-07,3.96517345492157e-07,4.99619504322766e-06,-1.93348770717244e-06,-5.28629051040877e-08,7.17687241230713e-08,2.42863845011139e-06,1.4938264778208e-10,9.89223525629405e-09,6.16363174565297e-09,8.39652277714368e-09,-4.40878133712429e-10,-2.74995686633651e-09,3.38357036211569e-09,1.92920285124334e-09,3.90992009572367e-09,7.21857129121786e-09,8.62944598785611e-07,-1.67752009225254e-06,-4.95396866851687e-06,1.31902043433664e-06,-3.04587459396028e-06,5.18119167013737e-06,-3.81229388250107e-06,1.1375657196497e-06,-1.25754213665144e-05,1.86745717465855e-07,-2.15898047399429e-09,-5.59848673402731e-06,3.91663643270791e-05,0.00018453605701435,-7.19026790990227e-05,-2.86941403374201e-06,-8.11401261714511e-06,4.90710058307295e-06
"north_west","beta24",-1.05047569862707e-06,8.61542491185025e-07,1.19062572535968e-07,6.86135180156176e-09,-5.2762280951156e-08,4.33900731746333e-08,2.21699570735736e-08,1.99977026217962e-08,8.47454563942058e-08,1.79478455978494e-08,1.80575596296086e-07,3.50052983057022e-08,5.21162766178504e-08,3.39734631266663e-08,1.12495235835114e-07,8.39830793375311e-08,2.3243703538556e-07,1.63111912724215e-07,2.89213399825844e-07,-1.08067462562364e-07,4.00139429255514e-07,9.66808609469448e-08,3.25211032875147e-07,2.23251740884064e-07,3.24091927853187e-07,3.50069080444552e-07,-2.48007864513793e-08,2.60705293886798e-07,4.41198467903053e-07,9.6678334224722e-08,1.59275624307107e-07,-4.26984848838235e-08,2.46060693235061e-07,8.82220144144649e-08,1.33594679135745e-08,8.43217327211541e-09,3.76921564051101e-08,-5.14869012566461e-08,9.63079793878011e-08,-1.17035629991568e-08,2.06565114955855e-06,1.64196534780584e-06,-5.64439021742795e-07,-2.41832498198172e-06,-1.92256770292764e-06,-3.28790686448649e-06,1.99686175080956e-06,-4.36116808918139e-06,-2.492379984701e-06,1.72381862745801e-07,-4.28584430809574e-07,-7.73892555934627e-07,-4.32608932976034e-08,-1.43325537541181e-06,-2.88922935882163e-07,-3.77439242949553e-08,7.80589371784254e-07,3.0820669166608e-09,2.73302207482854e-10,7.27708104478438e-09,5.13375102710962e-09,-8.17267324976761e-09,2.55257098043558e-10,2.90128425399557e-09,5.4775892450595e-09,1.53016947762715e-09,5.50931756667046e-09,-2.61470099911305e-06,3.74399845804808e-06,1.18994546396743e-06,8.28518607744959e-07,-5.50006283069184e-07,2.22931726462913e-06,-1.3377688803296e-06,2.92497119385353e-07,-3.96037529507895e-06,9.12419947956479e-08,1.00175262927037e-08,8.58453373707758e-06,-9.3650593536731e-05,0.000103603539015564,-3.86826449025776e-05,-1.04531332928058e-06,-7.46626472250662e-06,1.62054552434456e-06
"north_west","beta25",5.65454956173661e-07,2.01272366091291e-06,-1.94680683046693e-07,-1.38764284748112e-08,1.9603744367248e-08,5.1306046742522e-08,1.056688786197e-07,-3.32280708988717e-08,1.92995082157104e-07,1.6659092383174e-07,2.7596184691336e-07,7.13677831267565e-08,1.02195572847091e-07,1.04111792463544e-07,3.47912551582477e-07,-8.88864091893806e-07,4.29484971440487e-07,2.77298793720076e-07,4.02318213438298e-07,4.85813522148201e-07,9.66808609469448e-08,6.63714732257786e-07,2.30286266408417e-07,6.31544068860207e-07,3.56320882963704e-07,6.47802626871228e-07,6.87609292805654e-09,4.93414589086082e-07,5.51035192898605e-07,3.20486006552823e-07,2.07921783786913e-07,8.605508874645e-08,6.97114157691387e-07,-3.09550348003594e-07,-1.44436034479663e-08,1.0884352915567e-07,-1.54563676771316e-07,1.61010898396417e-07,-1.19194097155775e-07,4.935941263521e-08,4.02365327584863e-06,-4.3959093442362e-07,-1.09637152182157e-06,-1.36999088484208e-06,5.16547265388609e-06,-1.55515986233501e-07,4.75811238166171e-06,-7.49557594682858e-06,-8.07983892607101e-06,1.54906627107744e-08,-5.49502235417891e-07,8.68760222451441e-08,7.74521208165893e-06,-2.51341817225314e-06,-3.17161508448246e-07,1.93877383841585e-07,1.25248838457737e-06,-3.5659129656777e-09,5.07330937947819e-09,1.03895063576777e-09,6.87931683986195e-09,2.43598601793623e-08,-5.56994305418696e-09,8.37688303334478e-09,2.1159397521843e-09,1.15617965493108e-09,3.08347017711165e-10,5.21174279174429e-07,1.17767648562886e-05,-6.44349393152928e-06,-7.34104429213052e-06,-3.50492392972312e-06,5.71319103316075e-06,-5.0221738874334e-06,4.639845534609e-06,-1.81308067366406e-05,2.00403225705331e-07,2.49264764606499e-09,9.96667704591237e-06,4.78807305731542e-05,-2.30530090324983e-07,-6.63056700624048e-05,-2.86469297868834e-06,-1.23428222014942e-05,6.58725219067061e-07
"north_west","beta26",-6.85439642140672e-08,1.40832896093163e-06,-9.7961352889339e-08,-2.28493740430803e-08,-5.19523752352272e-08,4.60601228974519e-08,2.64760009454886e-08,3.0879635674381e-08,1.1798200727497e-07,5.3515075117631e-08,2.77076119138171e-07,5.42738492527815e-08,8.1010922306647e-08,4.56821039814551e-08,2.26325280218458e-07,-2.99912973205891e-07,3.06128336183938e-07,2.46488041366297e-07,2.98901768422954e-07,2.26987287996663e-07,3.25211032875147e-07,2.30286266408417e-07,5.46073709306956e-07,1.45549207529305e-07,5.39345962901292e-07,4.40671299857888e-07,-1.92090928949263e-08,3.9411236603495e-07,5.55778216324431e-07,1.21690201489074e-07,1.69982444298728e-07,5.64168437120542e-09,3.24189351318665e-07,1.97080882024761e-08,7.56250232174822e-09,2.99280041297095e-08,-1.16864365253284e-08,1.64528365594245e-08,-1.86010365492011e-08,2.8210622512164e-08,2.0317548417521e-06,1.76799131627757e-06,-1.36871050132904e-06,-1.66463037167491e-06,-3.57388310142616e-07,-1.23159107228235e-06,2.70150492678747e-06,-5.65352010258495e-06,-6.34757831803186e-06,-5.76067219681972e-07,-5.25412206105001e-07,-3.44662139006204e-07,3.39309024770224e-06,-2.07259825115678e-06,-3.49699590296629e-07,5.42867622837148e-08,1.77811359562216e-06,6.0242778888291e-09,3.21579085982161e-09,8.69696453731465e-09,9.85038140545849e-09,-4.29683597957134e-09,-1.36284686535958e-10,4.75279733848913e-09,6.31772317392178e-09,2.24286047101666e-09,1.28647272731485e-08,-1.77606401743964e-06,8.41407587656154e-06,-4.4186443876953e-06,-9.22269098947787e-07,-1.54857588344401e-06,3.55394167289645e-06,-3.04890300302298e-06,7.44122115373651e-07,-9.55869180243864e-06,-6.73107971538998e-09,7.57071614842817e-09,1.22321018962725e-05,-5.65335580636517e-05,0.000135704032722158,-5.58382289260483e-05,-2.00060212811871e-06,-9.86141209368476e-06,2.91324293015889e-06
"north_west","beta27",4.74320989710017e-08,3.12989087563101e-06,-2.24340556497055e-07,9.32859535711082e-08,-1.00064692998443e-07,8.54185563860587e-08,1.1140687048689e-07,-3.32391617388915e-08,2.67368750484131e-07,1.91607664336421e-07,3.0194624872131e-07,7.42375364436785e-08,1.42346962951649e-07,1.2007635328746e-07,3.85064114624693e-07,-6.24614041914371e-07,4.4978970751681e-07,2.77597261475432e-07,4.30164826420945e-07,4.57053906485702e-07,2.23251740884064e-07,6.31544068860207e-07,1.45549207529305e-07,1.07639710499899e-06,3.90040421235059e-08,8.84262826983009e-07,2.77348297087619e-08,4.92354918919705e-07,6.77421768171888e-07,2.83809712939879e-07,2.87732900712252e-07,-8.54098562345739e-08,9.80659579826597e-07,-6.89631554481176e-07,-2.55751321856595e-08,1.53170549722457e-07,-1.60522853363187e-07,1.53986209269189e-07,-2.80985522855538e-08,2.00952230717032e-08,5.39999987789342e-06,2.32554754237392e-06,-9.21049145305065e-08,-6.20367211425686e-07,2.89344574672197e-08,-3.11815565127548e-06,5.37155695892367e-06,-9.58844950684633e-06,-7.78346121578294e-06,1.18009386122635e-06,-6.61690443788748e-07,-1.79772701638191e-06,7.2725160400757e-06,-3.00179974306058e-06,-7.09840348797588e-07,1.34228645358208e-07,5.51703400518892e-07,-2.95367443355577e-10,4.45792196878119e-09,5.91187428052428e-09,1.03237560495843e-08,2.19531723812089e-08,-5.53630802078087e-09,1.32239879528878e-08,1.12115892013026e-08,5.82231509108905e-09,5.48861692268045e-09,-4.33851621609178e-06,4.04018569927419e-06,-3.22418912592818e-06,1.54586352665927e-07,-5.06659569647653e-07,4.95759682590302e-06,-6.09875715125934e-06,1.97230580303368e-06,-1.53797629736276e-05,2.02064417728133e-07,1.22895090264866e-08,1.2465664988473e-05,5.17679054671915e-05,1.88755204864141e-05,-0.000114665128169609,-2.90974002251612e-06,-1.19503558637564e-05,-9.90721719874252e-08
"north_west","beta28",-1.45739836002031e-08,1.58183714286406e-07,-3.34032309843617e-08,-4.9697349825981e-08,-7.72289806122317e-08,4.54868775089866e-08,4.88581687929152e-08,7.62606478981004e-09,1.08036355207809e-07,-2.61090428955176e-08,3.18950500432539e-07,3.49127716039163e-08,6.82524436783001e-08,1.3628677262559e-08,2.76805878660004e-07,-1.76123800782761e-07,4.21594325971021e-07,2.40082561156721e-07,4.07559909786051e-07,2.53516873508133e-07,3.24091927853187e-07,3.56320882963704e-07,5.39345962901292e-07,3.90040421235059e-08,1.1021444578308e-06,8.89836656881885e-08,-4.08236677486692e-08,6.42326060950102e-07,4.72159787805972e-07,1.40753133205597e-07,1.69859769865951e-07,1.70065021075303e-08,3.50848871441954e-07,4.25841572473629e-08,8.697685364735e-09,4.08620450772892e-08,1.72582914296972e-08,-3.03047845460618e-08,1.0557677790632e-08,1.10542014802138e-08,3.24857342360585e-06,9.2521230968897e-07,-2.29511057242702e-06,-1.36681120283493e-06,1.71227491439254e-06,1.84451518995278e-07,2.96415467522324e-06,-4.84721410542897e-06,-6.15386463412027e-06,-8.56546382666243e-07,-7.28848826138447e-07,4.24676223424359e-07,5.2411893510145e-06,-2.6816972899641e-06,-2.28916197316325e-07,2.38625332100902e-08,1.55485311140655e-06,4.99977214665793e-09,2.58520324977799e-09,7.94597215823806e-09,9.19180420100443e-09,-1.50402194387073e-09,-2.22416665231894e-09,5.38257575403468e-09,3.79286035524613e-09,1.90750648929661e-09,8.92011754265477e-09,1.49024652703857e-06,1.43384166507894e-05,-7.34021587122524e-06,-2.1705104617884e-06,-4.37277807279808e-06,3.76572047806573e-06,-3.52496327768529e-06,4.42165655062491e-06,-1.22479694089519e-05,-5.50956876375289e-08,6.66723295893363e-09,1.28803710299787e-05,1.91233475959541e-05,0.000101855042260891,-6.35831854565478e-05,-1.62004936616489e-06,-1.25973201771368e-05,3.75624362060413e-06
"north_west","beta29",-6.07578645356347e-08,4.79497079221475e-06,3.38801483271546e-08,-1.30021661858793e-08,2.57244988581503e-09,1.01007091178499e-07,8.19851773080624e-08,5.33598495674322e-09,2.54954722648125e-07,2.14696318754907e-07,3.76205649186077e-07,1.00357707173648e-07,1.55448961168403e-07,1.53927749351818e-07,3.95034776690108e-07,-1.18434901529081e-06,5.07450752210728e-07,3.86674904902346e-07,4.94301810575234e-07,4.85704174585787e-07,3.50069080444552e-07,6.47802626871228e-07,4.40671299857888e-07,8.84262826983009e-07,8.89836656881885e-08,1.33505947281431e-06,3.26481545030069e-08,3.48510926658404e-07,1.03787021033571e-06,4.67313923879557e-07,3.71121508458528e-07,8.02162258401773e-08,9.30993073043265e-07,-1.57738806922756e-07,-1.21674890369304e-08,1.01511031724342e-07,-1.37502375879487e-07,1.31750176140356e-07,-1.94695809281041e-09,2.75167409765432e-08,4.19021149294752e-06,1.06183934512434e-06,4.22654595723991e-07,-4.71578905673896e-06,1.07618572174013e-06,-3.85233092541312e-06,5.49609203398665e-06,-1.22834401462653e-05,-8.52912380363136e-06,3.75847772608514e-07,-6.55135564256949e-07,-1.5462303571743e-06,5.02843580635227e-06,-2.95061498088625e-06,-4.67123678665534e-07,1.36197651376276e-07,3.09795530405837e-06,-1.6991070669441e-09,6.29514094414802e-09,8.49512771596089e-09,1.24118001832444e-08,1.67253548304855e-08,-3.0585529070935e-09,7.82011732830789e-09,8.01647037844241e-09,3.73547919774165e-09,7.1499600107065e-09,-5.21046147858834e-06,5.3647476678013e-06,9.55419224466469e-07,-5.74298121716113e-06,-1.19174077019045e-06,7.09172564676487e-06,-5.20999145433958e-06,1.7398023399003e-06,-1.8095249758934e-05,5.56672275211497e-07,9.32027768159971e-09,9.84559571059666e-06,-6.50542319571722e-05,7.24710731145816e-05,-9.9297079261211e-05,-3.61487571499785e-06,-1.54529548371466e-05,-1.09570688548605e-06
"north_west","beta3",5.77968686685029e-07,-1.41358723911765e-07,9.52514498822308e-08,-4.43052576485115e-08,-2.09142300633241e-08,6.49635719120027e-09,2.73072077748262e-08,-4.52467932738109e-08,3.60657211199711e-08,-5.09127251766328e-08,1.2402022117074e-08,-2.01795068162344e-08,9.8864838983375e-09,-9.6530123663646e-09,3.54340697844249e-08,-9.1092488650181e-07,9.4622579062536e-09,-1.92178638815883e-08,8.82435681464857e-09,3.00247171127324e-08,-2.48007864513793e-08,6.87609292805654e-09,-1.92090928949263e-08,2.77348297087619e-08,-4.08236677486692e-08,3.26481545030069e-08,1.85800969547318e-07,-6.54608735210144e-09,-2.23014917687832e-08,3.48952419737254e-08,2.80975136723448e-08,1.81199016899809e-08,1.95611364557353e-07,-2.75528430031134e-07,-1.27995567320046e-07,1.57499523390097e-07,-1.28176984546496e-07,5.65746869711762e-08,-2.11845738499212e-08,-1.31971564498262e-09,7.00609042140006e-07,4.40839399800597e-07,1.22416064550568e-06,1.65700230722944e-06,-8.86417368895585e-08,-1.59546628129097e-06,8.04668883146876e-07,-9.33455635266139e-07,-8.65828448036572e-07,4.46747387610122e-07,6.0839372854289e-08,-7.44317792448291e-07,9.68294040198635e-07,-5.95888411477433e-08,1.49068857598452e-07,4.61189191554395e-08,6.48495417393059e-07,5.54097527689817e-10,3.37711360172087e-10,3.16021316293076e-10,1.41914299657307e-09,1.11222598315117e-08,-7.12104730261355e-10,1.27576878008897e-09,4.69125432430089e-09,2.1110666747058e-09,4.5195206803998e-09,-4.08724748676177e-07,-5.10831649596898e-06,-3.75089958099254e-08,1.39442183509004e-06,2.98567573452642e-08,6.69154511746263e-07,-1.10407942503711e-06,1.06408318050757e-07,-1.66742325354749e-06,-6.05671218250702e-08,4.88440246699287e-09,-1.80809974665756e-06,6.27125967633994e-05,-7.00162232074359e-05,-2.56143271695326e-05,3.81442737613184e-07,2.60700319316554e-07,-1.81336130844605e-06
"north_west","beta30",1.30823710581467e-06,-1.84909667603221e-06,-5.76334562286047e-07,9.97902042914499e-08,-1.63506899581588e-07,4.90682850034898e-08,1.067171544479e-07,-2.49309739871831e-08,1.77491367144653e-07,1.08421444567567e-07,3.00843620737332e-07,4.89400871057402e-08,1.09583907465085e-07,3.68255297401023e-09,4.13895297262662e-07,-2.90856097380995e-07,4.01059960663472e-07,2.72432936688332e-07,4.14011189185805e-07,3.3025970392284e-07,2.60705293886798e-07,4.93414589086082e-07,3.9411236603495e-07,4.92354918919705e-07,6.42326060950102e-07,3.48510926658404e-07,-6.54608735210144e-09,8.21024986484925e-07,2.92710749172427e-07,3.45315838805333e-08,1.61091205036827e-07,-8.60863814433161e-08,6.13543862447462e-07,-3.49564825977892e-07,-1.88234819855968e-08,1.41723672543283e-07,-1.17659514106042e-07,1.56044166557146e-07,-1.96142513350603e-07,8.04671653016293e-08,4.61375870175611e-06,3.33695772849798e-06,-3.31765166391051e-06,2.74655191869829e-06,3.62923765333112e-06,1.71067286582016e-07,4.7395157246505e-06,-3.65329472308103e-06,-8.78019941066742e-06,-2.99529364787181e-07,-8.97290384428046e-07,-7.00480721950477e-07,7.19822091142369e-06,-3.69078240798799e-06,-8.72254215984565e-07,1.85059949118182e-07,3.08988168258873e-07,9.17720868143426e-09,5.19600092591386e-09,7.85722314940772e-09,1.49768380890914e-08,2.71376742613078e-08,-2.85726253256667e-09,1.48466117336737e-08,1.3178452572953e-08,4.91709802996035e-09,2.06311533968422e-08,1.30891639395282e-06,1.51456618738927e-05,-1.38652883667942e-05,-2.45182102056604e-07,-3.18730882565543e-06,3.20648684250081e-06,-3.53483811566195e-06,3.74009830389109e-06,-1.42588694324482e-05,1.73669899912603e-07,1.32182422203967e-08,2.11772947819764e-05,0.000114157659070488,6.70344976949988e-06,-0.000111149946037781,-2.11071075510858e-06,-1.16599822757414e-05,3.99040277167814e-06
"north_west","beta31",-2.74022682759081e-06,7.61268617965159e-06,5.23147643775217e-07,-1.01049277956697e-07,-1.81517051888892e-08,9.47510819572744e-08,4.87174127768174e-09,7.41030343868435e-08,2.45559436311544e-07,2.04141816048034e-07,3.82627953921465e-07,1.34108764376015e-07,1.43104451060148e-07,2.30669713440289e-07,2.11259537892499e-07,-9.09214359725011e-07,5.4329082581739e-07,3.81368957029797e-07,4.45786630668628e-07,4.97293939515115e-07,4.41198467903053e-07,5.51035192898605e-07,5.55778216324431e-07,6.77421768171888e-07,4.72159787805972e-07,1.03787021033571e-06,-2.23014917687832e-08,2.92710749172427e-07,1.40332338300997e-06,4.75550374890694e-07,3.44205311995566e-07,1.80481543863893e-08,6.99328666217868e-07,-1.37802324157485e-07,2.42492226365717e-08,8.75921006218089e-09,-8.73051719166817e-09,-5.86039970208454e-08,2.09310527648847e-07,-2.62285434469684e-08,5.18628830704876e-06,6.45925788729009e-07,2.54312784420255e-06,-7.94017688925508e-06,-1.90976800955038e-06,-5.50170764741405e-06,3.49280160166233e-06,-1.42306184624948e-05,-9.03961300166922e-06,2.63401066130512e-07,-3.09383019435842e-07,-2.452520221855e-07,-1.51667373549983e-06,-2.45976452963435e-06,-1.39663933177659e-07,-1.28455125186122e-07,3.98882587404566e-06,-4.97730634129896e-09,7.54727580304422e-09,1.68935972263974e-08,8.32778529567089e-09,-2.03074719944624e-08,-9.65099107585828e-10,2.79494534511914e-09,1.66269835425034e-09,2.01985626154664e-09,-7.07558448435083e-09,-6.31097310127596e-06,1.63526944575481e-07,7.29238231119878e-06,-6.08062993239386e-06,-1.40544052055407e-06,7.74195814453776e-06,-5.66177805928329e-07,9.96029608946853e-07,-1.57823298476777e-05,-1.20779741774028e-07,4.46724332780123e-09,-1.6469558444397e-06,-0.000246723683771978,0.000359527822023943,-9.0871777839785e-05,-4.39405935124271e-06,-1.57312965623033e-05,2.05485222203921e-06
"north_west","beta32",1.71781637244161e-06,8.21166596322346e-06,2.12618222647895e-07,-9.65218739200512e-08,1.24301270463759e-07,7.27814362690029e-08,1.02760112947805e-07,-1.20312778542384e-07,1.57606751453892e-07,-5.08998187007588e-08,1.51896833376256e-07,-4.69883468323272e-09,3.82984639191137e-08,1.5275973888045e-07,3.58630477405611e-08,-3.19256055292218e-07,2.17670179559701e-07,1.10985435055415e-07,3.72614319101122e-07,6.63623582225633e-08,9.6678334224722e-08,3.20486006552823e-07,1.21690201489074e-07,2.83809712939879e-07,1.40753133205597e-07,4.67313923879557e-07,3.48952419737254e-08,3.45315838805333e-08,4.75550374890694e-07,1.64874098749504e-06,2.76687126276046e-07,9.71312971689288e-07,1.12852184855349e-06,-2.4316734141899e-08,-3.65065242292949e-08,1.16395274941298e-07,-1.54364971470994e-07,4.04774249330584e-08,1.8211503897979e-07,-5.22365634038757e-08,2.62150593762425e-06,-2.16338694874211e-06,2.1395052159368e-06,-4.75096123209665e-06,6.51171357340608e-06,-5.47977190066103e-07,2.40765752661347e-06,-6.84804996005948e-06,-4.74598247467339e-07,-1.30413582758534e-07,-2.78516178679901e-07,-1.57052734245596e-06,1.62875926662021e-06,-1.77810181099527e-06,2.37711255019774e-07,4.6058609026583e-07,3.88921853613436e-07,-1.29510099831102e-08,2.26520888707225e-10,4.30280260309157e-09,3.84610573900226e-10,2.7327579204886e-08,-5.82839536798362e-09,4.25124886087624e-09,-6.91959710907539e-09,2.64399263272372e-09,3.36931521963042e-09,-2.26611468067212e-06,-1.93292563913039e-06,1.12511742402496e-05,-1.3217705629315e-05,1.29993560946712e-06,4.29990337822254e-06,-5.11071268763315e-06,-8.92214994084778e-07,-1.07511461279731e-05,-1.2547121188396e-07,-1.95935731101984e-10,9.38981764343352e-06,-0.000151134624646542,-0.00042364972642113,7.16654645628486e-06,-2.60679460068558e-07,-7.720322742132e-06,-2.00445224868232e-05
"north_west","beta33",1.61373560262269e-06,5.17242140770244e-06,5.05144446126165e-07,-4.97306752927942e-09,-1.28599489657439e-09,4.76932007703538e-08,9.4575382781195e-08,-8.06191394261237e-08,1.42999040416531e-07,-1.58446391304504e-07,1.95906689776874e-07,-3.23905660769101e-09,4.20034422243851e-08,2.2999635436301e-08,1.55961140692058e-07,5.39506256995089e-08,2.60064246701531e-07,5.97160406310909e-08,3.31382426564078e-07,4.14550570671819e-08,1.59275624307107e-07,2.07921783786913e-07,1.69982444298728e-07,2.87732900712252e-07,1.69859769865951e-07,3.71121508458528e-07,2.80975136723448e-08,1.61091205036827e-07,3.44205311995566e-07,2.76687126276046e-07,5.01777248900553e-07,-1.09616766998689e-07,8.28600073856274e-07,-3.99649861019748e-07,-1.32870858309806e-08,5.82031288637765e-08,-3.27921555357814e-08,-3.39547632890102e-09,1.47968738148664e-07,-4.91910922233162e-08,2.27703710114613e-06,1.18098321745251e-06,2.14079995886853e-06,-1.88770707019412e-06,-1.39201068996494e-06,-4.80224826518658e-06,1.35460161960135e-07,-6.4797643770224e-06,-1.27966715590059e-06,6.88999805224885e-07,-1.65534040197387e-07,-2.23770406151247e-06,1.97208834577738e-06,-8.75849855983169e-07,3.91260103098858e-09,8.02836931602999e-08,1.68137113324351e-06,-2.4657709086221e-10,-5.38306634651544e-10,2.18948607541599e-09,4.09517306654424e-09,2.45653198398934e-09,-1.59234211905089e-09,1.97299378158919e-09,7.11392490579687e-09,7.9554950835502e-09,8.37384880743274e-09,-4.28261001238223e-06,-9.14923412029543e-06,6.48652828413778e-06,2.60018938093424e-06,5.38526787161042e-06,7.55010977640434e-07,-5.72557870334622e-06,-4.73022876314165e-06,-5.81377446468674e-07,4.25071688592761e-07,8.12363883552747e-09,5.91219816364989e-06,5.7629929276913e-05,-0.000192957346256683,-2.13308616475262e-05,2.27597281989642e-07,-6.34403611175701e-06,-7.11208389922554e-06
"north_west","beta34",2.64246940930905e-07,2.49267312423313e-06,1.50573289123125e-07,-5.18284537709537e-08,1.42981190771961e-07,2.99771491413804e-08,-3.03466008314292e-09,-6.71672173768213e-08,1.16333857115863e-08,3.59028147629734e-08,2.82510987572983e-08,-8.72646659283524e-09,-1.82789849055307e-08,8.02695429682119e-08,-4.50395296699858e-08,-9.28129370212786e-08,-4.78080291888715e-08,5.57190771047541e-08,4.14933693735388e-08,-1.54668983749952e-08,-4.26984848838235e-08,8.605508874645e-08,5.64168437120542e-09,-8.54098562345739e-08,1.70065021075303e-08,8.02162258401773e-08,1.81199016899809e-08,-8.60863814433161e-08,1.80481543863893e-08,9.71312971689288e-07,-1.09616766998689e-07,1.51899996536044e-06,-6.08958966840995e-07,1.79026630044557e-06,-4.80908752015022e-08,8.70902796912181e-08,-1.34862479673387e-07,4.58078124175873e-08,5.8798328834654e-09,-2.462544222635e-08,-2.47183550450502e-07,-1.0464577936073e-06,1.77839687687058e-06,-1.4814848392444e-06,8.59820273528897e-06,7.48299149851234e-07,1.49532631928012e-06,-5.86639440582531e-06,-2.88621724565395e-06,-8.50436931962435e-07,-2.74691860451736e-07,1.27851612624986e-06,6.82086765970768e-06,-1.16046665161586e-06,1.28805021246315e-07,2.10296712495495e-07,-3.01851795019745e-07,-7.67077856324522e-09,-4.44517752329462e-09,-5.94749634860039e-09,-6.41762508988779e-09,1.81247137778422e-08,-2.47563064020235e-09,-2.13353295301831e-09,-9.08287675275618e-09,-5.07929593231753e-09,3.88732738251065e-13,1.80497058392994e-06,1.44314039756673e-06,1.46425062065567e-06,-1.09862147205829e-05,-3.49040430167261e-07,3.00482327887319e-06,-8.87774459109635e-06,1.90266242886674e-06,-1.14629524559752e-05,-2.19355116271645e-07,-1.13891076062592e-08,7.52207972134458e-06,-0.000122045545400575,-0.000330773880201269,5.57595217206825e-05,-4.03479321548281e-07,-1.46289664251053e-06,-1.22664696044573e-05
"north_west","beta35",7.06339715072396e-06,7.84426991729033e-06,-8.73207624480794e-07,3.68756764311205e-07,-2.02530534136532e-07,1.20363939525987e-07,3.62668235967685e-07,-2.89163983666388e-07,4.35688296550518e-07,-1.95188283000657e-07,5.37140620114883e-07,-7.70939265006543e-08,2.01681439843435e-07,-6.11849584354278e-08,7.05437541813256e-07,-1.30215624797808e-06,6.68422939641168e-07,1.00304380322167e-07,9.96532238910518e-07,1.97115536835957e-07,2.46060693235061e-07,6.97114157691387e-07,3.24189351318665e-07,9.80659579826597e-07,3.50848871441954e-07,9.30993073043265e-07,1.95611364557353e-07,6.13543862447462e-07,6.99328666217868e-07,1.12852184855349e-06,8.28600073856274e-07,-6.08958966840995e-07,4.31972558692857e-06,-5.27574858643997e-06,-1.2376545379922e-07,3.82537949436662e-07,-3.9582060790501e-07,4.44621612810527e-07,-1.10022825275248e-07,-2.44000495346374e-09,7.0537439657373e-06,2.70037991914533e-06,-6.59024833757949e-07,3.99274463816278e-06,5.45451196406406e-06,-1.55663201065487e-06,8.81965998514751e-06,-1.56181837744266e-07,2.42831418427032e-06,3.63050684076909e-06,-6.65294653496245e-07,-6.87726478548285e-06,5.77567412462975e-06,-4.11412241084534e-06,-8.14283776892142e-07,7.26638632991649e-07,-6.64785333801855e-06,5.44978410002816e-09,2.74602183442964e-11,1.3730199578902e-08,2.86342641549956e-08,6.88820247603706e-08,-1.08414675220712e-08,2.68059538886113e-08,2.56359338436987e-08,2.20917887685864e-08,3.25535730733446e-08,-3.36641561155071e-06,3.51567121895963e-06,-3.34858881368741e-07,-2.25344925341785e-06,-2.5977802463433e-06,1.76583930538664e-06,-6.6120096319747e-06,1.81930049999295e-06,-9.00594350438992e-06,2.96396914714503e-07,3.05429863603287e-08,4.65342310648487e-05,0.000472241827420851,-0.000593367781847206,-0.000211547042614775,9.03108105559154e-07,-1.47883642217842e-05,-2.0088442520715e-05
"north_west","beta36",-4.94428082441236e-06,-5.7103239818045e-06,1.75413684379516e-06,-7.36782352328777e-07,2.04328178057313e-07,1.36279217336436e-08,-3.81701571620483e-07,2.8763527417113e-07,-3.85419421775628e-07,2.13707478980508e-07,-3.87866735055446e-07,1.3767587740765e-07,-1.66454805320102e-07,1.72697485433627e-07,-5.99835667065251e-07,2.03537972474752e-06,-4.25495553695732e-07,2.00154673177458e-07,-7.08978893748631e-07,-3.67786371325823e-08,8.82220144144649e-08,-3.09550348003594e-07,1.97080882024761e-08,-6.89631554481176e-07,4.25841572473629e-08,-1.57738806922756e-07,-2.75528430031134e-07,-3.49564825977892e-07,-1.37802324157485e-07,-2.4316734141899e-08,-3.99649861019748e-07,1.79026630044557e-06,-5.27574858643997e-06,1.12809123322174e-05,1.74058540885967e-07,-3.91161332453197e-07,5.02089919053959e-07,-7.01902209728687e-07,4.7055924480509e-07,-7.52914369837499e-08,-3.68305384782276e-06,2.93468080409252e-07,3.88467343425751e-07,-1.26977535300442e-05,-3.77093671159927e-06,7.63943043745547e-06,-9.29137530862765e-06,-1.26248722009708e-05,-9.68849929318302e-06,-5.68578485971978e-06,-5.70873784416404e-07,4.7363726499545e-06,-1.52344938954857e-06,-1.45524918172365e-07,6.17345351116057e-07,-7.43844694147079e-07,1.08072080047032e-05,-8.22862529068323e-09,1.62815973478868e-09,-9.74546902805497e-09,-2.4347660208385e-08,-4.87080312146482e-08,1.10182876125186e-08,-2.61902253392859e-08,-2.86656094181567e-08,-1.91914651319576e-08,-6.14713638216908e-10,-1.36044310929199e-06,7.09232342101386e-06,6.60639732323145e-06,-3.84542134545378e-06,1.17861265723678e-05,2.15674457564419e-06,-1.94110412082254e-06,-2.56688993411253e-06,-6.07656006865913e-06,8.63284739693798e-07,-3.06448416398236e-08,-5.34186448075868e-05,-0.000752378553741462,0.000226251033375476,0.000219392149639324,-1.93721348062241e-06,3.21703178820994e-06,5.74886702387992e-06
"north_west","beta4",-7.603880930312e-07,3.84433542325492e-07,4.63880945904306e-08,-2.00130513858142e-08,2.58061854457964e-08,-3.4798815712647e-09,-1.33823838265429e-08,3.67225970776702e-08,-2.47614689064762e-08,2.02280005506446e-08,-1.93409105774427e-08,1.69321929428302e-08,-8.15082420068065e-09,1.1153731921217e-08,-2.24910011482281e-08,4.9236904160591e-07,-2.03844632491418e-08,1.33447094095826e-08,-2.92485404356132e-08,-1.24798184126887e-08,1.33594679135745e-08,-1.44436034479663e-08,7.56250232174822e-09,-2.55751321856595e-08,8.697685364735e-09,-1.21674890369304e-08,-1.27995567320046e-07,-1.88234819855968e-08,2.42492226365717e-08,-3.65065242292949e-08,-1.32870858309806e-08,-4.80908752015022e-08,-1.2376545379922e-07,1.74058540885967e-07,1.13339174398367e-07,-1.60589247767973e-07,1.41595441928228e-07,-7.8204659912516e-08,6.03223579143016e-08,-4.66566774039377e-09,-9.62553259158395e-07,-5.42385056814886e-07,-6.72074352907861e-07,-1.67020376248694e-06,-1.00821552916101e-06,1.15589478166487e-06,-1.01072484450812e-06,6.2503026392565e-07,1.18547112881473e-06,-2.32553600209581e-07,-3.05697874276711e-08,3.57333655191273e-08,-1.89337491724014e-06,3.52084700674534e-07,-8.0777096561634e-09,-4.48444297087977e-08,3.77585135981788e-07,-2.34744599340637e-10,1.88027936463366e-10,1.58069154233523e-09,-8.54297157009554e-10,-1.05355524683679e-08,1.85210406594209e-09,-1.00259878262866e-09,-2.97800373844195e-09,-6.41456781461247e-10,-3.96061410233253e-09,4.96963663729268e-07,1.43424788072213e-06,1.59931116847522e-06,-3.50872106570617e-08,1.11219294909402e-06,-7.30005276900108e-07,1.01721868799461e-06,-6.89339440904592e-07,2.63160258029587e-06,7.53792486613485e-08,-1.64136354031959e-09,-1.20715705934638e-06,-4.31008143807461e-05,5.80443663945e-05,1.64992417471447e-05,-1.34952962280318e-07,1.55338174908035e-07,1.23946299706152e-06
"north_west","beta5",2.21365353158777e-06,-4.40357880036161e-07,-4.63940341164795e-07,1.1353501071387e-07,-7.30344606735244e-08,1.89259469464575e-08,4.58478887872907e-08,-6.19284512227658e-08,8.10117093392749e-08,-1.3436466504701e-08,9.05048644562133e-08,-2.20365081155789e-08,4.26179330623552e-08,-1.02242997266958e-08,1.0561894545131e-07,-7.22816035250037e-07,6.5578662291655e-08,2.02055028718654e-08,1.21650088707005e-07,5.62084904862213e-08,8.43217327211541e-09,1.0884352915567e-07,2.99280041297095e-08,1.53170549722457e-07,4.08620450772892e-08,1.01511031724342e-07,1.57499523390097e-07,1.41723672543283e-07,8.75921006218089e-09,1.16395274941298e-07,5.82031288637765e-08,8.70902796912181e-08,3.82537949436662e-07,-3.91161332453197e-07,-1.60589247767973e-07,3.40140713769283e-07,-3.61903341174197e-07,2.31875494154896e-07,-1.54722581997124e-07,3.47438866149733e-08,2.76431152573016e-06,1.50916910539822e-06,5.96636101930812e-07,3.07088161382101e-06,2.9667881687846e-06,-1.94104816936652e-06,2.1272337549057e-06,-2.12499236384122e-06,-3.24191575518368e-06,3.08528461001211e-07,-9.14050628171158e-08,-9.34114096491248e-07,3.05362701216979e-06,-1.5385623615453e-06,-3.31503339875075e-07,1.36947568699951e-07,-1.22598220581599e-06,1.42736765775868e-09,-1.54968088042055e-09,-1.54077078233839e-09,4.26643886045681e-09,2.7479442282898e-08,-5.08459663606219e-09,6.13970210615308e-09,8.20575719721989e-09,2.93221672512823e-09,9.45049654435252e-09,-9.16963891384057e-07,3.04538731009387e-07,-4.12748341426794e-06,-1.19723836365282e-06,-1.32981794957365e-07,1.17633699225563e-06,-1.64684009703303e-06,1.16165477447065e-06,-6.61245822963341e-06,1.8660539787272e-08,2.84435674865217e-09,3.11867288155085e-06,7.11024902934045e-05,-0.000127665514739652,-6.09181883517913e-05,1.01095579233272e-08,-1.49519235068319e-06,-2.79047617232404e-06
"north_west","beta6",-2.00297952492073e-06,1.0914229166916e-06,3.64121580076296e-07,-6.97688784520259e-08,2.27985133114729e-08,4.73099726335264e-09,-4.62349566619463e-08,5.58469059997568e-08,-7.30182104383037e-08,-3.30623037541478e-08,-1.16413446385852e-07,7.95606489777681e-09,-3.40683061718286e-08,-2.2913602120815e-08,-9.08507087704172e-08,6.5602517708458e-07,-4.44005492666142e-08,-4.31136476082751e-08,-1.22376204769725e-07,-8.26874241712791e-08,3.76921564051101e-08,-1.54563676771316e-07,-1.16864365253284e-08,-1.60522853363187e-07,1.72582914296972e-08,-1.37502375879487e-07,-1.28176984546496e-07,-1.17659514106042e-07,-8.73051719166817e-09,-1.54364971470994e-07,-3.27921555357814e-08,-1.34862479673387e-07,-3.9582060790501e-07,5.02089919053959e-07,1.41595441928228e-07,-3.61903341174197e-07,5.86865323945734e-07,-4.67242956135528e-07,3.67024371322907e-07,-8.64593055792155e-08,-2.04618606567355e-06,5.64145088280113e-07,8.92212781682576e-08,-2.72250191362354e-06,-5.07579073843073e-06,1.73515852009147e-06,-2.61396012033356e-06,2.12399464962669e-06,3.09128909611229e-06,-4.05834235286889e-07,2.06872128178922e-08,-6.74495575844424e-08,-2.29674073163541e-06,1.13909283253305e-06,1.4273516888262e-07,-1.50317151898607e-07,1.35104269843372e-06,2.52507942088067e-10,1.89551351825918e-09,3.57625604169937e-09,-1.30847494574499e-09,-3.46871166773175e-08,7.04097011434024e-09,-5.93716337919506e-09,-3.01147578452614e-09,-1.03749982881945e-09,-2.08559417563054e-10,-8.49868278213665e-07,-3.95695146766554e-06,6.41095091740197e-06,4.52214284087456e-06,1.30464133670423e-06,-1.38865050734162e-06,3.18199789878564e-07,-2.37521449715449e-06,8.01173589618372e-06,-1.22738189829134e-07,5.85803893613635e-09,-9.30050116533382e-07,-2.18104029395533e-05,0.000125394480645739,3.44126166987736e-05,6.27758842686693e-07,1.73660242495584e-06,2.38134594379149e-06
"north_west","beta7",1.87309901228013e-06,-2.31234221893807e-06,-5.12819304082002e-07,1.70883360114076e-07,-6.46110942911894e-08,-3.94053112103935e-08,8.15350130583037e-08,-4.64577241895643e-08,4.29073914206464e-08,1.02378117841819e-07,1.19737933554729e-07,-7.06765268584363e-09,3.85533834145338e-08,-2.16407730633e-09,1.3406313970008e-07,-3.40552090965467e-07,2.81116302211327e-08,5.45266355438137e-08,9.88145797933311e-08,8.0292006145628e-08,-5.14869012566461e-08,1.61010898396417e-07,1.64528365594245e-08,1.53986209269189e-07,-3.03047845460618e-08,1.31750176140356e-07,5.65746869711762e-08,1.56044166557146e-07,-5.86039970208454e-08,4.04774249330584e-08,-3.39547632890102e-09,4.58078124175873e-08,4.44621612810527e-07,-7.01902209728687e-07,-7.8204659912516e-08,2.31875494154896e-07,-4.67242956135528e-07,5.77004743174966e-07,-6.38886811570622e-07,1.68677624775693e-07,1.01200496236212e-06,7.01015748085355e-07,-2.01692958224008e-06,4.76527346099147e-06,6.60035882265751e-06,3.6707138263067e-06,2.86530950618609e-06,2.01237117241658e-06,-2.71704404447138e-06,3.50803414082368e-07,-8.6755783365508e-08,1.00889564827643e-07,2.79478495446718e-06,-1.32912549027182e-06,-3.29653882160325e-07,1.80111888002827e-07,-3.01244790871077e-06,2.22364617706766e-09,-1.72233786692338e-09,-1.4459439412308e-09,4.20193334425285e-09,3.95852190492713e-08,-5.60552471895156e-09,8.78900179485394e-09,1.68968907410615e-09,2.4456988840744e-10,1.07948442522055e-09,1.15061434503349e-06,1.03167799573047e-05,-1.22067804121095e-05,-4.21145486451085e-06,-3.12822905210372e-06,9.68362242642827e-07,3.26664266239462e-07,4.28071404210226e-06,-7.82584625745762e-06,-1.8601412860625e-08,-1.05968753807005e-08,7.43032804282308e-06,6.74937236460804e-05,-0.000109949625263129,-4.41594613242244e-05,-8.06150942631825e-07,-1.29322820555303e-06,-7.5225792623543e-07
"north_west","beta8",-1.84556037354389e-06,5.5068719593428e-06,6.97642012279642e-07,-2.01026153772727e-07,1.55914484061566e-07,1.4295091253449e-07,-9.88876371430636e-08,1.66868637530946e-08,6.47157627237356e-08,-2.08333741745387e-07,-1.13149939151699e-08,3.97035232408567e-09,-1.25013033866144e-08,3.97400048267938e-08,-8.55727995322608e-08,-7.65468055246988e-08,4.67217649362328e-08,-7.89619220928056e-08,3.98586161030126e-08,-9.4954292524536e-08,9.63079793878011e-08,-1.19194097155775e-07,-1.86010365492011e-08,-2.80985522855538e-08,1.0557677790632e-08,-1.94695809281041e-09,-2.11845738499212e-08,-1.96142513350603e-07,2.09310527648847e-07,1.8211503897979e-07,1.47968738148664e-07,5.8798328834654e-09,-1.10022825275248e-07,4.7055924480509e-07,6.03223579143016e-08,-1.54722581997124e-07,3.67024371322907e-07,-6.38886811570622e-07,1.03950241125769e-06,-3.71129553590131e-07,2.03283393558335e-07,-8.69459517782243e-07,5.20732148164526e-06,-7.62386089958511e-06,-8.29195193426513e-06,-1.00784443537796e-05,-3.82067454543264e-06,-7.58775559769968e-06,4.16063345019795e-06,5.34789975869075e-07,9.04942770951047e-08,-1.32918354180922e-06,-4.29409513538691e-06,7.67115113401138e-07,2.19579348716379e-07,-1.8677202630626e-07,3.40700916482029e-06,-5.25690633230353e-09,-1.10422141033287e-09,-1.26950605164477e-09,-5.6637919041398e-09,-4.65543333162331e-08,4.37818928625124e-09,-1.04626926501868e-08,2.473429570414e-10,4.06907023149146e-09,-4.01877859275595e-09,-4.09791013285696e-06,-2.177101796706e-05,2.36133814269361e-05,4.72133710529524e-06,9.01525010558957e-06,-1.96212927066757e-06,-1.80422143059843e-06,-9.06382728740579e-06,1.13523452797801e-05,3.60919746186223e-07,1.89622174267126e-08,-9.68835545516074e-06,-4.16452939466819e-05,2.25777562469653e-05,3.58287602939491e-05,9.89985641851646e-07,2.46771336032096e-07,-3.64909735292115e-06
"north_west","beta9",3.64085858063291e-07,-1.95504356175512e-06,-2.51524055748286e-07,-1.8223837739167e-08,-1.7796403600719e-09,-1.65975033946001e-07,1.51632509939892e-07,-1.86325525698449e-08,6.50803784963372e-09,2.83229460441406e-08,-3.81305620527115e-09,1.29173081502819e-08,2.85905212243423e-09,5.09684711450568e-08,-2.50751322047391e-08,2.22784918781764e-08,-1.80069605495486e-08,5.99700870026887e-08,-2.4289768253837e-08,4.26905525582758e-08,-1.17035629991568e-08,4.935941263521e-08,2.8210622512164e-08,2.00952230717032e-08,1.10542014802138e-08,2.75167409765432e-08,-1.31971564498262e-09,8.04671653016293e-08,-2.62285434469684e-08,-5.22365634038757e-08,-4.91910922233162e-08,-2.462544222635e-08,-2.44000495346374e-09,-7.52914369837499e-08,-4.66566774039377e-09,3.47438866149733e-08,-8.64593055792155e-08,1.68677624775693e-07,-3.71129553590131e-07,3.38573278244079e-07,6.81265112453136e-07,-4.74492942467343e-07,-1.8024099346619e-06,2.15450163592272e-06,2.98482579848739e-06,2.30964736930428e-06,1.32895014548252e-06,9.34259557553731e-07,-2.93533388740909e-06,-6.5707586079989e-07,2.47501704007721e-08,-3.60334940249632e-07,-2.26696522234275e-07,-4.57408573865939e-07,-1.84350911016153e-07,1.13478805751984e-07,2.65042011938083e-07,1.03708195192324e-09,4.75889566353491e-09,4.17510259008045e-09,1.85324599973045e-09,1.52210018102921e-08,1.88616149715443e-10,5.09839660051556e-09,-5.36604952014248e-10,-1.54043455769926e-09,-7.80773535636073e-12,2.1789134392756e-06,7.55018423633978e-06,-7.95937741410266e-06,-2.59240496923179e-06,-1.4920752843053e-06,2.0592522392519e-06,6.79736009016311e-07,2.06333159004878e-06,-5.27896059756165e-06,-5.80969712788061e-08,-4.05480431262385e-09,-8.08307549031873e-06,-5.49786513526671e-05,3.21452506719996e-05,-2.37764718923209e-06,-1.91861333442664e-07,-3.59912485480539e-07,1.67189554040671e-06
"north_west","mu_D",-9.0929205692628e-07,4.39923309126759e-05,1.14456859693131e-06,1.23007803997686e-06,-8.402600065502e-07,2.08650632552874e-07,1.93884173324673e-06,-7.29100168228826e-07,2.7612484721642e-06,3.64713096160056e-07,2.79658319229373e-06,5.76883633364513e-07,1.41715060906392e-06,5.87201853903662e-07,2.88225568896082e-06,-2.0113521087683e-05,2.76790946337732e-06,1.85115768165191e-06,4.30226506994196e-06,2.23096994530649e-06,2.06565114955855e-06,4.02365327584863e-06,2.0317548417521e-06,5.39999987789342e-06,3.24857342360585e-06,4.19021149294752e-06,7.00609042140006e-07,4.61375870175611e-06,5.18628830704876e-06,2.62150593762425e-06,2.27703710114613e-06,-2.47183550450502e-07,7.0537439657373e-06,-3.68305384782276e-06,-9.62553259158395e-07,2.76431152573016e-06,-2.04618606567355e-06,1.01200496236212e-06,2.03283393558335e-07,6.81265112453136e-07,0.000357103547039872,0.000113401240135857,6.17253015527116e-05,4.14265257465839e-05,9.53379841284908e-05,-7.27759511800991e-05,1.38961157362558e-05,-8.82239872627488e-05,-0.000100936702660333,-5.6757677117883e-06,-4.88268969896287e-06,-9.80460032335103e-06,4.18688784823936e-05,-0.000126986104304626,-1.22309750555545e-05,5.67031565886499e-06,-1.03485935571788e-06,-9.36012044462961e-09,-5.17649663175253e-08,2.13146242704168e-08,1.46656074317079e-07,1.8028246598315e-07,-7.63750655233007e-08,8.02241152644448e-08,1.44917022120499e-07,2.636534268059e-08,4.98684948959837e-08,-0.000128520522245233,4.70439565772802e-05,2.61758147488218e-05,-6.82796324346588e-05,5.87887084002967e-05,2.71865024831842e-05,-4.34408826772839e-05,-8.73109825891759e-05,-9.88185608190014e-05,5.23976730858404e-06,2.51992839044059e-07,1.87905509669831e-05,5.92398583297068e-05,0.000311397075622068,-0.00191736443555,-2.53471704665899e-05,-7.7708926910171e-05,-5.94623469594569e-06
"north_west","mu_D_2",1.67080149878226e-05,1.3972185755236e-05,-1.61767665278353e-06,4.7913435774314e-06,-3.77533767804218e-06,6.57369186434996e-07,-2.84506674614701e-07,3.53583683102361e-07,1.11977161861262e-06,1.09409530456978e-07,6.32640851547233e-07,-2.86944698334121e-07,1.00689152304879e-06,-2.09621570029995e-06,3.10922581081079e-06,-3.18283443261229e-06,2.29298701206896e-07,4.2910341417423e-07,4.85919978063828e-08,1.89612257868946e-06,1.64196534780584e-06,-4.3959093442362e-07,1.76799131627757e-06,2.32554754237392e-06,9.2521230968897e-07,1.06183934512434e-06,4.40839399800597e-07,3.33695772849798e-06,6.45925788729009e-07,-2.16338694874211e-06,1.18098321745251e-06,-1.0464577936073e-06,2.70037991914533e-06,2.93468080409252e-07,-5.42385056814886e-07,1.50916910539822e-06,5.64145088280113e-07,7.01015748085355e-07,-8.69459517782243e-07,-4.74492942467343e-07,0.000113401240135857,0.000333759601402625,0.000158745529935925,0.000226784223988629,5.95818010373929e-05,6.57428481359122e-05,-1.51337557314538e-05,2.87355953460945e-05,-3.02341578551084e-05,-2.26072462821558e-05,1.03319759642676e-05,-2.59219344349148e-05,2.26120558762557e-05,-0.00012305696855895,-1.98628663814277e-05,4.69486274656058e-07,-0.000101569969306667,1.30786877247891e-07,-1.88243542958555e-07,2.85597564355667e-09,1.85425934349466e-07,-1.73432968616387e-07,-2.5181792630167e-08,9.61825664409895e-08,2.54877850166177e-07,5.44602941434051e-08,3.36345619701082e-07,-9.46746443198981e-05,-0.000437779409714002,4.55247255188192e-05,0.000131268616877493,8.829596014004e-05,-5.37889858304223e-05,-5.48746031802873e-06,-6.09407064816582e-05,5.1300202055248e-05,-1.02911769572246e-05,3.83800170565489e-07,0.000438325230288241,0.00196222238924609,-0.000345517147797529,-0.00208178774370638,3.7318493342468e-06,-8.47977443898339e-06,-9.15829815142519e-07
"north_west","mu_D_3",-4.39222458188993e-05,0.000137436696984799,9.29957659861898e-06,-1.88851697312199e-06,3.226259395224e-06,5.13050283852365e-07,3.12472609058039e-07,-8.37725821085288e-07,1.78022782770143e-06,-3.26569737845931e-06,-5.19084540217178e-07,-6.02712302612427e-07,7.98966984738342e-08,1.05301721631991e-07,-1.50320112500975e-06,-1.31148003393959e-05,-2.48260260590049e-07,-1.1237820935734e-06,-1.56127086467116e-06,1.64660038025977e-06,-5.64439021742795e-07,-1.09637152182157e-06,-1.36871050132904e-06,-9.21049145305065e-08,-2.29511057242702e-06,4.22654595723991e-07,1.22416064550568e-06,-3.31765166391051e-06,2.54312784420255e-06,2.1395052159368e-06,2.14079995886853e-06,1.77839687687058e-06,-6.59024833757949e-07,3.88467343425751e-07,-6.72074352907861e-07,5.96636101930812e-07,8.92212781682576e-08,-2.01692958224008e-06,5.20732148164526e-06,-1.8024099346619e-06,6.17253015527116e-05,0.000158745529935925,0.000673512778298424,0.000248481176266096,0.000141866801264044,-0.000436977901288157,-3.98151204360169e-05,-0.000168088176799883,-5.42158539950236e-05,-5.1695816444141e-07,5.64612724270704e-05,-2.82067920551321e-06,-8.26634945044046e-05,-5.00425207966713e-05,1.33647681805341e-06,-4.00595819387784e-06,-2.8247698045695e-05,-5.08843149855755e-08,-1.30175564530341e-07,-1.56590799360391e-07,-1.87851986758792e-07,-3.74362871369239e-07,-1.03290454094152e-08,-5.02275220706523e-08,3.89749483866534e-08,-7.64949786251269e-09,-2.64148814866477e-07,2.80028100409787e-05,-0.00178517236761683,0.000615856905319502,1.9868861260292e-05,0.000285515752436619,-6.39130069111708e-05,3.52952070195574e-05,-0.000211733579815077,0.000155383131061464,-1.98237339471102e-06,2.92026567818556e-07,0.000205575854732098,-0.00106726120003783,9.92995131611005e-05,0.000458487612112239,1.38349555837075e-05,1.23553034137762e-05,-5.71372514684142e-05
"north_west","mu_D_4",7.61279363143177e-05,-0.00012449005880883,-9.69430822959619e-06,4.61978751891142e-06,-3.06336730426857e-06,-9.53111599403639e-07,2.16929014735271e-08,-4.21650271885329e-09,-1.80100984313717e-06,5.96555161039064e-07,-2.11732965866886e-06,-1.94387269147724e-06,3.51889152653888e-07,-4.79433066405205e-06,3.93348259722392e-06,-9.53074545777248e-06,-1.99947457197449e-06,-1.28820862282962e-06,-1.7527263755254e-06,1.29136420502697e-06,-2.41832498198172e-06,-1.36999088484208e-06,-1.66463037167491e-06,-6.20367211425686e-07,-1.36681120283493e-06,-4.71578905673896e-06,1.65700230722944e-06,2.74655191869829e-06,-7.94017688925508e-06,-4.75096123209665e-06,-1.88770707019412e-06,-1.4814848392444e-06,3.99274463816278e-06,-1.26977535300442e-05,-1.67020376248694e-06,3.07088161382101e-06,-2.72250191362354e-06,4.76527346099147e-06,-7.62386089958511e-06,2.15450163592272e-06,4.14265257465839e-05,0.000226784223988629,0.000248481176266096,0.000717536423830015,0.000361119071150739,4.19299389464975e-05,3.1805339811551e-05,0.000232646858500076,-1.7517563427685e-05,-2.24405533202331e-05,4.62249441147467e-05,1.654177866964e-06,0.00017119132573376,-8.27980219408823e-05,-1.4648765893633e-05,4.67917012646605e-07,-0.000210584018291508,1.77456691063239e-07,-2.55332144131984e-07,-2.26760087237284e-07,1.65286847916476e-07,4.74523218215124e-07,-6.69585107918215e-08,2.2181083036048e-07,2.17990794235914e-07,-5.39662978228999e-09,3.7962193610107e-07,0.000144044560483638,-0.000700223572280523,-0.000494297645728659,0.000122987658144079,-6.49296549363352e-05,-7.19676992140616e-05,-3.70667661986335e-05,0.000110634978477157,1.54942477583465e-05,-2.30449837071476e-05,1.42152467964239e-07,0.000391994209790885,0.00540115283938604,-0.00269892122047843,-0.00143348408101126,3.60504826051068e-05,4.2651417096417e-05,3.40433240672472e-06
"north_west","mu_D_5",7.2089887541898e-05,-4.85265006085284e-05,-1.38720864408506e-05,2.43209164214136e-06,4.2597638869325e-06,-1.27119127734969e-06,3.78923122108554e-06,-1.92009792675244e-06,2.41675601899147e-06,2.54866835442301e-06,2.82542332012796e-06,4.03289000321493e-07,1.41824971404458e-06,5.95680457327686e-08,2.81422279562007e-06,-1.5873135423737e-05,-2.50588183759623e-07,2.08852783342844e-06,3.25206411575644e-06,-4.32783638746877e-08,-1.92256770292764e-06,5.16547265388609e-06,-3.57388310142616e-07,2.89344574672197e-08,1.71227491439254e-06,1.07618572174013e-06,-8.86417368895585e-08,3.62923765333112e-06,-1.90976800955038e-06,6.51171357340608e-06,-1.39201068996494e-06,8.59820273528897e-06,5.45451196406406e-06,-3.77093671159927e-06,-1.00821552916101e-06,2.9667881687846e-06,-5.07579073843073e-06,6.60035882265751e-06,-8.29195193426513e-06,2.98482579848739e-06,9.53379841284908e-05,5.95818010373929e-05,0.000141866801264044,0.000361119071150739,0.000994879493452968,9.90479891022151e-05,0.000121002059609838,1.79770522630683e-06,-0.000197270796040429,-4.64075031189918e-05,3.7831807550854e-05,5.07345530654134e-05,1.50480944799123e-05,-9.7588871229455e-05,-1.4643532161901e-05,1.01506287353514e-05,-7.3522493809635e-05,-1.31298307547781e-07,1.70101789374695e-09,-2.04419829452121e-07,9.16408650721453e-09,5.75112067673005e-07,-1.30361368430099e-07,2.06284009565942e-07,-1.82779840996949e-07,-1.88868674886083e-07,-1.79444936227664e-07,0.000133360532382613,-0.000111635659372913,-0.000467937998823308,-0.000720607691772059,-0.000145441417025272,0.000125738030112931,0.000100428909345487,0.000129437876716687,-0.000417212503267494,2.82290753000121e-06,-4.04248467412369e-07,0.000209034523102406,0.000305862206398552,-0.00333921426931411,0.000649607259023568,-4.1424980311782e-05,-2.8672736425033e-05,-5.42059506342726e-05
"north_west","mu_gamma_H",9.31137799610669e-05,-0.000162313377538606,-8.42275071129173e-06,4.53661672048763e-06,-5.21531566380898e-06,-1.29146462888232e-06,1.83948480476627e-06,-1.37702279542927e-06,-3.57234353856868e-06,2.8945858725287e-06,-5.01592389708709e-06,-1.49866116039023e-06,-2.58503660142487e-07,-5.37310326214361e-06,3.1781087347235e-06,1.94285229016438e-05,-1.05304793406577e-06,-1.4659741693511e-06,2.21345541961245e-08,1.03582701752349e-06,-3.28790686448649e-06,-1.55515986233501e-07,-1.23159107228235e-06,-3.11815565127548e-06,1.84451518995278e-07,-3.85233092541312e-06,-1.59546628129097e-06,1.71067286582016e-07,-5.50170764741405e-06,-5.47977190066103e-07,-4.80224826518658e-06,7.48299149851234e-07,-1.55663201065487e-06,7.63943043745547e-06,1.15589478166487e-06,-1.94104816936652e-06,1.73515852009147e-06,3.6707138263067e-06,-1.00784443537796e-05,2.30964736930428e-06,-7.27759511800991e-05,6.57428481359122e-05,-0.000436977901288157,4.19299389464975e-05,9.90479891022151e-05,0.00137618772700116,3.66546475232146e-05,0.000556995860464452,0.00033046994382906,-2.27076026198313e-05,-2.07731639124827e-05,2.95917457496987e-06,2.4048673240284e-05,-4.99745248279596e-06,-1.31896863654396e-05,9.86833097994165e-06,-0.000119903549973195,1.10840191905563e-07,-2.79489092462307e-07,-1.16788469794618e-07,1.86688400708208e-07,6.45614975789962e-08,2.97622626715797e-08,-3.7210147869511e-08,-1.46249461309976e-07,-6.02105948949847e-08,3.71242616425753e-07,8.53306633730412e-05,0.00138222029061932,-0.000588348631858663,-1.10080769046728e-05,-0.000574105626915482,2.76945042635602e-05,7.70004502576503e-05,0.00050504208700796,-0.000136920194259294,-9.5131744009669e-06,-4.4133980068021e-07,0.000561243952419578,0.00470313409038914,-0.00134915394995098,-0.000795357425997776,2.98926311595391e-05,-6.69433315721507e-07,2.19186778863751e-05
"north_west","mu_gamma_H_2",1.37837106282087e-05,6.79186434543163e-06,-1.22623124417654e-05,2.36295507618714e-06,2.54574960003088e-07,-3.15610445515398e-07,1.34433738401825e-06,-5.81248780277098e-07,1.72412531928595e-06,1.57121385698081e-06,4.08607355335021e-06,-7.38487016788162e-09,4.14569874703708e-07,1.60551380135167e-06,3.24606311322377e-06,-9.11668951854205e-06,3.75481903406453e-06,2.41434910769828e-06,4.5781186040226e-06,2.84175162010854e-06,1.99686175080956e-06,4.75811238166171e-06,2.70150492678747e-06,5.37155695892367e-06,2.96415467522324e-06,5.49609203398665e-06,8.04668883146876e-07,4.7395157246505e-06,3.49280160166233e-06,2.40765752661347e-06,1.35460161960135e-07,1.49532631928012e-06,8.81965998514751e-06,-9.29137530862765e-06,-1.01072484450812e-06,2.1272337549057e-06,-2.61396012033356e-06,2.86530950618609e-06,-3.82067454543264e-06,1.32895014548252e-06,1.38961157362558e-05,-1.51337557314538e-05,-3.98151204360169e-05,3.1805339811551e-05,0.000121002059609838,3.66546475232146e-05,0.000440855453314077,-5.01332953241932e-05,-4.49915438199681e-05,-3.71681449651745e-06,-4.35651302699343e-06,2.35163920695055e-05,4.00733683431438e-05,-3.9224070368904e-05,-7.09885498695436e-06,3.19193152913377e-06,-2.72908410404854e-06,-1.56249899426513e-08,3.02403940170052e-08,-1.17645715095207e-07,1.29431359803773e-07,3.85727841252708e-07,-1.87872621733609e-07,2.39480170034859e-08,-5.8210450579666e-08,-7.22669750086275e-08,1.91677500836761e-07,9.73260165386141e-05,0.000461574705144504,-0.000276999365796962,-0.00010705889523151,-0.000383890771239249,0.000199878881194384,-3.91148960681329e-06,0.000354706865979395,-0.00043600228798929,5.21310220601236e-07,-1.05895551741777e-07,0.000288385703287643,0.000840298279270972,-0.000475559837840605,-0.000277040808300572,-2.80538379665793e-05,-0.000124620864227329,2.57148089383253e-05
"north_west","mu_gamma_H_3",9.6602657670367e-05,-0.000217427995675334,-1.0081999238097e-06,4.11595505762455e-06,-6.48931429712789e-06,-2.27483212494966e-06,7.60257672960458e-07,-1.4316835336637e-06,-7.95755310748258e-06,8.05586717714373e-07,-1.21946039384528e-05,-3.21017789051186e-06,-2.68757270016811e-06,-1.04421718750104e-05,1.73867594872793e-06,3.14121758690391e-05,-5.46091170902096e-06,-4.72805489967187e-06,-6.86675936127366e-06,-6.35508897941344e-06,-4.36116808918139e-06,-7.49557594682858e-06,-5.65352010258495e-06,-9.58844950684633e-06,-4.84721410542897e-06,-1.22834401462653e-05,-9.33455635266139e-07,-3.65329472308103e-06,-1.42306184624948e-05,-6.84804996005948e-06,-6.4797643770224e-06,-5.86639440582531e-06,-1.56181837744266e-07,-1.26248722009708e-05,6.2503026392565e-07,-2.12499236384122e-06,2.12399464962669e-06,2.01237117241658e-06,-7.58775559769968e-06,9.34259557553731e-07,-8.82239872627488e-05,2.87355953460945e-05,-0.000168088176799883,0.000232646858500076,1.79770522630683e-06,0.000556995860464452,-5.01332953241932e-05,0.00102079374511448,0.000674767621608736,9.73224457143427e-06,1.28654097032855e-06,1.04739824566328e-05,8.51971942577581e-06,3.70673203601483e-05,7.35864849112749e-06,-2.09881495057031e-06,-0.000291060870689314,3.30084242305235e-07,-2.56744473773157e-07,-1.93928206345235e-08,1.57000968632293e-07,1.69263197297066e-07,1.79596546403788e-07,3.25683050146216e-08,3.22451963247645e-08,6.27757823543593e-08,6.26783971936162e-07,0.000189328040921207,0.000478732026455289,-0.000133283599025346,0.000188806341117887,-0.000508512694749019,-0.000286629442545794,8.97092254802684e-05,0.000400405357262733,0.000608963500832685,-1.12710333967892e-05,-2.7016563954098e-07,3.27972696626192e-05,0.00813070258890825,-0.00199131804592625,-0.0001165032605771,0.00010632362984523,0.000125818886740502,2.05497868109651e-05
"north_west","mu_gamma_H_4",5.43700331332236e-05,4.45708639962929e-05,1.35501843587549e-05,-1.90748007933241e-06,-7.75551588115319e-07,-1.76433515003534e-06,2.313039845433e-06,-4.36219066288282e-06,-5.99801615737512e-06,-6.9576244808846e-06,-7.81668717551089e-06,-4.38131970138966e-06,-3.7625246584687e-06,-8.60003828790581e-06,3.15635509028012e-06,2.7564225451335e-05,-2.50401742464386e-06,-6.64137799672318e-06,-2.95110124416611e-06,-7.26869411025687e-06,-2.492379984701e-06,-8.07983892607101e-06,-6.34757831803186e-06,-7.78346121578294e-06,-6.15386463412027e-06,-8.52912380363136e-06,-8.65828448036572e-07,-8.78019941066742e-06,-9.03961300166922e-06,-4.74598247467339e-07,-1.27966715590059e-06,-2.88621724565395e-06,2.42831418427032e-06,-9.68849929318302e-06,1.18547112881473e-06,-3.24191575518368e-06,3.09128909611229e-06,-2.71704404447138e-06,4.16063345019795e-06,-2.93533388740909e-06,-0.000100936702660333,-3.02341578551084e-05,-5.42158539950236e-05,-1.7517563427685e-05,-0.000197270796040429,0.00033046994382906,-4.49915438199681e-05,0.000674767621608736,0.00110575473773057,4.27150503911794e-05,5.63352419630569e-06,-9.02922594774854e-06,-0.000113836832282672,7.74713913528197e-05,2.50091291725651e-05,-2.47992999904297e-06,-0.000259617334099733,4.34182668519839e-08,-3.43609619218139e-07,-1.22387558487718e-07,-8.42630040847649e-08,-4.1481242952034e-07,1.48568032310723e-07,-2.72398531852516e-07,-7.23938169719867e-08,2.30659719718891e-07,1.12146815177751e-07,0.000171454975292925,9.71212305921607e-06,0.000672520920213953,0.000284660852325885,-0.000396070798421764,-0.000375644890104799,-3.47285554652498e-05,0.000262709359013024,0.000902449556110303,4.50350012967899e-05,-2.9147875125184e-07,-8.46973998507018e-05,0.0101911943339244,-0.0045158520036937,0.00150377000670923,0.000141955394766713,5.22079015142015e-05,-0.000116049206853612
"north_west","p_G_D",6.74180118472311e-06,-5.35914139858557e-06,2.63093625956496e-06,6.03995822464247e-07,-1.18951478049064e-06,4.32497312464037e-07,2.27452939929005e-07,-5.03000532591953e-07,2.13690967739666e-07,-3.68188052301552e-07,6.20350985097725e-07,-2.31384973798413e-07,1.84302014365121e-07,-6.97326503358229e-07,1.07170713422791e-06,3.22098265408711e-06,4.7608640220378e-07,-5.37245370787805e-07,1.23328345613457e-06,-9.14538147469422e-07,1.72381862745801e-07,1.54906627107744e-08,-5.76067219681972e-07,1.18009386122635e-06,-8.56546382666243e-07,3.75847772608514e-07,4.46747387610122e-07,-2.99529364787181e-07,2.63401066130512e-07,-1.30413582758534e-07,6.88999805224885e-07,-8.50436931962435e-07,3.63050684076909e-06,-5.68578485971978e-06,-2.32553600209581e-07,3.08528461001211e-07,-4.05834235286889e-07,3.50803414082368e-07,5.34789975869075e-07,-6.5707586079989e-07,-5.6757677117883e-06,-2.26072462821558e-05,-5.1695816444141e-07,-2.24405533202331e-05,-4.64075031189918e-05,-2.27076026198313e-05,-3.71681449651745e-06,9.73224457143427e-06,4.27150503911794e-05,5.81422644557619e-05,-7.82668350320423e-07,-6.29412429512248e-06,-1.25189847267905e-05,2.38325606653525e-05,1.43246119809839e-06,-1.39670638486807e-07,-1.46353597106325e-05,1.75049250979128e-08,-4.3333753445683e-08,-8.21261776101384e-09,-1.91050225989646e-08,-7.89419677687241e-08,-3.35215541659962e-08,-9.99228707433106e-09,3.19748818245566e-08,5.67870354038974e-08,-1.2448221467148e-08,6.60806681308323e-06,-4.61357650513718e-05,4.8388245477244e-05,4.00772881668612e-05,1.10996561779006e-06,-1.75090691021021e-05,5.16968032740059e-06,-5.65520209074454e-07,4.10735475457313e-05,4.8763214475589e-06,4.80478418205911e-08,2.90428908917429e-05,0.00133712234687653,-0.000636271451467492,-0.00030262267423755,4.65258612422471e-06,-1.61586375484694e-06,-1.80649583659667e-05
"north_west","p_G_D_2",-2.78557973655265e-07,7.4758847983519e-06,2.00065319958818e-06,-1.59641231978893e-07,5.43970972568037e-07,-2.15399504577638e-07,-9.89283488761342e-09,4.89369626723475e-08,-1.86859903509196e-07,-1.94469758923031e-07,-5.0624716962082e-07,-1.50053596047709e-07,-1.03056290314297e-07,-1.10458164217056e-07,-5.58380749448007e-07,-3.81312246644462e-07,-4.32940098747726e-07,-3.56021850058966e-07,-6.46221405694219e-07,-1.10766178541039e-07,-4.28584430809574e-07,-5.49502235417891e-07,-5.25412206105001e-07,-6.61690443788748e-07,-7.28848826138447e-07,-6.55135564256949e-07,6.0839372854289e-08,-8.97290384428046e-07,-3.09383019435842e-07,-2.78516178679901e-07,-1.65534040197387e-07,-2.74691860451736e-07,-6.65294653496245e-07,-5.70873784416404e-07,-3.05697874276711e-08,-9.14050628171158e-08,2.06872128178922e-08,-8.6755783365508e-08,9.04942770951047e-08,2.47501704007721e-08,-4.88268969896287e-06,1.03319759642676e-05,5.64612724270704e-05,4.62249441147467e-05,3.7831807550854e-05,-2.07731639124827e-05,-4.35651302699343e-06,1.28654097032855e-06,5.63352419630569e-06,-7.82668350320423e-07,1.24368826322519e-05,1.05078803358026e-06,-1.47632270086722e-05,8.094062152611e-06,8.82778011012892e-07,-2.05320544157409e-07,-6.48817715138361e-06,-1.87073912348193e-08,-1.12494858322988e-08,-2.65498420259962e-08,-2.93779742470532e-08,-7.36476170926554e-08,5.09619687467088e-09,-1.60291497188207e-08,-2.07191425254084e-08,-1.45416307862042e-08,-6.34509005928554e-08,2.54300694460372e-05,-0.00019045675687571,2.93200585568104e-05,-1.03407375346139e-05,1.89172355713436e-05,-6.55870094411464e-06,1.25226012873439e-05,-1.44978197539137e-05,2.46005896735978e-05,-9.48285838871982e-07,-4.03928898597917e-08,3.38637642310984e-06,-0.000153231098906397,0.000217967641358828,0.000243152791438801,3.40089090096837e-06,1.2464730132738e-05,4.41710863841325e-07
"north_west","p_H",-1.94650770432294e-05,-1.56851862490775e-05,2.28351371223603e-06,-3.64131047838954e-07,1.1314028110803e-06,-2.57275156130972e-07,-1.533951750403e-06,8.96499669928051e-07,-1.36445031597363e-06,2.1878647666353e-06,-7.46329490754759e-07,4.18379031752066e-07,-6.35660599987079e-07,9.80776707058403e-08,-1.12625071811032e-06,-7.03546813047665e-07,-1.25402642610803e-07,1.100339974752e-07,-5.82380236444662e-07,3.96517345492157e-07,-7.73892555934627e-07,8.68760222451441e-08,-3.44662139006204e-07,-1.79772701638191e-06,4.24676223424359e-07,-1.5462303571743e-06,-7.44317792448291e-07,-7.00480721950477e-07,-2.452520221855e-07,-1.57052734245596e-06,-2.23770406151247e-06,1.27851612624986e-06,-6.87726478548285e-06,4.7363726499545e-06,3.57333655191273e-08,-9.34114096491248e-07,-6.74495575844424e-08,1.00889564827643e-07,-1.32918354180922e-06,-3.60334940249632e-07,-9.80460032335103e-06,-2.59219344349148e-05,-2.82067920551321e-06,1.654177866964e-06,5.07345530654134e-05,2.95917457496987e-06,2.35163920695055e-05,1.04739824566328e-05,-9.02922594774854e-06,-6.29412429512248e-06,1.05078803358026e-06,7.57376744113056e-05,2.41699089601765e-05,-4.04909595532963e-06,2.14261405302674e-06,-2.98317338838096e-06,-9.1229629989285e-06,-7.21582198007821e-08,1.55261399962161e-08,-1.25956281350668e-07,-1.19497539241607e-07,-1.57074453936414e-07,-4.29142957804396e-08,-1.21194585892741e-07,-1.54919857991165e-07,-1.32122856111067e-07,-1.94676239448209e-07,4.22926117684476e-05,0.000141449401040895,-7.39601524123775e-05,-7.65396924359919e-05,-0.000147878746739562,3.05437498965016e-05,4.14180597133105e-05,8.62602916020051e-05,-7.36182835678163e-05,-1.19370865937293e-07,-1.6147533843703e-07,0.000127212422164036,-0.00111924733017301,0.00197148652360326,0.00074271289854838,-1.96120263555352e-05,-9.89808805009955e-06,7.23894553411963e-05
"north_west","p_H_2",4.73407785163236e-05,-7.6316227081247e-05,-9.80007582952568e-07,9.69186724844659e-07,-1.76251043777865e-07,5.47525391842954e-07,1.81061559460207e-06,-2.85762951131408e-06,1.41437807509972e-06,-1.64882398942331e-06,2.76179967010112e-06,-6.73754281358187e-07,2.57578034864548e-07,-1.99581656378463e-06,6.58857556653798e-06,6.25699764662217e-06,5.82077455945445e-06,2.21048507557442e-06,6.16704235205501e-06,4.99619504322766e-06,-4.32608932976034e-08,7.74521208165893e-06,3.39309024770224e-06,7.2725160400757e-06,5.2411893510145e-06,5.02843580635227e-06,9.68294040198635e-07,7.19822091142369e-06,-1.51667373549983e-06,1.62875926662021e-06,1.97208834577738e-06,6.82086765970768e-06,5.77567412462975e-06,-1.52344938954857e-06,-1.89337491724014e-06,3.05362701216979e-06,-2.29674073163541e-06,2.79478495446718e-06,-4.29409513538691e-06,-2.26696522234275e-07,4.18688784823936e-05,2.26120558762557e-05,-8.26634945044046e-05,0.00017119132573376,1.50480944799123e-05,2.4048673240284e-05,4.00733683431438e-05,8.51971942577581e-06,-0.000113836832282672,-1.25189847267905e-05,-1.47632270086722e-05,2.41699089601765e-05,0.00114048272474339,-5.39712261392717e-05,-4.83788963566909e-06,7.15524776348507e-06,-7.09945408396036e-05,1.20039270693914e-07,-1.82930860061661e-07,-4.40124764335108e-07,1.09662261244038e-07,7.02584121068935e-07,-1.43261197656582e-07,8.86597905807562e-08,1.72604457427893e-07,-3.69199243147509e-08,3.8990344077036e-07,0.000156136528651207,0.000406228432145728,-0.000476659805653828,0.000130083654444635,-0.000129204644238815,-2.72815030472942e-06,-0.000936537312261668,0.000126705069553061,-0.000299845048672513,-2.67252522088394e-05,2.44228296921966e-07,0.000559849521419112,0.00504835157191807,-0.00494059138016595,0.000446691775700669,2.29357034996575e-06,-0.000176096803203839,-1.96026258594013e-05
"north_west","p_H_D",-1.03749226547915e-05,-1.16626037085645e-05,3.61981060654098e-06,-2.05177801243188e-06,7.46288653181192e-07,-6.35706632238591e-07,-4.6552150307615e-07,1.62669152381531e-07,-1.82248923643373e-06,-6.9801788808498e-07,-2.09835082434394e-06,-4.63242957734663e-07,-9.72513791153839e-07,-4.32275709997704e-07,-2.41185628222635e-06,1.22587782578792e-05,-1.38826297644415e-06,-1.53826998904614e-06,-2.37001503138756e-06,-1.93348770717244e-06,-1.43325537541181e-06,-2.51341817225314e-06,-2.07259825115678e-06,-3.00179974306058e-06,-2.6816972899641e-06,-2.95061498088625e-06,-5.95888411477433e-08,-3.69078240798799e-06,-2.45976452963435e-06,-1.77810181099527e-06,-8.75849855983169e-07,-1.16046665161586e-06,-4.11412241084534e-06,-1.45524918172365e-07,3.52084700674534e-07,-1.5385623615453e-06,1.13909283253305e-06,-1.32912549027182e-06,7.67115113401138e-07,-4.57408573865939e-07,-0.000126986104304626,-0.00012305696855895,-5.00425207966713e-05,-8.27980219408823e-05,-9.7588871229455e-05,-4.99745248279596e-06,-3.9224070368904e-05,3.70673203601483e-05,7.74713913528197e-05,2.38325606653525e-05,8.094062152611e-06,-4.04909595532963e-06,-5.39712261392717e-05,0.000130899439945095,1.40397432795632e-05,-2.04460008298289e-06,1.44829879915507e-05,-3.79499208081832e-08,1.50392736161449e-08,-4.73201783415871e-08,-1.30524155810165e-07,-2.49755862543804e-07,4.06091274372722e-08,-7.85645972074055e-08,-8.99727247331815e-08,-3.73274861361379e-09,-1.42506116639575e-07,5.23316049473984e-05,-0.000118893706609655,8.41915094142183e-05,2.15476672972646e-05,1.57422102579546e-05,-2.17803655167988e-05,1.71972731477888e-05,-2.26099509318062e-05,0.000127456668044701,-4.28540864903457e-07,-2.33678146503574e-07,-0.000173266720658976,-0.000216484122248711,0.000485715462268337,0.00139555676464926,1.74687683348416e-05,4.61379210611552e-05,1.01760885703179e-05
"north_west","p_ICU",-3.25146303902419e-06,5.67659254845137e-06,4.03761209823403e-06,-7.42718810384298e-07,3.57153616133158e-07,-1.81201472263408e-07,9.4432902542676e-09,-2.69208592045333e-07,-2.68733137426483e-07,-3.88980233635988e-07,-4.57931098428114e-07,-8.27475378686346e-08,-3.14827392359939e-07,-2.35345878138389e-09,-5.01894877344813e-07,1.91785392674129e-07,-1.95739036297832e-07,-1.36800423272743e-07,-6.07178030395903e-07,-5.28629051040877e-08,-2.88922935882163e-07,-3.17161508448246e-07,-3.49699590296629e-07,-7.09840348797588e-07,-2.28916197316325e-07,-4.67123678665534e-07,1.49068857598452e-07,-8.72254215984565e-07,-1.39663933177659e-07,2.37711255019774e-07,3.91260103098858e-09,1.28805021246315e-07,-8.14283776892142e-07,6.17345351116057e-07,-8.0777096561634e-09,-3.31503339875075e-07,1.4273516888262e-07,-3.29653882160325e-07,2.19579348716379e-07,-1.84350911016153e-07,-1.22309750555545e-05,-1.98628663814277e-05,1.33647681805341e-06,-1.4648765893633e-05,-1.4643532161901e-05,-1.31896863654396e-05,-7.09885498695436e-06,7.35864849112749e-06,2.50091291725651e-05,1.43246119809839e-06,8.82778011012892e-07,2.14261405302674e-06,-4.83788963566909e-06,1.40397432795632e-05,1.18616881423105e-05,-8.01278458959518e-07,4.2796109057311e-06,-2.40896959241788e-08,-1.01275118330015e-09,-1.78600883144189e-08,-3.55583770390989e-08,-2.8045333534511e-08,6.85511851971526e-09,-3.67644977812155e-08,-3.46703274741949e-08,-1.18443770764657e-08,-6.70888579582914e-08,2.29675420935108e-05,-2.56304784466021e-05,3.26226427144363e-05,4.54431440127016e-06,-1.92453053291595e-06,-5.80256571399864e-06,9.28667014631849e-07,2.56654062458089e-06,3.17639446187437e-05,1.40724880601153e-06,-5.90638765491979e-08,-6.41058322231459e-05,-0.000236092828046231,2.88081884541803e-05,0.000327910308640512,3.61389303119459e-06,5.04937788840153e-07,-2.60214987517835e-06
"north_west","p_ICU_2",3.66061478728199e-06,4.06752373073177e-06,-6.52552836373673e-07,-3.09776960970608e-08,8.19639846854608e-08,8.84279204083125e-09,2.06801848186633e-07,-1.15784555738707e-07,9.66368534548098e-08,1.2999975873941e-08,1.60063185668908e-07,-1.6637547526958e-08,5.66821703577112e-08,2.44418993953184e-09,1.67210580646693e-07,-1.03960467306957e-06,3.82513080383339e-08,8.40177249511335e-08,1.20904018255538e-07,7.17687241230713e-08,-3.77439242949553e-08,1.93877383841585e-07,5.42867622837148e-08,1.34228645358208e-07,2.38625332100902e-08,1.36197651376276e-07,4.61189191554395e-08,1.85059949118182e-07,-1.28455125186122e-07,4.6058609026583e-07,8.02836931602999e-08,2.10296712495495e-07,7.26638632991649e-07,-7.43844694147079e-07,-4.48444297087977e-08,1.36947568699951e-07,-1.50317151898607e-07,1.80111888002827e-07,-1.8677202630626e-07,1.13478805751984e-07,5.67031565886499e-06,4.69486274656058e-07,-4.00595819387784e-06,4.67917012646605e-07,1.01506287353514e-05,9.86833097994165e-06,3.19193152913377e-06,-2.09881495057031e-06,-2.47992999904297e-06,-1.39670638486807e-07,-2.05320544157409e-07,-2.98317338838096e-06,7.15524776348507e-06,-2.04460008298289e-06,-8.01278458959518e-07,2.80624134517108e-06,2.47457771300523e-06,-8.58918609970725e-09,-5.17978533420193e-09,-1.01398629218716e-08,2.4735669073521e-09,3.63308130633799e-08,-7.73662645584197e-09,1.3029281856715e-08,-8.62827176926816e-09,2.21478908711854e-10,9.69131656833601e-09,1.07438813714406e-05,1.18714738434067e-05,-6.28331823741822e-06,-1.0357958655106e-05,2.77929042823659e-06,2.87695552107536e-06,-7.28868560156011e-06,-2.38631843908676e-05,-7.95077626445373e-06,-2.40811523041504e-07,-1.529017123174e-08,3.98040029399578e-05,8.03639710229502e-05,-0.000281806771497505,-5.33928253906265e-05,-3.82773352318661e-07,-2.14341906507228e-06,-6.54693933667778e-06
"north_west","p_ICU_D",-6.85195104943149e-05,2.35980274375969e-05,1.43944662638214e-05,-3.97421382096929e-06,1.45465912153952e-06,6.06138011432426e-07,-5.72153786315884e-07,1.55384254009612e-06,1.87506641467579e-06,2.38123818788026e-06,6.27832874603274e-07,2.20836422979972e-06,1.05658570526026e-06,4.35809266554976e-06,-3.22586849624286e-06,-8.905671539699e-06,-3.42007487988169e-07,2.11212303725035e-06,-1.00519645777637e-06,2.42863845011139e-06,7.80589371784254e-07,1.25248838457737e-06,1.77811359562216e-06,5.51703400518892e-07,1.55485311140655e-06,3.09795530405837e-06,6.48495417393059e-07,3.08988168258873e-07,3.98882587404566e-06,3.88921853613436e-07,1.68137113324351e-06,-3.01851795019745e-07,-6.64785333801855e-06,1.08072080047032e-05,3.77585135981788e-07,-1.22598220581599e-06,1.35104269843372e-06,-3.01244790871077e-06,3.40700916482029e-06,2.65042011938083e-07,-1.03485935571788e-06,-0.000101569969306667,-2.8247698045695e-05,-0.000210584018291508,-7.3522493809635e-05,-0.000119903549973195,-2.72908410404854e-06,-0.000291060870689314,-0.000259617334099733,-1.46353597106325e-05,-6.48817715138361e-06,-9.1229629989285e-06,-7.09945408396036e-05,1.44829879915507e-05,4.2796109057311e-06,2.47457771300523e-06,0.000667253281319106,-4.33549513611879e-08,3.21026214355729e-07,3.69758685066123e-07,-4.0239854030041e-08,-1.14520800456303e-07,1.16503464342065e-07,-8.48847403058653e-08,-1.46242429175337e-08,-7.3418634856266e-08,-1.44898506421455e-07,-0.000196905042765078,-0.00014285633935847,8.09481618513135e-06,-2.46678515906958e-05,9.89516056493471e-05,0.000145025191851166,3.11056209929928e-05,-0.000124717530722164,-0.000200409458830544,3.08587046578108e-06,-7.38553982040593e-09,-0.000313516898415889,-0.0055244068510526,0.00284129582929235,0.000352605585827954,-4.90115122110101e-05,2.09007903135922e-05,3.59526510013152e-05
"north_west","p_NC_15_24",1.89434875564692e-08,-1.68181069381451e-07,-1.7840086493338e-08,3.43735437776879e-09,-1.36372605828415e-08,2.0726913626594e-09,-1.36446621681615e-09,-1.34545533996999e-09,1.7356564200533e-09,-2.12632170590079e-09,-3.71651218674051e-10,-3.7698032485606e-10,1.10893786689691e-09,-3.28204809828778e-09,5.38685271019598e-09,2.69126334647291e-08,-1.6984490065568e-09,-2.10794560319511e-10,-4.44266081257069e-09,1.4938264778208e-10,3.0820669166608e-09,-3.5659129656777e-09,6.0242778888291e-09,-2.95367443355577e-10,4.99977214665793e-09,-1.6991070669441e-09,5.54097527689817e-10,9.17720868143426e-09,-4.97730634129896e-09,-1.29510099831102e-08,-2.4657709086221e-10,-7.67077856324522e-09,5.44978410002816e-09,-8.22862529068323e-09,-2.34744599340637e-10,1.42736765775868e-09,2.52507942088067e-10,2.22364617706766e-09,-5.25690633230353e-09,1.03708195192324e-09,-9.36012044462961e-09,1.30786877247891e-07,-5.08843149855755e-08,1.77456691063239e-07,-1.31298307547781e-07,1.10840191905563e-07,-1.56249899426513e-08,3.30084242305235e-07,4.34182668519839e-08,1.75049250979128e-08,-1.87073912348193e-08,-7.21582198007821e-08,1.20039270693914e-07,-3.79499208081832e-08,-2.40896959241788e-08,-8.58918609970725e-09,-4.33549513611879e-08,1.71973930837904e-09,1.60414186095521e-10,8.08182194984602e-10,8.0883647470954e-10,5.93483920898801e-10,3.80825084319363e-10,6.00624755521953e-10,8.98006835975944e-10,4.43065234208876e-10,1.54571350980592e-09,-8.43025926736568e-08,8.87251518938781e-08,-2.94084983568547e-07,3.72520657674257e-07,-1.33607053734788e-07,-1.7706623541358e-07,2.76733034012209e-08,7.29406571670724e-08,2.20249127167805e-07,-1.58955424610516e-08,4.37678706235085e-10,6.04242352650231e-07,6.87614337131115e-06,-4.57952164030055e-07,-3.78713022825434e-06,4.07940775195784e-08,1.18527414236595e-07,4.43515535319631e-08
"north_west","p_NC_25_49",-3.50233199858577e-08,-4.39324739029437e-08,6.15867504375391e-09,-2.02532765284473e-09,5.299350553372e-09,-1.16503668276672e-09,-1.79479004772828e-09,4.45346324600785e-09,1.48280707573334e-09,5.66339641970233e-09,3.01268019092705e-09,3.96972036404344e-09,1.3426647008161e-09,7.59511034277163e-09,-2.95385031245308e-09,-1.56704282142373e-08,1.12568548403539e-09,4.35392442503969e-09,-6.64769588693107e-09,9.89223525629405e-09,2.73302207482854e-10,5.07330937947819e-09,3.21579085982161e-09,4.45792196878119e-09,2.58520324977799e-09,6.29514094414802e-09,3.37711360172087e-10,5.19600092591386e-09,7.54727580304422e-09,2.26520888707225e-10,-5.38306634651544e-10,-4.44517752329462e-09,2.74602183442964e-11,1.62815973478868e-09,1.88027936463366e-10,-1.54968088042055e-09,1.89551351825918e-09,-1.72233786692338e-09,-1.10422141033287e-09,4.75889566353491e-09,-5.17649663175253e-08,-1.88243542958555e-07,-1.30175564530341e-07,-2.55332144131984e-07,1.70101789374695e-09,-2.79489092462307e-07,3.02403940170052e-08,-2.56744473773157e-07,-3.43609619218139e-07,-4.3333753445683e-08,-1.12494858322988e-08,1.55261399962161e-08,-1.82930860061661e-07,1.50392736161449e-08,-1.01275118330015e-09,-5.17978533420193e-09,3.21026214355729e-07,1.60414186095521e-10,2.44876967195237e-09,1.03541398554777e-09,3.90528134652382e-10,7.80275025621345e-11,4.45034779246029e-10,1.35854524715488e-10,1.22891243755921e-10,1.60223344836356e-10,-2.77940800049024e-10,3.20610290400988e-07,3.14266231782278e-07,-1.72833190361665e-07,-1.31812956520334e-07,-1.13333931946205e-07,2.02037090572824e-07,1.7270257581954e-07,-5.06492349279755e-08,-2.59412258229989e-07,2.07952455431856e-08,-5.35758978959128e-10,-3.61329034681012e-07,-5.44402685201787e-06,6.29640812455824e-06,1.63523502677294e-06,-7.29472397921768e-08,3.81213595115389e-08,1.00614806782201e-07
"north_west","p_NC_50_64",-9.13673618546923e-08,-8.33861500797645e-08,7.20469641099083e-09,4.81046552823127e-09,-7.96346874735669e-09,1.42731598363206e-09,-3.78814338916766e-09,2.46087185767306e-09,5.95506367752139e-09,-1.19281623632137e-10,5.31960611136731e-09,3.77972685880283e-09,3.20457574101879e-09,6.48443628503218e-09,-2.73475218837571e-09,-1.22458681785717e-08,-1.04069202825388e-09,6.12759366207434e-09,-8.4083886053119e-09,6.16363174565297e-09,7.27708104478438e-09,1.03895063576777e-09,8.69696453731465e-09,5.91187428052428e-09,7.94597215823806e-09,8.49512771596089e-09,3.16021316293076e-10,7.85722314940772e-09,1.68935972263974e-08,4.30280260309157e-09,2.18948607541599e-09,-5.94749634860039e-09,1.3730199578902e-08,-9.74546902805497e-09,1.58069154233523e-09,-1.54077078233839e-09,3.57625604169937e-09,-1.4459439412308e-09,-1.26950605164477e-09,4.17510259008045e-09,2.13146242704168e-08,2.85597564355667e-09,-1.56590799360391e-07,-2.26760087237284e-07,-2.04419829452121e-07,-1.16788469794618e-07,-1.17645715095207e-07,-1.93928206345235e-08,-1.22387558487718e-07,-8.21261776101384e-09,-2.65498420259962e-08,-1.25956281350668e-07,-4.40124764335108e-07,-4.73201783415871e-08,-1.78600883144189e-08,-1.01398629218716e-08,3.69758685066123e-07,8.08182194984602e-10,1.03541398554777e-09,3.7747185750469e-09,9.34193799730305e-10,9.0748776110449e-10,7.74058205444138e-10,6.38958714577616e-10,8.52059998025924e-10,3.80375226540535e-10,4.63845654698003e-10,-3.3899059318015e-08,2.66039566713759e-07,-5.55947261971331e-08,1.82519065982607e-07,-8.56002048848096e-08,3.61426486587789e-08,2.71691096184867e-07,-8.10876560083977e-08,1.29342185041894e-07,1.26755545649696e-08,-2.27550709955334e-10,-1.01167916112532e-06,-7.42586339526295e-06,8.01226110624819e-06,-3.88796617860709e-06,-4.14879871917342e-08,9.37452164738701e-08,-1.21231309880612e-08
"north_west","p_NC_65_79",8.79536695199793e-08,-1.60886872394845e-07,-2.62245773785335e-08,6.27439407116169e-09,-1.36365680380691e-08,2.30828144795647e-09,6.81234865624952e-10,1.96067557794781e-10,4.41699938992441e-09,-4.25619527175091e-10,8.60824498542484e-09,5.30993354199158e-11,4.04868038662774e-09,-2.18804933019887e-09,1.17465173463245e-08,-5.93148286831244e-09,3.7997974452893e-09,4.70862530175424e-09,3.14204256933822e-09,8.39652277714368e-09,5.13375102710962e-09,6.87931683986195e-09,9.85038140545849e-09,1.03237560495843e-08,9.19180420100443e-09,1.24118001832444e-08,1.41914299657307e-09,1.49768380890914e-08,8.32778529567089e-09,3.84610573900226e-10,4.09517306654424e-09,-6.41762508988779e-09,2.86342641549956e-08,-2.4347660208385e-08,-8.54297157009554e-10,4.26643886045681e-09,-1.30847494574499e-09,4.20193334425285e-09,-5.6637919041398e-09,1.85324599973045e-09,1.46656074317079e-07,1.85425934349466e-07,-1.87851986758792e-07,1.65286847916476e-07,9.16408650721453e-09,1.86688400708208e-07,1.29431359803773e-07,1.57000968632293e-07,-8.42630040847649e-08,-1.91050225989646e-08,-2.93779742470532e-08,-1.19497539241607e-07,1.09662261244038e-07,-1.30524155810165e-07,-3.55583770390989e-08,2.4735669073521e-09,-4.0239854030041e-08,8.0883647470954e-10,3.90528134652382e-10,9.34193799730305e-10,1.68907889134224e-09,1.00479462579486e-09,3.3872521486101e-10,7.82808911157272e-10,8.92097447619783e-10,4.48264574810795e-10,1.29602602742794e-09,-1.61935648793178e-08,5.9488020271781e-07,-5.30926978217767e-07,2.18114989211378e-07,-1.83734422391499e-07,-1.81759745673877e-08,-5.73606845337582e-08,1.59190994878897e-07,-1.71545002298913e-07,4.97827318441592e-09,5.0316066956407e-11,4.8853686848667e-07,6.37676256287509e-06,-8.55803480013089e-07,-6.30674264427206e-06,-4.15329204321757e-09,-7.85471049185068e-08,-4.16030871910872e-08
"north_west","p_NC_80_plus",3.24005740167363e-07,-2.91267602008924e-07,-8.80282952373606e-08,1.99710575228481e-08,-2.51045219631805e-09,-1.14167756118462e-09,8.385367421188e-09,-5.90442514908741e-09,1.91817249887853e-10,6.955963459691e-09,-4.46675800230959e-09,-2.71513368946744e-09,9.07795057158985e-10,-1.58147778415723e-10,1.54021125454049e-08,-1.09525982341714e-07,3.41153363946056e-09,2.12148288944044e-10,2.01236390829687e-08,-4.40878133712429e-10,-8.17267324976761e-09,2.43598601793623e-08,-4.29683597957134e-09,2.19531723812089e-08,-1.50402194387073e-09,1.67253548304855e-08,1.11222598315117e-08,2.71376742613078e-08,-2.03074719944624e-08,2.7327579204886e-08,2.45653198398934e-09,1.81247137778422e-08,6.88820247603706e-08,-4.87080312146482e-08,-1.05355524683679e-08,2.7479442282898e-08,-3.46871166773175e-08,3.95852190492713e-08,-4.65543333162331e-08,1.52210018102921e-08,1.8028246598315e-07,-1.73432968616387e-07,-3.74362871369239e-07,4.74523218215124e-07,5.75112067673005e-07,6.45614975789962e-08,3.85727841252708e-07,1.69263197297066e-07,-4.1481242952034e-07,-7.89419677687241e-08,-7.36476170926554e-08,-1.57074453936414e-07,7.02584121068935e-07,-2.49755862543804e-07,-2.8045333534511e-08,3.63308130633799e-08,-1.14520800456303e-07,5.93483920898801e-10,7.80275025621345e-11,9.0748776110449e-10,1.00479462579486e-09,1.79420136029136e-08,-5.51117334589279e-10,2.09558033501078e-09,1.21059641503232e-09,3.26446839522863e-10,7.33726463872027e-10,4.65109236886912e-07,1.9297433659962e-06,-1.59971136217734e-06,-4.93584746572359e-07,-3.7299564107357e-07,9.02332597119238e-08,-1.63310739376943e-07,7.54466959081555e-07,-1.37038879711108e-06,-3.64319652277878e-08,-8.72038084152157e-10,2.29962642878674e-06,1.338368232005e-05,-3.17618422627262e-05,-6.38400405010273e-06,9.53053826100761e-08,-1.33552813457611e-07,-6.10325560992594e-07
"north_west","p_NC_weekend_15_24",-6.94558266406505e-08,-1.58897980540423e-07,2.28533870278542e-08,-4.1560825560674e-09,-2.72456463720607e-09,-7.2038489845965e-10,-1.7067500467028e-09,7.86384293181198e-10,-2.02292196491199e-09,-3.65281129457818e-09,-1.47128910464978e-09,-1.51160899371855e-10,-7.55624189847759e-10,-9.29524757240624e-10,-5.12628709567127e-09,1.73514228317976e-08,-4.7289923382796e-09,-8.23536334266255e-10,-8.92564951353648e-09,-2.74995686633651e-09,2.55257098043558e-10,-5.56994305418696e-09,-1.36284686535958e-10,-5.53630802078087e-09,-2.22416665231894e-09,-3.0585529070935e-09,-7.12104730261355e-10,-2.85726253256667e-09,-9.65099107585828e-10,-5.82839536798362e-09,-1.59234211905089e-09,-2.47563064020235e-09,-1.08414675220712e-08,1.10182876125186e-08,1.85210406594209e-09,-5.08459663606219e-09,7.04097011434024e-09,-5.60552471895156e-09,4.37818928625124e-09,1.88616149715443e-10,-7.63750655233007e-08,-2.5181792630167e-08,-1.03290454094152e-08,-6.69585107918215e-08,-1.30361368430099e-07,2.97622626715797e-08,-1.87872621733609e-07,1.79596546403788e-07,1.48568032310723e-07,-3.35215541659962e-08,5.09619687467088e-09,-4.29142957804396e-08,-1.43261197656582e-07,4.06091274372722e-08,6.85511851971526e-09,-7.73662645584197e-09,1.16503464342065e-07,3.80825084319363e-10,4.45034779246029e-10,7.74058205444138e-10,3.3872521486101e-10,-5.51117334589279e-10,1.31201130034045e-09,9.86365798106136e-11,2.02134821492923e-10,1.10906979242473e-10,3.22008535644034e-10,2.14485183610084e-08,-1.61109451382535e-07,1.4440953969236e-07,1.90505362260303e-07,6.42276303599905e-08,-1.23770681958577e-07,2.43716566568565e-08,-1.40706980515881e-07,4.01420315873153e-07,2.31725118848899e-08,-5.55146047445281e-10,-6.027997626699e-07,-3.07195688268572e-06,3.3998337713941e-06,2.67870089578691e-07,4.73401020060626e-08,1.40629573924116e-07,2.99819136502515e-08
"north_west","p_NC_weekend_25_49",2.74553003034792e-08,-1.173738807976e-07,-3.80706734358047e-08,6.8077135837182e-09,-6.45964800276232e-09,9.57210087747137e-10,4.18444563238226e-09,-3.43521468787163e-10,2.68631853904231e-09,5.5780751341849e-09,2.56942123604785e-09,8.27433768981387e-10,2.88089522482118e-09,7.18830307073822e-10,8.21813317225745e-09,-1.8656003539096e-08,1.58683989987427e-09,5.19258735502713e-09,3.44823678161586e-09,3.38357036211569e-09,2.90128425399557e-09,8.37688303334478e-09,4.75279733848913e-09,1.32239879528878e-08,5.38257575403468e-09,7.82011732830789e-09,1.27576878008897e-09,1.48466117336737e-08,2.79494534511914e-09,4.25124886087624e-09,1.97299378158919e-09,-2.13353295301831e-09,2.68059538886113e-08,-2.61902253392859e-08,-1.00259878262866e-09,6.13970210615308e-09,-5.93716337919506e-09,8.78900179485394e-09,-1.04626926501868e-08,5.09839660051556e-09,8.02241152644448e-08,9.61825664409895e-08,-5.02275220706523e-08,2.2181083036048e-07,2.06284009565942e-07,-3.7210147869511e-08,2.39480170034859e-08,3.25683050146216e-08,-2.72398531852516e-07,-9.99228707433106e-09,-1.60291497188207e-08,-1.21194585892741e-07,8.86597905807562e-08,-7.85645972074055e-08,-3.67644977812155e-08,1.3029281856715e-08,-8.48847403058653e-08,6.00624755521953e-10,1.35854524715488e-10,6.38958714577616e-10,7.82808911157272e-10,2.09558033501078e-09,9.86365798106136e-11,2.1352787543295e-09,5.75967313545727e-10,2.91622885368368e-10,7.04666363605432e-10,1.30910749791367e-07,1.48263507631316e-07,-4.83794575582149e-07,-6.12809382642445e-08,1.32776327270806e-07,-3.69167833827932e-08,5.63888970211099e-08,-8.95996996892698e-09,-2.72034161539928e-07,-3.8645645369779e-08,-2.40376507605243e-10,8.58244438316968e-07,2.68386504758989e-06,-3.08922983744942e-06,-4.48702693587015e-06,-7.76695586949299e-09,-5.35363155932954e-08,-8.61984825816546e-08
"north_west","p_NC_weekend_50_64",9.29273087973947e-08,-4.19579812398726e-09,-2.5057591952905e-08,7.18152803405578e-09,-1.5592203314083e-08,2.75413176314914e-09,1.77158848200925e-09,-1.86640233778462e-09,5.27879465009624e-09,-5.03765178527236e-09,5.85061868993579e-09,-1.03640822416717e-09,3.52749899385308e-09,-3.58307921749887e-09,1.1450658490085e-08,-1.01360305648302e-08,3.99038209219638e-09,5.59252263426289e-10,4.73583097512532e-09,1.92920285124334e-09,5.4775892450595e-09,2.1159397521843e-09,6.31772317392178e-09,1.12115892013026e-08,3.79286035524613e-09,8.01647037844241e-09,4.69125432430089e-09,1.3178452572953e-08,1.66269835425034e-09,-6.91959710907539e-09,7.11392490579687e-09,-9.08287675275618e-09,2.56359338436987e-08,-2.86656094181567e-08,-2.97800373844195e-09,8.20575719721989e-09,-3.01147578452614e-09,1.68968907410615e-09,2.473429570414e-10,-5.36604952014248e-10,1.44917022120499e-07,2.54877850166177e-07,3.89749483866534e-08,2.17990794235914e-07,-1.82779840996949e-07,-1.46249461309976e-07,-5.8210450579666e-08,3.22451963247645e-08,-7.23938169719867e-08,3.19748818245566e-08,-2.07191425254084e-08,-1.54919857991165e-07,1.72604457427893e-07,-8.99727247331815e-08,-3.46703274741949e-08,-8.62827176926816e-09,-1.46242429175337e-08,8.98006835975944e-10,1.22891243755921e-10,8.52059998025924e-10,8.92097447619783e-10,1.21059641503232e-09,2.02134821492923e-10,5.75967313545727e-10,2.01334546081109e-09,5.89717784087809e-10,1.30691207414582e-09,-2.74978884693803e-07,-4.10956582929594e-07,-7.05386641717479e-08,4.66007664030925e-07,1.52923685606099e-07,-1.55222316926082e-07,-1.56232545786764e-07,-3.96140413389803e-08,1.36641951540004e-07,-4.31237427483591e-09,1.20772482779177e-09,2.76969466555573e-07,1.05720255352597e-05,-4.30498453519909e-06,-7.04519271233516e-06,4.46641432989227e-08,-7.1356032697611e-09,-8.70026814909307e-08
"north_west","p_NC_weekend_65_79",7.80463515780513e-08,1.31116515309605e-07,-1.16145877663834e-08,7.82581799868254e-10,-4.80925332495667e-09,2.36690976808964e-09,2.20768540210062e-09,-3.57432093425507e-09,3.77900533572786e-09,-5.95145986977451e-09,2.56695562438884e-09,-1.47468115168904e-09,1.49694601907009e-09,-2.6771664886296e-09,7.5138178117081e-09,1.14059404094837e-09,2.48046436513045e-09,-9.16903224544882e-10,1.12994368790555e-09,3.90992009572367e-09,1.53016947762715e-09,1.15617965493108e-09,2.24286047101666e-09,5.82231509108905e-09,1.90750648929661e-09,3.73547919774165e-09,2.1110666747058e-09,4.91709802996035e-09,2.01985626154664e-09,2.64399263272372e-09,7.9554950835502e-09,-5.07929593231753e-09,2.20917887685864e-08,-1.91914651319576e-08,-6.41456781461247e-10,2.93221672512823e-09,-1.03749982881945e-09,2.4456988840744e-10,4.06907023149146e-09,-1.54043455769926e-09,2.636534268059e-08,5.44602941434051e-08,-7.64949786251269e-09,-5.39662978228999e-09,-1.88868674886083e-07,-6.02105948949847e-08,-7.22669750086275e-08,6.27757823543593e-08,2.30659719718891e-07,5.67870354038974e-08,-1.45416307862042e-08,-1.32122856111067e-07,-3.69199243147509e-08,-3.73274861361379e-09,-1.18443770764657e-08,2.21478908711854e-10,-7.3418634856266e-08,4.43065234208876e-10,1.60223344836356e-10,3.80375226540535e-10,4.48264574810795e-10,3.26446839522863e-10,1.10906979242473e-10,2.91622885368368e-10,5.89717784087809e-10,9.45822771783274e-10,5.92990853137759e-10,-8.76228532244134e-08,-2.81289193777628e-07,2.9400302160612e-07,3.0133710923896e-07,1.70549386119322e-07,-1.82688644184813e-07,-5.71772866786458e-08,-1.55966700334693e-07,3.74475260424317e-07,8.29130950055085e-09,4.17965089407297e-10,6.0427429206388e-08,7.70666879698654e-06,-5.80044085567318e-06,-2.44584610703034e-06,5.93349705223696e-08,-4.76920867375928e-09,-2.00469925871981e-07
"north_west","p_NC_weekend_80_plus",2.73635385242591e-07,-4.24927749512219e-07,-6.66894883772463e-08,8.837683390749e-09,-2.50321611351971e-08,2.72836186375641e-09,-3.68823411265469e-10,-1.02878470983768e-09,-1.99546901120758e-09,-3.4250411432129e-09,-1.48574824038144e-09,-5.29670998734279e-09,3.48248047751977e-09,-1.5685342329425e-08,1.64003355650832e-08,3.60697497171553e-08,1.5655461201867e-09,3.28079203627155e-09,1.14187255840469e-10,7.21857129121786e-09,5.50931756667046e-09,3.08347017711165e-10,1.28647272731485e-08,5.48861692268045e-09,8.92011754265477e-09,7.1499600107065e-09,4.5195206803998e-09,2.06311533968422e-08,-7.07558448435083e-09,3.36931521963042e-09,8.37384880743274e-09,3.88732738251065e-13,3.25535730733446e-08,-6.14713638216908e-10,-3.96061410233253e-09,9.45049654435252e-09,-2.08559417563054e-10,1.07948442522055e-09,-4.01877859275595e-09,-7.80773535636073e-12,4.98684948959837e-08,3.36345619701082e-07,-2.64148814866477e-07,3.7962193610107e-07,-1.79444936227664e-07,3.71242616425753e-07,1.91677500836761e-07,6.26783971936162e-07,1.12146815177751e-07,-1.2448221467148e-08,-6.34509005928554e-08,-1.94676239448209e-07,3.8990344077036e-07,-1.42506116639575e-07,-6.70888579582914e-08,9.69131656833601e-09,-1.44898506421455e-07,1.54571350980592e-09,-2.77940800049024e-10,4.63845654698003e-10,1.29602602742794e-09,7.33726463872027e-10,3.22008535644034e-10,7.04666363605432e-10,1.30691207414582e-09,5.92990853137759e-10,8.71970851086531e-09,-2.73351635529303e-07,8.59113785413864e-07,-8.25382411759642e-07,6.31624611728344e-07,-4.05244934327114e-07,-7.64710409592459e-08,-2.29648083782995e-07,1.91935549957995e-07,4.4955281774223e-08,-5.27999476312635e-08,1.49384349426143e-09,5.32193363310564e-07,1.35055543260187e-05,-1.4261211998328e-05,-7.97193809483973e-06,1.43706160837126e-07,-1.01828238288522e-07,-3.01022760729581e-07
"north_west","p_W_D",3.98303156416697e-05,-0.000141035072735122,-4.49230305148854e-06,-1.65873589265571e-07,4.33457958293014e-06,-1.50276810447685e-06,4.62440673284338e-07,-1.43298501533526e-06,-3.21128822874835e-06,7.03111408038192e-07,-1.96997288113165e-06,-1.38121885072716e-06,-1.38044622260962e-06,-1.16558846303298e-06,6.1555507186663e-07,-1.34865323626968e-05,-1.82323729238361e-06,3.92091611181501e-07,-4.52637856775093e-06,8.62944598785611e-07,-2.61470099911305e-06,5.21174279174429e-07,-1.77606401743964e-06,-4.33851621609178e-06,1.49024652703857e-06,-5.21046147858834e-06,-4.08724748676177e-07,1.30891639395282e-06,-6.31097310127596e-06,-2.26611468067212e-06,-4.28261001238223e-06,1.80497058392994e-06,-3.36641561155071e-06,-1.36044310929199e-06,4.96963663729268e-07,-9.16963891384057e-07,-8.49868278213665e-07,1.15061434503349e-06,-4.09791013285696e-06,2.1789134392756e-06,-0.000128520522245233,-9.46746443198981e-05,2.80028100409787e-05,0.000144044560483638,0.000133360532382613,8.53306633730412e-05,9.73260165386141e-05,0.000189328040921207,0.000171454975292925,6.60806681308323e-06,2.54300694460372e-05,4.22926117684476e-05,0.000156136528651207,5.23316049473984e-05,2.29675420935108e-05,1.07438813714406e-05,-0.000196905042765078,-8.43025926736568e-08,3.20610290400988e-07,-3.3899059318015e-08,-1.61935648793178e-08,4.65109236886912e-07,2.14485183610084e-08,1.30910749791367e-07,-2.74978884693803e-07,-8.76228532244134e-08,-2.73351635529303e-07,0.00154801395064371,-8.08778613888588e-05,-0.000109307981066265,-0.000125428361959489,-0.000276649084025964,-1.14716382421178e-05,-7.82759615730872e-05,0.000258621910424304,-9.95404952420601e-05,1.1496170672945e-05,-5.6791000100072e-07,-1.55962861221378e-05,0.00233736209839561,-0.000948579529045091,0.00155456934837592,2.8061521446065e-05,2.55194647571824e-06,4.09844528892105e-05
"north_west","rel_p_D_alpha",0.000113891206800235,-0.00039355672005442,-4.77649273219734e-05,8.3648037276418e-06,-8.19548354094462e-06,-1.94708811235472e-06,1.56847458213721e-06,2.04757132512536e-06,-3.79552839142735e-06,1.44134535633897e-05,5.03446533966919e-06,3.27183893110548e-06,4.61805256347227e-07,1.53939422451492e-06,7.68549210212227e-06,1.10806439438448e-05,5.76771248604967e-06,7.57282740261068e-06,1.18780986313043e-05,-1.67752009225254e-06,3.74399845804808e-06,1.17767648562886e-05,8.41407587656154e-06,4.04018569927419e-06,1.43384166507894e-05,5.3647476678013e-06,-5.10831649596898e-06,1.51456618738927e-05,1.63526944575481e-07,-1.93292563913039e-06,-9.14923412029543e-06,1.44314039756673e-06,3.51567121895963e-06,7.09232342101386e-06,1.43424788072213e-06,3.04538731009387e-07,-3.95695146766554e-06,1.03167799573047e-05,-2.177101796706e-05,7.55018423633978e-06,4.70439565772802e-05,-0.000437779409714002,-0.00178517236761683,-0.000700223572280523,-0.000111635659372913,0.00138222029061932,0.000461574705144504,0.000478732026455289,9.71212305921607e-06,-4.61357650513718e-05,-0.00019045675687571,0.000141449401040895,0.000406228432145728,-0.000118893706609655,-2.56304784466021e-05,1.18714738434067e-05,-0.00014285633935847,8.87251518938781e-08,3.14266231782278e-07,2.66039566713759e-07,5.9488020271781e-07,1.9297433659962e-06,-1.61109451382535e-07,1.48263507631316e-07,-4.10956582929594e-07,-2.81289193777628e-07,8.59113785413864e-07,-8.08778613888588e-05,0.00651552271090287,-0.00224215867959838,-0.000400694978213042,-0.00135626006693503,0.000412135828744538,-9.96464986494972e-05,0.00114990757541743,-0.00117733592824695,6.65765810342527e-06,-7.1433645550543e-07,0.000313114180286716,0.00158027925245126,0.00171678078151481,-0.00269627400924275,-0.000111101903470776,-0.000232684581949212,0.000265505027682247
"north_west","rel_p_D_delta",-0.000114143108344471,0.000425595385815847,3.98606946677334e-05,-1.0656642812654e-05,7.64777707205047e-06,1.65788284166851e-06,1.66419544191266e-06,-4.49052524494171e-06,1.90260949081278e-06,-1.18433956347811e-05,-2.91549688415286e-06,-1.84088103878151e-06,-2.44665348688679e-06,4.35101693453456e-07,-4.98531193227499e-06,8.48558529313254e-06,-1.34774416077606e-07,-4.87808548941459e-06,-2.12126109044848e-06,-4.95396866851687e-06,1.18994546396743e-06,-6.44349393152928e-06,-4.4186443876953e-06,-3.22418912592818e-06,-7.34021587122524e-06,9.55419224466469e-07,-3.75089958099254e-08,-1.38652883667942e-05,7.29238231119878e-06,1.12511742402496e-05,6.48652828413778e-06,1.46425062065567e-06,-3.34858881368741e-07,6.60639732323145e-06,1.59931116847522e-06,-4.12748341426794e-06,6.41095091740197e-06,-1.22067804121095e-05,2.36133814269361e-05,-7.95937741410266e-06,2.61758147488218e-05,4.55247255188192e-05,0.000615856905319502,-0.000494297645728659,-0.000467937998823308,-0.000588348631858663,-0.000276999365796962,-0.000133283599025346,0.000672520920213953,4.8388245477244e-05,2.93200585568104e-05,-7.39601524123775e-05,-0.000476659805653828,8.41915094142183e-05,3.26226427144363e-05,-6.28331823741822e-06,8.09481618513135e-06,-2.94084983568547e-07,-1.72833190361665e-07,-5.55947261971331e-08,-5.30926978217767e-07,-1.59971136217734e-06,1.4440953969236e-07,-4.83794575582149e-07,-7.05386641717479e-08,2.9400302160612e-07,-8.25382411759642e-07,-0.000109307981066265,-0.00224215867959838,0.00235701001124693,9.55657797230224e-05,0.00053418779007441,-0.000356394624889202,0.000106539717637244,-0.000543987503197228,0.00107858925911478,5.03542116069954e-05,2.70332275652871e-07,-0.000641723745198998,-0.00166447157449676,-0.00100107231791022,0.00269315040139553,8.97374837759977e-05,2.36009286458963e-05,-0.000236320857622466
"north_west","rel_p_D_omicron",-6.22968865743869e-06,-2.11897830162682e-05,9.81899498986841e-06,1.70962716831811e-06,-7.59492541111079e-06,1.17500179372782e-06,-3.47669993624829e-06,1.2423483849169e-06,-2.84888447045045e-06,-4.66809426068043e-06,-3.79110261761887e-06,-2.18791244716703e-06,-9.61985780862757e-07,-5.72645895684996e-06,2.88234449109064e-06,1.68817424184457e-05,-1.42051712177129e-06,-3.51804850806616e-06,-5.61081849617669e-06,1.31902043433664e-06,8.28518607744959e-07,-7.34104429213052e-06,-9.22269098947787e-07,1.54586352665927e-07,-2.1705104617884e-06,-5.74298121716113e-06,1.39442183509004e-06,-2.45182102056604e-07,-6.08062993239386e-06,-1.3217705629315e-05,2.60018938093424e-06,-1.09862147205829e-05,-2.25344925341785e-06,-3.84542134545378e-06,-3.50872106570617e-08,-1.19723836365282e-06,4.52214284087456e-06,-4.21145486451085e-06,4.72133710529524e-06,-2.59240496923179e-06,-6.82796324346588e-05,0.000131268616877493,1.9868861260292e-05,0.000122987658144079,-0.000720607691772059,-1.10080769046728e-05,-0.00010705889523151,0.000188806341117887,0.000284660852325885,4.00772881668612e-05,-1.03407375346139e-05,-7.65396924359919e-05,0.000130083654444635,2.15476672972646e-05,4.54431440127016e-06,-1.0357958655106e-05,-2.46678515906958e-05,3.72520657674257e-07,-1.31812956520334e-07,1.82519065982607e-07,2.18114989211378e-07,-4.93584746572359e-07,1.90505362260303e-07,-6.12809382642445e-08,4.66007664030925e-07,3.0133710923896e-07,6.31624611728344e-07,-0.000125428361959489,-0.000400694978213042,9.55657797230224e-05,0.00107565717985451,0.000108443263814499,-0.000216414395725112,-0.000264634960368262,-9.02104291844216e-05,0.000534866650210045,1.08162719673548e-05,5.8601104650099e-07,0.000433529919526974,0.00677335666818146,-0.00048767150692686,-0.00187273895155845,8.59223837989571e-05,7.67903166935071e-05,2.88964824074039e-05
"north_west","rel_p_H_alpha",-4.46768012670593e-05,0.000141024880161414,1.23025596891721e-05,-4.66212860557976e-06,3.31777093589539e-06,2.09105751471413e-06,-7.48663234228885e-07,1.18245685461953e-06,3.71322975908133e-06,-5.4146691962067e-06,3.02959940664714e-06,5.54461136563325e-07,1.32743782823243e-06,3.15373285778068e-06,-4.19521290861452e-06,6.77425659248817e-07,-3.45336107357239e-06,-1.41633024850419e-06,-1.26360972914051e-06,-3.04587459396028e-06,-5.50006283069184e-07,-3.50492392972312e-06,-1.54857588344401e-06,-5.06659569647653e-07,-4.37277807279808e-06,-1.19174077019045e-06,2.98567573452642e-08,-3.18730882565543e-06,-1.40544052055407e-06,1.29993560946712e-06,5.38526787161042e-06,-3.49040430167261e-07,-2.5977802463433e-06,1.17861265723678e-05,1.11219294909402e-06,-1.32981794957365e-07,1.30464133670423e-06,-3.12822905210372e-06,9.01525010558957e-06,-1.4920752843053e-06,5.87887084002967e-05,8.829596014004e-05,0.000285515752436619,-6.49296549363352e-05,-0.000145441417025272,-0.000574105626915482,-0.000383890771239249,-0.000508512694749019,-0.000396070798421764,1.10996561779006e-06,1.89172355713436e-05,-0.000147878746739562,-0.000129204644238815,1.57422102579546e-05,-1.92453053291595e-06,2.77929042823659e-06,9.89516056493471e-05,-1.33607053734788e-07,-1.13333931946205e-07,-8.56002048848096e-08,-1.83734422391499e-07,-3.7299564107357e-07,6.42276303599905e-08,1.32776327270806e-07,1.52923685606099e-07,1.70549386119322e-07,-4.05244934327114e-07,-0.000276649084025964,-0.00135626006693503,0.00053418779007441,0.000108443263814499,0.00124220501965264,-0.000218933231011834,-5.47641672621807e-05,-0.000857693926592422,0.000326776923429255,-3.8775569067885e-06,6.30884080443897e-07,-0.000475835878778689,-0.00376897373920492,-0.00266120089869151,0.000121203531497973,1.03366984891931e-08,0.000139021042721524,-0.000140598672532384
"north_west","rel_p_H_delta",-2.04604063559758e-05,5.88368239422231e-06,-6.66540439791669e-06,1.1036389867249e-06,2.41001514414579e-06,-4.86467145981786e-07,1.07403838624112e-06,7.61963834361748e-07,3.08048969980509e-06,2.97723087119635e-06,3.85372567191698e-06,2.12876999346427e-06,1.12572624014747e-06,5.04132685718532e-06,-9.56403679151192e-07,-1.77057369213705e-05,3.77853958438304e-06,4.0887365669393e-06,3.33905231945583e-06,5.18119167013737e-06,2.22931726462913e-06,5.71319103316075e-06,3.55394167289645e-06,4.95759682590302e-06,3.76572047806573e-06,7.09172564676487e-06,6.69154511746263e-07,3.20648684250081e-06,7.74195814453776e-06,4.29990337822254e-06,7.55010977640434e-07,3.00482327887319e-06,1.76583930538664e-06,2.15674457564419e-06,-7.30005276900108e-07,1.17633699225563e-06,-1.38865050734162e-06,9.68362242642827e-07,-1.96212927066757e-06,2.0592522392519e-06,2.71865024831842e-05,-5.37889858304223e-05,-6.39130069111708e-05,-7.19676992140616e-05,0.000125738030112931,2.76945042635602e-05,0.000199878881194384,-0.000286629442545794,-0.000375644890104799,-1.75090691021021e-05,-6.55870094411464e-06,3.05437498965016e-05,-2.72815030472942e-06,-2.17803655167988e-05,-5.80256571399864e-06,2.87695552107536e-06,0.000145025191851166,-1.7706623541358e-07,2.02037090572824e-07,3.61426486587789e-08,-1.81759745673877e-08,9.02332597119238e-08,-1.23770681958577e-07,-3.69167833827932e-08,-1.55222316926082e-07,-1.82688644184813e-07,-7.64710409592459e-08,-1.14716382421178e-05,0.000412135828744538,-0.000356394624889202,-0.000216414395725112,-0.000218933231011834,0.000378081979145776,3.85903023805631e-06,0.000143527962360987,-0.000630232037352881,-5.67963172078549e-06,-1.28377529358501e-07,0.000126086554628004,-0.00503248502590008,0.00240316683998362,6.51432962658989e-05,-6.63060137179686e-05,-0.000120495114334051,5.33290833476769e-05
"north_west","rel_p_H_omicron",-2.40811062895053e-05,-3.28355139915693e-05,-1.03289402168528e-05,6.78299983424216e-07,-2.80716005661323e-06,2.99143754955938e-07,-3.48759128346638e-06,3.92014539910483e-06,-2.94322197758515e-06,7.45865963661991e-06,-3.70476281650859e-06,8.76285826427253e-07,5.20046590164446e-07,1.02485041460141e-06,-5.35195487471254e-06,-5.93363694194157e-06,-5.25859817140563e-06,-1.56874635521734e-06,-5.01009370245474e-06,-3.81229388250107e-06,-1.3377688803296e-06,-5.0221738874334e-06,-3.04890300302298e-06,-6.09875715125934e-06,-3.52496327768529e-06,-5.20999145433958e-06,-1.10407942503711e-06,-3.53483811566195e-06,-5.66177805928329e-07,-5.11071268763315e-06,-5.72557870334622e-06,-8.87774459109635e-06,-6.6120096319747e-06,-1.94110412082254e-06,1.01721868799461e-06,-1.64684009703303e-06,3.18199789878564e-07,3.26664266239462e-07,-1.80422143059843e-06,6.79736009016311e-07,-4.34408826772839e-05,-5.48746031802873e-06,3.52952070195574e-05,-3.70667661986335e-05,0.000100428909345487,7.70004502576503e-05,-3.91148960681329e-06,8.97092254802684e-05,-3.47285554652498e-05,5.16968032740059e-06,1.25226012873439e-05,4.14180597133105e-05,-0.000936537312261668,1.71972731477888e-05,9.28667014631849e-07,-7.28868560156011e-06,3.11056209929928e-05,2.76733034012209e-08,1.7270257581954e-07,2.71691096184867e-07,-5.73606845337582e-08,-1.63310739376943e-07,2.43716566568565e-08,5.63888970211099e-08,-1.56232545786764e-07,-5.71772866786458e-08,-2.29648083782995e-07,-7.82759615730872e-05,-9.96464986494972e-05,0.000106539717637244,-0.000264634960368262,-5.47641672621807e-05,3.85903023805631e-06,0.00109185775291185,2.49993503865935e-05,0.000112878534652647,-1.49424205906315e-05,-2.73215796788949e-07,-0.000368453966898507,-0.00416396246596966,0.00632605471853944,-0.00128200771225703,-3.29680332100596e-05,0.000169924630736387,0.000117576013924149
"north_west","rel_p_ICU_alpha",4.06863138151415e-05,-0.000168382922511391,-1.4180422269475e-05,4.38161348858609e-06,-2.72959311737811e-06,-1.73197303455869e-06,1.55425711854822e-06,-1.31283932741077e-06,-2.59042367472585e-06,3.10052438597908e-06,-1.07834920443812e-06,-1.32276301802328e-06,-5.28462092652077e-07,-3.2882203549204e-06,5.63285988217179e-06,6.70296178695388e-06,3.27272275379246e-06,1.50744559621927e-06,4.28347462853709e-06,1.1375657196497e-06,2.92497119385353e-07,4.639845534609e-06,7.44122115373651e-07,1.97230580303368e-06,4.42165655062491e-06,1.7398023399003e-06,1.06408318050757e-07,3.74009830389109e-06,9.96029608946853e-07,-8.92214994084778e-07,-4.73022876314165e-06,1.90266242886674e-06,1.81930049999295e-06,-2.56688993411253e-06,-6.89339440904592e-07,1.16165477447065e-06,-2.37521449715449e-06,4.28071404210226e-06,-9.06382728740579e-06,2.06333159004878e-06,-8.73109825891759e-05,-6.09407064816582e-05,-0.000211733579815077,0.000110634978477157,0.000129437876716687,0.00050504208700796,0.000354706865979395,0.000400405357262733,0.000262709359013024,-5.65520209074454e-07,-1.44978197539137e-05,8.62602916020051e-05,0.000126705069553061,-2.26099509318062e-05,2.56654062458089e-06,-2.38631843908676e-05,-0.000124717530722164,7.29406571670724e-08,-5.06492349279755e-08,-8.10876560083977e-08,1.59190994878897e-07,7.54466959081555e-07,-1.40706980515881e-07,-8.95996996892698e-09,-3.96140413389803e-08,-1.55966700334693e-07,1.91935549957995e-07,0.000258621910424304,0.00114990757541743,-0.000543987503197228,-9.02104291844216e-05,-0.000857693926592422,0.000143527962360987,2.49993503865935e-05,0.00117069988167812,-0.000548880650603776,-7.65704142953181e-06,-1.1465881346194e-07,0.000229585867958981,0.00471790813095899,0.00102013657902156,0.000111345224194407,7.62417921147725e-06,-0.000150234370068698,0.0001081822544308
"north_west","rel_p_ICU_delta",6.5396743260969e-06,2.54400212482163e-05,3.22898870404625e-05,-3.63233104299498e-06,-4.06917114572191e-08,-5.65812740861038e-07,-2.22941497285971e-06,-7.96686372425953e-07,-7.66818274538006e-06,-7.85333614004658e-06,-1.24215704013924e-05,-3.78444429104013e-06,-4.05242318110929e-06,-7.85866162678979e-06,-5.1306488596292e-06,4.14075548651041e-05,-9.65788314269624e-06,-1.03749850236791e-05,-1.20640976107904e-05,-1.25754213665144e-05,-3.96037529507895e-06,-1.81308067366406e-05,-9.55869180243864e-06,-1.53797629736276e-05,-1.22479694089519e-05,-1.8095249758934e-05,-1.66742325354749e-06,-1.42588694324482e-05,-1.57823298476777e-05,-1.07511461279731e-05,-5.81377446468674e-07,-1.14629524559752e-05,-9.00594350438992e-06,-6.07656006865913e-06,2.63160258029587e-06,-6.61245822963341e-06,8.01173589618372e-06,-7.82584625745762e-06,1.13523452797801e-05,-5.27896059756165e-06,-9.88185608190014e-05,5.1300202055248e-05,0.000155383131061464,1.54942477583465e-05,-0.000417212503267494,-0.000136920194259294,-0.00043600228798929,0.000608963500832685,0.000902449556110303,4.10735475457313e-05,2.46005896735978e-05,-7.36182835678163e-05,-0.000299845048672513,0.000127456668044701,3.17639446187437e-05,-7.95077626445373e-06,-0.000200409458830544,2.20249127167805e-07,-2.59412258229989e-07,1.29342185041894e-07,-1.71545002298913e-07,-1.37038879711108e-06,4.01420315873153e-07,-2.72034161539928e-07,1.36641951540004e-07,3.74475260424317e-07,4.4955281774223e-08,-9.95404952420601e-05,-0.00117733592824695,0.00107858925911478,0.000534866650210045,0.000326776923429255,-0.000630232037352881,0.000112878534652647,-0.000548880650603776,0.001762754567497,1.61716748950029e-05,-1.20438837091373e-07,-0.00105157676264659,0.00572050670181596,-0.00213382181101133,0.00228246604241532,0.000160696763915631,0.000318660933563031,-9.50334794427371e-05
"north_west","rel_p_ICU_omicron",7.23277351214368e-07,9.00026211689047e-06,1.24845163204941e-06,-2.09422337447532e-07,3.28870763316151e-07,-1.10431339775644e-07,4.08347881525917e-07,-5.73510598593077e-07,3.76037224660753e-07,-8.33336181872652e-07,3.54753556760844e-07,-2.33424511300379e-08,-1.65016766252196e-07,-4.83533628339556e-08,3.49466591558063e-07,-5.50586877411999e-07,3.65589375577654e-07,-6.08998403842385e-08,3.06772096221036e-07,1.86745717465855e-07,9.12419947956479e-08,2.00403225705331e-07,-6.73107971538998e-09,2.02064417728133e-07,-5.50956876375289e-08,5.56672275211497e-07,-6.05671218250702e-08,1.73669899912603e-07,-1.20779741774028e-07,-1.2547121188396e-07,4.25071688592761e-07,-2.19355116271645e-07,2.96396914714503e-07,8.63284739693798e-07,7.53792486613485e-08,1.8660539787272e-08,-1.22738189829134e-07,-1.8601412860625e-08,3.60919746186223e-07,-5.80969712788061e-08,5.23976730858404e-06,-1.02911769572246e-05,-1.98237339471102e-06,-2.30449837071476e-05,2.82290753000121e-06,-9.5131744009669e-06,5.21310220601236e-07,-1.12710333967892e-05,4.50350012967899e-05,4.8763214475589e-06,-9.48285838871982e-07,-1.19370865937293e-07,-2.67252522088394e-05,-4.28540864903457e-07,1.40724880601153e-06,-2.40811523041504e-07,3.08587046578108e-06,-1.58955424610516e-08,2.07952455431856e-08,1.26755545649696e-08,4.97827318441592e-09,-3.64319652277878e-08,2.31725118848899e-08,-3.8645645369779e-08,-4.31237427483591e-09,8.29130950055085e-09,-5.27999476312635e-08,1.1496170672945e-05,6.65765810342527e-06,5.03542116069954e-05,1.08162719673548e-05,-3.8775569067885e-06,-5.67963172078549e-06,-1.49424205906315e-05,-7.65704142953181e-06,1.61716748950029e-05,2.9246215542164e-05,-5.244688153748e-08,3.35511467170403e-05,0.000413857989985478,-0.000410066260816342,4.8705422034108e-05,3.95755766821428e-06,-9.56519862503043e-06,-4.87434938579346e-06
"north_west","rho_pillar2_tests",-5.75979901137357e-08,8.98076396336852e-08,-1.8037655498816e-08,-2.68007138856535e-09,-5.7205242560119e-09,7.34561466569407e-09,-1.63258638588679e-09,1.87716433606405e-09,7.30802402359683e-09,-3.94238376179648e-09,2.84409163934826e-09,1.628354719508e-09,4.74694092801163e-09,-1.39379418337424e-09,1.19904519591624e-08,-6.07073086194922e-09,5.98501641053306e-09,2.38417910996324e-09,1.23031517376964e-08,-2.15898047399429e-09,1.00175262927037e-08,2.49264764606499e-09,7.57071614842817e-09,1.22895090264866e-08,6.66723295893363e-09,9.32027768159971e-09,4.88440246699287e-09,1.32182422203967e-08,4.46724332780123e-09,-1.95935731101984e-10,8.12363883552747e-09,-1.13891076062592e-08,3.05429863603287e-08,-3.06448416398236e-08,-1.64136354031959e-09,2.84435674865217e-09,5.85803893613635e-09,-1.05968753807005e-08,1.89622174267126e-08,-4.05480431262385e-09,2.51992839044059e-07,3.83800170565489e-07,2.92026567818556e-07,1.42152467964239e-07,-4.04248467412369e-07,-4.4133980068021e-07,-1.05895551741777e-07,-2.7016563954098e-07,-2.9147875125184e-07,4.80478418205911e-08,-4.03928898597917e-08,-1.6147533843703e-07,2.44228296921966e-07,-2.33678146503574e-07,-5.90638765491979e-08,-1.529017123174e-08,-7.38553982040593e-09,4.37678706235085e-10,-5.35758978959128e-10,-2.27550709955334e-10,5.0316066956407e-11,-8.72038084152157e-10,-5.55146047445281e-10,-2.40376507605243e-10,1.20772482779177e-09,4.17965089407297e-10,1.49384349426143e-09,-5.6791000100072e-07,-7.1433645550543e-07,2.70332275652871e-07,5.8601104650099e-07,6.30884080443897e-07,-1.28377529358501e-07,-2.73215796788949e-07,-1.1465881346194e-07,-1.20438837091373e-07,-5.244688153748e-08,9.0925093565575e-09,-1.20751847555189e-06,6.02009092216243e-06,-3.51589511339811e-06,-3.9074449428866e-06,-1.71102258569153e-08,-8.73682192383573e-08,-7.52513612422482e-08
"north_west","seed_date_alpha",9.52198912872527e-05,0.0001232377899873,1.11841812927475e-05,2.02002633098464e-05,-2.20534575262486e-05,3.32252772908817e-06,1.11229186032011e-05,-8.37306956782343e-06,1.53735069236279e-05,-1.38849273441568e-06,7.98817575352238e-06,-8.31336689979415e-06,-5.26275395832164e-06,-1.95932887354008e-05,1.63729683084639e-05,4.67295719986429e-06,2.00458946066725e-05,-1.68659640272579e-06,2.93204055769148e-05,-5.59848673402731e-06,8.58453373707758e-06,9.96667704591237e-06,1.22321018962725e-05,1.2465664988473e-05,1.28803710299787e-05,9.84559571059666e-06,-1.80809974665756e-06,2.11772947819764e-05,-1.6469558444397e-06,9.38981764343352e-06,5.91219816364989e-06,7.52207972134458e-06,4.65342310648487e-05,-5.34186448075868e-05,-1.20715705934638e-06,3.11867288155085e-06,-9.30050116533382e-07,7.43032804282308e-06,-9.68835545516074e-06,-8.08307549031873e-06,1.87905509669831e-05,0.000438325230288241,0.000205575854732098,0.000391994209790885,0.000209034523102406,0.000561243952419578,0.000288385703287643,3.27972696626192e-05,-8.46973998507018e-05,2.90428908917429e-05,3.38637642310984e-06,0.000127212422164036,0.000559849521419112,-0.000173266720658976,-6.41058322231459e-05,3.98040029399578e-05,-0.000313516898415889,6.04242352650231e-07,-3.61329034681012e-07,-1.01167916112532e-06,4.8853686848667e-07,2.29962642878674e-06,-6.027997626699e-07,8.58244438316968e-07,2.76969466555573e-07,6.0427429206388e-08,5.32193363310564e-07,-1.55962861221378e-05,0.000313114180286716,-0.000641723745198998,0.000433529919526974,-0.000475835878778689,0.000126086554628004,-0.000368453966898507,0.000229585867958981,-0.00105157676264659,3.35511467170403e-05,-1.20751847555189e-06,0.0444336576779952,0.0164529840130104,-0.0145703790939762,-0.00863525835890894,0.000291332543006085,-0.000797628168491061,-0.000165657096130735
"north_west","seed_date_delta",0.0035582663261646,-0.000733627747418032,-0.000383412237380788,8.70958204495051e-05,-0.00011741273969495,1.65856276607889e-05,0.000125453854204651,-0.000142185877519605,2.00196057860454e-05,-0.00012816185591383,6.40681132597339e-05,-8.34793163196235e-05,1.78797064436992e-05,-0.000242387385001493,0.000399582873243055,0.000101468847804215,8.41277167731968e-05,-0.000113046107685057,0.000145171158727054,3.91663643270791e-05,-9.3650593536731e-05,4.78807305731542e-05,-5.65335580636517e-05,5.17679054671915e-05,1.91233475959541e-05,-6.50542319571722e-05,6.27125967633994e-05,0.000114157659070488,-0.000246723683771978,-0.000151134624646542,5.7629929276913e-05,-0.000122045545400575,0.000472241827420851,-0.000752378553741462,-4.31008143807461e-05,7.11024902934045e-05,-2.18104029395533e-05,6.74937236460804e-05,-4.16452939466819e-05,-5.49786513526671e-05,5.92398583297068e-05,0.00196222238924609,-0.00106726120003783,0.00540115283938604,0.000305862206398552,0.00470313409038914,0.000840298279270972,0.00813070258890825,0.0101911943339244,0.00133712234687653,-0.000153231098906397,-0.00111924733017301,0.00504835157191807,-0.000216484122248711,-0.000236092828046231,8.03639710229502e-05,-0.0055244068510526,6.87614337131115e-06,-5.44402685201787e-06,-7.42586339526295e-06,6.37676256287509e-06,1.338368232005e-05,-3.07195688268572e-06,2.68386504758989e-06,1.05720255352597e-05,7.70666879698654e-06,1.35055543260187e-05,0.00233736209839561,0.00158027925245126,-0.00166447157449676,0.00677335666818146,-0.00376897373920492,-0.00503248502590008,-0.00416396246596966,0.00471790813095899,0.00572050670181596,0.000413857989985478,6.02009092216243e-06,0.0164529840130104,0.51129724127997,-0.212286046320597,-0.0422819777895583,0.00176589138337753,-0.000325204535121468,-0.00223823543062218
"north_west","seed_date_omicron",-0.00370734688126353,-0.00102479256682473,0.000126079792159558,-7.29579976907263e-05,-1.38349085331608e-05,-1.95967054077004e-05,-0.000100430426258078,0.000152108974427665,-2.22962684028354e-05,0.000196343978987288,-1.02952420748456e-05,9.02920907501572e-05,1.92607256326534e-05,9.87632698802497e-05,-0.000104911782209094,-0.000193903588752577,1.98265438702433e-05,0.000122197114612763,-0.000152459338006316,0.00018453605701435,0.000103603539015564,-2.30530090324983e-07,0.000135704032722158,1.88755204864141e-05,0.000101855042260891,7.24710731145816e-05,-7.00162232074359e-05,6.70344976949988e-06,0.000359527822023943,-0.00042364972642113,-0.000192957346256683,-0.000330773880201269,-0.000593367781847206,0.000226251033375476,5.80443663945e-05,-0.000127665514739652,0.000125394480645739,-0.000109949625263129,2.25777562469653e-05,3.21452506719996e-05,0.000311397075622068,-0.000345517147797529,9.92995131611005e-05,-0.00269892122047843,-0.00333921426931411,-0.00134915394995098,-0.000475559837840605,-0.00199131804592625,-0.0045158520036937,-0.000636271451467492,0.000217967641358828,0.00197148652360326,-0.00494059138016595,0.000485715462268337,2.88081884541803e-05,-0.000281806771497505,0.00284129582929235,-4.57952164030055e-07,6.29640812455824e-06,8.01226110624819e-06,-8.55803480013089e-07,-3.17618422627262e-05,3.3998337713941e-06,-3.08922983744942e-06,-4.30498453519909e-06,-5.80044085567318e-06,-1.4261211998328e-05,-0.000948579529045091,0.00171678078151481,-0.00100107231791022,-0.00048767150692686,-0.00266120089869151,0.00240316683998362,0.00632605471853944,0.00102013657902156,-0.00213382181101133,-0.000410066260816342,-3.51589511339811e-06,-0.0145703790939762,-0.212286046320597,0.501796554910227,-0.0108489236873497,-0.00245741067920482,-0.000989956969081403,0.0125144277299635
"north_west","start_date",-0.00063060932049046,-0.000461471607656991,0.000320028207168645,-6.8807893281817e-05,0.000335503472074708,-1.61553681764524e-05,-2.25742642190698e-05,-4.72465484825773e-06,-2.8689611539546e-05,-4.17720574418556e-05,-1.0044821669305e-05,-3.3133168837212e-06,-3.13378491249864e-05,2.39435455187842e-05,-9.52624618932549e-05,0.000411788209886116,-3.31291986962037e-05,-4.19540427274266e-05,-3.30754765708083e-05,-7.19026790990227e-05,-3.86826449025776e-05,-6.63056700624048e-05,-5.58382289260483e-05,-0.000114665128169609,-6.35831854565478e-05,-9.9297079261211e-05,-2.56143271695326e-05,-0.000111149946037781,-9.0871777839785e-05,7.16654645628486e-06,-2.13308616475262e-05,5.57595217206825e-05,-0.000211547042614775,0.000219392149639324,1.64992417471447e-05,-6.09181883517913e-05,3.44126166987736e-05,-4.41594613242244e-05,3.58287602939491e-05,-2.37764718923209e-06,-0.00191736443555,-0.00208178774370638,0.000458487612112239,-0.00143348408101126,0.000649607259023568,-0.000795357425997776,-0.000277040808300572,-0.0001165032605771,0.00150377000670923,-0.00030262267423755,0.000243152791438801,0.00074271289854838,0.000446691775700669,0.00139555676464926,0.000327910308640512,-5.33928253906265e-05,0.000352605585827954,-3.78713022825434e-06,1.63523502677294e-06,-3.88796617860709e-06,-6.30674264427206e-06,-6.38400405010273e-06,2.67870089578691e-07,-4.48702693587015e-06,-7.04519271233516e-06,-2.44584610703034e-06,-7.97193809483973e-06,0.00155456934837592,-0.00269627400924275,0.00269315040139553,-0.00187273895155845,0.000121203531497973,6.51432962658989e-05,-0.00128200771225703,0.000111345224194407,0.00228246604241532,4.8705422034108e-05,-3.9074449428866e-06,-0.00863525835890894,-0.0422819777895583,-0.0108489236873497,0.159728270826344,7.24725905185285e-05,0.000987176230443259,-5.86062550143282e-05
"north_west","ta_alpha",2.30186367019929e-05,-2.37414064468781e-05,1.68459636800279e-06,7.61798553235432e-08,-1.13147423017384e-06,-6.28924065401605e-07,6.23620192745014e-07,-1.05576186076395e-06,-1.4530324791143e-06,-3.05246318670926e-06,-2.20149014605045e-06,-1.50704313239936e-06,-1.00166099845848e-06,-2.09187189728508e-06,-6.1138506584465e-07,7.1749458461032e-06,-1.54839448096815e-06,-2.13394881784594e-06,-1.11874667724088e-06,-2.86941403374201e-06,-1.04531332928058e-06,-2.86469297868834e-06,-2.00060212811871e-06,-2.90974002251612e-06,-1.62004936616489e-06,-3.61487571499785e-06,3.81442737613184e-07,-2.11071075510858e-06,-4.39405935124271e-06,-2.60679460068558e-07,2.27597281989642e-07,-4.03479321548281e-07,9.03108105559154e-07,-1.93721348062241e-06,-1.34952962280318e-07,1.01095579233272e-08,6.27758842686693e-07,-8.06150942631825e-07,9.89985641851646e-07,-1.91861333442664e-07,-2.53471704665899e-05,3.7318493342468e-06,1.38349555837075e-05,3.60504826051068e-05,-4.1424980311782e-05,2.98926311595391e-05,-2.80538379665793e-05,0.00010632362984523,0.000141955394766713,4.65258612422471e-06,3.40089090096837e-06,-1.96120263555352e-05,2.29357034996575e-06,1.74687683348416e-05,3.61389303119459e-06,-3.82773352318661e-07,-4.90115122110101e-05,4.07940775195784e-08,-7.29472397921768e-08,-4.14879871917342e-08,-4.15329204321757e-09,9.53053826100761e-08,4.73401020060626e-08,-7.76695586949299e-09,4.46641432989227e-08,5.93349705223696e-08,1.43706160837126e-07,2.8061521446065e-05,-0.000111101903470776,8.97374837759977e-05,8.59223837989571e-05,1.03366984891931e-08,-6.63060137179686e-05,-3.29680332100596e-05,7.62417921147725e-06,0.000160696763915631,3.95755766821428e-06,-1.71102258569153e-08,0.000291332543006085,0.00176589138337753,-0.00245741067920482,7.24725905185285e-05,5.1221892011533e-05,3.5356140748945e-05,-5.97341317301062e-05
"north_west","ta_delta",-1.10354232028011e-05,-4.17912526322482e-05,-5.91028741743318e-06,1.27553539073097e-06,5.84811795849822e-08,-5.82596810823072e-07,-2.7218133055481e-06,7.5110095288181e-07,-2.77420563483875e-06,-1.35350527637327e-06,-6.40927094771517e-06,-4.96056869057934e-07,-1.36527269722521e-06,-3.49492683252022e-07,-8.17124848821568e-06,8.33214035283191e-06,-1.23406550043214e-05,-6.90095864028227e-06,-1.22655300914367e-05,-8.11401261714511e-06,-7.46626472250662e-06,-1.23428222014942e-05,-9.86141209368476e-06,-1.19503558637564e-05,-1.25973201771368e-05,-1.54529548371466e-05,2.60700319316554e-07,-1.16599822757414e-05,-1.57312965623033e-05,-7.720322742132e-06,-6.34403611175701e-06,-1.46289664251053e-06,-1.47883642217842e-05,3.21703178820994e-06,1.55338174908035e-07,-1.49519235068319e-06,1.73660242495584e-06,-1.29322820555303e-06,2.46771336032096e-07,-3.59912485480539e-07,-7.7708926910171e-05,-8.47977443898339e-06,1.23553034137762e-05,4.2651417096417e-05,-2.8672736425033e-05,-6.69433315721507e-07,-0.000124620864227329,0.000125818886740502,5.22079015142015e-05,-1.61586375484694e-06,1.2464730132738e-05,-9.89808805009955e-06,-0.000176096803203839,4.61379210611552e-05,5.04937788840153e-07,-2.14341906507228e-06,2.09007903135922e-05,1.18527414236595e-07,3.81213595115389e-08,9.37452164738701e-08,-7.85471049185068e-08,-1.33552813457611e-07,1.40629573924116e-07,-5.35363155932954e-08,-7.1356032697611e-09,-4.76920867375928e-09,-1.01828238288522e-07,2.55194647571824e-06,-0.000232684581949212,2.36009286458963e-05,7.67903166935071e-05,0.000139021042721524,-0.000120495114334051,0.000169924630736387,-0.000150234370068698,0.000318660933563031,-9.56519862503043e-06,-8.73682192383573e-08,-0.000797628168491061,-0.000325204535121468,-0.000989956969081403,0.000987176230443259,3.5356140748945e-05,0.000406514828878806,-4.18312372620583e-05
"north_west","ta_omicron",-7.55096230065025e-05,-0.00012139594048241,-3.32390636084597e-06,-6.63405835698508e-07,-3.0872382957441e-07,-1.08887452821658e-06,-2.06908781254727e-06,3.74474139422531e-06,-1.64874590624845e-06,5.50308070446031e-06,-3.06110460730122e-07,1.8826920657597e-06,1.58174604812805e-07,4.40105526686202e-07,1.01885690940724e-08,-4.14229252721327e-06,6.82389490707767e-07,3.1784788356456e-06,-3.54099261638676e-06,4.90710058307295e-06,1.62054552434456e-06,6.58725219067061e-07,2.91324293015889e-06,-9.90721719874252e-08,3.75624362060413e-06,-1.09570688548605e-06,-1.81336130844605e-06,3.99040277167814e-06,2.05485222203921e-06,-2.00445224868232e-05,-7.11208389922554e-06,-1.22664696044573e-05,-2.0088442520715e-05,5.74886702387992e-06,1.23946299706152e-06,-2.79047617232404e-06,2.38134594379149e-06,-7.5225792623543e-07,-3.64909735292115e-06,1.67189554040671e-06,-5.94623469594569e-06,-9.15829815142519e-07,-5.71372514684142e-05,3.40433240672472e-06,-5.42059506342726e-05,2.19186778863751e-05,2.57148089383253e-05,2.05497868109651e-05,-0.000116049206853612,-1.80649583659667e-05,4.41710863841325e-07,7.23894553411963e-05,-1.96026258594013e-05,1.01760885703179e-05,-2.60214987517835e-06,-6.54693933667778e-06,3.59526510013152e-05,4.43515535319631e-08,1.00614806782201e-07,-1.21231309880612e-08,-4.16030871910872e-08,-6.10325560992594e-07,2.99819136502515e-08,-8.61984825816546e-08,-8.70026814909307e-08,-2.00469925871981e-07,-3.01022760729581e-07,4.09844528892105e-05,0.000265505027682247,-0.000236320857622466,2.88964824074039e-05,-0.000140598672532384,5.33290833476769e-05,0.000117576013924149,0.0001081822544308,-9.50334794427371e-05,-4.87434938579346e-06,-7.52513612422482e-08,-0.000165657096130735,-0.00223823543062218,0.0125144277299635,-5.86062550143282e-05,-5.97341317301062e-05,-4.18312372620583e-05,0.000445473906114364
