"region","name","alpha_admission","alpha_D","alpha_death_hosp","alpha_H","beta1","beta10","beta11","beta12","beta13","beta14","beta15","beta16","beta17","beta18","beta19","beta2","beta20","beta21","beta22","beta23","beta24","beta25","beta26","beta27","beta28","beta29","beta3","beta30","beta31","beta32","beta33","beta34","beta35","beta36","beta4","beta5","beta6","beta7","beta8","beta9","mu_D","mu_D_2","mu_D_3","mu_D_4","mu_D_5","mu_gamma_H","mu_gamma_H_2","mu_gamma_H_3","mu_gamma_H_4","p_G_D","p_G_D_2","p_H","p_H_2","p_H_D","p_ICU","p_ICU_2","p_ICU_D","p_NC_15_24","p_NC_25_49","p_NC_50_64","p_NC_65_79","p_NC_80_plus","p_NC_weekend_15_24","p_NC_weekend_25_49","p_NC_weekend_50_64","p_NC_weekend_65_79","p_NC_weekend_80_plus","p_W_D","rel_p_D_alpha","rel_p_D_delta","rel_p_D_omicron","rel_p_H_alpha","rel_p_H_delta","rel_p_H_omicron","rel_p_ICU_alpha","rel_p_ICU_delta","rel_p_ICU_omicron","rho_pillar2_tests","seed_date_alpha","seed_date_delta","seed_date_omicron","start_date","ta_alpha","ta_delta","ta_omicron"
"north_west","alpha_admission",4.52153650030308e-06,-2.73861463708035e-06,2.75508958033862e-08,-2.09600345087075e-07,-2.7491850738276e-07,7.55029146408391e-08,-5.93986134849102e-08,-6.19934419807381e-08,-1.39252360314921e-08,9.04936616377243e-08,-5.83430978148213e-08,-2.98554380101201e-08,-5.68132204542746e-09,-1.6648335336642e-08,-5.00461298328954e-08,-1.49773995422533e-07,3.50321940883821e-08,-5.19220327594047e-08,-9.90639755396528e-08,1.35053122131279e-07,-5.00760960966558e-08,-6.00701732472004e-08,-3.76952567117772e-08,-5.99079480434094e-08,-7.66548763422945e-08,-6.74793321295567e-08,1.04480322768903e-07,-1.62424854420393e-08,-1.35255682728882e-07,-9.46648977840987e-08,-4.56334821133686e-08,1.54798463007666e-08,-9.52589650170262e-08,-7.16383108805927e-09,-9.01358048585594e-08,1.25430266848106e-07,-1.30668409897095e-07,7.56068333738461e-08,5.10903966790385e-09,-1.33372380735099e-07,-7.63146174506862e-07,-8.55756999202513e-07,1.09000132951688e-06,3.7753742340808e-06,-2.29921448239204e-07,2.00175388718761e-08,8.54003635272322e-06,-9.98631101096492e-06,-4.80804011020223e-06,4.40174008135607e-08,-3.83936914673905e-07,-6.17476577438114e-07,-2.61149071232033e-06,-1.44408884436796e-07,3.26860799382537e-07,2.84127999020436e-07,3.57260439786235e-06,-4.27091886476726e-09,-2.36693826109092e-09,-1.14631806780203e-08,-2.40482665490258e-09,-1.75892764321928e-08,-2.63719690066647e-09,-7.1455274686693e-09,-3.95976303218946e-09,-7.09810312101171e-09,5.46043740738276e-09,-4.01812115701126e-06,7.05736175033643e-07,-5.51287759185453e-06,1.81764774718084e-06,6.75833340459587e-06,-2.78727588719122e-06,3.14820492258451e-06,-4.00432659306751e-06,3.60139013408413e-07,-4.67205313237066e-07,-8.93800162799153e-09,-7.99139929412988e-07,3.25852897655228e-05,-5.62971380691678e-06,-0.000105431386869304,2.54691451356076e-07,-1.98657936784177e-07,1.61946404224016e-06
"north_west","alpha_D",-2.73861463708035e-06,0.00066049382644215,-8.621439807491e-06,-6.802707900968e-07,1.13715217462287e-06,6.45622147931111e-07,7.29484031297644e-08,-8.77033605652823e-07,5.72807596841756e-07,-1.56106111882333e-07,-8.63099976923364e-08,-8.29121223623407e-08,1.80277668607071e-07,-3.39849665143539e-07,1.32158702499136e-06,2.61072955666098e-06,-6.76465126298908e-07,2.88483404106841e-07,1.65833215676569e-06,-1.63922811641094e-06,5.73289755064422e-07,3.11262834498096e-07,-4.87730992047617e-07,1.53411339125806e-06,-4.35616882589189e-07,-4.36775425060199e-07,-1.01721358130988e-06,5.59747290544635e-07,6.22509038701362e-07,-1.74201899005979e-06,4.04077957761534e-07,-6.05886695231116e-07,-1.48655748933318e-06,-7.84067327496641e-07,3.10500796593121e-07,3.50043273856014e-07,-3.25644121225868e-07,3.19340055914652e-07,-5.81647680778931e-07,-6.341111944437e-07,3.80560607582107e-05,2.62254604091279e-05,7.07651976382444e-05,8.06521289010301e-06,3.41420909335704e-05,4.44210831946342e-05,-9.08564442085309e-05,-0.000376406792833009,0.000186251756855482,-4.21974459003098e-05,1.35670233892704e-06,-4.52652321420659e-06,7.50389223418404e-07,-2.83111017686694e-05,3.82666053153042e-06,8.27093280431667e-07,3.34009880980479e-05,-4.58175698017563e-08,-5.46838089836385e-08,-1.01120334668128e-07,3.40280470015535e-08,6.21149386079734e-08,-1.95474917084995e-09,-1.70349322341329e-08,-4.23203820447058e-08,9.84103586770916e-08,-1.70185126938812e-07,-1.20861133541501e-05,-0.000151079441001227,0.000161522335506416,-7.86620491861209e-05,-2.92218456211317e-07,9.79087062589999e-06,-2.64197621459459e-05,-4.43226820352489e-06,2.14138073834809e-05,5.2769994038181e-06,2.86300787715219e-07,-0.000943366981609214,0.000210461012288437,0.000566857384621888,0.000438656897283208,-5.24263956994659e-06,-1.69074832886935e-06,2.15729047847598e-05
"north_west","alpha_death_hosp",2.75508958033862e-08,-8.621439807491e-06,8.82893192108858e-06,-1.75539793619279e-07,2.85464108598813e-08,-8.20117391424463e-08,5.6018134823646e-08,-1.13317898799276e-07,6.4383936355732e-08,4.68948243361599e-08,-3.17912802604275e-08,3.18000426163263e-08,-3.37382190342503e-08,4.53624803103126e-08,2.64917693972668e-08,5.12433820440414e-08,5.08689216465328e-08,9.44135521071902e-11,5.6108874281073e-08,1.00188455419613e-07,1.44364088295216e-08,6.74646168264885e-08,5.13877661725632e-08,1.0442309654675e-07,4.52152085547781e-08,1.10253201638744e-07,1.9400901627021e-07,1.27756556531817e-07,9.50734805353415e-08,-4.27964321341584e-08,4.36249227502361e-08,9.30255943355207e-08,-9.74252245554253e-08,5.2683759681856e-07,-1.52379225790917e-07,6.71191878735949e-08,4.17237157656218e-08,3.2797599672332e-08,-1.85537766258076e-07,1.25414975431407e-07,2.909813765297e-06,1.9530218091925e-06,-7.14111389714088e-06,-2.22225886976528e-06,2.44296415410657e-06,-5.34616449544273e-06,-1.40878367588872e-05,-1.86622942358873e-05,9.84209218082227e-06,2.7264768931084e-06,-2.99422822746293e-07,1.87667719486685e-06,-5.77892032693797e-06,3.02262119150175e-07,4.67346847825584e-07,-2.39260523952585e-07,4.44817350906002e-07,2.21843147568756e-09,2.55492635305248e-09,2.00838552012957e-08,6.21289596098996e-09,2.31420749291531e-08,3.35772019362613e-09,1.98834484351265e-09,-5.74281871019872e-10,7.05173594051822e-10,1.21748147763023e-08,4.75060121647955e-07,1.02090073203889e-05,-6.4717041024753e-07,-5.22836934468389e-07,-3.03739400938985e-06,-1.92485217889384e-06,2.66507761895143e-06,-1.33722331127816e-06,3.11594556046139e-06,2.62333081581578e-07,-1.8158786143884e-08,4.26682260569637e-05,7.09565162772074e-06,5.55210962908347e-06,7.29505220395503e-05,-1.5564309477328e-07,-1.25174588308544e-06,8.35234892186075e-07
"north_west","alpha_H",-2.09600345087075e-07,-6.802707900968e-07,-1.75539793619279e-07,9.75410531886128e-07,1.39296035009778e-07,3.69377620573946e-08,-2.82128855395123e-08,-1.8921055615213e-08,4.86673844613477e-09,2.49827726427925e-08,-5.03719729858958e-09,5.62629306135077e-09,1.71841776912766e-08,-1.05403210212299e-08,-1.97831159539438e-08,-4.10685341704298e-07,-3.62838058024719e-10,-1.35182125207355e-08,5.9383064233473e-08,-2.45138860264779e-09,-1.5589599202851e-08,1.37924361120389e-08,-3.83856230623131e-08,5.8576808580132e-08,-1.74145486800459e-08,4.0844387615537e-08,-5.83645395795724e-08,1.25148043778672e-09,1.22807066567334e-08,1.35240058286394e-08,-2.80124973777673e-08,7.42290369697472e-08,-8.27658750924443e-08,1.00404856433501e-07,5.94939690062971e-08,-3.94138734036829e-08,2.52864107990216e-08,1.74607947110028e-08,-6.98103399302094e-08,3.12495061183883e-08,-1.19220189112572e-06,3.61446845804263e-07,-2.98747756812634e-08,-4.38830261884682e-07,1.75333980500122e-07,7.86226591453866e-06,2.12818003815634e-06,3.75931481817338e-06,-7.2417215921026e-07,5.24017923724155e-07,-2.28881494056402e-08,-7.75849870230672e-07,2.24134796473175e-06,6.82356141868466e-07,-1.19840950959398e-07,-1.85818615028643e-07,-6.10319019539441e-07,2.95570141117741e-09,1.42126783441256e-10,6.63851554121043e-09,-5.53926210488842e-10,2.00046317091265e-08,2.11316638676224e-09,1.82452620403248e-09,3.58210746836578e-10,-2.59300427274776e-10,-2.30193243519386e-10,-1.52300224304582e-06,-3.7710119344172e-06,1.9405663225721e-08,1.0774568588117e-06,1.34786081711413e-08,1.0028011694661e-06,-3.20486752817611e-06,-8.05785393177284e-07,1.74784536727258e-06,-4.09087583511856e-07,-8.26683953448962e-09,-1.04536546483865e-05,-1.48488334370004e-05,6.31087187465185e-06,2.08118716664651e-05,2.10750958058619e-07,1.08477453714227e-07,-7.8310900526453e-08
"north_west","beta1",-2.7491850738276e-07,1.13715217462287e-06,2.85464108598813e-08,1.39296035009778e-07,1.19053212346287e-06,5.02320242050862e-08,-3.50597036643106e-08,1.8026363547704e-08,-3.49092360825153e-08,1.15160257368833e-07,-7.69114001827878e-08,2.66156925582365e-08,9.59181627996261e-10,8.12110040685101e-09,4.05631451016074e-08,-1.81681291270425e-06,-1.32966257486064e-08,3.39015882257872e-09,-3.63887989736888e-08,9.34130888030215e-08,-1.67245243749077e-09,-4.37222113264123e-09,1.40343478512547e-08,-2.93771860697854e-08,1.10566919921937e-07,-9.25289666861021e-08,4.48946240328885e-08,6.22956257086482e-08,-4.11065131559451e-08,3.69225913709967e-08,-3.77922536353894e-08,2.2197203408346e-08,-1.23283024052025e-07,3.41479932936442e-07,-1.23893388544692e-08,4.36794731978051e-08,1.34813659248036e-08,-7.28948437823705e-08,7.05762747723213e-08,-3.63627143098375e-08,5.70159660144594e-07,-1.88803536164053e-07,-2.47500645250182e-06,-1.31801073574132e-06,-4.44678054395038e-06,2.07168483575392e-06,2.62909911570022e-06,3.7773089602362e-06,4.89959526650016e-06,-3.26604576104375e-07,4.46982072166005e-08,-5.99263297121362e-07,-6.17500239599729e-07,5.75131875956435e-07,6.73597551227931e-08,-1.68125586382807e-07,2.19534785271022e-06,-1.64269574493825e-09,-2.82537722553988e-10,3.75944897175777e-09,2.11724645276856e-10,1.11102828217767e-08,2.07971857102718e-09,-7.99544975287511e-10,-6.39012619016252e-10,-1.39991432953554e-09,-5.55695011941062e-10,5.45624116260752e-07,1.53725228335523e-06,1.4244631954756e-07,3.07912492862076e-06,4.65078849179576e-07,8.29544069165834e-07,4.44866073385816e-07,2.46370959128294e-07,1.08300852000609e-06,-2.27084347772585e-07,-5.63318291466413e-09,-1.62281420836651e-05,4.83823685693853e-06,-1.0839836561797e-05,0.000417989594663787,-1.40836191078916e-07,1.04801334324492e-07,-1.04601082628294e-07
"north_west","beta10",7.55029146408391e-08,6.45622147931111e-07,-8.20117391424463e-08,3.69377620573946e-08,5.02320242050862e-08,1.55285826275037e-07,-1.76528568029564e-07,4.96166813035986e-08,-1.33286624669094e-08,-2.64529830463154e-09,-3.05022980861529e-09,2.70730590438158e-09,3.80204133487277e-09,3.64693026606004e-11,-7.51555311911587e-09,-4.58821074717951e-08,1.41525862045662e-08,2.31726739916604e-09,-7.21416081835152e-09,-8.06951560809221e-09,2.04710063809243e-08,-8.5943068239045e-09,7.01781449575783e-09,6.45098349593356e-09,1.10038214725284e-08,-1.55348866619181e-08,-6.28034121319706e-09,2.77022510292816e-08,-1.07184291302409e-08,-1.09873599809824e-08,-9.93042219928767e-10,-2.94528361304015e-08,1.27783696291607e-09,-3.16096987281083e-08,4.0377538848573e-09,7.50360506939161e-09,2.11870602573576e-08,-4.16831991570607e-08,9.12950316538408e-08,-1.51677715590273e-07,-3.41395574075113e-07,3.27672785172043e-07,-1.00309622164229e-07,-8.26427568964792e-07,-7.82876661208321e-07,-4.08683984234354e-07,5.05829763529505e-06,2.15220355883435e-06,-3.16961395166745e-07,-3.77215378448365e-08,-1.07131504497174e-07,-5.98648308319241e-07,-2.14335843204045e-06,-2.29083146174138e-07,-2.07210066787867e-08,1.67374361652869e-08,1.39933111232651e-06,1.23941062348824e-10,-5.17746670902272e-10,-1.33854357202899e-09,-6.40449987285946e-10,2.87691021874185e-09,1.55817261596216e-09,-6.63139083234974e-10,-2.32418153008186e-10,-6.01535208337427e-10,2.36132488787059e-09,1.03939698556674e-06,3.28306965924288e-07,4.52165570330559e-07,-2.25357248480729e-07,1.67718808343091e-06,-7.53752039207032e-07,2.44201318639781e-06,1.45348502333445e-07,-1.04328740316518e-07,3.18247759911186e-08,-3.32293223617781e-09,-3.22868092968888e-05,7.43720104890509e-06,6.36515636691211e-06,1.33185310375325e-05,-9.66502559319972e-08,5.4559904027292e-08,3.01135980408665e-07
"north_west","beta11",-5.93986134849102e-08,7.29484031297644e-08,5.6018134823646e-08,-2.82128855395123e-08,-3.50597036643106e-08,-1.76528568029564e-07,3.85464213191479e-07,-1.99578762467686e-07,9.91577859942105e-08,-4.87367837228513e-09,-3.86730503970278e-09,-1.852416206416e-09,-5.11275064382574e-09,5.14871132788293e-09,-2.03468412484687e-09,2.63854110700995e-08,-1.26197009832032e-08,-1.74304611147627e-08,9.44087976191024e-09,-1.27176945019566e-09,-2.33475990736561e-08,1.27042776578241e-08,-1.47995621093966e-08,2.67318200133826e-09,-2.78753542596519e-08,3.89529902417575e-08,5.76817081001561e-09,-4.37894000144347e-08,2.86132716204717e-08,1.93193273512365e-08,4.22119177148554e-09,3.45412428018135e-08,2.88091937142556e-09,3.95344927788647e-08,8.71161420586355e-10,-1.84222683017292e-09,-2.42998326859911e-08,3.48473844881841e-08,-6.00893311314669e-08,1.4578107371268e-07,1.68963103234143e-06,8.91016251952346e-08,8.38267230915316e-07,1.76182945731661e-06,1.88252141180931e-06,3.34438658039983e-07,-4.15593547465309e-06,-1.02491563909583e-06,-7.29308642162993e-07,1.67037033638119e-07,2.2252977835054e-07,-3.4819977317391e-07,2.3367476112626e-06,-3.21650220614409e-07,-2.09645128550541e-08,8.16677739200222e-08,-1.1900714405104e-06,1.25759899106847e-09,2.93149108893318e-09,3.49108058454276e-09,2.66791191492246e-09,1.8351501827097e-09,-4.93412635505509e-10,2.65495727314583e-09,1.47774800022712e-09,2.06042934161842e-09,2.82105419522418e-09,-1.14913722243337e-06,-1.00420197109148e-06,-8.04002369217216e-07,-2.35603238667055e-07,-6.57506933807022e-07,2.93835222734258e-07,-2.91563223328136e-06,-1.16592443145453e-06,5.11948740484234e-07,-2.71665585056513e-07,1.99311101739716e-09,3.89111768617405e-05,1.26814180663858e-06,-4.96457705049221e-06,-1.56993503316597e-05,6.20332048533493e-07,2.78908761566987e-07,-9.00237163102768e-07
"north_west","beta12",-6.19934419807381e-08,-8.77033605652823e-07,-1.13317898799276e-07,-1.8921055615213e-08,1.8026363547704e-08,4.96166813035986e-08,-1.99578762467686e-07,2.47097954880752e-07,-1.88337848627032e-07,1.35098268440208e-07,-4.77580339064339e-08,3.80744159987856e-09,1.15581000178908e-08,3.96373495292898e-09,1.0719842422739e-08,4.88624510823197e-08,4.54330362217721e-09,9.87620377482861e-09,-7.10302890015063e-09,2.69053524650046e-08,4.42703502104065e-09,2.33532594906288e-10,1.04519034841064e-08,1.16840181745064e-09,1.71591752232406e-08,-2.4974586108179e-08,-1.9615563512618e-09,3.36673425822389e-08,-1.38201915423659e-08,-7.68077623662977e-10,7.27267792677908e-09,-2.22952105025625e-08,2.65665748929876e-09,-2.79507692085062e-08,-5.69176342568507e-09,8.53813370570702e-09,-2.48886952179426e-09,3.70808804656998e-09,2.37361029961294e-08,-4.39883918988932e-08,-1.62736458206661e-06,-9.78877073306055e-08,-3.1046284604939e-06,-1.44600955203699e-06,-9.75819535476283e-07,2.27856758299288e-06,-9.51590398090015e-08,3.40401870924478e-06,3.31226869958632e-08,-1.36804470550629e-07,-2.11362740035586e-07,-3.06999445002832e-07,-2.27640219792787e-06,8.25864970161626e-07,-8.75204275103335e-09,-4.56399915983241e-08,8.21861451747139e-07,-3.25476430408317e-10,3.60122863371294e-10,-5.86282759193302e-10,-3.10506866038401e-10,-4.58856112149195e-09,1.34591714526393e-09,-1.29776114492831e-09,-2.43588398060612e-10,-2.12437774541837e-10,-1.68034496555526e-09,-2.09189793874835e-07,3.93231946298551e-06,-1.23447310345312e-06,-4.29261542181171e-07,9.25765051010833e-07,1.76576115367849e-07,1.98432319230291e-06,1.22139720290206e-07,6.80088273919304e-08,1.49652201399667e-07,2.7366854378504e-09,-1.19730664744878e-05,-1.18802803197885e-06,1.27207731071457e-06,6.47597200838445e-06,-4.74551259660129e-07,6.8179367731011e-08,3.33192546795983e-07
"north_west","beta13",-1.39252360314921e-08,5.72807596841756e-07,6.4383936355732e-08,4.86673844613477e-09,-3.49092360825153e-08,-1.33286624669094e-08,9.91577859942105e-08,-1.88337848627032e-07,2.26665173000191e-07,-2.27963562932146e-07,1.14400621883928e-07,-1.71129926666185e-09,-2.24498147470277e-09,1.17891387292622e-09,4.78641951166088e-09,8.49337958621951e-08,-1.66527209965221e-09,2.01705670231613e-09,1.39269996569226e-08,-2.0646482492002e-08,5.95011485164832e-09,1.14703499023468e-08,1.44805638893936e-08,1.26153273894421e-08,6.01403803607755e-09,3.77269567211549e-08,-5.60971961345042e-09,-5.39740950544372e-09,4.22553261256364e-08,3.64810988288204e-08,8.77402590161879e-09,4.49122474347588e-08,2.41658516120181e-08,6.50181810921964e-08,1.38436304722265e-08,-1.06547668573497e-08,1.04163714809671e-08,1.65702841622185e-09,-1.49320433967255e-08,3.81392770368967e-08,1.68233181019726e-06,2.13684266262421e-07,2.64922320099743e-06,1.61961842801097e-06,7.26511756846146e-07,-2.43838051326732e-06,-2.56729919264372e-07,-5.7435199922264e-06,3.11548167025287e-07,-3.52355740852366e-08,2.08820070774984e-07,-5.50001636004375e-07,9.48430049818018e-07,-1.0125833499037e-06,-9.32494086278068e-08,1.68654141807122e-08,-8.337449002946e-07,1.52288247927949e-09,3.10124408811092e-09,4.06578603645388e-09,2.98814940149309e-09,1.03497548796423e-08,2.55249475684587e-11,3.70720649584883e-09,1.90850484485518e-09,1.88398933509718e-09,4.59047755574612e-09,-2.98091137113447e-07,-2.96472297850135e-06,3.19119717312587e-07,9.4289887495947e-07,-5.74744890393016e-07,3.88745020316992e-07,-1.80944286809777e-06,3.4822646226774e-07,-4.23203570558127e-07,-6.22430574744575e-08,5.18502972937684e-10,2.89171508787985e-05,2.08593398232948e-06,-6.28115603566558e-06,-1.61635386329431e-05,5.61779892469164e-07,-3.23224440292888e-08,-1.03750031139148e-06
"north_west","beta14",9.04936616377243e-08,-1.56106111882333e-07,4.68948243361599e-08,2.49827726427925e-08,1.15160257368833e-07,-2.64529830463154e-09,-4.87367837228513e-09,1.35098268440208e-07,-2.27963562932146e-07,5.90291422066732e-07,-4.86922967914839e-07,2.4946470775181e-08,-3.04812910658185e-09,-1.29336695739477e-09,5.19762055075605e-09,-3.47068062625253e-07,-2.02425147835688e-09,4.5576756480109e-09,-6.75474131363079e-09,9.20706067179153e-10,4.1770568093191e-09,-1.47649701001113e-10,-9.00116200734118e-11,-7.40913588258177e-09,1.07460696344407e-08,-3.07845905298559e-08,1.33957832564686e-08,3.03430655777488e-08,-1.84597533810139e-08,-3.8971491313297e-08,3.40598787505929e-09,-3.47043564445638e-08,-4.16304921238332e-08,-1.37543687491738e-08,-1.33737704095694e-08,2.62944499694733e-08,6.75363158960206e-09,-1.45756838505798e-08,4.07218973846787e-08,-2.38199068801042e-08,-1.08450341818821e-06,3.67602943318813e-07,-4.18513767186261e-06,-2.45895991612512e-06,-1.91695888961463e-06,5.61352965499148e-06,5.79614976519158e-06,8.86325894304512e-06,-4.25306377964871e-07,3.12708479052727e-07,-2.51811399435978e-07,-8.18108128229566e-07,-4.76080060977977e-06,9.15825505872534e-07,-2.27959968999347e-08,8.89809855986842e-08,3.42430865879333e-07,1.64860427923072e-09,1.75583184031164e-09,2.0011961948926e-09,5.92205653554703e-10,-1.74393851979846e-09,3.01652438661387e-09,1.0164415291287e-09,-1.55258118470583e-09,-2.92079503374865e-11,1.14891473136247e-09,1.35342734801376e-06,4.58448252081957e-06,5.44593541675141e-07,-1.12937821969326e-06,3.06146005983839e-06,-1.71214678683831e-06,5.00204410085297e-06,-2.26186044110285e-06,1.68347792271232e-06,-1.02174350502002e-08,-6.13883214379807e-09,4.69186139222059e-05,3.95524450394865e-06,1.00362212209476e-05,2.41827103057062e-05,7.15963141647624e-08,-1.64374078158375e-08,6.31661229600574e-07
"north_west","beta15",-5.83430978148213e-08,-8.63099976923364e-08,-3.17912802604275e-08,-5.03719729858958e-09,-7.69114001827878e-08,-3.05022980861529e-09,-3.86730503970278e-09,-4.77580339064339e-08,1.14400621883928e-07,-4.86922967914839e-07,7.5002299175731e-07,-3.13505246119548e-08,3.12290830680783e-08,8.51303142228281e-09,2.62093607704766e-08,1.59546427466747e-08,9.97570796008537e-09,2.52552260699301e-08,4.54519322078798e-08,-5.06984661457818e-08,3.00372949020834e-08,2.09659909618293e-08,4.35326719013712e-08,2.49565748131806e-10,8.40053954920508e-08,1.17033835463893e-09,1.04947274495155e-08,5.57578238488518e-08,3.06866603736584e-08,1.13901820368688e-07,1.00641813075415e-09,9.60204098502293e-08,6.56068074054176e-08,4.96715627930047e-08,8.17176980763811e-09,-1.59453266106018e-08,1.11583680141396e-08,-2.86764800101442e-08,2.38817320067136e-08,2.17770574058759e-08,5.4229433031089e-07,-2.08655294340009e-06,3.285472165936e-06,2.17681496226021e-06,1.97187195713311e-06,-1.16433098610431e-05,-8.60338103572573e-06,1.39803654889533e-06,1.47737930709687e-06,6.67543850581519e-07,5.84801186704248e-07,7.47574183825363e-07,1.17165564119323e-06,3.18969884407436e-07,-2.00415844981533e-07,-1.49008496348066e-07,-2.38616141544564e-06,1.0410284259879e-10,2.01460071668185e-09,5.18741302558921e-09,-3.9845082719566e-10,8.17897039259372e-09,-3.27631449834037e-09,3.64096225588973e-09,2.94656704645228e-09,1.36079271105163e-10,1.66710708235987e-09,-5.53611296484871e-07,-3.40886453788095e-06,-8.76451774788625e-07,-7.59868260293643e-08,-4.87373900631077e-06,2.10819424256625e-06,-3.52984718331501e-07,1.24075863349816e-06,-1.22920095852205e-07,-7.28945930624725e-08,5.81679825278355e-09,-1.3048119101208e-05,6.34752420987051e-07,-2.5513478098398e-05,-2.89914825174935e-05,-3.80941557234541e-07,2.29536639968906e-08,-1.43933937327234e-06
"north_west","beta16",-2.98554380101201e-08,-8.29121223623407e-08,3.18000426163263e-08,5.62629306135077e-09,2.66156925582365e-08,2.70730590438158e-09,-1.852416206416e-09,3.80744159987856e-09,-1.71129926666185e-09,2.4946470775181e-08,-3.13505246119548e-08,2.66609698857044e-08,2.1925452295949e-09,3.81635895593251e-08,1.1589760006562e-08,-1.82182173129415e-08,1.57472968802797e-08,1.49464989868145e-08,1.60791766543041e-08,1.69032101016918e-08,1.76730110587863e-08,2.14930706211827e-08,2.49462007747258e-08,1.81829298883483e-08,3.98706980448851e-08,1.98959496655811e-08,5.57817062195687e-09,3.03283204679072e-08,3.44446224959978e-08,3.26287840564585e-08,9.2586345138486e-09,1.91214505385117e-08,1.11870024949224e-08,4.49642795358258e-08,-2.3957607679626e-09,1.97637190917406e-10,9.36490294103405e-09,-5.14328199262914e-09,8.65266621792418e-09,5.22346270976897e-09,2.10067546137375e-07,-7.05764985991401e-08,-1.90368693888245e-07,-2.19221035179736e-07,-3.37294509693773e-07,-7.59152245582951e-07,-9.92163445663762e-07,3.75941028679567e-08,8.22185921588748e-07,6.23617871384835e-08,-6.51790918632035e-08,-3.52600819689142e-07,-6.98238523787769e-07,-6.26270552258436e-08,1.52037352154706e-08,-1.8679691133957e-09,3.50917822335401e-07,6.64116979553668e-10,1.21683111807227e-09,1.4954749261997e-09,1.41939833855883e-09,2.52372113653674e-09,1.29369050688057e-09,9.65950171419396e-10,5.42344520670023e-10,3.51524748214665e-10,1.61043268717268e-09,-2.23770075451192e-07,5.68157228669604e-07,1.70664020052791e-07,-8.07273770654675e-08,-2.24232403834639e-08,2.1367524435315e-07,4.16938880652347e-07,1.00319148705106e-07,3.86713780585558e-08,-6.84068997266518e-09,-6.91953264766948e-10,-5.5500450407004e-05,-1.88507241741667e-06,-2.23593421003636e-09,8.13978762938732e-06,-6.39218957996001e-07,4.819399918959e-08,-2.20903160486355e-07
"north_west","beta17",-5.68132204542746e-09,1.80277668607071e-07,-3.37382190342503e-08,1.71841776912766e-08,9.59181627996261e-10,3.80204133487277e-09,-5.11275064382574e-09,1.15581000178908e-08,-2.24498147470277e-09,-3.04812910658185e-09,3.12290830680783e-08,2.1925452295949e-09,3.24551349422512e-08,-1.01506468805901e-08,3.8601191832591e-08,3.83694331798157e-08,1.33530065651819e-08,2.4652294092297e-08,2.50420505449614e-08,6.27356209085456e-09,2.92076114103636e-08,2.49411334853498e-08,3.64665816412524e-08,2.51547687807726e-08,4.83507223564936e-08,3.29724111839179e-08,-8.20554684347653e-10,3.98574297132603e-08,4.71606450985563e-08,4.03839407694918e-08,1.92585101388365e-08,3.7562415597866e-08,1.62301269749383e-08,5.61244350620878e-08,1.7806035906833e-09,-1.14923347489569e-10,1.07981134420722e-08,-5.4504439327882e-09,3.22717386027557e-09,6.79679888837617e-09,-3.02897166918377e-07,-2.56575447184075e-07,-1.15873750943273e-07,4.81075581442395e-07,1.54069946015815e-07,-5.05595458183057e-08,-2.18980966435042e-06,8.50605361914152e-07,-7.64444644839681e-07,1.09386296135978e-07,6.66098186251824e-08,-3.52222095900852e-07,-6.28294344537094e-07,2.04045498495595e-07,5.84658756012225e-09,-1.8143954830424e-08,-3.26910121558777e-07,1.41441890592617e-09,2.3932236132594e-09,2.34626997247308e-09,8.35535891932564e-10,3.29281058722574e-09,1.28210554942688e-09,1.6527547411579e-09,1.08223274249212e-09,9.44284238976993e-10,2.55546516346991e-09,7.02969608434201e-07,-1.86677814462028e-07,-8.37227777069967e-07,1.33976195806471e-07,-6.27489400265141e-08,-6.79420778451012e-08,8.34406730952511e-07,2.2966739226028e-07,2.39904338190228e-08,-3.09356009104361e-09,-3.76440995020089e-10,-7.42041356550627e-05,-2.0958928359284e-07,-4.0402606305262e-06,-1.13460035226243e-06,-6.93243504693275e-07,-9.53814058024032e-08,-4.11347363285141e-07
"north_west","beta18",-1.6648335336642e-08,-3.39849665143539e-07,4.53624803103126e-08,-1.05403210212299e-08,8.12110040685101e-09,3.64693026606004e-11,5.14871132788293e-09,3.96373495292898e-09,1.17891387292622e-09,-1.29336695739477e-09,8.51303142228281e-09,3.81635895593251e-08,-1.01506468805901e-08,1.98948732670018e-07,-8.23900655655496e-08,-3.92918126157038e-08,2.36539337317987e-08,-1.93774960417594e-08,-3.12406661760462e-09,3.71939604773691e-08,-1.97926879601218e-08,8.30282395169044e-09,5.56137936313577e-09,4.72194595723794e-09,-2.7384836851342e-09,4.38971112488975e-09,9.8257901101399e-09,1.30416770283021e-09,1.29144697805981e-08,1.31082310118869e-08,-1.24387512445151e-08,1.2199671139457e-08,-1.25971547950786e-08,4.94853017714938e-08,-1.17690489465846e-10,-9.99881539227492e-09,2.23448206617284e-08,-1.31733841434462e-08,2.43854767948244e-08,1.67044616700396e-08,9.58047755976414e-09,-7.49903347419652e-07,-6.20742899247045e-07,-7.14384993695332e-07,-1.21238949339657e-06,-5.48451565258567e-06,-2.22806559987376e-06,-1.58381334251446e-06,1.34568414174991e-06,1.35310958970747e-07,-1.48556119925681e-07,-7.65891820992855e-07,-1.3677915527265e-06,6.09503436374117e-07,-5.52630721653323e-08,-1.18759714676906e-08,-3.5815555187931e-07,1.90933152223981e-09,2.96437776083476e-09,2.78891132568359e-09,3.52325217565417e-09,1.76961169375193e-09,1.77587935317539e-09,9.2939063514924e-10,1.6964900462345e-09,9.03961863060055e-10,1.32698718662977e-09,-2.30145438712043e-06,1.94059163635547e-06,-4.14578590415984e-07,3.94772095981164e-07,5.20984959290184e-07,2.29060246603041e-07,2.59526748557541e-07,-8.4246373867517e-07,4.90702299655537e-07,9.9803182443906e-08,3.97176573090836e-09,-0.000108781379620206,-9.92500445981437e-06,3.04115645067848e-06,-2.87619923045227e-06,-9.90525532045658e-07,1.76399285544e-06,-4.66084027710796e-07
"north_west","beta19",-5.00461298328954e-08,1.32158702499136e-06,2.64917693972668e-08,-1.97831159539438e-08,4.05631451016074e-08,-7.51555311911587e-09,-2.03468412484687e-09,1.0719842422739e-08,4.78641951166088e-09,5.19762055075605e-09,2.62093607704766e-08,1.1589760006562e-08,3.8601191832591e-08,-8.23900655655496e-08,2.02077150976058e-07,6.42955670585177e-08,-4.51250451989413e-08,1.12280436439112e-07,2.05644217299611e-08,4.05252846199184e-08,7.46679901192348e-08,7.17850725944321e-08,8.98661324231443e-08,6.10065289141373e-08,1.38119907353247e-07,7.96629829701957e-08,-2.33204153604907e-09,1.13799332344427e-07,1.13001361939669e-07,1.07752523837253e-07,6.07778330474364e-08,7.93614437947995e-08,5.67929123285604e-08,1.13378200657129e-07,4.22921192356412e-09,4.05606592885685e-09,3.87102142052046e-09,-1.24255578959293e-08,1.01401789598648e-08,1.38277168832779e-08,-4.3956672825067e-08,-3.11067543565525e-07,-6.81866548225364e-07,-1.75795043365801e-07,1.12178908510248e-06,1.17535480755534e-07,-1.3197495623055e-07,-3.88958385705388e-07,1.57825308516041e-06,4.92454067292559e-07,3.50185704278305e-08,-4.1978212488583e-07,-3.62889655523463e-07,1.10381123549299e-07,1.92631141605414e-07,-1.49670308708266e-08,4.67881666687608e-07,1.76772853846235e-09,3.73488179362643e-09,2.82024474869445e-09,2.1340611229612e-09,4.94011031699387e-09,2.19987107668846e-09,3.50425077425628e-09,1.30052183427805e-09,2.3833712861124e-09,2.75419942228742e-09,6.38339184947082e-07,3.71479021622271e-07,6.16386485477508e-07,-1.82696753574863e-06,-1.02442945245836e-07,-1.14447033782005e-06,9.80273429013063e-07,6.6409472469425e-07,1.60046867651182e-08,5.65867430130356e-09,-9.40011498420067e-10,-9.07590822214304e-05,1.27504874764026e-05,-1.21454122841114e-05,1.91957232217736e-05,-1.02850268294273e-06,-1.55350244883088e-06,-8.07401287832868e-07
"north_west","beta2",-1.49773995422533e-07,2.61072955666098e-06,5.12433820440414e-08,-4.10685341704298e-07,-1.81681291270425e-06,-4.58821074717951e-08,2.63854110700995e-08,4.88624510823197e-08,8.49337958621951e-08,-3.47068062625253e-07,1.59546427466747e-08,-1.82182173129415e-08,3.83694331798157e-08,-3.92918126157038e-08,6.42955670585177e-08,1.14453543181576e-05,6.68225333617028e-08,5.46373783196121e-08,-1.54457349149531e-07,3.66294507013097e-07,-3.61862063729586e-08,1.66383541798697e-07,-7.57142271966866e-08,3.90567177537018e-07,-3.89464591641238e-07,5.40868125226632e-07,-6.10711308740311e-07,-1.97788950670806e-07,3.2626637406513e-07,-6.35879118049022e-08,1.86901314580569e-07,-1.07994880123233e-07,2.52533024267397e-07,-1.76730040878503e-07,2.9253410178279e-07,-3.91808422365196e-07,2.93180990250127e-07,3.67604672743309e-08,-1.49546620412464e-07,1.6815310948427e-07,2.76824391277392e-06,5.88695111990223e-06,4.73317511196437e-06,5.05089434082653e-06,6.55727572352239e-06,9.93428610361957e-06,-1.86317413261858e-05,-2.30080636488163e-05,-3.68857652767571e-06,-1.87079259322689e-06,-3.41465989719053e-08,-3.14289236266025e-06,1.47151674738549e-05,-2.77481990413318e-06,-1.39127429380932e-06,3.70038475344766e-07,-5.89071355302152e-06,1.09500455035592e-08,-7.52360036170422e-09,-1.31224513264441e-08,1.82108269466696e-08,-1.67029394530177e-08,3.67733778150977e-09,-9.42991590730195e-09,3.80460549800033e-09,1.00252145995263e-08,1.68468000044873e-08,-1.02127014619506e-05,-8.02418569132249e-06,-1.87433757571265e-06,-3.39364785103646e-06,6.77929241667227e-06,-1.98752675200972e-06,-2.0273378717125e-05,-2.14061921801312e-06,-8.21734050675851e-07,5.63665505586006e-07,3.43946893149192e-08,-0.000206806701172635,4.2819052523991e-06,6.14663925350172e-05,-0.000273987886253183,-7.51640167045597e-07,-1.16107741068189e-06,-2.26857348293819e-07
"north_west","beta20",3.50321940883821e-08,-6.76465126298908e-07,5.08689216465328e-08,-3.62838058024719e-10,-1.32966257486064e-08,1.41525862045662e-08,-1.26197009832032e-08,4.54330362217721e-09,-1.66527209965221e-09,-2.02425147835688e-09,9.97570796008537e-09,1.57472968802797e-08,1.33530065651819e-08,2.36539337317987e-08,-4.51250451989413e-08,6.68225333617028e-08,1.5087701267159e-07,-3.92722637251976e-08,1.21486621946553e-07,4.12205660929804e-08,3.19294365087292e-08,6.40024455971652e-08,5.7163847218209e-08,4.4079887570405e-08,1.08063630274744e-07,6.01369518262399e-08,5.43962037428759e-09,6.40910176641699e-08,8.89669732521937e-08,7.24972719851865e-08,2.05507788062118e-08,6.2462708514978e-08,3.53621381103611e-08,7.48343391927569e-08,-5.11272046028306e-09,9.41341834301728e-10,1.1235533397638e-08,6.23310019553168e-09,-8.09877053529956e-09,-6.85903953003657e-10,-2.63086027557958e-08,1.99875964651045e-07,9.30347054074778e-07,6.89494614415247e-07,-5.63290539804835e-07,6.4129351914347e-07,-9.70171460793485e-07,6.16387164265366e-07,-2.03596103187555e-06,-3.90300348736969e-07,1.36124085490805e-07,-2.91378114912911e-07,-2.41115329981482e-07,-2.61975292947706e-07,-7.27063385100977e-10,-4.8370157386163e-08,-8.03221876163662e-07,1.59090723402744e-09,1.28194472431869e-09,1.96962167834411e-09,-1.04800247890737e-10,3.23586638157031e-09,2.07782941708592e-09,4.0304405150963e-10,1.18224019606761e-09,-7.15821504150027e-10,4.40374355391472e-09,1.38348930670467e-06,-2.00808836112676e-06,-4.71935602033597e-07,1.48038854111612e-06,4.23145803226862e-07,1.53463189526661e-08,1.64357579218239e-08,7.43678029369795e-07,-5.42014878553493e-07,-3.13497500804219e-08,-1.25440970698948e-09,-9.2568715028245e-05,-6.47111369481175e-06,-4.11759733913696e-08,-4.77544308538674e-06,-8.39483387635439e-07,-1.13639351345196e-06,-3.05274413218878e-07
"north_west","beta21",-5.19220327594047e-08,2.88483404106841e-07,9.44135521071902e-11,-1.35182125207355e-08,3.39015882257872e-09,2.31726739916604e-09,-1.74304611147627e-08,9.87620377482861e-09,2.01705670231613e-09,4.5576756480109e-09,2.52552260699301e-08,1.49464989868145e-08,2.4652294092297e-08,-1.93774960417594e-08,1.12280436439112e-07,5.46373783196121e-08,-3.92722637251976e-08,1.26454113346214e-07,-6.13762355940255e-08,3.8426668613266e-08,5.84287470575346e-08,4.75232816251407e-08,7.54484043133498e-08,3.24348985425385e-08,9.27493626381707e-08,4.78779023225514e-08,1.2282368324055e-08,9.90585671107755e-08,6.0422474727607e-08,9.92466861169675e-08,3.07947532262229e-08,7.26623488344824e-08,2.479980259332e-08,1.25600552758781e-07,-1.37024577062418e-09,-1.14627027319452e-08,3.82802074090299e-08,-4.29615750772745e-08,4.01785853934786e-08,8.05381907476689e-10,-1.13069548479842e-07,-2.89733331768233e-07,8.22639328676123e-08,9.23841433142244e-08,4.28012712206276e-07,-2.13347628230713e-06,-1.93441544186365e-06,1.77935803184288e-06,5.9246936424899e-07,4.04249886838089e-07,7.39316614492198e-08,-1.74267362518204e-07,-4.56987203385959e-07,1.17553397819743e-07,8.24138582948691e-08,-8.54361753601381e-09,-3.52013385624086e-07,8.3557936746556e-10,1.91262244759102e-09,1.47815756005279e-09,7.99573824436806e-10,2.74326216528613e-09,8.03998290155064e-10,1.66198035615386e-09,8.01907137438585e-10,9.62046819052869e-10,2.0256821231449e-09,6.69217569727385e-07,-1.61041910798245e-07,5.96308914530513e-07,-9.80042598719851e-07,9.2529279232431e-08,-1.1771240603417e-06,1.14976828997015e-06,4.48592296833025e-07,2.58606830504418e-07,-3.2187654626888e-08,-1.42144404752776e-09,-7.70132874958573e-05,-6.5980395009968e-06,-1.14407603786214e-05,6.17977059769303e-06,-9.45445950254271e-07,-1.01318680025528e-06,-4.91616167545691e-07
"north_west","beta22",-9.90639755396528e-08,1.65833215676569e-06,5.6108874281073e-08,5.9383064233473e-08,-3.63887989736888e-08,-7.21416081835152e-09,9.44087976191024e-09,-7.10302890015063e-09,1.39269996569226e-08,-6.75474131363079e-09,4.54519322078798e-08,1.60791766543041e-08,2.50420505449614e-08,-3.12406661760462e-09,2.05644217299611e-08,-1.54457349149531e-07,1.21486621946553e-07,-6.13762355940255e-08,4.36120615244348e-07,-3.15440653230934e-07,1.1676143672039e-07,5.44304722593589e-08,8.43284465505034e-08,5.1753965570742e-08,1.70710662236866e-07,5.09578420174059e-08,-8.74932589682533e-09,8.58810368354182e-08,1.27979227699398e-07,1.06929667448397e-07,4.62629234913261e-08,5.76816726826837e-08,9.76903511804379e-08,5.52920171792676e-09,8.62954993861739e-09,-7.9002457712271e-09,3.46786926625679e-08,-1.17838939642176e-08,-1.14812900289399e-08,3.36952295907708e-08,2.96743388573826e-07,-2.56253575260673e-07,1.47278696382659e-06,1.89457244800658e-06,-1.87108325415042e-07,-4.99008111514849e-07,-5.59629026300501e-06,1.55915064098686e-07,2.66251354541296e-06,2.07415424799073e-09,2.35343180745953e-07,-3.82017519573268e-08,-1.05707480748748e-06,-4.7936350894089e-07,1.44273451425629e-08,-1.17888384500846e-07,-2.59479545523129e-06,2.09273328893669e-10,2.91189392487644e-09,5.02275733003986e-09,-4.34708906305906e-10,8.19894185441957e-09,1.92304025129405e-09,2.68991567959472e-09,9.20379636159061e-10,-4.02265068822904e-10,1.83193131433106e-09,1.74152360895909e-06,-1.57366967698417e-06,-1.05963223942722e-06,2.1266657424714e-06,-7.24179568859968e-07,-1.80549585152306e-07,1.33724812020083e-06,1.88923116460051e-06,-7.99056172333556e-07,1.3391341175323e-07,-4.3194948173701e-09,-8.40836034469307e-05,-9.36761859262083e-06,-7.12396304091344e-06,-3.38871407238948e-05,-9.26053816771127e-07,-1.45692127017725e-06,-9.68834973747269e-07
"north_west","beta23",1.35053122131279e-07,-1.63922811641094e-06,1.00188455419613e-07,-2.45138860264779e-09,9.34130888030215e-08,-8.06951560809221e-09,-1.27176945019566e-09,2.69053524650046e-08,-2.0646482492002e-08,9.20706067179153e-10,-5.06984661457818e-08,1.69032101016918e-08,6.27356209085456e-09,3.71939604773691e-08,4.05252846199184e-08,3.66294507013097e-07,4.12205660929804e-08,3.8426668613266e-08,-3.15440653230934e-07,8.34772671316449e-07,-2.49825247366163e-07,1.90215770115242e-07,-2.67225243983566e-08,1.5069935544566e-07,1.84676401110153e-08,1.13839387064977e-07,-1.89130436459942e-08,6.96784623010875e-08,8.70537306874039e-08,2.53260667515197e-08,1.05016041186167e-08,8.6160560648325e-08,-2.42793812814529e-08,1.64407649878579e-07,4.13881935436706e-09,1.97154686221095e-08,-7.8125296034406e-08,8.06588333719694e-08,-8.28685483388758e-08,2.07995212761583e-08,3.14375241927995e-08,-8.20169291616716e-07,-5.15763633568214e-06,-4.69070482395767e-06,-2.25641300553334e-06,6.73423039717297e-06,6.75416724677585e-06,-9.21296388740288e-06,-3.57021027585378e-06,-3.35329967945963e-07,-6.77425784841031e-07,-1.05665694405058e-06,2.3314616898111e-06,1.47944772750022e-06,3.68722173068238e-07,-3.46238914222631e-08,4.3137378010699e-06,6.80451014809867e-09,4.55897205011556e-09,4.09630649853439e-09,6.16593038480236e-09,7.93820036197261e-09,4.22976520525276e-09,3.21456029125077e-09,3.956121282786e-09,5.18621228526057e-09,7.21305482554656e-09,-3.49888362489061e-06,6.08864358835107e-06,8.78751940859495e-08,-1.17781847382349e-06,-6.79250311808631e-07,2.14907631811944e-06,-4.72762689488997e-06,-1.00211473598312e-06,-1.94723799141251e-07,-5.70751476029054e-08,4.74522230826796e-09,-0.000107565404131454,-3.93397175331131e-06,1.29653287437965e-05,6.53994471812833e-05,-6.84770468461886e-07,-6.24197246861101e-07,2.01391885271939e-07
"north_west","beta24",-5.00760960966558e-08,5.73289755064422e-07,1.44364088295216e-08,-1.5589599202851e-08,-1.67245243749077e-09,2.04710063809243e-08,-2.33475990736561e-08,4.42703502104065e-09,5.95011485164832e-09,4.1770568093191e-09,3.00372949020834e-08,1.76730110587863e-08,2.92076114103636e-08,-1.97926879601218e-08,7.46679901192348e-08,-3.61862063729586e-08,3.19294365087292e-08,5.84287470575346e-08,1.1676143672039e-07,-2.49825247366163e-07,2.22423313895258e-07,-5.03399900881671e-08,1.358178458988e-07,-1.13265840972933e-08,1.35538437474082e-07,4.99281434656482e-08,1.70728034539127e-08,8.17951945233312e-08,8.43417728303637e-08,1.17675820208109e-07,4.33587669134375e-08,6.52819323056456e-08,5.20942742711137e-08,9.80838258475488e-08,-4.61425342198582e-09,-1.47903437338271e-08,5.23386215605545e-08,-4.33366689661936e-08,5.35048448648549e-08,-1.50488384896528e-08,-7.90191993423746e-07,4.87869814282969e-07,2.53471847412418e-06,2.17838354708162e-06,1.27301328511761e-06,-3.09104663412144e-06,-2.44764914634477e-06,2.12546387306793e-06,6.07940295485306e-07,2.26029630967174e-07,3.63310184776004e-07,-1.2673583782425e-07,-8.2643965161807e-07,-5.14949062209076e-07,-4.93927876796922e-08,-4.41976413774627e-08,-1.71259609564225e-06,-1.90532325642563e-11,1.60120532549868e-09,2.24050525932934e-10,-6.8393681493662e-10,3.27582832417127e-09,1.77940068236332e-09,2.52193034458951e-10,-5.60783066649982e-10,-1.18989047410862e-09,4.96767795998214e-10,2.42173623524872e-06,-4.46751232521137e-06,4.88455304102923e-07,-2.21097943525855e-07,1.37071047830564e-06,-2.50913594128427e-06,2.51241203539691e-06,1.14894971449535e-06,2.38428833680315e-07,-1.07573951708918e-07,-5.53248304779034e-09,-0.000101445705897941,2.175417472853e-06,-1.45091153827059e-05,-6.22244936723674e-06,-1.15787781449665e-06,-1.03742671529131e-06,-9.00204788165699e-07
"north_west","beta25",-6.00701732472004e-08,3.11262834498096e-07,6.74646168264885e-08,1.37924361120389e-08,-4.37222113264123e-09,-8.5943068239045e-09,1.27042776578241e-08,2.33532594906288e-10,1.14703499023468e-08,-1.47649701001113e-10,2.09659909618293e-08,2.14930706211827e-08,2.49411334853498e-08,8.30282395169044e-09,7.17850725944321e-08,1.66383541798697e-07,6.40024455971652e-08,4.75232816251407e-08,5.44304722593589e-08,1.90215770115242e-07,-5.03399900881671e-08,1.95681822183741e-07,1.51144214543472e-08,1.45322281093262e-07,1.26546102811554e-07,1.17708699157691e-07,-5.47171039610958e-09,1.25853793036364e-07,1.40462128660106e-07,1.11897652105143e-07,4.83737642681003e-08,1.01960735868366e-07,5.26296655136522e-08,1.51138603243899e-07,6.96863694417477e-09,-5.63489263531462e-10,1.3493612816023e-08,6.29216708252932e-10,-2.05238006610978e-08,2.81493914418444e-08,6.51078640870236e-07,-7.35264905900995e-07,-8.88341414356287e-07,-5.55007841369547e-07,-4.0298019641153e-07,-1.78705756470375e-07,-1.52425770744517e-06,6.84682263512345e-08,-1.24798459120822e-06,-7.28798014133818e-08,3.0171359240477e-08,-7.50367544697891e-07,4.63931967406245e-07,3.02669926677799e-07,1.4128885370131e-07,-4.30175212204568e-08,4.08437482962939e-08,4.49295193454083e-09,6.36894455549048e-09,7.22062367963871e-09,3.54631887834191e-09,1.14463921935555e-08,2.87284536166257e-09,5.38627204949522e-09,3.87014401604951e-09,3.10919258466805e-09,7.60970515084867e-09,-3.60429352680595e-07,1.48627721693447e-06,-6.27041750923619e-07,2.77146231786854e-07,-1.11865548838942e-06,1.83383714362464e-07,-8.88877554336033e-07,7.3280452256348e-07,-5.83817979144429e-07,-5.47346614645701e-08,1.99864154975186e-09,-0.000104443517824206,-1.60048124534102e-05,-3.57804494588028e-06,4.43529486003727e-06,-9.49997759835995e-07,-1.46166216990276e-06,-8.68327099885489e-07
"north_west","beta26",-3.76952567117772e-08,-4.87730992047617e-07,5.13877661725632e-08,-3.83856230623131e-08,1.40343478512547e-08,7.01781449575783e-09,-1.47995621093966e-08,1.04519034841064e-08,1.44805638893936e-08,-9.00116200734118e-11,4.35326719013712e-08,2.49462007747258e-08,3.64665816412524e-08,5.56137936313577e-09,8.98661324231443e-08,-7.57142271966866e-08,5.7163847218209e-08,7.54484043133498e-08,8.43284465505034e-08,-2.67225243983566e-08,1.358178458988e-07,1.51144214543472e-08,2.33328184824754e-07,-7.14309250425419e-08,2.51066243994121e-07,6.40015743844404e-08,1.6483425174234e-08,1.3865922719644e-07,1.3978151706226e-07,1.63188044019467e-07,4.91624941353301e-08,1.21066525217264e-07,7.66188440590092e-08,1.24348346830041e-07,-3.43870544821364e-09,-7.48966744993537e-09,4.23948737389073e-08,-4.06010567782083e-08,5.37579991732828e-08,8.78819233612104e-09,-7.44344071028015e-07,-3.38649006146112e-07,-5.55968372665769e-08,1.5308368926278e-07,-3.71229890701369e-07,-1.78663135566505e-06,-2.60443465893755e-06,1.08215539743208e-06,6.36706787220296e-07,6.74384325724275e-07,1.14087282810861e-07,-6.74700009005316e-07,-1.72618099528168e-06,1.76219692118736e-07,4.43114408077766e-08,-8.68387052075976e-08,-8.24296505455413e-07,3.28249808055396e-09,5.85766025335488e-09,5.42730790322261e-09,3.04862438479478e-09,6.9182325519142e-09,3.19894573596468e-09,2.79736210898362e-09,1.82786621156922e-09,1.53901183140903e-09,6.30568593171217e-09,1.69824803388992e-06,-6.80038849021428e-07,1.87704127923039e-07,3.62978035494618e-08,6.27823593939594e-07,-1.52658143906839e-06,2.44345007879065e-06,1.13942619064275e-06,-2.40266276889464e-07,3.78946872989808e-08,-2.07930488691752e-09,-0.000129203986360144,2.82715998789467e-06,-1.51380562485384e-05,-3.15500454741558e-06,-1.37207271696814e-06,-1.29990334435921e-06,-1.41060309500071e-06
"north_west","beta27",-5.99079480434094e-08,1.53411339125806e-06,1.0442309654675e-07,5.8576808580132e-08,-2.93771860697854e-08,6.45098349593356e-09,2.67318200133826e-09,1.16840181745064e-09,1.26153273894421e-08,-7.40913588258177e-09,2.49565748131806e-10,1.81829298883483e-08,2.51547687807726e-08,4.72194595723794e-09,6.10065289141373e-08,3.90567177537018e-07,4.4079887570405e-08,3.24348985425385e-08,5.1753965570742e-08,1.5069935544566e-07,-1.13265840972933e-08,1.45322281093262e-07,-7.14309250425419e-08,3.5976009688865e-07,-1.18902270622121e-07,1.91672618331113e-07,-2.91010825912924e-08,8.32617553563732e-08,1.39365858396324e-07,5.98045053434314e-08,6.69103385333263e-08,5.97624133777814e-08,6.02922850121222e-08,1.16605141792635e-07,2.4752585612448e-08,-2.9149681446804e-08,1.96757005389948e-08,1.83094186168451e-08,-3.94376182896373e-08,1.09620217761605e-08,6.36623719202789e-07,-2.73966792471691e-07,1.38354699244161e-07,1.00572930970226e-06,-9.90436005031385e-08,2.03847190380855e-06,-1.43327789259805e-06,-8.06310995735308e-06,-2.26252639038265e-07,-7.92776445774797e-07,5.4392214923878e-08,-8.82855996573929e-07,2.63285219274241e-06,1.57092170743274e-07,2.54322538067265e-07,-6.6670327685477e-08,5.02755935929558e-08,5.61504498221581e-09,6.31700364696881e-09,7.42866254262596e-09,3.68976277926439e-09,1.66577189212288e-08,5.73575214962181e-09,5.66195661866963e-09,3.79771027396516e-09,3.52614181037114e-09,2.57306841759057e-09,-9.81312209860159e-07,-7.33266212640115e-07,-9.15090697403352e-07,8.06853851927784e-07,-7.21663145926472e-07,-3.66917173679577e-07,-3.11553596918023e-06,3.42534858800987e-08,5.31922010817712e-07,-1.31001550791345e-07,-1.82755747621112e-09,-9.536552402807e-05,-1.98591054860456e-05,1.8474904492502e-06,6.20289442659553e-06,-7.68750093749909e-07,-9.89595345030007e-07,-7.53959397462791e-07
"north_west","beta28",-7.66548763422945e-08,-4.35616882589189e-07,4.52152085547781e-08,-1.74145486800459e-08,1.10566919921937e-07,1.10038214725284e-08,-2.78753542596519e-08,1.71591752232406e-08,6.01403803607755e-09,1.07460696344407e-08,8.40053954920508e-08,3.98706980448851e-08,4.83507223564936e-08,-2.7384836851342e-09,1.38119907353247e-07,-3.89464591641238e-07,1.08063630274744e-07,9.27493626381707e-08,1.70710662236866e-07,1.84676401110153e-08,1.35538437474082e-07,1.26546102811554e-07,2.51066243994121e-07,-1.18902270622121e-07,6.4754687915784e-07,-8.00506325083817e-08,4.63261271221935e-08,2.65519960071754e-07,2.06204774716168e-07,2.83810287444188e-07,5.99932213976486e-08,2.14069171728292e-07,8.23772538781265e-08,3.30280031645281e-07,-2.38784738366734e-08,1.60018487202255e-08,6.10687929998543e-08,-7.60646733540228e-08,8.79441563609026e-08,-9.34596731957575e-09,1.33319310907104e-07,-9.89813916414288e-07,6.99455136476278e-07,-2.10362417620161e-07,7.16448310547643e-07,-4.62667192491657e-06,-1.9982899704066e-06,5.63287396012143e-06,1.43320258319864e-06,9.45184771367715e-07,3.23898529346943e-07,-3.62659274452354e-07,-2.32328257295242e-06,2.30449299631752e-07,5.56979252509926e-08,-1.40701920598964e-07,-1.9215339312669e-06,4.05393694012129e-09,9.69206987599838e-09,8.69557518396863e-09,3.53154044835118e-09,1.15927831044254e-08,3.0376631097171e-09,6.36920130579858e-09,3.40217222026665e-09,1.96108461176101e-09,1.06784288643388e-08,1.78234288943481e-06,-1.72768450570139e-06,5.49270512036904e-07,-3.92423720677717e-07,-8.91830974331818e-07,-1.52780664290887e-06,3.88162811048754e-06,1.87966411094747e-06,-8.52767374357087e-07,-1.07807219669335e-07,-2.92932998175775e-09,-0.000184372769716946,-2.01725283561066e-07,-2.60984204240298e-05,2.60339197958382e-05,-2.10937463299405e-06,-2.44754416699305e-06,-2.19945091222522e-06
"north_west","beta29",-6.74793321295567e-08,-4.36775425060199e-07,1.10253201638744e-07,4.0844387615537e-08,-9.25289666861021e-08,-1.55348866619181e-08,3.89529902417575e-08,-2.4974586108179e-08,3.77269567211549e-08,-3.07845905298559e-08,1.17033835463893e-09,1.98959496655811e-08,3.29724111839179e-08,4.38971112488975e-09,7.96629829701957e-08,5.40868125226632e-07,6.01369518262399e-08,4.78779023225514e-08,5.09578420174059e-08,1.13839387064977e-07,4.99281434656482e-08,1.17708699157691e-07,6.40015743844404e-08,1.91672618331113e-07,-8.00506325083817e-08,3.91123229423106e-07,-2.59603765989269e-08,8.32970561455386e-09,2.15806616700133e-07,1.06239666671209e-07,8.54445555900483e-08,1.15961759904261e-07,9.31646293124267e-08,1.21520357010725e-07,2.02632140362391e-08,-1.48626718763003e-08,-2.75454678253661e-09,4.36131267207441e-08,-7.07772316652166e-08,6.26645920952261e-08,-3.10991535245042e-07,-9.13485411618719e-08,-5.73355424364307e-07,-2.86236545597037e-07,-7.65035415203517e-07,1.63880623248658e-06,2.22203472383293e-06,-5.20590433849772e-06,-3.95520998252127e-06,-5.85929354948765e-07,-5.49150739350578e-08,-1.19579391691883e-06,3.35868409544454e-06,-5.02021783263886e-08,1.42627809683161e-07,-5.6714337565436e-08,1.07807680719676e-06,6.49074991271428e-09,8.99871910027214e-09,7.7236660852595e-09,5.96760889355748e-09,1.68191029752951e-08,5.81250153336647e-09,5.23648728062832e-09,4.27331234916699e-09,3.39856978623756e-09,6.51290566325337e-09,6.05726278497376e-07,4.88503540066977e-07,-4.72528743251382e-07,4.812597590805e-07,-8.76869144082384e-07,-3.94466910246103e-07,-3.80936897817969e-06,1.7616132482227e-06,-8.83342454217809e-07,-1.74623192564263e-07,-1.74831967198066e-09,-0.000146276557031921,-9.91695994035298e-06,-9.93478758097062e-07,-1.92216940808866e-05,-1.01994649922181e-06,-1.16276596367812e-06,-1.49753581277989e-06
"north_west","beta3",1.04480322768903e-07,-1.01721358130988e-06,1.9400901627021e-07,-5.83645395795724e-08,4.48946240328885e-08,-6.28034121319706e-09,5.76817081001561e-09,-1.9615563512618e-09,-5.60971961345042e-09,1.33957832564686e-08,1.04947274495155e-08,5.57817062195687e-09,-8.20554684347653e-10,9.8257901101399e-09,-2.33204153604907e-09,-6.10711308740311e-07,5.43962037428759e-09,1.2282368324055e-08,-8.74932589682533e-09,-1.89130436459942e-08,1.70728034539127e-08,-5.47171039610958e-09,1.6483425174234e-08,-2.91010825912924e-08,4.63261271221935e-08,-2.59603765989269e-08,1.0318002731485e-07,2.79583564483872e-08,-1.47773352572453e-08,2.12850825777042e-08,-9.33429645021101e-09,1.42160703492709e-08,-1.60294200164388e-08,5.61899383069962e-08,-6.7405069433816e-08,5.79131804905631e-08,-3.26118724980079e-08,1.19173841488187e-08,-2.85837592722806e-09,-3.13537627956356e-09,-1.37945167178509e-07,-4.09458791360223e-07,-5.49176112710502e-08,-4.54835872496366e-07,-4.94908096055798e-07,-1.44686340321205e-06,-2.36297420071882e-06,3.33263932578887e-06,-1.86333891346218e-07,5.19015172047075e-08,8.10984155052159e-08,1.40118832036235e-07,-1.79675392151486e-06,2.01585333888892e-07,2.39297084335105e-08,5.791137314879e-08,6.72426815169485e-07,-9.73808434006563e-10,1.03197313748149e-09,7.48126847945513e-10,-1.24321933793352e-09,-1.46329199359626e-10,-4.85905832695189e-10,6.60644722189794e-10,-1.07729003160546e-10,-1.2642457795581e-09,3.904773504374e-10,1.51340722367552e-06,5.81927645498666e-07,6.63133997936091e-08,4.06448830252667e-07,-9.51293058222741e-08,-8.94915523921926e-08,2.09118798788372e-06,-1.41467185052571e-07,-2.60564015805352e-07,2.25729446390253e-08,-2.72559296779207e-09,-7.79859918375388e-06,7.44188875851262e-08,-4.98888881268889e-06,5.93122426562368e-06,-2.03169014992363e-07,-3.60187704714277e-08,3.74262308666506e-08
"north_west","beta30",-1.62424854420393e-08,5.59747290544635e-07,1.27756556531817e-07,1.25148043778672e-09,6.22956257086482e-08,2.77022510292816e-08,-4.37894000144347e-08,3.36673425822389e-08,-5.39740950544372e-09,3.03430655777488e-08,5.57578238488518e-08,3.03283204679072e-08,3.98574297132603e-08,1.30416770283021e-09,1.13799332344427e-07,-1.97788950670806e-07,6.40910176641699e-08,9.90585671107755e-08,8.58810368354182e-08,6.96784623010875e-08,8.17951945233312e-08,1.25853793036364e-07,1.3865922719644e-07,8.32617553563732e-08,2.65519960071754e-07,8.32970561455386e-09,2.79583564483872e-08,3.01225983190751e-07,8.31982387063167e-08,1.91340721137289e-07,3.1014597019085e-08,1.34936948920866e-07,5.42060165641213e-08,1.85677990986903e-07,-7.25064265149899e-09,-2.75329025306855e-09,6.32947010722896e-08,-6.30093686016369e-08,6.32111058505909e-08,-1.39273992634502e-08,-4.25601892381722e-07,-5.08231012479651e-07,-1.17271490387575e-07,4.39069011141662e-07,-1.64200335996991e-07,-1.53000961112159e-06,-6.11176589151435e-06,2.25073119303341e-06,3.31016410328497e-07,6.40297895165065e-07,1.36164831624033e-07,-7.44702253136275e-07,-5.06194844183725e-06,3.3977452476648e-07,3.64189347754624e-08,-1.21010741199345e-07,-2.36076397585427e-06,4.41305316376481e-09,6.36449121822937e-09,8.88557321902249e-09,2.47764679360344e-09,1.51118075714057e-08,3.2284910068967e-09,4.95507048692423e-09,2.57763207881479e-09,1.67321617607081e-09,8.31653354443024e-09,9.50170202771374e-07,6.11500119849429e-07,-9.49996236295137e-07,2.23534261907159e-07,8.55864024569257e-07,-2.17139752651249e-06,5.96602014775573e-06,7.66996984625268e-07,3.66864529412208e-07,5.41643666301442e-08,-4.70152023293544e-09,-0.000131467151309663,-1.39321594031807e-05,-2.04196298950097e-05,1.49111536923854e-05,-1.52859657740221e-06,-1.97835475657202e-06,-7.16825850468859e-07
"north_west","beta31",-1.35255682728882e-07,6.22509038701362e-07,9.50734805353415e-08,1.22807066567334e-08,-4.11065131559451e-08,-1.07184291302409e-08,2.86132716204717e-08,-1.38201915423659e-08,4.22553261256364e-08,-1.84597533810139e-08,3.06866603736584e-08,3.44446224959978e-08,4.71606450985563e-08,1.29144697805981e-08,1.13001361939669e-07,3.2626637406513e-07,8.89669732521937e-08,6.0422474727607e-08,1.27979227699398e-07,8.70537306874039e-08,8.43417728303637e-08,1.40462128660106e-07,1.3978151706226e-07,1.39365858396324e-07,2.06204774716168e-07,2.15806616700133e-07,-1.47773352572453e-08,8.31982387063167e-08,3.35773218954419e-07,1.55033504099571e-07,1.32906952396566e-07,1.55272595608757e-07,1.24728207515589e-07,2.46358729876583e-07,1.66798494507915e-08,-2.29003822645962e-08,4.36084120821044e-08,-5.47019230668436e-09,-7.45876034531994e-09,4.49368099776152e-08,6.70959972246626e-07,-5.87169362564424e-07,-1.5792079670574e-07,4.39070975987811e-07,1.65407176395527e-07,-6.45852557933301e-07,-3.96393897660825e-08,-3.89843647968876e-06,6.74675593746415e-07,-1.78031260370379e-07,1.92269714785772e-07,-1.49676856959433e-06,1.36850928597211e-06,1.74471755543263e-07,2.30622696045509e-07,-5.54395193471926e-08,9.89185425528565e-07,8.12595582615077e-09,1.34139230613563e-08,1.2421087498184e-08,8.25950334154579e-09,1.97849877705963e-08,7.69693716664082e-09,9.17531328231118e-09,5.98779339395236e-09,5.60433998823539e-09,1.02483404824243e-08,1.16890165567072e-07,-1.59956654810554e-06,-7.61339848570515e-08,7.18884194953188e-08,-1.20649437236006e-06,-3.93375165369192e-07,-1.93411624941787e-06,1.09692916581259e-06,-6.19036274366103e-07,-1.60094335892125e-07,3.6338625450742e-10,-0.000174373896082804,-1.50661560943087e-06,-1.60084727817449e-06,-1.01340060069406e-05,-1.48402342344836e-06,-1.49520971141076e-06,-2.79657044862521e-06
"north_west","beta32",-9.46648977840987e-08,-1.74201899005979e-06,-4.27964321341584e-08,1.35240058286394e-08,3.69225913709967e-08,-1.09873599809824e-08,1.93193273512365e-08,-7.68077623662977e-10,3.64810988288204e-08,-3.8971491313297e-08,1.13901820368688e-07,3.26287840564585e-08,4.03839407694918e-08,1.31082310118869e-08,1.07752523837253e-07,-6.35879118049022e-08,7.24972719851865e-08,9.92466861169675e-08,1.06929667448397e-07,2.53260667515197e-08,1.17675820208109e-07,1.11897652105143e-07,1.63188044019467e-07,5.98045053434314e-08,2.83810287444188e-07,1.06239666671209e-07,2.12850825777042e-08,1.91340721137289e-07,1.55033504099571e-07,5.26161274684197e-07,2.85535807509673e-08,3.80826685824374e-07,1.16694869622433e-07,4.1310011805783e-07,-2.96962911519165e-11,-1.31422515564844e-08,5.99687594394134e-08,-6.7622839772568e-08,7.98277846960892e-08,2.1351098855243e-08,9.40233758767757e-07,-6.81482971912635e-07,8.45475879516398e-07,7.92433581991113e-07,6.76060926100045e-08,-3.21330150432987e-06,-1.54506958587826e-06,3.39402360439268e-06,-1.07322574768796e-06,8.02573275638435e-07,4.62539553424467e-07,-3.95774803909129e-07,2.58710455449221e-07,3.20823286646555e-07,-2.07447288348735e-07,-1.76952337458713e-07,-2.07428977833834e-06,3.4958586095463e-09,9.71204880787293e-09,7.67765665199928e-09,3.28738768872883e-09,1.47031902584649e-08,3.20772606260586e-09,5.13541260450108e-09,1.6228842572549e-09,1.13676460235048e-09,8.6753835580055e-09,1.19537772599582e-07,-3.72172129711115e-07,-4.91507315024875e-07,1.61555686596793e-07,-1.94226102968714e-06,-1.09218902279452e-07,-3.16872114961334e-07,2.71938280664285e-06,-1.34612681869932e-06,-3.099371962587e-07,3.52038227831465e-10,-0.000128715902540711,-2.96657255356077e-05,-8.24194772039061e-05,5.13776674186027e-06,-1.57683136380258e-06,-2.14680908910679e-06,-4.9151179815087e-06
"north_west","beta33",-4.56334821133686e-08,4.04077957761534e-07,4.36249227502361e-08,-2.80124973777673e-08,-3.77922536353894e-08,-9.93042219928767e-10,4.22119177148554e-09,7.27267792677908e-09,8.77402590161879e-09,3.40598787505929e-09,1.00641813075415e-09,9.2586345138486e-09,1.92585101388365e-08,-1.24387512445151e-08,6.07778330474364e-08,1.86901314580569e-07,2.05507788062118e-08,3.07947532262229e-08,4.62629234913261e-08,1.05016041186167e-08,4.33587669134375e-08,4.83737642681003e-08,4.91624941353301e-08,6.69103385333263e-08,5.99932213976486e-08,8.54445555900483e-08,-9.33429645021101e-09,3.1014597019085e-08,1.32906952396566e-07,2.85535807509673e-08,1.72342116359261e-07,-8.16240349056048e-08,1.81542963787534e-07,-7.83485615512155e-08,5.02730337683326e-09,-8.51135624357443e-09,4.45585877128591e-08,-2.83696347499847e-08,1.94585772900883e-08,2.49846770071051e-09,-3.63236552801366e-07,-3.99642833998606e-07,-5.35292288693314e-07,-1.91787277959843e-07,-2.9407128185876e-07,-1.14884753085861e-06,5.30566947536607e-08,-5.15901547865028e-07,7.37500029785129e-07,-6.10868050036418e-09,7.42783223818403e-08,-6.01566004617445e-07,-2.47920066652284e-07,1.95705832100306e-07,7.3880189333006e-08,-1.23383623259793e-08,6.53449821710562e-07,2.42817201437579e-09,5.05514183682464e-09,4.39547870579943e-09,4.05630701318319e-09,3.60163459881842e-09,2.50565820071076e-09,5.24031672814564e-09,2.3834929363699e-09,3.59034760238745e-09,1.58933037163789e-09,-3.51957752436586e-07,-4.80988806912996e-07,8.36917792029827e-07,-2.79701647796457e-07,9.90380230627862e-08,-9.64952429230221e-07,1.30020647548755e-07,1.04741062403415e-07,3.05300177355336e-07,-1.8514956130864e-08,3.68107305508351e-09,-5.2768272624575e-05,6.34070994114944e-06,-2.20513752797872e-05,-1.14000402782311e-05,-4.34640352673271e-07,-6.19866531964162e-07,-1.86222586852438e-06
"north_west","beta34",1.54798463007666e-08,-6.05886695231116e-07,9.30255943355207e-08,7.42290369697472e-08,2.2197203408346e-08,-2.94528361304015e-08,3.45412428018135e-08,-2.22952105025625e-08,4.49122474347588e-08,-3.47043564445638e-08,9.60204098502293e-08,1.91214505385117e-08,3.7562415597866e-08,1.2199671139457e-08,7.93614437947995e-08,-1.07994880123233e-07,6.2462708514978e-08,7.26623488344824e-08,5.76816726826837e-08,8.6160560648325e-08,6.52819323056456e-08,1.01960735868366e-07,1.21066525217264e-07,5.97624133777814e-08,2.14069171728292e-07,1.15961759904261e-07,1.42160703492709e-08,1.34936948920866e-07,1.55272595608757e-07,3.80826685824374e-07,-8.16240349056048e-08,7.13693854978398e-07,-3.07483934832128e-07,1.00074964802646e-06,3.71776290255692e-09,1.86897111452211e-09,-2.14607919532634e-08,2.67049156674801e-08,-2.14722384970747e-08,6.75573906517268e-08,1.63604023795152e-06,-6.98388483957917e-07,3.23697492993317e-07,1.17076546659627e-06,1.22134202141091e-06,-2.22919378763895e-06,1.58324768705621e-06,-4.63262107847261e-06,-2.4953198467379e-07,7.31461121906974e-07,3.72689853761264e-07,-5.82681106103716e-07,1.47528654301497e-06,5.02164110831899e-07,-7.00268082874726e-08,-1.39185645784259e-07,-2.6977797875845e-06,5.79605354878553e-09,1.06468571203808e-08,1.01884925202138e-08,3.57261408162411e-09,2.16785577947224e-08,3.58527093277003e-09,4.5293507933146e-09,3.16309286060966e-09,4.89408470660609e-10,9.4159297424107e-09,1.99273325052231e-08,5.88566357602977e-08,-2.34026793418304e-06,-2.47967439416124e-07,-1.35041378468363e-06,1.92681758460962e-07,-5.58286318203512e-06,8.53752070396441e-07,-7.56584094998525e-07,-7.93436692650535e-08,-2.99101769699439e-09,-0.000114315201543518,-2.28001517775167e-05,-6.00293811454753e-05,-1.98309298008278e-06,-1.16870856057493e-06,-1.51133278948293e-06,-3.57555757539023e-06
"north_west","beta35",-9.52589650170262e-08,-1.48655748933318e-06,-9.74252245554253e-08,-8.27658750924443e-08,-1.23283024052025e-07,1.27783696291607e-09,2.88091937142556e-09,2.65665748929876e-09,2.41658516120181e-08,-4.16304921238332e-08,6.56068074054176e-08,1.11870024949224e-08,1.62301269749383e-08,-1.25971547950786e-08,5.67929123285604e-08,2.52533024267397e-07,3.53621381103611e-08,2.479980259332e-08,9.76903511804379e-08,-2.42793812814529e-08,5.20942742711137e-08,5.26296655136522e-08,7.66188440590092e-08,6.02922850121222e-08,8.23772538781265e-08,9.31646293124267e-08,-1.60294200164388e-08,5.42060165641213e-08,1.24728207515589e-07,1.16694869622433e-07,1.81542963787534e-07,-3.07483934832128e-07,7.05513154858186e-07,-1.14231964597337e-06,9.05329956717362e-09,-2.40468777925914e-08,8.2921906778701e-08,-6.79406178771471e-08,5.14064826706656e-08,-1.19088124128308e-08,-7.13997814702787e-08,3.34219721847982e-07,-1.81931453098959e-06,-1.73286016651948e-06,3.09124729394026e-08,-3.00656600246425e-07,-1.55951736550187e-06,1.11434741997993e-06,-1.83500466126882e-06,-2.96648934067576e-07,-2.19240275741965e-07,-4.25903645804838e-07,-3.44182231167123e-07,-3.69912347191002e-07,1.17821122147837e-07,-4.5057884761388e-08,9.27947028437643e-07,2.24719304729146e-09,3.11240564971055e-09,4.8356782359462e-09,5.96269219314958e-09,6.0988428696775e-09,3.51874751981579e-09,5.84693592017804e-09,1.92662049130172e-09,5.84740633764891e-09,4.36057213861468e-09,-7.63335619459332e-07,3.78951531329715e-06,1.40803490151082e-06,-2.08926100151705e-06,-1.05301997715804e-06,-4.11097131269207e-07,1.97722791059673e-06,1.7686407926906e-06,-4.5189448850849e-07,-1.81071380311036e-07,1.91789939123415e-09,-2.79518146599265e-05,4.65236905529373e-06,-2.77261226785627e-05,-4.59900016354646e-05,-4.72865756809985e-07,-8.63060716048043e-07,-2.30352005833704e-06
"north_west","beta36",-7.16383108805927e-09,-7.84067327496641e-07,5.2683759681856e-07,1.00404856433501e-07,3.41479932936442e-07,-3.16096987281083e-08,3.95344927788647e-08,-2.79507692085062e-08,6.50181810921964e-08,-1.37543687491738e-08,4.96715627930047e-08,4.49642795358258e-08,5.61244350620878e-08,4.94853017714938e-08,1.13378200657129e-07,-1.76730040878503e-07,7.48343391927569e-08,1.25600552758781e-07,5.52920171792676e-09,1.64407649878579e-07,9.80838258475488e-08,1.51138603243899e-07,1.24348346830041e-07,1.16605141792635e-07,3.30280031645281e-07,1.21520357010725e-07,5.61899383069962e-08,1.85677990986903e-07,2.46358729876583e-07,4.1310011805783e-07,-7.83485615512155e-08,1.00074964802646e-06,-1.14231964597337e-06,3.6553730695764e-06,-7.64414960614201e-09,-1.09218692528633e-08,-8.48341956357134e-09,1.66250155624184e-08,1.45221561354278e-08,8.11902860265832e-08,3.60837351118704e-07,-2.53413994598164e-06,2.1684418945791e-06,3.74839411512435e-06,-2.08750670544904e-06,-5.57857101053371e-06,3.25685502201305e-06,-1.31869451564652e-06,7.46920823699905e-06,1.12352885103673e-06,9.68354627062363e-07,-1.01792032235055e-06,-1.85066342766537e-06,1.44684639199837e-06,-3.7733862776513e-07,-9.41729793155318e-08,-1.85695058164039e-06,1.08203444290112e-08,1.83633191568287e-08,1.60765082286751e-08,2.42849287049119e-09,2.66865187692016e-08,3.25289440826853e-09,8.29099139370245e-09,4.38075332453914e-09,-5.78174378624828e-09,1.27675420658868e-08,3.88453965058477e-06,-7.45863169670222e-06,-3.36020164501308e-06,7.26238791714793e-06,-2.5556353060837e-06,9.78460383006112e-07,-3.60949665204075e-06,-3.28805196095583e-07,-6.94027104066792e-07,4.51856234099039e-07,4.22343645916358e-09,-0.000214615207741352,-3.72189503580617e-05,-6.96655139847884e-05,0.000141977621886212,-1.8856349188953e-06,-1.64811383691741e-06,-4.39726210122532e-06
"north_west","beta4",-9.01358048585594e-08,3.10500796593121e-07,-1.52379225790917e-07,5.94939690062971e-08,-1.23893388544692e-08,4.0377538848573e-09,8.71161420586355e-10,-5.69176342568507e-09,1.38436304722265e-08,-1.33737704095694e-08,8.17176980763811e-09,-2.3957607679626e-09,1.7806035906833e-09,-1.17690489465846e-10,4.22921192356412e-09,2.9253410178279e-07,-5.11272046028306e-09,-1.37024577062418e-09,8.62954993861739e-09,4.13881935436706e-09,-4.61425342198582e-09,6.96863694417477e-09,-3.43870544821364e-09,2.4752585612448e-08,-2.38784738366734e-08,2.02632140362391e-08,-6.7405069433816e-08,-7.25064265149899e-09,1.66798494507915e-08,-2.96962911519165e-11,5.02730337683326e-09,3.71776290255692e-09,9.05329956717362e-09,-7.64414960614201e-09,6.22771394511144e-08,-7.15470043623503e-08,5.33967031899218e-08,-2.97723532344011e-08,1.7313912646787e-08,3.8973242304887e-09,-2.96837206501456e-07,-3.32787421230235e-07,-9.89748710172029e-08,3.01917784640392e-07,3.9107344586134e-08,1.12940159812103e-07,8.07721899886834e-07,-1.48064991907602e-06,4.88671039575688e-07,1.76010755133492e-07,-1.23638421775962e-08,-1.92514025661436e-07,6.8329962413785e-07,2.89431871775046e-07,5.56213673014136e-08,-8.93210972680299e-08,-4.78585970385799e-07,1.08857730669516e-09,6.71803130551428e-10,8.71478718617493e-10,1.1354989804614e-09,2.94115199675187e-09,3.61660970357446e-10,9.440523683883e-10,6.84477941279516e-10,8.66782599045198e-10,9.57815739627338e-10,-8.3751006888192e-07,-5.63195152638303e-07,-1.07167694417812e-07,-9.66631022154839e-08,9.32688209843205e-08,-1.76927878302098e-07,-8.38151080009562e-07,3.72017548315962e-07,4.09111786211622e-07,-5.44913013835305e-08,1.66530550699442e-09,9.22678285605933e-06,-1.54945536972212e-06,1.86097525002587e-06,-2.12728735307024e-07,1.67060515985591e-07,3.09901094085455e-09,-2.03423512066802e-07
"north_west","beta5",1.25430266848106e-07,3.50043273856014e-07,6.71191878735949e-08,-3.94138734036829e-08,4.36794731978051e-08,7.50360506939161e-09,-1.84222683017292e-09,8.53813370570702e-09,-1.06547668573497e-08,2.62944499694733e-08,-1.59453266106018e-08,1.97637190917406e-10,-1.14923347489569e-10,-9.99881539227492e-09,4.05606592885685e-09,-3.91808422365196e-07,9.41341834301728e-10,-1.14627027319452e-08,-7.9002457712271e-09,1.97154686221095e-08,-1.47903437338271e-08,-5.63489263531462e-10,-7.48966744993537e-09,-2.9149681446804e-08,1.60018487202255e-08,-1.48626718763003e-08,5.79131804905631e-08,-2.75329025306855e-09,-2.29003822645962e-08,-1.31422515564844e-08,-8.51135624357443e-09,1.86897111452211e-09,-2.40468777925914e-08,-1.09218692528633e-08,-7.15470043623503e-08,1.70302749545398e-07,-2.15192897355762e-07,1.18494910020927e-07,-5.84603047960898e-08,-7.2032137616512e-09,2.11614880318988e-07,9.62227518900799e-07,-8.78444690603335e-07,-1.1412700086491e-06,-7.76841510890564e-08,2.63786322289025e-06,2.39727012264773e-06,5.41603458016319e-07,-1.28311821830751e-06,-4.97448446460454e-07,-7.39432957715872e-08,-3.72103252105105e-07,-8.9399492253256e-07,-5.57642149057106e-07,-6.0250700900692e-08,1.08782423680688e-07,1.49784308515663e-06,-1.37513600219194e-09,-1.43378970297873e-10,-1.09682382010664e-09,-4.28956083207364e-10,-2.70547634990672e-09,4.74011959457419e-10,-9.48488356247579e-10,-2.8083205868342e-10,-1.289754671044e-10,-5.26676710306132e-10,-1.06804223599954e-07,1.82166350604546e-06,4.40248864642114e-07,-6.50971369459788e-07,6.17305735375131e-07,3.72923637595825e-07,4.00853640481312e-07,-9.27443240041122e-07,-1.67496767408867e-07,6.47101550836831e-08,-3.18679020067747e-09,5.23453344659786e-06,1.04563391740886e-05,4.27616572139371e-07,1.01095307133957e-07,6.03933805697698e-08,1.68230902921336e-07,2.19565399314391e-07
"north_west","beta6",-1.30668409897095e-07,-3.25644121225868e-07,4.17237157656218e-08,2.52864107990216e-08,1.34813659248036e-08,2.11870602573576e-08,-2.42998326859911e-08,-2.48886952179426e-09,1.04163714809671e-08,6.75363158960206e-09,1.11583680141396e-08,9.36490294103405e-09,1.07981134420722e-08,2.23448206617284e-08,3.87102142052046e-09,2.93180990250127e-07,1.1235533397638e-08,3.82802074090299e-08,3.46786926625679e-08,-7.8125296034406e-08,5.23386215605545e-08,1.3493612816023e-08,4.23948737389073e-08,1.96757005389948e-08,6.10687929998543e-08,-2.75454678253661e-09,-3.26118724980079e-08,6.32947010722896e-08,4.36084120821044e-08,5.99687594394134e-08,4.45585877128591e-08,-2.14607919532634e-08,8.2921906778701e-08,-8.48341956357134e-09,5.33967031899218e-08,-2.15192897355762e-07,4.7611452593071e-07,-3.59178115699705e-07,2.36244045390396e-07,-3.14401085578835e-08,4.81732162856665e-07,-1.03037948785142e-06,2.87444394336619e-06,2.8268384154222e-06,7.40918461362347e-07,-8.25745295577024e-06,-5.71801029622273e-06,3.80379087674866e-06,1.50706705295779e-06,7.87554333253659e-07,2.58503678304845e-07,1.52837912561138e-07,-2.33653682981007e-06,5.59709604540278e-09,-1.31661178967997e-07,-7.13960037993741e-08,-3.30621301008361e-06,3.27085713057766e-09,1.92189651684198e-09,4.85559881723768e-09,3.69734902078183e-10,1.2716179967704e-08,-5.35137292862606e-10,2.5992012040487e-09,4.31864437400446e-10,-2.70589012194923e-10,3.07579157879255e-09,2.37842191157468e-06,-3.31529747415357e-06,-1.07097212934468e-06,1.36972898407029e-06,1.56362083596124e-07,-1.35483720355025e-06,3.46333394754318e-06,1.34162772838296e-06,-1.90979302974562e-07,-9.92027765151148e-08,1.56811127599787e-09,-3.35234755864606e-05,-1.59970471230934e-05,-8.76364978902048e-06,1.59255540254799e-05,-3.59833419521802e-07,-3.7445312026616e-07,-7.87903894769952e-07
"north_west","beta7",7.56068333738461e-08,3.19340055914652e-07,3.2797599672332e-08,1.74607947110028e-08,-7.28948437823705e-08,-4.16831991570607e-08,3.48473844881841e-08,3.70808804656998e-09,1.65702841622185e-09,-1.45756838505798e-08,-2.86764800101442e-08,-5.14328199262914e-09,-5.4504439327882e-09,-1.31733841434462e-08,-1.24255578959293e-08,3.67604672743309e-08,6.23310019553168e-09,-4.29615750772745e-08,-1.17838939642176e-08,8.06588333719694e-08,-4.33366689661936e-08,6.29216708252932e-10,-4.06010567782083e-08,1.83094186168451e-08,-7.60646733540228e-08,4.36131267207441e-08,1.19173841488187e-08,-6.30093686016369e-08,-5.47019230668436e-09,-6.7622839772568e-08,-2.83696347499847e-08,2.67049156674801e-08,-6.79406178771471e-08,1.66250155624184e-08,-2.97723532344011e-08,1.18494910020927e-07,-3.59178115699705e-07,4.17164691050248e-07,-3.92961890347971e-07,9.82955622941137e-08,-6.6461221520199e-07,8.54579239902005e-07,-2.62938339165312e-06,-1.97958158097337e-06,-1.22447556687608e-06,7.99155377114747e-06,4.57971640255573e-06,-6.14234118750319e-06,-1.0978534303528e-06,-6.97918053654676e-07,-3.02174365118428e-07,-4.21715755926657e-07,3.36256835935128e-06,2.27378652948024e-07,3.23935668269547e-08,3.74585560904134e-08,2.44772366672025e-06,-1.35600885641598e-09,-8.53998118784553e-10,-7.28023512211609e-10,9.58055337109887e-10,-8.90633131248448e-09,9.55720437443596e-10,-1.19796609160605e-09,3.87861626563107e-10,1.4388755291581e-09,-1.46133896317757e-10,-3.09565528488567e-06,2.92232919753572e-06,-5.23210704899066e-07,2.66526465955532e-07,-9.95121841030831e-08,1.55638826921638e-06,-4.97263022520847e-06,-1.18825129433568e-06,4.10222684116722e-08,4.52737391904044e-08,-2.74179311393698e-09,1.98343877617961e-05,8.83943721473365e-06,1.3764293062388e-05,-2.86690254869588e-05,3.01867861612039e-07,3.40516551009098e-07,6.44737061626611e-07
"north_west","beta8",5.10903966790385e-09,-5.81647680778931e-07,-1.85537766258076e-07,-6.98103399302094e-08,7.05762747723213e-08,9.12950316538408e-08,-6.00893311314669e-08,2.37361029961294e-08,-1.49320433967255e-08,4.07218973846787e-08,2.38817320067136e-08,8.65266621792418e-09,3.22717386027557e-09,2.43854767948244e-08,1.01401789598648e-08,-1.49546620412464e-07,-8.09877053529956e-09,4.01785853934786e-08,-1.14812900289399e-08,-8.28685483388758e-08,5.35048448648549e-08,-2.05238006610978e-08,5.37579991732828e-08,-3.94376182896373e-08,8.79441563609026e-08,-7.07772316652166e-08,-2.85837592722806e-09,6.32111058505909e-08,-7.45876034531994e-09,7.98277846960892e-08,1.94585772900883e-08,-2.14722384970747e-08,5.14064826706656e-08,1.45221561354278e-08,1.7313912646787e-08,-5.84603047960898e-08,2.36244045390396e-07,-3.92961890347971e-07,5.4938574255009e-07,-2.26943606950834e-07,1.07519429643829e-06,-1.15108677082481e-07,2.42127683821461e-06,1.39238959878598e-06,1.90018577827374e-06,-7.54423941755599e-06,1.58208890244998e-06,8.77712327409092e-06,-2.51933745041413e-07,5.59827278787859e-07,3.62643797810165e-07,-2.72116069730016e-07,-3.97215625606143e-06,-6.91112690807782e-07,-1.05922494094689e-07,4.41569110799728e-08,-1.80118724654378e-06,1.43557803664381e-09,1.41390754386743e-09,-1.31169000175913e-09,1.0732705710598e-10,1.46665046031859e-09,4.19868226872336e-10,8.53755155901296e-10,-5.18176257834876e-10,-1.31599792196045e-09,-4.21039388320985e-10,3.27817608587092e-06,-2.41014426835049e-06,1.4252740290984e-06,-1.8885484313604e-06,7.84817734552606e-07,-1.43604385615411e-06,5.58655403768912e-06,6.60956574483664e-07,4.36847578125409e-08,-6.59607665047096e-08,6.28456517873339e-09,-1.44166454257784e-05,5.48681009340656e-06,-1.75991539811083e-05,1.36838902622796e-05,-2.34294146924246e-07,7.97047707457063e-08,-9.6710942880426e-07
"north_west","beta9",-1.33372380735099e-07,-6.341111944437e-07,1.25414975431407e-07,3.12495061183883e-08,-3.63627143098375e-08,-1.51677715590273e-07,1.4578107371268e-07,-4.39883918988932e-08,3.81392770368967e-08,-2.38199068801042e-08,2.17770574058759e-08,5.22346270976897e-09,6.79679888837617e-09,1.67044616700396e-08,1.38277168832779e-08,1.6815310948427e-07,-6.85903953003657e-10,8.05381907476689e-10,3.36952295907708e-08,2.07995212761583e-08,-1.50488384896528e-08,2.81493914418444e-08,8.78819233612104e-09,1.09620217761605e-08,-9.34596731957575e-09,6.26645920952261e-08,-3.13537627956356e-09,-1.39273992634502e-08,4.49368099776152e-08,2.1351098855243e-08,2.49846770071051e-09,6.75573906517268e-08,-1.19088124128308e-08,8.11902860265832e-08,3.8973242304887e-09,-7.2032137616512e-09,-3.14401085578835e-08,9.82955622941137e-08,-2.26943606950834e-07,2.65774692809987e-07,3.09745332401619e-07,-4.41984777668948e-07,-5.33995140096894e-07,6.10801686707156e-07,1.83808590306829e-07,1.96449370229633e-06,-8.38926598340009e-06,-4.42019308771195e-06,1.3218477638319e-06,6.7455802076384e-08,3.50531698544198e-08,-1.99765585161019e-07,3.86553951494027e-07,3.04218418943645e-07,-1.05172641080874e-07,-3.43293224047903e-08,-7.1859862801713e-07,1.23367542849847e-09,2.8402526693333e-09,4.55741869776168e-09,2.42776243289322e-09,6.33425450238837e-09,-8.88163237736439e-10,2.07407807163246e-09,1.37881099899115e-09,1.90888223586037e-09,1.86358568043594e-09,-2.09234092578836e-06,3.56665912795301e-07,-1.00390570356247e-06,5.78175962525638e-07,-5.48084632511415e-07,1.05639617910478e-06,-2.19963143172838e-06,-6.41708902306558e-07,4.78656936553279e-07,7.09700153456746e-08,1.8159500229554e-09,1.03733728204255e-05,-1.36326083815407e-05,-2.46740396852324e-06,-1.04476321606955e-05,3.42397705140444e-08,-1.15631179319087e-07,-4.51845924085669e-07
"north_west","mu_D",-7.63146174506862e-07,3.80560607582107e-05,2.909813765297e-06,-1.19220189112572e-06,5.70159660144594e-07,-3.41395574075113e-07,1.68963103234143e-06,-1.62736458206661e-06,1.68233181019726e-06,-1.08450341818821e-06,5.4229433031089e-07,2.10067546137375e-07,-3.02897166918377e-07,9.58047755976414e-09,-4.3956672825067e-08,2.76824391277392e-06,-2.63086027557958e-08,-1.13069548479842e-07,2.96743388573826e-07,3.14375241927995e-08,-7.90191993423746e-07,6.51078640870236e-07,-7.44344071028015e-07,6.36623719202789e-07,1.33319310907104e-07,-3.10991535245042e-07,-1.37945167178509e-07,-4.25601892381722e-07,6.70959972246626e-07,9.40233758767757e-07,-3.63236552801366e-07,1.63604023795152e-06,-7.13997814702787e-08,3.60837351118704e-07,-2.96837206501456e-07,2.11614880318988e-07,4.81732162856665e-07,-6.6461221520199e-07,1.07519429643829e-06,3.09745332401619e-07,0.000298890680422201,9.152093435468e-05,9.8137362541553e-05,0.000107164822808926,0.000174379214823521,-0.000108450667016999,5.32509983997316e-05,-3.32137607747108e-05,3.65333910967153e-05,-2.17259428590353e-05,9.00099395308296e-06,3.17464500957122e-06,-4.17760623158326e-05,-0.000118253828536391,-1.71928743571467e-05,5.22540105027243e-06,-8.13183133188078e-05,6.08801429553573e-09,-2.59466623937552e-08,5.25361592553354e-08,3.50430413772021e-08,1.35630989095077e-07,-5.88337438477983e-08,3.37136642864942e-08,1.40221963565117e-08,3.82765333460338e-08,-6.37321273370875e-08,-4.7698033832061e-05,-1.2217634530169e-05,-3.37391938007101e-05,-4.79889100407179e-05,-5.33270064925693e-05,5.52283232309963e-05,1.14435710304274e-05,-3.8734367427493e-05,-8.80409944010458e-06,5.09085285202812e-06,1.06778300914148e-07,0.00131438496140432,-1.51291855153416e-05,-7.95249986882878e-05,4.56582353180817e-05,9.50538610132371e-06,-2.44172148228985e-06,-1.66755737589453e-05
"north_west","mu_D_2",-8.55756999202513e-07,2.62254604091279e-05,1.9530218091925e-06,3.61446845804263e-07,-1.88803536164053e-07,3.27672785172043e-07,8.91016251952346e-08,-9.78877073306055e-08,2.13684266262421e-07,3.67602943318813e-07,-2.08655294340009e-06,-7.05764985991401e-08,-2.56575447184075e-07,-7.49903347419652e-07,-3.11067543565525e-07,5.88695111990223e-06,1.99875964651045e-07,-2.89733331768233e-07,-2.56253575260673e-07,-8.20169291616716e-07,4.87869814282969e-07,-7.35264905900995e-07,-3.38649006146112e-07,-2.73966792471691e-07,-9.89813916414288e-07,-9.13485411618719e-08,-4.09458791360223e-07,-5.08231012479651e-07,-5.87169362564424e-07,-6.81482971912635e-07,-3.99642833998606e-07,-6.98388483957917e-07,3.34219721847982e-07,-2.53413994598164e-06,-3.32787421230235e-07,9.62227518900799e-07,-1.03037948785142e-06,8.54579239902005e-07,-1.15108677082481e-07,-4.41984777668948e-07,9.152093435468e-05,0.000231431066091989,9.13557119861042e-05,0.000129281512144972,0.000109486206358532,0.000240791310546878,0.000132485937868998,-9.17263576668817e-05,3.71877956057105e-06,-4.03574565947855e-05,1.0983066337537e-05,-4.05960932028966e-06,-1.10493760760523e-05,-0.000128681151220153,-1.1061998086211e-05,5.39953508534227e-06,-2.51191717991286e-05,-4.76769210506827e-08,-1.49453177395307e-07,-1.51263512873719e-07,-8.14935446283751e-09,-1.54855977282049e-07,-1.50528812703983e-08,-1.42842103161203e-07,-8.03621712868682e-08,-1.09352710466277e-08,-1.29087768052654e-07,-4.2918328191682e-05,-0.000153067392582909,1.69217727342531e-06,8.93534771829344e-06,6.54227557264632e-05,-1.75635412444373e-05,-1.91965749663976e-05,-5.50867315547169e-05,9.87398004986111e-06,3.34911103471836e-06,-1.42565852799118e-08,0.000678871988611214,0.000355583803444214,0.00027245215110733,-0.00018732557292718,6.22651374993037e-06,-6.02335458195551e-06,1.57789206435381e-05
"north_west","mu_D_3",1.09000132951688e-06,7.07651976382444e-05,-7.14111389714088e-06,-2.98747756812634e-08,-2.47500645250182e-06,-1.00309622164229e-07,8.38267230915316e-07,-3.1046284604939e-06,2.64922320099743e-06,-4.18513767186261e-06,3.285472165936e-06,-1.90368693888245e-07,-1.15873750943273e-07,-6.20742899247045e-07,-6.81866548225364e-07,4.73317511196437e-06,9.30347054074778e-07,8.22639328676123e-08,1.47278696382659e-06,-5.15763633568214e-06,2.53471847412418e-06,-8.88341414356287e-07,-5.55968372665769e-08,1.38354699244161e-07,6.99455136476278e-07,-5.73355424364307e-07,-5.49176112710502e-08,-1.17271490387575e-07,-1.5792079670574e-07,8.45475879516398e-07,-5.35292288693314e-07,3.23697492993317e-07,-1.81931453098959e-06,2.1684418945791e-06,-9.89748710172029e-08,-8.78444690603335e-07,2.87444394336619e-06,-2.62938339165312e-06,2.42127683821461e-06,-5.33995140096894e-07,9.8137362541553e-05,9.13557119861042e-05,0.00103390213559432,0.000511162492603963,0.000323943694807603,-0.000585325613535924,0.000162604652815049,-0.000185481362048389,2.77428323527576e-05,-4.04141471375946e-05,9.45259140464251e-05,6.29405765401944e-05,9.45145774330927e-05,-0.000155375838305203,-3.07271157863308e-05,-1.03295978219116e-07,-0.000151495065467732,-5.09371454242545e-08,-2.35243784012529e-07,-1.26367679518352e-07,-1.63244552991296e-07,7.86652123619526e-08,-5.30337778267835e-08,-1.52040386908463e-07,-9.48360975504233e-08,-1.56292327614538e-07,-2.12746079839286e-07,4.05043348941287e-05,-0.00165512141640443,0.00038289559371817,6.97748472365467e-05,-9.47915147651035e-05,-3.32982610344409e-05,2.25478120376647e-05,9.19375564089227e-05,-3.72051465047949e-05,1.57378916596288e-06,1.29850573877788e-07,-0.000660525859032869,-9.0614093521239e-05,0.000373662750190782,-0.000968219365177347,-7.64989684420003e-06,-1.8663095681019e-05,1.59239738425194e-05
"north_west","mu_D_4",3.7753742340808e-06,8.06521289010301e-06,-2.22225886976528e-06,-4.38830261884682e-07,-1.31801073574132e-06,-8.26427568964792e-07,1.76182945731661e-06,-1.44600955203699e-06,1.61961842801097e-06,-2.45895991612512e-06,2.17681496226021e-06,-2.19221035179736e-07,4.81075581442395e-07,-7.14384993695332e-07,-1.75795043365801e-07,5.05089434082653e-06,6.89494614415247e-07,9.23841433142244e-08,1.89457244800658e-06,-4.69070482395767e-06,2.17838354708162e-06,-5.55007841369547e-07,1.5308368926278e-07,1.00572930970226e-06,-2.10362417620161e-07,-2.86236545597037e-07,-4.54835872496366e-07,4.39069011141662e-07,4.39070975987811e-07,7.92433581991113e-07,-1.91787277959843e-07,1.17076546659627e-06,-1.73286016651948e-06,3.74839411512435e-06,3.01917784640392e-07,-1.1412700086491e-06,2.8268384154222e-06,-1.97958158097337e-06,1.39238959878598e-06,6.10801686707156e-07,0.000107164822808926,0.000129281512144972,0.000511162492603963,0.00069240114803451,0.000301633083008693,-0.000151963828852339,-0.000258008922313625,-0.000174870661290559,-3.97428121885999e-05,-3.13481464309258e-05,7.46820884899855e-05,5.72568314282819e-06,7.51391390905683e-05,-0.000112892629041205,-8.54057510404967e-06,3.70779167992043e-06,-0.000152384382634267,1.59356391811046e-08,-1.75434432568926e-07,-1.24355094489415e-07,-6.30017518219359e-08,-4.75259333617739e-08,-1.00693507581794e-07,-6.95618668646279e-08,-6.20133723707801e-08,-4.4812961587072e-08,-1.52727963638308e-07,3.65425527318999e-07,-0.000922155834749491,-0.000248150410049381,0.000193097066232995,9.12563107651894e-06,-4.22923998751167e-05,-1.86095379344542e-05,-2.86561417433769e-06,3.58074064497414e-07,-6.78906982886318e-06,1.81834688899246e-07,-0.000711057665965057,-0.000156427315360739,0.000251841792260321,-0.000653164775758964,-8.05242708189339e-06,-6.75997213727889e-06,-1.36561010848099e-06
"north_west","mu_D_5",-2.29921448239204e-07,3.41420909335704e-05,2.44296415410657e-06,1.75333980500122e-07,-4.44678054395038e-06,-7.82876661208321e-07,1.88252141180931e-06,-9.75819535476283e-07,7.26511756846146e-07,-1.91695888961463e-06,1.97187195713311e-06,-3.37294509693773e-07,1.54069946015815e-07,-1.21238949339657e-06,1.12178908510248e-06,6.55727572352239e-06,-5.63290539804835e-07,4.28012712206276e-07,-1.87108325415042e-07,-2.25641300553334e-06,1.27301328511761e-06,-4.0298019641153e-07,-3.71229890701369e-07,-9.90436005031385e-08,7.16448310547643e-07,-7.65035415203517e-07,-4.94908096055798e-07,-1.64200335996991e-07,1.65407176395527e-07,6.76060926100045e-08,-2.9407128185876e-07,1.22134202141091e-06,3.09124729394026e-08,-2.08750670544904e-06,3.9107344586134e-08,-7.76841510890564e-08,7.40918461362347e-07,-1.22447556687608e-06,1.90018577827374e-06,1.83808590306829e-07,0.000174379214823521,0.000109486206358532,0.000323943694807603,0.000301633083008693,0.000712216784635008,-0.000177842796251234,2.19634057310346e-05,-4.48388134990186e-05,1.61800504860955e-05,2.2924682922462e-06,5.15641901522048e-05,1.28490408187013e-05,-5.63321309599419e-05,-0.000117378030129705,-1.74283807732582e-05,1.90657275483213e-06,-0.000120149669912509,4.70083615961481e-08,-1.49656995110577e-07,5.63391536417667e-09,-3.00661714045271e-08,-2.92619299756769e-08,-2.59533447042977e-09,-8.42963357533643e-09,-6.50110207705222e-09,5.08127270293167e-08,-1.46145560358648e-07,-0.000108709144797442,-0.00047367673282073,-6.41409475435143e-05,-0.00036729130916915,-1.19891372624282e-05,5.05887868965454e-06,1.19696847608798e-05,-6.61966228253557e-07,-6.56340664922847e-06,4.20124643342991e-06,7.52081168980706e-08,0.000122555782405803,0.000313878081971884,0.00021114726790744,-0.00196167327170159,3.65493861073401e-06,-7.11942234771261e-06,4.6098681617811e-06
"north_west","mu_gamma_H",2.00175388718761e-08,4.44210831946342e-05,-5.34616449544273e-06,7.86226591453866e-06,2.07168483575392e-06,-4.08683984234354e-07,3.34438658039983e-07,2.27856758299288e-06,-2.43838051326732e-06,5.61352965499148e-06,-1.16433098610431e-05,-7.59152245582951e-07,-5.05595458183057e-08,-5.48451565258567e-06,1.17535480755534e-07,9.93428610361957e-06,6.4129351914347e-07,-2.13347628230713e-06,-4.99008111514849e-07,6.73423039717297e-06,-3.09104663412144e-06,-1.78705756470375e-07,-1.78663135566505e-06,2.03847190380855e-06,-4.62667192491657e-06,1.63880623248658e-06,-1.44686340321205e-06,-1.53000961112159e-06,-6.45852557933301e-07,-3.21330150432987e-06,-1.14884753085861e-06,-2.22919378763895e-06,-3.00656600246425e-07,-5.57857101053371e-06,1.12940159812103e-07,2.63786322289025e-06,-8.25745295577024e-06,7.99155377114747e-06,-7.54423941755599e-06,1.96449370229633e-06,-0.000108450667016999,0.000240791310546878,-0.000585325613535924,-0.000151963828852339,-0.000177842796251234,0.00251393569793803,-8.49648047789985e-05,-0.000203283670356991,-1.08915239603828e-05,-3.58207735619576e-05,-3.00328193317714e-05,-4.21990257955052e-05,5.29013004935177e-05,5.26220415369357e-06,1.556845678715e-05,4.77799061778547e-06,0.000232779309765542,-7.69103002514527e-08,-4.07409714834994e-08,-2.70391794865578e-07,9.07845220788969e-08,-6.7005717032251e-08,1.41123683209617e-07,-1.06037158554314e-07,-1.52448304973164e-07,1.14267429519772e-07,6.51227381239892e-08,-2.18947772172625e-05,0.000520319199818832,-0.000234642207322885,0.00013316442952538,5.30403903142008e-05,0.000130268412514015,-0.000186722936577978,-3.3568705085908e-05,-4.64805300523567e-05,-4.44873544306844e-06,-4.55839240613631e-07,0.00310824870560159,0.000438272780502887,0.0011523122647623,0.00119314460273334,4.41004155648338e-05,-3.57802994408433e-05,5.37566255679842e-05
"north_west","mu_gamma_H_2",8.54003635272322e-06,-9.08564442085309e-05,-1.40878367588872e-05,2.12818003815634e-06,2.62909911570022e-06,5.05829763529505e-06,-4.15593547465309e-06,-9.51590398090015e-08,-2.56729919264372e-07,5.79614976519158e-06,-8.60338103572573e-06,-9.92163445663762e-07,-2.18980966435042e-06,-2.22806559987376e-06,-1.3197495623055e-07,-1.86317413261858e-05,-9.70171460793485e-07,-1.93441544186365e-06,-5.59629026300501e-06,6.75416724677585e-06,-2.44764914634477e-06,-1.52425770744517e-06,-2.60443465893755e-06,-1.43327789259805e-06,-1.9982899704066e-06,2.22203472383293e-06,-2.36297420071882e-06,-6.11176589151435e-06,-3.96393897660825e-08,-1.54506958587826e-06,5.30566947536607e-08,1.58324768705621e-06,-1.55951736550187e-06,3.25685502201305e-06,8.07721899886834e-07,2.39727012264773e-06,-5.71801029622273e-06,4.57971640255573e-06,1.58208890244998e-06,-8.38926598340009e-06,5.32509983997316e-05,0.000132485937868998,0.000162604652815049,-0.000258008922313625,2.19634057310346e-05,-8.49648047789985e-05,0.00406669163702963,-0.000590619341476774,-0.000125849431753865,-3.35321377847145e-05,-9.14116183300699e-06,1.92307245270244e-05,0.000268466812270087,-0.000164313484695913,-3.45563461526499e-05,3.18455041786257e-06,0.000117674743199455,-1.86236094753486e-07,2.3143727011584e-07,-2.73312237638544e-07,1.83326785782784e-09,-5.74417246725415e-07,1.97985891873898e-07,-1.50780576058452e-07,-1.38191560724268e-07,5.86510893138372e-08,-3.88376868152856e-07,0.000156847587685146,-0.000123160629359385,0.000501354780823864,-0.000193945273255774,-0.000105121118466325,4.81540879179772e-06,-0.000258200614897787,1.60959850198734e-05,1.6827097660486e-05,-2.42796301475006e-05,-2.09078131443153e-07,0.0050207254151644,0.00241443251160939,-0.000129397807954778,-0.000759481651426278,7.02028190469305e-05,-2.94934412693786e-06,-2.76370169036735e-05
"north_west","mu_gamma_H_3",-9.98631101096492e-06,-0.000376406792833009,-1.86622942358873e-05,3.75931481817338e-06,3.7773089602362e-06,2.15220355883435e-06,-1.02491563909583e-06,3.40401870924478e-06,-5.7435199922264e-06,8.86325894304512e-06,1.39803654889533e-06,3.75941028679567e-08,8.50605361914152e-07,-1.58381334251446e-06,-3.88958385705388e-07,-2.30080636488163e-05,6.16387164265366e-07,1.77935803184288e-06,1.55915064098686e-07,-9.21296388740288e-06,2.12546387306793e-06,6.84682263512345e-08,1.08215539743208e-06,-8.06310995735308e-06,5.63287396012143e-06,-5.20590433849772e-06,3.33263932578887e-06,2.25073119303341e-06,-3.89843647968876e-06,3.39402360439268e-06,-5.15901547865028e-07,-4.63262107847261e-06,1.11434741997993e-06,-1.31869451564652e-06,-1.48064991907602e-06,5.41603458016319e-07,3.80379087674866e-06,-6.14234118750319e-06,8.77712327409092e-06,-4.42019308771195e-06,-3.32137607747108e-05,-9.17263576668817e-05,-0.000185481362048389,-0.000174870661290559,-4.48388134990186e-05,-0.000203283670356991,-0.000590619341476774,0.00281448103413607,-0.000467523709317518,0.000130335053930557,8.74239749538792e-06,-2.19948378328518e-05,-0.000429455761619983,0.000106945746298105,-4.22925532438329e-06,1.45082998875371e-05,-9.2083049320982e-05,-2.23266929436747e-07,-2.51121195412716e-07,-2.48858457829945e-07,-4.64242761596244e-07,-1.13373087244224e-06,-2.46716581874977e-07,-2.67969897105467e-08,-1.15299684720255e-07,-3.67842553100486e-07,5.9911594277399e-09,0.000326414585561007,0.000388140170836747,-0.000196922645170929,-9.08983519276829e-05,0.000147462541708122,-3.76330777618468e-05,0.000628784962505445,-6.41609708515455e-08,-0.000130724425318205,-1.01025425243254e-05,-7.6161138830633e-07,0.000595518363725433,0.000516031982392406,-0.000898255575813839,0.000410049789922487,-1.77669924309141e-05,-7.42636845601821e-06,-5.59326390746967e-06
"north_west","mu_gamma_H_4",-4.80804011020223e-06,0.000186251756855482,9.84209218082227e-06,-7.2417215921026e-07,4.89959526650016e-06,-3.16961395166745e-07,-7.29308642162993e-07,3.31226869958632e-08,3.11548167025287e-07,-4.25306377964871e-07,1.47737930709687e-06,8.22185921588748e-07,-7.64444644839681e-07,1.34568414174991e-06,1.57825308516041e-06,-3.68857652767571e-06,-2.03596103187555e-06,5.9246936424899e-07,2.66251354541296e-06,-3.57021027585378e-06,6.07940295485306e-07,-1.24798459120822e-06,6.36706787220296e-07,-2.26252639038265e-07,1.43320258319864e-06,-3.95520998252127e-06,-1.86333891346218e-07,3.31016410328497e-07,6.74675593746415e-07,-1.07322574768796e-06,7.37500029785129e-07,-2.4953198467379e-07,-1.83500466126882e-06,7.46920823699905e-06,4.88671039575688e-07,-1.28311821830751e-06,1.50706705295779e-06,-1.0978534303528e-06,-2.51933745041413e-07,1.3218477638319e-06,3.65333910967153e-05,3.71877956057105e-06,2.77428323527576e-05,-3.97428121885999e-05,1.61800504860955e-05,-1.08915239603828e-05,-0.000125849431753865,-0.000467523709317518,0.000800359842248262,-1.4651207639624e-05,1.51081238800164e-06,2.32187566097504e-05,-4.58311418122206e-05,-2.89174647449208e-05,-8.27790696970673e-06,-1.57852697783009e-06,7.7630348866653e-05,-1.05142749215426e-07,6.7907868765983e-08,2.35918594945687e-07,2.1577663900161e-07,1.19411268927012e-07,6.21017950721589e-09,6.13855688980527e-08,-9.81314337182054e-08,5.99312733241289e-08,-5.13463360212595e-08,-0.000125789661525452,-0.000156000959017208,0.000274345300918283,-6.1335099928993e-05,-4.32311254960378e-05,-1.59569836238523e-05,-1.2311223150903e-05,-8.69602495379365e-05,0.000123557451034323,1.638434849974e-05,1.11389417145193e-07,0.000846596657574683,0.000465851416822158,-0.000310581331378196,0.00207793143758251,-3.2404664344353e-06,1.34194989767653e-05,-1.6526437668488e-05
"north_west","p_G_D",4.40174008135607e-08,-4.21974459003098e-05,2.7264768931084e-06,5.24017923724155e-07,-3.26604576104375e-07,-3.77215378448365e-08,1.67037033638119e-07,-1.36804470550629e-07,-3.52355740852366e-08,3.12708479052727e-07,6.67543850581519e-07,6.23617871384835e-08,1.09386296135978e-07,1.35310958970747e-07,4.92454067292559e-07,-1.87079259322689e-06,-3.90300348736969e-07,4.04249886838089e-07,2.07415424799073e-09,-3.35329967945963e-07,2.26029630967174e-07,-7.28798014133818e-08,6.74384325724275e-07,-7.92776445774797e-07,9.45184771367715e-07,-5.85929354948765e-07,5.19015172047075e-08,6.40297895165065e-07,-1.78031260370379e-07,8.02573275638435e-07,-6.10868050036418e-09,7.31461121906974e-07,-2.96648934067576e-07,1.12352885103673e-06,1.76010755133492e-07,-4.97448446460454e-07,7.87554333253659e-07,-6.97918053654676e-07,5.59827278787859e-07,6.7455802076384e-08,-2.17259428590353e-05,-4.03574565947855e-05,-4.04141471375946e-05,-3.13481464309258e-05,2.2924682922462e-06,-3.58207735619576e-05,-3.35321377847145e-05,0.000130335053930557,-1.4651207639624e-05,5.86307890542772e-05,4.87993023138879e-07,2.35425249199961e-06,-4.32184253787217e-05,3.85626613185272e-05,1.71387647144961e-06,-1.12734203366565e-06,-3.19472680802482e-05,-9.77843499736044e-09,2.77765100600767e-08,8.55553902944107e-09,-1.72324007948801e-08,-1.3368885811924e-08,-3.87618676915918e-08,3.12375695316118e-08,7.04905799300307e-09,-8.96361519501044e-09,-1.82018561773718e-09,1.72211347291748e-05,7.19212162612557e-05,-2.33364411676376e-05,-3.37353181743451e-05,-2.95864337602897e-06,-6.00824620509737e-06,6.00999464803595e-05,1.33463374233542e-05,-6.48665441025851e-06,-1.4574278783877e-06,-1.5589532559499e-08,-4.77726080521008e-05,3.53380117993094e-05,-0.000238312936548693,-0.000248838322431558,-4.00333256346699e-06,6.4207387416627e-07,-9.05293873369927e-06
"north_west","p_G_D_2",-3.83936914673905e-07,1.35670233892704e-06,-2.99422822746293e-07,-2.28881494056402e-08,4.46982072166005e-08,-1.07131504497174e-07,2.2252977835054e-07,-2.11362740035586e-07,2.08820070774984e-07,-2.51811399435978e-07,5.84801186704248e-07,-6.51790918632035e-08,6.66098186251824e-08,-1.48556119925681e-07,3.50185704278305e-08,-3.41465989719053e-08,1.36124085490805e-07,7.39316614492198e-08,2.35343180745953e-07,-6.77425784841031e-07,3.63310184776004e-07,3.0171359240477e-08,1.14087282810861e-07,5.4392214923878e-08,3.23898529346943e-07,-5.49150739350578e-08,8.10984155052159e-08,1.36164831624033e-07,1.92269714785772e-07,4.62539553424467e-07,7.42783223818403e-08,3.72689853761264e-07,-2.19240275741965e-07,9.68354627062363e-07,-1.23638421775962e-08,-7.39432957715872e-08,2.58503678304845e-07,-3.02174365118428e-07,3.62643797810165e-07,3.50531698544198e-08,9.00099395308296e-06,1.0983066337537e-05,9.45259140464251e-05,7.46820884899855e-05,5.15641901522048e-05,-3.00328193317714e-05,-9.14116183300699e-06,8.74239749538792e-06,1.51081238800164e-06,4.87993023138879e-07,1.79550601761514e-05,1.05628423973247e-06,1.27447858330677e-05,-5.21260994343636e-06,-1.66444223391235e-06,4.57825090673996e-07,-2.46357711471205e-05,5.06652060527974e-09,-1.68002716410366e-09,5.79355342128197e-09,-1.07714076611651e-08,1.43353423308742e-08,-2.24989679270464e-09,3.79508021229829e-09,-8.13690390833736e-09,-6.30665665115615e-09,5.37042257534552e-09,8.4448898850739e-06,-0.000183325413050818,8.1976070919291e-06,6.19227629776455e-06,-7.4961190213027e-06,-1.34888914972791e-06,-3.20233968689052e-06,1.54608940393732e-06,-1.71145366985072e-06,-1.89483769147105e-06,9.41315801447345e-09,8.90340412125279e-05,-1.50895944282164e-05,-4.1095852917321e-05,7.23323212002349e-06,5.20079745152039e-07,-3.08607491559319e-06,-5.46413846977169e-06
"north_west","p_H",-6.17476577438114e-07,-4.52652321420659e-06,1.87667719486685e-06,-7.75849870230672e-07,-5.99263297121362e-07,-5.98648308319241e-07,-3.4819977317391e-07,-3.06999445002832e-07,-5.50001636004375e-07,-8.18108128229566e-07,7.47574183825363e-07,-3.52600819689142e-07,-3.52222095900852e-07,-7.65891820992855e-07,-4.1978212488583e-07,-3.14289236266025e-06,-2.91378114912911e-07,-1.74267362518204e-07,-3.82017519573268e-08,-1.05665694405058e-06,-1.2673583782425e-07,-7.50367544697891e-07,-6.74700009005316e-07,-8.82855996573929e-07,-3.62659274452354e-07,-1.19579391691883e-06,1.40118832036235e-07,-7.44702253136275e-07,-1.49676856959433e-06,-3.95774803909129e-07,-6.01566004617445e-07,-5.82681106103716e-07,-4.25903645804838e-07,-1.01792032235055e-06,-1.92514025661436e-07,-3.72103252105105e-07,1.52837912561138e-07,-4.21715755926657e-07,-2.72116069730016e-07,-1.99765585161019e-07,3.17464500957122e-06,-4.05960932028966e-06,6.29405765401944e-05,5.72568314282819e-06,1.28490408187013e-05,-4.21990257955052e-05,1.92307245270244e-05,-2.19948378328518e-05,2.32187566097504e-05,2.35425249199961e-06,1.05628423973247e-06,7.2975536919299e-05,8.16542675139773e-05,-2.03510345566876e-05,-2.23612960946857e-06,-4.85754254154962e-06,-2.8836952579606e-05,-1.05709963820247e-07,-1.54211243274647e-07,-1.46887480745664e-07,-1.22384945660821e-07,-2.64520002353743e-07,-8.4126878362278e-08,-1.00644494081106e-07,-7.19258493997085e-08,-7.10226691464641e-08,-2.34890419640742e-07,6.998451910769e-06,-5.47584304616662e-05,5.49097595337594e-05,-2.92627487297742e-06,-0.000107762630979967,1.34833270534698e-05,-1.00077686705573e-05,6.52708274743793e-05,-2.30019496969218e-05,1.61414976495226e-06,-2.60044575746697e-08,0.000579319254801106,-0.000259575780436744,-0.000117702938793038,6.18894558385666e-06,-2.23868288167519e-06,-1.02290500882999e-05,1.95490416586307e-05
"north_west","p_H_2",-2.61149071232033e-06,7.50389223418404e-07,-5.77892032693797e-06,2.24134796473175e-06,-6.17500239599729e-07,-2.14335843204045e-06,2.3367476112626e-06,-2.27640219792787e-06,9.48430049818018e-07,-4.76080060977977e-06,1.17165564119323e-06,-6.98238523787769e-07,-6.28294344537094e-07,-1.3677915527265e-06,-3.62889655523463e-07,1.47151674738549e-05,-2.41115329981482e-07,-4.56987203385959e-07,-1.05707480748748e-06,2.3314616898111e-06,-8.2643965161807e-07,4.63931967406245e-07,-1.72618099528168e-06,2.63285219274241e-06,-2.32328257295242e-06,3.35868409544454e-06,-1.79675392151486e-06,-5.06194844183725e-06,1.36850928597211e-06,2.58710455449221e-07,-2.47920066652284e-07,1.47528654301497e-06,-3.44182231167123e-07,-1.85066342766537e-06,6.8329962413785e-07,-8.9399492253256e-07,-2.33653682981007e-06,3.36256835935128e-06,-3.97215625606143e-06,3.86553951494027e-07,-4.17760623158326e-05,-1.10493760760523e-05,9.45145774330927e-05,7.51391390905683e-05,-5.63321309599419e-05,5.29013004935177e-05,0.000268466812270087,-0.000429455761619983,-4.58311418122206e-05,-4.32184253787217e-05,1.27447858330677e-05,8.16542675139773e-05,0.00105714109727934,-1.72483253305667e-05,-1.97200735521621e-06,-8.04258331197111e-06,6.83969714442507e-05,-1.9058679530815e-08,-7.07895988554568e-08,-3.0729914818822e-07,-3.61972092925274e-10,-3.08156669314725e-07,3.55527358063143e-08,-1.36482258898705e-07,-9.72926600517221e-08,2.30651942879031e-08,-2.12511768930933e-07,-0.000125511428463953,-0.000159559937217717,-1.35364060688575e-05,0.000126151155136908,-0.000202635429122863,-5.68933626855356e-06,-0.000930240433543661,8.09924983076337e-05,-3.32726345426602e-05,-3.51252382546236e-05,3.89891804988013e-08,0.00018515902296651,-0.000753695858239922,0.000455578601900614,0.00104012796071436,7.59483719724338e-06,-2.2461944394326e-05,4.10626937774862e-06
"north_west","p_H_D",-1.44408884436796e-07,-2.83111017686694e-05,3.02262119150175e-07,6.82356141868466e-07,5.75131875956435e-07,-2.29083146174138e-07,-3.21650220614409e-07,8.25864970161626e-07,-1.0125833499037e-06,9.15825505872534e-07,3.18969884407436e-07,-6.26270552258436e-08,2.04045498495595e-07,6.09503436374117e-07,1.10381123549299e-07,-2.77481990413318e-06,-2.61975292947706e-07,1.17553397819743e-07,-4.7936350894089e-07,1.47944772750022e-06,-5.14949062209076e-07,3.02669926677799e-07,1.76219692118736e-07,1.57092170743274e-07,2.30449299631752e-07,-5.02021783263886e-08,2.01585333888892e-07,3.3977452476648e-07,1.74471755543263e-07,3.20823286646555e-07,1.95705832100306e-07,5.02164110831899e-07,-3.69912347191002e-07,1.44684639199837e-06,2.89431871775046e-07,-5.57642149057106e-07,5.59709604540278e-09,2.27378652948024e-07,-6.91112690807782e-07,3.04218418943645e-07,-0.000118253828536391,-0.000128681151220153,-0.000155375838305203,-0.000112892629041205,-0.000117378030129705,5.26220415369357e-06,-0.000164313484695913,0.000106945746298105,-2.89174647449208e-05,3.85626613185272e-05,-5.21260994343636e-06,-2.03510345566876e-05,-1.72483253305667e-05,0.000154108332495905,1.45249956743554e-05,-8.01436334223464e-07,-5.75847201419714e-06,2.61554976597716e-08,9.15127160703104e-08,7.22089803057798e-08,-9.89112541545646e-09,5.49929438893703e-08,2.3854913882023e-08,7.48418532761817e-08,4.44361267055676e-08,2.16063150605605e-08,1.12219488085631e-07,3.60537678109335e-05,0.000112685701013258,-3.47505890261549e-05,1.01033942159265e-05,1.71600783041376e-05,-3.15567596719545e-06,8.73496550336364e-06,-1.37119241604091e-05,1.2159072974628e-05,-4.19979611733581e-06,-5.1737831578707e-08,-0.000600917583213182,-0.000200352828840887,-0.000155330879250235,0.000417750616365681,-4.86086682525354e-06,7.70170041874964e-06,-9.98278393595367e-06
"north_west","p_ICU",3.26860799382537e-07,3.82666053153042e-06,4.67346847825584e-07,-1.19840950959398e-07,6.73597551227931e-08,-2.07210066787867e-08,-2.09645128550541e-08,-8.75204275103335e-09,-9.32494086278068e-08,-2.27959968999347e-08,-2.00415844981533e-07,1.52037352154706e-08,5.84658756012225e-09,-5.52630721653323e-08,1.92631141605414e-07,-1.39127429380932e-06,-7.27063385100977e-10,8.24138582948691e-08,1.44273451425629e-08,3.68722173068238e-07,-4.93927876796922e-08,1.4128885370131e-07,4.43114408077766e-08,2.54322538067265e-07,5.56979252509926e-08,1.42627809683161e-07,2.39297084335105e-08,3.64189347754624e-08,2.30622696045509e-07,-2.07447288348735e-07,7.3880189333006e-08,-7.00268082874726e-08,1.17821122147837e-07,-3.7733862776513e-07,5.56213673014136e-08,-6.0250700900692e-08,-1.31661178967997e-07,3.23935668269547e-08,-1.05922494094689e-07,-1.05172641080874e-07,-1.71928743571467e-05,-1.1061998086211e-05,-3.07271157863308e-05,-8.54057510404967e-06,-1.74283807732582e-05,1.556845678715e-05,-3.45563461526499e-05,-4.22925532438329e-06,-8.27790696970673e-06,1.71387647144961e-06,-1.66444223391235e-06,-2.23612960946857e-06,-1.97200735521621e-06,1.45249956743554e-05,1.13704267261053e-05,-4.45530588294341e-07,1.65697548823502e-05,8.68389794703137e-09,1.16520467300662e-09,-1.32852710249997e-08,-2.5721506277854e-09,6.96658158877801e-09,1.55803822106897e-08,4.54886283081254e-09,1.48752897424789e-08,-1.36247761472985e-09,-4.55611177673452e-10,1.77004272908646e-05,3.00320103284334e-05,-1.70718821126248e-05,8.46661902765989e-06,7.44134344752636e-06,-5.53668441188972e-06,2.78658404241908e-06,6.66100273789973e-06,3.63839960409306e-07,-2.36171746384103e-07,-9.14088278100165e-09,-0.000313510138053371,1.63929052237309e-05,5.97336358310943e-05,7.20145077255839e-05,-2.48073568469891e-06,-2.26512777393958e-06,2.84038396753461e-06
"north_west","p_ICU_2",2.84127999020436e-07,8.27093280431667e-07,-2.39260523952585e-07,-1.85818615028643e-07,-1.68125586382807e-07,1.67374361652869e-08,8.16677739200222e-08,-4.56399915983241e-08,1.68654141807122e-08,8.89809855986842e-08,-1.49008496348066e-07,-1.8679691133957e-09,-1.8143954830424e-08,-1.18759714676906e-08,-1.49670308708266e-08,3.70038475344766e-07,-4.8370157386163e-08,-8.54361753601381e-09,-1.17888384500846e-07,-3.46238914222631e-08,-4.41976413774627e-08,-4.30175212204568e-08,-8.68387052075976e-08,-6.6670327685477e-08,-1.40701920598964e-07,-5.6714337565436e-08,5.791137314879e-08,-1.21010741199345e-07,-5.54395193471926e-08,-1.76952337458713e-07,-1.23383623259793e-08,-1.39185645784259e-07,-4.5057884761388e-08,-9.41729793155318e-08,-8.93210972680299e-08,1.08782423680688e-07,-7.13960037993741e-08,3.74585560904134e-08,4.41569110799728e-08,-3.43293224047903e-08,5.22540105027243e-06,5.39953508534227e-06,-1.03295978219116e-07,3.70779167992043e-06,1.90657275483213e-06,4.77799061778547e-06,3.18455041786257e-06,1.45082998875371e-05,-1.57852697783009e-06,-1.12734203366565e-06,4.57825090673996e-07,-4.85754254154962e-06,-8.04258331197111e-06,-8.01436334223464e-07,-4.45530588294341e-07,2.82399625905369e-06,9.50945919842645e-06,-7.6657982146764e-09,-1.098721877435e-08,-1.2544928916566e-08,-5.75836918758596e-09,-2.51299405945443e-08,-3.40448664089635e-09,-7.65451339604519e-09,-3.1263770083423e-09,-5.74615671379048e-09,-4.7980325833037e-09,1.26347081674152e-05,-4.71971788160815e-06,-2.80838786668422e-06,8.57362879515546e-07,1.2055732861586e-05,-1.87960432374712e-06,4.28991963946334e-06,-2.22914020863578e-05,8.32005095547129e-07,7.54948707846259e-08,4.15258626008433e-09,3.89509232758684e-05,4.64842767842862e-05,1.15453038352645e-05,-7.63693127676261e-05,2.39963941083859e-07,1.09371015236406e-06,1.10756481169224e-06
"north_west","p_ICU_D",3.57260439786235e-06,3.34009880980479e-05,4.44817350906002e-07,-6.10319019539441e-07,2.19534785271022e-06,1.39933111232651e-06,-1.1900714405104e-06,8.21861451747139e-07,-8.337449002946e-07,3.42430865879333e-07,-2.38616141544564e-06,3.50917822335401e-07,-3.26910121558777e-07,-3.5815555187931e-07,4.67881666687608e-07,-5.89071355302152e-06,-8.03221876163662e-07,-3.52013385624086e-07,-2.59479545523129e-06,4.3137378010699e-06,-1.71259609564225e-06,4.08437482962939e-08,-8.24296505455413e-07,5.02755935929558e-08,-1.9215339312669e-06,1.07807680719676e-06,6.72426815169485e-07,-2.36076397585427e-06,9.89185425528565e-07,-2.07428977833834e-06,6.53449821710562e-07,-2.6977797875845e-06,9.27947028437643e-07,-1.85695058164039e-06,-4.78585970385799e-07,1.49784308515663e-06,-3.30621301008361e-06,2.44772366672025e-06,-1.80118724654378e-06,-7.1859862801713e-07,-8.13183133188078e-05,-2.51191717991286e-05,-0.000151495065467732,-0.000152384382634267,-0.000120149669912509,0.000232779309765542,0.000117674743199455,-9.2083049320982e-05,7.7630348866653e-05,-3.19472680802482e-05,-2.46357711471205e-05,-2.8836952579606e-05,6.83969714442507e-05,-5.75847201419714e-06,1.65697548823502e-05,9.50945919842645e-06,0.000658309552287584,-5.3577243090289e-08,8.95443825148077e-08,-1.45242470575474e-07,4.64156688004333e-08,-9.5762507198088e-08,1.34587231340806e-07,-5.10147374189996e-08,5.16722328325508e-08,-1.5041819002446e-08,1.05593435409814e-07,-0.000144754039178483,0.000141616607917566,4.65978325431531e-05,1.56506860920342e-05,5.24833279006462e-05,1.11905067539533e-06,-0.000114447176189233,-3.75308104510465e-05,-3.36626761066409e-06,-5.39157864063583e-06,2.08255878894535e-08,-0.000609286789354929,0.000502016805133562,0.000577210845937904,0.000842969413536025,4.9304409057962e-06,1.86532894407716e-05,6.18655917685788e-06
"north_west","p_NC_15_24",-4.27091886476726e-09,-4.58175698017563e-08,2.21843147568756e-09,2.95570141117741e-09,-1.64269574493825e-09,1.23941062348824e-10,1.25759899106847e-09,-3.25476430408317e-10,1.52288247927949e-09,1.64860427923072e-09,1.0410284259879e-10,6.64116979553668e-10,1.41441890592617e-09,1.90933152223981e-09,1.76772853846235e-09,1.09500455035592e-08,1.59090723402744e-09,8.3557936746556e-10,2.09273328893669e-10,6.80451014809867e-09,-1.90532325642563e-11,4.49295193454083e-09,3.28249808055396e-09,5.61504498221581e-09,4.05393694012129e-09,6.49074991271428e-09,-9.73808434006563e-10,4.41305316376481e-09,8.12595582615077e-09,3.4958586095463e-09,2.42817201437579e-09,5.79605354878553e-09,2.24719304729146e-09,1.08203444290112e-08,1.08857730669516e-09,-1.37513600219194e-09,3.27085713057766e-09,-1.35600885641598e-09,1.43557803664381e-09,1.23367542849847e-09,6.08801429553573e-09,-4.76769210506827e-08,-5.09371454242545e-08,1.59356391811046e-08,4.70083615961481e-08,-7.69103002514527e-08,-1.86236094753486e-07,-2.23266929436747e-07,-1.05142749215426e-07,-9.77843499736044e-09,5.06652060527974e-09,-1.05709963820247e-07,-1.9058679530815e-08,2.61554976597716e-08,8.68389794703137e-09,-7.6657982146764e-09,-5.3577243090289e-08,1.41094674523481e-09,6.89974896427711e-10,9.68252310352044e-10,5.72983073611951e-10,1.87203688685573e-09,3.42718316145709e-10,5.16550317197861e-10,4.42624658994941e-10,3.27277914326557e-10,9.21169246944706e-10,6.05396488528133e-09,1.1668949856625e-07,-1.60609904573887e-07,4.01571554214645e-08,-7.46456895769024e-08,3.7245641618339e-08,-8.95025616138165e-08,1.74825711885404e-08,9.81695592079172e-09,-3.6125454242384e-09,-2.59085397135353e-10,-2.56233954055609e-06,-3.77935415165178e-07,1.8000179407391e-07,-6.26254249782948e-07,7.80162115408958e-09,9.23668955712903e-09,-9.31299539400405e-08
"north_west","p_NC_25_49",-2.36693826109092e-09,-5.46838089836385e-08,2.55492635305248e-09,1.42126783441256e-10,-2.82537722553988e-10,-5.17746670902272e-10,2.93149108893318e-09,3.60122863371294e-10,3.10124408811092e-09,1.75583184031164e-09,2.01460071668185e-09,1.21683111807227e-09,2.3932236132594e-09,2.96437776083476e-09,3.73488179362643e-09,-7.52360036170422e-09,1.28194472431869e-09,1.91262244759102e-09,2.91189392487644e-09,4.55897205011556e-09,1.60120532549868e-09,6.36894455549048e-09,5.85766025335488e-09,6.31700364696881e-09,9.69206987599838e-09,8.99871910027214e-09,1.03197313748149e-09,6.36449121822937e-09,1.34139230613563e-08,9.71204880787293e-09,5.05514183682464e-09,1.06468571203808e-08,3.11240564971055e-09,1.83633191568287e-08,6.71803130551428e-10,-1.43378970297873e-10,1.92189651684198e-09,-8.53998118784553e-10,1.41390754386743e-09,2.8402526693333e-09,-2.59466623937552e-08,-1.49453177395307e-07,-2.35243784012529e-07,-1.75434432568926e-07,-1.49656995110577e-07,-4.07409714834994e-08,2.3143727011584e-07,-2.51121195412716e-07,6.7907868765983e-08,2.77765100600767e-08,-1.68002716410366e-09,-1.54211243274647e-07,-7.07895988554568e-08,9.15127160703104e-08,1.16520467300662e-09,-1.098721877435e-08,8.95443825148077e-08,6.89974896427711e-10,2.61591272178477e-09,1.47660334323404e-09,7.98385699826842e-10,2.29728996420272e-09,6.43766716318005e-10,9.74167164264864e-10,5.40831370405592e-10,5.29622679248589e-10,1.16141924824495e-09,-6.30759352325457e-08,2.34184577054016e-07,4.80102638881748e-10,-1.64551079144556e-08,-1.57026766818715e-07,1.66485915329375e-08,2.79052935112917e-08,4.91883143864575e-08,1.67458077877637e-08,-2.71426803160479e-08,1.35043153144971e-11,-2.73701226181836e-06,-1.25708923490515e-07,-5.21649856194032e-07,-1.09506114983346e-06,2.64887675061737e-09,3.57493288541326e-08,-2.16715218089295e-07
"north_west","p_NC_50_64",-1.14631806780203e-08,-1.01120334668128e-07,2.00838552012957e-08,6.63851554121043e-09,3.75944897175777e-09,-1.33854357202899e-09,3.49108058454276e-09,-5.86282759193302e-10,4.06578603645388e-09,2.0011961948926e-09,5.18741302558921e-09,1.4954749261997e-09,2.34626997247308e-09,2.78891132568359e-09,2.82024474869445e-09,-1.31224513264441e-08,1.96962167834411e-09,1.47815756005279e-09,5.02275733003986e-09,4.09630649853439e-09,2.24050525932934e-10,7.22062367963871e-09,5.42730790322261e-09,7.42866254262596e-09,8.69557518396863e-09,7.7236660852595e-09,7.48126847945513e-10,8.88557321902249e-09,1.2421087498184e-08,7.67765665199928e-09,4.39547870579943e-09,1.01884925202138e-08,4.8356782359462e-09,1.60765082286751e-08,8.71478718617493e-10,-1.09682382010664e-09,4.85559881723768e-09,-7.28023512211609e-10,-1.31169000175913e-09,4.55741869776168e-09,5.25361592553354e-08,-1.51263512873719e-07,-1.26367679518352e-07,-1.24355094489415e-07,5.63391536417667e-09,-2.70391794865578e-07,-2.73312237638544e-07,-2.48858457829945e-07,2.35918594945687e-07,8.55553902944107e-09,5.79355342128197e-09,-1.46887480745664e-07,-3.0729914818822e-07,7.22089803057798e-08,-1.32852710249997e-08,-1.2544928916566e-08,-1.45242470575474e-07,9.68252310352044e-10,1.47660334323404e-09,3.26491208878847e-09,8.47656090168586e-10,3.04606924192172e-09,4.81727340661278e-10,1.1800617646772e-09,5.46533098045639e-10,4.47549125924871e-10,1.43388419882148e-09,-2.2168274814809e-07,2.01493513668142e-07,-2.41255992804921e-08,9.55087058251494e-09,-2.15865573791215e-07,1.04278643388729e-07,1.10890821533964e-07,-3.54607524438897e-08,6.4113776235842e-08,-1.07837059359634e-09,-1.89261711122616e-11,8.68287268843838e-07,-6.59184938344302e-07,-8.08006385464329e-07,9.25498049338017e-08,2.14955158621131e-08,2.34829550174777e-08,-1.94595536583429e-07
"north_west","p_NC_65_79",-2.40482665490258e-09,3.40280470015535e-08,6.21289596098996e-09,-5.53926210488842e-10,2.11724645276856e-10,-6.40449987285946e-10,2.66791191492246e-09,-3.10506866038401e-10,2.98814940149309e-09,5.92205653554703e-10,-3.9845082719566e-10,1.41939833855883e-09,8.35535891932564e-10,3.52325217565417e-09,2.1340611229612e-09,1.82108269466696e-08,-1.04800247890737e-10,7.99573824436806e-10,-4.34708906305906e-10,6.16593038480236e-09,-6.8393681493662e-10,3.54631887834191e-09,3.04862438479478e-09,3.68976277926439e-09,3.53154044835118e-09,5.96760889355748e-09,-1.24321933793352e-09,2.47764679360344e-09,8.25950334154579e-09,3.28738768872883e-09,4.05630701318319e-09,3.57261408162411e-09,5.96269219314958e-09,2.42849287049119e-09,1.1354989804614e-09,-4.28956083207364e-10,3.69734902078183e-10,9.58055337109887e-10,1.0732705710598e-10,2.42776243289322e-09,3.50430413772021e-08,-8.14935446283751e-09,-1.63244552991296e-07,-6.30017518219359e-08,-3.00661714045271e-08,9.07845220788969e-08,1.83326785782784e-09,-4.64242761596244e-07,2.1577663900161e-07,-1.72324007948801e-08,-1.07714076611651e-08,-1.22384945660821e-07,-3.61972092925274e-10,-9.89112541545646e-09,-2.5721506277854e-09,-5.75836918758596e-09,4.64156688004333e-08,5.72983073611951e-10,7.98385699826842e-10,8.47656090168586e-10,1.42425280420554e-09,1.39588545249247e-09,3.50183563886903e-10,5.65763103015409e-10,3.49870997021873e-10,4.38768337828848e-10,4.37330360315334e-10,-1.707000597698e-07,2.89391406947194e-07,-4.38385882695238e-08,-6.95222727437802e-08,-4.2400626462834e-08,2.23689753695816e-08,-1.66638283502735e-07,-3.09088922887777e-08,4.47498513125188e-08,-4.13851186045796e-09,5.40834747500752e-11,-1.03763365685064e-06,9.14421111237566e-07,-3.50199089642226e-07,2.08355024628565e-07,7.28250704065679e-09,5.34704195008418e-08,-1.34372892136754e-07
"north_west","p_NC_80_plus",-1.75892764321928e-08,6.21149386079734e-08,2.31420749291531e-08,2.00046317091265e-08,1.11102828217767e-08,2.87691021874185e-09,1.8351501827097e-09,-4.58856112149195e-09,1.03497548796423e-08,-1.74393851979846e-09,8.17897039259372e-09,2.52372113653674e-09,3.29281058722574e-09,1.76961169375193e-09,4.94011031699387e-09,-1.67029394530177e-08,3.23586638157031e-09,2.74326216528613e-09,8.19894185441957e-09,7.93820036197261e-09,3.27582832417127e-09,1.14463921935555e-08,6.9182325519142e-09,1.66577189212288e-08,1.15927831044254e-08,1.68191029752951e-08,-1.46329199359626e-10,1.51118075714057e-08,1.97849877705963e-08,1.47031902584649e-08,3.60163459881842e-09,2.16785577947224e-08,6.0988428696775e-09,2.66865187692016e-08,2.94115199675187e-09,-2.70547634990672e-09,1.2716179967704e-08,-8.90633131248448e-09,1.46665046031859e-09,6.33425450238837e-09,1.35630989095077e-07,-1.54855977282049e-07,7.86652123619526e-08,-4.75259333617739e-08,-2.92619299756769e-08,-6.7005717032251e-08,-5.74417246725415e-07,-1.13373087244224e-06,1.19411268927012e-07,-1.3368885811924e-08,1.43353423308742e-08,-2.64520002353743e-07,-3.08156669314725e-07,5.49929438893703e-08,6.96658158877801e-09,-2.51299405945443e-08,-9.5762507198088e-08,1.87203688685573e-09,2.29728996420272e-09,3.04606924192172e-09,1.39588545249247e-09,1.29972318722505e-08,8.56320271843187e-10,1.79926920146766e-09,7.56354235059631e-10,6.18809014740881e-10,2.03505086620995e-09,-8.25207427864331e-08,-2.22338032996891e-07,4.87967439165273e-08,5.72735730528574e-08,-1.44429180351297e-07,8.35848284421153e-08,-5.76180339752726e-08,5.23222741855321e-08,2.21510676631997e-08,3.94331286955494e-09,-1.31141222760114e-09,1.78711260699087e-06,-2.91680482509729e-06,-3.6255063966473e-07,2.6342531126619e-06,5.44246675335933e-08,-3.81637119457549e-08,-2.53488628483466e-07
"north_west","p_NC_weekend_15_24",-2.63719690066647e-09,-1.95474917084995e-09,3.35772019362613e-09,2.11316638676224e-09,2.07971857102718e-09,1.55817261596216e-09,-4.93412635505509e-10,1.34591714526393e-09,2.55249475684587e-11,3.01652438661387e-09,-3.27631449834037e-09,1.29369050688057e-09,1.28210554942688e-09,1.77587935317539e-09,2.19987107668846e-09,3.67733778150977e-09,2.07782941708592e-09,8.03998290155064e-10,1.92304025129405e-09,4.22976520525276e-09,1.77940068236332e-09,2.87284536166257e-09,3.19894573596468e-09,5.73575214962181e-09,3.0376631097171e-09,5.81250153336647e-09,-4.85905832695189e-10,3.2284910068967e-09,7.69693716664082e-09,3.20772606260586e-09,2.50565820071076e-09,3.58527093277003e-09,3.51874751981579e-09,3.25289440826853e-09,3.61660970357446e-10,4.74011959457419e-10,-5.35137292862606e-10,9.55720437443596e-10,4.19868226872336e-10,-8.88163237736439e-10,-5.88337438477983e-08,-1.50528812703983e-08,-5.30337778267835e-08,-1.00693507581794e-07,-2.59533447042977e-09,1.41123683209617e-07,1.97985891873898e-07,-2.46716581874977e-07,6.21017950721589e-09,-3.87618676915918e-08,-2.24989679270464e-09,-8.4126878362278e-08,3.55527358063143e-08,2.3854913882023e-08,1.55803822106897e-08,-3.40448664089635e-09,1.34587231340806e-07,3.42718316145709e-10,6.43766716318005e-10,4.81727340661278e-10,3.50183563886903e-10,8.56320271843187e-10,1.28656667510718e-09,2.90246894696382e-10,1.87761128244205e-10,2.44055230199343e-10,5.02832919224194e-10,3.63791377477301e-08,-5.13211944322786e-08,7.8257973170216e-08,-1.03576759000102e-07,1.6513750277719e-08,-5.05836863828745e-08,-7.84494250972591e-08,-7.62596831148583e-09,4.5254199268329e-08,-8.6263682392664e-09,9.4466476511963e-12,-4.84134667531103e-06,3.46023686065979e-07,3.52778485402549e-07,7.48425269968983e-07,-3.11400624666592e-08,7.02105082161069e-09,-6.84036668604669e-08
"north_west","p_NC_weekend_25_49",-7.1455274686693e-09,-1.70349322341329e-08,1.98834484351265e-09,1.82452620403248e-09,-7.99544975287511e-10,-6.63139083234974e-10,2.65495727314583e-09,-1.29776114492831e-09,3.70720649584883e-09,1.0164415291287e-09,3.64096225588973e-09,9.65950171419396e-10,1.6527547411579e-09,9.2939063514924e-10,3.50425077425628e-09,-9.42991590730195e-09,4.0304405150963e-10,1.66198035615386e-09,2.68991567959472e-09,3.21456029125077e-09,2.52193034458951e-10,5.38627204949522e-09,2.79736210898362e-09,5.66195661866963e-09,6.36920130579858e-09,5.23648728062832e-09,6.60644722189794e-10,4.95507048692423e-09,9.17531328231118e-09,5.13541260450108e-09,5.24031672814564e-09,4.5293507933146e-09,5.84693592017804e-09,8.29099139370245e-09,9.440523683883e-10,-9.48488356247579e-10,2.5992012040487e-09,-1.19796609160605e-09,8.53755155901296e-10,2.07407807163246e-09,3.37136642864942e-08,-1.42842103161203e-07,-1.52040386908463e-07,-6.95618668646279e-08,-8.42963357533643e-09,-1.06037158554314e-07,-1.50780576058452e-07,-2.67969897105467e-08,6.13855688980527e-08,3.12375695316118e-08,3.79508021229829e-09,-1.00644494081106e-07,-1.36482258898705e-07,7.48418532761817e-08,4.54886283081254e-09,-7.65451339604519e-09,-5.10147374189996e-08,5.16550317197861e-10,9.74167164264864e-10,1.1800617646772e-09,5.65763103015409e-10,1.79926920146766e-09,2.90246894696382e-10,1.83513816161059e-09,3.5804870966484e-10,3.26490222291017e-10,7.77421059493034e-10,2.82577737645837e-08,2.10471725766163e-07,-6.00392235472233e-08,-6.29420714002423e-08,-1.938567196322e-07,9.37346057604291e-08,6.11027434995308e-08,4.58693381845562e-08,1.04952324995947e-08,-1.52624799401662e-08,-1.86387013822415e-10,3.74193268141106e-07,-2.87801221514438e-07,-9.28812329191674e-07,-1.21624751877348e-06,8.04548717541811e-09,1.02233456523649e-08,-1.4840572540309e-07
"north_west","p_NC_weekend_50_64",-3.95976303218946e-09,-4.23203820447058e-08,-5.74281871019872e-10,3.58210746836578e-10,-6.39012619016252e-10,-2.32418153008186e-10,1.47774800022712e-09,-2.43588398060612e-10,1.90850484485518e-09,-1.55258118470583e-09,2.94656704645228e-09,5.42344520670023e-10,1.08223274249212e-09,1.6964900462345e-09,1.30052183427805e-09,3.80460549800033e-09,1.18224019606761e-09,8.01907137438585e-10,9.20379636159061e-10,3.956121282786e-09,-5.60783066649982e-10,3.87014401604951e-09,1.82786621156922e-09,3.79771027396516e-09,3.40217222026665e-09,4.27331234916699e-09,-1.07729003160546e-10,2.57763207881479e-09,5.98779339395236e-09,1.6228842572549e-09,2.3834929363699e-09,3.16309286060966e-09,1.92662049130172e-09,4.38075332453914e-09,6.84477941279516e-10,-2.8083205868342e-10,4.31864437400446e-10,3.87861626563107e-10,-5.18176257834876e-10,1.37881099899115e-09,1.40221963565117e-08,-8.03621712868682e-08,-9.48360975504233e-08,-6.20133723707801e-08,-6.50110207705222e-09,-1.52448304973164e-07,-1.38191560724268e-07,-1.15299684720255e-07,-9.81314337182054e-08,7.04905799300307e-09,-8.13690390833736e-09,-7.19258493997085e-08,-9.72926600517221e-08,4.44361267055676e-08,1.48752897424789e-08,-3.1263770083423e-09,5.16722328325508e-08,4.42624658994941e-10,5.40831370405592e-10,5.46533098045639e-10,3.49870997021873e-10,7.56354235059631e-10,1.87761128244205e-10,3.5804870966484e-10,8.5492353062119e-10,2.44537966440487e-10,3.62545238647186e-10,-7.195660048497e-08,1.8496600508571e-07,-7.69943584259041e-08,-4.267320679456e-08,-5.29874592517144e-08,2.05156223010717e-08,3.5824058829365e-08,-1.89801091956689e-08,3.79610016424168e-08,-4.77728973637451e-10,6.63452573303793e-11,-2.13999604645756e-06,-2.26810106643289e-07,5.73765204271082e-07,-2.79573200492315e-07,-5.04426587988088e-09,1.0010442816785e-08,-5.02260025441211e-08
"north_west","p_NC_weekend_65_79",-7.09810312101171e-09,9.84103586770916e-08,7.05173594051822e-10,-2.59300427274776e-10,-1.39991432953554e-09,-6.01535208337427e-10,2.06042934161842e-09,-2.12437774541837e-10,1.88398933509718e-09,-2.92079503374865e-11,1.36079271105163e-10,3.51524748214665e-10,9.44284238976993e-10,9.03961863060055e-10,2.3833712861124e-09,1.00252145995263e-08,-7.15821504150027e-10,9.62046819052869e-10,-4.02265068822904e-10,5.18621228526057e-09,-1.18989047410862e-09,3.10919258466805e-09,1.53901183140903e-09,3.52614181037114e-09,1.96108461176101e-09,3.39856978623756e-09,-1.2642457795581e-09,1.67321617607081e-09,5.60433998823539e-09,1.13676460235048e-09,3.59034760238745e-09,4.89408470660609e-10,5.84740633764891e-09,-5.78174378624828e-09,8.66782599045198e-10,-1.289754671044e-10,-2.70589012194923e-10,1.4388755291581e-09,-1.31599792196045e-09,1.90888223586037e-09,3.82765333460338e-08,-1.09352710466277e-08,-1.56292327614538e-07,-4.4812961587072e-08,5.08127270293167e-08,1.14267429519772e-07,5.86510893138372e-08,-3.67842553100486e-07,5.99312733241289e-08,-8.96361519501044e-09,-6.30665665115615e-09,-7.10226691464641e-08,2.30651942879031e-08,2.16063150605605e-08,-1.36247761472985e-09,-5.74615671379048e-09,-1.5041819002446e-08,3.27277914326557e-10,5.29622679248589e-10,4.47549125924871e-10,4.38768337828848e-10,6.18809014740881e-10,2.44055230199343e-10,3.26490222291017e-10,2.44537966440487e-10,7.36658944051534e-10,2.81352459511516e-10,-2.1728673921022e-07,2.04582301907105e-07,-6.12286134128912e-08,-7.72293591758396e-08,-7.74824189083501e-08,4.84892671713772e-08,-1.24399557042897e-07,-2.90610625459265e-08,4.92138814233198e-08,2.08998688547008e-09,1.46507451746664e-10,-3.55527048080972e-07,7.87228510890494e-08,-3.44459625707795e-08,-6.57608041552171e-07,1.18158082064865e-08,1.81477313689598e-08,-7.79447541618883e-08
"north_west","p_NC_weekend_80_plus",5.46043740738276e-09,-1.70185126938812e-07,1.21748147763023e-08,-2.30193243519386e-10,-5.55695011941062e-10,2.36132488787059e-09,2.82105419522418e-09,-1.68034496555526e-09,4.59047755574612e-09,1.14891473136247e-09,1.66710708235987e-09,1.61043268717268e-09,2.55546516346991e-09,1.32698718662977e-09,2.75419942228742e-09,1.68468000044873e-08,4.40374355391472e-09,2.0256821231449e-09,1.83193131433106e-09,7.21305482554656e-09,4.96767795998214e-10,7.60970515084867e-09,6.30568593171217e-09,2.57306841759057e-09,1.06784288643388e-08,6.51290566325337e-09,3.904773504374e-10,8.31653354443024e-09,1.02483404824243e-08,8.6753835580055e-09,1.58933037163789e-09,9.4159297424107e-09,4.36057213861468e-09,1.27675420658868e-08,9.57815739627338e-10,-5.26676710306132e-10,3.07579157879255e-09,-1.46133896317757e-10,-4.21039388320985e-10,1.86358568043594e-09,-6.37321273370875e-08,-1.29087768052654e-07,-2.12746079839286e-07,-1.52727963638308e-07,-1.46145560358648e-07,6.51227381239892e-08,-3.88376868152856e-07,5.9911594277399e-09,-5.13463360212595e-08,-1.82018561773718e-09,5.37042257534552e-09,-2.34890419640742e-07,-2.12511768930933e-07,1.12219488085631e-07,-4.55611177673452e-10,-4.7980325833037e-09,1.05593435409814e-07,9.21169246944706e-10,1.16141924824495e-09,1.43388419882148e-09,4.37330360315334e-10,2.03505086620995e-09,5.02832919224194e-10,7.77421059493034e-10,3.62545238647186e-10,2.81352459511516e-10,6.0575932047811e-09,-2.96961387668441e-07,4.7373843858116e-07,-2.86224744242536e-07,8.68868767557329e-08,1.31496857025003e-07,9.81924478015427e-08,-1.09902094691964e-07,-1.02154247774312e-08,-5.67716216561409e-08,-1.33674331189378e-09,-2.03727832259741e-10,-4.37270070464739e-06,7.35419316377574e-07,3.90213944719801e-07,-2.61738389048423e-07,-1.67771743188767e-09,-4.92122753398848e-09,-1.17167557783875e-07
"north_west","p_W_D",-4.01812115701126e-06,-1.20861133541501e-05,4.75060121647955e-07,-1.52300224304582e-06,5.45624116260752e-07,1.03939698556674e-06,-1.14913722243337e-06,-2.09189793874835e-07,-2.98091137113447e-07,1.35342734801376e-06,-5.53611296484871e-07,-2.23770075451192e-07,7.02969608434201e-07,-2.30145438712043e-06,6.38339184947082e-07,-1.02127014619506e-05,1.38348930670467e-06,6.69217569727385e-07,1.74152360895909e-06,-3.49888362489061e-06,2.42173623524872e-06,-3.60429352680595e-07,1.69824803388992e-06,-9.81312209860159e-07,1.78234288943481e-06,6.05726278497376e-07,1.51340722367552e-06,9.50170202771374e-07,1.16890165567072e-07,1.19537772599582e-07,-3.51957752436586e-07,1.99273325052231e-08,-7.63335619459332e-07,3.88453965058477e-06,-8.3751006888192e-07,-1.06804223599954e-07,2.37842191157468e-06,-3.09565528488567e-06,3.27817608587092e-06,-2.09234092578836e-06,-4.7698033832061e-05,-4.2918328191682e-05,4.05043348941287e-05,3.65425527318999e-07,-0.000108709144797442,-2.18947772172625e-05,0.000156847587685146,0.000326414585561007,-0.000125789661525452,1.72211347291748e-05,8.4448898850739e-06,6.998451910769e-06,-0.000125511428463953,3.60537678109335e-05,1.77004272908646e-05,1.26347081674152e-05,-0.000144754039178483,6.05396488528133e-09,-6.30759352325457e-08,-2.2168274814809e-07,-1.707000597698e-07,-8.25207427864331e-08,3.63791377477301e-08,2.82577737645837e-08,-7.195660048497e-08,-2.1728673921022e-07,-2.96961387668441e-07,0.00142255647368551,-0.000185067249662633,4.83097050594849e-05,6.13390114391923e-05,2.33635753459553e-05,-5.98220093832182e-05,0.000288709155461485,8.42432276999644e-05,-8.25112638850873e-05,-1.35971203949592e-05,-3.33849597841831e-07,-0.00191463542188393,0.000266209256281181,-0.000350182255091941,5.56281295637378e-05,-2.44840391843388e-05,-2.88750292721946e-05,1.92903164151905e-05
"north_west","rel_p_D_alpha",7.05736175033643e-07,-0.000151079441001227,1.02090073203889e-05,-3.7710119344172e-06,1.53725228335523e-06,3.28306965924288e-07,-1.00420197109148e-06,3.93231946298551e-06,-2.96472297850135e-06,4.58448252081957e-06,-3.40886453788095e-06,5.68157228669604e-07,-1.86677814462028e-07,1.94059163635547e-06,3.71479021622271e-07,-8.02418569132249e-06,-2.00808836112676e-06,-1.61041910798245e-07,-1.57366967698417e-06,6.08864358835107e-06,-4.46751232521137e-06,1.48627721693447e-06,-6.80038849021428e-07,-7.33266212640115e-07,-1.72768450570139e-06,4.88503540066977e-07,5.81927645498666e-07,6.11500119849429e-07,-1.59956654810554e-06,-3.72172129711115e-07,-4.80988806912996e-07,5.88566357602977e-08,3.78951531329715e-06,-7.45863169670222e-06,-5.63195152638303e-07,1.82166350604546e-06,-3.31529747415357e-06,2.92232919753572e-06,-2.41014426835049e-06,3.56665912795301e-07,-1.2217634530169e-05,-0.000153067392582909,-0.00165512141640443,-0.000922155834749491,-0.00047367673282073,0.000520319199818832,-0.000123160629359385,0.000388140170836747,-0.000156000959017208,7.19212162612557e-05,-0.000183325413050818,-5.47584304616662e-05,-0.000159559937217717,0.000112685701013258,3.00320103284334e-05,-4.71971788160815e-06,0.000141616607917566,1.1668949856625e-07,2.34184577054016e-07,2.01493513668142e-07,2.89391406947194e-07,-2.22338032996891e-07,-5.13211944322786e-08,2.10471725766163e-07,1.8496600508571e-07,2.04582301907105e-07,4.7373843858116e-07,-0.000185067249662633,0.00347212368263621,-0.00078158711189477,-0.00021065332081789,-2.10592501149704e-05,0.000158922261882687,2.18618131346697e-05,3.65677158348578e-05,-7.0244041844078e-05,7.22194497768741e-06,-1.50292999929103e-07,0.00222231501465155,-0.000352040368233918,-0.000879877468799732,0.000311217283812142,1.6670133800724e-05,3.59682099048436e-05,-2.14034953934516e-05
"north_west","rel_p_D_delta",-5.51287759185453e-06,0.000161522335506416,-6.4717041024753e-07,1.9405663225721e-08,1.4244631954756e-07,4.52165570330559e-07,-8.04002369217216e-07,-1.23447310345312e-06,3.19119717312587e-07,5.44593541675141e-07,-8.76451774788625e-07,1.70664020052791e-07,-8.37227777069967e-07,-4.14578590415984e-07,6.16386485477508e-07,-1.87433757571265e-06,-4.71935602033597e-07,5.96308914530513e-07,-1.05963223942722e-06,8.78751940859495e-08,4.88455304102923e-07,-6.27041750923619e-07,1.87704127923039e-07,-9.15090697403352e-07,5.49270512036904e-07,-4.72528743251382e-07,6.63133997936091e-08,-9.49996236295137e-07,-7.61339848570515e-08,-4.91507315024875e-07,8.36917792029827e-07,-2.34026793418304e-06,1.40803490151082e-06,-3.36020164501308e-06,-1.07167694417812e-07,4.40248864642114e-07,-1.07097212934468e-06,-5.23210704899066e-07,1.4252740290984e-06,-1.00390570356247e-06,-3.37391938007101e-05,1.69217727342531e-06,0.00038289559371817,-0.000248150410049381,-6.41409475435143e-05,-0.000234642207322885,0.000501354780823864,-0.000196922645170929,0.000274345300918283,-2.33364411676376e-05,8.1976070919291e-06,5.49097595337594e-05,-1.35364060688575e-05,-3.47505890261549e-05,-1.70718821126248e-05,-2.80838786668422e-06,4.65978325431531e-05,-1.60609904573887e-07,4.80102638881748e-10,-2.41255992804921e-08,-4.38385882695238e-08,4.87967439165273e-08,7.8257973170216e-08,-6.00392235472233e-08,-7.69943584259041e-08,-6.12286134128912e-08,-2.86224744242536e-07,4.83097050594849e-05,-0.00078158711189477,0.000869572406443199,-0.000180331690457412,-5.45861597813751e-05,-4.05122887875028e-05,4.94785585247176e-05,-6.76593730690381e-06,7.74849169775376e-05,8.62104108314531e-06,-5.87826727137089e-09,0.000755805012322648,0.000407145649097222,-2.04955893564035e-05,0.000168631039193779,3.49798443596637e-06,-1.90898822922584e-05,1.12185256769209e-05
"north_west","rel_p_D_omicron",1.81764774718084e-06,-7.86620491861209e-05,-5.22836934468389e-07,1.0774568588117e-06,3.07912492862076e-06,-2.25357248480729e-07,-2.35603238667055e-07,-4.29261542181171e-07,9.4289887495947e-07,-1.12937821969326e-06,-7.59868260293643e-08,-8.07273770654675e-08,1.33976195806471e-07,3.94772095981164e-07,-1.82696753574863e-06,-3.39364785103646e-06,1.48038854111612e-06,-9.80042598719851e-07,2.1266657424714e-06,-1.17781847382349e-06,-2.21097943525855e-07,2.77146231786854e-07,3.62978035494618e-08,8.06853851927784e-07,-3.92423720677717e-07,4.812597590805e-07,4.06448830252667e-07,2.23534261907159e-07,7.18884194953188e-08,1.61555686596793e-07,-2.79701647796457e-07,-2.47967439416124e-07,-2.08926100151705e-06,7.26238791714793e-06,-9.66631022154839e-08,-6.50971369459788e-07,1.36972898407029e-06,2.66526465955532e-07,-1.8885484313604e-06,5.78175962525638e-07,-4.79889100407179e-05,8.93534771829344e-06,6.97748472365467e-05,0.000193097066232995,-0.00036729130916915,0.00013316442952538,-0.000193945273255774,-9.08983519276829e-05,-6.1335099928993e-05,-3.37353181743451e-05,6.19227629776455e-06,-2.92627487297742e-06,0.000126151155136908,1.01033942159265e-05,8.46661902765989e-06,8.57362879515546e-07,1.56506860920342e-05,4.01571554214645e-08,-1.64551079144556e-08,9.55087058251494e-09,-6.95222727437802e-08,5.72735730528574e-08,-1.03576759000102e-07,-6.29420714002423e-08,-4.267320679456e-08,-7.72293591758396e-08,8.68868767557329e-08,6.13390114391923e-05,-0.00021065332081789,-0.000180331690457412,0.000570346810167133,-4.25649300611628e-06,-5.27116294180673e-06,-9.80842620618159e-05,1.54212602132216e-05,-3.34607853228694e-05,2.15579933593491e-07,-1.05525651797625e-08,-9.61087380124932e-06,-0.000514189078704851,1.2173643288115e-05,0.00139251306998214,-6.95688101855361e-07,-1.97390312245797e-06,-2.04448417065701e-06
"north_west","rel_p_H_alpha",6.75833340459587e-06,-2.92218456211317e-07,-3.03739400938985e-06,1.34786081711413e-08,4.65078849179576e-07,1.67718808343091e-06,-6.57506933807022e-07,9.25765051010833e-07,-5.74744890393016e-07,3.06146005983839e-06,-4.87373900631077e-06,-2.24232403834639e-08,-6.27489400265141e-08,5.20984959290184e-07,-1.02442945245836e-07,6.77929241667227e-06,4.23145803226862e-07,9.2529279232431e-08,-7.24179568859968e-07,-6.79250311808631e-07,1.37071047830564e-06,-1.11865548838942e-06,6.27823593939594e-07,-7.21663145926472e-07,-8.91830974331818e-07,-8.76869144082384e-07,-9.51293058222741e-08,8.55864024569257e-07,-1.20649437236006e-06,-1.94226102968714e-06,9.90380230627862e-08,-1.35041378468363e-06,-1.05301997715804e-06,-2.5556353060837e-06,9.32688209843205e-08,6.17305735375131e-07,1.56362083596124e-07,-9.95121841030831e-08,7.84817734552606e-07,-5.48084632511415e-07,-5.33270064925693e-05,6.54227557264632e-05,-9.47915147651035e-05,9.12563107651894e-06,-1.19891372624282e-05,5.30403903142008e-05,-0.000105121118466325,0.000147462541708122,-4.32311254960378e-05,-2.95864337602897e-06,-7.4961190213027e-06,-0.000107762630979967,-0.000202635429122863,1.71600783041376e-05,7.44134344752636e-06,1.2055732861586e-05,5.24833279006462e-05,-7.46456895769024e-08,-1.57026766818715e-07,-2.15865573791215e-07,-4.2400626462834e-08,-1.44429180351297e-07,1.6513750277719e-08,-1.938567196322e-07,-5.29874592517144e-08,-7.74824189083501e-08,1.31496857025003e-07,2.33635753459553e-05,-2.10592501149704e-05,-5.45861597813751e-05,-4.25649300611628e-06,0.000614839442518251,-0.000351629872960653,9.87824975379411e-05,-0.000282292555292081,0.000166709407642707,3.30519593594973e-06,-4.73009824724485e-08,-0.00108507353549905,0.000825035549083699,0.00029003842427094,-3.11529251503845e-05,-5.98684017464471e-07,-3.85131449521852e-06,3.03434275205882e-05
"north_west","rel_p_H_delta",-2.78727588719122e-06,9.79087062589999e-06,-1.92485217889384e-06,1.0028011694661e-06,8.29544069165834e-07,-7.53752039207032e-07,2.93835222734258e-07,1.76576115367849e-07,3.88745020316992e-07,-1.71214678683831e-06,2.10819424256625e-06,2.1367524435315e-07,-6.79420778451012e-08,2.29060246603041e-07,-1.14447033782005e-06,-1.98752675200972e-06,1.53463189526661e-08,-1.1771240603417e-06,-1.80549585152306e-07,2.14907631811944e-06,-2.50913594128427e-06,1.83383714362464e-07,-1.52658143906839e-06,-3.66917173679577e-07,-1.52780664290887e-06,-3.94466910246103e-07,-8.94915523921926e-08,-2.17139752651249e-06,-3.93375165369192e-07,-1.09218902279452e-07,-9.64952429230221e-07,1.92681758460962e-07,-4.11097131269207e-07,9.78460383006112e-07,-1.76927878302098e-07,3.72923637595825e-07,-1.35483720355025e-06,1.55638826921638e-06,-1.43604385615411e-06,1.05639617910478e-06,5.52283232309963e-05,-1.75635412444373e-05,-3.32982610344409e-05,-4.22923998751167e-05,5.05887868965454e-06,0.000130268412514015,4.81540879179772e-06,-3.76330777618468e-05,-1.59569836238523e-05,-6.00824620509737e-06,-1.34888914972791e-06,1.34833270534698e-05,-5.68933626855356e-06,-3.15567596719545e-06,-5.53668441188972e-06,-1.87960432374712e-06,1.11905067539533e-06,3.7245641618339e-08,1.66485915329375e-08,1.04278643388729e-07,2.23689753695816e-08,8.35848284421153e-08,-5.05836863828745e-08,9.37346057604291e-08,2.05156223010717e-08,4.84892671713772e-08,9.81924478015427e-08,-5.98220093832182e-05,0.000158922261882687,-4.05122887875028e-05,-5.27116294180673e-06,-0.000351629872960653,0.000412452962129846,-0.000110493964471667,0.000134017008382592,-0.000160961380632844,5.68423103053854e-06,1.20945615194178e-07,0.00134781907798451,-0.000401535546120233,0.000182491302265627,0.000220258855200866,1.3400260522838e-05,2.25813277582539e-05,-4.79051346520481e-06
"north_west","rel_p_H_omicron",3.14820492258451e-06,-2.64197621459459e-05,2.66507761895143e-06,-3.20486752817611e-06,4.44866073385816e-07,2.44201318639781e-06,-2.91563223328136e-06,1.98432319230291e-06,-1.80944286809777e-06,5.00204410085297e-06,-3.52984718331501e-07,4.16938880652347e-07,8.34406730952511e-07,2.59526748557541e-07,9.80273429013063e-07,-2.0273378717125e-05,1.64357579218239e-08,1.14976828997015e-06,1.33724812020083e-06,-4.72762689488997e-06,2.51241203539691e-06,-8.88877554336033e-07,2.44345007879065e-06,-3.11553596918023e-06,3.88162811048754e-06,-3.80936897817969e-06,2.09118798788372e-06,5.96602014775573e-06,-1.93411624941787e-06,-3.16872114961334e-07,1.30020647548755e-07,-5.58286318203512e-06,1.97722791059673e-06,-3.60949665204075e-06,-8.38151080009562e-07,4.00853640481312e-07,3.46333394754318e-06,-4.97263022520847e-06,5.58655403768912e-06,-2.19963143172838e-06,1.14435710304274e-05,-1.91965749663976e-05,2.25478120376647e-05,-1.86095379344542e-05,1.19696847608798e-05,-0.000186722936577978,-0.000258200614897787,0.000628784962505445,-1.2311223150903e-05,6.00999464803595e-05,-3.20233968689052e-06,-1.00077686705573e-05,-0.000930240433543661,8.73496550336364e-06,2.78658404241908e-06,4.28991963946334e-06,-0.000114447176189233,-8.95025616138165e-08,2.79052935112917e-08,1.10890821533964e-07,-1.66638283502735e-07,-5.76180339752726e-08,-7.84494250972591e-08,6.11027434995308e-08,3.5824058829365e-08,-1.24399557042897e-07,-1.09902094691964e-07,0.000288709155461485,2.18618131346697e-05,4.94785585247176e-05,-9.80842620618159e-05,9.87824975379411e-05,-0.000110493964471667,0.00121599189341661,2.63910043139019e-05,2.69038262371437e-05,1.35944257516778e-05,-1.10161102990171e-07,-0.000975194834986663,0.000583059587291216,-0.000578925737562766,-0.00102643124172333,-2.44818634291934e-05,7.9167443658552e-06,6.51047309189753e-06
"north_west","rel_p_ICU_alpha",-4.00432659306751e-06,-4.43226820352489e-06,-1.33722331127816e-06,-8.05785393177284e-07,2.46370959128294e-07,1.45348502333445e-07,-1.16592443145453e-06,1.22139720290206e-07,3.4822646226774e-07,-2.26186044110285e-06,1.24075863349816e-06,1.00319148705106e-07,2.2966739226028e-07,-8.4246373867517e-07,6.6409472469425e-07,-2.14061921801312e-06,7.43678029369795e-07,4.48592296833025e-07,1.88923116460051e-06,-1.00211473598312e-06,1.14894971449535e-06,7.3280452256348e-07,1.13942619064275e-06,3.42534858800987e-08,1.87966411094747e-06,1.7616132482227e-06,-1.41467185052571e-07,7.66996984625268e-07,1.09692916581259e-06,2.71938280664285e-06,1.04741062403415e-07,8.53752070396441e-07,1.7686407926906e-06,-3.28805196095583e-07,3.72017548315962e-07,-9.27443240041122e-07,1.34162772838296e-06,-1.18825129433568e-06,6.60956574483664e-07,-6.41708902306558e-07,-3.8734367427493e-05,-5.50867315547169e-05,9.19375564089227e-05,-2.86561417433769e-06,-6.61966228253557e-07,-3.3568705085908e-05,1.60959850198734e-05,-6.41609708515455e-08,-8.69602495379365e-05,1.33463374233542e-05,1.54608940393732e-06,6.52708274743793e-05,8.09924983076337e-05,-1.37119241604091e-05,6.66100273789973e-06,-2.22914020863578e-05,-3.75308104510465e-05,1.74825711885404e-08,4.91883143864575e-08,-3.54607524438897e-08,-3.09088922887777e-08,5.23222741855321e-08,-7.62596831148583e-09,4.58693381845562e-08,-1.89801091956689e-08,-2.90610625459265e-08,-1.02154247774312e-08,8.42432276999644e-05,3.65677158348578e-05,-6.76593730690381e-06,1.54212602132216e-05,-0.000282292555292081,0.000134017008382592,2.63910043139019e-05,0.000494175278072916,-0.000246057129690153,-2.72034530679584e-07,-9.479154933055e-08,-0.00103708952221013,-0.000514597165422214,-0.000262958428857516,0.000324608003920944,-1.19280064733137e-05,-2.91828909721479e-05,-1.1902403761639e-05
"north_west","rel_p_ICU_delta",3.60139013408413e-07,2.14138073834809e-05,3.11594556046139e-06,1.74784536727258e-06,1.08300852000609e-06,-1.04328740316518e-07,5.11948740484234e-07,6.80088273919304e-08,-4.23203570558127e-07,1.68347792271232e-06,-1.22920095852205e-07,3.86713780585558e-08,2.39904338190228e-08,4.90702299655537e-07,1.60046867651182e-08,-8.21734050675851e-07,-5.42014878553493e-07,2.58606830504418e-07,-7.99056172333556e-07,-1.94723799141251e-07,2.38428833680315e-07,-5.83817979144429e-07,-2.40266276889464e-07,5.31922010817712e-07,-8.52767374357087e-07,-8.83342454217809e-07,-2.60564015805352e-07,3.66864529412208e-07,-6.19036274366103e-07,-1.34612681869932e-06,3.05300177355336e-07,-7.56584094998525e-07,-4.5189448850849e-07,-6.94027104066792e-07,4.09111786211622e-07,-1.67496767408867e-07,-1.90979302974562e-07,4.10222684116722e-08,4.36847578125409e-08,4.78656936553279e-07,-8.80409944010458e-06,9.87398004986111e-06,-3.72051465047949e-05,3.58074064497414e-07,-6.56340664922847e-06,-4.64805300523567e-05,1.6827097660486e-05,-0.000130724425318205,0.000123557451034323,-6.48665441025851e-06,-1.71145366985072e-06,-2.30019496969218e-05,-3.32726345426602e-05,1.2159072974628e-05,3.63839960409306e-07,8.32005095547129e-07,-3.36626761066409e-06,9.81695592079172e-09,1.67458077877637e-08,6.4113776235842e-08,4.47498513125188e-08,2.21510676631997e-08,4.5254199268329e-08,1.04952324995947e-08,3.79610016424168e-08,4.92138814233198e-08,-5.67716216561409e-08,-8.25112638850873e-05,-7.0244041844078e-05,7.74849169775376e-05,-3.34607853228694e-05,0.000166709407642707,-0.000160961380632844,2.69038262371437e-05,-0.000246057129690153,0.000266045802052845,-7.79914509591497e-06,1.27320650054823e-08,0.000412469498080395,0.000205362419862904,5.12333145600911e-05,0.000294315020178056,3.8943901647964e-06,1.25007273787395e-05,5.9046655621673e-06
"north_west","rel_p_ICU_omicron",-4.67205313237066e-07,5.2769994038181e-06,2.62333081581578e-07,-4.09087583511856e-07,-2.27084347772585e-07,3.18247759911186e-08,-2.71665585056513e-07,1.49652201399667e-07,-6.22430574744575e-08,-1.02174350502002e-08,-7.28945930624725e-08,-6.84068997266518e-09,-3.09356009104361e-09,9.9803182443906e-08,5.65867430130356e-09,5.63665505586006e-07,-3.13497500804219e-08,-3.2187654626888e-08,1.3391341175323e-07,-5.70751476029054e-08,-1.07573951708918e-07,-5.47346614645701e-08,3.78946872989808e-08,-1.31001550791345e-07,-1.07807219669335e-07,-1.74623192564263e-07,2.25729446390253e-08,5.41643666301442e-08,-1.60094335892125e-07,-3.099371962587e-07,-1.8514956130864e-08,-7.93436692650535e-08,-1.81071380311036e-07,4.51856234099039e-07,-5.44913013835305e-08,6.47101550836831e-08,-9.92027765151148e-08,4.52737391904044e-08,-6.59607665047096e-08,7.09700153456746e-08,5.09085285202812e-06,3.34911103471836e-06,1.57378916596288e-06,-6.78906982886318e-06,4.20124643342991e-06,-4.44873544306844e-06,-2.42796301475006e-05,-1.01025425243254e-05,1.638434849974e-05,-1.4574278783877e-06,-1.89483769147105e-06,1.61414976495226e-06,-3.51252382546236e-05,-4.19979611733581e-06,-2.36171746384103e-07,7.54948707846259e-08,-5.39157864063583e-06,-3.6125454242384e-09,-2.71426803160479e-08,-1.07837059359634e-09,-4.13851186045796e-09,3.94331286955494e-09,-8.6263682392664e-09,-1.52624799401662e-08,-4.77728973637451e-10,2.08998688547008e-09,-1.33674331189378e-09,-1.35971203949592e-05,7.22194497768741e-06,8.62104108314531e-06,2.15579933593491e-07,3.30519593594973e-06,5.68423103053854e-06,1.35944257516778e-05,-2.72034530679584e-07,-7.79914509591497e-06,1.39361185719042e-05,2.52348742578053e-08,-7.37975475701618e-05,7.32975267402115e-06,-1.41503683404346e-05,-5.02003334334368e-05,-9.13658843382035e-07,7.13254451286242e-07,3.38478818384843e-06
"north_west","rho_pillar2_tests",-8.93800162799153e-09,2.86300787715219e-07,-1.8158786143884e-08,-8.26683953448962e-09,-5.63318291466413e-09,-3.32293223617781e-09,1.99311101739716e-09,2.7366854378504e-09,5.18502972937684e-10,-6.13883214379807e-09,5.81679825278355e-09,-6.91953264766948e-10,-3.76440995020089e-10,3.97176573090836e-09,-9.40011498420067e-10,3.43946893149192e-08,-1.25440970698948e-09,-1.42144404752776e-09,-4.3194948173701e-09,4.74522230826796e-09,-5.53248304779034e-09,1.99864154975186e-09,-2.07930488691752e-09,-1.82755747621112e-09,-2.92932998175775e-09,-1.74831967198066e-09,-2.72559296779207e-09,-4.70152023293544e-09,3.6338625450742e-10,3.52038227831465e-10,3.68107305508351e-09,-2.99101769699439e-09,1.91789939123415e-09,4.22343645916358e-09,1.66530550699442e-09,-3.18679020067747e-09,1.56811127599787e-09,-2.74179311393698e-09,6.28456517873339e-09,1.8159500229554e-09,1.06778300914148e-07,-1.42565852799118e-08,1.29850573877788e-07,1.81834688899246e-07,7.52081168980706e-08,-4.55839240613631e-07,-2.09078131443153e-07,-7.6161138830633e-07,1.11389417145193e-07,-1.5589532559499e-08,9.41315801447345e-09,-2.60044575746697e-08,3.89891804988013e-08,-5.1737831578707e-08,-9.14088278100165e-09,4.15258626008433e-09,2.08255878894535e-08,-2.59085397135353e-10,1.35043153144971e-11,-1.89261711122616e-11,5.40834747500752e-11,-1.31141222760114e-09,9.4466476511963e-12,-1.86387013822415e-10,6.63452573303793e-11,1.46507451746664e-10,-2.03727832259741e-10,-3.33849597841831e-07,-1.50292999929103e-07,-5.87826727137089e-09,-1.05525651797625e-08,-4.73009824724485e-08,1.20945615194178e-07,-1.10161102990171e-07,-9.479154933055e-08,1.27320650054823e-08,2.52348742578053e-08,7.14732488595563e-09,2.75042773816879e-06,-6.63319915669829e-07,-1.93836688189392e-06,-1.04810489338349e-06,2.87249240096159e-08,5.65091775472883e-08,-1.15153698752192e-07
"north_west","seed_date_alpha",-7.99139929412988e-07,-0.000943366981609214,4.26682260569637e-05,-1.04536546483865e-05,-1.62281420836651e-05,-3.22868092968888e-05,3.89111768617405e-05,-1.19730664744878e-05,2.89171508787985e-05,4.69186139222059e-05,-1.3048119101208e-05,-5.5500450407004e-05,-7.42041356550627e-05,-0.000108781379620206,-9.07590822214304e-05,-0.000206806701172635,-9.2568715028245e-05,-7.70132874958573e-05,-8.40836034469307e-05,-0.000107565404131454,-0.000101445705897941,-0.000104443517824206,-0.000129203986360144,-9.536552402807e-05,-0.000184372769716946,-0.000146276557031921,-7.79859918375388e-06,-0.000131467151309663,-0.000174373896082804,-0.000128715902540711,-5.2768272624575e-05,-0.000114315201543518,-2.79518146599265e-05,-0.000214615207741352,9.22678285605933e-06,5.23453344659786e-06,-3.35234755864606e-05,1.98343877617961e-05,-1.44166454257784e-05,1.03733728204255e-05,0.00131438496140432,0.000678871988611214,-0.000660525859032869,-0.000711057665965057,0.000122555782405803,0.00310824870560159,0.0050207254151644,0.000595518363725433,0.000846596657574683,-4.77726080521008e-05,8.90340412125279e-05,0.000579319254801106,0.00018515902296651,-0.000600917583213182,-0.000313510138053371,3.89509232758684e-05,-0.000609286789354929,-2.56233954055609e-06,-2.73701226181836e-06,8.68287268843838e-07,-1.03763365685064e-06,1.78711260699087e-06,-4.84134667531103e-06,3.74193268141106e-07,-2.13999604645756e-06,-3.55527048080972e-07,-4.37270070464739e-06,-0.00191463542188393,0.00222231501465155,0.000755805012322648,-9.61087380124932e-06,-0.00108507353549905,0.00134781907798451,-0.000975194834986663,-0.00103708952221013,0.000412469498080395,-7.37975475701618e-05,2.75042773816879e-06,0.474696557569314,0.00537027739513579,0.000161784307434043,-0.0188297258077908,0.00417234657726933,9.82228789008938e-05,0.00030706417621873
"north_west","seed_date_delta",3.25852897655228e-05,0.000210461012288437,7.09565162772074e-06,-1.48488334370004e-05,4.83823685693853e-06,7.43720104890509e-06,1.26814180663858e-06,-1.18802803197885e-06,2.08593398232948e-06,3.95524450394865e-06,6.34752420987051e-07,-1.88507241741667e-06,-2.0958928359284e-07,-9.92500445981437e-06,1.27504874764026e-05,4.2819052523991e-06,-6.47111369481175e-06,-6.5980395009968e-06,-9.36761859262083e-06,-3.93397175331131e-06,2.175417472853e-06,-1.60048124534102e-05,2.82715998789467e-06,-1.98591054860456e-05,-2.01725283561066e-07,-9.91695994035298e-06,7.44188875851262e-08,-1.39321594031807e-05,-1.50661560943087e-06,-2.96657255356077e-05,6.34070994114944e-06,-2.28001517775167e-05,4.65236905529373e-06,-3.72189503580617e-05,-1.54945536972212e-06,1.04563391740886e-05,-1.59970471230934e-05,8.83943721473365e-06,5.48681009340656e-06,-1.36326083815407e-05,-1.51291855153416e-05,0.000355583803444214,-9.0614093521239e-05,-0.000156427315360739,0.000313878081971884,0.000438272780502887,0.00241443251160939,0.000516031982392406,0.000465851416822158,3.53380117993094e-05,-1.50895944282164e-05,-0.000259575780436744,-0.000753695858239922,-0.000200352828840887,1.63929052237309e-05,4.64842767842862e-05,0.000502016805133562,-3.77935415165178e-07,-1.25708923490515e-07,-6.59184938344302e-07,9.14421111237566e-07,-2.91680482509729e-06,3.46023686065979e-07,-2.87801221514438e-07,-2.26810106643289e-07,7.87228510890494e-08,7.35419316377574e-07,0.000266209256281181,-0.000352040368233918,0.000407145649097222,-0.000514189078704851,0.000825035549083699,-0.000401535546120233,0.000583059587291216,-0.000514597165422214,0.000205362419862904,7.32975267402115e-06,-6.63319915669829e-07,0.00537027739513579,0.0240107200836211,0.0032593344357583,0.000604329749115655,6.58262637850556e-05,0.000271752367898281,7.6644214416406e-05
"north_west","seed_date_omicron",-5.62971380691678e-06,0.000566857384621888,5.55210962908347e-06,6.31087187465185e-06,-1.0839836561797e-05,6.36515636691211e-06,-4.96457705049221e-06,1.27207731071457e-06,-6.28115603566558e-06,1.00362212209476e-05,-2.5513478098398e-05,-2.23593421003636e-09,-4.0402606305262e-06,3.04115645067848e-06,-1.21454122841114e-05,6.14663925350172e-05,-4.11759733913696e-08,-1.14407603786214e-05,-7.12396304091344e-06,1.29653287437965e-05,-1.45091153827059e-05,-3.57804494588028e-06,-1.51380562485384e-05,1.8474904492502e-06,-2.60984204240298e-05,-9.93478758097062e-07,-4.98888881268889e-06,-2.04196298950097e-05,-1.60084727817449e-06,-8.24194772039061e-05,-2.20513752797872e-05,-6.00293811454753e-05,-2.77261226785627e-05,-6.96655139847884e-05,1.86097525002587e-06,4.27616572139371e-07,-8.76364978902048e-06,1.3764293062388e-05,-1.75991539811083e-05,-2.46740396852324e-06,-7.95249986882878e-05,0.00027245215110733,0.000373662750190782,0.000251841792260321,0.00021114726790744,0.0011523122647623,-0.000129397807954778,-0.000898255575813839,-0.000310581331378196,-0.000238312936548693,-4.1095852917321e-05,-0.000117702938793038,0.000455578601900614,-0.000155330879250235,5.97336358310943e-05,1.15453038352645e-05,0.000577210845937904,1.8000179407391e-07,-5.21649856194032e-07,-8.08006385464329e-07,-3.50199089642226e-07,-3.6255063966473e-07,3.52778485402549e-07,-9.28812329191674e-07,5.73765204271082e-07,-3.44459625707795e-08,3.90213944719801e-07,-0.000350182255091941,-0.000879877468799732,-2.04955893564035e-05,1.2173643288115e-05,0.00029003842427094,0.000182491302265627,-0.000578925737562766,-0.000262958428857516,5.12333145600911e-05,-1.41503683404346e-05,-1.93836688189392e-06,0.000161784307434043,0.0032593344357583,0.0354891056851522,-0.000848140248899427,9.60379973118884e-05,0.000188522012762816,0.00134188610202203
"north_west","start_date",-0.000105431386869304,0.000438656897283208,7.29505220395503e-05,2.08118716664651e-05,0.000417989594663787,1.33185310375325e-05,-1.56993503316597e-05,6.47597200838445e-06,-1.61635386329431e-05,2.41827103057062e-05,-2.89914825174935e-05,8.13978762938732e-06,-1.13460035226243e-06,-2.87619923045227e-06,1.91957232217736e-05,-0.000273987886253183,-4.77544308538674e-06,6.17977059769303e-06,-3.38871407238948e-05,6.53994471812833e-05,-6.22244936723674e-06,4.43529486003727e-06,-3.15500454741558e-06,6.20289442659553e-06,2.60339197958382e-05,-1.92216940808866e-05,5.93122426562368e-06,1.49111536923854e-05,-1.01340060069406e-05,5.13776674186027e-06,-1.14000402782311e-05,-1.98309298008278e-06,-4.59900016354646e-05,0.000141977621886212,-2.12728735307024e-07,1.01095307133957e-07,1.59255540254799e-05,-2.86690254869588e-05,1.36838902622796e-05,-1.04476321606955e-05,4.56582353180817e-05,-0.00018732557292718,-0.000968219365177347,-0.000653164775758964,-0.00196167327170159,0.00119314460273334,-0.000759481651426278,0.000410049789922487,0.00207793143758251,-0.000248838322431558,7.23323212002349e-06,6.18894558385666e-06,0.00104012796071436,0.000417750616365681,7.20145077255839e-05,-7.63693127676261e-05,0.000842969413536025,-6.26254249782948e-07,-1.09506114983346e-06,9.25498049338017e-08,2.08355024628565e-07,2.6342531126619e-06,7.48425269968983e-07,-1.21624751877348e-06,-2.79573200492315e-07,-6.57608041552171e-07,-2.61738389048423e-07,5.56281295637378e-05,0.000311217283812142,0.000168631039193779,0.00139251306998214,-3.11529251503845e-05,0.000220258855200866,-0.00102643124172333,0.000324608003920944,0.000294315020178056,-5.02003334334368e-05,-1.04810489338349e-06,-0.0188297258077908,0.000604329749115655,-0.000848140248899427,0.17132110516166,-0.000144100949830796,-0.000106117273175657,0.000176282834965266
"north_west","ta_alpha",2.54691451356076e-07,-5.24263956994659e-06,-1.5564309477328e-07,2.10750958058619e-07,-1.40836191078916e-07,-9.66502559319972e-08,6.20332048533493e-07,-4.74551259660129e-07,5.61779892469164e-07,7.15963141647624e-08,-3.80941557234541e-07,-6.39218957996001e-07,-6.93243504693275e-07,-9.90525532045658e-07,-1.02850268294273e-06,-7.51640167045597e-07,-8.39483387635439e-07,-9.45445950254271e-07,-9.26053816771127e-07,-6.84770468461886e-07,-1.15787781449665e-06,-9.49997759835995e-07,-1.37207271696814e-06,-7.68750093749909e-07,-2.10937463299405e-06,-1.01994649922181e-06,-2.03169014992363e-07,-1.52859657740221e-06,-1.48402342344836e-06,-1.57683136380258e-06,-4.34640352673271e-07,-1.16870856057493e-06,-4.72865756809985e-07,-1.8856349188953e-06,1.67060515985591e-07,6.03933805697698e-08,-3.59833419521802e-07,3.01867861612039e-07,-2.34294146924246e-07,3.42397705140444e-08,9.50538610132371e-06,6.22651374993037e-06,-7.64989684420003e-06,-8.05242708189339e-06,3.65493861073401e-06,4.41004155648338e-05,7.02028190469305e-05,-1.77669924309141e-05,-3.2404664344353e-06,-4.00333256346699e-06,5.20079745152039e-07,-2.23868288167519e-06,7.59483719724338e-06,-4.86086682525354e-06,-2.48073568469891e-06,2.39963941083859e-07,4.9304409057962e-06,7.80162115408958e-09,2.64887675061737e-09,2.14955158621131e-08,7.28250704065679e-09,5.44246675335933e-08,-3.11400624666592e-08,8.04548717541811e-09,-5.04426587988088e-09,1.18158082064865e-08,-1.67771743188767e-09,-2.44840391843388e-05,1.6670133800724e-05,3.49798443596637e-06,-6.95688101855361e-07,-5.98684017464471e-07,1.3400260522838e-05,-2.44818634291934e-05,-1.19280064733137e-05,3.8943901647964e-06,-9.13658843382035e-07,2.87249240096159e-08,0.00417234657726933,6.58262637850556e-05,9.60379973118884e-05,-0.000144100949830796,4.42171160204335e-05,4.00580709655251e-06,2.22149253084901e-06
"north_west","ta_delta",-1.98657936784177e-07,-1.69074832886935e-06,-1.25174588308544e-06,1.08477453714227e-07,1.04801334324492e-07,5.4559904027292e-08,2.78908761566987e-07,6.8179367731011e-08,-3.23224440292888e-08,-1.64374078158375e-08,2.29536639968906e-08,4.819399918959e-08,-9.53814058024032e-08,1.76399285544e-06,-1.55350244883088e-06,-1.16107741068189e-06,-1.13639351345196e-06,-1.01318680025528e-06,-1.45692127017725e-06,-6.24197246861101e-07,-1.03742671529131e-06,-1.46166216990276e-06,-1.29990334435921e-06,-9.89595345030007e-07,-2.44754416699305e-06,-1.16276596367812e-06,-3.60187704714277e-08,-1.97835475657202e-06,-1.49520971141076e-06,-2.14680908910679e-06,-6.19866531964162e-07,-1.51133278948293e-06,-8.63060716048043e-07,-1.64811383691741e-06,3.09901094085455e-09,1.68230902921336e-07,-3.7445312026616e-07,3.40516551009098e-07,7.97047707457063e-08,-1.15631179319087e-07,-2.44172148228985e-06,-6.02335458195551e-06,-1.8663095681019e-05,-6.75997213727889e-06,-7.11942234771261e-06,-3.57802994408433e-05,-2.94934412693786e-06,-7.42636845601821e-06,1.34194989767653e-05,6.4207387416627e-07,-3.08607491559319e-06,-1.02290500882999e-05,-2.2461944394326e-05,7.70170041874964e-06,-2.26512777393958e-06,1.09371015236406e-06,1.86532894407716e-05,9.23668955712903e-09,3.57493288541326e-08,2.34829550174777e-08,5.34704195008418e-08,-3.81637119457549e-08,7.02105082161069e-09,1.02233456523649e-08,1.0010442816785e-08,1.81477313689598e-08,-4.92122753398848e-09,-2.88750292721946e-05,3.59682099048436e-05,-1.90898822922584e-05,-1.97390312245797e-06,-3.85131449521852e-06,2.25813277582539e-05,7.9167443658552e-06,-2.91828909721479e-05,1.25007273787395e-05,7.13254451286242e-07,5.65091775472883e-08,9.82228789008938e-05,0.000271752367898281,0.000188522012762816,-0.000106117273175657,4.00580709655251e-06,5.83761162310412e-05,1.57180717271138e-06
"north_west","ta_omicron",1.61946404224016e-06,2.15729047847598e-05,8.35234892186075e-07,-7.8310900526453e-08,-1.04601082628294e-07,3.01135980408665e-07,-9.00237163102768e-07,3.33192546795983e-07,-1.03750031139148e-06,6.31661229600574e-07,-1.43933937327234e-06,-2.20903160486355e-07,-4.11347363285141e-07,-4.66084027710796e-07,-8.07401287832868e-07,-2.26857348293819e-07,-3.05274413218878e-07,-4.91616167545691e-07,-9.68834973747269e-07,2.01391885271939e-07,-9.00204788165699e-07,-8.68327099885489e-07,-1.41060309500071e-06,-7.53959397462791e-07,-2.19945091222522e-06,-1.49753581277989e-06,3.74262308666506e-08,-7.16825850468859e-07,-2.79657044862521e-06,-4.9151179815087e-06,-1.86222586852438e-06,-3.57555757539023e-06,-2.30352005833704e-06,-4.39726210122532e-06,-2.03423512066802e-07,2.19565399314391e-07,-7.87903894769952e-07,6.44737061626611e-07,-9.6710942880426e-07,-4.51845924085669e-07,-1.66755737589453e-05,1.57789206435381e-05,1.59239738425194e-05,-1.36561010848099e-06,4.6098681617811e-06,5.37566255679842e-05,-2.76370169036735e-05,-5.59326390746967e-06,-1.6526437668488e-05,-9.05293873369927e-06,-5.46413846977169e-06,1.95490416586307e-05,4.10626937774862e-06,-9.98278393595367e-06,2.84038396753461e-06,1.10756481169224e-06,6.18655917685788e-06,-9.31299539400405e-08,-2.16715218089295e-07,-1.94595536583429e-07,-1.34372892136754e-07,-2.53488628483466e-07,-6.84036668604669e-08,-1.4840572540309e-07,-5.02260025441211e-08,-7.79447541618883e-08,-1.17167557783875e-07,1.92903164151905e-05,-2.14034953934516e-05,1.12185256769209e-05,-2.04448417065701e-06,3.03434275205882e-05,-4.79051346520481e-06,6.51047309189753e-06,-1.1902403761639e-05,5.9046655621673e-06,3.38478818384843e-06,-1.15153698752192e-07,0.00030706417621873,7.6644214416406e-05,0.00134188610202203,0.000176282834965266,2.22149253084901e-06,1.57180717271138e-06,9.34872156787099e-05
