"region","name","alpha_admission","alpha_D","alpha_death_hosp","alpha_H","beta1","beta10","beta11","beta12","beta13","beta14","beta15","beta16","beta17","beta18","beta19","beta2","beta20","beta21","beta22","beta23","beta24","beta25","beta26","beta27","beta28","beta29","beta3","beta30","beta31","beta32","beta33","beta34","beta35","beta36","beta4","beta5","beta6","beta7","beta8","beta9","mu_D","mu_D_2","mu_D_3","mu_D_4","mu_D_5","mu_gamma_H","mu_gamma_H_2","mu_gamma_H_3","mu_gamma_H_4","p_G_D","p_G_D_2","p_H","p_H_2","p_H_D","p_ICU","p_ICU_2","p_ICU_D","p_NC_15_24","p_NC_25_49","p_NC_50_64","p_NC_65_79","p_NC_80_plus","p_NC_weekend_15_24","p_NC_weekend_25_49","p_NC_weekend_50_64","p_NC_weekend_65_79","p_NC_weekend_80_plus","p_W_D","rel_p_D_alpha","rel_p_D_delta","rel_p_D_omicron","rel_p_H_alpha","rel_p_H_delta","rel_p_H_omicron","rel_p_ICU_alpha","rel_p_ICU_delta","rel_p_ICU_omicron","rho_pillar2_tests","seed_date_alpha","seed_date_delta","seed_date_omicron","start_date","ta_alpha","ta_delta","ta_omicron"
"north_west","alpha_admission",0.00055346221169858,-6.20268919059863e-05,2.81206879748902e-07,-1.47618576367985e-06,-3.26697437475457e-05,-2.45958687306532e-07,3.48037646949635e-07,-6.73589985009147e-07,-1.3967543911577e-06,1.88857285007392e-06,-1.73006785636909e-06,1.67484720796358e-06,-1.85517621875391e-06,2.27850526511001e-06,-3.42086335054612e-07,4.62179047189584e-05,2.87605441143571e-06,2.09179691761392e-06,-4.67843000164262e-06,7.37543474573524e-06,1.20555246271377e-06,2.16044906288731e-06,3.97613677646101e-07,4.87936860489685e-06,2.489131348955e-06,1.22101327739392e-06,-2.12425123680704e-06,5.22068142783429e-06,7.60310561217292e-07,4.3269156549712e-06,3.01670873291624e-06,-9.37094493591925e-06,1.8320137177271e-05,-3.93474043454512e-05,1.74117302171747e-06,-2.82855975925456e-06,2.44774743638904e-06,-1.27469644060348e-06,-9.35667465197678e-07,9.58581778003781e-07,7.5146675783169e-05,-0.000121822892593003,0.000923649063786154,0.000375782738097102,0.000891067171383198,-9.4928238286374e-05,-2.75772362673737e-05,0.000218096002870942,0.000330124910266542,0.000233910727028822,0.000246753461180168,0.000126780407351237,-6.53392735750626e-05,6.31630411531388e-05,-1.905773830446e-06,-1.92080382249351e-05,-0.000152803236767133,-1.17314440328399e-07,-2.69777754839769e-09,2.65961403717141e-07,1.59297018819206e-07,5.20166748372995e-07,1.41477771360774e-07,1.9835172661205e-07,3.29762646037773e-07,1.08498011473517e-07,-2.55531344925471e-07,0.000190912655716459,-0.00125542432867839,0.00160891059241284,-0.00028136585965765,-0.000184921051170533,-0.000166171187959797,0.00030807687707707,0.000206225487141277,0.000338256489714797,-3.67230922962738e-05,-4.72482496395728e-07,-0.00137890434934653,0.000282213722735779,-0.000396571313840381,-0.0104961984651454,-1.00331899198409e-05,-5.79361140132891e-05,-1.52914697472188e-05
"north_west","alpha_D",-6.20268919059863e-05,0.0133700917195286,-7.17357023464524e-05,-3.40159212494963e-06,1.11269377116696e-05,-7.77067069755953e-06,2.98621346661909e-06,2.8768121158949e-06,-5.13904383289419e-06,-3.75296343569566e-06,7.13191817039567e-06,1.75285846576575e-06,-6.56858106385271e-07,7.86513289258802e-06,-3.66348818028772e-07,-6.93515881287582e-06,3.54143916102857e-06,7.39112541358438e-06,-7.32022883547092e-06,2.45059767591898e-05,-7.60370032589971e-06,1.17586744628734e-05,-2.23807320969666e-08,8.76865679089186e-06,6.66010345752414e-06,1.14539860642591e-05,5.58722003845895e-06,-6.3621750721952e-08,1.17424683829858e-05,-2.86352234979223e-06,1.37532344957293e-05,-5.96170816025709e-06,-1.07994676784416e-05,3.11652582522198e-05,-3.09365728156573e-06,1.86110742955998e-06,-3.32775055750386e-06,1.03131010389804e-05,-1.81230248451433e-05,1.81834134475046e-05,-1.52370008614382e-06,2.40274544575254e-05,-0.0011207033791688,-0.00110203065381917,-0.00144677451658758,0.000237776727792513,0.000340075000411631,-0.000374332804012445,-0.000106167435769396,0.00159004545299081,0.000161680967547245,0.000199171368486701,0.000678380371486775,0.000256204397772633,-5.45753107027039e-05,2.50112849209969e-06,-0.000536719792763292,3.75196222287678e-07,-1.82113963897702e-07,-1.90567830104386e-06,-3.97413978585368e-07,-1.46972483108082e-06,-3.24004944803877e-07,6.24407886194834e-07,-7.79046345508029e-07,-3.31768665684477e-07,-4.77885741706426e-07,-0.000721601419910714,0.00147576150347836,0.00177458539270258,-0.000206927588325002,-0.000167736566538659,0.000422907361022137,-0.000756084719706532,6.01361160382232e-05,-0.000837094756680675,7.84784297999358e-06,-2.81833190971526e-06,-0.0151360116536213,1.9105437453562e-05,0.00189820351794797,0.00317524925798604,-0.00013803314029727,-6.03372390630159e-05,4.42365739229131e-05
"north_west","alpha_death_hosp",2.81206879748902e-07,-7.17357023464524e-05,1.45614544549433e-05,-5.69847507401054e-07,-7.10260657081284e-07,9.57371467060214e-08,-1.76763850697701e-07,4.99090086943486e-08,3.51293229256502e-08,-1.95993779563144e-07,3.86983439451293e-07,-6.15615189498736e-08,5.25206914294726e-09,-1.71349014853419e-07,-9.40358084655376e-08,5.56597993932116e-07,1.43425658018206e-07,-1.40650614875424e-07,1.89033808352638e-07,-1.72208868251888e-07,1.29472868133938e-07,-7.97606226194624e-08,1.17662570334147e-07,-1.90817326555749e-07,1.119661137029e-07,4.84258304286053e-08,3.72056780833369e-07,-1.24413383225461e-07,2.114617552243e-07,-5.71717640366913e-08,-5.40485879773442e-08,-1.41074387558972e-07,5.74602253938139e-07,-1.49607106440147e-06,-2.42408309312086e-07,1.83847843258467e-07,-1.85917411121117e-07,1.334662142295e-08,4.55331697029463e-08,-3.9570956328534e-08,2.30037562050888e-06,5.02641403979177e-06,1.70311710689116e-06,1.79042806126332e-05,1.13287552831469e-05,9.22507796921409e-06,-9.18295015470578e-06,1.58808269743377e-05,1.44252957442471e-05,-1.49797382982037e-05,-3.57352809387681e-06,-5.06495896251594e-06,-1.5926153123353e-05,-3.13901881205332e-06,1.58155416243082e-06,5.84150008168197e-07,-1.68602163773137e-06,9.8906094360652e-09,8.89271506769229e-09,-7.07044793099808e-09,9.75325117106838e-09,2.34091131781248e-08,5.78068445230532e-09,-3.42142064306344e-10,1.70392241413363e-08,-2.43605104566052e-09,-3.21844613790112e-08,1.74280947827568e-05,-4.57081436401385e-06,-3.33826505949923e-05,7.3650521569688e-06,5.31371014044766e-06,-1.26434972290641e-05,1.44032293081692e-05,-7.0688148889527e-06,2.06770171635449e-05,-1.86853700123142e-07,5.42112596010183e-08,0.000293096931948608,-7.43842762560929e-05,1.14153947936382e-05,-0.000129574586310934,2.8813051706145e-06,-2.74272526806685e-06,-1.3959994920424e-06
"north_west","alpha_H",-1.47618576367985e-06,-3.40159212494963e-06,-5.69847507401054e-07,1.15373784741943e-06,-1.02099421238679e-07,-1.5898112169911e-08,5.15725069618959e-08,-1.22505671494596e-07,1.18042750694954e-07,-1.61764699960112e-08,3.37907292139772e-08,1.84162623173106e-08,4.91550242309217e-09,-2.3802603397079e-08,1.53621326225899e-08,-5.38091300179456e-07,3.03826545679297e-08,5.91714800194699e-09,-1.81006641562995e-09,4.35645295908131e-08,3.62846458998796e-08,2.03461802270167e-08,2.52557526394561e-09,9.12305352728837e-08,-5.62654646840605e-08,5.33424222773353e-08,-9.49621519283255e-08,9.01387484931113e-08,-2.81824086812713e-09,-3.33893331182608e-09,-3.96282100247533e-09,8.98719960285792e-08,-1.05875157003024e-08,-4.82835262263495e-08,4.30134903639364e-08,-3.56433295773838e-08,1.06710661521371e-07,1.29496177073836e-07,-2.0074721886145e-07,1.56521112609003e-10,1.06186457578486e-07,6.86006224746538e-07,6.77633925077908e-06,-2.118126392065e-06,4.29250662072564e-07,-5.43275218547175e-06,9.9372134522314e-07,-2.91874578932963e-08,-6.26023363098176e-06,3.297486543824e-06,-1.48331768096488e-06,-8.59863633097552e-07,-2.10443640428485e-06,-4.0653393330939e-07,-4.74275537212589e-08,-1.09481639530515e-08,1.19710899586547e-06,-6.32127033996915e-10,-6.12574933298604e-10,7.21738848018311e-09,4.61169933563597e-09,1.65581414416158e-08,-1.08442947374834e-09,1.33753101370659e-09,1.64104803015373e-09,-1.08860462677637e-09,7.30818696499629e-09,-2.747410470559e-06,-7.83911074235153e-06,8.7712478785878e-06,-1.33533748053538e-06,2.92948555189064e-07,4.1277685900908e-06,1.43748089689975e-06,-4.85355721356438e-06,-1.13038796740108e-06,-4.49057538729294e-07,-3.23349427467321e-08,5.9271425578582e-06,2.49877639177695e-06,-6.02626855024828e-06,-0.000111713004744102,-9.41379590368244e-08,-5.79163404674919e-07,2.18157675530684e-07
"north_west","beta1",-3.26697437475457e-05,1.11269377116696e-05,-7.10260657081284e-07,-1.02099421238679e-07,4.83610505302901e-06,2.57012965668583e-07,-1.76038656250913e-07,-1.34738815323361e-08,2.63531105467365e-07,-2.69038765153147e-07,3.3549511499832e-07,-1.01178239451724e-07,1.87074369922722e-07,-1.37661160935315e-07,1.57783788706907e-07,-7.39653416530494e-06,-2.8715804041168e-07,-1.53436202745205e-07,2.31550191885824e-07,-2.83113413713504e-07,-8.43468993133969e-08,-1.95178371877925e-07,1.15173868055324e-07,-5.05077320283957e-07,-7.13697035719918e-08,5.77550333929546e-08,2.80004840648836e-07,-5.02541747009078e-07,6.3956412375649e-08,-1.72653255776421e-07,-1.89808964385455e-07,1.06500383912793e-06,-2.14856077291716e-06,5.42567767087236e-06,-1.98862280880142e-07,3.26345980426303e-07,-1.05640583738126e-07,-2.22325614111104e-07,8.18524648575626e-07,-4.30270956620191e-07,-1.26011157826459e-05,1.07195823033251e-05,-8.54981191959526e-05,-3.03626780408073e-05,-7.48707394121597e-05,1.15911755414785e-05,-2.75479310134284e-06,-2.05831765626101e-05,-2.05433968204709e-05,-1.21050863393675e-05,-1.53826269928004e-05,-1.0504527207257e-05,1.3362874243903e-05,-4.55338144076353e-06,-4.33434639432178e-07,1.86996943679344e-06,-5.70271510610027e-07,1.67607020486701e-08,9.8475157558444e-09,-1.45254152194593e-08,-1.56833961195479e-08,-6.99266999483754e-08,-7.0786974440402e-09,-1.84268428591824e-08,-1.37173781629783e-08,1.72727132210039e-09,3.55953876362871e-08,-1.8143109206888e-06,0.000116416395809946,-0.000138913485853085,2.35127440977059e-05,1.46952338711321e-05,1.11885085118142e-05,-3.20982099805608e-05,-1.78441909950773e-05,-2.28721955760473e-05,2.73622859529031e-06,1.24408410519455e-08,-2.85034926043999e-06,1.70718380377437e-05,-1.30601613993887e-05,0.00147518423317534,8.04753893435911e-07,6.5729729004014e-06,-2.70877381596138e-06
"north_west","beta10",-2.45958687306532e-07,-7.77067069755953e-06,9.57371467060214e-08,-1.5898112169911e-08,2.57012965668583e-07,2.60315849477681e-07,-2.74066450386892e-07,2.94474663724536e-08,6.33178116824726e-08,-5.47959958474096e-08,5.80135887282752e-08,5.82706001284883e-09,1.71067685148525e-08,-1.30203320342566e-08,3.09806245775176e-08,3.29396221428979e-07,-1.14128438463367e-08,4.73732835937058e-09,6.78580290414288e-09,1.3708575936997e-08,2.65409913610859e-08,-1.07781532040916e-08,4.86845407873184e-08,3.06544246396569e-08,-7.072729854774e-08,1.2222042419249e-07,-2.26163312402258e-08,-1.44565785484204e-08,4.25538761518421e-08,4.86093785633828e-08,1.84718051067339e-08,7.73225115212368e-08,-5.35985492596623e-08,2.63642950206584e-07,2.81994033516425e-10,1.97438175948288e-08,4.67528222796531e-08,-1.08176473028804e-07,3.01466205223288e-07,-2.95974210785221e-07,-7.88687566486913e-07,2.87888124027848e-07,3.80555896829431e-06,2.47865110145114e-06,-3.09959368743668e-06,-1.71510106293432e-06,-1.08771427942355e-06,2.32407775087905e-07,6.90801875331318e-07,1.26191396630073e-06,9.77056643814822e-07,-3.35123489282625e-07,1.74521448672787e-06,-2.45592019813654e-07,-2.99982319807311e-07,7.78882452033945e-08,-1.76929934120799e-06,2.7671762965822e-09,3.81469742385203e-09,8.52454285821608e-09,2.38056632612481e-09,-8.47383275621731e-10,2.05802881855414e-09,-3.32207746381043e-09,3.3554001509914e-09,1.85659673810851e-09,6.40840121898431e-09,2.71344146335701e-06,-3.89997140779391e-06,-4.32307470526067e-07,2.97498827741517e-06,1.0749787529439e-06,-1.44505975544141e-06,-2.06718228953303e-06,-2.61444617037845e-06,2.26621110525231e-06,7.73106105557354e-08,-6.09924008298503e-09,-2.69118424261589e-05,1.02435195381869e-06,-1.56815439281926e-05,8.83421090593408e-05,1.63614872468405e-07,3.60094111844058e-07,-1.22004512864362e-06
"north_west","beta11",3.48037646949635e-07,2.98621346661909e-06,-1.76763850697701e-07,5.15725069618959e-08,-1.76038656250913e-07,-2.74066450386892e-07,5.81672381288323e-07,-2.51956004103486e-07,9.70360816535952e-08,-3.26242333342682e-08,4.9362402599796e-09,-5.03343211932406e-09,-1.98584023978807e-09,1.18283902004561e-08,-2.51008080276094e-08,-4.16941342975321e-07,1.91249646318513e-08,-9.15520950657896e-09,-2.0052734042005e-08,4.91764835935939e-09,-2.7395173163451e-08,2.24707548700804e-08,-3.21677525214082e-08,-6.11290927926788e-08,1.17384917471865e-07,-1.11061986605353e-07,1.29713184279855e-08,2.59316572574362e-08,-2.18205408008224e-08,-4.21587973534632e-08,-1.82591652084504e-08,-1.88835367013242e-08,2.01487939647905e-08,-1.88898501735294e-07,2.15209539698893e-08,-3.22112613265672e-08,-1.53566547195622e-08,8.81311399252896e-08,-2.05642503833967e-07,2.52412837690415e-07,7.49029702942908e-07,-4.78562283486647e-07,-2.97986252211335e-06,-3.07731689741269e-06,2.78005577234435e-06,6.07007707864948e-08,-9.73363979972095e-07,-1.05909077719645e-06,-2.01990390906748e-06,-1.08872458872272e-07,-1.52279085685547e-06,-1.38837735057717e-06,-3.22603820147815e-06,2.95318071075705e-08,1.59080859647917e-07,2.37882244905555e-08,3.11012018820739e-06,1.46246336154801e-10,-6.00215809543297e-10,-4.17412107376382e-09,-3.44623794365061e-10,8.36210792907519e-09,-6.68401574220536e-10,5.20523951149958e-09,-1.94459762742513e-09,1.02551737019186e-09,-6.11816565790671e-09,-3.08739811638664e-06,2.57062688836579e-06,1.06994731580349e-06,-2.68330357387415e-06,2.34068757455275e-06,1.17672953238368e-06,1.51575228141066e-06,-8.72142114662161e-07,-1.7066064807412e-06,2.31582901675224e-08,8.00471771120418e-09,3.37930155272779e-05,1.68422537770364e-06,1.28407210409981e-05,-8.12838008285344e-05,4.63725708619245e-07,-1.32728597146653e-07,5.10196342419592e-07
"north_west","beta12",-6.73589985009147e-07,2.8768121158949e-06,4.99090086943486e-08,-1.22505671494596e-07,-1.34738815323361e-08,2.94474663724536e-08,-2.51956004103486e-07,3.77644659161081e-07,-3.2984217533668e-07,2.89477554572875e-07,-8.53231955861454e-08,8.92258888254859e-09,2.13680934275524e-08,3.16693747733197e-08,1.33489144309651e-08,-3.07665825855629e-08,3.27459277435038e-08,2.44304087859512e-08,2.46023397831186e-08,1.45809860932803e-08,2.78927143449015e-08,2.71794268551279e-08,3.07567165818091e-08,4.39803089859418e-08,6.85727414010466e-08,4.84332490574342e-09,3.4583414947035e-08,4.85850287623543e-08,5.69312430830153e-08,2.7872066636333e-08,2.14957108429748e-08,1.86840470293949e-08,7.88235516388992e-09,6.47454665908531e-08,-1.65505808499537e-08,9.55933811522727e-10,-1.40551698156153e-08,2.58143338886266e-08,-4.95061780475003e-08,2.26242146906933e-08,9.70309854051628e-07,1.54673118425113e-06,-5.5735508448836e-06,-1.31731707350928e-06,-5.04350153096724e-07,3.66397210153788e-06,3.13110824084989e-06,-1.11842377987484e-06,4.64512341559847e-07,-1.63521496294043e-06,-6.13670614194436e-08,-6.17207460823578e-07,-1.46020052256214e-06,-1.07663808091005e-07,3.99030983837143e-08,5.55219624739197e-08,-1.26346866043308e-06,2.61336204188417e-09,7.63686999748556e-10,-2.79903581758063e-09,2.38898712914101e-09,-3.11986532210826e-09,-4.67007180071081e-10,4.31331506049465e-09,1.28706202628247e-09,1.05977306988599e-10,1.23987151303659e-09,-3.66572026441332e-06,8.51863054139121e-06,-6.28846982385631e-06,-8.79067188625521e-07,-7.16233887789739e-07,1.07099594807862e-06,1.41782807552075e-06,1.69223425530782e-06,-2.48293907313955e-06,3.05633687741959e-08,7.1197143915813e-09,-4.7080114200791e-05,9.42181317674084e-07,8.38897250289271e-06,4.89048466351651e-06,-9.67049753845381e-07,-1.21084400125548e-07,6.19070337044991e-08
"north_west","beta13",-1.3967543911577e-06,-5.13904383289419e-06,3.51293229256502e-08,1.18042750694954e-07,2.63531105467365e-07,6.33178116824726e-08,9.70360816535952e-08,-3.2984217533668e-07,4.585020328105e-07,-4.78884256362636e-07,2.417779605192e-07,-9.79598675566156e-09,1.43316469931126e-08,-4.87147130494354e-08,2.1850759984637e-08,2.95034223121303e-07,-3.89747877268906e-08,-2.07003626871934e-08,1.58453208279872e-08,-3.34016060881616e-08,-1.49067794000749e-08,-1.02864207484468e-08,-4.03575146692533e-10,-2.42968891790061e-08,-9.21415131814172e-08,7.78347055857992e-08,-2.99985048246608e-08,-5.38358290573173e-08,-5.88859706233412e-09,1.29198152352374e-08,-2.5801268364796e-08,6.29788712097859e-08,-6.03402980020768e-08,2.01051004400586e-07,2.61026245810882e-09,3.62754360369878e-08,2.86878251847862e-08,-3.71772695245588e-08,1.5249562079039e-07,-7.17498977581241e-08,-8.42498036412136e-07,2.04426361306509e-07,2.51139260865986e-06,2.64721413481377e-07,-6.18549530647395e-06,-3.45788391825224e-06,-4.45732946769995e-06,1.50231066000182e-08,-1.75159355155411e-06,2.58033875927722e-06,-4.47172714474135e-07,-1.15164684329076e-06,1.15298216607734e-06,-9.72938718242929e-07,-3.71594609639711e-07,1.06478722323994e-07,3.82020467526569e-07,-4.76584020353109e-10,5.11009152276211e-09,9.4702072067838e-09,-8.1583953875414e-11,3.03886342017919e-09,3.32533186451096e-09,-6.198305484131e-09,1.30321607292031e-09,1.15376635204091e-09,3.34452390112065e-09,5.65675784145253e-06,-3.75611119980036e-06,2.44165908299844e-07,3.76204464754209e-06,4.22033532213729e-06,-1.42783344805379e-06,-2.95201783400899e-06,-5.18742133371937e-06,3.19598153271043e-06,7.92455725974671e-08,-9.25046403462267e-09,7.49681238892663e-05,3.30623028821842e-06,-9.76769197870455e-06,7.46908521951916e-05,1.16421336421092e-06,5.98349023582534e-07,-9.93735643425985e-07
"north_west","beta14",1.88857285007392e-06,-3.75296343569566e-06,-1.95993779563144e-07,-1.61764699960112e-08,-2.69038765153147e-07,-5.47959958474096e-08,-3.26242333342682e-08,2.89477554572875e-07,-4.78884256362636e-07,9.8329582449512e-07,-7.66094384522356e-07,4.29706333464987e-08,-4.94640971446621e-08,7.43179197041708e-08,-8.37209550468844e-08,1.35241879170302e-07,4.97013312012387e-08,-3.23679646308127e-08,2.26267625412659e-08,-1.05464046017611e-07,4.39706478803106e-08,-4.42089875116008e-08,8.97149457998212e-09,2.43907634103361e-08,-6.88369321813656e-09,-5.6152428834025e-08,-2.39880280734509e-08,4.14048234557394e-08,-2.11554439690999e-08,7.473423640968e-09,2.39508315642169e-08,-3.79330064425632e-08,1.64057659298658e-07,-5.32316803517454e-07,2.97845798074973e-08,-4.47107783707196e-08,1.43490686962462e-08,5.13627765630923e-09,-7.36978645818031e-08,5.2967411168972e-08,2.28647929809436e-06,3.81828307978414e-07,1.85305486968855e-06,7.63373158256663e-07,1.47963874912436e-05,-1.90351645394554e-06,2.68896151599667e-06,-2.36329598709429e-07,-5.66765335019924e-08,-4.97004450732948e-06,3.81905925286479e-07,-3.76385713373596e-07,-3.66740784367608e-06,-6.73535434693173e-08,2.63736341005466e-07,5.87093824793519e-08,1.31080685086272e-06,2.73096131319293e-09,-4.72459628286465e-10,5.32853975847579e-10,4.61104230550785e-09,1.40934772073043e-08,-4.65980913226969e-11,8.97815188487334e-09,3.024044813377e-09,-4.21869895354985e-10,-3.28661630429927e-09,-4.12899175192136e-06,-3.04677250611388e-06,8.18244709213535e-07,-5.69442865040102e-06,5.01419340487398e-07,-6.31376488062935e-07,4.04649483268605e-06,-1.38228137626571e-06,-2.33062470752756e-07,1.1761521333648e-07,1.73482371657661e-08,0.000103278341346653,2.91343100737027e-06,-6.9667795613813e-06,-8.48926773355476e-05,4.93328218536609e-07,1.03963339118144e-08,-4.03811532143878e-07
"north_west","beta15",-1.73006785636909e-06,7.13191817039567e-06,3.86983439451293e-07,3.37907292139772e-08,3.3549511499832e-07,5.80135887282752e-08,4.9362402599796e-09,-8.53231955861454e-08,2.417779605192e-07,-7.66094384522356e-07,1.14291331559075e-06,-9.10787256803998e-08,1.19762684742042e-07,-1.01362297356316e-07,1.08598089335133e-07,-6.54459070063806e-07,8.73337018433122e-09,3.42034879896799e-08,5.06927484143799e-08,7.6831827653561e-08,1.67282807495236e-08,7.56269607335911e-08,5.02104003649017e-08,-7.88872962774955e-09,1.60556333542708e-07,4.51239542520246e-08,5.85503193825951e-08,5.32383833913344e-08,8.85408873724474e-08,7.90382252853843e-08,-5.59109041213144e-08,1.43947086426795e-07,-1.59416360724557e-07,6.60404714819173e-07,-3.57764218825003e-08,5.19960599514984e-08,-1.07101809861616e-08,1.74867082202013e-08,8.91364715719581e-08,-3.38378808626643e-08,-1.4186156378251e-06,1.74971161772704e-06,-6.86377600730113e-06,-1.8697597732013e-06,-1.28963994906303e-05,2.34205527877236e-06,-8.39458230458766e-07,1.25070520756102e-06,7.7670447885305e-07,4.07299331654659e-06,-1.03299707545838e-06,-1.94684735045314e-06,2.93333136873724e-06,-3.09828101629427e-07,-3.56175372864881e-07,4.42171109746512e-08,-3.96463383686697e-06,3.97292420363013e-09,4.81199428986529e-09,1.34252784265489e-09,-6.69173556415149e-10,-2.08923295415133e-09,5.75887770153258e-10,-3.11880314361132e-09,2.95399079461832e-09,4.45999007861194e-09,8.67831222777915e-09,1.09727499151974e-06,1.0494307574482e-05,-6.44395465645413e-06,4.34040940708455e-06,1.63772382588638e-06,-3.12096214334163e-07,-4.64563117862649e-06,-9.95502321592251e-07,2.11819068186714e-06,-9.25321540932474e-08,-1.31837640436425e-08,-6.56368536180693e-05,-5.440881920282e-06,1.34087099612537e-05,7.91004419659749e-05,-5.77578928299738e-07,-3.09099296940701e-07,-2.36844851540936e-07
"north_west","beta16",1.67484720796358e-06,1.75285846576575e-06,-6.15615189498736e-08,1.84162623173106e-08,-1.01178239451724e-07,5.82706001284883e-09,-5.03343211932406e-09,8.92258888254859e-09,-9.79598675566156e-09,4.29706333464987e-08,-9.10787256803998e-08,5.16743688688035e-08,-5.63742884688478e-09,7.84477471906749e-08,1.00206166172683e-08,1.36471173046162e-07,4.43772071471329e-08,3.22581813674487e-08,-1.19696226222696e-08,9.04286609245128e-08,1.85937471132359e-08,5.56265091797567e-08,3.09012515913304e-08,6.34411036705425e-08,6.70970124126087e-08,4.69829272083999e-08,-2.76568668339405e-09,6.92443005759981e-08,6.34494757809674e-08,3.2737021755283e-08,5.06196847991662e-08,-1.92675058766051e-08,8.27063539383421e-08,-1.05505780385621e-07,4.80403304451466e-09,-7.60857554332495e-09,9.25074445668046e-09,1.79984989428262e-08,-3.23947383325715e-08,2.03924720812326e-08,1.95216332104616e-07,-5.16761581241983e-07,1.91912226952904e-06,1.6713699861666e-07,1.05276315448739e-06,-3.32101891070788e-07,-2.34900186165375e-07,-1.08459509346927e-07,4.91471763540686e-07,1.52997619314034e-06,4.76168911893795e-07,4.07344835543283e-09,-7.49752436198554e-08,9.95349239909835e-08,-8.16420958625278e-08,-6.60288948635917e-08,4.17338509732984e-07,7.20774677356737e-10,2.06129444405007e-09,2.58514976228439e-09,3.28379633007668e-09,3.33153293517371e-09,1.43483441009518e-09,3.59485840236193e-09,9.48108441899451e-10,1.07414923189611e-09,-1.03601958856481e-09,-8.78826151532904e-07,-2.65452322910456e-06,6.23248424980936e-06,-7.9850376502802e-07,-3.38451651600844e-07,-2.2802066190783e-08,8.99730864023338e-07,5.5923283131736e-07,2.11257534790964e-07,-2.70008941912781e-07,-4.3066242114687e-09,-0.000114634757797865,1.22832245308383e-07,4.27864197235296e-07,-3.74790255021911e-05,-1.1042869939741e-06,-1.13961707212806e-07,-2.28443569685833e-07
"north_west","beta17",-1.85517621875391e-06,-6.56858106385271e-07,5.25206914294726e-09,4.91550242309217e-09,1.87074369922722e-07,1.71067685148525e-08,-1.98584023978807e-09,2.13680934275524e-08,1.43316469931126e-08,-4.94640971446621e-08,1.19762684742042e-07,-5.63742884688478e-09,7.77154102167843e-08,-3.3820765250388e-08,6.77124786112199e-08,-2.55666342915575e-07,2.60973664030133e-08,1.95138997956263e-08,6.70701589806088e-08,1.52442552423432e-08,2.69044532970274e-08,4.92505956405999e-08,4.56308855747976e-08,3.69355847617437e-08,6.91005094027761e-08,5.32729448798535e-08,2.59589324448847e-08,5.27103149167807e-08,6.88151696778522e-08,3.05881427457416e-08,3.32587095065043e-09,7.49324876431302e-08,-3.98034689456278e-08,2.13358444899284e-07,-1.4281137200334e-08,2.49046250296538e-08,-1.50265050069709e-08,2.77651600119351e-08,3.75548172613418e-09,4.99369850717703e-09,-2.3704472638379e-07,5.02108444269336e-07,-3.71023589412597e-06,-2.49243315728033e-06,-4.3891781997301e-06,7.25533933989314e-07,-7.71671443893159e-07,-1.35731288321016e-06,-1.69462075040319e-06,4.29594962197037e-07,-8.9231037452886e-07,-1.41833358516456e-06,-7.48257217395942e-07,-1.37053706290343e-07,-9.62601614520761e-08,1.10058508046739e-07,-4.58048465725771e-07,2.81855953687781e-09,3.21427283378142e-09,1.52989762648721e-09,1.66399746919832e-09,1.09457649624064e-09,-1.4324492818176e-10,9.2112235129388e-10,4.60166414613545e-10,1.15595748181833e-09,4.04303484023346e-09,-1.07468983431817e-06,5.70316075088604e-06,-5.44973410927559e-06,1.0546146499522e-06,1.88428971472249e-06,8.93683472885845e-07,-9.89174257910615e-07,-2.55332067411426e-06,-4.45872094663261e-07,2.89721724813003e-08,2.2923431465569e-10,-0.000136637432236191,2.47744671706454e-06,8.59271648231243e-06,5.24112543990619e-05,-1.25252950848597e-06,2.45203776318462e-07,-3.5466905613427e-08
"north_west","beta18",2.27850526511001e-06,7.86513289258802e-06,-1.71349014853419e-07,-2.3802603397079e-08,-1.37661160935315e-07,-1.30203320342566e-08,1.18283902004561e-08,3.16693747733197e-08,-4.87147130494354e-08,7.43179197041708e-08,-1.01362297356316e-07,7.84477471906749e-08,-3.3820765250388e-08,2.84357035549092e-07,-9.6009222150542e-08,-2.96922249536761e-07,8.70208457686953e-08,3.03834017783686e-08,-9.41275490412143e-08,2.0583456714701e-07,-7.84847577857286e-09,7.38165096744186e-08,7.92146716150183e-09,7.38416690228917e-08,8.82158111765634e-08,4.51878280133325e-08,3.58090565253616e-08,4.8411166190384e-08,8.32278794580295e-08,3.49976655797654e-08,7.94378252112926e-08,-2.64305723706826e-09,1.63492068132141e-08,-7.87777099836574e-09,-1.0388757655136e-08,-3.12756773591786e-09,-2.14693744094945e-09,3.43976059526813e-08,-6.71115713826924e-08,4.51340471145381e-08,-4.81413750722476e-07,-4.01496521193514e-07,-4.08959132594055e-06,-2.8448969732834e-06,-1.14621533046106e-06,-6.41870624771248e-09,1.49408555373505e-06,-2.83272381603236e-06,8.33552065489288e-07,1.4246394870864e-06,4.72211717705435e-07,-3.24314174940587e-07,1.68439661727865e-07,5.19585947232991e-07,-1.60508808322948e-07,-5.40345990439983e-08,-5.62943922365443e-07,9.29300944127806e-10,2.30612592614915e-09,-3.73950597733821e-10,4.36391694387932e-09,-3.45293309842807e-09,2.05044901911478e-09,5.68264621282131e-09,6.98626921809453e-10,1.88585312803448e-09,-2.96303650597588e-09,-3.06314416602723e-06,4.58282235448099e-06,7.91625464807359e-06,-2.18832342434393e-06,-5.18488555501174e-07,1.62193962680753e-06,2.64225685079671e-07,2.0442725777322e-06,-2.68441057176083e-06,-3.92439479046331e-07,-8.32470384285164e-10,-0.000192731799019944,-1.76179119639412e-05,-2.88338835928702e-06,-6.08327599752722e-05,-1.88845923361172e-06,7.90377617668824e-07,-6.40594439597279e-07
"north_west","beta19",-3.42086335054612e-07,-3.66348818028772e-07,-9.40358084655376e-08,1.53621326225899e-08,1.57783788706907e-07,3.09806245775176e-08,-2.51008080276094e-08,1.33489144309651e-08,2.1850759984637e-08,-8.37209550468844e-08,1.08598089335133e-07,1.00206166172683e-08,6.77124786112199e-08,-9.6009222150542e-08,2.32787135605732e-07,2.91937386386013e-07,-2.45163145020753e-08,9.56218588326334e-08,6.42268753628801e-08,6.9969778151382e-08,7.3265055111181e-08,8.41876371373524e-08,1.140938557106e-07,7.25090500313619e-08,1.55413622528446e-07,9.70676838909092e-08,-6.39394299796546e-09,1.33630090734084e-07,1.29139031204816e-07,6.86204999013808e-08,5.64371225702206e-08,1.36670867588706e-08,8.25472353845893e-08,1.42463351028604e-07,-2.23189489668108e-09,2.29158688476209e-08,-1.92728150140834e-08,3.08536664969433e-08,-4.2611643534982e-09,8.93707466177743e-09,-1.92481659059284e-07,-5.52713074764903e-07,-4.33263782986017e-07,-8.82810226897375e-07,-3.76610840900517e-06,3.21659889528526e-08,-3.73986866935422e-07,-1.99947812229692e-07,1.52249977044242e-08,2.03116097380825e-06,-3.52739767794778e-07,-6.71041190227607e-07,5.35324936623404e-07,1.24683534924917e-07,-1.58841557912451e-07,9.18134066317738e-09,-8.05317131705222e-08,2.29623006381045e-09,4.97099042347687e-09,3.38407825690078e-09,1.72165041839564e-09,5.59008350612477e-09,1.73214156969804e-10,1.12643175453992e-09,8.9147655840122e-10,1.003281808411e-09,5.02280048682619e-09,-9.27107781211595e-07,3.85870825585885e-07,1.77266236047197e-06,1.18836928555563e-06,1.1359077019606e-06,-8.15680951175026e-07,-1.08243985629203e-06,-1.57854138648204e-06,1.0965856698828e-06,1.04288642428941e-07,-8.15652637014771e-09,-0.000200461155096308,2.72829086707242e-05,1.25164956401093e-05,5.80683655265369e-05,-1.60796792027608e-06,-1.16966016303225e-06,1.02483367113649e-07
"north_west","beta2",4.62179047189584e-05,-6.93515881287582e-06,5.56597993932116e-07,-5.38091300179456e-07,-7.39653416530494e-06,3.29396221428979e-07,-4.16941342975321e-07,-3.07665825855629e-08,2.95034223121303e-07,1.35241879170302e-07,-6.54459070063806e-07,1.36471173046162e-07,-2.55666342915575e-07,-2.96922249536761e-07,2.91937386386013e-07,5.02436992696736e-05,1.25989139107223e-07,6.01390177228238e-08,5.45535834385719e-07,-4.68107296004152e-07,3.76850142830402e-07,4.37452549822419e-08,2.88706259496829e-07,9.84997430243862e-07,-1.06848004569298e-06,7.43332769613371e-07,-2.28447608229142e-06,6.75315201544243e-07,-6.25450284083182e-08,5.68538156391937e-07,1.74757000799529e-07,-1.82641317822037e-06,4.14755221598109e-06,-8.73866530800811e-06,9.42281958209622e-07,-5.91724718978436e-07,7.06672911850483e-07,-6.43341603216372e-07,8.17542751306452e-07,-9.86928711449878e-08,3.77484105297596e-05,-8.20203120456023e-06,0.000272042827084121,8.64471444769529e-05,7.75298099912218e-05,-5.67845214347603e-05,7.41296072845054e-06,2.41990119874449e-05,1.38077924271746e-05,5.83319778078607e-05,4.43219584996231e-05,3.23461269625457e-05,3.03467741319046e-05,-1.09356140346998e-05,-8.47673366688002e-06,-4.09484760938639e-06,-1.91660847846291e-05,-5.04112028317837e-08,-1.08861623998446e-08,1.04331410714244e-07,1.35266320509013e-08,9.69313497500738e-08,6.48024613443184e-09,-2.11308381328956e-08,2.31082383219958e-08,-2.81137260880181e-08,-3.13377958169104e-08,2.39361268841896e-05,-0.000317391668107672,0.000321610804373885,1.72236860126444e-06,-2.86389672792433e-05,-1.64164053925463e-05,8.5640389887609e-06,2.37186498877755e-05,2.60002394566412e-05,-1.29678829193435e-06,-7.37900262396282e-08,0.000465278772938781,7.41666442497803e-05,7.97723659276641e-06,-0.00107672651414702,3.91838052999572e-06,-9.43766642308542e-06,-5.25338194427439e-07
"north_west","beta20",2.87605441143571e-06,3.54143916102857e-06,1.43425658018206e-07,3.03826545679297e-08,-2.8715804041168e-07,-1.14128438463367e-08,1.91249646318513e-08,3.27459277435038e-08,-3.89747877268906e-08,4.97013312012387e-08,8.73337018433122e-09,4.43772071471329e-08,2.60973664030133e-08,8.70208457686953e-08,-2.45163145020753e-08,1.25989139107223e-07,1.89455488933435e-07,1.27185618931407e-08,1.04794368587468e-07,1.06866969872968e-07,5.89692387421987e-08,1.27402350365877e-07,7.78497239507615e-08,1.39321157643966e-07,1.48656178302482e-07,9.77300727929297e-08,6.53776197281167e-09,1.70192093827671e-07,1.37296388343308e-07,8.32975233197756e-08,7.3754094610407e-08,-4.03461578640821e-08,2.20779032681305e-07,-2.67334274821044e-07,1.27804374016611e-08,-2.59625404308994e-08,1.00225650002724e-08,5.49040847321833e-08,-9.798134952591e-08,7.01587197993542e-08,9.84573346591023e-07,-7.3757997979309e-07,2.49789504327653e-06,9.49902631903134e-08,3.40071660560859e-06,-3.94481546096444e-07,4.77138467702934e-07,1.74271550500698e-06,2.1180700994039e-06,1.85428716314332e-06,5.9911702030604e-07,-4.97523731360187e-07,-2.37228556797468e-06,4.15810333398962e-07,-6.2435868876575e-08,-1.50046849339494e-07,-1.83526359377939e-07,2.55498881441143e-09,2.99673363131438e-09,1.84333568954579e-09,6.52710140764876e-09,7.35427826287526e-09,6.23422079354308e-10,7.50849409080032e-09,4.01655324144365e-09,2.40784576000748e-09,-2.5114724227185e-09,-1.52079217095116e-06,-2.81513120843326e-06,8.93566820856639e-06,-1.63119201377419e-06,-7.56072883509954e-07,-2.83194042250223e-07,2.73406067531258e-06,2.65436117564595e-06,7.09615431948007e-07,-2.85773822502499e-07,6.38700119857779e-10,-0.000186363857178554,-1.75841442446227e-05,4.71488155847511e-06,-0.000107374909446692,-1.77292787769509e-06,-1.58805316641463e-06,-1.66821141209331e-08
"north_west","beta21",2.09179691761392e-06,7.39112541358438e-06,-1.40650614875424e-07,5.91714800194699e-09,-1.53436202745205e-07,4.73732835937058e-09,-9.15520950657896e-09,2.44304087859512e-08,-2.07003626871934e-08,-3.23679646308127e-08,3.42034879896799e-08,3.22581813674487e-08,1.95138997956263e-08,3.03834017783686e-08,9.56218588326334e-08,6.01390177228238e-08,1.27185618931407e-08,1.57326469500596e-07,-1.46562143291593e-07,2.15472256793482e-07,3.81154059508809e-08,1.07930228622438e-07,6.33103297743616e-08,1.11907602445322e-07,1.41115440202417e-07,7.44845326952883e-08,2.10311017266367e-08,1.38665407949037e-07,1.16252832983044e-07,7.31022857372663e-08,7.10994733569339e-08,-3.17971258056395e-08,1.31194479822959e-07,-7.97459461804628e-08,-7.68570566661492e-09,-9.69884712432143e-10,-9.99503434869177e-09,4.82188695169486e-08,-8.09609708516264e-08,4.6154029162835e-08,5.2944529921895e-07,-6.51077441098754e-07,6.32403762342475e-07,-5.45727929290812e-07,-1.05482085204567e-06,7.77482612028283e-07,-1.50902769131378e-07,1.06780430466671e-07,5.24465265121069e-07,2.63072887730929e-06,4.91433020451116e-07,9.92360352579671e-09,-3.91528411058089e-07,4.4941089622322e-07,-1.74492377863935e-07,-9.62200642126062e-08,-2.3355977488944e-07,1.34266022267994e-09,3.4448712091249e-09,4.06204021074321e-10,2.27389106276466e-09,4.85588279310296e-09,1.44039395775079e-10,3.99766241811309e-09,4.91810812997239e-11,2.73024716157675e-09,8.93464329096753e-10,-2.56423208943831e-06,-1.36369659021515e-06,1.0107209945955e-05,-1.29111265339173e-06,-1.11592791792327e-07,1.14609388234753e-07,1.50493569551721e-06,5.21354978075318e-07,3.47318806024059e-07,-3.02890694776785e-07,-7.64105468889973e-09,-0.000177163828645001,-8.10028112919762e-06,7.66727092607661e-06,-5.55482318449313e-05,-1.54068989871787e-06,-1.44536905096401e-06,9.05144650383314e-08
"north_west","beta22",-4.67843000164262e-06,-7.32022883547092e-06,1.89033808352638e-07,-1.81006641562995e-09,2.31550191885824e-07,6.78580290414288e-09,-2.0052734042005e-08,2.46023397831186e-08,1.58453208279872e-08,2.26267625412659e-08,5.06927484143799e-08,-1.19696226222696e-08,6.70701589806088e-08,-9.41275490412143e-08,6.42268753628801e-08,5.45535834385719e-07,1.04794368587468e-07,-1.46562143291593e-07,7.18509285302121e-07,-6.40883001141308e-07,1.32744422790959e-07,1.29889007991035e-08,1.11150398534983e-07,-4.0728086655345e-08,8.56180915703857e-08,5.86688069154933e-08,-6.42094802012545e-08,4.15204227366606e-08,7.36694778913914e-08,5.84230999000332e-08,-2.35425029466936e-08,7.33379053653154e-08,1.33453028029404e-07,-1.69912098279453e-08,3.39980161339959e-08,6.07110786425683e-10,-3.22621317055889e-09,-5.46913069563572e-09,5.05584018489399e-08,1.49516842923984e-08,-2.99311937974364e-08,1.06373291125003e-06,-1.91691935024099e-06,2.17668361756835e-06,1.62426367257523e-06,-1.52570395360899e-06,-1.22814477140912e-06,3.3273386083776e-06,6.35022121830138e-07,-3.58277502359711e-06,-2.35001541673765e-06,-1.82548591565092e-06,-1.23918866265172e-06,-1.39639456200782e-06,1.11572759515989e-07,6.07811291681859e-08,4.03349415215787e-07,3.74571763690403e-09,1.13552692050994e-10,4.05869998322037e-09,2.41154494514043e-09,2.16072601273879e-09,-1.09576883453582e-09,-2.87748540834904e-09,2.61744660445234e-09,-3.10164168628371e-09,1.59454188172894e-09,4.52766496298314e-06,4.88822787530439e-06,-2.29881167816988e-05,3.63924254507017e-06,2.47661602837646e-06,-3.29843554326003e-06,-1.35217346768117e-06,-6.33464620993965e-07,3.26618464092604e-06,1.61917884637844e-07,1.91247228064598e-08,-5.99023750881274e-05,4.28708690497944e-06,7.11142735958965e-06,8.85821757647793e-05,-7.10127956339781e-07,-8.02452368264434e-07,1.00406688113302e-07
"north_west","beta23",7.37543474573524e-06,2.45059767591898e-05,-1.72208868251888e-07,4.35645295908131e-08,-2.83113413713504e-07,1.3708575936997e-08,4.91764835935939e-09,1.45809860932803e-08,-3.34016060881616e-08,-1.05464046017611e-07,7.6831827653561e-08,9.04286609245128e-08,1.52442552423432e-08,2.0583456714701e-07,6.9969778151382e-08,-4.68107296004152e-07,1.06866969872968e-07,2.15472256793482e-07,-6.40883001141308e-07,1.45682497998087e-06,-2.82255180763133e-07,3.47908804764425e-07,1.50202030909242e-08,3.2544860416909e-07,2.53086606725805e-07,1.47606322539134e-07,1.23720664255729e-07,2.42913760096319e-07,2.25132892777634e-07,6.3930924535754e-08,2.07336833119773e-07,-1.48730312108389e-08,-1.34790475199047e-07,5.08941137367227e-07,-6.16464894378992e-08,3.00769985770007e-08,-3.33324339653902e-08,1.15705730548565e-07,-1.74838663785924e-07,5.77147654224335e-08,-6.62492900492215e-07,-2.40877940175993e-06,-4.75900564949555e-06,-9.96110744768169e-06,-1.43911029414466e-05,3.68050755358262e-06,1.99181726621527e-06,-6.62913191141952e-06,1.45947303505399e-07,9.5962799755216e-06,3.21472451539923e-06,9.56921700016942e-07,3.757174088274e-06,3.0078115157188e-06,-5.92042842801253e-07,-1.46032240477362e-07,-3.33429610291213e-06,9.76808667958767e-10,8.06163407198293e-09,-3.38109917629798e-09,4.9126721796089e-09,4.84095865758871e-09,-7.45879115606376e-11,1.41265285189222e-08,-5.3529098952272e-10,5.95881839044017e-09,-3.10200775360613e-09,-1.15851674601649e-05,3.7736402935203e-06,4.13879404017348e-05,-3.89767966683383e-06,-3.25981271102981e-06,7.06050014894471e-06,-2.77049726166849e-06,1.44123895562639e-06,-6.67036534620332e-06,-4.87313944439252e-07,-3.49208120926726e-08,-0.000411786512351308,-3.30244502933656e-05,1.07923160318416e-05,-0.000109262211080696,-3.38493766038036e-06,-1.76477207839564e-06,-2.19459333146953e-08
"north_west","beta24",1.20555246271377e-06,-7.60370032589971e-06,1.29472868133938e-07,3.62846458998796e-08,-8.43468993133969e-08,2.65409913610859e-08,-2.7395173163451e-08,2.78927143449015e-08,-1.49067794000749e-08,4.39706478803106e-08,1.67282807495236e-08,1.85937471132359e-08,2.69044532970274e-08,-7.84847577857286e-09,7.3265055111181e-08,3.76850142830402e-07,5.89692387421987e-08,3.81154059508809e-08,1.32744422790959e-07,-2.82255180763133e-07,2.67384034872036e-07,-7.39355498128045e-08,1.77915383163342e-07,4.81351188146195e-09,1.23532291442873e-07,6.85565232034357e-08,-4.02286196272386e-08,1.35030526113609e-07,8.8895735291361e-08,8.40953044078735e-08,4.13615498645088e-08,-6.386759168965e-08,2.98759839924951e-07,-3.92689043836526e-07,2.2974719428108e-08,-6.51766212106732e-09,7.27439923016063e-09,1.76101429158046e-08,-1.60770748494865e-08,6.62285444789864e-09,1.50962173575229e-06,-7.32559844576453e-08,9.58344039345082e-06,4.78799337640126e-06,8.9253099755832e-06,-2.02334013051223e-06,9.04889090928665e-07,3.29568276595619e-06,2.60076086685333e-06,5.49654481647384e-07,7.33398649438772e-07,-3.17417644827916e-07,-1.45264374812533e-06,-4.32664526457177e-07,-7.33365458113079e-08,-1.08526120363653e-07,1.70746985026639e-07,1.2718986439394e-09,3.58429485555969e-09,8.28500329336027e-09,4.17003481177721e-09,1.05641327802455e-08,2.35861209653907e-09,1.42754941729727e-09,5.78281100626948e-09,1.83848616746233e-09,3.05397127938539e-09,2.99888335055963e-06,-1.12229846189771e-05,3.82853568036121e-06,-5.89599660748908e-07,-1.00617254073962e-06,-2.50270372081216e-06,2.30802688364587e-06,2.64439019144055e-06,2.41806619160324e-06,-1.10541681109904e-07,-3.53346294302323e-09,-0.000103053262812936,6.27976612025171e-06,1.52715428789912e-06,-3.30733602239912e-05,-9.45042712594787e-07,-9.99831334163134e-07,-2.43612557857137e-07
"north_west","beta25",2.16044906288731e-06,1.17586744628734e-05,-7.97606226194624e-08,2.03461802270167e-08,-1.95178371877925e-07,-1.07781532040916e-08,2.24707548700804e-08,2.71794268551279e-08,-1.02864207484468e-08,-4.42089875116008e-08,7.56269607335911e-08,5.56265091797567e-08,4.92505956405999e-08,7.38165096744186e-08,8.41876371373524e-08,4.37452549822419e-08,1.27402350365877e-07,1.07930228622438e-07,1.29889007991035e-08,3.47908804764425e-07,-7.39355498128045e-08,3.220023037895e-07,-2.34164662226087e-08,2.81328833078008e-07,1.95779986106225e-07,1.53278767209802e-07,3.44505818332666e-08,2.07361785332058e-07,2.1628406712653e-07,1.08231813874559e-07,1.01844883983817e-07,1.94850873482938e-08,1.44754061781791e-07,1.88942628032866e-08,-2.80696011376052e-09,-1.38872877772708e-08,1.80607161643664e-09,5.99677923459111e-08,-8.26883484901841e-08,8.29060590280203e-08,-2.0469332304726e-07,-8.04656749763404e-07,-5.37815272521481e-06,-3.45814647346941e-06,-4.98684631352631e-06,1.218665778239e-06,-1.05705714720148e-06,-4.56660992688765e-07,-3.58891038237409e-07,1.8492302623897e-06,-5.37469773353796e-07,-1.28304297030292e-06,-1.18056666719649e-06,3.95907914535933e-07,-1.19517508820425e-07,-1.02600782289111e-07,2.24390746700965e-08,4.74208853567925e-09,6.80317084551474e-09,-3.94242242414637e-10,7.53250809443765e-09,4.75902795580261e-09,5.43326038688772e-10,9.32425410119173e-09,1.17528803907503e-09,3.69442071461657e-09,7.53160271091465e-10,-4.4531022131037e-06,6.27959061489817e-06,6.5590852522658e-06,-8.08262961452839e-07,1.46548519909365e-06,2.36155483328194e-07,1.57651297504502e-06,-3.00721732310114e-08,8.22091807405576e-09,-4.76744281701464e-07,4.32398388910328e-10,-0.000280517390901123,-1.7615992667687e-05,1.26361270719459e-05,-7.43131080650284e-05,-2.50396198204508e-06,-1.83877095663689e-06,-2.45324098768102e-07
"north_west","beta26",3.97613677646101e-07,-2.23807320969666e-08,1.17662570334147e-07,2.52557526394561e-09,1.15173868055324e-07,4.86845407873184e-08,-3.21677525214082e-08,3.07567165818091e-08,-4.03575146692533e-10,8.97149457998212e-09,5.02104003649017e-08,3.09012515913304e-08,4.56308855747976e-08,7.92146716150183e-09,1.140938557106e-07,2.88706259496829e-07,7.78497239507615e-08,6.33103297743616e-08,1.11150398534983e-07,1.50202030909242e-08,1.77915383163342e-07,-2.34164662226087e-08,3.42970673054358e-07,-1.10265311478048e-07,2.76680432778126e-07,8.73676071469658e-08,-8.01164027212263e-09,1.89672931306915e-07,1.63778558366168e-07,8.6556708938949e-08,9.70079739883033e-08,-4.1955804529103e-08,2.14509435359505e-07,-8.25265349722939e-08,1.22375919179733e-09,2.5362374804749e-08,-2.37325845920736e-08,3.88678470997913e-08,-8.09273660618792e-09,1.55527545329758e-09,1.49848770716117e-06,2.14582190537546e-07,4.86407616101031e-06,1.79416933265935e-06,2.06420766209886e-08,-8.44003945937657e-07,2.19435484797698e-07,1.31035876924262e-06,2.00364746396426e-06,2.62679827944064e-06,8.19498115957835e-07,-6.52158805130013e-07,1.08954087879454e-06,-3.20573220750647e-07,-2.94657941372622e-07,-3.95862937165795e-08,-7.8772380820086e-07,4.67428455674264e-09,6.92833426295074e-09,1.00838372356114e-08,4.58149904626885e-09,1.48008072232071e-08,2.28035110465561e-09,3.43829505589664e-09,5.23103747646705e-09,3.19774918323296e-09,3.80375495737526e-09,4.96931719585463e-07,-4.71888718899486e-06,5.13066859162398e-06,9.93011622315736e-07,-6.07087385223205e-07,-1.23449192241659e-06,-1.18306900075198e-06,5.82404506530303e-07,1.5867040698564e-06,-4.12007409538269e-08,-6.53410059468845e-09,-0.000184379651258559,-3.02874791127488e-06,5.74923774399558e-06,3.83692034511335e-05,-1.49735475068456e-06,-1.37245276872031e-06,-4.43895902133889e-07
"north_west","beta27",4.87936860489685e-06,8.76865679089186e-06,-1.90817326555749e-07,9.12305352728837e-08,-5.05077320283957e-07,3.06544246396569e-08,-6.11290927926788e-08,4.39803089859418e-08,-2.42968891790061e-08,2.43907634103361e-08,-7.88872962774955e-09,6.34411036705425e-08,3.69355847617437e-08,7.38416690228917e-08,7.25090500313619e-08,9.84997430243862e-07,1.39321157643966e-07,1.11907602445322e-07,-4.0728086655345e-08,3.2544860416909e-07,4.81351188146195e-09,2.81328833078008e-07,-1.10265311478048e-07,5.94238507066619e-07,-1.24212581798495e-07,2.94610893976712e-07,-2.41296042064507e-08,2.47097963327472e-07,1.68984146508125e-07,1.73200972575228e-07,1.05150248940084e-07,-2.36834510634675e-08,2.61151143464017e-07,-2.3825278875465e-07,1.65347441541919e-08,-1.95609049447679e-08,2.3185409265112e-08,5.71151664382998e-08,-9.05541794550682e-08,4.92453587038265e-08,6.2495029021194e-07,-1.75956933627239e-06,7.47222947922242e-06,-1.01843145233804e-06,2.36481250823786e-06,-9.61353352190051e-07,1.8008140970623e-06,-3.28235794416199e-07,2.42554736617246e-07,3.9991986169555e-06,1.53972686138015e-06,-7.23865427736284e-08,-4.49516177520467e-07,8.12545170034488e-07,-1.89569518053562e-07,-2.07052714895324e-07,-2.21787456162644e-08,2.34170103374866e-09,7.91624508339342e-09,5.00421395864757e-09,9.59639522578704e-09,8.11736787938016e-09,1.23704073680855e-09,9.2149471767375e-09,3.18534856445951e-09,3.31485932246073e-09,3.34788472681911e-09,-1.14327630224627e-06,-1.01803108393636e-05,2.47978902203133e-05,-3.07402391971124e-06,-8.91583109012635e-07,4.36036002330429e-07,2.70299264397451e-06,2.05961664828353e-06,-1.06897954117287e-06,-5.59505062541757e-07,-1.61177477227889e-08,-0.000263609049363414,-8.22324465276459e-06,3.54328789110227e-06,-0.000165292160115067,-2.44864578455154e-06,-1.93697022407435e-06,-3.90846219895121e-07
"north_west","beta28",2.489131348955e-06,6.66010345752414e-06,1.119661137029e-07,-5.62654646840605e-08,-7.13697035719918e-08,-7.072729854774e-08,1.17384917471865e-07,6.85727414010466e-08,-9.21415131814172e-08,-6.88369321813656e-09,1.60556333542708e-07,6.70970124126087e-08,6.91005094027761e-08,8.82158111765634e-08,1.55413622528446e-07,-1.06848004569298e-06,1.48656178302482e-07,1.41115440202417e-07,8.56180915703857e-08,2.53086606725805e-07,1.23532291442873e-07,1.95779986106225e-07,2.76680432778126e-07,-1.24212581798495e-07,9.59374746473716e-07,-2.59986314632208e-07,8.67699629060325e-08,4.02985284718447e-07,2.78364030928693e-07,9.48421314913233e-08,1.42658055721264e-07,-3.56920359080931e-08,2.46301343315615e-07,-1.18942785491068e-07,-1.28899807337517e-08,-1.8529646656192e-08,-2.49889391484594e-08,1.18754355271882e-07,-2.10782981670736e-07,1.75506727251909e-07,1.02791402127329e-06,-1.20343041335633e-06,-6.61577833097889e-06,-2.64750478334582e-06,-6.93865223347468e-07,4.94126933873375e-06,-1.87345580909872e-06,2.80324068817878e-06,3.65380153439228e-06,1.76740345625601e-06,-5.22484509170456e-07,-2.10953018948028e-06,-2.57335396608938e-06,1.0830291382817e-06,-1.10460672214324e-07,-9.70930064956719e-08,-9.57869998730658e-07,6.88209061768472e-09,9.60866260671542e-09,2.29017329852092e-09,1.03060995696651e-08,1.56297551047035e-08,3.50313844840906e-09,1.61195329801286e-08,7.13790625615474e-09,6.08242609043985e-09,-2.29135008959436e-09,-9.31996130753459e-06,8.883904871084e-06,4.42327338022039e-06,-2.24047822255984e-06,4.35650169607007e-08,-1.61162496258817e-06,2.70844562893317e-06,3.42101273927427e-06,7.14422596611602e-07,-5.93464643915449e-07,7.16935596843614e-09,-0.000380385828888936,-1.63136692991088e-05,3.06313381494139e-05,-6.14027973578882e-05,-3.46863224133032e-06,-2.38946082388695e-06,2.94291023268052e-07
"north_west","beta29",1.22101327739392e-06,1.14539860642591e-05,4.84258304286053e-08,5.33424222773353e-08,5.77550333929546e-08,1.2222042419249e-07,-1.11061986605353e-07,4.84332490574342e-09,7.78347055857992e-08,-5.6152428834025e-08,4.51239542520246e-08,4.69829272083999e-08,5.32729448798535e-08,4.51878280133325e-08,9.70676838909092e-08,7.43332769613371e-07,9.77300727929297e-08,7.44845326952883e-08,5.86688069154933e-08,1.47606322539134e-07,6.85565232034357e-08,1.53278767209802e-07,8.73676071469658e-08,2.94610893976712e-07,-2.59986314632208e-07,6.27255389153036e-07,-1.69235313777219e-08,-3.07701579590991e-08,2.89582248874097e-07,1.55125577440185e-07,1.19058543890884e-07,5.19433884950785e-08,2.29298894602982e-07,1.01489321409765e-07,4.60820090658612e-10,4.30075381189298e-08,-1.26943010126381e-08,7.51962848358982e-09,1.20248628135726e-07,-8.57153369924517e-08,-2.83810368391464e-07,8.14458317616307e-07,1.15182849221344e-06,9.31179283950357e-08,-1.84200758943577e-06,-3.96420767769003e-06,-1.61489088327138e-07,-4.74871885775629e-07,1.90510549317816e-07,2.31750626256549e-06,-2.81052346938817e-09,-1.43704290077277e-06,2.35119708635507e-07,-8.53431045936828e-07,-2.79611383825578e-07,-7.88597521399332e-08,-7.81214998448863e-07,5.04216518889188e-09,1.07554577811798e-08,7.61968113274024e-09,5.00867857650824e-09,8.61879504814501e-09,1.2149855250938e-09,4.07360131572091e-10,3.24417359379243e-09,2.95313938772895e-09,7.8947676415468e-09,5.50416785385449e-06,-1.99826605465547e-06,3.59189678200759e-06,9.57490378752236e-07,2.39522185759881e-06,-1.12440545920913e-06,-8.99833472354484e-07,-1.27434277690803e-06,2.03162218132221e-06,1.84095788812765e-08,-1.14120829648977e-08,-0.000234806644387519,-6.72903696473321e-06,-8.85527358652325e-06,2.17621950644748e-05,-1.73462716960996e-06,-1.10187008634995e-06,-2.06770981204789e-06
"north_west","beta3",-2.12425123680704e-06,5.58722003845895e-06,3.72056780833369e-07,-9.49621519283255e-08,2.80004840648836e-07,-2.26163312402258e-08,1.29713184279855e-08,3.4583414947035e-08,-2.99985048246608e-08,-2.39880280734509e-08,5.85503193825951e-08,-2.76568668339405e-09,2.59589324448847e-08,3.58090565253616e-08,-6.39394299796546e-09,-2.28447608229142e-06,6.53776197281167e-09,2.10311017266367e-08,-6.42094802012545e-08,1.23720664255729e-07,-4.02286196272386e-08,3.44505818332666e-08,-8.01164027212263e-09,-2.41296042064507e-08,8.67699629060325e-08,-1.69235313777219e-08,2.31676690333784e-07,-9.3362503596148e-09,2.92378431121652e-08,-2.07700924569703e-08,3.14102267473763e-09,6.40152468525328e-08,-1.6921074094184e-07,3.73439204945112e-07,-1.34857536570847e-07,1.14016920966261e-07,-1.10954091659635e-07,6.60522114477504e-08,-6.82516938449962e-08,3.93320391569544e-08,-2.03892892338943e-06,-1.63545276174585e-07,-1.81196151819234e-05,-6.02041783793695e-06,-7.34509028677712e-06,3.8779041507293e-06,-9.27856398537183e-07,-2.42667758948292e-06,-8.7054509812232e-07,-1.88026625435195e-06,-2.21549960672534e-06,-1.84967208277522e-06,-2.07957924917591e-06,1.11921856269177e-06,2.56491115426339e-07,2.70578422791746e-07,2.00551191365185e-06,4.40539579172733e-09,2.53032130809784e-09,-7.01587929431308e-09,3.18248028334293e-10,-5.7361993256513e-09,4.57804160404758e-10,4.14259558895194e-09,-1.6034498164844e-09,2.20435822660748e-09,9.30835851412621e-10,-2.01100407217165e-06,1.96873582403189e-05,-1.64486545659578e-05,-1.46087038166663e-07,2.45826464971261e-06,9.64340967028847e-07,4.80935343316555e-07,-3.1384529449905e-06,-9.1524426976312e-07,-1.70257872050153e-07,4.03877603032678e-09,-6.99856028731103e-05,-5.11331664059983e-06,7.10048822471211e-06,5.35482180224923e-05,-6.24392915304803e-07,4.58608889405622e-07,1.04155275284826e-07
"north_west","beta30",5.22068142783429e-06,-6.3621750721952e-08,-1.24413383225461e-07,9.01387484931113e-08,-5.02541747009078e-07,-1.44565785484204e-08,2.59316572574362e-08,4.85850287623543e-08,-5.38358290573173e-08,4.14048234557394e-08,5.32383833913344e-08,6.92443005759981e-08,5.27103149167807e-08,4.8411166190384e-08,1.33630090734084e-07,6.75315201544243e-07,1.70192093827671e-07,1.38665407949037e-07,4.15204227366606e-08,2.42913760096319e-07,1.35030526113609e-07,2.07361785332058e-07,1.89672931306915e-07,2.47097963327472e-07,4.02985284718447e-07,-3.07701579590991e-08,-9.3362503596148e-09,5.56907846475426e-07,1.18626471344623e-07,1.64709301202468e-07,1.27598555777978e-07,-1.49965713949066e-07,4.40354388576281e-07,-6.57588858511655e-07,1.23604585928448e-08,-2.03120146776688e-08,1.79723145826775e-08,9.31927382038861e-08,-1.98583242847817e-07,1.40388632286572e-07,2.97872840452206e-06,-2.37450270415278e-06,1.52515908209495e-05,2.51588587089271e-06,5.74285626023847e-06,-1.64454836233668e-07,1.23582774447852e-06,2.49627708649137e-06,2.12926350525299e-06,5.65509185641441e-06,2.62141409151775e-06,1.34290147794658e-07,-9.65804600638523e-07,8.97414594324357e-07,-3.42366534013924e-07,-3.12240305142432e-07,2.05411473658051e-07,4.98883750314969e-09,1.00353146061289e-08,1.46243159761788e-08,1.29687369069793e-08,2.48634410655136e-08,3.95778862150528e-09,1.43544198744086e-08,7.14547651160106e-09,6.91627366073254e-09,5.48656077765909e-09,-6.74967570678557e-06,-1.79273024037197e-05,3.09333798276568e-05,-2.90219560075813e-06,-3.56402863707641e-06,-5.26694706058523e-07,4.59249405477541e-06,4.00563103116427e-06,1.01703514048059e-06,-8.12106583018252e-07,-1.5047738190754e-08,-0.000300231595909679,-1.94694745012579e-06,8.44584987725604e-06,-0.000175895363709954,-2.76251972798792e-06,-2.82388466129766e-06,6.26470641531734e-07
"north_west","beta31",7.60310561217292e-07,1.17424683829858e-05,2.114617552243e-07,-2.81824086812713e-09,6.3956412375649e-08,4.25538761518421e-08,-2.18205408008224e-08,5.69312430830153e-08,-5.88859706233412e-09,-2.11554439690999e-08,8.85408873724474e-08,6.34494757809674e-08,6.88151696778522e-08,8.32278794580295e-08,1.29139031204816e-07,-6.25450284083182e-08,1.37296388343308e-07,1.16252832983044e-07,7.36694778913914e-08,2.25132892777634e-07,8.8895735291361e-08,2.1628406712653e-07,1.63778558366168e-07,1.68984146508125e-07,2.78364030928693e-07,2.89582248874097e-07,2.92378431121652e-08,1.18626471344623e-07,4.33700362879419e-07,9.74736917142948e-08,1.76765056669804e-07,2.11511427801917e-08,2.84871213732513e-07,6.97340558901951e-08,4.20234361533942e-09,-8.74446939033936e-10,-4.0530954969451e-09,5.24488913008703e-08,-6.36463292609659e-09,2.82558173954163e-08,-2.76460321923294e-07,7.82395833559099e-07,-6.52451144780915e-06,-2.13848674483669e-06,-3.40938768710433e-06,4.44060014032302e-07,-1.89376386777963e-06,4.72026375000179e-07,8.31678278110911e-07,3.47729546113548e-07,-1.37891614237284e-06,-2.71175248126359e-06,-3.93923607702439e-06,-3.69085385042206e-07,-8.91273453160063e-08,-1.54844934679898e-08,-5.43626444655185e-07,7.83181795547487e-09,1.26374618325317e-08,4.3430237971945e-09,8.78686263886309e-09,8.82078250253832e-09,3.28700872637558e-09,9.10772767987289e-09,5.97410106140896e-09,4.44787835806287e-09,8.64062750840764e-10,1.31749762560549e-06,7.82414850402943e-06,-3.52415896552105e-06,5.62833458968883e-07,3.159701122397e-06,-1.68131573593289e-06,2.68228421518028e-06,-3.03142708419661e-07,8.56936119967848e-07,-2.4160863438498e-07,3.9060001960296e-09,-0.000331340790734568,-1.83890067333517e-05,2.1982452433278e-05,7.1544350554826e-06,-2.77106727642981e-06,-1.8167499909853e-06,-1.68594144665289e-06
"north_west","beta32",4.3269156549712e-06,-2.86352234979223e-06,-5.71717640366913e-08,-3.33893331182608e-09,-1.72653255776421e-07,4.86093785633828e-08,-4.21587973534632e-08,2.7872066636333e-08,1.29198152352374e-08,7.473423640968e-09,7.90382252853843e-08,3.2737021755283e-08,3.05881427457416e-08,3.49976655797654e-08,6.86204999013808e-08,5.68538156391937e-07,8.32975233197756e-08,7.31022857372663e-08,5.84230999000332e-08,6.3930924535754e-08,8.40953044078735e-08,1.08231813874559e-07,8.6556708938949e-08,1.73200972575228e-07,9.48421314913233e-08,1.55125577440185e-07,-2.07700924569703e-08,1.64709301202468e-07,9.74736917142948e-08,5.16340193537836e-07,8.01953173256341e-09,2.82331805255019e-07,2.10506528619751e-07,2.52552227718301e-07,2.17056537073379e-08,-2.31322868734316e-08,4.46453319899206e-08,-1.85525912899459e-08,6.96200413967129e-08,-2.50379038094718e-08,3.10914875639812e-07,3.47494373637707e-07,-1.86377004141164e-07,4.17940693267274e-07,7.92066503663778e-06,-2.82838284293252e-07,1.24920904227585e-06,1.68733588051873e-06,4.28511916939952e-06,4.14360053186602e-07,1.32296642134331e-06,-1.34183921524413e-06,-1.81456960222039e-06,2.56071031258182e-07,-1.73073767372715e-07,4.11743265833945e-08,-2.52160193258967e-06,6.11778930252665e-09,7.68128534927109e-09,6.6438086700195e-09,5.18879009017817e-09,2.20787956852872e-08,1.23876533439421e-09,3.90081610685486e-09,7.34281829413735e-09,3.93477146347156e-09,5.19050824039435e-09,1.5970428758638e-06,6.29269872086189e-07,5.16250349312881e-06,-3.80180468382909e-06,6.49810893145668e-07,-2.07054976960506e-06,9.22059247154123e-07,5.95751218543001e-07,2.96936806004805e-06,-4.93278287456052e-07,-3.92452493307145e-09,-0.00010760807059089,-1.61440127767183e-05,-7.41929721719782e-05,-5.791276797353e-05,-1.07945263487065e-06,-1.53064123537726e-06,-4.06856782078896e-06
"north_west","beta33",3.01670873291624e-06,1.37532344957293e-05,-5.40485879773442e-08,-3.96282100247533e-09,-1.89808964385455e-07,1.84718051067339e-08,-1.82591652084504e-08,2.14957108429748e-08,-2.5801268364796e-08,2.39508315642169e-08,-5.59109041213144e-08,5.06196847991662e-08,3.32587095065043e-09,7.94378252112926e-08,5.64371225702206e-08,1.74757000799529e-07,7.3754094610407e-08,7.10994733569339e-08,-2.35425029466936e-08,2.07336833119773e-07,4.13615498645088e-08,1.01844883983817e-07,9.70079739883033e-08,1.05150248940084e-07,1.42658055721264e-07,1.19058543890884e-07,3.14102267473763e-09,1.27598555777978e-07,1.76765056669804e-07,8.01953173256341e-09,2.83027911773155e-07,-3.10959203199872e-07,4.27196953072448e-07,-4.55957631069923e-07,4.76525322775245e-09,-1.1210532236322e-08,1.02916103187693e-08,1.45839571731202e-08,-3.67258385202563e-08,2.74078673016724e-08,1.94749463293063e-07,-2.06811737190027e-06,6.73607482001201e-06,-2.70544740844674e-08,-4.63730170292382e-07,1.92751317649761e-09,2.00215931561618e-06,-5.3754320247214e-07,6.71626226190898e-07,3.73945402353273e-06,1.61529325302982e-06,6.39173467213396e-07,9.3511730726254e-07,1.08172637396543e-06,-2.31888158945396e-07,-1.99730030576679e-07,-8.95933752507349e-07,1.66670797298452e-09,2.30123218659682e-09,4.99855086413307e-09,5.25937219389483e-09,1.36320451046902e-08,2.82141022257183e-09,5.98329245643727e-09,3.2560812481462e-09,6.8406426563011e-10,1.60054446399186e-09,-1.12111504425288e-06,-8.999858779655e-06,1.80501750568366e-05,-9.81758631900299e-07,-2.33532083114886e-06,5.42090413075657e-07,1.43286770299045e-06,3.85066654573679e-06,-1.69584488808344e-06,-5.43114763332523e-07,-8.59715776936171e-09,-0.000195820173403145,-1.84777401358069e-06,-1.90375710133865e-05,-6.80262791825263e-05,-1.59776880891015e-06,-1.16237696540471e-06,-1.24242635142755e-06
"north_west","beta34",-9.37094493591925e-06,-5.96170816025709e-06,-1.41074387558972e-07,8.98719960285792e-08,1.06500383912793e-06,7.73225115212368e-08,-1.88835367013242e-08,1.86840470293949e-08,6.29788712097859e-08,-3.79330064425632e-08,1.43947086426795e-07,-1.92675058766051e-08,7.49324876431302e-08,-2.64305723706826e-09,1.36670867588706e-08,-1.82641317822037e-06,-4.03461578640821e-08,-3.17971258056395e-08,7.33379053653154e-08,-1.48730312108389e-08,-6.386759168965e-08,1.94850873482938e-08,-4.1955804529103e-08,-2.36834510634675e-08,-3.56920359080931e-08,5.19433884950785e-08,6.40152468525328e-08,-1.49965713949066e-07,2.11511427801917e-08,2.82331805255019e-07,-3.10959203199872e-07,1.25511388648744e-06,-1.46537306445676e-06,3.07907950457672e-06,-2.77109010595625e-08,5.60076085186372e-08,1.07535049791363e-08,-2.63249842443162e-08,2.06156700061019e-07,-1.12988599458121e-07,-3.73663357012274e-06,6.71461270929334e-06,-3.39769231405701e-05,-1.19707012515416e-05,-1.70606893849233e-05,3.20522655916751e-06,-2.66545784153757e-06,-6.48314911660313e-06,-5.47502292984347e-06,-6.23443249375895e-06,-6.59766344111188e-06,-5.87847131795886e-06,-5.37204236275513e-07,-2.90397898355986e-06,-1.71542844106254e-07,8.23497304541566e-07,-8.27751334783609e-07,6.11434841732232e-09,6.18928780254918e-09,-7.67282422102046e-09,-4.18285809892971e-09,-2.37652074716013e-08,-4.81792550960895e-09,-2.0754496540044e-09,-3.11959763096309e-09,7.22633770610828e-10,3.26472781053564e-09,-1.12753085897259e-06,4.66211647018976e-05,-4.65237835368677e-05,3.12660480057256e-06,1.04790155769436e-05,2.6089499685875e-06,-1.10591200424225e-05,-9.26783489475008e-06,-6.81397898275375e-06,1.30339991823533e-06,5.13366060535239e-09,-9.61293077477804e-06,-2.08661707338379e-05,-3.45746924999248e-05,0.000301522373669184,-4.0907574831873e-08,1.71825321826883e-06,-2.78949321020532e-06
"north_west","beta35",1.8320137177271e-05,-1.07994676784416e-05,5.74602253938139e-07,-1.05875157003024e-08,-2.14856077291716e-06,-5.35985492596623e-08,2.01487939647905e-08,7.88235516388992e-09,-6.03402980020768e-08,1.64057659298658e-07,-1.59416360724557e-07,8.27063539383421e-08,-3.98034689456278e-08,1.63492068132141e-08,8.25472353845893e-08,4.14755221598109e-06,2.20779032681305e-07,1.31194479822959e-07,1.33453028029404e-07,-1.34790475199047e-07,2.98759839924951e-07,1.44754061781791e-07,2.14509435359505e-07,2.61151143464017e-07,2.46301343315615e-07,2.29298894602982e-07,-1.6921074094184e-07,4.40354388576281e-07,2.84871213732513e-07,2.10506528619751e-07,4.27196953072448e-07,-1.46537306445676e-06,3.51251769653159e-06,-6.90751509051419e-06,1.02001453869659e-07,-1.44671185892269e-07,1.08179688635309e-07,1.54691840111009e-10,-2.03100439329665e-07,1.60890070775404e-07,7.64198665909654e-06,-6.04901673885437e-06,5.83921050834732e-05,2.44069943749405e-05,4.67335289105195e-05,-9.37476160605606e-06,-4.47277489495468e-07,1.36426087475219e-05,8.77518830371803e-06,5.13262745207569e-06,9.15018186410975e-06,4.15925897125418e-06,-1.05074850362075e-05,2.22378561429534e-06,4.34488701882015e-07,-1.1111144132638e-06,4.1535008857633e-07,1.16508803190947e-09,8.04767333540268e-09,2.69895659661636e-08,1.81617441030564e-08,7.66315588963743e-08,1.30126734278587e-08,1.17528391572822e-08,1.97406418220549e-08,4.22582843961376e-09,-1.77130733374872e-10,1.04212452592327e-05,-8.14932238772236e-05,6.68723141661524e-05,-8.64513080435543e-06,-9.27122539958735e-06,-8.59504314430006e-06,2.38821360693713e-05,8.95772725174926e-06,1.72337848970443e-05,-2.3917332859903e-06,8.69872709761857e-09,-0.000115819610905627,7.81045162341138e-06,-4.31870879607367e-05,-0.000645747109316102,-1.23138799427097e-06,-4.77240226872958e-06,-2.25376760474114e-06
"north_west","beta36",-3.93474043454512e-05,3.11652582522198e-05,-1.49607106440147e-06,-4.82835262263495e-08,5.42567767087236e-06,2.63642950206584e-07,-1.88898501735294e-07,6.47454665908531e-08,2.01051004400586e-07,-5.32316803517454e-07,6.60404714819173e-07,-1.05505780385621e-07,2.13358444899284e-07,-7.87777099836574e-09,1.42463351028604e-07,-8.73866530800811e-06,-2.67334274821044e-07,-7.97459461804628e-08,-1.69912098279453e-08,5.08941137367227e-07,-3.92689043836526e-07,1.88942628032866e-08,-8.25265349722939e-08,-2.3825278875465e-07,-1.18942785491068e-07,1.01489321409765e-07,3.73439204945112e-07,-6.57588858511655e-07,6.97340558901951e-08,2.52552227718301e-07,-4.55957631069923e-07,3.07907950457672e-06,-6.90751509051419e-06,1.75046740245803e-05,-2.03984675309146e-07,3.34062375951224e-07,-1.78897930242701e-07,-8.932408887557e-08,7.16684258099525e-07,-4.33467360976946e-07,-1.96900404035147e-05,1.26021504975979e-05,-0.000132340731891986,-5.08038131483985e-05,-9.85155395171969e-05,2.20411655996734e-05,3.75512687084303e-06,-2.24301819642508e-05,-8.85235482789525e-06,-1.07668375039558e-05,-1.8914474279977e-05,-1.24045320774887e-05,1.98719011042364e-05,-3.83965071079904e-06,-1.16967289181152e-06,2.20335745028334e-06,-3.27848733540909e-06,1.98871264451035e-08,6.76365854769557e-09,-4.32378504117273e-08,-2.29504841873488e-08,-1.24714209834526e-07,-2.32602874942594e-08,-1.86168261062539e-08,-2.67049795738531e-08,3.43296878056689e-09,2.83692508775668e-08,-1.70867843838644e-05,0.000186087843078498,-0.00016092622394402,1.95767214321392e-05,1.90127906725942e-05,1.17169981186331e-05,-5.01055415963828e-05,-9.14704778372923e-06,-3.34082006860377e-05,5.42452308538493e-06,-1.98162156902727e-08,-0.00024772186795413,-4.46336353829298e-05,-5.60228299076337e-05,0.00166859544367877,-1.28531087283271e-06,5.68784196843059e-06,-4.37125628632036e-06
"north_west","beta4",1.74117302171747e-06,-3.09365728156573e-06,-2.42408309312086e-07,4.30134903639364e-08,-1.98862280880142e-07,2.81994033516425e-10,2.15209539698893e-08,-1.65505808499537e-08,2.61026245810882e-09,2.97845798074973e-08,-3.57764218825003e-08,4.80403304451466e-09,-1.4281137200334e-08,-1.0388757655136e-08,-2.23189489668108e-09,9.42281958209622e-07,1.27804374016611e-08,-7.68570566661492e-09,3.39980161339959e-08,-6.16464894378992e-08,2.2974719428108e-08,-2.80696011376052e-09,1.22375919179733e-09,1.65347441541919e-08,-1.28899807337517e-08,4.60820090658612e-10,-1.34857536570847e-07,1.23604585928448e-08,4.20234361533942e-09,2.17056537073379e-08,4.76525322775245e-09,-2.77109010595625e-08,1.02001453869659e-07,-2.03984675309146e-07,1.12026056363789e-07,-1.35014184261972e-07,1.15049193654972e-07,-4.55667956381207e-08,2.16090263264846e-08,-4.75388711560054e-09,6.53699428490658e-07,3.34924593522593e-07,7.83919699526833e-06,2.70308905407858e-06,5.66380702548999e-06,-1.52529807262193e-06,8.98066117288267e-08,2.10722381903886e-06,1.45002095545043e-06,1.92811493953787e-07,7.18677953431661e-07,3.42591356594703e-07,-1.09005306174706e-06,-4.92198211506484e-07,3.1829923540056e-08,-1.50474587585457e-07,-5.01223992169661e-07,-1.41961264111127e-09,-6.33137807031007e-10,2.80643776177109e-09,6.40178155488082e-10,5.0276309156439e-09,-5.96352752129457e-11,-1.10967778443203e-09,1.6339855865608e-09,-4.12924421702987e-10,-3.66666809871614e-10,7.04705202574741e-08,-8.53089819510656e-06,8.18220771973654e-06,-7.29055573939037e-07,-7.05712938227753e-07,-9.6788436760843e-07,1.26870321684453e-06,2.37620953520885e-06,1.08539306427872e-06,1.53524851178734e-07,9.5583067487402e-10,3.02267605115306e-05,-6.91326053352965e-08,-3.69828081921099e-06,-5.73032510055787e-05,3.01660140492386e-07,-4.46530190456554e-07,-1.77297847153217e-07
"north_west","beta5",-2.82855975925456e-06,1.86110742955998e-06,1.83847843258467e-07,-3.56433295773838e-08,3.26345980426303e-07,1.97438175948288e-08,-3.22112613265672e-08,9.55933811522727e-10,3.62754360369878e-08,-4.47107783707196e-08,5.19960599514984e-08,-7.60857554332495e-09,2.49046250296538e-08,-3.12756773591786e-09,2.29158688476209e-08,-5.91724718978436e-07,-2.59625404308994e-08,-9.69884712432143e-10,6.07110786425683e-10,3.00769985770007e-08,-6.51766212106732e-09,-1.38872877772708e-08,2.5362374804749e-08,-1.95609049447679e-08,-1.8529646656192e-08,4.30075381189298e-08,1.14016920966261e-07,-2.03120146776688e-08,-8.74446939033936e-10,-2.31322868734316e-08,-1.1210532236322e-08,5.60076085186372e-08,-1.44671185892269e-07,3.34062375951224e-07,-1.35014184261972e-07,2.59797199902315e-07,-2.66440333690136e-07,1.02256648102714e-07,-2.5523013292281e-09,-1.59130945624985e-08,-6.68602844393294e-07,5.49540359537341e-08,-5.22599564254468e-06,-2.27458180326956e-06,-8.05434081893248e-06,4.15250698644627e-07,-5.61800788073688e-08,-2.89379032428857e-06,-2.59500614369342e-06,1.24880169870297e-07,-1.41976600992263e-07,-5.09412034892788e-07,4.00074562236316e-06,1.47896276331808e-07,-1.5125637407767e-07,1.66987954010763e-07,-7.69624766660368e-07,1.09010075054652e-10,1.46601973248174e-09,1.45077909058948e-09,-8.36422807803091e-10,-5.66387864062527e-09,1.0130659320362e-09,-6.20108943926525e-10,-1.14964131567352e-09,-1.39130120063365e-10,1.98547867517115e-09,1.93663035649127e-06,5.66555376599381e-06,-6.11872025573305e-06,2.05626916291468e-06,1.39051397450933e-06,1.0241490860383e-06,-4.51446618060153e-06,-3.11196879131031e-06,-1.93511667295747e-06,-9.49952859304297e-08,-3.32178192992309e-09,-2.10879378314319e-05,4.29395627528766e-06,3.15808777309551e-06,0.000106305868633294,-1.67029411954247e-07,7.33181166445355e-07,-2.25910834571275e-08
"north_west","beta6",2.44774743638904e-06,-3.32775055750386e-06,-1.85917411121117e-07,1.06710661521371e-07,-1.05640583738126e-07,4.67528222796531e-08,-1.53566547195622e-08,-1.40551698156153e-08,2.86878251847862e-08,1.43490686962462e-08,-1.07101809861616e-08,9.25074445668046e-09,-1.50265050069709e-08,-2.14693744094945e-09,-1.92728150140834e-08,7.06672911850483e-07,1.00225650002724e-08,-9.99503434869177e-09,-3.22621317055889e-09,-3.33324339653902e-08,7.27439923016063e-09,1.80607161643664e-09,-2.37325845920736e-08,2.3185409265112e-08,-2.49889391484594e-08,-1.26943010126381e-08,-1.10954091659635e-07,1.79723145826775e-08,-4.0530954969451e-09,4.46453319899206e-08,1.02916103187693e-08,1.07535049791363e-08,1.08179688635309e-07,-1.78897930242701e-07,1.15049193654972e-07,-2.66440333690136e-07,4.67834695733292e-07,-2.98848488854796e-07,2.31296637833995e-07,-7.1369771507168e-08,1.45696114793314e-06,1.06109327436059e-06,7.41908216994608e-06,3.71276407735501e-06,7.02944333901227e-06,-2.33582101404926e-07,7.17027135277325e-07,2.44866506998037e-06,1.24682331408089e-06,1.25875180514668e-06,7.30882048676483e-07,-5.07187385314665e-08,-4.05518672572288e-06,-8.18040881766387e-07,-2.20270183922918e-07,-2.02850784002156e-08,-4.7702232225569e-07,2.1782943580489e-09,1.07849842536599e-09,3.13563213511422e-09,2.71196057060738e-09,8.56995457744404e-09,1.20410659185058e-09,1.98743994028051e-10,3.18810232141037e-09,9.82169096202815e-10,3.35442014202383e-09,-5.69301491003443e-07,-6.12272136322228e-06,1.02218675582216e-06,-8.15594951121251e-07,-1.06511069894101e-06,-2.07542213508993e-07,3.87358453510925e-06,1.08775737745185e-06,1.46952082593606e-06,1.35151498350454e-07,-2.92771587967718e-09,5.89228709829268e-05,4.52104430198816e-06,-1.4502832176868e-05,-3.95581203379967e-05,6.31778393249685e-07,-1.09040386667989e-07,-8.20443776929423e-07
"north_west","beta7",-1.27469644060348e-06,1.03131010389804e-05,1.334662142295e-08,1.29496177073836e-07,-2.22325614111104e-07,-1.08176473028804e-07,8.81311399252896e-08,2.58143338886266e-08,-3.71772695245588e-08,5.13627765630923e-09,1.74867082202013e-08,1.79984989428262e-08,2.77651600119351e-08,3.43976059526813e-08,3.08536664969433e-08,-6.43341603216372e-07,5.49040847321833e-08,4.82188695169486e-08,-5.46913069563572e-09,1.15705730548565e-07,1.76101429158046e-08,5.99677923459111e-08,3.88678470997913e-08,5.71151664382998e-08,1.18754355271882e-07,7.51962848358982e-09,6.60522114477504e-08,9.31927382038861e-08,5.24488913008703e-08,-1.85525912899459e-08,1.45839571731202e-08,-2.63249842443162e-08,1.54691840111009e-10,-8.932408887557e-08,-4.55667956381207e-08,1.02256648102714e-07,-2.98848488854796e-07,4.45504025325657e-07,-5.80911593208693e-07,2.38539313933345e-07,8.0203888811648e-07,-6.58590084775989e-07,-5.18165585626481e-06,-5.44973823500732e-06,-4.0517753521752e-06,-3.67674333127088e-07,2.15168110319168e-08,-1.64814878045134e-06,-7.04303466225957e-07,1.98101634769454e-06,-1.40383676002967e-06,-1.03125282089123e-06,-8.64134492276845e-08,6.95471828558671e-07,3.83690234869569e-08,-4.59101261255388e-08,1.58996538099226e-06,-1.50562416635759e-09,1.11837918241462e-09,-2.32016585055638e-09,1.35912392278455e-09,3.42693170043514e-09,-1.88275651377204e-09,4.81429536488944e-09,-1.76677109007416e-09,2.75429877384427e-10,-5.54933370659564e-09,-5.33796846654418e-06,4.78559488754719e-06,9.24915436520131e-06,-1.83208361045617e-06,2.66722476616316e-06,4.16061733595791e-07,-4.5943559912113e-07,-1.98456150357589e-06,-3.45349942713005e-07,-1.83872729680692e-07,-3.43712662205926e-09,-0.000127938014969551,-3.27651112672985e-06,1.85601276252984e-05,-0.00010404083153839,-1.4160616339959e-06,-6.75910030788363e-07,1.02475719278501e-06
"north_west","beta8",-9.35667465197678e-07,-1.81230248451433e-05,4.55331697029463e-08,-2.0074721886145e-07,8.18524648575626e-07,3.01466205223288e-07,-2.05642503833967e-07,-4.95061780475003e-08,1.5249562079039e-07,-7.36978645818031e-08,8.91364715719581e-08,-3.23947383325715e-08,3.75548172613418e-09,-6.71115713826924e-08,-4.2611643534982e-09,8.17542751306452e-07,-9.798134952591e-08,-8.09609708516264e-08,5.05584018489399e-08,-1.74838663785924e-07,-1.60770748494865e-08,-8.26883484901841e-08,-8.09273660618792e-09,-9.05541794550682e-08,-2.10782981670736e-07,1.20248628135726e-07,-6.82516938449962e-08,-1.98583242847817e-07,-6.36463292609659e-09,6.96200413967129e-08,-3.67258385202563e-08,2.06156700061019e-07,-2.03100439329665e-07,7.16684258099525e-07,2.16090263264846e-08,-2.5523013292281e-09,2.31296637833995e-07,-5.80911593208693e-07,1.12433933475906e-06,-5.85705538180847e-07,-3.39359256529409e-06,2.30986587768554e-06,2.03030067778296e-06,6.51173506472819e-06,-1.08399710424906e-06,-1.66512767588264e-06,-3.23692561003321e-06,-1.37249850041764e-06,-2.41024121206322e-06,-2.327939026432e-06,1.26821801745851e-06,-3.57926802397167e-07,3.34853466427657e-06,-1.9359207167731e-06,-3.64789619458856e-07,2.93271413298774e-07,-2.78126142226391e-06,5.85378857974592e-09,2.48725405225509e-09,9.99155615574881e-09,-1.14302357073984e-09,-8.29470229200326e-09,3.83868874771396e-09,-1.07081615011873e-08,4.55376806658457e-09,1.61315903216841e-09,1.23892047645165e-08,1.15099815089514e-05,-1.68711689495166e-06,-2.59112011725661e-05,6.44377870584358e-06,1.86913209735443e-06,-1.12001617202007e-06,-5.05998259355308e-06,-4.39070511080531e-06,8.88858001827864e-07,4.25200484627308e-07,-8.64855885957257e-11,0.000185799436590372,2.0710368328877e-06,-2.98801553464914e-05,0.000307213478230713,2.32570256231355e-06,1.81140750075414e-06,-2.76274857278444e-06
"north_west","beta9",9.58581778003781e-07,1.81834134475046e-05,-3.9570956328534e-08,1.56521112609003e-10,-4.30270956620191e-07,-2.95974210785221e-07,2.52412837690415e-07,2.26242146906933e-08,-7.17498977581241e-08,5.2967411168972e-08,-3.38378808626643e-08,2.03924720812326e-08,4.99369850717703e-09,4.51340471145381e-08,8.93707466177743e-09,-9.86928711449878e-08,7.01587197993542e-08,4.6154029162835e-08,1.49516842923984e-08,5.77147654224335e-08,6.62285444789864e-09,8.29060590280203e-08,1.55527545329758e-09,4.92453587038265e-08,1.75506727251909e-07,-8.57153369924517e-08,3.93320391569544e-08,1.40388632286572e-07,2.82558173954163e-08,-2.50379038094718e-08,2.74078673016724e-08,-1.12988599458121e-07,1.60890070775404e-07,-4.33467360976946e-07,-4.75388711560054e-09,-1.59130945624985e-08,-7.1369771507168e-08,2.38539313933345e-07,-5.85705538180847e-07,5.47276370976186e-07,3.04352302942162e-06,-7.29001449275e-07,-3.27887568074707e-06,-4.89655115544541e-06,-3.70713732837508e-07,1.90267574471595e-06,7.59979740964213e-07,6.76804972515483e-07,4.11911348477325e-07,2.3059926607086e-06,-1.76489946428639e-06,-4.87302882383154e-07,-3.46769068491647e-06,-1.0481292832436e-08,-1.26252796050791e-07,-1.10596876533254e-07,2.1654785986044e-06,-1.13689407029865e-09,8.66269015877194e-10,-6.98655992107932e-09,8.82908879139138e-10,7.89624584688442e-09,-1.81899039058501e-09,7.62037873719289e-09,-2.8481103700548e-09,-1.49677005390005e-10,-7.37483023686039e-09,-6.68841170693418e-06,4.43600645145539e-06,1.42889228796668e-05,-4.02503454397396e-06,4.82858580272887e-07,1.34573020415665e-07,4.18115133985172e-06,1.89768962010868e-06,-6.26449086126998e-07,-1.98502543124039e-07,4.50575067965133e-09,-7.34279881731636e-05,3.40633495168842e-06,2.35995362154426e-05,-0.000159057683567388,-1.01865767290738e-06,-1.15814562145737e-06,1.30426480036804e-06
"north_west","mu_D",7.5146675783169e-05,-1.52370008614382e-06,2.30037562050888e-06,1.06186457578486e-07,-1.26011157826459e-05,-7.88687566486913e-07,7.49029702942908e-07,9.70309854051628e-07,-8.42498036412136e-07,2.28647929809436e-06,-1.4186156378251e-06,1.95216332104616e-07,-2.3704472638379e-07,-4.81413750722476e-07,-1.92481659059284e-07,3.77484105297596e-05,9.84573346591023e-07,5.2944529921895e-07,-2.99311937974364e-08,-6.62492900492215e-07,1.50962173575229e-06,-2.0469332304726e-07,1.49848770716117e-06,6.2495029021194e-07,1.02791402127329e-06,-2.83810368391464e-07,-2.03892892338943e-06,2.97872840452206e-06,-2.76460321923294e-07,3.10914875639812e-07,1.94749463293063e-07,-3.73663357012274e-06,7.64198665909654e-06,-1.96900404035147e-05,6.53699428490658e-07,-6.68602844393294e-07,1.45696114793314e-06,8.0203888811648e-07,-3.39359256529409e-06,3.04352302942162e-06,0.000379917643990959,7.36917440493613e-05,0.000447525751277167,0.000188782499880601,0.0002397729705412,-5.72857112445174e-05,1.43316400444641e-05,0.000155907920945336,7.98130570579238e-05,3.65029283721055e-05,5.07060494573232e-05,1.72352175711542e-05,-6.06083404097926e-06,-9.40888253538484e-05,-1.32649176021946e-05,-1.23474370969239e-06,-6.27821438636946e-05,-6.6642450767325e-08,3.40337692858016e-08,2.25588832904661e-07,1.35425575729207e-07,5.28985810075134e-07,3.01129871619908e-08,8.29577196018011e-08,6.25447918362188e-08,-2.32671515608494e-08,-7.67549941184844e-08,3.2540202836147e-05,-0.000402466183545158,0.000459264593814783,-1.35210961731227e-05,-1.6710955324148e-05,-9.13489943369186e-05,7.52816821143047e-05,-8.17371270452543e-06,9.53150116860039e-05,-8.26049937116704e-06,3.75330905334669e-08,0.00150022687173563,8.42219709713357e-05,0.000212871648942225,-0.00388209258095339,1.20835964098464e-05,-2.13271504365881e-05,1.0013335406903e-05
"north_west","mu_D_2",-0.000121822892593003,2.40274544575254e-05,5.02641403979177e-06,6.86006224746538e-07,1.07195823033251e-05,2.87888124027848e-07,-4.78562283486647e-07,1.54673118425113e-06,2.04426361306509e-07,3.81828307978414e-07,1.74971161772704e-06,-5.16761581241983e-07,5.02108444269336e-07,-4.01496521193514e-07,-5.52713074764903e-07,-8.20203120456023e-06,-7.3757997979309e-07,-6.51077441098754e-07,1.06373291125003e-06,-2.40877940175993e-06,-7.32559844576453e-08,-8.04656749763404e-07,2.14582190537546e-07,-1.75956933627239e-06,-1.20343041335633e-06,8.14458317616307e-07,-1.63545276174585e-07,-2.37450270415278e-06,7.82395833559099e-07,3.47494373637707e-07,-2.06811737190027e-06,6.71461270929334e-06,-6.04901673885437e-06,1.26021504975979e-05,3.34924593522593e-07,5.49540359537341e-08,1.06109327436059e-06,-6.58590084775989e-07,2.30986587768554e-06,-7.29001449275e-07,7.36917440493613e-05,0.000340427007530002,-0.000323294879459047,1.33326972048503e-05,-3.60682463838201e-05,0.000165209573894552,-4.71798989348946e-05,-1.75247321293168e-06,-3.33764234571273e-05,-0.000199955313462196,-5.07263487419583e-05,-9.91421245906727e-05,-6.09399557756969e-05,-0.000136346589848891,3.79703812944271e-06,1.42152725811567e-05,-0.000108160181217057,3.54558447646053e-08,5.80174593672266e-08,3.34642487282164e-08,-2.36272426950616e-08,-1.2823831592845e-07,-4.53878589971044e-08,-1.2556107658835e-07,2.7582766979214e-08,1.84052845204613e-08,2.15730859375243e-07,-4.96972368247306e-06,0.000538647512649723,-0.000779562707322916,8.05893537266322e-05,0.000147201656637845,9.67962457357508e-06,-8.79170492802887e-05,-0.000138059583586367,-4.76953857013037e-05,1.6560237714371e-05,2.51441569083398e-07,0.00294650934622949,-0.000541680013787536,-0.000218630710016667,0.00324607256708299,2.37491160830963e-05,1.62513810073963e-05,-2.58202531142079e-05
"north_west","mu_D_3",0.000923649063786154,-0.0011207033791688,1.70311710689116e-06,6.77633925077908e-06,-8.54981191959526e-05,3.80555896829431e-06,-2.97986252211335e-06,-5.5735508448836e-06,2.51139260865986e-06,1.85305486968855e-06,-6.86377600730113e-06,1.91912226952904e-06,-3.71023589412597e-06,-4.08959132594055e-06,-4.33263782986017e-07,0.000272042827084121,2.49789504327653e-06,6.32403762342475e-07,-1.91691935024099e-06,-4.75900564949555e-06,9.58344039345082e-06,-5.37815272521481e-06,4.86407616101031e-06,7.47222947922242e-06,-6.61577833097889e-06,1.15182849221344e-06,-1.81196151819234e-05,1.52515908209495e-05,-6.52451144780915e-06,-1.86377004141164e-07,6.73607482001201e-06,-3.39769231405701e-05,5.83921050834732e-05,-0.000132340731891986,7.83919699526833e-06,-5.22599564254468e-06,7.41908216994608e-06,-5.18165585626481e-06,2.03030067778296e-06,-3.27887568074707e-06,0.000447525751277167,-0.000323294879459047,0.00637356090613669,0.00244354665987206,0.00288056559684638,-0.000881205422851737,-7.3344261171517e-06,0.000757698898944166,0.000571247839467627,0.000766908460913274,0.000888354162103177,0.000552111356827666,0.000510021678924703,-3.33051643030351e-05,-5.15326636225578e-05,-7.22961980433398e-05,-0.000164616459903769,-6.84638815819008e-07,-4.11795617485109e-07,1.9849693751204e-06,1.86728631740347e-07,1.78616587831065e-06,3.84375130781576e-07,-2.40688990847079e-07,6.33684182766543e-07,-8.47737337452754e-08,2.63659517366817e-08,0.000674666753083132,-0.00782619840997764,0.00585031320574897,-7.28114958040507e-05,-0.000849094525129801,-0.000519736671726659,0.000369479812777149,0.000702108205050576,0.000851467686772594,-6.48668876630189e-05,-1.97543452638393e-06,0.0031514940276512,0.00128364890390275,-0.00116174170875549,-0.0245079133725331,4.24947463800144e-05,-7.66549380644199e-05,1.59888019707528e-05
"north_west","mu_D_4",0.000375782738097102,-0.00110203065381917,1.79042806126332e-05,-2.118126392065e-06,-3.03626780408073e-05,2.47865110145114e-06,-3.07731689741269e-06,-1.31731707350928e-06,2.64721413481377e-07,7.63373158256663e-07,-1.8697597732013e-06,1.6713699861666e-07,-2.49243315728033e-06,-2.8448969732834e-06,-8.82810226897375e-07,8.64471444769529e-05,9.49902631903134e-08,-5.45727929290812e-07,2.17668361756835e-06,-9.96110744768169e-06,4.78799337640126e-06,-3.45814647346941e-06,1.79416933265935e-06,-1.01843145233804e-06,-2.64750478334582e-06,9.31179283950357e-08,-6.02041783793695e-06,2.51588587089271e-06,-2.13848674483669e-06,4.17940693267274e-07,-2.70544740844674e-08,-1.19707012515416e-05,2.44069943749405e-05,-5.08038131483985e-05,2.70308905407858e-06,-2.27458180326956e-06,3.71276407735501e-06,-5.44973823500732e-06,6.51173506472819e-06,-4.89655115544541e-06,0.000188782499880601,1.33326972048503e-05,0.00244354665987206,0.00158745005531669,0.00177005166293935,-0.00040117499617458,-0.00025136546036766,0.000507860369775782,0.000391790311864783,9.53139182338164e-06,0.00034258748920639,0.000195447785886413,0.000114532317074932,-9.32624137465738e-05,-1.97374038922657e-06,-2.29769093136702e-05,-2.79668323199713e-05,-1.88606596182276e-07,-3.24036909903643e-07,7.17945149633803e-07,6.9826202937427e-08,5.36912244985564e-07,1.7300608857783e-07,-3.22033368521442e-07,2.85511941534585e-07,1.48847892618597e-08,-1.33391139696614e-07,0.000574988416623594,-0.0032641396955759,0.000784874913566945,0.000135819654624885,-0.000168258661841204,-0.000542886407772908,0.000259999566590709,0.000111621965396117,0.00076787047957412,-3.09886764073396e-05,-2.64164992229909e-07,0.00512212405927254,3.48983086766874e-05,-0.000479940812720694,-0.00858271574701895,5.42988029572829e-05,-4.38340572448328e-05,-4.49339096150275e-06
"north_west","mu_D_5",0.000891067171383198,-0.00144677451658758,1.13287552831469e-05,4.29250662072564e-07,-7.48707394121597e-05,-3.09959368743668e-06,2.78005577234435e-06,-5.04350153096724e-07,-6.18549530647395e-06,1.47963874912436e-05,-1.28963994906303e-05,1.05276315448739e-06,-4.3891781997301e-06,-1.14621533046106e-06,-3.76610840900517e-06,7.75298099912218e-05,3.40071660560859e-06,-1.05482085204567e-06,1.62426367257523e-06,-1.43911029414466e-05,8.9253099755832e-06,-4.98684631352631e-06,2.06420766209886e-08,2.36481250823786e-06,-6.93865223347468e-07,-1.84200758943577e-06,-7.34509028677712e-06,5.74285626023847e-06,-3.40938768710433e-06,7.92066503663778e-06,-4.63730170292382e-07,-1.70606893849233e-05,4.67335289105195e-05,-9.85155395171969e-05,5.66380702548999e-06,-8.05434081893248e-06,7.02944333901227e-06,-4.0517753521752e-06,-1.08399710424906e-06,-3.70713732837508e-07,0.0002397729705412,-3.60682463838201e-05,0.00288056559684638,0.00177005166293935,0.00402316857994809,-0.000420220581882172,-0.000243246855618501,0.000786925541115784,0.000884309423238371,-8.46604285899601e-05,0.000518819214814525,0.000223319237670326,-0.000473041859238423,-1.21643264642279e-05,3.69528579154983e-05,-3.90406494344162e-05,-0.00011375177962591,-2.66690137094364e-07,-2.14426021260625e-07,7.82426310377694e-07,3.54887186344769e-07,1.63892677507516e-06,3.45678251236104e-07,4.50730212755824e-08,6.9218297700267e-07,2.23472409923123e-07,-4.20755961434378e-07,0.000856861736216663,-0.00399797182340166,0.00179847850908323,-0.000766453749058152,-0.000195098920462942,-0.00079062692024782,0.000832789767645344,0.000245139353837982,0.00125805898067322,-1.23219159123573e-05,-9.27833735445334e-08,0.00869617756125719,0.000654684313619793,-0.00192775879630233,-0.0250074486616038,7.41257600866732e-05,-8.27670961640508e-05,-5.41526222276987e-05
"north_west","mu_gamma_H",-9.4928238286374e-05,0.000237776727792513,9.22507796921409e-06,-5.43275218547175e-06,1.15911755414785e-05,-1.71510106293432e-06,6.07007707864948e-08,3.66397210153788e-06,-3.45788391825224e-06,-1.90351645394554e-06,2.34205527877236e-06,-3.32101891070788e-07,7.25533933989314e-07,-6.41870624771248e-09,3.21659889528526e-08,-5.67845214347603e-05,-3.94481546096444e-07,7.77482612028283e-07,-1.52570395360899e-06,3.68050755358262e-06,-2.02334013051223e-06,1.218665778239e-06,-8.44003945937657e-07,-9.61353352190051e-07,4.94126933873375e-06,-3.96420767769003e-06,3.8779041507293e-06,-1.64454836233668e-07,4.44060014032302e-07,-2.82838284293252e-07,1.92751317649761e-09,3.20522655916751e-06,-9.37476160605606e-06,2.20411655996734e-05,-1.52529807262193e-06,4.15250698644627e-07,-2.33582101404926e-07,-3.67674333127088e-07,-1.66512767588264e-06,1.90267574471595e-06,-5.72857112445174e-05,0.000165209573894552,-0.000881205422851737,-0.00040117499617458,-0.000420220581882172,0.001067001994116,1.57089341536949e-05,4.48354365804843e-05,-5.76958345496378e-06,-0.000114648241779697,-1.22561916052295e-05,-7.59080544564844e-05,3.49157319384558e-05,4.39982554459833e-05,1.78095074958018e-05,1.43291855382801e-05,-0.000180968113903703,8.69494466518483e-08,-2.39815834465382e-08,-4.64546495688791e-07,-5.6265356779922e-08,-2.61949525999488e-07,-7.72119728762935e-08,2.00082214482253e-08,-1.78548114404395e-07,4.30976824694208e-08,1.6695220065742e-07,-0.000182167618030452,0.00125654076460596,-0.000537159669713226,-8.43074619484868e-05,-0.000158435085153516,0.000241752769338303,-0.000100390362098948,0.000248505544084597,-0.000376700303846549,-1.41392734411276e-05,2.17426437997989e-07,-0.00144199781191147,-0.000172158928807801,0.00020661393128117,0.00316765672668432,-1.98018676439022e-05,2.39134246500157e-06,1.04314107719381e-05
"north_west","mu_gamma_H_2",-2.75772362673737e-05,0.000340075000411631,-9.18295015470578e-06,9.9372134522314e-07,-2.75479310134284e-06,-1.08771427942355e-06,-9.73363979972095e-07,3.13110824084989e-06,-4.45732946769995e-06,2.68896151599667e-06,-8.39458230458766e-07,-2.34900186165375e-07,-7.71671443893159e-07,1.49408555373505e-06,-3.73986866935422e-07,7.41296072845054e-06,4.77138467702934e-07,-1.50902769131378e-07,-1.22814477140912e-06,1.99181726621527e-06,9.04889090928665e-07,-1.05705714720148e-06,2.19435484797698e-07,1.8008140970623e-06,-1.87345580909872e-06,-1.61489088327138e-07,-9.27856398537183e-07,1.23582774447852e-06,-1.89376386777963e-06,1.24920904227585e-06,2.00215931561618e-06,-2.66545784153757e-06,-4.47277489495468e-07,3.75512687084303e-06,8.98066117288267e-08,-5.61800788073688e-08,7.17027135277325e-07,2.15168110319168e-08,-3.23692561003321e-06,7.59979740964213e-07,1.43316400444641e-05,-4.71798989348946e-05,-7.3344261171517e-06,-0.00025136546036766,-0.000243246855618501,1.57089341536949e-05,0.000783799414605146,-0.000131962882145331,1.07670771224412e-05,8.70509582399726e-05,7.17322554989647e-05,6.26556015850027e-05,0.000112920942789939,5.50499043314908e-05,-6.2954558568811e-06,-7.03014618528736e-06,-6.10343238743186e-05,-2.05103724149101e-07,-1.39893299264152e-07,-1.80471066835582e-07,-1.83842654820918e-08,-1.20484631723166e-07,-1.09271172734029e-07,-4.0125957224953e-08,-3.91220714539023e-08,-8.97736711822156e-08,-9.99218261082728e-08,-0.000274347743225174,0.000369023752015092,0.000466121022715732,-0.000124846189407059,-0.00053411192395074,0.00045689258059062,-0.00010927955952131,0.000664575279332877,-0.000656043458075813,3.60450354537012e-06,-2.33078899664645e-07,-0.00133247177263857,-4.4613809203549e-05,-0.00045180371300236,-0.000423133427748989,-1.94840979718941e-05,-1.20801628608636e-05,7.2392450713705e-06
"north_west","mu_gamma_H_3",0.000218096002870942,-0.000374332804012445,1.58808269743377e-05,-2.91874578932963e-08,-2.05831765626101e-05,2.32407775087905e-07,-1.05909077719645e-06,-1.11842377987484e-06,1.50231066000182e-08,-2.36329598709429e-07,1.25070520756102e-06,-1.08459509346927e-07,-1.35731288321016e-06,-2.83272381603236e-06,-1.99947812229692e-07,2.41990119874449e-05,1.74271550500698e-06,1.06780430466671e-07,3.3273386083776e-06,-6.62913191141952e-06,3.29568276595619e-06,-4.56660992688765e-07,1.31035876924262e-06,-3.28235794416199e-07,2.80324068817878e-06,-4.74871885775629e-07,-2.42667758948292e-06,2.49627708649137e-06,4.72026375000179e-07,1.68733588051873e-06,-5.3754320247214e-07,-6.48314911660313e-06,1.36426087475219e-05,-2.24301819642508e-05,2.10722381903886e-06,-2.89379032428857e-06,2.44866506998037e-06,-1.64814878045134e-06,-1.37249850041764e-06,6.76804972515483e-07,0.000155907920945336,-1.75247321293168e-06,0.000757698898944166,0.000507860369775782,0.000786925541115784,4.48354365804843e-05,-0.000131962882145331,0.000767603922467991,0.000516712207454454,-8.4762579835664e-05,0.0001013615821854,4.60453992936758e-05,-4.13118175838545e-05,-2.96718860917548e-05,1.54872663616655e-05,-1.23242930660147e-05,-4.57901048504807e-05,6.21866079825851e-09,6.71954885142588e-08,4.71744589796209e-08,1.0700112545108e-07,6.27141181659473e-07,1.20240260199225e-07,3.93421357763614e-09,1.36501749700735e-07,8.69950510390546e-08,-7.61042437936149e-08,0.000174062367392349,-0.000895889005576376,0.000709651490923607,-7.02034657113735e-05,-0.000231482064011384,-0.00038277355700582,0.000223700278622387,0.000312197346318505,0.000580703573877967,-2.74391553368078e-05,1.08113965284769e-07,0.00236206626644749,0.000327098581051683,-2.16393531258836e-05,-0.00658251578038404,2.98772132295527e-05,-6.15340913288654e-05,4.14548641776747e-06
"north_west","mu_gamma_H_4",0.000330124910266542,-0.000106167435769396,1.44252957442471e-05,-6.26023363098176e-06,-2.05433968204709e-05,6.90801875331318e-07,-2.01990390906748e-06,4.64512341559847e-07,-1.75159355155411e-06,-5.66765335019924e-08,7.7670447885305e-07,4.91471763540686e-07,-1.69462075040319e-06,8.33552065489288e-07,1.52249977044242e-08,1.38077924271746e-05,2.1180700994039e-06,5.24465265121069e-07,6.35022121830138e-07,1.45947303505399e-07,2.60076086685333e-06,-3.58891038237409e-07,2.00364746396426e-06,2.42554736617246e-07,3.65380153439228e-06,1.90510549317816e-07,-8.7054509812232e-07,2.12926350525299e-06,8.31678278110911e-07,4.28511916939952e-06,6.71626226190898e-07,-5.47502292984347e-06,8.77518830371803e-06,-8.85235482789525e-06,1.45002095545043e-06,-2.59500614369342e-06,1.24682331408089e-06,-7.04303466225957e-07,-2.41024121206322e-06,4.11911348477325e-07,7.98130570579238e-05,-3.33764234571273e-05,0.000571247839467627,0.000391790311864783,0.000884309423238371,-5.76958345496378e-06,1.07670771224412e-05,0.000516712207454454,0.00085679591583927,-2.27952402317368e-05,0.000170099025203838,7.00642476557394e-05,-0.000146226016180964,3.27220176865193e-05,7.21739396441129e-06,-1.05613251179871e-05,-0.000147190951678518,-3.70987576713122e-08,1.572633821522e-07,-7.99984177578087e-08,6.99203564495146e-08,3.3876808542394e-07,1.4692213295188e-07,-2.30969702118009e-08,2.10849798290557e-07,1.53510248984573e-07,-1.63763811357272e-07,0.000222724510154484,-0.000713892124712767,0.00111020681976502,-0.000155636612501674,-0.000255658273074431,-0.00042330445620998,0.00019961557255776,0.000342487628561671,0.000647125433850493,-2.6107576256619e-06,8.92243144501812e-08,-0.000483811782926709,-9.26194529331079e-06,-0.000420687691007687,-0.00659391636736705,4.63179907488472e-06,-5.78478315779397e-05,-1.25603565913385e-05
"north_west","p_G_D",0.000233910727028822,0.00159004545299081,-1.49797382982037e-05,3.297486543824e-06,-1.21050863393675e-05,1.26191396630073e-06,-1.08872458872272e-07,-1.63521496294043e-06,2.58033875927722e-06,-4.97004450732948e-06,4.07299331654659e-06,1.52997619314034e-06,4.29594962197037e-07,1.4246394870864e-06,2.03116097380825e-06,5.83319778078607e-05,1.85428716314332e-06,2.63072887730929e-06,-3.58277502359711e-06,9.5962799755216e-06,5.49654481647384e-07,1.8492302623897e-06,2.62679827944064e-06,3.9991986169555e-06,1.76740345625601e-06,2.31750626256549e-06,-1.88026625435195e-06,5.65509185641441e-06,3.47729546113548e-07,4.14360053186602e-07,3.73945402353273e-06,-6.23443249375895e-06,5.13262745207569e-06,-1.07668375039558e-05,1.92811493953787e-07,1.24880169870297e-07,1.25875180514668e-06,1.98101634769454e-06,-2.327939026432e-06,2.3059926607086e-06,3.65029283721055e-05,-0.000199955313462196,0.000766908460913274,9.53139182338164e-06,-8.46604285899601e-05,-0.000114648241779697,8.70509582399726e-05,-8.4762579835664e-05,-2.27952402317368e-05,0.000869114587146018,0.000240994937675125,0.000159962106450563,0.00032169865911749,0.000147819665911791,-4.57147410494395e-05,-1.67336549965225e-05,-0.000203212769484295,-1.01279108412251e-07,-1.27621237685748e-07,2.65896326790813e-08,6.73573884231386e-08,-2.12231590297604e-07,-1.02601223777461e-08,3.53879513129793e-08,6.48981391146772e-09,-3.49209047591438e-08,-3.21910860961161e-07,-0.000100662829751214,-0.000959062747118843,0.00179485019385814,-0.000118007934884332,-0.000182604861376825,0.000125562457938521,-0.0001306043543441,3.91961538001536e-05,-2.41526385323728e-05,-3.25579593776712e-05,-1.6327691691299e-06,-0.00616846404504689,0.00106537836593202,0.000185150428426082,-0.00384985650502194,-5.18767396674472e-05,-2.21302937176123e-05,2.39287681023632e-05
"north_west","p_G_D_2",0.000246753461180168,0.000161680967547245,-3.57352809387681e-06,-1.48331768096488e-06,-1.53826269928004e-05,9.77056643814822e-07,-1.52279085685547e-06,-6.13670614194436e-08,-4.47172714474135e-07,3.81905925286479e-07,-1.03299707545838e-06,4.76168911893795e-07,-8.9231037452886e-07,4.72211717705435e-07,-3.52739767794778e-07,4.43219584996231e-05,5.9911702030604e-07,4.91433020451116e-07,-2.35001541673765e-06,3.21472451539923e-06,7.33398649438772e-07,-5.37469773353796e-07,8.19498115957835e-07,1.53972686138015e-06,-5.22484509170456e-07,-2.81052346938817e-09,-2.21549960672534e-06,2.62141409151775e-06,-1.37891614237284e-06,1.32296642134331e-06,1.61529325302982e-06,-6.59766344111188e-06,9.15018186410975e-06,-1.8914474279977e-05,7.18677953431661e-07,-1.41976600992263e-07,7.30882048676483e-07,-1.40383676002967e-06,1.26821801745851e-06,-1.76489946428639e-06,5.07060494573232e-05,-5.07263487419583e-05,0.000888354162103177,0.00034258748920639,0.000518819214814525,-1.22561916052295e-05,7.17322554989647e-05,0.0001013615821854,0.000170099025203838,0.000240994937675125,0.000272094111474846,0.000124928332275449,0.000197710902067029,6.83399539735053e-05,-9.35952139927076e-06,-1.29105244975887e-05,-0.000214902301575072,-1.74036157676519e-07,-1.1630314632928e-07,2.50343979978994e-07,3.9827136526791e-08,4.93280545359802e-08,9.95195048746322e-08,-5.6134677288461e-08,1.62586378119459e-07,8.95978949344269e-10,-6.66501013968994e-08,0.000133684139531959,-0.00111257216322645,0.00112259503353037,-0.000122698528327309,-0.000225288255760703,-5.42703132856632e-06,-5.2166144477693e-05,0.000190504139292259,6.83968571358411e-05,-1.86378464075793e-05,-5.23470835216041e-07,-5.88071509381645e-05,0.000317299544578122,-0.000232816937943891,-0.00420411409161535,-1.16900152901451e-06,-1.28271373056806e-05,1.38072556849148e-06
"north_west","p_H",0.000126780407351237,0.000199171368486701,-5.06495896251594e-06,-8.59863633097552e-07,-1.0504527207257e-05,-3.35123489282625e-07,-1.38837735057717e-06,-6.17207460823578e-07,-1.15164684329076e-06,-3.76385713373596e-07,-1.94684735045314e-06,4.07344835543283e-09,-1.41833358516456e-06,-3.24314174940587e-07,-6.71041190227607e-07,3.23461269625457e-05,-4.97523731360187e-07,9.92360352579671e-09,-1.82548591565092e-06,9.56921700016942e-07,-3.17417644827916e-07,-1.28304297030292e-06,-6.52158805130013e-07,-7.23865427736284e-08,-2.10953018948028e-06,-1.43704290077277e-06,-1.84967208277522e-06,1.34290147794658e-07,-2.71175248126359e-06,-1.34183921524413e-06,6.39173467213396e-07,-5.87847131795886e-06,4.15925897125418e-06,-1.24045320774887e-05,3.42591356594703e-07,-5.09412034892788e-07,-5.07187385314665e-08,-1.03125282089123e-06,-3.57926802397167e-07,-4.87302882383154e-07,1.72352175711542e-05,-9.91421245906727e-05,0.000552111356827666,0.000195447785886413,0.000223319237670326,-7.59080544564844e-05,6.26556015850027e-05,4.60453992936758e-05,7.00642476557394e-05,0.000159962106450563,0.000124928332275449,0.000164939878279416,0.000183665983735356,3.37752188617549e-05,-7.84730391183588e-06,-1.48846525837897e-05,-4.89610139870085e-05,-2.02990760521293e-07,-2.85201111824742e-07,-6.87425253735531e-08,-1.06275933938733e-07,-2.23291841844593e-07,-6.14254835250615e-08,-1.1022198150415e-07,-6.64970688392161e-08,-8.6812212002628e-08,-2.37926483047765e-07,4.57813189430357e-05,-0.000685740318887779,0.000687719497817262,-4.17094994682868e-05,-0.000250493506125871,1.09411589561148e-05,-8.80101439558996e-06,0.000198810854757495,1.54679780456624e-05,-1.1120038534463e-05,-3.5366569094281e-07,-2.43917704706246e-06,0.00015769928937139,-2.60052404474343e-05,-0.00234608594862188,-3.37300258751124e-06,-1.43898159594809e-05,3.50450114706119e-05
"north_west","p_H_2",-6.53392735750626e-05,0.000678380371486775,-1.5926153123353e-05,-2.10443640428485e-06,1.3362874243903e-05,1.74521448672787e-06,-3.22603820147815e-06,-1.46020052256214e-06,1.15298216607734e-06,-3.66740784367608e-06,2.93333136873724e-06,-7.49752436198554e-08,-7.48257217395942e-07,1.68439661727865e-07,5.35324936623404e-07,3.03467741319046e-05,-2.37228556797468e-06,-3.91528411058089e-07,-1.23918866265172e-06,3.757174088274e-06,-1.45264374812533e-06,-1.18056666719649e-06,1.08954087879454e-06,-4.49516177520467e-07,-2.57335396608938e-06,2.35119708635507e-07,-2.07957924917591e-06,-9.65804600638523e-07,-3.93923607702439e-06,-1.81456960222039e-06,9.3511730726254e-07,-5.37204236275513e-07,-1.05074850362075e-05,1.98719011042364e-05,-1.09005306174706e-06,4.00074562236316e-06,-4.05518672572288e-06,-8.64134492276845e-08,3.34853466427657e-06,-3.46769068491647e-06,-6.06083404097926e-06,-6.09399557756969e-05,0.000510021678924703,0.000114532317074932,-0.000473041859238423,3.49157319384558e-05,0.000112920942789939,-4.13118175838545e-05,-0.000146226016180964,0.00032169865911749,0.000197710902067029,0.000183665983735356,0.00145894016495345,3.22203519675593e-05,-3.61916142068052e-05,-8.75516158379904e-06,-0.000186947043646958,-2.40756545163669e-07,-4.00752630456175e-07,-2.36950829156226e-08,-7.65143129458668e-08,-3.52860369035513e-07,-7.28461003502267e-08,-2.14485450963987e-07,-2.1370752603478e-07,-2.03153462976008e-07,1.77279638761747e-08,2.98308908622282e-05,-0.00053920678386177,0.000732010835315475,0.000111427183302429,-0.000274175542126036,8.09491398496046e-05,-0.00119003439176808,0.000163848400889587,-0.000264420701323415,-4.07202480635219e-05,-8.99888559695044e-07,-0.00165151699330138,0.000394134001862931,0.000409357745055075,0.00585023563662742,-1.76841101866035e-05,3.42173163018577e-05,3.92311112917937e-05
"north_west","p_H_D",6.31630411531388e-05,0.000256204397772633,-3.13901881205332e-06,-4.0653393330939e-07,-4.55338144076353e-06,-2.45592019813654e-07,2.95318071075705e-08,-1.07663808091005e-07,-9.72938718242929e-07,-6.73535434693173e-08,-3.09828101629427e-07,9.95349239909835e-08,-1.37053706290343e-07,5.19585947232991e-07,1.24683534924917e-07,-1.09356140346998e-05,4.15810333398962e-07,4.4941089622322e-07,-1.39639456200782e-06,3.0078115157188e-06,-4.32664526457177e-07,3.95907914535933e-07,-3.20573220750647e-07,8.12545170034488e-07,1.0830291382817e-06,-8.53431045936828e-07,1.11921856269177e-06,8.97414594324357e-07,-3.69085385042206e-07,2.56071031258182e-07,1.08172637396543e-06,-2.90397898355986e-06,2.22378561429534e-06,-3.83965071079904e-06,-4.92198211506484e-07,1.47896276331808e-07,-8.18040881766387e-07,6.95471828558671e-07,-1.9359207167731e-06,-1.0481292832436e-08,-9.40888253538484e-05,-0.000136346589848891,-3.33051643030351e-05,-9.32624137465738e-05,-1.21643264642279e-05,4.39982554459833e-05,5.50499043314908e-05,-2.96718860917548e-05,3.27220176865193e-05,0.000147819665911791,6.83399539735053e-05,3.37752188617549e-05,3.22203519675593e-05,0.000144963467710213,4.92032374123477e-06,-4.43236951810392e-06,-6.85153210309109e-05,-2.93896946042954e-08,-4.20947941000304e-08,-1.33468333910931e-07,-2.17255175935765e-08,-1.43250868388447e-07,2.66224845816147e-08,5.10371299010745e-08,-5.8784688568255e-09,-1.58581694743854e-08,-1.08385459196395e-07,-4.82784769328016e-05,-8.67186572634813e-05,0.000366554894658387,-9.94544974687025e-05,-7.99485637875393e-05,6.1897638247546e-05,9.45709471427292e-07,7.4802556524563e-05,-3.57751357806343e-05,-9.27536511130987e-06,-2.19322877160709e-07,-0.0018899318643831,0.000280213831551926,3.66807589336599e-05,-0.00160805324212509,-1.79752241642416e-05,-7.82596855529933e-06,1.14324592029002e-05
"north_west","p_ICU",-1.905773830446e-06,-5.45753107027039e-05,1.58155416243082e-06,-4.74275537212589e-08,-4.33434639432178e-07,-2.99982319807311e-07,1.59080859647917e-07,3.99030983837143e-08,-3.71594609639711e-07,2.63736341005466e-07,-3.56175372864881e-07,-8.16420958625278e-08,-9.62601614520761e-08,-1.60508808322948e-07,-1.58841557912451e-07,-8.47673366688002e-06,-6.2435868876575e-08,-1.74492377863935e-07,1.11572759515989e-07,-5.92042842801253e-07,-7.33365458113079e-08,-1.19517508820425e-07,-2.94657941372622e-07,-1.89569518053562e-07,-1.10460672214324e-07,-2.79611383825578e-07,2.56491115426339e-07,-3.42366534013924e-07,-8.91273453160063e-08,-1.73073767372715e-07,-2.31888158945396e-07,-1.71542844106254e-07,4.34488701882015e-07,-1.16967289181152e-06,3.1829923540056e-08,-1.5125637407767e-07,-2.20270183922918e-07,3.83690234869569e-08,-3.64789619458856e-07,-1.26252796050791e-07,-1.32649176021946e-05,3.79703812944271e-06,-5.15326636225578e-05,-1.97374038922657e-06,3.69528579154983e-05,1.78095074958018e-05,-6.2954558568811e-06,1.54872663616655e-05,7.21739396441129e-06,-4.57147410494395e-05,-9.35952139927076e-06,-7.84730391183588e-06,-3.61916142068052e-05,4.92032374123477e-06,1.5174104340886e-05,-5.8296279380763e-08,1.5297978722511e-05,1.19670755672213e-08,3.62017448115292e-09,-2.38511386070629e-08,-1.55139166293831e-08,1.74737177382391e-08,7.2172756993921e-09,2.91154591678325e-09,-8.4288288911973e-09,3.76488971327208e-09,2.02684035248219e-08,2.97117429305901e-05,5.00714209880571e-05,-0.000106919998005668,-7.75052536047349e-06,3.91762177910754e-06,-5.01321439980682e-06,3.14403980357404e-05,2.34036304029161e-05,-1.14006750476391e-06,1.53708030268396e-06,1.16729133204015e-07,0.000248884454934477,-1.27343381636969e-05,2.33636785909647e-05,-0.000266127099348844,1.4133597296016e-06,1.53586292378973e-07,2.38905136504184e-06
"north_west","p_ICU_2",-1.92080382249351e-05,2.50112849209969e-06,5.84150008168197e-07,-1.09481639530515e-08,1.86996943679344e-06,7.78882452033945e-08,2.37882244905555e-08,5.55219624739197e-08,1.06478722323994e-07,5.87093824793519e-08,4.42171109746512e-08,-6.60288948635917e-08,1.10058508046739e-07,-5.40345990439983e-08,9.18134066317738e-09,-4.09484760938639e-06,-1.50046849339494e-07,-9.62200642126062e-08,6.07811291681859e-08,-1.46032240477362e-07,-1.08526120363653e-07,-1.02600782289111e-07,-3.95862937165795e-08,-2.07052714895324e-07,-9.70930064956719e-08,-7.88597521399332e-08,2.70578422791746e-07,-3.12240305142432e-07,-1.54844934679898e-08,4.11743265833945e-08,-1.99730030576679e-07,8.23497304541566e-07,-1.1111144132638e-06,2.20335745028334e-06,-1.50474587585457e-07,1.66987954010763e-07,-2.02850784002156e-08,-4.59101261255388e-08,2.93271413298774e-07,-1.10596876533254e-07,-1.23474370969239e-06,1.42152725811567e-05,-7.22961980433398e-05,-2.29769093136702e-05,-3.90406494344162e-05,1.43291855382801e-05,-7.03014618528736e-06,-1.23242930660147e-05,-1.05613251179871e-05,-1.67336549965225e-05,-1.29105244975887e-05,-1.48846525837897e-05,-8.75516158379904e-06,-4.43236951810392e-06,-5.8296279380763e-08,3.81168984221364e-06,2.86171984648158e-06,1.64731341263071e-08,1.52066537137862e-08,-2.00278494539889e-08,-7.90697773194941e-09,-3.06750111528019e-09,-5.96548277977843e-09,-3.63506936211246e-09,-4.80599696582547e-09,-1.49426853577442e-09,2.22099231664962e-08,2.5612902178929e-06,9.11503260241489e-05,-9.97776799825908e-05,1.11796622365958e-05,2.54546103666803e-05,3.31248344330402e-06,-1.18698404675621e-05,-4.62129631976442e-05,-6.60605275149695e-06,1.81582934242817e-06,2.34588820079524e-08,0.000191552982105817,-1.03276334185187e-05,-1.62308870247123e-05,0.000525135380552376,1.68203876282419e-06,3.94021490002913e-06,-2.6038045459036e-06
"north_west","p_ICU_D",-0.000152803236767133,-0.000536719792763292,-1.68602163773137e-06,1.19710899586547e-06,-5.70271510610027e-07,-1.76929934120799e-06,3.11012018820739e-06,-1.26346866043308e-06,3.82020467526569e-07,1.31080685086272e-06,-3.96463383686697e-06,4.17338509732984e-07,-4.58048465725771e-07,-5.62943922365443e-07,-8.05317131705222e-08,-1.91660847846291e-05,-1.83526359377939e-07,-2.3355977488944e-07,4.03349415215787e-07,-3.33429610291213e-06,1.70746985026639e-07,2.24390746700965e-08,-7.8772380820086e-07,-2.21787456162644e-08,-9.57869998730658e-07,-7.81214998448863e-07,2.00551191365185e-06,2.05411473658051e-07,-5.43626444655185e-07,-2.52160193258967e-06,-8.95933752507349e-07,-8.27751334783609e-07,4.1535008857633e-07,-3.27848733540909e-06,-5.01223992169661e-07,-7.69624766660368e-07,-4.7702232225569e-07,1.58996538099226e-06,-2.78126142226391e-06,2.1654785986044e-06,-6.27821438636946e-05,-0.000108160181217057,-0.000164616459903769,-2.79668323199713e-05,-0.00011375177962591,-0.000180968113903703,-6.10343238743186e-05,-4.57901048504807e-05,-0.000147190951678518,-0.000203212769484295,-0.000214902301575072,-4.89610139870085e-05,-0.000186947043646958,-6.85153210309109e-05,1.5297978722511e-05,2.86171984648158e-06,0.000852130762065489,7.8397775197316e-08,1.07712287715699e-07,-8.07683133490269e-08,4.28759542139637e-08,5.10775794460127e-07,-4.50779342201564e-08,3.41963898608249e-08,-1.80120558493656e-07,5.26615087203113e-08,1.96676168207436e-08,-0.000131504078503557,-1.52159185212559e-05,-0.0006611717259882,0.000153513787195301,0.000149775325707237,-8.84938802264389e-05,0.000197877279128439,-5.84591023753953e-05,-1.03328002345766e-05,1.16644262999678e-05,4.2764509221114e-07,0.000725093841727127,8.46147194408964e-05,0.000540195303341226,-0.000408324007297079,8.94602985632757e-06,1.44213207366745e-06,2.53498604051739e-05
"north_west","p_NC_15_24",-1.17314440328399e-07,3.75196222287678e-07,9.8906094360652e-09,-6.32127033996915e-10,1.67607020486701e-08,2.7671762965822e-09,1.46246336154801e-10,2.61336204188417e-09,-4.76584020353109e-10,2.73096131319293e-09,3.97292420363013e-09,7.20774677356737e-10,2.81855953687781e-09,9.29300944127806e-10,2.29623006381045e-09,-5.04112028317837e-08,2.55498881441143e-09,1.34266022267994e-09,3.74571763690403e-09,9.76808667958767e-10,1.2718986439394e-09,4.74208853567925e-09,4.67428455674264e-09,2.34170103374866e-09,6.88209061768472e-09,5.04216518889188e-09,4.40539579172733e-09,4.98883750314969e-09,7.83181795547487e-09,6.11778930252665e-09,1.66670797298452e-09,6.11434841732232e-09,1.16508803190947e-09,1.98871264451035e-08,-1.41961264111127e-09,1.09010075054652e-10,2.1782943580489e-09,-1.50562416635759e-09,5.85378857974592e-09,-1.13689407029865e-09,-6.6642450767325e-08,3.54558447646053e-08,-6.84638815819008e-07,-1.88606596182276e-07,-2.66690137094364e-07,8.69494466518483e-08,-2.05103724149101e-07,6.21866079825851e-09,-3.70987576713122e-08,-1.01279108412251e-07,-1.74036157676519e-07,-2.02990760521293e-07,-2.40756545163669e-07,-2.93896946042954e-08,1.19670755672213e-08,1.64731341263071e-08,7.8397775197316e-08,1.52857903303687e-09,9.70389131826294e-10,3.32165960325993e-10,4.05629933719203e-10,6.70827048698544e-10,1.8477147672599e-10,4.4113210105007e-10,3.33966924663063e-10,3.41494965848287e-10,4.96359965872485e-10,-6.1284120894082e-08,8.30492400750221e-07,-1.02602101893658e-06,9.02287755159419e-08,2.19039719534139e-07,-9.77421621141975e-08,1.13873605424918e-07,-2.82528031691014e-07,8.77060655715038e-08,1.50911392451373e-09,4.75777816338697e-10,-2.9146563554763e-06,-7.73926433937352e-08,-3.18240488761087e-07,4.04421859005008e-06,-8.33681838770512e-09,1.45034830621891e-09,-9.65108711886401e-08
"north_west","p_NC_25_49",-2.69777754839769e-09,-1.82113963897702e-07,8.89271506769229e-09,-6.12574933298604e-10,9.8475157558444e-09,3.81469742385203e-09,-6.00215809543297e-10,7.63686999748556e-10,5.11009152276211e-09,-4.72459628286465e-10,4.81199428986529e-09,2.06129444405007e-09,3.21427283378142e-09,2.30612592614915e-09,4.97099042347687e-09,-1.08861623998446e-08,2.99673363131438e-09,3.4448712091249e-09,1.13552692050994e-10,8.06163407198293e-09,3.58429485555969e-09,6.80317084551474e-09,6.92833426295074e-09,7.91624508339342e-09,9.60866260671542e-09,1.07554577811798e-08,2.53032130809784e-09,1.00353146061289e-08,1.26374618325317e-08,7.68128534927109e-09,2.30123218659682e-09,6.18928780254918e-09,8.04767333540268e-09,6.76365854769557e-09,-6.33137807031007e-10,1.46601973248174e-09,1.07849842536599e-09,1.11837918241462e-09,2.48725405225509e-09,8.66269015877194e-10,3.40337692858016e-08,5.80174593672266e-08,-4.11795617485109e-07,-3.24036909903643e-07,-2.14426021260625e-07,-2.39815834465382e-08,-1.39893299264152e-07,6.71954885142588e-08,1.572633821522e-07,-1.27621237685748e-07,-1.1630314632928e-07,-2.85201111824742e-07,-4.00752630456175e-07,-4.20947941000304e-08,3.62017448115292e-09,1.52066537137862e-08,1.07712287715699e-07,9.70389131826294e-10,3.43140033525469e-09,1.10830562204269e-09,6.39834834020198e-10,1.4920084971859e-09,4.49160928695514e-10,7.42576046151956e-10,8.16961985158546e-10,5.90235676658786e-10,6.90038124596793e-10,-9.80052863745382e-08,5.08570108857135e-07,3.24347773551345e-07,-5.61473025072929e-08,1.99917333961201e-07,-9.26446171622462e-08,1.90699132142157e-07,-1.26673100237957e-07,7.69151224739022e-08,4.0039243286167e-08,3.24895138557619e-10,-3.58336113930291e-06,3.58032100697924e-07,2.77392441465743e-07,2.15340552789233e-06,-7.17426751403635e-10,3.23882923983579e-09,-1.32007233407219e-07
"north_west","p_NC_50_64",2.65961403717141e-07,-1.90567830104386e-06,-7.07044793099808e-09,7.21738848018311e-09,-1.45254152194593e-08,8.52454285821608e-09,-4.17412107376382e-09,-2.79903581758063e-09,9.4702072067838e-09,5.32853975847579e-10,1.34252784265489e-09,2.58514976228439e-09,1.52989762648721e-09,-3.73950597733821e-10,3.38407825690078e-09,1.04331410714244e-07,1.84333568954579e-09,4.06204021074321e-10,4.05869998322037e-09,-3.38109917629798e-09,8.28500329336027e-09,-3.94242242414637e-10,1.00838372356114e-08,5.00421395864757e-09,2.29017329852092e-09,7.61968113274024e-09,-7.01587929431308e-09,1.46243159761788e-08,4.3430237971945e-09,6.6438086700195e-09,4.99855086413307e-09,-7.67282422102046e-09,2.69895659661636e-08,-4.32378504117273e-08,2.80643776177109e-09,1.45077909058948e-09,3.13563213511422e-09,-2.32016585055638e-09,9.99155615574881e-09,-6.98655992107932e-09,2.25588832904661e-07,3.34642487282164e-08,1.9849693751204e-06,7.17945149633803e-07,7.82426310377694e-07,-4.64546495688791e-07,-1.80471066835582e-07,4.71744589796209e-08,-7.99984177578087e-08,2.65896326790813e-08,2.50343979978994e-07,-6.87425253735531e-08,-2.36950829156226e-08,-1.33468333910931e-07,-2.38511386070629e-08,-2.00278494539889e-08,-8.07683133490269e-08,3.32165960325993e-10,1.10830562204269e-09,4.20092452280389e-09,8.89522713709818e-10,2.53522219734646e-09,9.19737722078594e-10,2.42141479959476e-10,9.70727227743313e-10,3.70804316872104e-10,1.17925261009721e-09,5.10429443658473e-07,-2.46683111389089e-06,1.65970900196491e-06,4.04946490394156e-08,5.24810453626059e-08,-1.56839534523314e-07,1.25507044097122e-07,-6.32385774824779e-08,2.48141348246443e-07,-3.84092416851276e-08,-1.25259465023422e-09,3.49517052669277e-06,1.02186996080858e-06,-1.10277558797828e-06,-4.5552969997722e-06,5.81074563897815e-08,3.53627550289567e-08,-1.45371237684166e-07
"north_west","p_NC_65_79",1.59297018819206e-07,-3.97413978585368e-07,9.75325117106838e-09,4.61169933563597e-09,-1.56833961195479e-08,2.38056632612481e-09,-3.44623794365061e-10,2.38898712914101e-09,-8.1583953875414e-11,4.61104230550785e-09,-6.69173556415149e-10,3.28379633007668e-09,1.66399746919832e-09,4.36391694387932e-09,1.72165041839564e-09,1.35266320509013e-08,6.52710140764876e-09,2.27389106276466e-09,2.41154494514043e-09,4.9126721796089e-09,4.17003481177721e-09,7.53250809443765e-09,4.58149904626885e-09,9.59639522578704e-09,1.03060995696651e-08,5.00867857650824e-09,3.18248028334293e-10,1.29687369069793e-08,8.78686263886309e-09,5.18879009017817e-09,5.25937219389483e-09,-4.18285809892971e-09,1.81617441030564e-08,-2.29504841873488e-08,6.40178155488082e-10,-8.36422807803091e-10,2.71196057060738e-09,1.35912392278455e-09,-1.14302357073984e-09,8.82908879139138e-10,1.35425575729207e-07,-2.36272426950616e-08,1.86728631740347e-07,6.9826202937427e-08,3.54887186344769e-07,-5.6265356779922e-08,-1.83842654820918e-08,1.0700112545108e-07,6.99203564495146e-08,6.73573884231386e-08,3.9827136526791e-08,-1.06275933938733e-07,-7.65143129458668e-08,-2.17255175935765e-08,-1.55139166293831e-08,-7.90697773194941e-09,4.28759542139637e-08,4.05629933719203e-10,6.39834834020198e-10,8.89522713709818e-10,1.66457501970158e-09,1.17636736290916e-09,4.29207342086496e-10,5.87136524809952e-10,5.3262979723975e-10,3.39140414197946e-10,1.41012774058608e-10,-1.06572051381009e-07,-2.51615825469006e-07,4.39991507571544e-07,-1.39408086336435e-07,5.10203012157087e-08,-9.73798761853649e-08,9.90253378335038e-08,2.69751100369428e-08,1.17482951922464e-07,-2.14120764734041e-08,-1.95628915655091e-11,-6.32850230786492e-06,4.98677900558287e-07,4.97944229122667e-07,-6.28639728466969e-06,-5.25423829684045e-08,-2.27886693158689e-08,-6.36299925999167e-08
"north_west","p_NC_80_plus",5.20166748372995e-07,-1.46972483108082e-06,2.34091131781248e-08,1.65581414416158e-08,-6.99266999483754e-08,-8.47383275621731e-10,8.36210792907519e-09,-3.11986532210826e-09,3.03886342017919e-09,1.40934772073043e-08,-2.08923295415133e-09,3.33153293517371e-09,1.09457649624064e-09,-3.45293309842807e-09,5.59008350612477e-09,9.69313497500738e-08,7.35427826287526e-09,4.85588279310296e-09,2.16072601273879e-09,4.84095865758871e-09,1.05641327802455e-08,4.75902795580261e-09,1.48008072232071e-08,8.11736787938016e-09,1.56297551047035e-08,8.61879504814501e-09,-5.7361993256513e-09,2.48634410655136e-08,8.82078250253832e-09,2.20787956852872e-08,1.36320451046902e-08,-2.37652074716013e-08,7.66315588963743e-08,-1.24714209834526e-07,5.0276309156439e-09,-5.66387864062527e-09,8.56995457744404e-09,3.42693170043514e-09,-8.29470229200326e-09,7.89624584688442e-09,5.28985810075134e-07,-1.2823831592845e-07,1.78616587831065e-06,5.36912244985564e-07,1.63892677507516e-06,-2.61949525999488e-07,-1.20484631723166e-07,6.27141181659473e-07,3.3876808542394e-07,-2.12231590297604e-07,4.93280545359802e-08,-2.23291841844593e-07,-3.52860369035513e-07,-1.43250868388447e-07,1.74737177382391e-08,-3.06750111528019e-09,5.10775794460127e-07,6.70827048698544e-10,1.4920084971859e-09,2.53522219734646e-09,1.17636736290916e-09,1.73532167382283e-08,6.52466305732738e-10,1.19924668765048e-09,1.03867632327103e-09,5.0912743456506e-10,9.28558860835953e-10,5.5428459368329e-08,-2.27551484289566e-06,2.19469231312541e-06,-3.25595041392636e-07,6.97499790676817e-08,-5.62986910209162e-07,4.80369926851706e-07,-2.04545147831322e-08,6.22650923251258e-07,-1.12398997531249e-08,-2.83078840558096e-09,5.2319856576271e-06,2.68529802567883e-06,-2.75884264282738e-06,-2.50721566415137e-05,5.89801477646291e-08,-1.13407713490563e-07,-2.58863203354105e-07
"north_west","p_NC_weekend_15_24",1.41477771360774e-07,-3.24004944803877e-07,5.78068445230532e-09,-1.08442947374834e-09,-7.0786974440402e-09,2.05802881855414e-09,-6.68401574220536e-10,-4.67007180071081e-10,3.32533186451096e-09,-4.65980913226969e-11,5.75887770153258e-10,1.43483441009518e-09,-1.4324492818176e-10,2.05044901911478e-09,1.73214156969804e-10,6.48024613443184e-09,6.23422079354308e-10,1.44039395775079e-10,-1.09576883453582e-09,-7.45879115606376e-11,2.35861209653907e-09,5.43326038688772e-10,2.28035110465561e-09,1.23704073680855e-09,3.50313844840906e-09,1.2149855250938e-09,4.57804160404758e-10,3.95778862150528e-09,3.28700872637558e-09,1.23876533439421e-09,2.82141022257183e-09,-4.81792550960895e-09,1.30126734278587e-08,-2.32602874942594e-08,-5.96352752129457e-11,1.0130659320362e-09,1.20410659185058e-09,-1.88275651377204e-09,3.83868874771396e-09,-1.81899039058501e-09,3.01129871619908e-08,-4.53878589971044e-08,3.84375130781576e-07,1.7300608857783e-07,3.45678251236104e-07,-7.72119728762935e-08,-1.09271172734029e-07,1.20240260199225e-07,1.4692213295188e-07,-1.02601223777461e-08,9.95195048746322e-08,-6.14254835250615e-08,-7.28461003502267e-08,2.66224845816147e-08,7.2172756993921e-09,-5.96548277977843e-09,-4.50779342201564e-08,1.8477147672599e-10,4.49160928695514e-10,9.19737722078594e-10,4.29207342086496e-10,6.52466305732738e-10,1.29064203087536e-09,2.87124654027078e-10,5.48005606382036e-10,2.39174117617669e-10,3.6458940727278e-10,3.3604368229376e-07,-6.01155189713298e-07,6.17377214168841e-07,-5.10120984761848e-08,7.78613904393503e-08,-1.70358766933035e-07,3.25773525067886e-08,9.25633291962219e-09,1.7320338430821e-07,1.11056086820024e-08,5.79188172587275e-11,2.46340560045276e-06,9.34424031698779e-07,4.92509039503911e-08,-2.80896240758485e-06,3.05125142140496e-08,3.86492999372385e-08,-6.86892117348948e-08
"north_west","p_NC_weekend_25_49",1.9835172661205e-07,6.24407886194834e-07,-3.42142064306344e-10,1.33753101370659e-09,-1.84268428591824e-08,-3.32207746381043e-09,5.20523951149958e-09,4.31331506049465e-09,-6.198305484131e-09,8.97815188487334e-09,-3.11880314361132e-09,3.59485840236193e-09,9.2112235129388e-10,5.68264621282131e-09,1.12643175453992e-09,-2.11308381328956e-08,7.50849409080032e-09,3.99766241811309e-09,-2.87748540834904e-09,1.41265285189222e-08,1.42754941729727e-09,9.32425410119173e-09,3.43829505589664e-09,9.2149471767375e-09,1.61195329801286e-08,4.07360131572091e-10,4.14259558895194e-09,1.43544198744086e-08,9.10772767987289e-09,3.90081610685486e-09,5.98329245643727e-09,-2.0754496540044e-09,1.17528391572822e-08,-1.86168261062539e-08,-1.10967778443203e-09,-6.20108943926525e-10,1.98743994028051e-10,4.81429536488944e-09,-1.07081615011873e-08,7.62037873719289e-09,8.29577196018011e-08,-1.2556107658835e-07,-2.40688990847079e-07,-3.22033368521442e-07,4.50730212755824e-08,2.00082214482253e-08,-4.0125957224953e-08,3.93421357763614e-09,-2.30969702118009e-08,3.53879513129793e-08,-5.6134677288461e-08,-1.1022198150415e-07,-2.14485450963987e-07,5.10371299010745e-08,2.91154591678325e-09,-3.63506936211246e-09,3.41963898608249e-08,4.4113210105007e-10,7.42576046151956e-10,2.42141479959476e-10,5.87136524809952e-10,1.19924668765048e-09,2.87124654027078e-10,2.02911205561423e-09,3.72442418217949e-10,4.03823397829552e-10,4.06871650367177e-10,-3.848051782898e-07,2.7342530504189e-07,8.66147361453171e-07,-3.07535646083341e-07,7.60737834780606e-08,-9.40701210709008e-09,2.30995506255323e-07,4.11965384385089e-08,-1.44063802616717e-07,-8.25365009509066e-09,-4.94719148758521e-11,-8.79631776822826e-06,3.7045314571434e-07,7.18219988949927e-07,-7.21224028653966e-06,-8.95054799189713e-08,-5.46829956013842e-08,-2.29804488968452e-08
"north_west","p_NC_weekend_50_64",3.29762646037773e-07,-7.79046345508029e-07,1.70392241413363e-08,1.64104803015373e-09,-1.37173781629783e-08,3.3554001509914e-09,-1.94459762742513e-09,1.28706202628247e-09,1.30321607292031e-09,3.024044813377e-09,2.95399079461832e-09,9.48108441899451e-10,4.60166414613545e-10,6.98626921809453e-10,8.9147655840122e-10,2.31082383219958e-08,4.01655324144365e-09,4.91810812997239e-11,2.61744660445234e-09,-5.3529098952272e-10,5.78281100626948e-09,1.17528803907503e-09,5.23103747646705e-09,3.18534856445951e-09,7.13790625615474e-09,3.24417359379243e-09,-1.6034498164844e-09,7.14547651160106e-09,5.97410106140896e-09,7.34281829413735e-09,3.2560812481462e-09,-3.11959763096309e-09,1.97406418220549e-08,-2.67049795738531e-08,1.6339855865608e-09,-1.14964131567352e-09,3.18810232141037e-09,-1.76677109007416e-09,4.55376806658457e-09,-2.8481103700548e-09,6.25447918362188e-08,2.7582766979214e-08,6.33684182766543e-07,2.85511941534585e-07,6.9218297700267e-07,-1.78548114404395e-07,-3.91220714539023e-08,1.36501749700735e-07,2.10849798290557e-07,6.48981391146772e-09,1.62586378119459e-07,-6.64970688392161e-08,-2.1370752603478e-07,-5.8784688568255e-09,-8.4288288911973e-09,-4.80599696582547e-09,-1.80120558493656e-07,3.33966924663063e-10,8.16961985158546e-10,9.70727227743313e-10,5.3262979723975e-10,1.03867632327103e-09,5.48005606382036e-10,3.72442418217949e-10,1.48479768908105e-09,2.14890009835051e-10,-5.03068191708388e-11,3.33154876749093e-07,-8.1822696184436e-07,7.24791612565231e-07,-1.70165225683032e-07,3.0541407483386e-08,-1.45238139783162e-07,2.06515368754552e-07,2.8703471380692e-08,2.10328819977549e-07,-9.54261183837667e-09,2.4504880114796e-10,2.85431639602315e-06,-2.97576118787859e-07,-8.34282443235971e-07,-5.23536296948835e-06,3.58581850526452e-08,-4.1771160430261e-08,-1.07923655579594e-07
"north_west","p_NC_weekend_65_79",1.08498011473517e-07,-3.31768665684477e-07,-2.43605104566052e-09,-1.08860462677637e-09,1.72727132210039e-09,1.85659673810851e-09,1.02551737019186e-09,1.05977306988599e-10,1.15376635204091e-09,-4.21869895354985e-10,4.45999007861194e-09,1.07414923189611e-09,1.15595748181833e-09,1.88585312803448e-09,1.003281808411e-09,-2.81137260880181e-08,2.40784576000748e-09,2.73024716157675e-09,-3.10164168628371e-09,5.95881839044017e-09,1.83848616746233e-09,3.69442071461657e-09,3.19774918323296e-09,3.31485932246073e-09,6.08242609043985e-09,2.95313938772895e-09,2.20435822660748e-09,6.91627366073254e-09,4.44787835806287e-09,3.93477146347156e-09,6.8406426563011e-10,7.22633770610828e-10,4.22582843961376e-09,3.43296878056689e-09,-4.12924421702987e-10,-1.39130120063365e-10,9.82169096202815e-10,2.75429877384427e-10,1.61315903216841e-09,-1.49677005390005e-10,-2.32671515608494e-08,1.84052845204613e-08,-8.47737337452754e-08,1.48847892618597e-08,2.23472409923123e-07,4.30976824694208e-08,-8.97736711822156e-08,8.69950510390546e-08,1.53510248984573e-07,-3.49209047591438e-08,8.95978949344269e-10,-8.6812212002628e-08,-2.03153462976008e-07,-1.58581694743854e-08,3.76488971327208e-09,-1.49426853577442e-09,5.26615087203113e-08,3.41494965848287e-10,5.90235676658786e-10,3.70804316872104e-10,3.39140414197946e-10,5.0912743456506e-10,2.39174117617669e-10,4.03823397829552e-10,2.14890009835051e-10,8.68307215193495e-10,5.53379088397387e-10,-5.75125588158536e-08,8.18303402960576e-08,6.12026150890729e-08,-6.41645893122153e-08,5.66975653838414e-08,-1.09170265577594e-07,1.73365575532621e-07,-1.81905728575988e-08,1.74121610598448e-07,1.33469986016888e-08,3.61719043400523e-10,-1.94343516205608e-06,-4.42726234592384e-07,9.30700528398171e-08,-8.33867120468813e-07,-3.4274930172118e-09,-1.76232417562644e-08,-4.50151315128119e-08
"north_west","p_NC_weekend_80_plus",-2.55531344925471e-07,-4.77885741706426e-07,-3.21844613790112e-08,7.30818696499629e-09,3.55953876362871e-08,6.40840121898431e-09,-6.11816565790671e-09,1.23987151303659e-09,3.34452390112065e-09,-3.28661630429927e-09,8.67831222777915e-09,-1.03601958856481e-09,4.04303484023346e-09,-2.96303650597588e-09,5.02280048682619e-09,-3.13377958169104e-08,-2.5114724227185e-09,8.93464329096753e-10,1.59454188172894e-09,-3.10200775360613e-09,3.05397127938539e-09,7.53160271091465e-10,3.80375495737526e-09,3.34788472681911e-09,-2.29135008959436e-09,7.8947676415468e-09,9.30835851412621e-10,5.48656077765909e-09,8.64062750840764e-10,5.19050824039435e-09,1.60054446399186e-09,3.26472781053564e-09,-1.77130733374872e-10,2.83692508775668e-08,-3.66666809871614e-10,1.98547867517115e-09,3.35442014202383e-09,-5.54933370659564e-09,1.23892047645165e-08,-7.37483023686039e-09,-7.67549941184844e-08,2.15730859375243e-07,2.63659517366817e-08,-1.33391139696614e-07,-4.20755961434378e-07,1.6695220065742e-07,-9.99218261082728e-08,-7.61042437936149e-08,-1.63763811357272e-07,-3.21910860961161e-07,-6.66501013968994e-08,-2.37926483047765e-07,1.77279638761747e-08,-1.08385459196395e-07,2.02684035248219e-08,2.22099231664962e-08,1.96676168207436e-08,4.96359965872485e-10,6.90038124596793e-10,1.17925261009721e-09,1.41012774058608e-10,9.28558860835953e-10,3.6458940727278e-10,4.06871650367177e-10,-5.03068191708388e-11,5.53379088397387e-10,7.86837432072586e-09,-1.45805703872775e-07,2.0285801814658e-07,-1.0476360351498e-07,1.16820214677747e-07,1.60858486725101e-07,7.16899904784207e-08,-2.24366622593924e-07,-1.99614896435309e-07,-1.9812536090495e-07,3.0673681928739e-08,-3.44281663572791e-11,-2.5369748313556e-06,8.65590885976848e-07,-1.19679434529206e-06,1.12393374568897e-05,1.52547383257598e-08,7.12952729600761e-08,-8.57086679423516e-08
"north_west","p_W_D",0.000190912655716459,-0.000721601419910714,1.74280947827568e-05,-2.747410470559e-06,-1.8143109206888e-06,2.71344146335701e-06,-3.08739811638664e-06,-3.66572026441332e-06,5.65675784145253e-06,-4.12899175192136e-06,1.09727499151974e-06,-8.78826151532904e-07,-1.07468983431817e-06,-3.06314416602723e-06,-9.27107781211595e-07,2.39361268841896e-05,-1.52079217095116e-06,-2.56423208943831e-06,4.52766496298314e-06,-1.15851674601649e-05,2.99888335055963e-06,-4.4531022131037e-06,4.96931719585463e-07,-1.14327630224627e-06,-9.31996130753459e-06,5.50416785385449e-06,-2.01100407217165e-06,-6.74967570678557e-06,1.31749762560549e-06,1.5970428758638e-06,-1.12111504425288e-06,-1.12753085897259e-06,1.04212452592327e-05,-1.70867843838644e-05,7.04705202574741e-08,1.93663035649127e-06,-5.69301491003443e-07,-5.33796846654418e-06,1.15099815089514e-05,-6.68841170693418e-06,3.2540202836147e-05,-4.96972368247306e-06,0.000674666753083132,0.000574988416623594,0.000856861736216663,-0.000182167618030452,-0.000274347743225174,0.000174062367392349,0.000222724510154484,-0.000100662829751214,0.000133684139531959,4.57813189430357e-05,2.98308908622282e-05,-4.82784769328016e-05,2.97117429305901e-05,2.5612902178929e-06,-0.000131504078503557,-6.1284120894082e-08,-9.80052863745382e-08,5.10429443658473e-07,-1.06572051381009e-07,5.5428459368329e-08,3.3604368229376e-07,-3.848051782898e-07,3.33154876749093e-07,-5.75125588158536e-08,-1.45805703872775e-07,0.00192848451272849,-0.00110456692390059,-0.000241768478398273,6.56489805563848e-05,0.000127088958842232,-0.000339467768384108,3.11708599170172e-05,-0.000155289795801398,0.000500410799561601,2.12596036417973e-06,4.71649497487598e-08,0.00700836181079827,-0.000578088437144228,-0.00100107646528095,-9.08502295371176e-05,7.15109188291109e-05,6.14598875451788e-06,-7.15510934258752e-05
"north_west","rel_p_D_alpha",-0.00125542432867839,0.00147576150347836,-4.57081436401385e-06,-7.83911074235153e-06,0.000116416395809946,-3.89997140779391e-06,2.57062688836579e-06,8.51863054139121e-06,-3.75611119980036e-06,-3.04677250611388e-06,1.0494307574482e-05,-2.65452322910456e-06,5.70316075088604e-06,4.58282235448099e-06,3.85870825585885e-07,-0.000317391668107672,-2.81513120843326e-06,-1.36369659021515e-06,4.88822787530439e-06,3.7736402935203e-06,-1.12229846189771e-05,6.27959061489817e-06,-4.71888718899486e-06,-1.01803108393636e-05,8.883904871084e-06,-1.99826605465547e-06,1.96873582403189e-05,-1.79273024037197e-05,7.82414850402943e-06,6.29269872086189e-07,-8.999858779655e-06,4.66211647018976e-05,-8.14932238772236e-05,0.000186087843078498,-8.53089819510656e-06,5.66555376599381e-06,-6.12272136322228e-06,4.78559488754719e-06,-1.68711689495166e-06,4.43600645145539e-06,-0.000402466183545158,0.000538647512649723,-0.00782619840997764,-0.0032641396955759,-0.00399797182340166,0.00125654076460596,0.000369023752015092,-0.000895889005576376,-0.000713892124712767,-0.000959062747118843,-0.00111257216322645,-0.000685740318887779,-0.00053920678386177,-8.67186572634813e-05,5.00714209880571e-05,9.11503260241489e-05,-1.52159185212559e-05,8.30492400750221e-07,5.08570108857135e-07,-2.46683111389089e-06,-2.51615825469006e-07,-2.27551484289566e-06,-6.01155189713298e-07,2.7342530504189e-07,-8.1822696184436e-07,8.18303402960576e-08,2.0285801814658e-07,-0.00110456692390059,0.010582505404439,-0.00728825002594992,8.70125104025066e-05,0.000707078901098512,0.000928208036471462,-0.000583857024758768,-0.000454419658956687,-0.00149049752049199,7.93899910342542e-05,2.41007979686507e-06,-0.00533284792189843,-0.00206315216877237,0.00133979235051008,0.034196247562199,-6.53754041153448e-05,0.0001080965070877,-2.02533611063311e-05
"north_west","rel_p_D_delta",0.00160891059241284,0.00177458539270258,-3.33826505949923e-05,8.7712478785878e-06,-0.000138913485853085,-4.32307470526067e-07,1.06994731580349e-06,-6.28846982385631e-06,2.44165908299844e-07,8.18244709213535e-07,-6.44395465645413e-06,6.23248424980936e-06,-5.44973410927559e-06,7.91625464807359e-06,1.77266236047197e-06,0.000321610804373885,8.93566820856639e-06,1.0107209945955e-05,-2.29881167816988e-05,4.13879404017348e-05,3.82853568036121e-06,6.5590852522658e-06,5.13066859162398e-06,2.47978902203133e-05,4.42327338022039e-06,3.59189678200759e-06,-1.64486545659578e-05,3.09333798276568e-05,-3.52415896552105e-06,5.16250349312881e-06,1.80501750568366e-05,-4.65237835368677e-05,6.68723141661524e-05,-0.00016092622394402,8.18220771973654e-06,-6.11872025573305e-06,1.02218675582216e-06,9.24915436520131e-06,-2.59112011725661e-05,1.42889228796668e-05,0.000459264593814783,-0.000779562707322916,0.00585031320574897,0.000784874913566945,0.00179847850908323,-0.000537159669713226,0.000466121022715732,0.000709651490923607,0.00111020681976502,0.00179485019385814,0.00112259503353037,0.000687719497817262,0.000732010835315475,0.000366554894658387,-0.000106919998005668,-9.97776799825908e-05,-0.0006611717259882,-1.02602101893658e-06,3.24347773551345e-07,1.65970900196491e-06,4.39991507571544e-07,2.19469231312541e-06,6.17377214168841e-07,8.66147361453171e-07,7.24791612565231e-07,6.12026150890729e-08,-1.0476360351498e-07,-0.000241768478398273,-0.00728825002594992,0.0126094610959365,-0.00104992444412009,-0.00134007079285229,-0.00014220599142296,0.000216735165032671,0.00130165010784476,0.000568883983509696,-0.000106286354510655,-3.80555799807503e-06,-0.0126394898505749,0.0028150234710328,-0.000898383838171507,-0.0425285192715762,-9.22225152567088e-05,-0.000174863923360552,5.29923244853691e-05
"north_west","rel_p_D_omicron",-0.00028136585965765,-0.000206927588325002,7.3650521569688e-06,-1.33533748053538e-06,2.35127440977059e-05,2.97498827741517e-06,-2.68330357387415e-06,-8.79067188625521e-07,3.76204464754209e-06,-5.69442865040102e-06,4.34040940708455e-06,-7.9850376502802e-07,1.0546146499522e-06,-2.18832342434393e-06,1.18836928555563e-06,1.72236860126444e-06,-1.63119201377419e-06,-1.29111265339173e-06,3.63924254507017e-06,-3.89767966683383e-06,-5.89599660748908e-07,-8.08262961452839e-07,9.93011622315736e-07,-3.07402391971124e-06,-2.24047822255984e-06,9.57490378752236e-07,-1.46087038166663e-07,-2.90219560075813e-06,5.62833458968883e-07,-3.80180468382909e-06,-9.81758631900299e-07,3.12660480057256e-06,-8.64513080435543e-06,1.95767214321392e-05,-7.29055573939037e-07,2.05626916291468e-06,-8.15594951121251e-07,-1.83208361045617e-06,6.44377870584358e-06,-4.02503454397396e-06,-1.35210961731227e-05,8.05893537266322e-05,-7.28114958040507e-05,0.000135819654624885,-0.000766453749058152,-8.43074619484868e-05,-0.000124846189407059,-7.02034657113735e-05,-0.000155636612501674,-0.000118007934884332,-0.000122698528327309,-4.17094994682868e-05,0.000111427183302429,-9.94544974687025e-05,-7.75052536047349e-06,1.11796622365958e-05,0.000153513787195301,9.02287755159419e-08,-5.61473025072929e-08,4.04946490394156e-08,-1.39408086336435e-07,-3.25595041392636e-07,-5.10120984761848e-08,-3.07535646083341e-07,-1.70165225683032e-07,-6.41645893122153e-08,1.16820214677747e-07,6.56489805563848e-05,8.70125104025066e-05,-0.00104992444412009,0.000609422539735545,0.000125631078449182,-3.84297082979137e-05,-0.00019110590451506,-0.000213173382676679,-8.57974614083454e-06,1.70071934684484e-05,2.22326087645675e-07,0.000506599385566503,-0.000398436758807398,0.000550212092993921,0.00845202056821773,1.0478746154994e-05,2.29864936588757e-05,1.47713998325506e-05
"north_west","rel_p_H_alpha",-0.000184921051170533,-0.000167736566538659,5.31371014044766e-06,2.92948555189064e-07,1.46952338711321e-05,1.0749787529439e-06,2.34068757455275e-06,-7.16233887789739e-07,4.22033532213729e-06,5.01419340487398e-07,1.63772382588638e-06,-3.38451651600844e-07,1.88428971472249e-06,-5.18488555501174e-07,1.1359077019606e-06,-2.86389672792433e-05,-7.56072883509954e-07,-1.11592791792327e-07,2.47661602837646e-06,-3.25981271102981e-06,-1.00617254073962e-06,1.46548519909365e-06,-6.07087385223205e-07,-8.91583109012635e-07,4.35650169607007e-08,2.39522185759881e-06,2.45826464971261e-06,-3.56402863707641e-06,3.159701122397e-06,6.49810893145668e-07,-2.33532083114886e-06,1.04790155769436e-05,-9.27122539958735e-06,1.90127906725942e-05,-7.05712938227753e-07,1.39051397450933e-06,-1.06511069894101e-06,2.66722476616316e-06,1.86913209735443e-06,4.82858580272887e-07,-1.6710955324148e-05,0.000147201656637845,-0.000849094525129801,-0.000168258661841204,-0.000195098920462942,-0.000158435085153516,-0.00053411192395074,-0.000231482064011384,-0.000255658273074431,-0.000182604861376825,-0.000225288255760703,-0.000250493506125871,-0.000274175542126036,-7.99485637875393e-05,3.91762177910754e-06,2.54546103666803e-05,0.000149775325707237,2.19039719534139e-07,1.99917333961201e-07,5.24810453626059e-08,5.10203012157087e-08,6.97499790676817e-08,7.78613904393503e-08,7.60737834780606e-08,3.0541407483386e-08,5.66975653838414e-08,1.60858486725101e-07,0.000127088958842232,0.000707078901098512,-0.00134007079285229,0.000125631078449182,0.0010362063626859,-0.000396702079619703,-1.49066341947498e-05,-0.000995738205856055,0.000397517224105899,2.38753367071785e-05,5.1019084301831e-07,0.00304841200704336,-3.3095757462814e-05,0.00031756797913651,0.00333819894686378,3.17047331400084e-05,2.6887398709024e-05,-4.44493676261891e-05
"north_west","rel_p_H_delta",-0.000166171187959797,0.000422907361022137,-1.26434972290641e-05,4.1277685900908e-06,1.11885085118142e-05,-1.44505975544141e-06,1.17672953238368e-06,1.07099594807862e-06,-1.42783344805379e-06,-6.31376488062935e-07,-3.12096214334163e-07,-2.2802066190783e-08,8.93683472885845e-07,1.62193962680753e-06,-8.15680951175026e-07,-1.64164053925463e-05,-2.83194042250223e-07,1.14609388234753e-07,-3.29843554326003e-06,7.06050014894471e-06,-2.50270372081216e-06,2.36155483328194e-07,-1.23449192241659e-06,4.36036002330429e-07,-1.61162496258817e-06,-1.12440545920913e-06,9.64340967028847e-07,-5.26694706058523e-07,-1.68131573593289e-06,-2.07054976960506e-06,5.42090413075657e-07,2.6089499685875e-06,-8.59504314430006e-06,1.17169981186331e-05,-9.6788436760843e-07,1.0241490860383e-06,-2.07542213508993e-07,4.16061733595791e-07,-1.12001617202007e-06,1.34573020415665e-07,-9.13489943369186e-05,9.67962457357508e-06,-0.000519736671726659,-0.000542886407772908,-0.00079062692024782,0.000241752769338303,0.00045689258059062,-0.00038277355700582,-0.00042330445620998,0.000125562457938521,-5.42703132856632e-06,1.09411589561148e-05,8.09491398496046e-05,6.1897638247546e-05,-5.01321439980682e-06,3.31248344330402e-06,-8.84938802264389e-05,-9.77421621141975e-08,-9.26446171622462e-08,-1.56839534523314e-07,-9.73798761853649e-08,-5.62986910209162e-07,-1.70358766933035e-07,-9.40701210709008e-09,-1.45238139783162e-07,-1.09170265577594e-07,7.16899904784207e-08,-0.000339467768384108,0.000928208036471462,-0.00014220599142296,-3.84297082979137e-05,-0.000396702079619703,0.000789053416029983,-0.0002155981124244,0.00034387659081817,-0.000949668974259909,1.48176814504817e-05,-2.68436328658308e-07,-0.00333841017206932,-0.000396480378303683,0.000100671721388236,0.00383006457955984,-3.94176824494566e-05,2.71873858875106e-05,3.17955005776682e-05
"north_west","rel_p_H_omicron",0.00030807687707707,-0.000756084719706532,1.44032293081692e-05,1.43748089689975e-06,-3.20982099805608e-05,-2.06718228953303e-06,1.51575228141066e-06,1.41782807552075e-06,-2.95201783400899e-06,4.04649483268605e-06,-4.64563117862649e-06,8.99730864023338e-07,-9.89174257910615e-07,2.64225685079671e-07,-1.08243985629203e-06,8.5640389887609e-06,2.73406067531258e-06,1.50493569551721e-06,-1.35217346768117e-06,-2.77049726166849e-06,2.30802688364587e-06,1.57651297504502e-06,-1.18306900075198e-06,2.70299264397451e-06,2.70844562893317e-06,-8.99833472354484e-07,4.80935343316555e-07,4.59249405477541e-06,2.68228421518028e-06,9.22059247154123e-07,1.43286770299045e-06,-1.10591200424225e-05,2.38821360693713e-05,-5.01055415963828e-05,1.26870321684453e-06,-4.51446618060153e-06,3.87358453510925e-06,-4.5943559912113e-07,-5.05998259355308e-06,4.18115133985172e-06,7.52816821143047e-05,-8.79170492802887e-05,0.000369479812777149,0.000259999566590709,0.000832789767645344,-0.000100390362098948,-0.00010927955952131,0.000223700278622387,0.00019961557255776,-0.0001306043543441,-5.2166144477693e-05,-8.80101439558996e-06,-0.00119003439176808,9.45709471427292e-07,3.14403980357404e-05,-1.18698404675621e-05,0.000197877279128439,1.13873605424918e-07,1.90699132142157e-07,1.25507044097122e-07,9.90253378335038e-08,4.80369926851706e-07,3.25773525067886e-08,2.30995506255323e-07,2.06515368754552e-07,1.73365575532621e-07,-2.24366622593924e-07,3.11708599170172e-05,-0.000583857024758768,0.000216735165032671,-0.00019110590451506,-1.49066341947498e-05,-0.0002155981124244,0.00147044775209554,0.000101555802699299,0.00043090910733772,-3.03528721923198e-05,4.96983466878924e-07,0.00105076406682747,7.2406602587672e-05,-0.000565803534922425,-0.0110171774818676,8.15514650859954e-06,-5.42732392999805e-05,-2.55874749735412e-05
"north_west","rel_p_ICU_alpha",0.000206225487141277,6.01361160382232e-05,-7.0688148889527e-06,-4.85355721356438e-06,-1.78441909950773e-05,-2.61444617037845e-06,-8.72142114662161e-07,1.69223425530782e-06,-5.18742133371937e-06,-1.38228137626571e-06,-9.95502321592251e-07,5.5923283131736e-07,-2.55332067411426e-06,2.0442725777322e-06,-1.57854138648204e-06,2.37186498877755e-05,2.65436117564595e-06,5.21354978075318e-07,-6.33464620993965e-07,1.44123895562639e-06,2.64439019144055e-06,-3.00721732310114e-08,5.82404506530303e-07,2.05961664828353e-06,3.42101273927427e-06,-1.27434277690803e-06,-3.1384529449905e-06,4.00563103116427e-06,-3.03142708419661e-07,5.95751218543001e-07,3.85066654573679e-06,-9.26783489475008e-06,8.95772725174926e-06,-9.14704778372923e-06,2.37620953520885e-06,-3.11196879131031e-06,1.08775737745185e-06,-1.98456150357589e-06,-4.39070511080531e-06,1.89768962010868e-06,-8.17371270452543e-06,-0.000138059583586367,0.000702108205050576,0.000111621965396117,0.000245139353837982,0.000248505544084597,0.000664575279332877,0.000312197346318505,0.000342487628561671,3.91961538001536e-05,0.000190504139292259,0.000198810854757495,0.000163848400889587,7.4802556524563e-05,2.34036304029161e-05,-4.62129631976442e-05,-5.84591023753953e-05,-2.82528031691014e-07,-1.26673100237957e-07,-6.32385774824779e-08,2.69751100369428e-08,-2.04545147831322e-08,9.25633291962219e-09,4.11965384385089e-08,2.8703471380692e-08,-1.81905728575988e-08,-1.99614896435309e-07,-0.000155289795801398,-0.000454419658956687,0.00130165010784476,-0.000213173382676679,-0.000995738205856055,0.00034387659081817,0.000101555802699299,0.0017569663879109,-0.000749810899043873,-2.98484120336598e-05,-4.15670546381708e-08,-0.00418372465926351,-0.000350550759047099,-0.000536652730547917,-0.00441284101239009,-3.70647100349517e-05,-6.52429369190246e-05,2.77148530243886e-05
"north_west","rel_p_ICU_delta",0.000338256489714797,-0.000837094756680675,2.06770171635449e-05,-1.13038796740108e-06,-2.28721955760473e-05,2.26621110525231e-06,-1.7066064807412e-06,-2.48293907313955e-06,3.19598153271043e-06,-2.33062470752756e-07,2.11819068186714e-06,2.11257534790964e-07,-4.45872094663261e-07,-2.68441057176083e-06,1.0965856698828e-06,2.60002394566412e-05,7.09615431948007e-07,3.47318806024059e-07,3.26618464092604e-06,-6.67036534620332e-06,2.41806619160324e-06,8.22091807405576e-09,1.5867040698564e-06,-1.06897954117287e-06,7.14422596611602e-07,2.03162218132221e-06,-9.1524426976312e-07,1.01703514048059e-06,8.56936119967848e-07,2.96936806004805e-06,-1.69584488808344e-06,-6.81397898275375e-06,1.72337848970443e-05,-3.34082006860377e-05,1.08539306427872e-06,-1.93511667295747e-06,1.46952082593606e-06,-3.45349942713005e-07,8.88858001827864e-07,-6.26449086126998e-07,9.53150116860039e-05,-4.76953857013037e-05,0.000851467686772594,0.00076787047957412,0.00125805898067322,-0.000376700303846549,-0.000656043458075813,0.000580703573877967,0.000647125433850493,-2.41526385323728e-05,6.83968571358411e-05,1.54679780456624e-05,-0.000264420701323415,-3.57751357806343e-05,-1.14006750476391e-06,-6.60605275149695e-06,-1.03328002345766e-05,8.77060655715038e-08,7.69151224739022e-08,2.48141348246443e-07,1.17482951922464e-07,6.22650923251258e-07,1.7320338430821e-07,-1.44063802616717e-07,2.10328819977549e-07,1.74121610598448e-07,-1.9812536090495e-07,0.000500410799561601,-0.00149049752049199,0.000568883983509696,-8.57974614083454e-06,0.000397517224105899,-0.000949668974259909,0.00043090910733772,-0.000749810899043873,0.0017187395917041,-3.82877692984289e-05,7.48609555713915e-08,0.00385263014362606,0.000302592824475221,-1.33353656514276e-05,-0.00801814066665036,4.29493716939494e-05,-3.61881653646773e-05,-2.3792797130109e-05
"north_west","rel_p_ICU_omicron",-3.67230922962738e-05,7.84784297999358e-06,-1.86853700123142e-07,-4.49057538729294e-07,2.73622859529031e-06,7.73106105557354e-08,2.31582901675224e-08,3.05633687741959e-08,7.92455725974671e-08,1.1761521333648e-07,-9.25321540932474e-08,-2.70008941912781e-07,2.89721724813003e-08,-3.92439479046331e-07,1.04288642428941e-07,-1.29678829193435e-06,-2.85773822502499e-07,-3.02890694776785e-07,1.61917884637844e-07,-4.87313944439252e-07,-1.10541681109904e-07,-4.76744281701464e-07,-4.12007409538269e-08,-5.59505062541757e-07,-5.93464643915449e-07,1.84095788812765e-08,-1.70257872050153e-07,-8.12106583018252e-07,-2.4160863438498e-07,-4.93278287456052e-07,-5.43114763332523e-07,1.30339991823533e-06,-2.3917332859903e-06,5.42452308538493e-06,1.53524851178734e-07,-9.49952859304297e-08,1.35151498350454e-07,-1.83872729680692e-07,4.25200484627308e-07,-1.98502543124039e-07,-8.26049937116704e-06,1.6560237714371e-05,-6.48668876630189e-05,-3.09886764073396e-05,-1.23219159123573e-05,-1.41392734411276e-05,3.60450354537012e-06,-2.74391553368078e-05,-2.6107576256619e-06,-3.25579593776712e-05,-1.86378464075793e-05,-1.1120038534463e-05,-4.07202480635219e-05,-9.27536511130987e-06,1.53708030268396e-06,1.81582934242817e-06,1.16644262999678e-05,1.50911392451373e-09,4.0039243286167e-08,-3.84092416851276e-08,-2.14120764734041e-08,-1.12398997531249e-08,1.11056086820024e-08,-8.25365009509066e-09,-9.54261183837667e-09,1.33469986016888e-08,3.0673681928739e-08,2.12596036417973e-06,7.93899910342542e-05,-0.000106286354510655,1.70071934684484e-05,2.38753367071785e-05,1.48176814504817e-05,-3.03528721923198e-05,-2.98484120336598e-05,-3.82877692984289e-05,3.87499584142885e-05,5.88334818440865e-08,0.000692652700545688,9.76185680939262e-05,-3.7122880934199e-05,0.000925614477728084,7.99427841992791e-06,1.40934698342818e-06,1.76052226411019e-06
"north_west","rho_pillar2_tests",-4.72482496395728e-07,-2.81833190971526e-06,5.42112596010183e-08,-3.23349427467321e-08,1.24408410519455e-08,-6.09924008298503e-09,8.00471771120418e-09,7.1197143915813e-09,-9.25046403462267e-09,1.73482371657661e-08,-1.31837640436425e-08,-4.3066242114687e-09,2.2923431465569e-10,-8.32470384285164e-10,-8.15652637014771e-09,-7.37900262396282e-08,6.38700119857779e-10,-7.64105468889973e-09,1.91247228064598e-08,-3.49208120926726e-08,-3.53346294302323e-09,4.32398388910328e-10,-6.53410059468845e-09,-1.61177477227889e-08,7.16935596843614e-09,-1.14120829648977e-08,4.03877603032678e-09,-1.5047738190754e-08,3.9060001960296e-09,-3.92452493307145e-09,-8.59715776936171e-09,5.13366060535239e-09,8.69872709761857e-09,-1.98162156902727e-08,9.5583067487402e-10,-3.32178192992309e-09,-2.92771587967718e-09,-3.43712662205926e-09,-8.64855885957257e-11,4.50575067965133e-09,3.75330905334669e-08,2.51441569083398e-07,-1.97543452638393e-06,-2.64164992229909e-07,-9.27833735445334e-08,2.17426437997989e-07,-2.33078899664645e-07,1.08113965284769e-07,8.92243144501812e-08,-1.6327691691299e-06,-5.23470835216041e-07,-3.5366569094281e-07,-8.99888559695044e-07,-2.19322877160709e-07,1.16729133204015e-07,2.34588820079524e-08,4.2764509221114e-07,4.75777816338697e-10,3.24895138557619e-10,-1.25259465023422e-09,-1.95628915655091e-11,-2.83078840558096e-09,5.79188172587275e-11,-4.94719148758521e-11,2.4504880114796e-10,3.61719043400523e-10,-3.44281663572791e-11,4.71649497487598e-08,2.41007979686507e-06,-3.80555799807503e-06,2.22326087645675e-07,5.1019084301831e-07,-2.68436328658308e-07,4.96983466878924e-07,-4.15670546381708e-08,7.48609555713915e-08,5.88334818440865e-08,1.32155096261291e-08,1.58142498385087e-05,-3.35554775876126e-06,1.76545123325787e-06,5.82773270509148e-06,1.34456204993819e-07,2.42165286937966e-08,-2.88488077683194e-08
"north_west","seed_date_alpha",-0.00137890434934653,-0.0151360116536213,0.000293096931948608,5.9271425578582e-06,-2.85034926043999e-06,-2.69118424261589e-05,3.37930155272779e-05,-4.7080114200791e-05,7.49681238892663e-05,0.000103278341346653,-6.56368536180693e-05,-0.000114634757797865,-0.000136637432236191,-0.000192731799019944,-0.000200461155096308,0.000465278772938781,-0.000186363857178554,-0.000177163828645001,-5.99023750881274e-05,-0.000411786512351308,-0.000103053262812936,-0.000280517390901123,-0.000184379651258559,-0.000263609049363414,-0.000380385828888936,-0.000234806644387519,-6.99856028731103e-05,-0.000300231595909679,-0.000331340790734568,-0.00010760807059089,-0.000195820173403145,-9.61293077477804e-06,-0.000115819610905627,-0.00024772186795413,3.02267605115306e-05,-2.10879378314319e-05,5.89228709829268e-05,-0.000127938014969551,0.000185799436590372,-7.34279881731636e-05,0.00150022687173563,0.00294650934622949,0.0031514940276512,0.00512212405927254,0.00869617756125719,-0.00144199781191147,-0.00133247177263857,0.00236206626644749,-0.000483811782926709,-0.00616846404504689,-5.88071509381645e-05,-2.43917704706246e-06,-0.00165151699330138,-0.0018899318643831,0.000248884454934477,0.000191552982105817,0.000725093841727127,-2.9146563554763e-06,-3.58336113930291e-06,3.49517052669277e-06,-6.32850230786492e-06,5.2319856576271e-06,2.46340560045276e-06,-8.79631776822826e-06,2.85431639602315e-06,-1.94343516205608e-06,-2.5369748313556e-06,0.00700836181079827,-0.00533284792189843,-0.0126394898505749,0.000506599385566503,0.00304841200704336,-0.00333841017206932,0.00105076406682747,-0.00418372465926351,0.00385263014362606,0.000692652700545688,1.58142498385087e-05,0.874447536046788,0.00124961584715913,-0.0269156920693921,0.0107829314639727,0.00771773280249242,0.000831353075866036,-0.000987204336951692
"north_west","seed_date_delta",0.000282213722735779,1.9105437453562e-05,-7.43842762560929e-05,2.49877639177695e-06,1.70718380377437e-05,1.02435195381869e-06,1.68422537770364e-06,9.42181317674084e-07,3.30623028821842e-06,2.91343100737027e-06,-5.440881920282e-06,1.22832245308383e-07,2.47744671706454e-06,-1.76179119639412e-05,2.72829086707242e-05,7.41666442497803e-05,-1.75841442446227e-05,-8.10028112919762e-06,4.28708690497944e-06,-3.30244502933656e-05,6.27976612025171e-06,-1.7615992667687e-05,-3.02874791127488e-06,-8.22324465276459e-06,-1.63136692991088e-05,-6.72903696473321e-06,-5.11331664059983e-06,-1.94694745012579e-06,-1.83890067333517e-05,-1.61440127767183e-05,-1.84777401358069e-06,-2.08661707338379e-05,7.81045162341138e-06,-4.46336353829298e-05,-6.91326053352965e-08,4.29395627528766e-06,4.52104430198816e-06,-3.27651112672985e-06,2.0710368328877e-06,3.40633495168842e-06,8.42219709713357e-05,-0.000541680013787536,0.00128364890390275,3.48983086766874e-05,0.000654684313619793,-0.000172158928807801,-4.4613809203549e-05,0.000327098581051683,-9.26194529331079e-06,0.00106537836593202,0.000317299544578122,0.00015769928937139,0.000394134001862931,0.000280213831551926,-1.27343381636969e-05,-1.03276334185187e-05,8.46147194408964e-05,-7.73926433937352e-08,3.58032100697924e-07,1.02186996080858e-06,4.98677900558287e-07,2.68529802567883e-06,9.34424031698779e-07,3.7045314571434e-07,-2.97576118787859e-07,-4.42726234592384e-07,8.65590885976848e-07,-0.000578088437144228,-0.00206315216877237,0.0028150234710328,-0.000398436758807398,-3.3095757462814e-05,-0.000396480378303683,7.2406602587672e-05,-0.000350550759047099,0.000302592824475221,9.76185680939262e-05,-3.35554775876126e-06,0.00124961584715913,0.0322100001078521,0.000623910750455143,0.005414004064899,4.99730505878167e-05,0.000485803171098679,-1.18083131186521e-05
"north_west","seed_date_omicron",-0.000396571313840381,0.00189820351794797,1.14153947936382e-05,-6.02626855024828e-06,-1.30601613993887e-05,-1.56815439281926e-05,1.28407210409981e-05,8.38897250289271e-06,-9.76769197870455e-06,-6.9667795613813e-06,1.34087099612537e-05,4.27864197235296e-07,8.59271648231243e-06,-2.88338835928702e-06,1.25164956401093e-05,7.97723659276641e-06,4.71488155847511e-06,7.66727092607661e-06,7.11142735958965e-06,1.07923160318416e-05,1.52715428789912e-06,1.26361270719459e-05,5.74923774399558e-06,3.54328789110227e-06,3.06313381494139e-05,-8.85527358652325e-06,7.10048822471211e-06,8.44584987725604e-06,2.1982452433278e-05,-7.41929721719782e-05,-1.90375710133865e-05,-3.45746924999248e-05,-4.31870879607367e-05,-5.60228299076337e-05,-3.69828081921099e-06,3.15808777309551e-06,-1.4502832176868e-05,1.85601276252984e-05,-2.98801553464914e-05,2.35995362154426e-05,0.000212871648942225,-0.000218630710016667,-0.00116174170875549,-0.000479940812720694,-0.00192775879630233,0.00020661393128117,-0.00045180371300236,-2.16393531258836e-05,-0.000420687691007687,0.000185150428426082,-0.000232816937943891,-2.60052404474343e-05,0.000409357745055075,3.66807589336599e-05,2.33636785909647e-05,-1.62308870247123e-05,0.000540195303341226,-3.18240488761087e-07,2.77392441465743e-07,-1.10277558797828e-06,4.97944229122667e-07,-2.75884264282738e-06,4.92509039503911e-08,7.18219988949927e-07,-8.34282443235971e-07,9.30700528398171e-08,-1.19679434529206e-06,-0.00100107646528095,0.00133979235051008,-0.000898383838171507,0.000550212092993921,0.00031756797913651,0.000100671721388236,-0.000565803534922425,-0.000536652730547917,-1.33353656514276e-05,-3.7122880934199e-05,1.76545123325787e-06,-0.0269156920693921,0.000623910750455143,0.0391122021509947,-0.00179577439804544,-0.000283031776794564,-8.2320699547516e-05,0.00135313208447444
"north_west","start_date",-0.0104961984651454,0.00317524925798604,-0.000129574586310934,-0.000111713004744102,0.00147518423317534,8.83421090593408e-05,-8.12838008285344e-05,4.89048466351651e-06,7.46908521951916e-05,-8.48926773355476e-05,7.91004419659749e-05,-3.74790255021911e-05,5.24112543990619e-05,-6.08327599752722e-05,5.80683655265369e-05,-0.00107672651414702,-0.000107374909446692,-5.55482318449313e-05,8.85821757647793e-05,-0.000109262211080696,-3.30733602239912e-05,-7.43131080650284e-05,3.83692034511335e-05,-0.000165292160115067,-6.14027973578882e-05,2.17621950644748e-05,5.35482180224923e-05,-0.000175895363709954,7.1544350554826e-06,-5.791276797353e-05,-6.80262791825263e-05,0.000301522373669184,-0.000645747109316102,0.00166859544367877,-5.73032510055787e-05,0.000106305868633294,-3.95581203379967e-05,-0.00010404083153839,0.000307213478230713,-0.000159057683567388,-0.00388209258095339,0.00324607256708299,-0.0245079133725331,-0.00858271574701895,-0.0250074486616038,0.00316765672668432,-0.000423133427748989,-0.00658251578038404,-0.00659391636736705,-0.00384985650502194,-0.00420411409161535,-0.00234608594862188,0.00585023563662742,-0.00160805324212509,-0.000266127099348844,0.000525135380552376,-0.000408324007297079,4.04421859005008e-06,2.15340552789233e-06,-4.5552969997722e-06,-6.28639728466969e-06,-2.50721566415137e-05,-2.80896240758485e-06,-7.21224028653966e-06,-5.23536296948835e-06,-8.33867120468813e-07,1.12393374568897e-05,-9.08502295371176e-05,0.034196247562199,-0.0425285192715762,0.00845202056821773,0.00333819894686378,0.00383006457955984,-0.0110171774818676,-0.00441284101239009,-0.00801814066665036,0.000925614477728084,5.82773270509148e-06,0.0107829314639727,0.005414004064899,-0.00179577439804544,0.503823437735523,0.000343543599357383,0.0020464080625016,-0.000686124025503475
"north_west","ta_alpha",-1.00331899198409e-05,-0.00013803314029727,2.8813051706145e-06,-9.41379590368244e-08,8.04753893435911e-07,1.63614872468405e-07,4.63725708619245e-07,-9.67049753845381e-07,1.16421336421092e-06,4.93328218536609e-07,-5.77578928299738e-07,-1.1042869939741e-06,-1.25252950848597e-06,-1.88845923361172e-06,-1.60796792027608e-06,3.91838052999572e-06,-1.77292787769509e-06,-1.54068989871787e-06,-7.10127956339781e-07,-3.38493766038036e-06,-9.45042712594787e-07,-2.50396198204508e-06,-1.49735475068456e-06,-2.44864578455154e-06,-3.46863224133032e-06,-1.73462716960996e-06,-6.24392915304803e-07,-2.76251972798792e-06,-2.77106727642981e-06,-1.07945263487065e-06,-1.59776880891015e-06,-4.0907574831873e-08,-1.23138799427097e-06,-1.28531087283271e-06,3.01660140492386e-07,-1.67029411954247e-07,6.31778393249685e-07,-1.4160616339959e-06,2.32570256231355e-06,-1.01865767290738e-06,1.20835964098464e-05,2.37491160830963e-05,4.24947463800144e-05,5.42988029572829e-05,7.41257600866732e-05,-1.98018676439022e-05,-1.94840979718941e-05,2.98772132295527e-05,4.63179907488472e-06,-5.18767396674472e-05,-1.16900152901451e-06,-3.37300258751124e-06,-1.76841101866035e-05,-1.79752241642416e-05,1.4133597296016e-06,1.68203876282419e-06,8.94602985632757e-06,-8.33681838770512e-09,-7.17426751403635e-10,5.81074563897815e-08,-5.25423829684045e-08,5.89801477646291e-08,3.05125142140496e-08,-8.95054799189713e-08,3.58581850526452e-08,-3.4274930172118e-09,1.52547383257598e-08,7.15109188291109e-05,-6.53754041153448e-05,-9.22225152567088e-05,1.0478746154994e-05,3.17047331400084e-05,-3.94176824494566e-05,8.15514650859954e-06,-3.70647100349517e-05,4.29493716939494e-05,7.99427841992791e-06,1.34456204993819e-07,0.00771773280249242,4.99730505878167e-05,-0.000283031776794564,0.000343543599357383,7.48433943125902e-05,5.36462613637824e-06,-1.26726635654826e-05
"north_west","ta_delta",-5.79361140132891e-05,-6.03372390630159e-05,-2.74272526806685e-06,-5.79163404674919e-07,6.5729729004014e-06,3.60094111844058e-07,-1.32728597146653e-07,-1.21084400125548e-07,5.98349023582534e-07,1.03963339118144e-08,-3.09099296940701e-07,-1.13961707212806e-07,2.45203776318462e-07,7.90377617668824e-07,-1.16966016303225e-06,-9.43766642308542e-06,-1.58805316641463e-06,-1.44536905096401e-06,-8.02452368264434e-07,-1.76477207839564e-06,-9.99831334163134e-07,-1.83877095663689e-06,-1.37245276872031e-06,-1.93697022407435e-06,-2.38946082388695e-06,-1.10187008634995e-06,4.58608889405622e-07,-2.82388466129766e-06,-1.8167499909853e-06,-1.53064123537726e-06,-1.16237696540471e-06,1.71825321826883e-06,-4.77240226872958e-06,5.68784196843059e-06,-4.46530190456554e-07,7.33181166445355e-07,-1.09040386667989e-07,-6.75910030788363e-07,1.81140750075414e-06,-1.15814562145737e-06,-2.13271504365881e-05,1.62513810073963e-05,-7.66549380644199e-05,-4.38340572448328e-05,-8.27670961640508e-05,2.39134246500157e-06,-1.20801628608636e-05,-6.15340913288654e-05,-5.78478315779397e-05,-2.21302937176123e-05,-1.28271373056806e-05,-1.43898159594809e-05,3.42173163018577e-05,-7.82596855529933e-06,1.53586292378973e-07,3.94021490002913e-06,1.44213207366745e-06,1.45034830621891e-09,3.23882923983579e-09,3.53627550289567e-08,-2.27886693158689e-08,-1.13407713490563e-07,3.86492999372385e-08,-5.46829956013842e-08,-4.1771160430261e-08,-1.76232417562644e-08,7.12952729600761e-08,6.14598875451788e-06,0.0001080965070877,-0.000174863923360552,2.29864936588757e-05,2.6887398709024e-05,2.71873858875106e-05,-5.42732392999805e-05,-6.52429369190246e-05,-3.61881653646773e-05,1.40934698342818e-06,2.42165286937966e-08,0.000831353075866036,0.000485803171098679,-8.2320699547516e-05,0.0020464080625016,5.36462613637824e-06,6.67522325826342e-05,-1.1116363003425e-05
"north_west","ta_omicron",-1.52914697472188e-05,4.42365739229131e-05,-1.3959994920424e-06,2.18157675530684e-07,-2.70877381596138e-06,-1.22004512864362e-06,5.10196342419592e-07,6.19070337044991e-08,-9.93735643425985e-07,-4.03811532143878e-07,-2.36844851540936e-07,-2.28443569685833e-07,-3.5466905613427e-08,-6.40594439597279e-07,1.02483367113649e-07,-5.25338194427439e-07,-1.66821141209331e-08,9.05144650383314e-08,1.00406688113302e-07,-2.19459333146953e-08,-2.43612557857137e-07,-2.45324098768102e-07,-4.43895902133889e-07,-3.90846219895121e-07,2.94291023268052e-07,-2.06770981204789e-06,1.04155275284826e-07,6.26470641531734e-07,-1.68594144665289e-06,-4.06856782078896e-06,-1.24242635142755e-06,-2.78949321020532e-06,-2.25376760474114e-06,-4.37125628632036e-06,-1.77297847153217e-07,-2.25910834571275e-08,-8.20443776929423e-07,1.02475719278501e-06,-2.76274857278444e-06,1.30426480036804e-06,1.0013335406903e-05,-2.58202531142079e-05,1.59888019707528e-05,-4.49339096150275e-06,-5.41526222276987e-05,1.04314107719381e-05,7.2392450713705e-06,4.14548641776747e-06,-1.25603565913385e-05,2.39287681023632e-05,1.38072556849148e-06,3.50450114706119e-05,3.92311112917937e-05,1.14324592029002e-05,2.38905136504184e-06,-2.6038045459036e-06,2.53498604051739e-05,-9.65108711886401e-08,-1.32007233407219e-07,-1.45371237684166e-07,-6.36299925999167e-08,-2.58863203354105e-07,-6.86892117348948e-08,-2.29804488968452e-08,-1.07923655579594e-07,-4.50151315128119e-08,-8.57086679423516e-08,-7.15510934258752e-05,-2.02533611063311e-05,5.29923244853691e-05,1.47713998325506e-05,-4.44493676261891e-05,3.17955005776682e-05,-2.55874749735412e-05,2.77148530243886e-05,-2.3792797130109e-05,1.76052226411019e-06,-2.88488077683194e-08,-0.000987204336951692,-1.18083131186521e-05,0.00135313208447444,-0.000686124025503475,-1.26726635654826e-05,-1.1116363003425e-05,8.22742382838515e-05
