"region","name","alpha_admission","alpha_D","alpha_death_hosp","alpha_H","beta1","beta10","beta11","beta12","beta13","beta14","beta15","beta16","beta17","beta18","beta19","beta2","beta20","beta21","beta22","beta23","beta24","beta25","beta26","beta27","beta28","beta29","beta3","beta30","beta31","beta32","beta33","beta34","beta35","beta36","beta4","beta5","beta6","beta7","beta8","beta9","mu_D","mu_D_2","mu_D_3","mu_D_4","mu_D_5","mu_gamma_H","mu_gamma_H_2","mu_gamma_H_3","mu_gamma_H_4","p_G_D","p_G_D_2","p_H","p_H_2","p_H_D","p_ICU","p_ICU_2","p_ICU_D","p_NC_15_24","p_NC_25_49","p_NC_50_64","p_NC_65_79","p_NC_80_plus","p_NC_weekend_15_24","p_NC_weekend_25_49","p_NC_weekend_50_64","p_NC_weekend_65_79","p_NC_weekend_80_plus","p_W_D","rel_p_D_alpha","rel_p_D_delta","rel_p_D_omicron","rel_p_H_alpha","rel_p_H_delta","rel_p_H_omicron","rel_p_ICU_alpha","rel_p_ICU_delta","rel_p_ICU_omicron","rho_pillar2_tests","seed_date_alpha","seed_date_delta","seed_date_omicron","start_date","ta_alpha","ta_delta","ta_omicron"
"north_west","alpha_admission",7.64793484006052e-06,7.28705711594153e-06,-1.63622816147304e-05,-5.42313794353012e-07,2.08728728573304e-07,4.60160090755822e-08,8.00097006172902e-08,5.51539564365311e-08,8.16669832630475e-07,6.50313722909589e-07,1.02956085024135e-06,3.86519452269118e-07,3.19848701004631e-07,4.9128696652666e-07,2.46801121525152e-07,7.95586794047985e-07,1.45807461891054e-08,-2.28348258172733e-07,6.61165629865486e-07,-1.11619012540499e-07,-2.7582628517033e-08,8.21710793397486e-08,-1.75011778037522e-07,4.02682100374824e-07,2.00944242061183e-07,-2.40041330307741e-07,-5.49463238889051e-08,-1.10294582787061e-07,9.32094043883167e-07,-2.37271356974641e-07,-1.03298630486274e-06,-2.40531075628947e-07,-6.24742859984511e-07,-1.9084428235552e-06,7.20146386077531e-09,1.0860000397852e-07,-4.7038604005328e-07,2.27890671529582e-07,-5.7961620519245e-08,-2.34814718990453e-08,-2.73782756339392e-05,-8.73059338252039e-05,3.05694087549349e-05,2.29760476511095e-05,3.49428103184172e-05,3.14126176199345e-05,-4.49243895228469e-06,4.09250538846992e-06,1.0429083459551e-07,-5.29568447872436e-06,2.78374673948601e-06,6.23877160264236e-06,2.85560457685237e-05,-5.21011842023152e-06,1.99499426876423e-07,3.98392522517887e-07,1.00473004770308e-05,-1.80559331759618e-08,-4.88535143067024e-08,-2.49507921025742e-08,-1.11481736627458e-08,-2.69751586236051e-09,-1.12173470784736e-09,1.89228220828217e-08,1.38176715923e-08,-3.71696996239148e-09,1.8586653613188e-08,-2.68709444873157e-07,-2.32487885581142e-05,-1.33712026925473e-06,-3.27352840686979e-05,-6.44455274603373e-06,-1.73774013201691e-05,-1.65869164261686e-05,1.01772257162453e-05,-4.47284790691097e-06,-2.16972503464915e-06,-1.58419353156852e-08,9.68735145031391e-05,0.000297013397044685,0.0013420290289336,0.000138726492569059,-1.58566996868869e-05,1.51416536074718e-05,2.35531448587524e-05
"north_west","alpha_D",7.28705711594153e-06,0.000465762960680945,-5.56617244934064e-05,-2.86854182320424e-06,-3.78473323402651e-07,9.53392296975016e-08,4.81012633516574e-07,-3.59833445958109e-07,2.71503713574291e-06,1.81506404449535e-06,3.69629393146981e-06,5.76137858825215e-07,1.39631743676789e-06,1.69325339565772e-06,-7.42295334179465e-08,4.77954528898148e-07,-1.71466295155691e-06,-6.76433877710709e-07,3.18406008499931e-07,-4.16842312033074e-07,-9.02000239485441e-07,-3.07623924363112e-07,-1.00830889072641e-06,1.36677837595134e-06,-1.28808717743878e-06,-1.17801862797704e-06,-1.26299789319709e-06,-9.38705927617014e-07,1.71320268978094e-06,1.50437703287933e-06,-6.64193157870694e-07,9.38746254670128e-07,7.08232766902589e-07,-3.64864168433983e-06,6.54749539793339e-07,-1.73860775515998e-07,-1.47480725857812e-06,1.21821934925357e-06,-6.35970349335471e-07,7.27379211177313e-08,-0.000216888110609456,-0.000378366406439671,0.000154208938367973,-9.30005139347197e-06,-0.000259337483320054,9.60633545090582e-06,-1.97565405439544e-05,-1.20155114127826e-05,1.3816070464283e-05,-4.58465578140345e-05,1.35192274761594e-05,1.9638743266813e-05,8.85547547874914e-05,-3.22326886034416e-05,-5.725992480339e-06,-2.88505361215437e-06,4.13125276135147e-05,-9.31191830877525e-09,1.76639815573565e-08,4.58594366050977e-09,1.14446151070615e-07,4.67344969244958e-08,5.38475451986094e-08,9.76837718679655e-08,1.40319454446394e-09,-2.09727366375864e-08,1.64365033495067e-07,1.98848807207488e-05,-0.000312767412711423,0.000114914748616124,-3.8276861757269e-05,-3.56850704630818e-05,-6.14965495168632e-05,-8.26511127467115e-05,4.77876789498332e-05,1.34773380944762e-06,-1.31463324035021e-05,-2.33036994963063e-07,0.000151189133561823,-8.56028393205694e-05,0.00142362573559738,-0.000291664243892236,-4.38043620066927e-05,8.0828908502191e-05,-1.239175538071e-05
"north_west","alpha_death_hosp",-1.63622816147304e-05,-5.56617244934064e-05,0.00136862989370659,9.01080111556817e-06,-1.36494823818169e-05,-1.30586604160091e-06,-2.16829421427689e-06,1.16025104158308e-06,-1.14397331549175e-05,-5.33191629016643e-06,-1.12889815980493e-05,-3.50952943490653e-06,-4.0978201375268e-06,-3.14462331293933e-06,1.43245567849481e-06,1.20965739423702e-05,-1.34374067686815e-06,3.12004800026273e-06,-1.19750978878152e-05,1.27166177508058e-05,-2.09157520855872e-06,-4.67352272770784e-07,4.20514562762099e-06,-5.81586403362476e-06,2.11486002632344e-06,1.89116497078296e-06,-7.60898081540885e-07,6.76214832101907e-07,5.60345608801063e-06,1.18442593827212e-05,5.32264905499583e-06,-3.03782579195517e-06,9.96395833494812e-06,2.55765942505151e-06,1.18531473705082e-06,-3.00186806872706e-06,6.25957411914366e-06,-2.61316423932162e-06,-4.73978391337006e-06,6.27605354389812e-06,0.000831543712479217,0.00141248131175778,-0.000812242715119804,-0.000287664942102083,-0.000883552416866343,-5.97593153320525e-05,0.00025632293947345,5.38052659105515e-06,8.89208809683241e-05,7.98951651678905e-05,-0.000106977874157767,-3.79304483274041e-05,-0.000636256700225827,0.000167340876154665,3.00538113009949e-05,2.25825911917915e-06,0.000247904312438051,6.46041906996603e-08,4.21998300864274e-07,4.13297917214274e-07,-8.63596907524258e-08,3.95561633109064e-07,1.8410418671946e-07,-2.5864947995373e-07,2.69053367584903e-07,3.30246433027622e-07,-4.65832476914335e-07,-0.000521484841878033,0.00168342735202441,0.000465073329354631,-0.000354649301950551,-0.000180966835245044,0.000179729075920202,0.000679821332199124,8.80445636562125e-05,1.74763604222844e-05,1.95802016804789e-05,8.43843641072564e-07,-0.000870181227860507,0.00224564251206634,-0.00256959089540736,-0.00462080112265392,0.000168799141053368,-0.00014462422881376,-0.000198029522588739
"north_west","alpha_H",-5.42313794353012e-07,-2.86854182320424e-06,9.01080111556817e-06,1.10371111711244e-06,-1.26508962270846e-07,-3.72537867164499e-08,-5.52017963746365e-08,3.60425801424443e-09,-2.1371765300196e-07,-5.49834825652025e-08,-2.36783991609874e-07,-8.17524262995575e-08,-9.9559006224369e-08,-2.14726088337465e-07,9.64825098256889e-08,-8.05736638075707e-07,2.56579196168297e-08,2.88592002365328e-08,-2.97212073404653e-07,1.4255176173577e-07,1.15930427580543e-08,-5.93300309939968e-08,4.15191560471693e-08,-1.02499387162522e-07,-3.39984502917418e-08,1.25358503873166e-09,-5.22086964260308e-09,3.131099704532e-08,-1.89339514893919e-07,3.45294244149671e-09,2.00635816026887e-07,-5.40065818933913e-08,7.59146840441091e-08,3.03806424075006e-07,-4.88027930080225e-09,-3.37423578217452e-08,8.86931193124452e-08,1.06097086783103e-08,-5.6715086126007e-08,-6.43364564123632e-08,5.54468165679281e-06,1.76675584402774e-05,-1.57016983541755e-05,-7.90972647137212e-06,-2.25990519180086e-06,-1.04625458808988e-05,1.38798021567733e-06,2.28681741662373e-07,-1.06673210253426e-06,1.52580318415278e-06,-6.11143983801742e-07,3.54439868673751e-07,-1.04668482671738e-05,1.86043507412674e-06,2.2411695174013e-07,-4.00856028736006e-07,-6.24538526535826e-06,9.76375630479961e-09,1.13354365418612e-08,7.98751542463503e-09,-4.70339811109568e-10,3.07891121204123e-09,-1.84462908549138e-09,-3.75060379138685e-10,2.6761936143637e-09,1.53555516881304e-09,-8.79194034363681e-09,-4.26274490649329e-06,1.5766588482083e-05,-4.82348922070936e-06,4.88175567667694e-06,-6.05464874722987e-06,6.30151073211696e-06,1.43935357213148e-05,-7.69019126799911e-07,1.398046517427e-06,1.19290872266112e-07,-8.15478995497314e-09,1.07089730869181e-05,0.000183477530407975,-0.000246975065718478,-7.4581527536528e-05,3.4749063167963e-06,-3.03150452258143e-06,-4.37225663428528e-06
"north_west","beta1",2.08728728573304e-07,-3.78473323402651e-07,-1.36494823818169e-05,-1.26508962270846e-07,1.14447097575345e-06,1.78395003815344e-09,5.08683815623086e-08,1.34604135644401e-08,1.83049587295498e-07,1.38937259348974e-07,2.37603653880261e-07,7.76454801922306e-08,8.11498128172564e-08,1.32947198279511e-07,-2.98370911620819e-08,-1.32098334757182e-06,4.69023013725374e-08,7.74680486716866e-09,2.35822682152745e-07,-7.23949613992735e-08,2.8282640033645e-08,9.04785429097151e-08,1.20067801677104e-08,1.12129512708689e-07,7.96994080006633e-08,4.33821707702167e-08,4.26151754679455e-08,6.17125817568737e-08,1.8306614288226e-07,-2.79129082675895e-08,-1.76710763250719e-07,4.17974888581202e-08,-1.18810535627642e-07,-3.11021532042924e-07,-3.54529386072573e-08,5.67979901072196e-08,-7.61309967869861e-08,8.47619377413132e-09,6.22468362640953e-08,-1.72848511201033e-08,3.68532971336016e-07,-1.65122834972261e-05,2.68688136097753e-06,6.70700955810667e-06,2.74105985679401e-06,1.14144629892855e-05,-5.3746659885887e-06,7.27344860520105e-07,9.42117791276843e-07,-7.03493558967195e-07,9.64983873526946e-07,9.14439696479827e-07,8.04497862848838e-06,-3.43099584257074e-06,-3.68442395723215e-07,1.51390454914059e-07,2.78795526715766e-06,-3.57999574988154e-09,-1.04999202825041e-08,-3.33221980077354e-09,2.52801276540423e-09,1.6298926848979e-09,-2.17570943502637e-09,5.0573978972832e-09,7.1385448078636e-10,-4.65383529804097e-09,1.01030738886645e-08,2.19700956020129e-06,-1.76047350468824e-05,7.71259082340404e-07,-1.59539714518951e-06,1.27023841975256e-06,-3.49844225492979e-06,-8.31049985442366e-06,-1.28229678932324e-06,7.70295590541738e-09,-4.91806414876119e-07,-1.01709378087679e-08,7.02760772202841e-06,-0.000108235385723549,0.000224608193955149,0.000367527952381739,-3.45236325333201e-06,1.28697106208002e-06,4.73838041773983e-06
"north_west","beta10",4.60160090755822e-08,9.53392296975016e-08,-1.30586604160091e-06,-3.72537867164499e-08,1.78395003815344e-09,1.70332278120675e-07,-1.9654470485595e-07,7.28327324936136e-08,-7.76006447080028e-09,5.40954338097152e-08,1.50152426802523e-08,2.27749156683338e-08,1.75585626934019e-08,5.38908815739079e-08,-3.96671040868537e-08,1.95029951592418e-07,-4.12314383902437e-08,-1.34315865722098e-08,-1.4666296644671e-08,-1.85113647317591e-08,-3.57882446689862e-08,8.99587060016906e-09,-4.02520446565341e-08,1.07707773870364e-08,-2.77368406251845e-08,-2.14448682630134e-08,-8.92992782210499e-09,-6.69386874180057e-09,4.43097789714175e-08,7.13638920729858e-08,-1.33801562828233e-08,3.43154133138178e-08,4.45656708053277e-08,-5.55473030722681e-08,4.16938531651598e-09,2.48750074956294e-08,-2.3588866392016e-08,-1.07879672918079e-08,7.78202825780968e-08,-1.31694438424812e-07,6.0815161048692e-06,7.81546991837962e-06,-1.20196958357201e-06,4.52982078764181e-07,-2.81720713277169e-07,2.34006545607449e-06,8.38119466257483e-07,6.13791275570147e-07,5.99954852153084e-07,-4.5362183006171e-08,-2.99722385499938e-07,-7.88271837696559e-07,-3.63992063342797e-06,1.25027599597244e-06,2.70582901265472e-08,1.26992573617272e-07,1.174286688484e-07,8.3821993487208e-10,5.55620557910411e-09,3.92450543331248e-09,2.19700805171115e-09,2.26502442852719e-09,2.78502899106934e-09,2.19951180912687e-09,3.53904257511299e-09,2.84804962542015e-09,-1.92904229215685e-09,2.81822052238035e-07,6.58202320119422e-06,1.6968909795326e-06,-2.84557233682559e-08,-1.17732616845948e-06,9.00805768288631e-07,2.56383084834459e-06,1.69262910010221e-06,-1.08217935194895e-06,-3.62146026908351e-08,2.92085523813524e-09,1.06313638035112e-05,-3.12586275250361e-05,1.88699625924349e-05,1.5853139164212e-06,-3.84312263368381e-07,1.97553121960007e-06,-1.13440605952624e-06
"north_west","beta11",8.00097006172902e-08,4.81012633516574e-07,-2.16829421427689e-06,-5.52017963746365e-08,5.08683815623086e-08,-1.9654470485595e-07,5.15736322063628e-07,-2.61578438405854e-07,2.47963273240829e-07,-2.02196142850549e-08,2.02778228807954e-07,2.99677393064355e-08,5.86654811008486e-08,3.82713458528903e-08,5.08975276133061e-08,-1.96313272697393e-07,-3.36430869249461e-08,-4.61811230747872e-08,1.77868222525206e-07,-1.78906606838575e-07,5.7196890728749e-10,-4.65412489575797e-08,-1.15993951816495e-08,-5.8988651894516e-08,-2.22164778167285e-08,-4.9051853360808e-08,-6.38919796792738e-10,-7.1225303101708e-08,-1.03474751495468e-07,-1.99488175231804e-07,-7.62760784681833e-08,-1.88761498453116e-07,-8.74541736614231e-08,-2.56110368912052e-07,5.97793540833597e-09,-4.18036207479536e-08,3.78795872709262e-08,1.50619192815135e-08,-4.98812557388619e-08,1.11817803303719e-07,-1.30071363001881e-05,-1.11149440093003e-05,2.90642814649017e-06,5.07947834884203e-06,-7.47284336548925e-06,6.80978882896691e-06,-2.09696739689007e-06,1.49651593978119e-06,-8.57882745733452e-07,-8.05776827933903e-07,7.16636057066632e-07,4.80475845153026e-07,1.12950451537213e-05,-8.39335493301846e-07,-1.64831907159365e-07,3.01347653312113e-07,8.15109447542266e-07,-4.57296181670123e-09,-1.37994913851131e-08,-7.91824209301882e-09,-2.6516164606015e-09,-1.39675583096855e-08,-4.99335968901983e-09,-3.15770929870658e-09,-5.28124070135173e-09,-3.6138099309943e-09,9.58663198612236e-09,9.51297895834298e-07,-1.23831824646648e-05,2.99026811533683e-08,-6.91158780243763e-06,3.71711580003684e-06,-2.81990467972312e-06,-1.10250234934911e-05,-4.48162236483277e-06,1.29464804671766e-06,-1.04110882287301e-06,-1.12501849845039e-08,1.19966537678232e-05,7.2941369851147e-05,7.91533092447829e-05,6.22104737641567e-06,-2.11924317815973e-06,2.30623260328647e-06,3.68167844826145e-06
"north_west","beta12",5.51539564365311e-08,-3.59833445958109e-07,1.16025104158308e-06,3.60425801424443e-09,1.34604135644401e-08,7.28327324936136e-08,-2.61578438405854e-07,2.96149488587e-07,-1.73411378175332e-07,1.71064486094793e-07,2.32064541639798e-08,3.6182884619274e-08,-1.34905722981704e-09,6.03708555885877e-08,-2.02534740248046e-09,1.32103241469111e-08,1.08222229040423e-08,4.4554402017794e-08,-9.9373120820059e-08,1.77616454863881e-07,5.82632771274256e-09,1.74681023826819e-08,4.80917565454713e-08,5.170913297431e-08,3.61789354261522e-08,2.02556837056492e-08,9.87820821798748e-10,7.39320971611766e-08,4.68611011702202e-08,8.30544514651634e-09,2.77867111178421e-08,1.06532085597922e-08,3.07695210870974e-08,1.45605118286238e-08,-6.51040019119824e-09,3.31846286285328e-08,-5.26720162652763e-08,4.91657096852541e-08,-6.70019803262913e-08,1.31653033049846e-08,6.04741043134037e-06,-3.66095158131246e-06,-7.42151759162715e-07,1.34161071150627e-06,8.94641142116737e-06,-2.7491263304936e-06,9.34437093291192e-07,-9.51955108301566e-07,7.3954426116081e-07,1.16471245738057e-06,-1.26596336259448e-07,-1.2744845671957e-07,-6.85281565158482e-06,-1.87695531700689e-06,-2.04107472867537e-07,-2.45496104184626e-08,4.37495233622988e-07,7.46031460119779e-10,4.43893003836489e-09,3.41864970530199e-09,2.07319403888838e-09,2.07625733084838e-08,2.98471325372651e-10,2.98287393418254e-09,1.27853115802917e-09,2.84138806852157e-09,2.47780426943569e-09,9.13864045479277e-07,2.05718533141492e-06,-1.11784690218147e-07,1.42835144089247e-06,-2.2797947921635e-06,7.28891829648722e-07,7.74767546614181e-06,1.29061811958333e-06,3.66335574238941e-07,7.72510147487232e-07,1.28839278272157e-08,1.95432094035998e-05,-3.70270695650741e-05,-9.91071472035735e-06,4.10390365295097e-06,-5.15496112712392e-07,1.70653168697773e-08,-5.28668080831095e-07
"north_west","beta13",8.16669832630475e-07,2.71503713574291e-06,-1.14397331549175e-05,-2.1371765300196e-07,1.83049587295498e-07,-7.76006447080028e-09,2.47963273240829e-07,-1.73411378175332e-07,6.12247779971705e-07,1.65862493783991e-07,6.8805336863541e-07,1.98409544203677e-07,1.88060504024314e-07,2.93388939365422e-07,6.8953404465351e-08,-1.22533310371195e-07,-4.57877606206956e-08,-8.46174209527628e-08,3.75157235211222e-07,-2.31652785217396e-07,-8.51164491987171e-10,-4.0738109170551e-09,-6.68313034278223e-08,9.62319688561177e-08,6.42429019058195e-09,-7.49720631553512e-08,-2.31778068071822e-08,-1.06953939698531e-07,2.4835136150288e-07,-2.11423573977235e-07,-3.84828316590129e-07,-2.53677875580072e-07,-2.05660770371912e-07,-8.20077601584824e-07,5.302321817889e-09,3.36682774130462e-08,-1.72712291217824e-07,9.3143076403478e-08,-2.50768318551968e-08,3.56724687321337e-10,-1.76902441439808e-05,-4.40901797425062e-05,1.03554431591513e-05,7.08894004013758e-06,-4.47443138387495e-06,1.6537885688755e-05,-3.36063769077202e-06,2.20266461810079e-06,2.02588542689654e-07,-1.72636037861767e-06,1.42395264954651e-06,2.65708246741932e-06,1.43360499071648e-05,-1.43625823324756e-06,-2.6398030701567e-07,3.73848954740682e-07,4.51576393817797e-06,-1.0826362495225e-08,-2.4487516837779e-08,-1.21336342894312e-08,-5.70009563896899e-09,-2.18149908479109e-08,-3.19154730643842e-09,5.81811123633655e-09,-3.21397684695499e-09,-4.53149199682893e-09,1.74577461590314e-08,1.64393830660027e-06,-1.60367218622043e-05,-2.01665768640444e-06,-7.60809880327665e-06,-1.83719770914519e-06,-6.16863491494356e-06,-9.96440915782647e-06,1.54803464616339e-06,-1.04519421366484e-06,-1.82453571152623e-06,-6.47848840689692e-09,5.6370704991953e-05,6.96363485600338e-05,0.000490492357304284,6.36369773916847e-05,-8.53838145260921e-06,8.53712930245345e-06,9.95590471591687e-06
"north_west","beta14",6.50313722909589e-07,1.81506404449535e-06,-5.33191629016643e-06,-5.49834825652025e-08,1.38937259348974e-07,5.40954338097152e-08,-2.02196142850549e-08,1.71064486094793e-07,1.65862493783991e-07,7.90036717919828e-07,2.44846923291333e-07,2.29816935157154e-07,1.4410066283482e-07,3.12477744326965e-07,1.11350571078197e-07,-1.80649921164727e-07,-5.67622783609953e-08,5.17924127310954e-09,1.45547142169679e-07,1.75908133611144e-08,1.78359921202678e-08,-3.02285734717303e-08,2.40551485838075e-08,8.48747504220093e-08,3.79674629235069e-09,-2.12174354601025e-08,-2.14927097451721e-08,-6.97765743937069e-08,2.53532583719208e-07,-2.4372829119166e-07,-2.72597317018096e-07,-3.09077348820377e-07,-1.33059153020829e-07,-7.95530106360168e-07,-7.18706582621214e-09,5.36923374308176e-08,-2.16053589802074e-07,1.59929969498552e-07,-1.72599934489667e-07,3.36494028365326e-08,-1.62702058774792e-05,-4.32595783501571e-05,6.68156086390724e-06,1.16217771489145e-05,1.79328914280578e-05,9.54358469771246e-06,-5.36915252225527e-07,1.58242189727672e-06,1.07346472940537e-06,-3.18587904064124e-08,8.74306944530969e-07,3.38764149797906e-06,8.24124247388229e-06,-1.61357944543565e-06,-8.16085796572e-08,3.70257567475577e-07,5.91883304477651e-06,-9.86191717718722e-09,-1.80251490824208e-08,-9.89370345625073e-09,-8.56727651022841e-09,8.20685854950073e-09,-4.78842173438245e-09,5.30038116582986e-09,-1.14071756933651e-09,-1.4504987548875e-09,1.24471092135326e-08,3.30882079342125e-06,-7.97772724895522e-06,2.42954463990609e-06,-1.48161610428018e-05,-5.56479087150434e-06,-4.03884527941389e-06,-2.65833363813743e-06,3.42075706898243e-07,1.43400427683465e-06,-6.46952485217551e-07,5.93221333266024e-09,5.06580055717333e-05,8.90873723960682e-05,0.000417189163961326,5.3377045002352e-05,-8.34050910859288e-06,7.47734192154931e-06,8.7326887362327e-06
"north_west","beta15",1.02956085024135e-06,3.69629393146981e-06,-1.12889815980493e-05,-2.36783991609874e-07,2.37603653880261e-07,1.50152426802523e-08,2.02778228807954e-07,2.32064541639798e-08,6.8805336863541e-07,2.44846923291333e-07,1.63089044066827e-06,2.85532479457073e-07,3.12487512212973e-07,4.75397718567386e-07,6.77918512580714e-08,-3.75083875026529e-07,-1.52323824562293e-07,-6.73911431701218e-08,3.12676805628342e-07,-1.41598071791449e-07,-4.78267553611586e-08,-8.38192630305143e-08,-6.35142822425716e-08,7.18004387820746e-08,-1.18462196585339e-07,-1.57110865019397e-07,-3.75788821103173e-08,-1.51716002965812e-07,1.17302346517438e-07,-3.68261468179763e-07,-4.23937702159551e-07,-4.86362250797591e-07,-2.21120729910822e-07,-1.05090785306476e-06,-5.95477368986369e-09,4.35433716750006e-08,-2.38013166863695e-07,1.65894317400418e-07,-1.85907032899246e-07,2.42985672302985e-08,-2.54923356416653e-05,-7.54963260585587e-05,2.49025865974167e-06,9.20186913681073e-06,-1.89681615384843e-05,2.14118420033558e-05,-7.03348409597759e-06,1.87057676955044e-06,8.24089752424583e-07,-6.25059480627684e-07,1.63862875492992e-06,5.83909535619162e-06,9.67722941999258e-06,-4.98970015023283e-06,-1.05938666801202e-06,4.17428310504645e-07,5.81912285362585e-06,-2.02149282249534e-08,-4.00668182544438e-08,-2.24249274267254e-08,-1.03896022388651e-08,-1.67875987116158e-08,-1.08576177653976e-08,2.17520288634057e-09,-1.073230994215e-08,-7.77560981160092e-09,2.91945727444852e-08,-2.10982599146746e-07,-1.54058035922959e-05,-5.34542079424487e-06,-7.33074065508891e-06,-4.12098963352071e-06,-9.00115265933582e-06,1.05001916734629e-06,-8.40941226208933e-07,3.37520392913108e-06,-2.35852312788955e-06,7.50738996703722e-09,7.05243895660681e-05,5.52185220059406e-06,0.000495652922937714,8.39701738484512e-05,-1.44024478647182e-05,1.42942919200349e-05,1.19685547523544e-05
"north_west","beta16",3.86519452269118e-07,5.76137858825215e-07,-3.50952943490653e-06,-8.17524262995575e-08,7.76454801922306e-08,2.27749156683338e-08,2.99677393064355e-08,3.6182884619274e-08,1.98409544203677e-07,2.29816935157154e-07,2.85532479457073e-07,1.44145109141458e-07,7.85300956417904e-08,2.11602448074106e-07,2.73207677926588e-08,-6.21352688320529e-08,-3.40992668154319e-08,-1.2627634019377e-08,1.10668995703341e-07,-2.00489460076564e-08,7.1413311752483e-09,-1.46593501691424e-08,-1.86793181109658e-09,5.36615031729661e-08,1.00897107899089e-08,-2.80531195450988e-08,-1.03693693767831e-08,-3.10531713408577e-08,1.32514802780032e-07,-1.40996334205151e-07,-1.62202406830556e-07,-1.79189570175026e-07,-7.081883071076e-08,-4.52317426803296e-07,8.7241696792266e-10,2.42082000965898e-08,-1.05848209527162e-07,7.29291540837811e-08,-7.88496720959035e-08,2.68700593094763e-08,-4.51519437969307e-06,-2.26267718159876e-05,3.64368733553988e-06,5.71568161569448e-06,3.15598892405222e-06,7.34088018523525e-06,-9.53616738691288e-07,1.0641676170485e-06,7.61686111985219e-07,-6.15307632237406e-09,4.06396707524249e-07,1.6184386507765e-06,3.06127286096073e-06,-1.30154130298526e-06,-1.46066705207065e-07,1.89216297966523e-07,3.72705936221613e-06,-5.68645201720823e-09,-9.80628738954305e-09,-4.04799366775161e-09,-3.04300864014296e-09,9.12827996347269e-10,-1.58622530168864e-09,3.15433178068241e-09,-1.06480266291031e-09,-3.50719035344134e-10,8.08992722295411e-09,4.59952468570673e-07,-3.74507937155621e-06,8.0912094985759e-07,-5.72875977455248e-06,-2.77225556968971e-06,-2.36914434447401e-06,4.06687683542007e-07,1.18495575255092e-06,3.82100340109817e-07,-5.2383865321205e-07,5.07252067402538e-09,1.20374150301735e-05,1.65195391174597e-05,0.000230478566440521,2.991513823372e-05,-4.87212741717654e-06,4.70434402776503e-06,4.81214327691486e-06
"north_west","beta17",3.19848701004631e-07,1.39631743676789e-06,-4.0978201375268e-06,-9.9559006224369e-08,8.11498128172564e-08,1.75585626934019e-08,5.86654811008486e-08,-1.34905722981704e-09,1.88060504024314e-07,1.4410066283482e-07,3.12487512212973e-07,7.85300956417904e-08,1.1425609085888e-07,9.85657898796031e-08,5.56035363963448e-08,8.64733068558912e-10,-3.81077119687197e-08,-2.3167320921925e-08,1.43686009039509e-07,-8.51736453237091e-08,-1.85527245808065e-10,-4.20145233558927e-09,-4.71625535855753e-09,2.67498166886611e-08,7.52276397449322e-10,-1.70269003064636e-08,-1.16062425638939e-08,-3.33173678565787e-08,8.12476240666544e-08,-6.0094877361848e-08,-1.32779062105037e-07,-7.13647366629427e-08,-7.14743650158383e-08,-2.66488715739347e-07,3.98881881146286e-10,2.33652062163916e-08,-7.63122743896785e-08,6.25311414422903e-08,-3.85841643719989e-08,5.74058872133861e-09,-8.96096864511049e-06,-1.80200116592184e-05,3.9389169544144e-06,3.71842693128482e-06,3.52395342040092e-07,7.2705241807584e-06,-2.06112443637057e-06,7.45098269901128e-07,5.31412184889141e-08,-5.45770614926976e-07,6.16539480309018e-07,4.89277461774887e-07,5.4909471839479e-06,-8.65979074308059e-07,-1.71398364398877e-07,2.39073826230316e-07,1.45770075974348e-06,-3.57674697356343e-09,-8.37619744906054e-09,-4.24656089805467e-09,-1.08278898258608e-09,-3.14724078077158e-09,-1.45930524167541e-09,3.3377686341946e-09,-1.24021920035868e-09,-6.51413326691866e-10,9.92507423540764e-09,1.15380893578134e-06,-7.20100881684433e-06,-4.2288201937685e-07,-3.33745469949663e-06,2.21138567777053e-07,-2.59322004339605e-06,-4.75716696465044e-06,-6.13274286076309e-07,6.22185096868344e-08,-6.75223802015106e-07,-1.39445462512188e-09,-7.36036810312407e-06,2.76754969658909e-05,0.000167819623629838,2.42176105675396e-05,-3.87516493014845e-06,4.19341348049246e-06,3.26780588675081e-06
"north_west","beta18",4.9128696652666e-07,1.69325339565772e-06,-3.14462331293933e-06,-2.14726088337465e-07,1.32947198279511e-07,5.38908815739079e-08,3.82713458528903e-08,6.03708555885877e-08,2.93388939365422e-07,3.12477744326965e-07,4.75397718567386e-07,2.11602448074106e-07,9.85657898796031e-08,5.18043749563768e-07,-1.14593840243828e-07,1.17616004581396e-07,-9.93162286905696e-08,-6.35618310017177e-08,1.54198080730131e-07,-5.55630096823227e-08,-3.85844922925866e-08,-6.31555721998679e-08,-5.21084153218493e-08,2.72285410594464e-08,-5.21984926740916e-08,-9.58338135716558e-08,-1.00627280882257e-08,-1.227459229657e-07,2.21653740266304e-07,-1.93535220435215e-07,-2.5433249679348e-07,-3.26032112592134e-07,-4.29158158406105e-08,-8.46855963565025e-07,-7.96737363857704e-09,5.57778412677515e-08,-1.62937339339343e-07,1.00978165440477e-07,-1.40084329912452e-07,8.33513429371885e-08,-1.22114664596137e-06,-2.35100447780829e-05,-1.81004497913177e-06,1.11308752830572e-05,-4.2336424744723e-06,1.33514118551689e-05,-3.1747895245941e-07,2.31959241742051e-06,2.02180369614955e-06,-4.87420853064466e-07,-1.48784597425299e-07,1.94534336566162e-06,4.58508845909478e-06,3.43418727164242e-07,-2.8764858768031e-07,5.30025250565129e-07,7.64725500466508e-06,-1.17726711230251e-08,-1.32419952916168e-08,-6.40947045124623e-09,-3.53072779572946e-09,1.79174540067126e-09,-1.80347761556745e-09,3.66734077270616e-09,2.13181272992607e-10,1.63000196873315e-09,1.06423851399521e-08,-4.60294543234687e-06,2.0085210556584e-06,7.08361550082761e-06,-1.44664679652976e-05,-4.39490560128728e-06,-3.34732596724582e-06,-2.36963074143459e-07,1.9739574579649e-07,1.35070162049301e-06,-1.05387387535236e-06,1.03116653593982e-08,1.65305940859886e-05,-3.91333301254619e-05,0.000375892664938307,5.78404460775978e-05,-7.22663449808003e-06,9.05929623622513e-06,6.4679972823375e-06
"north_west","beta19",2.46801121525152e-07,-7.42295334179465e-08,1.43245567849481e-06,9.64825098256889e-08,-2.98370911620819e-08,-3.96671040868537e-08,5.08975276133061e-08,-2.02534740248046e-09,6.8953404465351e-08,1.11350571078197e-07,6.77918512580714e-08,2.73207677926588e-08,5.56035363963448e-08,-1.14593840243828e-07,3.45558099556853e-07,-1.77972749385376e-07,2.42598368102087e-08,4.19606826613339e-08,5.72106433901255e-08,5.55705719894101e-08,3.05105374774016e-08,4.16785423180847e-08,6.28413734262183e-08,2.95487722510531e-08,1.23012359255168e-07,9.97174425194256e-09,-1.07339260199733e-08,4.84326863036837e-08,1.52205226367024e-07,-2.3291974288225e-09,-8.02906039716687e-08,-4.45497236963714e-08,7.8593325071415e-09,-2.79243318816974e-07,1.04888999327921e-08,-1.3096383565752e-08,-3.45258353631807e-08,3.91529367003694e-08,-1.03445706566682e-08,1.47479502514468e-08,-1.56438688499334e-05,-1.37497757021254e-05,5.64429060226119e-06,-2.50832472847612e-06,5.00092194332361e-06,-5.98446039953124e-07,1.71515966953344e-06,-1.39506821773939e-06,-3.50458399015625e-07,-4.97717879747043e-07,6.60462309546118e-07,1.65610188520815e-07,8.21760182291403e-07,6.71396429600324e-07,4.02048631029748e-07,-2.49758106692581e-08,1.59204559583667e-06,2.121091498387e-09,-4.29411472504208e-09,1.45887759244916e-09,-4.71948191984515e-09,-4.41730648151471e-09,1.83762795447434e-09,4.48437360225626e-09,-1.41734002416987e-10,-1.05059073766647e-10,4.85964074104194e-10,4.16514303268224e-06,-4.78688036815551e-06,-3.59536697715457e-06,-1.80045568315173e-06,-1.0611810204383e-06,-2.69209304904355e-07,4.56665375129554e-07,1.38059660103e-06,-7.6201095164326e-07,-1.46528660397853e-07,4.60346708090517e-09,-1.26480393525436e-05,0.000312842474800887,0.000146577670151914,-2.04376482399196e-05,-1.51147069393018e-06,3.68831874677408e-10,2.4740600513335e-06
"north_west","beta2",7.95586794047985e-07,4.77954528898148e-07,1.20965739423702e-05,-8.05736638075707e-07,-1.32098334757182e-06,1.95029951592418e-07,-1.96313272697393e-07,1.32103241469111e-08,-1.22533310371195e-07,-1.80649921164727e-07,-3.75083875026529e-07,-6.21352688320529e-08,8.64733068558912e-10,1.17616004581396e-07,-1.77972749385376e-07,1.4333031347229e-05,-5.48725773247684e-08,-1.85470448092607e-07,2.63292013356695e-07,-3.03157908945378e-07,3.75114797820726e-08,-5.4790000610592e-08,-1.54108259014735e-07,7.9496875249339e-08,-5.11288020528696e-08,7.98813803291376e-08,-8.37068011002513e-07,-1.96441711631408e-07,3.83738625864591e-07,3.90298773941878e-07,-4.52243700080015e-08,4.42026633762568e-07,1.2440586502558e-07,1.85529125814637e-07,3.94638982740399e-07,-2.03484333352046e-07,2.59865135240548e-07,-1.45828789189655e-07,8.00353841861995e-08,1.52325061693401e-07,8.59056324884606e-06,6.15307692964094e-05,2.96187400132542e-06,3.75344792824155e-06,-6.29237405726777e-05,-6.52358176200746e-06,6.73678320163086e-06,3.45102202426509e-06,6.55538322267386e-07,-5.08265854118273e-06,-3.78010730579975e-06,-7.41536169162791e-06,-1.60429633074788e-05,1.35153882304881e-05,-1.25963187716659e-06,1.02713054202595e-06,-1.27772982804574e-05,8.32255255102484e-09,2.79645752278194e-08,1.43675919324703e-08,8.58316939759028e-09,-5.28958850941636e-09,5.18349401309875e-09,1.9383284803647e-08,9.78031608096851e-09,1.99111773979619e-08,-1.02614276071911e-08,-6.08024834740658e-06,3.4735073227656e-05,1.94217019009633e-05,6.29890549763218e-06,6.06251594629057e-06,1.1413564831244e-06,5.65146570048316e-06,-6.6098218052469e-06,1.75401683665157e-06,-1.33037302694995e-06,-5.48751920279128e-09,-7.46983306822333e-05,-6.51686834933988e-05,6.08095700132191e-05,-1.64412960157606e-05,4.48256571879472e-06,2.42991023897923e-06,-6.95788438659177e-06
"north_west","beta20",1.45807461891054e-08,-1.71466295155691e-06,-1.34374067686815e-06,2.56579196168297e-08,4.69023013725374e-08,-4.12314383902437e-08,-3.36430869249461e-08,1.08222229040423e-08,-4.57877606206956e-08,-5.67622783609953e-08,-1.52323824562293e-07,-3.40992668154319e-08,-3.81077119687197e-08,-9.93162286905696e-08,2.42598368102087e-08,-5.48725773247684e-08,5.43206930563557e-07,1.12793990261723e-07,3.19702409977689e-07,2.72687242326174e-07,2.50919779215612e-07,3.66307292630462e-07,2.40272087984202e-07,4.08512664153639e-07,4.95876862575592e-07,3.51017508538595e-07,-4.12700583714285e-08,3.52576225885138e-07,5.99030300394164e-07,1.52793884816084e-07,3.46297861329877e-09,1.51806252950225e-07,1.47854065175348e-07,7.98348030547352e-09,3.06999487641389e-08,2.9189250879138e-08,-5.04547247373359e-08,-1.43648620915329e-08,1.20419056447338e-07,-5.26243833615838e-08,1.29698116384767e-05,-1.49552634012193e-05,9.45354695328689e-06,-1.05026463413396e-05,2.96669239563103e-05,-1.24178348412368e-05,2.18378322492093e-07,-3.06561744354274e-06,-1.45724486075701e-06,-2.7081596961573e-07,5.41007551528449e-07,-9.25197629358645e-07,-3.5398765956642e-06,-3.05394521789946e-06,2.27865415314225e-07,-6.16227973268408e-07,-3.98443494334074e-06,5.83294355501185e-09,6.87942373668903e-09,4.22399819726509e-09,-1.76679304804747e-09,1.82098391726998e-09,3.87788862823449e-09,3.63108206917764e-09,6.23224320953128e-09,-7.4459206540894e-10,-1.28899267903189e-08,3.50515999306895e-06,1.03566702808316e-07,-1.06549947631922e-05,1.23185501975382e-05,8.85038604074495e-07,1.03376304132317e-06,1.35563698257451e-06,4.27740564501461e-06,-2.25947762979937e-06,1.57656454102928e-06,5.19516817757462e-10,-1.43742757561933e-05,-0.000120916314360915,0.000211565161841343,3.11222608846802e-06,1.79943721595902e-06,-1.33961919418698e-05,4.63794382317863e-06
"north_west","beta21",-2.28348258172733e-07,-6.76433877710709e-07,3.12004800026273e-06,2.88592002365328e-08,7.74680486716866e-09,-1.34315865722098e-08,-4.61811230747872e-08,4.4554402017794e-08,-8.46174209527628e-08,5.17924127310954e-09,-6.73911431701218e-08,-1.2627634019377e-08,-2.3167320921925e-08,-6.35618310017177e-08,4.19606826613339e-08,-1.85470448092607e-07,1.12793990261723e-07,2.61804121867053e-07,-1.55367950258346e-07,3.82555732368348e-07,1.23036618553224e-07,1.93603263112331e-07,2.3575201363766e-07,1.3480948150094e-07,2.78689608143004e-07,2.29108658004591e-07,1.03512844247315e-08,2.50988240785091e-07,2.34086560599127e-07,1.51637974795752e-07,1.13051360523818e-07,9.98844415355887e-08,1.41247609056927e-07,2.02420560447884e-07,-9.61813574224568e-10,1.68123064640058e-08,1.73803732354861e-09,-5.46888736434464e-09,4.67940629367148e-10,-4.79891416869105e-09,1.86926442299784e-05,-4.71506773214693e-06,1.51936917172036e-06,-3.6305738672128e-06,1.65316062187099e-05,-8.51488739966135e-06,2.8536091384156e-06,-1.49227259732328e-06,1.40616340410723e-07,9.28048803834142e-07,-2.37162769513906e-07,-3.45510919849652e-07,-5.14108276611001e-06,-2.6477085424852e-06,3.62120619164321e-08,-2.01356628439047e-07,8.06154550692227e-07,4.84406562552117e-09,5.42911204888313e-09,4.51355025598285e-09,-6.6144637446057e-11,6.0445936492207e-09,1.01479575640957e-09,-2.95374142519723e-09,-6.90192346172365e-10,1.60129571817225e-09,-3.40695273273297e-09,1.56356243860496e-06,5.88661934917261e-06,-1.878676596736e-06,3.15172649573212e-06,-6.2106825358939e-07,1.80767070762623e-06,4.54450701717388e-06,1.89944376273151e-06,-1.50971374877432e-07,6.99429128261796e-07,1.00402851698026e-08,-2.09746994062207e-05,-0.000256022885662832,-2.17199454614434e-05,-2.68734305924562e-06,8.5582703488522e-07,-7.82226165141425e-06,1.85906993363536e-07
"north_west","beta22",6.61165629865486e-07,3.18406008499931e-07,-1.19750978878152e-05,-2.97212073404653e-07,2.35822682152745e-07,-1.4666296644671e-08,1.77868222525206e-07,-9.9373120820059e-08,3.75157235211222e-07,1.45547142169679e-07,3.12676805628342e-07,1.10668995703341e-07,1.43686009039509e-07,1.54198080730131e-07,5.72106433901255e-08,2.63292013356695e-07,3.19702409977689e-07,-1.55367950258346e-07,1.10937232963034e-06,-5.60023004022178e-07,2.07498382954376e-07,2.19666915875764e-07,7.7315016066034e-08,3.48932820005301e-07,3.3728594674768e-07,1.74284808944731e-07,-7.53346738450879e-08,1.28840169858113e-07,6.16346621581073e-07,9.81917364905193e-09,-3.57124606579798e-07,-3.243637897057e-09,-3.00314637034793e-08,-7.65210915417861e-07,2.63847621861595e-08,8.05883369473017e-08,-1.85062208698131e-07,5.98037439403413e-08,1.06177391691274e-07,-4.0112444318332e-08,-1.49211158058542e-05,-3.42824723747887e-05,1.89375934959305e-05,1.56789593041957e-06,7.08102437214987e-06,1.25611459139268e-05,-1.77342285117188e-06,7.71599898385102e-07,-2.20530309291259e-06,-2.65695961697157e-06,1.6412678057903e-06,-2.69637257639505e-07,1.69520133390359e-05,-4.86567910104295e-06,3.10663047447639e-07,4.97903381247025e-08,-2.06727703147946e-07,-4.04453902944399e-09,-1.25883810986576e-08,-7.47831410690174e-09,-9.20785714889137e-10,-1.44319678248308e-08,3.09510515204291e-09,1.29528900950795e-08,5.82383861535118e-09,-3.11455068222475e-09,5.69834995601902e-09,3.08857786150211e-06,-1.69618647833001e-05,-6.14487336769093e-06,-1.7228097789982e-06,1.5823942345519e-06,-5.2218915258374e-06,-1.95102852766331e-05,4.74817309448166e-06,-4.73261957687679e-06,-5.64483179796533e-07,-1.76216866785082e-08,-8.21518838277812e-06,-2.08685305989396e-05,0.000569863723568039,7.18852848451001e-05,-4.95928854850673e-06,-1.24080118093085e-06,1.07605497579589e-05
"north_west","beta23",-1.11619012540499e-07,-4.16842312033074e-07,1.27166177508058e-05,1.4255176173577e-07,-7.23949613992735e-08,-1.85113647317591e-08,-1.78906606838575e-07,1.77616454863881e-07,-2.31652785217396e-07,1.75908133611144e-08,-1.41598071791449e-07,-2.00489460076564e-08,-8.51736453237091e-08,-5.55630096823227e-08,5.55705719894101e-08,-3.03157908945378e-07,2.72687242326174e-07,3.82555732368348e-07,-5.60023004022178e-07,1.40822984651077e-06,-2.69739119960442e-08,4.78100582099986e-07,3.29912384024182e-07,3.36967431999815e-07,5.00355687283167e-07,4.28857031216338e-07,-2.64257962502974e-09,4.22911018652207e-07,6.78466343778237e-07,3.56400709028279e-07,1.6318894955766e-07,1.49166611313315e-07,3.19038317406613e-07,9.05663817181314e-08,3.17401558797372e-08,-1.26565007581466e-08,7.21352860471742e-09,1.77407533151064e-08,-8.27515563402477e-08,7.48165332194383e-08,4.11453354684662e-05,6.64808404447056e-07,-6.90034913465721e-06,-1.4670514631751e-05,2.97958261293068e-05,-2.163806074822e-05,6.36784092971853e-06,-1.05618781926546e-06,1.70990652239306e-06,1.51445952166816e-06,-1.44562404693142e-06,-8.77989156880702e-07,-1.49130805047651e-05,1.13905622620248e-06,2.1950190234656e-07,-3.24730213129143e-07,1.10446901032124e-06,7.59309518055395e-09,1.82907090465093e-08,1.94752067822166e-08,1.45849626753883e-09,3.48979771290542e-08,5.75618744067541e-09,-5.91491073979045e-10,7.48897037336625e-09,8.05848395683138e-09,-7.05184199002161e-09,-2.82558122532189e-07,2.94597610918503e-05,7.34293206566805e-07,3.76828029811324e-06,-4.28469228826825e-06,3.52333036637782e-06,1.4457715258288e-05,3.88438018446297e-06,-1.46822893149435e-07,1.88184936078989e-06,2.45196317972933e-08,-1.53789604461918e-05,-0.000378861316364798,0.000113099023961733,-3.63683132271002e-05,2.28179957829813e-06,-1.35932510464228e-05,2.06878605898371e-07
"north_west","beta24",-2.7582628517033e-08,-9.02000239485441e-07,-2.09157520855872e-06,1.15930427580543e-08,2.8282640033645e-08,-3.57882446689862e-08,5.7196890728749e-10,5.82632771274256e-09,-8.51164491987171e-10,1.78359921202678e-08,-4.78267553611586e-08,7.1413311752483e-09,-1.85527245808065e-10,-3.85844922925866e-08,3.05105374774016e-08,3.75114797820726e-08,2.50919779215612e-07,1.23036618553224e-07,2.07498382954376e-07,-2.69739119960442e-08,3.20342012159766e-07,9.56132764192023e-08,2.50480125144738e-07,1.92914518708254e-07,3.30262644773475e-07,2.14343350855602e-07,-2.17040208340146e-08,2.31896311352396e-07,3.31568664177423e-07,7.51905834233874e-08,7.5639705504564e-09,9.14174722875257e-08,6.73372220578943e-08,6.75343347188768e-08,4.55245536145316e-09,4.96103859959633e-08,-4.68788650510752e-08,2.29628889863015e-09,1.22053361516944e-08,1.53749260728357e-08,1.3911109456207e-05,-1.11523385482513e-05,8.53028513809158e-06,-3.9801062618148e-06,2.17719618086091e-05,-5.21802347829017e-06,6.95866637274603e-07,-2.14194447541379e-06,-7.81850887651969e-07,3.13937251343031e-07,2.53916004094983e-07,-3.32144116038078e-07,-2.20745858682816e-06,-5.42565344283142e-06,1.47968733322967e-07,-2.34040579829796e-07,-8.4152176195572e-07,3.78765032453458e-09,2.21309628628904e-09,2.23006757539745e-09,5.58800662917296e-12,2.69341277842496e-09,1.58953797903891e-09,2.23356362626702e-10,2.42598343264571e-09,7.4989779022704e-10,-9.34122447690342e-09,2.54635757781261e-06,4.72903416855639e-07,-5.50173671359726e-06,6.08169170536376e-06,-5.06817997194874e-07,7.81780866146532e-07,1.4267660381557e-06,3.04750705762771e-06,-1.35357974734546e-06,8.56270414298949e-07,4.0037030147133e-09,-1.74033671906625e-05,-0.000157627007715282,0.000104549425083327,6.58245024384124e-06,1.44058621824338e-07,-7.37776530324938e-06,2.82701114359979e-06
"north_west","beta25",8.21710793397486e-08,-3.07623924363112e-07,-4.67352272770784e-07,-5.93300309939968e-08,9.04785429097151e-08,8.99587060016906e-09,-4.65412489575797e-08,1.74681023826819e-08,-4.0738109170551e-09,-3.02285734717303e-08,-8.38192630305143e-08,-1.46593501691424e-08,-4.20145233558927e-09,-6.31555721998679e-08,4.16785423180847e-08,-5.4790000610592e-08,3.66307292630462e-07,1.93603263112331e-07,2.19666915875764e-07,4.78100582099986e-07,9.56132764192023e-08,5.37817937564577e-07,1.68764977475062e-07,4.90627432196218e-07,5.26289349375439e-07,4.16781016593702e-07,-4.21465286550899e-08,3.89306720355669e-07,7.46905276322324e-07,3.06319483086356e-07,-7.26247871713652e-09,2.53098113182525e-07,2.07198853889422e-07,-6.84271856045574e-08,4.01520079310871e-08,3.84485067516173e-08,-7.14492517097029e-08,4.12937865202221e-09,1.32025989346211e-07,-6.09393238476379e-08,2.19922765577926e-05,-5.08548614972703e-06,5.24033670332402e-06,-1.12304662261688e-05,2.40309012509418e-05,-9.8849918509155e-06,2.59835315145794e-06,-1.77562177174238e-06,-7.74273105319712e-07,-8.90208486936767e-07,1.54393546651451e-07,-2.21280543410784e-06,-1.54094316994524e-06,-1.28131524726384e-06,3.03498205947268e-07,-3.36143219673791e-07,-3.93633856671745e-06,1.14491247736353e-08,1.48455781935823e-08,1.47786022548566e-08,5.37917337838758e-09,1.22871355572975e-08,8.88647672142907e-09,1.13222677719837e-08,1.04452480182038e-08,3.98498811929215e-09,-3.97538515213056e-09,3.97884310643526e-06,7.89230350280257e-06,-7.81570278922316e-06,1.04937576791622e-05,-4.65710685596482e-07,7.11454578034278e-07,-2.75563033977752e-06,4.16913293067948e-06,-3.97247896135205e-06,1.12857926380411e-06,2.32257703007118e-09,-2.75610451483933e-05,-0.000301740883523439,0.000278233378005506,1.05907679358429e-05,1.25322843435316e-06,-1.15534917062991e-05,3.39139836094635e-06
"north_west","beta26",-1.75011778037522e-07,-1.00830889072641e-06,4.20514562762099e-06,4.15191560471693e-08,1.20067801677104e-08,-4.02520446565341e-08,-1.15993951816495e-08,4.80917565454713e-08,-6.68313034278223e-08,2.40551485838075e-08,-6.35142822425716e-08,-1.86793181109658e-09,-4.71625535855753e-09,-5.21084153218493e-08,6.28413734262183e-08,-1.54108259014735e-07,2.40272087984202e-07,2.3575201363766e-07,7.7315016066034e-08,3.29912384024182e-07,2.50480125144738e-07,1.68764977475062e-07,4.98761809493354e-07,8.62773482058132e-09,5.40287606655638e-07,2.60914095164681e-07,2.09664288203887e-08,3.63724550198769e-07,3.52833721908887e-07,2.19953129641636e-07,1.23395515186912e-07,1.18016760873588e-07,2.39800301298655e-07,1.68863743748735e-07,-1.18736353038802e-08,3.95646228362274e-08,-1.20765691598378e-08,2.4810840395339e-08,-6.08044877361281e-08,5.80156472077555e-08,1.78060194142291e-05,-1.01659891131271e-05,4.45267723614219e-06,-6.71068674124951e-06,1.87958805833394e-05,-8.67015615256667e-06,3.5378145173061e-06,-1.4926323684759e-06,-4.13304460918699e-07,1.38137009544554e-06,-2.92454755603036e-07,-1.12397259982206e-06,-1.10780035613476e-06,-2.94639932652782e-06,3.1091622792707e-07,-1.59190405316098e-07,2.50988422050103e-06,4.54764477264497e-09,7.74230017362905e-09,7.18272075114926e-09,1.83436448050183e-09,1.5791007080855e-08,3.37084688127051e-09,-1.97021836794091e-09,1.16551897311357e-09,2.85703924601452e-09,-1.60524947936589e-09,-1.07606256153485e-06,6.75788269007287e-06,-2.5611054465431e-07,5.20521496024688e-08,1.2994153875584e-07,6.75068809027741e-07,-1.76846475640878e-07,3.09720315342356e-06,-7.26746292545996e-07,8.74196253222294e-07,6.95746146953067e-09,-2.76831223254927e-05,-0.000264916458614374,1.5133559223472e-05,-2.37206157588792e-06,5.90309978876028e-07,-9.75932410833578e-06,8.36751840014522e-07
"north_west","beta27",4.02682100374824e-07,1.36677837595134e-06,-5.81586403362476e-06,-1.02499387162522e-07,1.12129512708689e-07,1.07707773870364e-08,-5.8988651894516e-08,5.170913297431e-08,9.62319688561177e-08,8.48747504220093e-08,7.18004387820746e-08,5.36615031729661e-08,2.67498166886611e-08,2.72285410594464e-08,2.95487722510531e-08,7.9496875249339e-08,4.08512664153639e-07,1.3480948150094e-07,3.48932820005301e-07,3.36967431999815e-07,1.92914518708254e-07,4.90627432196218e-07,8.62773482058132e-09,9.11748702325972e-07,2.17235249967986e-07,5.37024126638462e-07,-1.0225716797449e-07,3.27352555451687e-07,9.06361765185235e-07,1.8576162921726e-07,-1.43995075285774e-07,2.10951374860992e-07,3.35285246460125e-08,-1.75355632976019e-07,5.86074918560847e-08,7.78462821522207e-08,-1.49969390347565e-07,6.67970117283087e-09,1.42233391902576e-07,-5.93805467281083e-08,2.41396962325854e-05,-1.81700047783455e-05,1.24899181177305e-05,-8.3520000566789e-06,2.89619895712402e-05,-7.3011032907197e-06,-4.77934674501416e-07,-2.37106336760875e-06,-8.42076502410792e-07,-1.53088494676118e-06,7.84378276923537e-07,-7.8189480205783e-07,-5.58608003197322e-06,-6.28157339114919e-06,1.51627057909748e-07,-5.56042714032822e-07,-5.28059540581775e-06,1.01012993047006e-08,9.64057451965139e-09,1.4548207305478e-08,5.61789824573732e-09,1.53228659283559e-08,8.29817863659584e-09,1.41229065402566e-08,1.29457647504216e-08,4.1927945311383e-09,-1.00121777804404e-08,6.87450127161889e-06,6.75186740318048e-07,-1.23991672674322e-05,1.52552479534718e-05,-2.51862485035032e-06,-1.22942607464089e-06,4.0751213712119e-06,7.2504472252639e-06,-4.27905010101357e-06,1.25448509195867e-06,3.22395715623661e-09,-4.92498540516469e-06,-0.000268357653919825,0.00045282759519722,1.84411008236955e-05,-1.03070759255656e-06,-9.31005324470948e-06,6.63184455102571e-06
"north_west","beta28",2.00944242061183e-07,-1.28808717743878e-06,2.11486002632344e-06,-3.39984502917418e-08,7.96994080006633e-08,-2.77368406251845e-08,-2.22164778167285e-08,3.61789354261522e-08,6.42429019058195e-09,3.79674629235069e-09,-1.18462196585339e-07,1.00897107899089e-08,7.52276397449322e-10,-5.21984926740916e-08,1.23012359255168e-07,-5.11288020528696e-08,4.95876862575592e-07,2.78689608143004e-07,3.3728594674768e-07,5.00355687283167e-07,3.30262644773475e-07,5.26289349375439e-07,5.40287606655638e-07,2.17235249967986e-07,1.2892692458157e-06,2.10801150524254e-07,-1.05229467538926e-08,6.38630152191664e-07,9.86375657765514e-07,3.83909227700829e-07,-1.63509792478626e-08,2.59933523041939e-07,3.06427258308052e-07,-1.57357261953345e-07,2.53632157387972e-08,6.19283790053034e-08,-9.60331343524812e-08,3.52398797518858e-08,6.51122279302951e-08,2.42424693093805e-08,2.74912189177201e-05,-1.31286624164842e-05,9.11845306270776e-06,-1.60498292115677e-05,3.54839280787369e-05,-1.33990258773532e-05,5.32765110643557e-06,-2.50363983165457e-06,-4.27334916694688e-07,-2.97104154285211e-07,-6.11999220908012e-08,-3.15037344891145e-06,-1.78945891171167e-06,-1.04474850533499e-06,8.9165287579553e-07,-1.55763089043636e-07,-1.28160721649691e-06,1.22720680795859e-08,2.08284680918018e-08,2.03414595972895e-08,6.2122140276353e-09,2.04809149156093e-08,1.17719932487449e-08,1.28777473424656e-08,1.35208557108516e-08,7.79662889610156e-09,-1.64769586239421e-09,3.68289485106625e-06,1.11503864406772e-05,-6.06962767123389e-06,8.24463630267912e-06,-1.3165343678405e-06,4.84669076639052e-07,-2.30385122530265e-06,3.31231553294005e-06,-3.73389723131131e-06,1.65817350956919e-06,7.27976329116468e-09,-3.02103309859998e-05,-0.000337977157114085,0.000390283496058507,1.23391488775428e-05,1.06992515012079e-06,-1.53941595407611e-05,5.2809849702743e-06
"north_west","beta29",-2.40041330307741e-07,-1.17801862797704e-06,1.89116497078296e-06,1.25358503873166e-09,4.33821707702167e-08,-2.14448682630134e-08,-4.9051853360808e-08,2.02556837056492e-08,-7.49720631553512e-08,-2.12174354601025e-08,-1.57110865019397e-07,-2.80531195450988e-08,-1.70269003064636e-08,-9.58338135716558e-08,9.97174425194256e-09,7.98813803291376e-08,3.51017508538595e-07,2.29108658004591e-07,1.74284808944731e-07,4.28857031216338e-07,2.14343350855602e-07,4.16781016593702e-07,2.60914095164681e-07,5.37024126638462e-07,2.10801150524254e-07,8.01202257470218e-07,-5.40863101028675e-08,2.26690147532595e-07,8.22891571712139e-07,3.46275006164607e-07,9.43022378794296e-08,2.78475701467071e-07,2.42599296876917e-07,1.45268800377943e-07,3.97477616269247e-08,4.56817147541189e-08,-4.30627360128409e-08,1.61516954348854e-08,2.83844958549424e-08,1.24654049208388e-08,3.23485695664805e-05,4.23077775030386e-07,5.5403435037421e-06,-9.93929311071632e-06,3.11173098114096e-05,-1.05988739555254e-05,1.97720065157133e-06,-1.56663357847007e-06,-1.1779677643863e-06,-1.25249944668539e-07,-1.3910179502693e-07,-2.2800252570397e-06,-4.90900504094547e-06,-5.5779187297948e-06,3.64408636617324e-07,-4.41320708571742e-07,-2.30451577313117e-06,1.37635382304486e-08,1.53143861826792e-08,1.79213666656153e-08,6.76904743132965e-09,2.41112924739085e-08,9.69945731860633e-09,7.13680290997386e-09,9.53918291057568e-09,4.67691214550613e-09,-1.02293601780288e-08,3.97840843239917e-06,1.10632580877856e-05,-6.04684052558989e-06,8.71083140146995e-06,-9.0037601167317e-07,1.80442002131113e-06,9.9509814321129e-07,7.23862294106338e-06,-4.25992795480183e-06,1.29671814593167e-06,4.56182491280571e-09,-4.78997097282285e-05,-0.000373219884040039,0.000201049561569002,-2.08034762848487e-06,1.94828138796697e-06,-1.2474544504286e-05,1.1607355402248e-06
"north_west","beta3",-5.49463238889051e-08,-1.26299789319709e-06,-7.60898081540885e-07,-5.22086964260308e-09,4.26151754679455e-08,-8.92992782210499e-09,-6.38919796792738e-10,9.87820821798748e-10,-2.31778068071822e-08,-2.14927097451721e-08,-3.75788821103173e-08,-1.03693693767831e-08,-1.16062425638939e-08,-1.00627280882257e-08,-1.07339260199733e-08,-8.37068011002513e-07,-4.12700583714285e-08,1.03512844247315e-08,-7.53346738450879e-08,-2.64257962502974e-09,-2.17040208340146e-08,-4.21465286550899e-08,2.09664288203887e-08,-1.0225716797449e-07,-1.05229467538926e-08,-5.40863101028675e-08,1.49104157372921e-07,-5.89710989803736e-09,-1.21518207405537e-07,-1.63098726437969e-08,3.35687767158524e-08,-2.57004778504124e-09,-9.58059439550454e-09,1.13142093446735e-07,-9.41682928091931e-08,6.77275203916747e-08,-2.07851159452295e-08,1.29828926659067e-08,-3.29022974699359e-08,1.35640419836874e-08,-3.25781937026838e-06,5.85594280394601e-07,-1.06277841973501e-06,1.50541026018278e-06,2.46169148751043e-06,-2.55777897443172e-07,7.6924785465266e-07,1.8637373170063e-07,1.73974870755222e-07,5.11487662592688e-07,1.20229128005921e-07,1.07432882649621e-07,2.23443396015791e-06,5.67955930474644e-07,7.67337640881712e-08,-3.95388627349525e-08,1.92655817124359e-06,-1.02883277109477e-10,-3.54639254225572e-10,-1.52969592621349e-09,1.13034491396647e-09,4.21575178871687e-09,9.34091193585094e-11,-2.83570064437752e-09,-1.00330415137624e-09,-4.64725982354896e-10,3.63865573937779e-09,-1.64910666101002e-06,-4.28853732984818e-06,1.32703407424272e-06,-3.40421435677897e-06,2.78015873372612e-08,1.15521220378394e-07,-1.85274715138247e-06,6.10938465758402e-07,1.75322088467529e-07,1.11343944810408e-07,-7.01312972055242e-10,-2.97295013851131e-06,9.15884845869713e-06,-7.83224460143766e-05,5.39181455284585e-06,3.61048221518689e-07,4.2634050981591e-07,-1.00282797217488e-06
"north_west","beta30",-1.10294582787061e-07,-9.38705927617014e-07,6.76214832101907e-07,3.131099704532e-08,6.17125817568737e-08,-6.69386874180057e-09,-7.1225303101708e-08,7.39320971611766e-08,-1.06953939698531e-07,-6.97765743937069e-08,-1.51716002965812e-07,-3.10531713408577e-08,-3.33173678565787e-08,-1.227459229657e-07,4.84326863036837e-08,-1.96441711631408e-07,3.52576225885138e-07,2.50988240785091e-07,1.28840169858113e-07,4.22911018652207e-07,2.31896311352396e-07,3.89306720355669e-07,3.63724550198769e-07,3.27352555451687e-07,6.38630152191664e-07,2.26690147532595e-07,-5.89710989803736e-09,6.69362600379805e-07,2.82015760893672e-07,2.53569227973203e-07,1.35625731259365e-07,2.34018056729775e-07,2.81593155461852e-07,2.64077647686075e-07,7.88051214173291e-09,5.16916269444424e-08,3.8573068456278e-10,-4.47986211441633e-08,1.10662109796131e-07,-3.9637493466556e-08,2.54526874501515e-05,-4.20869317856673e-06,8.68637387065996e-06,-1.21747832690695e-05,2.34671832803253e-05,-1.34749046329031e-05,4.45659009277671e-06,-2.77705862263998e-06,-1.16256816742181e-06,1.15389862287089e-06,-8.79233698567559e-09,-2.19920950628792e-06,-5.96819964062034e-06,-2.38620545613539e-06,1.03985837440403e-07,-3.83475312299297e-07,-3.52985423125495e-06,1.09874977332255e-08,1.95141435646819e-08,1.46956031355171e-08,8.26075655128543e-09,2.01723269043324e-08,5.76639411472118e-09,4.29205122239609e-09,6.60163775799977e-09,5.40142328635292e-09,-4.43265403384835e-09,-4.97271774770888e-07,5.78388817146949e-06,-8.82036442815327e-06,1.34817317331695e-05,-2.55900276885524e-07,1.75010568418381e-06,3.12787065611376e-06,3.89994634265804e-06,-2.88719860837226e-06,1.80472554703321e-06,6.0536658397402e-09,-2.12841242686474e-05,-0.000337450358033661,-4.82941325389338e-05,1.51192722777757e-06,2.26883062176988e-06,-1.32829093362483e-05,8.53147128955087e-07
"north_west","beta31",9.32094043883167e-07,1.71320268978094e-06,5.60345608801063e-06,-1.89339514893919e-07,1.8306614288226e-07,4.43097789714175e-08,-1.03474751495468e-07,4.68611011702202e-08,2.4835136150288e-07,2.53532583719208e-07,1.17302346517438e-07,1.32514802780032e-07,8.12476240666544e-08,2.21653740266304e-07,1.52205226367024e-07,3.83738625864591e-07,5.99030300394164e-07,2.34086560599127e-07,6.16346621581073e-07,6.78466343778237e-07,3.31568664177423e-07,7.46905276322324e-07,3.52833721908887e-07,9.06361765185235e-07,9.86375657765514e-07,8.22891571712139e-07,-1.21518207405537e-07,2.82015760893672e-07,2.48955562818078e-06,6.53768985286428e-07,-4.74717496783902e-07,3.21225680605392e-07,1.23049380318259e-07,-1.02153471167266e-06,7.90184130046742e-08,1.75044044746513e-07,-3.98799434236267e-07,1.60064033147709e-07,-2.13319253397807e-09,1.07568402230928e-07,4.90189419242659e-05,-1.65709495940511e-05,6.79706558110941e-06,-1.47535656437918e-05,4.77717645112535e-05,-5.51665045195605e-06,5.48725870110353e-06,-7.25061947174231e-07,2.04635654369729e-06,-3.87060954195355e-06,-5.17687369027152e-07,-2.59921746310551e-06,-9.57248321274993e-06,-3.42273037519473e-06,1.77676698905456e-06,-1.57031118065553e-07,2.38296847460206e-06,1.16347610647432e-08,1.56346825292444e-08,3.38994069861891e-08,5.62839429216147e-09,3.37417859615771e-08,2.44703865094895e-08,2.90468370714043e-08,3.22575404673906e-08,1.55392977939091e-08,-1.60986931708222e-08,7.44811651347665e-06,3.31235552039785e-05,-1.25249922070652e-06,-2.23962092382003e-06,-9.54463717831576e-06,-1.84147518908555e-06,5.4623680461249e-06,1.30961224094804e-05,-7.76457086279058e-06,8.16435319172007e-07,1.92993039500067e-08,-1.26021877108299e-05,-0.00033474591086428,0.00140343888258971,5.0765889506908e-05,-2.95122656186179e-06,-1.27012422538119e-05,1.37959394291137e-05
"north_west","beta32",-2.37271356974641e-07,1.50437703287933e-06,1.18442593827212e-05,3.45294244149671e-09,-2.79129082675895e-08,7.13638920729858e-08,-1.99488175231804e-07,8.30544514651634e-09,-2.11423573977235e-07,-2.4372829119166e-07,-3.68261468179763e-07,-1.40996334205151e-07,-6.0094877361848e-08,-1.93535220435215e-07,-2.3291974288225e-09,3.90298773941878e-07,1.52793884816084e-07,1.51637974795752e-07,9.81917364905193e-09,3.56400709028279e-07,7.51905834233874e-08,3.06319483086356e-07,2.19953129641636e-07,1.8576162921726e-07,3.83909227700829e-07,3.46275006164607e-07,-1.63098726437969e-08,2.53569227973203e-07,6.53768985286428e-07,1.33297137665624e-06,1.61648357287397e-07,9.82898165904934e-07,4.28659768635116e-07,8.19767128756386e-07,2.58027825583804e-08,3.47964858671434e-08,3.71959401965937e-08,-5.52908511484437e-08,1.43474505291237e-07,-3.16398409085398e-08,2.48735144323038e-05,3.26550513538249e-05,-7.80593681679313e-06,-1.53691980166426e-05,-1.10794447239945e-05,-9.16937475217853e-06,6.07715346944238e-06,-1.65042125444766e-06,-4.27779632028337e-08,3.71674015975124e-07,-1.58250007956836e-06,-5.22031045266861e-06,-6.43394691518181e-06,6.93991127490158e-06,1.03911980976261e-06,-1.55256959139024e-07,2.6181392323056e-07,1.38653060072106e-08,3.2395256934385e-08,2.63065798110484e-08,1.58103640207016e-08,3.32872900350201e-08,1.60091398581967e-08,6.75363561832856e-09,1.24872487253584e-08,1.19515197139132e-08,-5.44302410054966e-09,-6.08490162628741e-06,2.52341644512437e-05,4.61497487293849e-06,3.56663156324544e-06,2.81337842268619e-06,2.21760106592388e-06,-4.38123895171867e-06,5.48937397591525e-06,-3.81076551398691e-06,1.52529903282476e-07,-1.86304462403941e-08,-7.33519660982871e-05,-0.000290531580270427,-0.000106717981869006,-1.95647405980628e-05,5.85026238553418e-06,-1.00520311169389e-05,-1.33291976844902e-05
"north_west","beta33",-1.03298630486274e-06,-6.64193157870694e-07,5.32264905499583e-06,2.00635816026887e-07,-1.76710763250719e-07,-1.33801562828233e-08,-7.62760784681833e-08,2.77867111178421e-08,-3.84828316590129e-07,-2.72597317018096e-07,-4.23937702159551e-07,-1.62202406830556e-07,-1.32779062105037e-07,-2.5433249679348e-07,-8.02906039716687e-08,-4.52243700080015e-08,3.46297861329877e-09,1.13051360523818e-07,-3.57124606579798e-07,1.6318894955766e-07,7.5639705504564e-09,-7.26247871713652e-09,1.23395515186912e-07,-1.43995075285774e-07,-1.63509792478626e-08,9.43022378794296e-08,3.35687767158524e-08,1.35625731259365e-07,-4.74717496783902e-07,1.61648357287397e-07,6.84342622587006e-07,2.03762870484195e-07,4.08260078648348e-07,1.07628394830257e-06,-7.70268032972463e-09,-5.79705741154919e-08,2.39920582391048e-07,-1.06991574770773e-07,4.49046529769151e-08,-3.38274514369719e-08,6.38285958065001e-06,2.60426512212615e-05,-6.43712251747186e-06,-1.17830271100367e-05,-9.20702674826597e-06,-1.60086668878482e-05,1.00980709468009e-06,-2.99016921852658e-06,-1.62941803514828e-06,2.35542692823376e-06,-7.5062591240717e-07,-2.85045289807188e-06,-1.29010679561404e-05,1.86164077633563e-06,-1.72871333531807e-07,-5.39800354239529e-07,-3.63154476434737e-06,1.24546724627367e-08,2.65965023161579e-08,1.62118287143139e-08,8.8555159105589e-09,2.44260033836681e-08,2.11947056976979e-09,-8.03526549323493e-09,-4.49067449450219e-09,2.55571629013166e-09,3.33735907808824e-10,-3.36075753866046e-06,4.37875956006484e-06,-3.23963995384077e-06,1.47771560981865e-05,4.83805058461131e-06,4.78847660007784e-06,9.2726291768032e-06,-1.55363048011703e-06,2.06233388442954e-06,1.21773804774226e-06,-1.65794205325259e-09,-5.17297143542901e-05,-0.000141051479940285,-0.000783707290506167,-7.27242131594941e-05,6.82276894024761e-06,-6.77622263686237e-06,-1.44617890291933e-05
"north_west","beta34",-2.40531075628947e-07,9.38746254670128e-07,-3.03782579195517e-06,-5.40065818933913e-08,4.17974888581202e-08,3.43154133138178e-08,-1.88761498453116e-07,1.06532085597922e-08,-2.53677875580072e-07,-3.09077348820377e-07,-4.86362250797591e-07,-1.79189570175026e-07,-7.13647366629427e-08,-3.26032112592134e-07,-4.45497236963714e-08,4.42026633762568e-07,1.51806252950225e-07,9.98844415355887e-08,-3.243637897057e-09,1.49166611313315e-07,9.14174722875257e-08,2.53098113182525e-07,1.18016760873588e-07,2.10951374860992e-07,2.59933523041939e-07,2.78475701467071e-07,-2.57004778504124e-09,2.34018056729775e-07,3.21225680605392e-07,9.82898165904934e-07,2.03762870484195e-07,1.39635741270602e-06,-5.81591153837732e-08,1.71062958604726e-06,1.25062301491222e-09,5.65525049170796e-08,3.74708897417566e-08,-4.42500726763786e-08,2.11339375374068e-07,-7.02232301433417e-08,8.16655633247182e-06,2.26900313631537e-05,3.35001586956567e-06,-1.76300666643303e-05,1.13995866901941e-05,-1.65441094820377e-05,2.32434106950326e-06,-4.42040770638674e-06,-2.23517262101908e-06,6.1651752148287e-07,-2.27862508922912e-07,-5.86029954255394e-06,-5.33862440394922e-06,3.77351151604005e-06,4.98772924361675e-07,-6.43674713708437e-07,-7.0811600875713e-06,1.8034566728482e-08,3.68276844581098e-08,2.52668677337259e-08,2.19093993492979e-08,3.13729105598583e-08,1.29548064159637e-08,1.2938581012118e-08,9.12138576770065e-09,7.29440622604244e-09,-1.505689817828e-09,2.14611706058093e-07,-6.0266082139498e-07,-3.84550648711841e-06,1.50456644112606e-05,7.39588289086272e-06,1.75491593241643e-06,-8.42615656559754e-06,3.8759519329766e-06,-3.66159381696803e-06,1.09773439424229e-06,-2.9901277889828e-08,-8.10994013530423e-05,-0.000287613329222077,-0.000353098121659931,2.34310220189981e-06,7.35108626383457e-06,-9.87392859580793e-06,-1.42618605702736e-05
"north_west","beta35",-6.24742859984511e-07,7.08232766902589e-07,9.96395833494812e-06,7.59146840441091e-08,-1.18810535627642e-07,4.45656708053277e-08,-8.74541736614231e-08,3.07695210870974e-08,-2.05660770371912e-07,-1.33059153020829e-07,-2.21120729910822e-07,-7.081883071076e-08,-7.14743650158383e-08,-4.29158158406105e-08,7.8593325071415e-09,1.2440586502558e-07,1.47854065175348e-07,1.41247609056927e-07,-3.00314637034793e-08,3.19038317406613e-07,6.73372220578943e-08,2.07198853889422e-07,2.39800301298655e-07,3.35285246460125e-08,3.06427258308052e-07,2.42599296876917e-07,-9.58059439550454e-09,2.81593155461852e-07,1.23049380318259e-07,4.28659768635116e-07,4.08260078648348e-07,-5.81591153837732e-08,1.19961023465457e-06,-1.0217093412383e-06,2.05012560608731e-08,-2.36980960228884e-08,1.62300020597873e-07,-1.18232368400765e-07,9.90425020066041e-08,-1.01718544090604e-08,2.01399577331024e-05,2.24156366250029e-05,-5.93170950149733e-06,-5.53652486013929e-06,-5.42947318111166e-06,-6.34841088359678e-06,3.61831276713972e-06,-7.28870640615199e-09,-1.64655679426111e-07,-5.86355931730266e-08,-1.14739481814468e-06,-3.5575255137725e-06,-3.00970413801075e-06,4.68855380138938e-06,3.80308492222062e-07,1.38238757482923e-07,3.58683898034923e-06,1.22114864538646e-08,2.22308365829496e-08,1.72639436984707e-08,9.2894219042049e-09,1.98662642469805e-08,9.64296340509625e-09,-2.40020597963795e-09,5.85887172912585e-09,8.5610462389642e-09,7.0639953240479e-10,-3.57138882335863e-06,1.3566344852391e-05,5.22409604009e-06,1.19566549459268e-06,1.99529480809126e-06,3.1684842962023e-06,-3.55702087453485e-06,1.92950810153378e-07,-3.55391157044986e-07,5.73214874664937e-07,1.30405704884689e-09,-5.55597107140485e-05,-0.000146361121316359,-0.000310254119971299,-6.03967975760416e-05,3.74240813555423e-06,-7.85114838274348e-06,-8.33330032573995e-06
"north_west","beta36",-1.9084428235552e-06,-3.64864168433983e-06,2.55765942505151e-06,3.03806424075006e-07,-3.11021532042924e-07,-5.55473030722681e-08,-2.56110368912052e-07,1.45605118286238e-08,-8.20077601584824e-07,-7.95530106360168e-07,-1.05090785306476e-06,-4.52317426803296e-07,-2.66488715739347e-07,-8.46855963565025e-07,-2.79243318816974e-07,1.85529125814637e-07,7.98348030547352e-09,2.02420560447884e-07,-7.65210915417861e-07,9.05663817181314e-08,6.75343347188768e-08,-6.84271856045574e-08,1.68863743748735e-07,-1.75355632976019e-07,-1.57357261953345e-07,1.45268800377943e-07,1.13142093446735e-07,2.64077647686075e-07,-1.02153471167266e-06,8.19767128756386e-07,1.07628394830257e-06,1.71062958604726e-06,-1.0217093412383e-06,7.02197906108446e-06,-5.83685576788894e-08,-3.61587643733653e-08,2.83352956703147e-07,-4.9407040426919e-08,9.93183813727017e-08,-1.19450687272161e-07,-9.08613152952618e-06,4.55935872175024e-05,-3.19513908016352e-06,-3.5655635771845e-05,-3.32613647860569e-05,-4.18210022029785e-05,2.78785735272422e-06,-1.08839449094118e-05,-4.0534748889294e-06,8.45899587779576e-06,-8.52684110871746e-07,-6.28494300108659e-06,-3.40358202795469e-05,4.62894410929564e-06,-4.09925132752283e-07,-2.19272771195638e-06,-2.00313225006534e-05,2.46812948929697e-08,6.41613364377758e-08,3.54966964465852e-08,2.66445555297286e-08,6.98824389922306e-08,1.79624460577427e-09,-8.92387940559197e-09,-1.21917924565575e-08,1.09093622295198e-09,3.09058423353539e-09,-6.48222516259098e-06,2.78293825382106e-06,-1.71406686296754e-05,4.41205592546604e-05,1.0498595922299e-05,1.15626600848089e-05,2.4238447433778e-05,3.98699544718932e-06,8.57812483733964e-07,2.87685720679989e-06,-3.35693282234807e-08,-0.000105126607234873,-0.000476350243439829,-0.00169520343758656,-0.000109612813574387,1.73636093022942e-05,-1.60430492996306e-05,-3.3568521013842e-05
"north_west","beta4",7.20146386077531e-09,6.54749539793339e-07,1.18531473705082e-06,-4.88027930080225e-09,-3.54529386072573e-08,4.16938531651598e-09,5.97793540833597e-09,-6.51040019119824e-09,5.302321817889e-09,-7.18706582621214e-09,-5.95477368986369e-09,8.7241696792266e-10,3.98881881146286e-10,-7.96737363857704e-09,1.04888999327921e-08,3.94638982740399e-07,3.06999487641389e-08,-9.61813574224568e-10,2.63847621861595e-08,3.17401558797372e-08,4.55245536145316e-09,4.01520079310871e-08,-1.18736353038802e-08,5.86074918560847e-08,2.53632157387972e-08,3.97477616269247e-08,-9.41682928091931e-08,7.88051214173291e-09,7.90184130046742e-08,2.58027825583804e-08,-7.70268032972463e-09,1.25062301491222e-09,2.05012560608731e-08,-5.83685576788894e-08,7.88605868068288e-08,-8.01840586605464e-08,4.29405763308764e-08,-1.82615315245092e-08,3.28160268134696e-08,-8.6123523506956e-09,2.79982145361873e-06,1.08832073720685e-06,-2.98336453143489e-07,-2.48187604156292e-06,-2.93787344840207e-06,2.3459001652819e-07,-6.21941232914317e-07,-1.00540047113189e-07,-2.2536199723182e-07,-2.1300728175439e-07,-1.17100073507715e-07,-5.01451156286606e-07,-1.97168223598254e-06,3.17591721264388e-07,5.21843181642973e-08,1.64345641439265e-08,-7.24517049585034e-07,1.02676980427617e-09,1.38571816723573e-09,2.02144081592004e-09,-6.88204564490201e-10,-1.4283574614398e-09,5.90885469025448e-10,1.424112175541e-09,7.40071545675668e-10,5.49887012705726e-10,-2.77966066813674e-09,1.45005144810199e-06,3.76463790411353e-06,-8.93103573958148e-07,2.52652684738313e-06,7.48105063810108e-07,2.85614576848098e-07,1.24602711076909e-06,-5.60484194442197e-07,-3.10638035070404e-07,2.027264544663e-09,2.51993325348772e-09,-3.51978676485918e-07,-5.02147129200104e-06,4.09332003535513e-05,-1.2343370015769e-05,1.47669515309089e-07,-6.57486136681432e-07,3.22840546950073e-07
"north_west","beta5",1.0860000397852e-07,-1.73860775515998e-07,-3.00186806872706e-06,-3.37423578217452e-08,5.67979901072196e-08,2.48750074956294e-08,-4.18036207479536e-08,3.31846286285328e-08,3.36682774130462e-08,5.36923374308176e-08,4.35433716750006e-08,2.42082000965898e-08,2.33652062163916e-08,5.57778412677515e-08,-1.3096383565752e-08,-2.03484333352046e-07,2.9189250879138e-08,1.68123064640058e-08,8.05883369473017e-08,-1.26565007581466e-08,4.96103859959633e-08,3.84485067516173e-08,3.95646228362274e-08,7.78462821522207e-08,6.19283790053034e-08,4.56817147541189e-08,6.77275203916747e-08,5.16916269444424e-08,1.75044044746513e-07,3.47964858671434e-08,-5.79705741154919e-08,5.65525049170796e-08,-2.36980960228884e-08,-3.61587643733653e-08,-8.01840586605464e-08,1.85577134545044e-07,-2.00996057083599e-07,9.10304483066666e-08,-4.67910773942811e-08,1.58230033605712e-08,3.32868037309556e-06,-1.40565751201759e-06,3.71415544652916e-06,2.59284855593624e-06,1.39872496519358e-05,-5.01058458972355e-07,1.61011317386413e-06,-9.90333719595376e-08,4.53337168292585e-07,-3.63362358047969e-07,1.835104981492e-07,-4.88393760461245e-07,-6.03392933797474e-07,-1.77546058325311e-06,5.25910350176513e-09,2.06518426991865e-08,-2.02078376435956e-07,4.00092991656604e-10,2.40671650371022e-09,3.90497176442727e-09,4.04812542224224e-09,8.49449462158649e-09,1.83077909903419e-09,4.04488332397957e-09,4.25816220380913e-09,2.36014319880968e-09,7.86049705449198e-10,5.9599246572655e-07,-2.06044607183292e-06,-4.7621024912479e-07,-9.62814276654154e-07,-1.33351086418697e-06,-3.96202125032747e-07,-4.19127204880138e-07,3.06937014609026e-06,-1.36825029552945e-06,2.16068233400231e-07,-1.06894155157734e-09,-3.67827716049244e-06,-5.951102738383e-05,0.000116641179573427,1.44865877942646e-05,-6.98454906786816e-07,-4.76221802397792e-08,1.3612332439315e-06
"north_west","beta6",-4.7038604005328e-07,-1.47480725857812e-06,6.25957411914366e-06,8.86931193124452e-08,-7.61309967869861e-08,-2.3588866392016e-08,3.78795872709262e-08,-5.26720162652763e-08,-1.72712291217824e-07,-2.16053589802074e-07,-2.38013166863695e-07,-1.05848209527162e-07,-7.63122743896785e-08,-1.62937339339343e-07,-3.45258353631807e-08,2.59865135240548e-07,-5.04547247373359e-08,1.73803732354861e-09,-1.85062208698131e-07,7.21352860471742e-09,-4.68788650510752e-08,-7.14492517097029e-08,-1.20765691598378e-08,-1.49969390347565e-07,-9.60331343524812e-08,-4.30627360128409e-08,-2.07851159452295e-08,3.8573068456278e-10,-3.98799434236267e-07,3.71959401965937e-08,2.39920582391048e-07,3.74708897417566e-08,1.62300020597873e-07,2.83352956703147e-07,4.29405763308764e-08,-2.00996057083599e-07,4.60647775359186e-07,-2.96885396592386e-07,1.74244397978479e-07,-3.5208308338363e-08,5.32569379207862e-06,2.1054765364834e-05,-7.28616864242007e-06,-5.4526862071488e-06,-1.91183301569893e-05,-3.0272631062786e-06,-1.29706422829144e-06,2.73216598543389e-07,-6.34818555112444e-07,1.10526678233316e-06,-7.21819410176359e-07,-1.18598316921568e-06,-1.38717273093295e-06,2.46951155955462e-06,-2.50741703895877e-07,-2.98632527938424e-08,-9.96531481857041e-07,4.13150299172674e-09,7.8850139448339e-09,2.33678400039878e-09,1.46177148281541e-09,-2.02845908092251e-09,3.46382978737107e-10,-8.44320552131179e-09,-3.0225932947645e-09,-8.25694408762866e-10,8.45386041325805e-11,-3.65669895386924e-06,5.114080584539e-06,1.78062469229175e-06,3.71611327614461e-06,3.65329625331775e-06,2.01944355896297e-06,1.46056076967681e-07,-5.19556416927001e-06,2.34914490326753e-06,7.77831602234812e-08,-5.55248302056263e-09,-1.42121069072139e-05,1.0884281121854e-05,-0.000393945729873188,-2.45910546428082e-05,4.0076404903298e-06,-2.25365034547178e-06,-6.37175700597904e-06
"north_west","beta7",2.27890671529582e-07,1.21821934925357e-06,-2.61316423932162e-06,1.06097086783103e-08,8.47619377413132e-09,-1.07879672918079e-08,1.50619192815135e-08,4.91657096852541e-08,9.3143076403478e-08,1.59929969498552e-07,1.65894317400418e-07,7.29291540837811e-08,6.25311414422903e-08,1.00978165440477e-07,3.91529367003694e-08,-1.45828789189655e-07,-1.43648620915329e-08,-5.46888736434464e-09,5.98037439403413e-08,1.77407533151064e-08,2.29628889863015e-09,4.12937865202221e-09,2.4810840395339e-08,6.67970117283087e-09,3.52398797518858e-08,1.61516954348854e-08,1.29828926659067e-08,-4.47986211441633e-08,1.60064033147709e-07,-5.52908511484437e-08,-1.06991574770773e-07,-4.42500726763786e-08,-1.18232368400765e-07,-4.9407040426919e-08,-1.82615315245092e-08,9.10304483066666e-08,-2.96885396592386e-07,3.51971627365951e-07,-3.47683935966109e-07,1.02397447110339e-07,-7.31999482063819e-06,-1.47646857450944e-05,8.76417355426808e-07,4.51781698839032e-06,1.53469989490456e-05,2.24029425242795e-06,-2.72702852773232e-07,1.2520522500535e-08,7.17901609756245e-08,-3.35204503405263e-07,5.34326831938123e-07,-1.57866261679278e-07,9.84395989756535e-07,-4.12021235243258e-07,3.1384698301411e-08,1.12816261473411e-07,4.623138290245e-07,-9.51491395759591e-10,-3.31378309978769e-09,-2.72458094764996e-09,-5.42455993058594e-10,6.37846391021533e-09,-1.55529263529584e-09,5.39657041977025e-09,-1.00941239280439e-09,9.9405471765358e-10,4.95383995639987e-09,1.75858442415815e-06,-5.0487094811078e-06,-6.3953747480482e-07,-3.25928548920463e-06,5.64825269827204e-07,-1.41588610441207e-06,-1.02742394647545e-06,4.72886819204444e-07,-2.76285611235257e-07,-1.63917446475535e-07,-2.64317891795371e-11,-2.30268793937207e-06,1.40382610404441e-05,0.000179773792925457,-5.88730409939158e-06,-2.71203601153529e-06,2.71413587709006e-06,2.97135683126113e-06
"north_west","beta8",-5.7961620519245e-08,-6.35970349335471e-07,-4.73978391337006e-06,-5.6715086126007e-08,6.22468362640953e-08,7.78202825780968e-08,-4.98812557388619e-08,-6.70019803262913e-08,-2.50768318551968e-08,-1.72599934489667e-07,-1.85907032899246e-07,-7.88496720959035e-08,-3.85841643719989e-08,-1.40084329912452e-07,-1.03445706566682e-08,8.00353841861995e-08,1.20419056447338e-07,4.67940629367148e-10,1.06177391691274e-07,-8.27515563402477e-08,1.22053361516944e-08,1.32025989346211e-07,-6.08044877361281e-08,1.42233391902576e-07,6.51122279302951e-08,2.83844958549424e-08,-3.29022974699359e-08,1.10662109796131e-07,-2.13319253397807e-09,1.43474505291237e-07,4.49046529769151e-08,2.11339375374068e-07,9.90425020066041e-08,9.93183813727017e-08,3.28160268134696e-08,-4.67910773942811e-08,1.74244397978479e-07,-3.47683935966109e-07,6.24052799372272e-07,-2.99757152168529e-07,2.36082987335953e-06,1.16717576706419e-05,8.69914421147159e-06,-4.2134981167326e-06,-8.35820499530158e-06,-2.28891302270649e-06,-4.96454119904982e-07,-1.13946466681642e-06,-1.13288492936229e-06,-6.50664027469492e-07,3.19222836915223e-07,-1.16723602879637e-06,1.82105774238474e-06,-5.60850451817519e-07,2.65247867459325e-08,-1.43604466490535e-07,-4.20105265696402e-06,4.05576063093528e-09,4.06862241038765e-09,4.10037993095018e-09,3.20325522353926e-09,-1.61633451682267e-08,3.30692704877504e-09,1.16545975562783e-09,4.31241350483552e-09,-2.252531133623e-09,-7.15904268593896e-09,5.2269477386334e-06,-6.88311362908434e-06,-3.23185766594304e-06,6.38210235810587e-06,1.31701352127756e-06,1.34225074985273e-06,-5.65947655526344e-06,6.21955592541e-07,-1.9771091732106e-06,2.2273170605555e-07,-8.94249970334716e-09,-5.05067357164397e-06,-3.06099576514306e-06,-7.68541240346476e-05,1.1366192857454e-05,2.91180252700005e-06,-4.28303170591498e-06,-1.78551623618369e-06
"north_west","beta9",-2.34814718990453e-08,7.27379211177313e-08,6.27605354389812e-06,-6.43364564123632e-08,-1.72848511201033e-08,-1.31694438424812e-07,1.11817803303719e-07,1.31653033049846e-08,3.56724687321337e-10,3.36494028365326e-08,2.42985672302985e-08,2.68700593094763e-08,5.74058872133861e-09,8.33513429371885e-08,1.47479502514468e-08,1.52325061693401e-07,-5.26243833615838e-08,-4.79891416869105e-09,-4.0112444318332e-08,7.48165332194383e-08,1.53749260728357e-08,-6.09393238476379e-08,5.80156472077555e-08,-5.93805467281083e-08,2.42424693093805e-08,1.24654049208388e-08,1.35640419836874e-08,-3.9637493466556e-08,1.07568402230928e-07,-3.16398409085398e-08,-3.38274514369719e-08,-7.02232301433417e-08,-1.01718544090604e-08,-1.19450687272161e-07,-8.6123523506956e-09,1.58230033605712e-08,-3.5208308338363e-08,1.02397447110339e-07,-2.99757152168529e-07,3.35183597545562e-07,1.39991096088597e-06,5.23580395790317e-08,-5.39324559684202e-06,-1.07584595202175e-07,2.73774959613528e-06,1.8845535661423e-06,6.15503234665208e-07,6.22537197623488e-07,9.53766026117193e-07,1.18469680837931e-07,-7.24499301641028e-07,-6.17736901030893e-07,-1.39834300291682e-06,6.9714517072014e-07,1.32264888716826e-08,1.45608608026757e-07,4.06832985218809e-06,-1.02550506853516e-09,8.53825967825928e-10,5.08445066570692e-09,2.80363219899459e-09,2.22397679725581e-08,1.27873239150082e-09,2.37153303074627e-09,1.09976717208651e-09,4.48070525195872e-09,3.61965580215511e-09,-5.88346032991887e-06,8.16065142361357e-06,4.853970745092e-06,-6.15846975567956e-06,2.51824582255996e-07,-1.09937585575189e-06,2.07298969202309e-06,-6.79741967544686e-07,1.11675082862851e-06,1.64145802271183e-07,1.13396447440515e-08,-3.41327752220419e-06,1.04547699595968e-05,8.07859478912039e-05,-1.91329395475462e-06,-3.86332460552102e-07,1.48843875334614e-06,5.22045619472981e-07
"north_west","mu_D",-2.73782756339392e-05,-0.000216888110609456,0.000831543712479217,5.54468165679281e-06,3.68532971336016e-07,6.0815161048692e-06,-1.30071363001881e-05,6.04741043134037e-06,-1.76902441439808e-05,-1.62702058774792e-05,-2.54923356416653e-05,-4.51519437969307e-06,-8.96096864511049e-06,-1.22114664596137e-06,-1.56438688499334e-05,8.59056324884606e-06,1.29698116384767e-05,1.86926442299784e-05,-1.49211158058542e-05,4.11453354684662e-05,1.3911109456207e-05,2.19922765577926e-05,1.78060194142291e-05,2.41396962325854e-05,2.74912189177201e-05,3.23485695664805e-05,-3.25781937026838e-06,2.54526874501515e-05,4.90189419242659e-05,2.48735144323038e-05,6.38285958065001e-06,8.16655633247182e-06,2.01399577331024e-05,-9.08613152952618e-06,2.79982145361873e-06,3.32868037309556e-06,5.32569379207862e-06,-7.31999482063819e-06,2.36082987335953e-06,1.39991096088597e-06,0.00742923029614299,0.00403626594983551,-0.000867112266638472,1.38403652052043e-05,0.00271403684044144,-0.000586129014756208,0.000389820782817784,0.000186029904378553,0.00019305670933447,4.41200600017648e-05,-0.000168560776494022,-0.000204127882754429,-0.00127816106534498,-0.000658937938276302,1.78352551957383e-05,2.95122343316885e-05,-2.14068597445678e-05,8.9495959845133e-07,1.89275171245787e-06,1.73325896101783e-06,7.35204528153638e-07,1.9173502916198e-06,8.13442231300248e-07,1.77171733291823e-08,1.18288301689944e-06,9.5231983208407e-07,-1.7114528966728e-06,-0.00010291935923743,0.00317094917282606,0.000204657697549817,0.000565284294729401,-0.000440602584863281,0.000330091226689265,0.00108603682326574,0.000337856212355578,-0.000294218137312638,0.000121508208130066,2.24368180933344e-06,0.000108268063254024,-0.0442557963996641,0.0126348925504608,-0.00114359868226996,0.000371357021292941,-0.000877075687163318,-1.02641795833531e-05
"north_west","mu_D_2",-8.73059338252039e-05,-0.000378366406439671,0.00141248131175778,1.76675584402774e-05,-1.65122834972261e-05,7.81546991837962e-06,-1.11149440093003e-05,-3.66095158131246e-06,-4.40901797425062e-05,-4.32595783501571e-05,-7.54963260585587e-05,-2.26267718159876e-05,-1.80200116592184e-05,-2.35100447780829e-05,-1.37497757021254e-05,6.15307692964094e-05,-1.49552634012193e-05,-4.71506773214693e-06,-3.42824723747887e-05,6.64808404447056e-07,-1.11523385482513e-05,-5.08548614972703e-06,-1.01659891131271e-05,-1.81700047783455e-05,-1.31286624164842e-05,4.23077775030386e-07,5.85594280394601e-07,-4.20869317856673e-06,-1.65709495940511e-05,3.26550513538249e-05,2.60426512212615e-05,2.26900313631537e-05,2.24156366250029e-05,4.55935872175024e-05,1.08832073720685e-06,-1.40565751201759e-06,2.1054765364834e-05,-1.47646857450944e-05,1.16717576706419e-05,5.23580395790317e-08,0.00403626594983551,0.0108614662624956,-0.00226344537426476,-0.00012133598757568,-0.000763987292457498,-0.000508014660963045,0.000455622934974526,0.000163378119165161,9.55092284593991e-05,-2.97631772037977e-06,-0.000245566435121262,-0.000618236192113626,-0.0011935039447541,0.000313234209406189,5.95585284966983e-05,6.34182333382582e-05,-0.000440017599168178,1.51383960426162e-06,3.6854173344615e-06,2.57435768242655e-06,1.42613887662336e-06,1.48662253677317e-06,1.25969882558773e-06,8.76344158645539e-08,1.2480108227102e-06,1.20326244985334e-06,-2.40486450015489e-06,-0.000586681680462426,0.00304431060793081,0.00109828069606589,-0.00022726005051282,0.000236381050914632,0.000728487484572543,0.000283115177192761,-0.000574236622420301,-0.000189000661749188,6.87122122782433e-05,1.32809086264446e-07,-0.00411314871260177,-0.00253244989035625,-0.0333025254604727,-0.00605604315597436,0.001031478104625,-0.000304770596584894,-0.00114406172590419
"north_west","mu_D_3",3.05694087549349e-05,0.000154208938367973,-0.000812242715119804,-1.57016983541755e-05,2.68688136097753e-06,-1.20196958357201e-06,2.90642814649017e-06,-7.42151759162715e-07,1.03554431591513e-05,6.68156086390724e-06,2.49025865974167e-06,3.64368733553988e-06,3.9389169544144e-06,-1.81004497913177e-06,5.64429060226119e-06,2.96187400132542e-06,9.45354695328689e-06,1.51936917172036e-06,1.89375934959305e-05,-6.90034913465721e-06,8.53028513809158e-06,5.24033670332402e-06,4.45267723614219e-06,1.24899181177305e-05,9.11845306270776e-06,5.5403435037421e-06,-1.06277841973501e-06,8.68637387065996e-06,6.79706558110941e-06,-7.80593681679313e-06,-6.43712251747186e-06,3.35001586956567e-06,-5.93170950149733e-06,-3.19513908016352e-06,-2.98336453143489e-07,3.71415544652916e-06,-7.28616864242007e-06,8.76417355426808e-07,8.69914421147159e-06,-5.39324559684202e-06,-0.000867112266638472,-0.00226344537426476,0.00350466178345293,0.00051687067408121,0.00156323980546262,1.4083807689911e-05,8.00526718488489e-05,-6.51020826817491e-05,-9.93885839288783e-05,-5.48404869760283e-05,0.000137132720322588,4.25128501141717e-05,0.000551847833415358,-0.000299657420615187,-8.20153129777929e-06,-1.64604754258784e-05,-0.000169060763595637,-1.33436567557766e-07,-4.32308967921599e-07,-3.28301701563103e-07,-3.02968853737741e-09,8.27491620706684e-08,-3.46503025624946e-08,1.97848823751952e-07,-1.65480771290818e-07,-1.34864813623396e-07,2.35629920724253e-07,0.000637851524058657,-0.00243819461901617,-0.000207660958019468,0.000295528583963627,0.000144828188542426,-0.000256012991012653,-0.00057715727262443,0.000487595835195776,-0.000234648234599607,1.02765377252798e-05,-4.41485395412976e-08,-4.8889359940154e-05,-0.000119738537538594,0.00843714920721881,0.000753118565737511,-0.000140914827163269,-0.000120090266233019,0.000320152093163802
"north_west","mu_D_4",2.29760476511095e-05,-9.30005139347197e-06,-0.000287664942102083,-7.90972647137212e-06,6.70700955810667e-06,4.52982078764181e-07,5.07947834884203e-06,1.34161071150627e-06,7.08894004013758e-06,1.16217771489145e-05,9.20186913681073e-06,5.71568161569448e-06,3.71842693128482e-06,1.11308752830572e-05,-2.50832472847612e-06,3.75344792824155e-06,-1.05026463413396e-05,-3.6305738672128e-06,1.56789593041957e-06,-1.4670514631751e-05,-3.9801062618148e-06,-1.12304662261688e-05,-6.71068674124951e-06,-8.3520000566789e-06,-1.60498292115677e-05,-9.93929311071632e-06,1.50541026018278e-06,-1.21747832690695e-05,-1.47535656437918e-05,-1.53691980166426e-05,-1.17830271100367e-05,-1.76300666643303e-05,-5.53652486013929e-06,-3.5655635771845e-05,-2.48187604156292e-06,2.59284855593624e-06,-5.4526862071488e-06,4.51781698839032e-06,-4.2134981167326e-06,-1.07584595202175e-07,1.38403652052043e-05,-0.00012133598757568,0.00051687067408121,0.00369224934427761,4.84075419779009e-05,0.00073169707597552,-0.000174430939798581,0.000240720153542048,9.66775643623972e-05,-5.61046690705342e-05,7.42131719334265e-05,0.000139625961409675,0.000527758398405967,-0.000135367104079059,-6.1488601598695e-05,5.6852786266451e-05,0.000309090337332958,-5.66408870908026e-07,-1.27677998163571e-06,-1.40234887222175e-06,-4.6657288969411e-07,-9.6994881732741e-07,-5.54745958730378e-07,-4.66028655271036e-07,-6.26580453706116e-07,-1.88108390333601e-07,8.45786176388975e-07,0.000140244807554861,-0.00211833098450671,0.000676045099883984,-0.00099141180616891,0.000107955955952737,-0.000238354477455573,-0.000375945406878677,-0.000369102841470165,0.000258231805576485,-7.19043601687486e-05,-9.06399420810839e-08,0.00130407670075613,0.0049255488681786,0.00665588026055182,0.00306853958282284,-0.00022864383885068,0.000419015343490967,0.000273527437707488
"north_west","mu_D_5",3.49428103184172e-05,-0.000259337483320054,-0.000883552416866343,-2.25990519180086e-06,2.74105985679401e-06,-2.81720713277169e-07,-7.47284336548925e-06,8.94641142116737e-06,-4.47443138387495e-06,1.79328914280578e-05,-1.89681615384843e-05,3.15598892405222e-06,3.52395342040092e-07,-4.2336424744723e-06,5.00092194332361e-06,-6.29237405726777e-05,2.96669239563103e-05,1.65316062187099e-05,7.08102437214987e-06,2.97958261293068e-05,2.17719618086091e-05,2.40309012509418e-05,1.87958805833394e-05,2.89619895712402e-05,3.54839280787369e-05,3.11173098114096e-05,2.46169148751043e-06,2.34671832803253e-05,4.77717645112535e-05,-1.10794447239945e-05,-9.20702674826597e-06,1.13995866901941e-05,-5.42947318111166e-06,-3.32613647860569e-05,-2.93787344840207e-06,1.39872496519358e-05,-1.91183301569893e-05,1.53469989490456e-05,-8.35820499530158e-06,2.73774959613528e-06,0.00271403684044144,-0.000763987292457498,0.00156323980546262,4.84075419779009e-05,0.013060968426142,-0.000759460494688262,7.10363212562717e-05,-0.000154204119263147,-4.65769436480612e-05,-4.10377439771307e-05,0.000127675377437945,-0.000140780025484836,9.42719761175844e-05,-0.0010863956506887,-3.73426454319299e-06,2.82778289694266e-06,-3.79599544355535e-05,1.9767367329678e-07,7.56254161650027e-07,2.73007382341877e-07,2.97765109551454e-08,2.82528436778685e-07,1.13688882824739e-07,6.19738380880461e-07,6.24621548901967e-07,-1.08143343212773e-08,-1.31387766921776e-06,0.00151276286822045,-0.00115058460693823,-0.000827820903901635,-0.000268153918257874,0.000246325541506012,-0.000106342414365015,-0.000444952739055081,0.000275068689289791,-0.00034560405877182,0.00024782738897475,3.80552645091117e-07,-0.00105224807858138,-0.017178704271717,0.0267245248023471,-0.00346250943733359,1.30514466188652e-05,-0.000805275052374473,0.000687911495780059
"north_west","mu_gamma_H",3.14126176199345e-05,9.60633545090582e-06,-5.97593153320525e-05,-1.04625458808988e-05,1.14144629892855e-05,2.34006545607449e-06,6.80978882896691e-06,-2.7491263304936e-06,1.6537885688755e-05,9.54358469771246e-06,2.14118420033558e-05,7.34088018523525e-06,7.2705241807584e-06,1.33514118551689e-05,-5.98446039953124e-07,-6.52358176200746e-06,-1.24178348412368e-05,-8.51488739966135e-06,1.25611459139268e-05,-2.163806074822e-05,-5.21802347829017e-06,-9.8849918509155e-06,-8.67015615256667e-06,-7.3011032907197e-06,-1.33990258773532e-05,-1.05988739555254e-05,-2.55777897443172e-07,-1.34749046329031e-05,-5.51665045195605e-06,-9.16937475217853e-06,-1.60086668878482e-05,-1.65441094820377e-05,-6.34841088359678e-06,-4.18210022029785e-05,2.3459001652819e-07,-5.01058458972355e-07,-3.0272631062786e-06,2.24029425242795e-06,-2.28891302270649e-06,1.8845535661423e-06,-0.000586129014756208,-0.000508014660963045,1.4083807689911e-05,0.00073169707597552,-0.000759460494688262,0.00273051398720474,-0.000325293712210455,0.000421793490388492,8.29715197532028e-05,-7.20457865407064e-05,1.44694516448666e-05,6.38449987362913e-05,0.000847492526247681,-3.27651615035602e-05,-2.02735977577596e-05,4.82402241201452e-05,0.000557543849850411,-7.25138168971307e-07,-1.17583924008251e-06,-9.15048911802417e-07,-3.68678236447548e-07,-1.008802695334e-06,-3.17521225353851e-07,7.20263885843485e-08,-1.26631674023396e-07,-5.37995368539968e-08,8.25036179355369e-07,-0.000202773030563157,4.20386233463042e-05,0.000343227339361499,-0.000901643036607096,-0.000107911984393772,-0.000210527879907673,-0.00075805080213913,0.000141058360657927,-0.000175501256436456,-9.39148599837173e-05,-3.5981174664377e-07,0.00136873669212877,0.00685205563577466,0.0147534934259686,0.0036362425951584,-0.00031133032526884,0.000604023756366087,0.000280882447997848
"north_west","mu_gamma_H_2",-4.49243895228469e-06,-1.97565405439544e-05,0.00025632293947345,1.38798021567733e-06,-5.3746659885887e-06,8.38119466257483e-07,-2.09696739689007e-06,9.34437093291192e-07,-3.36063769077202e-06,-5.36915252225527e-07,-7.03348409597759e-06,-9.53616738691288e-07,-2.06112443637057e-06,-3.1747895245941e-07,1.71515966953344e-06,6.73678320163086e-06,2.18378322492093e-07,2.8536091384156e-06,-1.77342285117188e-06,6.36784092971853e-06,6.95866637274603e-07,2.59835315145794e-06,3.5378145173061e-06,-4.77934674501416e-07,5.32765110643557e-06,1.97720065157133e-06,7.6924785465266e-07,4.45659009277671e-06,5.48725870110353e-06,6.07715346944238e-06,1.00980709468009e-06,2.32434106950326e-06,3.61831276713972e-06,2.78785735272422e-06,-6.21941232914317e-07,1.61011317386413e-06,-1.29706422829144e-06,-2.72702852773232e-07,-4.96454119904982e-07,6.15503234665208e-07,0.000389820782817784,0.000455622934974526,8.00526718488489e-05,-0.000174430939798581,7.10363212562717e-05,-0.000325293712210455,0.000670619687573663,-4.43528139341461e-05,2.67664313939735e-05,1.85126181674762e-05,-4.55146200444867e-05,-1.99512880427068e-05,-0.000162641993198832,0.000113113098830673,2.66018481569031e-05,2.27730808929035e-06,0.000115248839398539,4.71263467253323e-08,2.50804041986642e-07,2.76795462019043e-07,4.27011119850259e-09,1.19354938863329e-07,1.01357438713344e-07,-5.45545167429008e-08,1.32258891719799e-07,1.88791801095352e-07,-2.81520894014712e-07,-0.000113226628979724,0.000894890585650898,0.000129051945337958,-0.000180781110449941,-0.00024689215453228,0.000192855644308299,0.00015317304853036,0.000346481240917062,-0.000228992621339414,2.20776571976044e-05,3.93632621957834e-07,0.000406240833593583,-0.00155808743891031,0.000639224222995985,-0.00145345683633289,5.96962194936995e-05,-0.000121208712129723,-4.60795034930976e-05
"north_west","mu_gamma_H_3",4.09250538846992e-06,-1.20155114127826e-05,5.38052659105515e-06,2.28681741662373e-07,7.27344860520105e-07,6.13791275570147e-07,1.49651593978119e-06,-9.51955108301566e-07,2.20266461810079e-06,1.58242189727672e-06,1.87057676955044e-06,1.0641676170485e-06,7.45098269901128e-07,2.31959241742051e-06,-1.39506821773939e-06,3.45102202426509e-06,-3.06561744354274e-06,-1.49227259732328e-06,7.71599898385102e-07,-1.05618781926546e-06,-2.14194447541379e-06,-1.77562177174238e-06,-1.4926323684759e-06,-2.37106336760875e-06,-2.50363983165457e-06,-1.56663357847007e-06,1.8637373170063e-07,-2.77705862263998e-06,-7.25061947174231e-07,-1.65042125444766e-06,-2.99016921852658e-06,-4.42040770638674e-06,-7.28870640615199e-09,-1.08839449094118e-05,-1.00540047113189e-07,-9.90333719595376e-08,2.73216598543389e-07,1.2520522500535e-08,-1.13946466681642e-06,6.22537197623488e-07,0.000186029904378553,0.000163378119165161,-6.51020826817491e-05,0.000240720153542048,-0.000154204119263147,0.000421793490388492,-4.43528139341461e-05,0.00031495088853417,1.73935545893199e-05,-2.50111872790662e-05,-1.80124329760828e-05,5.08290469446756e-06,0.000239333549106823,3.0205546908409e-05,-3.0620266200014e-06,1.50066703755147e-05,0.000166217239824098,-1.00651092111919e-07,-1.7001491428954e-07,-1.4698894556629e-07,9.54380881430081e-09,-2.64144142249862e-08,-3.24778628200167e-08,-5.63515292471786e-08,3.09966682881311e-08,4.52745586123079e-08,2.7201187542918e-07,-0.000131306559618878,0.000229070510823575,0.000214750658270715,-0.000299855160942666,-6.03607851627639e-05,-4.34193630633338e-05,-0.000197555388351037,5.58408886650191e-05,-3.00326402389998e-05,-2.93930795266041e-05,-2.52092057146974e-07,0.000226510844616708,0.000150874590502604,0.00296152352170102,0.000505638272242282,-4.08237855717661e-05,0.000107646561752536,5.18483983179667e-05
"north_west","mu_gamma_H_4",1.0429083459551e-07,1.3816070464283e-05,8.89208809683241e-05,-1.06673210253426e-06,9.42117791276843e-07,5.99954852153084e-07,-8.57882745733452e-07,7.3954426116081e-07,2.02588542689654e-07,1.07346472940537e-06,8.24089752424583e-07,7.61686111985219e-07,5.31412184889141e-08,2.02180369614955e-06,-3.50458399015625e-07,6.55538322267386e-07,-1.45724486075701e-06,1.40616340410723e-07,-2.20530309291259e-06,1.70990652239306e-06,-7.81850887651969e-07,-7.74273105319712e-07,-4.13304460918699e-07,-8.42076502410792e-07,-4.27334916694688e-07,-1.1779677643863e-06,1.73974870755222e-07,-1.16256816742181e-06,2.04635654369729e-06,-4.27779632028337e-08,-1.62941803514828e-06,-2.23517262101908e-06,-1.64655679426111e-07,-4.0534748889294e-06,-2.2536199723182e-07,4.53337168292585e-07,-6.34818555112444e-07,7.17901609756245e-08,-1.13288492936229e-06,9.53766026117193e-07,0.00019305670933447,9.55092284593991e-05,-9.93885839288783e-05,9.66775643623972e-05,-4.65769436480612e-05,8.29715197532028e-05,2.67664313939735e-05,1.73935545893199e-05,0.000106705953002622,3.70125167546421e-06,-1.4526199104781e-05,1.68104559705552e-05,-7.35715928682181e-05,1.19014986973384e-05,3.52012286564657e-06,4.65050537202772e-06,0.000101798413314885,-9.14112416550014e-08,-4.72886990610773e-08,-1.35270544016577e-08,-4.49040133460727e-08,9.2639593679596e-08,-2.53764424357556e-10,-1.32374123680795e-08,3.93485941278181e-08,3.87653023997471e-08,3.1296926669142e-08,-7.2227468805898e-05,0.00021542344255478,0.000156184449886194,-0.00017058346750676,-5.41873735314413e-05,-4.02748023924698e-05,0.000113334255369284,1.79483225553809e-05,4.5627529077384e-05,-1.03812911997236e-06,2.10609691534585e-07,0.000232037800568494,6.47437193702168e-06,0.00237789891632671,0.000493326634485739,-1.99469762527371e-05,4.40696837050407e-05,2.07291457469583e-05
"north_west","p_G_D",-5.29568447872436e-06,-4.58465578140345e-05,7.98951651678905e-05,1.52580318415278e-06,-7.03493558967195e-07,-4.5362183006171e-08,-8.05776827933903e-07,1.16471245738057e-06,-1.72636037861767e-06,-3.18587904064124e-08,-6.25059480627684e-07,-6.15307632237406e-09,-5.45770614926976e-07,-4.87420853064466e-07,-4.97717879747043e-07,-5.08265854118273e-06,-2.7081596961573e-07,9.28048803834142e-07,-2.65695961697157e-06,1.51445952166816e-06,3.13937251343031e-07,-8.90208486936767e-07,1.38137009544554e-06,-1.53088494676118e-06,-2.97104154285211e-07,-1.25249944668539e-07,5.11487662592688e-07,1.15389862287089e-06,-3.87060954195355e-06,3.71674015975124e-07,2.35542692823376e-06,6.1651752148287e-07,-5.86355931730266e-08,8.45899587779576e-06,-2.1300728175439e-07,-3.63362358047969e-07,1.10526678233316e-06,-3.35204503405263e-07,-6.50664027469492e-07,1.18469680837931e-07,4.41200600017648e-05,-2.97631772037977e-06,-5.48404869760283e-05,-5.61046690705342e-05,-4.10377439771307e-05,-7.20457865407064e-05,1.85126181674762e-05,-2.50111872790662e-05,3.70125167546421e-06,7.15134407650938e-05,-7.84690430759099e-06,8.29356962409274e-06,-0.000114172286949942,-2.36308274370102e-05,-5.42930242059342e-07,-3.36952131664038e-06,6.30952922382119e-06,-1.95183307395325e-08,1.32494226524562e-08,8.86256647247639e-09,-3.90185497422148e-09,1.49650161037321e-07,-5.70018536507148e-08,-8.84949243638084e-08,-8.03794620891529e-08,-1.86908294942404e-08,1.90830189451773e-08,-3.90634868912231e-05,0.000117968574386552,-3.07377845762907e-06,5.31748057137638e-06,-3.28149330109495e-06,2.37028374962623e-05,0.00014687325640292,8.58798627862857e-06,3.22558064358621e-05,7.10722777029838e-06,9.1881473531101e-08,6.42569289545885e-05,-0.00108151734358821,-0.00406496620593669,-0.000360173480599788,9.67073804533804e-06,-1.92105790459856e-05,-5.48310655187882e-05
"north_west","p_G_D_2",2.78374673948601e-06,1.35192274761594e-05,-0.000106977874157767,-6.11143983801742e-07,9.64983873526946e-07,-2.99722385499938e-07,7.16636057066632e-07,-1.26596336259448e-07,1.42395264954651e-06,8.74306944530969e-07,1.63862875492992e-06,4.06396707524249e-07,6.16539480309018e-07,-1.48784597425299e-07,6.60462309546118e-07,-3.78010730579975e-06,5.41007551528449e-07,-2.37162769513906e-07,1.6412678057903e-06,-1.44562404693142e-06,2.53916004094983e-07,1.54393546651451e-07,-2.92454755603036e-07,7.84378276923537e-07,-6.11999220908012e-08,-1.3910179502693e-07,1.20229128005921e-07,-8.79233698567559e-09,-5.17687369027152e-07,-1.58250007956836e-06,-7.5062591240717e-07,-2.27862508922912e-07,-1.14739481814468e-06,-8.52684110871746e-07,-1.17100073507715e-07,1.835104981492e-07,-7.21819410176359e-07,5.34326831938123e-07,3.19222836915223e-07,-7.24499301641028e-07,-0.000168560776494022,-0.000245566435121262,0.000137132720322588,7.42131719334265e-05,0.000127675377437945,1.44694516448666e-05,-4.55146200444867e-05,-1.80124329760828e-05,-1.4526199104781e-05,-7.84690430759099e-06,2.9424155569413e-05,1.16687758800972e-05,6.28232483472482e-05,-2.39042045249332e-05,-3.93008266573113e-06,-1.47577138254146e-06,-1.79524785501379e-05,-2.31465852185198e-08,-8.19020371941642e-08,-7.71310395071065e-08,-2.47479896666956e-08,-9.29880720457806e-08,-3.109443478645e-08,2.42439052183493e-08,-4.70746333688282e-08,-7.12874799135605e-08,7.07553751441415e-08,7.84726657582762e-05,-0.00044267092704554,-8.23058898814065e-05,5.3673837282217e-05,2.1192073735417e-05,-2.82093353975995e-05,-5.48981740972035e-05,-2.28875381916543e-05,6.710349447558e-06,-9.07200773786185e-07,-9.76520837824635e-08,0.000127787182986229,0.000754916180191149,0.000605581523502907,0.000236419703723472,-2.36259733986265e-05,1.11828869244229e-05,3.37478405163571e-05
"north_west","p_H",6.23877160264236e-06,1.9638743266813e-05,-3.79304483274041e-05,3.54439868673751e-07,9.14439696479827e-07,-7.88271837696559e-07,4.80475845153026e-07,-1.2744845671957e-07,2.65708246741932e-06,3.38764149797906e-06,5.83909535619162e-06,1.6184386507765e-06,4.89277461774887e-07,1.94534336566162e-06,1.65610188520815e-07,-7.41536169162791e-06,-9.25197629358645e-07,-3.45510919849652e-07,-2.69637257639505e-07,-8.77989156880702e-07,-3.32144116038078e-07,-2.21280543410784e-06,-1.12397259982206e-06,-7.8189480205783e-07,-3.15037344891145e-06,-2.2800252570397e-06,1.07432882649621e-07,-2.19920950628792e-06,-2.59921746310551e-06,-5.22031045266861e-06,-2.85045289807188e-06,-5.86029954255394e-06,-3.5575255137725e-06,-6.28494300108659e-06,-5.01451156286606e-07,-4.88393760461245e-07,-1.18598316921568e-06,-1.57866261679278e-07,-1.16723602879637e-06,-6.17736901030893e-07,-0.000204127882754429,-0.000618236192113626,4.25128501141717e-05,0.000139625961409675,-0.000140780025484836,6.38449987362913e-05,-1.99512880427068e-05,5.08290469446756e-06,1.68104559705552e-05,8.29356962409274e-06,1.16687758800972e-05,0.000141414514720807,9.9192158870551e-05,-6.90627032181259e-05,-5.41506919276509e-06,-5.5958956599042e-06,8.2663338712645e-05,-2.60043584907486e-07,-4.9263728509063e-07,-4.18615384549317e-07,-2.89437251174676e-07,-5.08396260798986e-07,-1.84447477823575e-07,-1.66561537581073e-07,-1.9920490955788e-07,-1.79574919446078e-07,3.702976643514e-08,-8.54949039167725e-06,-0.000115510106388468,-2.57818136818426e-05,-5.48934108569805e-05,-0.000169703854652015,-4.57086733902552e-05,0.000105474646031236,6.35540700551301e-05,3.62691719017163e-05,-1.09319583241879e-05,8.97171778965243e-08,0.00108506461300894,0.00122254891613491,0.00230584843606906,0.000908710525810878,-8.84592694181972e-05,6.09592240343428e-05,0.000110655256919524
"north_west","p_H_2",2.85560457685237e-05,8.85547547874914e-05,-0.000636256700225827,-1.04668482671738e-05,8.04497862848838e-06,-3.63992063342797e-06,1.12950451537213e-05,-6.85281565158482e-06,1.43360499071648e-05,8.24124247388229e-06,9.67722941999258e-06,3.06127286096073e-06,5.4909471839479e-06,4.58508845909478e-06,8.21760182291403e-07,-1.60429633074788e-05,-3.5398765956642e-06,-5.14108276611001e-06,1.69520133390359e-05,-1.49130805047651e-05,-2.20745858682816e-06,-1.54094316994524e-06,-1.10780035613476e-06,-5.58608003197322e-06,-1.78945891171167e-06,-4.90900504094547e-06,2.23443396015791e-06,-5.96819964062034e-06,-9.57248321274993e-06,-6.43394691518181e-06,-1.29010679561404e-05,-5.33862440394922e-06,-3.00970413801075e-06,-3.40358202795469e-05,-1.97168223598254e-06,-6.03392933797474e-07,-1.38717273093295e-06,9.84395989756535e-07,1.82105774238474e-06,-1.39834300291682e-06,-0.00127816106534498,-0.0011935039447541,0.000551847833415358,0.000527758398405967,9.42719761175844e-05,0.000847492526247681,-0.000162641993198832,0.000239333549106823,-7.35715928682181e-05,-0.000114172286949942,6.28232483472482e-05,9.9192158870551e-05,0.00256338194992547,7.99401202316617e-05,-3.16372512566166e-06,3.68264444344481e-05,0.000256153923624315,-4.17988239022252e-07,-1.36311571252172e-06,-1.38117840264982e-06,-2.5533745985384e-07,-1.8601318950313e-06,-2.00276406372566e-07,-4.36113781959319e-08,-4.60182294905627e-07,-4.90685848001543e-07,8.50473827851833e-07,0.000103675316413716,-0.00131762318028387,0.000249442323068024,-0.000648816497518899,0.000238857571848949,-0.000437054140542203,-0.00262504836165982,-0.000254343716005445,-5.10241527297015e-05,-0.00011187172107379,-1.51690362887897e-06,-0.000449766683764623,0.00176402280745966,0.00904658156207276,0.00282017600282396,-0.000227199454439367,0.00024512556478862,0.000331781351976841
"north_west","p_H_D",-5.21011842023152e-06,-3.22326886034416e-05,0.000167340876154665,1.86043507412674e-06,-3.43099584257074e-06,1.25027599597244e-06,-8.39335493301846e-07,-1.87695531700689e-06,-1.43625823324756e-06,-1.61357944543565e-06,-4.98970015023283e-06,-1.30154130298526e-06,-8.65979074308059e-07,3.43418727164242e-07,6.71396429600324e-07,1.35153882304881e-05,-3.05394521789946e-06,-2.6477085424852e-06,-4.86567910104295e-06,1.13905622620248e-06,-5.42565344283142e-06,-1.28131524726384e-06,-2.94639932652782e-06,-6.28157339114919e-06,-1.04474850533499e-06,-5.5779187297948e-06,5.67955930474644e-07,-2.38620545613539e-06,-3.42273037519473e-06,6.93991127490158e-06,1.86164077633563e-06,3.77351151604005e-06,4.68855380138938e-06,4.62894410929564e-06,3.17591721264388e-07,-1.77546058325311e-06,2.46951155955462e-06,-4.12021235243258e-07,-5.60850451817519e-07,6.9714517072014e-07,-0.000658937938276302,0.000313234209406189,-0.000299657420615187,-0.000135367104079059,-0.0010863956506887,-3.27651615035602e-05,0.000113113098830673,3.0205546908409e-05,1.19014986973384e-05,-2.36308274370102e-05,-2.39042045249332e-05,-6.90627032181259e-05,7.99401202316617e-05,0.000768108248975612,2.10397368008143e-05,2.75185065566843e-06,5.4517577132226e-05,1.12018973623611e-07,4.31794038246222e-07,3.96701418080788e-07,1.72157074309662e-07,2.24717066185079e-08,1.39849823711298e-07,8.64068660006791e-08,1.14819245609147e-07,1.90616886036917e-07,-1.19487039068964e-07,-0.000284949386416949,0.000151667374315291,0.000178470372682968,-4.09526717957865e-05,4.63471462640136e-05,5.15903631344767e-05,-0.00015810661260317,-5.2740558015759e-05,-2.13807605998594e-05,-1.0737740050138e-05,-1.49464500259562e-07,-0.000331503174677656,0.00689975314792152,-0.00435335080164291,-0.000569603075254612,5.78216849394484e-05,0.000104259016119187,-0.000188925125740611
"north_west","p_ICU",1.99499426876423e-07,-5.725992480339e-06,3.00538113009949e-05,2.2411695174013e-07,-3.68442395723215e-07,2.70582901265472e-08,-1.64831907159365e-07,-2.04107472867537e-07,-2.6398030701567e-07,-8.16085796572e-08,-1.05938666801202e-06,-1.46066705207065e-07,-1.71398364398877e-07,-2.8764858768031e-07,4.02048631029748e-07,-1.25963187716659e-06,2.27865415314225e-07,3.62120619164321e-08,3.10663047447639e-07,2.1950190234656e-07,1.47968733322967e-07,3.03498205947268e-07,3.1091622792707e-07,1.51627057909748e-07,8.9165287579553e-07,3.64408636617324e-07,7.67337640881712e-08,1.03985837440403e-07,1.77676698905456e-06,1.03911980976261e-06,-1.72871333531807e-07,4.98772924361675e-07,3.80308492222062e-07,-4.09925132752283e-07,5.21843181642973e-08,5.25910350176513e-09,-2.50741703895877e-07,3.1384698301411e-08,2.65247867459325e-08,1.32264888716826e-08,1.78352551957383e-05,5.95585284966983e-05,-8.20153129777929e-06,-6.1488601598695e-05,-3.73426454319299e-06,-2.02735977577596e-05,2.66018481569031e-05,-3.0620266200014e-06,3.52012286564657e-06,-5.42930242059342e-07,-3.93008266573113e-06,-5.41506919276509e-06,-3.16372512566166e-06,2.10397368008143e-05,1.72827861803759e-05,-1.40755094809617e-06,2.31269021250808e-05,3.23548639640078e-08,5.10071021325262e-08,6.5021683643551e-08,8.45185718793563e-09,5.44683912947886e-08,4.18638901570931e-08,2.8871198487647e-08,4.32070185708283e-08,3.03093245630467e-08,-4.75368156334081e-08,1.1986734214556e-05,6.60902453652379e-05,1.80054315683198e-05,-9.72227741358591e-06,-1.42366613969113e-05,8.77899074534478e-06,-5.99211130957461e-06,3.17915275390506e-05,-2.0727607400511e-05,1.48944580127168e-06,4.34905773722641e-08,-7.40453011112849e-05,0.000371363931944037,0.000814699790298979,-0.000103643605822724,8.2063990439565e-06,-1.01745667764941e-05,-2.60066417231025e-06
"north_west","p_ICU_2",3.98392522517887e-07,-2.88505361215437e-06,2.25825911917915e-06,-4.00856028736006e-07,1.51390454914059e-07,1.26992573617272e-07,3.01347653312113e-07,-2.45496104184626e-08,3.73848954740682e-07,3.70257567475577e-07,4.17428310504645e-07,1.89216297966523e-07,2.39073826230316e-07,5.30025250565129e-07,-2.49758106692581e-08,1.02713054202595e-06,-6.16227973268408e-07,-2.01356628439047e-07,4.97903381247025e-08,-3.24730213129143e-07,-2.34040579829796e-07,-3.36143219673791e-07,-1.59190405316098e-07,-5.56042714032822e-07,-1.55763089043636e-07,-4.41320708571742e-07,-3.95388627349525e-08,-3.83475312299297e-07,-1.57031118065553e-07,-1.55256959139024e-07,-5.39800354239529e-07,-6.43674713708437e-07,1.38238757482923e-07,-2.19272771195638e-06,1.64345641439265e-08,2.06518426991865e-08,-2.98632527938424e-08,1.12816261473411e-07,-1.43604466490535e-07,1.45608608026757e-07,2.95122343316885e-05,6.34182333382582e-05,-1.64604754258784e-05,5.6852786266451e-05,2.82778289694266e-06,4.82402241201452e-05,2.27730808929035e-06,1.50066703755147e-05,4.65050537202772e-06,-3.36952131664038e-06,-1.47577138254146e-06,-5.5958956599042e-06,3.68264444344481e-05,2.75185065566843e-06,-1.40755094809617e-06,5.61321595450891e-06,1.54418267798564e-05,-2.06536328054774e-08,-2.93237883875109e-08,-1.99471590683742e-08,-7.4425466828487e-09,-2.39847912845541e-08,-9.12924331446028e-10,4.18248019186082e-09,2.50472812193216e-09,6.9179929082256e-09,1.58020173553735e-08,-1.8089596031488e-08,1.01922663938026e-05,3.0696999856385e-05,-5.23614605744664e-05,1.05357699925285e-05,-8.10325825059573e-06,-4.51367414012533e-05,-3.75527180968841e-05,5.50543062025643e-07,-4.40160250241181e-06,-8.36780445059566e-09,-6.99708825856677e-06,0.000117768609773504,0.000534065406123134,3.09352800428699e-05,-7.92075557190265e-06,2.12525912646448e-05,7.59886752918838e-06
"north_west","p_ICU_D",1.00473004770308e-05,4.13125276135147e-05,0.000247904312438051,-6.24538526535826e-06,2.78795526715766e-06,1.174286688484e-07,8.15109447542266e-07,4.37495233622988e-07,4.51576393817797e-06,5.91883304477651e-06,5.81912285362585e-06,3.72705936221613e-06,1.45770075974348e-06,7.64725500466508e-06,1.59204559583667e-06,-1.27772982804574e-05,-3.98443494334074e-06,8.06154550692227e-07,-2.06727703147946e-07,1.10446901032124e-06,-8.4152176195572e-07,-3.93633856671745e-06,2.50988422050103e-06,-5.28059540581775e-06,-1.28160721649691e-06,-2.30451577313117e-06,1.92655817124359e-06,-3.52985423125495e-06,2.38296847460206e-06,2.6181392323056e-07,-3.63154476434737e-06,-7.0811600875713e-06,3.58683898034923e-06,-2.00313225006534e-05,-7.24517049585034e-07,-2.02078376435956e-07,-9.96531481857041e-07,4.623138290245e-07,-4.20105265696402e-06,4.06832985218809e-06,-2.14068597445678e-05,-0.000440017599168178,-0.000169060763595637,0.000309090337332958,-3.79599544355535e-05,0.000557543849850411,0.000115248839398539,0.000166217239824098,0.000101798413314885,6.30952922382119e-06,-1.79524785501379e-05,8.2663338712645e-05,0.000256153923624315,5.4517577132226e-05,2.31269021250808e-05,1.54418267798564e-05,0.00112860906381569,-3.70001231585349e-07,-6.00538365817485e-07,-2.72710592368918e-07,-2.48485241583999e-07,-1.151602179822e-07,1.01861862929785e-08,-1.43253067165928e-07,-1.07938305315364e-07,4.18509677450195e-08,5.41474621104102e-07,-0.000273980149511189,0.000148797623793613,0.000450821793552477,-0.000702226845923075,-0.000148061917475152,-6.88398745616252e-05,-0.000117713874514301,0.000358820677743667,-0.000112885937218348,-2.59579898511693e-05,-4.31801376653486e-08,0.000847242986759558,0.00315719801620661,0.00484241959795736,0.0013060215826839,-0.000122225898639684,0.000152092766867807,6.44251945056731e-05
"north_west","p_NC_15_24",-1.80559331759618e-08,-9.31191830877525e-09,6.46041906996603e-08,9.76375630479961e-09,-3.57999574988154e-09,8.3821993487208e-10,-4.57296181670123e-09,7.46031460119779e-10,-1.0826362495225e-08,-9.86191717718722e-09,-2.02149282249534e-08,-5.68645201720823e-09,-3.57674697356343e-09,-1.17726711230251e-08,2.121091498387e-09,8.32255255102484e-09,5.83294355501185e-09,4.84406562552117e-09,-4.04453902944399e-09,7.59309518055395e-09,3.78765032453458e-09,1.14491247736353e-08,4.54764477264497e-09,1.01012993047006e-08,1.22720680795859e-08,1.37635382304486e-08,-1.02883277109477e-10,1.09874977332255e-08,1.16347610647432e-08,1.38653060072106e-08,1.24546724627367e-08,1.8034566728482e-08,1.22114864538646e-08,2.46812948929697e-08,1.02676980427617e-09,4.00092991656604e-10,4.13150299172674e-09,-9.51491395759591e-10,4.05576063093528e-09,-1.02550506853516e-09,8.9495959845133e-07,1.51383960426162e-06,-1.33436567557766e-07,-5.66408870908026e-07,1.9767367329678e-07,-7.25138168971307e-07,4.71263467253323e-08,-1.00651092111919e-07,-9.14112416550014e-08,-1.95183307395325e-08,-2.31465852185198e-08,-2.60043584907486e-07,-4.17988239022252e-07,1.12018973623611e-07,3.23548639640078e-08,-2.06536328054774e-08,-3.70001231585349e-07,1.87598127154014e-09,1.94410114562334e-09,1.6946515402218e-09,9.68712271188834e-10,1.64793493561261e-09,7.33287323761609e-10,6.92813519567594e-10,7.15559141424218e-10,5.40813850080041e-10,-9.00837451317657e-11,2.07363470543955e-07,3.99087545701386e-07,-2.85184029834509e-07,8.08913482945712e-07,2.46680018437018e-08,2.27100640083531e-07,9.21241140961034e-08,8.39690402207413e-08,-1.62795065593786e-07,7.53775592053576e-08,-2.52494884642763e-10,-1.82347723917924e-06,-5.20342647404869e-06,-8.95233554279642e-06,-2.15814228024697e-06,3.05664210258006e-07,-3.44696140687611e-07,-3.38032528824191e-07
"north_west","p_NC_25_49",-4.88535143067024e-08,1.76639815573565e-08,4.21998300864274e-07,1.13354365418612e-08,-1.04999202825041e-08,5.55620557910411e-09,-1.37994913851131e-08,4.43893003836489e-09,-2.4487516837779e-08,-1.80251490824208e-08,-4.00668182544438e-08,-9.80628738954305e-09,-8.37619744906054e-09,-1.32419952916168e-08,-4.29411472504208e-09,2.79645752278194e-08,6.87942373668903e-09,5.42911204888313e-09,-1.25883810986576e-08,1.82907090465093e-08,2.21309628628904e-09,1.48455781935823e-08,7.74230017362905e-09,9.64057451965139e-09,2.08284680918018e-08,1.53143861826792e-08,-3.54639254225572e-10,1.95141435646819e-08,1.56346825292444e-08,3.2395256934385e-08,2.65965023161579e-08,3.68276844581098e-08,2.22308365829496e-08,6.41613364377758e-08,1.38571816723573e-09,2.40671650371022e-09,7.8850139448339e-09,-3.31378309978769e-09,4.06862241038765e-09,8.53825967825928e-10,1.89275171245787e-06,3.6854173344615e-06,-4.32308967921599e-07,-1.27677998163571e-06,7.56254161650027e-07,-1.17583924008251e-06,2.50804041986642e-07,-1.7001491428954e-07,-4.72886990610773e-08,1.32494226524562e-08,-8.19020371941642e-08,-4.9263728509063e-07,-1.36311571252172e-06,4.31794038246222e-07,5.10071021325262e-08,-2.93237883875109e-08,-6.00538365817485e-07,1.94410114562334e-09,5.23195967311854e-09,3.39074695887013e-09,1.90996297806637e-09,4.24185505973258e-09,1.31921817666385e-09,1.07016158507835e-09,1.3142768703829e-09,1.1767063033321e-09,-3.24961001828657e-10,-5.44064636898054e-08,1.35181866536451e-06,-1.50298769484463e-07,1.01152588383555e-06,-1.11507102799446e-07,5.28161670557971e-07,7.88605759011205e-07,1.76094722394218e-07,-2.32671622430261e-07,1.52457799033958e-07,-7.03588831361828e-11,-3.10084450442721e-06,-1.15801906024366e-05,-2.40460505957662e-05,-4.79167662046603e-06,5.84097807552457e-07,-4.93801829744615e-07,-8.69639047441286e-07
"north_west","p_NC_50_64",-2.49507921025742e-08,4.58594366050977e-09,4.13297917214274e-07,7.98751542463503e-09,-3.33221980077354e-09,3.92450543331248e-09,-7.91824209301882e-09,3.41864970530199e-09,-1.21336342894312e-08,-9.89370345625073e-09,-2.24249274267254e-08,-4.04799366775161e-09,-4.24656089805467e-09,-6.40947045124623e-09,1.45887759244916e-09,1.43675919324703e-08,4.22399819726509e-09,4.51355025598285e-09,-7.47831410690174e-09,1.94752067822166e-08,2.23006757539745e-09,1.47786022548566e-08,7.18272075114926e-09,1.4548207305478e-08,2.03414595972895e-08,1.79213666656153e-08,-1.52969592621349e-09,1.46956031355171e-08,3.38994069861891e-08,2.63065798110484e-08,1.62118287143139e-08,2.52668677337259e-08,1.72639436984707e-08,3.54966964465852e-08,2.02144081592004e-09,3.90497176442727e-09,2.33678400039878e-09,-2.72458094764996e-09,4.10037993095018e-09,5.08445066570692e-09,1.73325896101783e-06,2.57435768242655e-06,-3.28301701563103e-07,-1.40234887222175e-06,2.73007382341877e-07,-9.15048911802417e-07,2.76795462019043e-07,-1.4698894556629e-07,-1.35270544016577e-08,8.86256647247639e-09,-7.71310395071065e-08,-4.18615384549317e-07,-1.38117840264982e-06,3.96701418080788e-07,6.5021683643551e-08,-1.99471590683742e-08,-2.72710592368918e-07,1.6946515402218e-09,3.39074695887013e-09,4.82307180251292e-09,1.86982985342526e-09,4.2509388278262e-09,1.35861647480866e-09,1.33808648806435e-09,1.53760786303152e-09,1.27070375624863e-09,6.66909020574658e-11,-1.23433847982746e-07,1.23195133984367e-06,-4.26510636396895e-08,6.62947246892066e-07,-2.9608475239356e-07,3.73439458390285e-07,1.01295653669357e-06,2.50478887290076e-07,-2.31031006613132e-07,1.11250760496316e-07,5.67807312991446e-10,-6.81734035958249e-07,-7.27442310342494e-06,-4.46595380523393e-06,-2.82818955225868e-06,3.71687823306795e-07,-2.65561940994549e-07,-5.80761946217454e-07
"north_west","p_NC_65_79",-1.11481736627458e-08,1.14446151070615e-07,-8.63596907524258e-08,-4.70339811109568e-10,2.52801276540423e-09,2.19700805171115e-09,-2.6516164606015e-09,2.07319403888838e-09,-5.70009563896899e-09,-8.56727651022841e-09,-1.03896022388651e-08,-3.04300864014296e-09,-1.08278898258608e-09,-3.53072779572946e-09,-4.71948191984515e-09,8.58316939759028e-09,-1.76679304804747e-09,-6.6144637446057e-11,-9.20785714889137e-10,1.45849626753883e-09,5.58800662917296e-12,5.37917337838758e-09,1.83436448050183e-09,5.61789824573732e-09,6.2122140276353e-09,6.76904743132965e-09,1.13034491396647e-09,8.26075655128543e-09,5.62839429216147e-09,1.58103640207016e-08,8.8555159105589e-09,2.19093993492979e-08,9.2894219042049e-09,2.66445555297286e-08,-6.88204564490201e-10,4.04812542224224e-09,1.46177148281541e-09,-5.42455993058594e-10,3.20325522353926e-09,2.80363219899459e-09,7.35204528153638e-07,1.42613887662336e-06,-3.02968853737741e-09,-4.6657288969411e-07,2.97765109551454e-08,-3.68678236447548e-07,4.27011119850259e-09,9.54380881430081e-09,-4.49040133460727e-08,-3.90185497422148e-09,-2.47479896666956e-08,-2.89437251174676e-07,-2.5533745985384e-07,1.72157074309662e-07,8.45185718793563e-09,-7.4425466828487e-09,-2.48485241583999e-07,9.68712271188834e-10,1.90996297806637e-09,1.86982985342526e-09,2.00159581845131e-09,2.56630367234113e-09,6.93357250140915e-10,8.15016431776162e-10,7.56688755307712e-10,6.90398320757157e-10,7.40750067801813e-10,3.9148837339204e-08,8.93651420766465e-08,2.94678160712948e-08,3.250810332418e-07,1.2021712011851e-07,4.87790161292727e-08,-1.16873734097867e-07,9.92673453802019e-08,-1.21000226572175e-07,4.73977944507628e-08,-5.33542484695564e-10,-4.79143381668509e-07,-9.54995741981365e-06,-1.01725482906602e-05,-4.66853368134605e-07,2.17713873082444e-07,-4.08952401754554e-08,-4.20434203380489e-07
"north_west","p_NC_80_plus",-2.69751586236051e-09,4.67344969244958e-08,3.95561633109064e-07,3.07891121204123e-09,1.6298926848979e-09,2.26502442852719e-09,-1.39675583096855e-08,2.07625733084838e-08,-2.18149908479109e-08,8.20685854950073e-09,-1.67875987116158e-08,9.12827996347269e-10,-3.14724078077158e-09,1.79174540067126e-09,-4.41730648151471e-09,-5.28958850941636e-09,1.82098391726998e-09,6.0445936492207e-09,-1.44319678248308e-08,3.48979771290542e-08,2.69341277842496e-09,1.22871355572975e-08,1.5791007080855e-08,1.53228659283559e-08,2.04809149156093e-08,2.41112924739085e-08,4.21575178871687e-09,2.01723269043324e-08,3.37417859615771e-08,3.32872900350201e-08,2.44260033836681e-08,3.13729105598583e-08,1.98662642469805e-08,6.98824389922306e-08,-1.4283574614398e-09,8.49449462158649e-09,-2.02845908092251e-09,6.37846391021533e-09,-1.61633451682267e-08,2.22397679725581e-08,1.9173502916198e-06,1.48662253677317e-06,8.27491620706684e-08,-9.6994881732741e-07,2.82528436778685e-07,-1.008802695334e-06,1.19354938863329e-07,-2.64144142249862e-08,9.2639593679596e-08,1.49650161037321e-07,-9.29880720457806e-08,-5.08396260798986e-07,-1.8601318950313e-06,2.24717066185079e-08,5.44683912947886e-08,-2.39847912845541e-08,-1.151602179822e-07,1.64793493561261e-09,4.24185505973258e-09,4.2509388278262e-09,2.56630367234113e-09,1.66776658040281e-08,1.70452317862642e-09,1.57710607204682e-09,1.5988779953734e-09,1.84916413105274e-09,1.5680654181701e-09,-5.53002929860639e-07,1.10499849152097e-06,2.90444169155185e-07,4.23783068532115e-07,-3.57840139422107e-08,3.33490371857423e-08,1.54374811619303e-06,3.05333610480818e-07,3.46568711465637e-10,1.58427795781922e-07,4.77386397737002e-10,2.24483210463557e-06,-1.75693073076442e-05,-1.40517722254987e-05,-1.50699818639266e-06,2.9330526870093e-07,-1.3642291912421e-07,-8.30204188385667e-07
"north_west","p_NC_weekend_15_24",-1.12173470784736e-09,5.38475451986094e-08,1.8410418671946e-07,-1.84462908549138e-09,-2.17570943502637e-09,2.78502899106934e-09,-4.99335968901983e-09,2.98471325372651e-10,-3.19154730643842e-09,-4.78842173438245e-09,-1.08576177653976e-08,-1.58622530168864e-09,-1.45930524167541e-09,-1.80347761556745e-09,1.83762795447434e-09,5.18349401309875e-09,3.87788862823449e-09,1.01479575640957e-09,3.09510515204291e-09,5.75618744067541e-09,1.58953797903891e-09,8.88647672142907e-09,3.37084688127051e-09,8.29817863659584e-09,1.17719932487449e-08,9.69945731860633e-09,9.34091193585094e-11,5.76639411472118e-09,2.44703865094895e-08,1.60091398581967e-08,2.11947056976979e-09,1.29548064159637e-08,9.64296340509625e-09,1.79624460577427e-09,5.90885469025448e-10,1.83077909903419e-09,3.46382978737107e-10,-1.55529263529584e-09,3.30692704877504e-09,1.27873239150082e-09,8.13442231300248e-07,1.25969882558773e-06,-3.46503025624946e-08,-5.54745958730378e-07,1.13688882824739e-07,-3.17521225353851e-07,1.01357438713344e-07,-3.24778628200167e-08,-2.53764424357556e-10,-5.70018536507148e-08,-3.109443478645e-08,-1.84447477823575e-07,-2.00276406372566e-07,1.39849823711298e-07,4.18638901570931e-08,-9.12924331446028e-10,1.01861862929785e-08,7.33287323761609e-10,1.31921817666385e-09,1.35861647480866e-09,6.93357250140915e-10,1.70452317862642e-09,1.28478606298041e-09,7.27021943187004e-10,7.91725928590256e-10,5.07499591280273e-10,-2.09533323431262e-10,-7.75212777082308e-08,6.19855589529644e-07,5.95967969539439e-08,2.1904956509179e-07,-4.97172241990117e-08,2.9432518155317e-08,-3.49306479929482e-08,1.19345100812524e-07,-1.47810765350039e-07,2.45907680744953e-08,1.22696697420203e-10,-9.4249349203322e-07,-1.08857617776105e-06,6.2935823341875e-06,-1.38802960356141e-06,1.46895800104449e-07,-1.32000684546805e-07,-1.60808225722599e-07
"north_west","p_NC_weekend_25_49",1.89228220828217e-08,9.76837718679655e-08,-2.5864947995373e-07,-3.75060379138685e-10,5.0573978972832e-09,2.19951180912687e-09,-3.15770929870658e-09,2.98287393418254e-09,5.81811123633655e-09,5.30038116582986e-09,2.17520288634057e-09,3.15433178068241e-09,3.3377686341946e-09,3.66734077270616e-09,4.48437360225626e-09,1.9383284803647e-08,3.63108206917764e-09,-2.95374142519723e-09,1.29528900950795e-08,-5.91491073979045e-10,2.23356362626702e-10,1.13222677719837e-08,-1.97021836794091e-09,1.41229065402566e-08,1.28777473424656e-08,7.13680290997386e-09,-2.83570064437752e-09,4.29205122239609e-09,2.90468370714043e-08,6.75363561832856e-09,-8.03526549323493e-09,1.2938581012118e-08,-2.40020597963795e-09,-8.92387940559197e-09,1.424112175541e-09,4.04488332397957e-09,-8.44320552131179e-09,5.39657041977025e-09,1.16545975562783e-09,2.37153303074627e-09,1.77171733291823e-08,8.76344158645539e-08,1.97848823751952e-07,-4.66028655271036e-07,6.19738380880461e-07,7.20263885843485e-08,-5.45545167429008e-08,-5.63515292471786e-08,-1.32374123680795e-08,-8.84949243638084e-08,2.42439052183493e-08,-1.66561537581073e-07,-4.36113781959319e-08,8.64068660006791e-08,2.8871198487647e-08,4.18248019186082e-09,-1.43253067165928e-07,6.92813519567594e-10,1.07016158507835e-09,1.33808648806435e-09,8.15016431776162e-10,1.57710607204682e-09,7.27021943187004e-10,2.10286360594141e-09,9.93674146804205e-10,4.38748957706669e-10,1.38793088003865e-10,2.23754441694969e-07,-2.40686060854013e-08,-2.54868202940411e-07,3.7720547175046e-07,-1.64886984847148e-07,-2.863494332771e-08,-1.27298515372312e-07,1.27419085144363e-07,-2.23527145637117e-07,1.86590394769752e-08,-1.98151032199195e-10,-1.26262027688374e-07,2.31670421539951e-06,1.69267470054611e-05,1.16308368354086e-06,-3.80473685908064e-08,1.0200557634572e-07,7.00554368547077e-08
"north_west","p_NC_weekend_50_64",1.38176715923e-08,1.40319454446394e-09,2.69053367584903e-07,2.6761936143637e-09,7.1385448078636e-10,3.53904257511299e-09,-5.28124070135173e-09,1.27853115802917e-09,-3.21397684695499e-09,-1.14071756933651e-09,-1.073230994215e-08,-1.06480266291031e-09,-1.24021920035868e-09,2.13181272992607e-10,-1.41734002416987e-10,9.78031608096851e-09,6.23224320953128e-09,-6.90192346172365e-10,5.82383861535118e-09,7.48897037336625e-09,2.42598343264571e-09,1.04452480182038e-08,1.16551897311357e-09,1.29457647504216e-08,1.35208557108516e-08,9.53918291057568e-09,-1.00330415137624e-09,6.60163775799977e-09,3.22575404673906e-08,1.24872487253584e-08,-4.49067449450219e-09,9.12138576770065e-09,5.85887172912585e-09,-1.21917924565575e-08,7.40071545675668e-10,4.25816220380913e-09,-3.0225932947645e-09,-1.00941239280439e-09,4.31241350483552e-09,1.09976717208651e-09,1.18288301689944e-06,1.2480108227102e-06,-1.65480771290818e-07,-6.26580453706116e-07,6.24621548901967e-07,-1.26631674023396e-07,1.32258891719799e-07,3.09966682881311e-08,3.93485941278181e-08,-8.03794620891529e-08,-4.70746333688282e-08,-1.9920490955788e-07,-4.60182294905627e-07,1.14819245609147e-07,4.32070185708283e-08,2.50472812193216e-09,-1.07938305315364e-07,7.15559141424218e-10,1.3142768703829e-09,1.53760786303152e-09,7.56688755307712e-10,1.5988779953734e-09,7.91725928590256e-10,9.93674146804205e-10,1.71236203409143e-09,6.44680529663614e-10,-3.82181385946709e-10,-3.65558431732959e-09,1.05501813683741e-06,3.47913674435866e-08,2.05484372357693e-07,-2.37392729208901e-07,1.25465259574117e-07,2.53503203468811e-07,1.77276057472193e-07,-2.0831962251255e-07,4.85547896167922e-08,1.59617833454703e-10,-1.72313184846734e-07,-2.53129326061741e-06,1.52377462160813e-05,-4.81990024119633e-07,1.38427211610853e-07,-1.32323656910653e-07,-1.50519592070361e-09
"north_west","p_NC_weekend_65_79",-3.71696996239148e-09,-2.09727366375864e-08,3.30246433027622e-07,1.53555516881304e-09,-4.65383529804097e-09,2.84804962542015e-09,-3.6138099309943e-09,2.84138806852157e-09,-4.53149199682893e-09,-1.4504987548875e-09,-7.77560981160092e-09,-3.50719035344134e-10,-6.51413326691866e-10,1.63000196873315e-09,-1.05059073766647e-10,1.99111773979619e-08,-7.4459206540894e-10,1.60129571817225e-09,-3.11455068222475e-09,8.05848395683138e-09,7.4989779022704e-10,3.98498811929215e-09,2.85703924601452e-09,4.1927945311383e-09,7.79662889610156e-09,4.67691214550613e-09,-4.64725982354896e-10,5.40142328635292e-09,1.55392977939091e-08,1.19515197139132e-08,2.55571629013166e-09,7.29440622604244e-09,8.5610462389642e-09,1.09093622295198e-09,5.49887012705726e-10,2.36014319880968e-09,-8.25694408762866e-10,9.9405471765358e-10,-2.252531133623e-09,4.48070525195872e-09,9.5231983208407e-07,1.20326244985334e-06,-1.34864813623396e-07,-1.88108390333601e-07,-1.08143343212773e-08,-5.37995368539968e-08,1.88791801095352e-07,4.52745586123079e-08,3.87653023997471e-08,-1.86908294942404e-08,-7.12874799135605e-08,-1.79574919446078e-07,-4.90685848001543e-07,1.90616886036917e-07,3.03093245630467e-08,6.9179929082256e-09,4.18509677450195e-08,5.40813850080041e-10,1.1767063033321e-09,1.27070375624863e-09,6.90398320757157e-10,1.84916413105274e-09,5.07499591280273e-10,4.38748957706669e-10,6.44680529663614e-10,1.06334031176558e-09,1.54090758149395e-11,-2.66254998336225e-07,1.16414915874905e-06,2.5172412649144e-07,-9.40332699734667e-08,-1.46782140181098e-07,1.46113674943262e-07,2.97621095972939e-07,2.09164265371213e-07,-1.48130498054104e-07,3.28460500733046e-08,6.20610477137002e-10,1.24691781323113e-07,-2.8971102311516e-06,2.61565837549544e-06,-1.77572312290169e-06,1.10041342421389e-07,-2.61688359839393e-08,-1.75799816228506e-07
"north_west","p_NC_weekend_80_plus",1.8586653613188e-08,1.64365033495067e-07,-4.65832476914335e-07,-8.79194034363681e-09,1.01030738886645e-08,-1.92904229215685e-09,9.58663198612236e-09,2.47780426943569e-09,1.74577461590314e-08,1.24471092135326e-08,2.91945727444852e-08,8.08992722295411e-09,9.92507423540764e-09,1.06423851399521e-08,4.85964074104194e-10,-1.02614276071911e-08,-1.28899267903189e-08,-3.40695273273297e-09,5.69834995601902e-09,-7.05184199002161e-09,-9.34122447690342e-09,-3.97538515213056e-09,-1.60524947936589e-09,-1.00121777804404e-08,-1.64769586239421e-09,-1.02293601780288e-08,3.63865573937779e-09,-4.43265403384835e-09,-1.60986931708222e-08,-5.44302410054966e-09,3.33735907808824e-10,-1.505689817828e-09,7.0639953240479e-10,3.09058423353539e-09,-2.77966066813674e-09,7.86049705449198e-10,8.45386041325805e-11,4.95383995639987e-09,-7.15904268593896e-09,3.61965580215511e-09,-1.7114528966728e-06,-2.40486450015489e-06,2.35629920724253e-07,8.45786176388975e-07,-1.31387766921776e-06,8.25036179355369e-07,-2.81520894014712e-07,2.7201187542918e-07,3.1296926669142e-08,1.90830189451773e-08,7.07553751441415e-08,3.702976643514e-08,8.50473827851833e-07,-1.19487039068964e-07,-4.75368156334081e-08,1.58020173553735e-08,5.41474621104102e-07,-9.00837451317657e-11,-3.24961001828657e-10,6.66909020574658e-11,7.40750067801813e-10,1.5680654181701e-09,-2.09533323431262e-10,1.38793088003865e-10,-3.82181385946709e-10,1.54090758149395e-11,7.41728385331914e-09,-2.11526015221845e-07,-1.6330153589487e-06,1.15585780893338e-07,-6.32113539115047e-07,8.21542417197881e-08,-3.68678801553527e-07,-8.53354350355947e-07,4.68041742786316e-08,9.83618173533919e-08,-9.80192258512221e-08,-1.743917239902e-09,1.55280414796255e-06,1.63230326064831e-06,-6.08549232551346e-06,3.4125271551164e-06,-3.4423926882706e-07,6.0715557686087e-07,-7.16007959923307e-08
"north_west","p_W_D",-2.68709444873157e-07,1.98848807207488e-05,-0.000521484841878033,-4.26274490649329e-06,2.19700956020129e-06,2.81822052238035e-07,9.51297895834298e-07,9.13864045479277e-07,1.64393830660027e-06,3.30882079342125e-06,-2.10982599146746e-07,4.59952468570673e-07,1.15380893578134e-06,-4.60294543234687e-06,4.16514303268224e-06,-6.08024834740658e-06,3.50515999306895e-06,1.56356243860496e-06,3.08857786150211e-06,-2.82558122532189e-07,2.54635757781261e-06,3.97884310643526e-06,-1.07606256153485e-06,6.87450127161889e-06,3.68289485106625e-06,3.97840843239917e-06,-1.64910666101002e-06,-4.97271774770888e-07,7.44811651347665e-06,-6.08490162628741e-06,-3.36075753866046e-06,2.14611706058093e-07,-3.57138882335863e-06,-6.48222516259098e-06,1.45005144810199e-06,5.9599246572655e-07,-3.65669895386924e-06,1.75858442415815e-06,5.2269477386334e-06,-5.88346032991887e-06,-0.00010291935923743,-0.000586681680462426,0.000637851524058657,0.000140244807554861,0.00151276286822045,-0.000202773030563157,-0.000113226628979724,-0.000131306559618878,-7.2227468805898e-05,-3.90634868912231e-05,7.84726657582762e-05,-8.54949039167725e-06,0.000103675316413716,-0.000284949386416949,1.1986734214556e-05,-1.8089596031488e-08,-0.000273980149511189,2.07363470543955e-07,-5.44064636898054e-08,-1.23433847982746e-07,3.9148837339204e-08,-5.53002929860639e-07,-7.75212777082308e-08,2.23754441694969e-07,-3.65558431732959e-09,-2.66254998336225e-07,-2.11526015221845e-07,0.00193936016042928,-0.00125546172229208,-0.000332137495161264,0.000380314814524635,8.49554039298077e-05,6.78815409776151e-06,-0.000210946186557038,-1.43117589903118e-05,-0.00010356467470373,2.82807992856016e-05,-2.08320172783754e-07,6.2769202224922e-05,0.000201970284909359,0.00655154007452171,-7.79842553823554e-05,-2.18473525065479e-05,-7.7274218264059e-05,0.00016535869780234
"north_west","rel_p_D_alpha",-2.32487885581142e-05,-0.000312767412711423,0.00168342735202441,1.5766588482083e-05,-1.76047350468824e-05,6.58202320119422e-06,-1.23831824646648e-05,2.05718533141492e-06,-1.60367218622043e-05,-7.97772724895522e-06,-1.54058035922959e-05,-3.74507937155621e-06,-7.20100881684433e-06,2.0085210556584e-06,-4.78688036815551e-06,3.4735073227656e-05,1.03566702808316e-07,5.88661934917261e-06,-1.69618647833001e-05,2.94597610918503e-05,4.72903416855639e-07,7.89230350280257e-06,6.75788269007287e-06,6.75186740318048e-07,1.11503864406772e-05,1.10632580877856e-05,-4.28853732984818e-06,5.78388817146949e-06,3.31235552039785e-05,2.52341644512437e-05,4.37875956006484e-06,-6.0266082139498e-07,1.3566344852391e-05,2.78293825382106e-06,3.76463790411353e-06,-2.06044607183292e-06,5.114080584539e-06,-5.0487094811078e-06,-6.88311362908434e-06,8.16065142361357e-06,0.00317094917282606,0.00304431060793081,-0.00243819461901617,-0.00211833098450671,-0.00115058460693823,4.20386233463042e-05,0.000894890585650898,0.000229070510823575,0.00021542344255478,0.000117968574386552,-0.00044267092704554,-0.000115510106388468,-0.00131762318028387,0.000151667374315291,6.60902453652379e-05,1.01922663938026e-05,0.000148797623793613,3.99087545701386e-07,1.35181866536451e-06,1.23195133984367e-06,8.93651420766465e-08,1.10499849152097e-06,6.19855589529644e-07,-2.40686060854013e-08,1.05501813683741e-06,1.16414915874905e-06,-1.6330153589487e-06,-0.00125546172229208,0.00936858891698524,0.000210522615396271,-0.000417744986063776,-0.000767380176729476,0.000577478884110319,0.00132180330211379,0.000880241934483036,-0.000455360470964062,2.48888854982826e-05,1.95197391422552e-06,0.000395297601615812,-0.0139310048596212,0.00881286430610744,-0.00559562890619341,0.000255208069473121,-0.000319634102837808,-0.000216563601805838
"north_west","rel_p_D_delta",-1.33712026925473e-06,0.000114914748616124,0.000465073329354631,-4.82348922070936e-06,7.71259082340404e-07,1.6968909795326e-06,2.99026811533683e-08,-1.11784690218147e-07,-2.01665768640444e-06,2.42954463990609e-06,-5.34542079424487e-06,8.0912094985759e-07,-4.2288201937685e-07,7.08361550082761e-06,-3.59536697715457e-06,1.94217019009633e-05,-1.06549947631922e-05,-1.878676596736e-06,-6.14487336769093e-06,7.34293206566805e-07,-5.50173671359726e-06,-7.81570278922316e-06,-2.5611054465431e-07,-1.23991672674322e-05,-6.06962767123389e-06,-6.04684052558989e-06,1.32703407424272e-06,-8.82036442815327e-06,-1.25249922070652e-06,4.61497487293849e-06,-3.23963995384077e-06,-3.84550648711841e-06,5.22409604009e-06,-1.71406686296754e-05,-8.93103573958148e-07,-4.7621024912479e-07,1.78062469229175e-06,-6.3953747480482e-07,-3.23185766594304e-06,4.853970745092e-06,0.000204657697549817,0.00109828069606589,-0.000207660958019468,0.000676045099883984,-0.000827820903901635,0.000343227339361499,0.000129051945337958,0.000214750658270715,0.000156184449886194,-3.07377845762907e-06,-8.23058898814065e-05,-2.57818136818426e-05,0.000249442323068024,0.000178470372682968,1.80054315683198e-05,3.0696999856385e-05,0.000450821793552477,-2.85184029834509e-07,-1.50298769484463e-07,-4.26510636396895e-08,2.94678160712948e-08,2.90444169155185e-07,5.95967969539439e-08,-2.54868202940411e-07,3.47913674435866e-08,2.5172412649144e-07,1.15585780893338e-07,-0.000332137495161264,0.000210522615396271,0.0014421902649784,-0.00144700917988522,1.0067016064778e-05,-5.0321982901114e-05,-0.000301115026654186,-7.60987286086002e-05,0.000136951350168193,-4.44301255783852e-05,3.0749825840409e-07,-0.00104586085458329,0.000509501520032551,0.00159538300390901,0.00128011406283385,-3.05633108649754e-06,0.000236624178975889,-0.000100566820525217
"north_west","rel_p_D_omicron",-3.27352840686979e-05,-3.8276861757269e-05,-0.000354649301950551,4.88175567667694e-06,-1.59539714518951e-06,-2.84557233682559e-08,-6.91158780243763e-06,1.42835144089247e-06,-7.60809880327665e-06,-1.48161610428018e-05,-7.33074065508891e-06,-5.72875977455248e-06,-3.33745469949663e-06,-1.44664679652976e-05,-1.80045568315173e-06,6.29890549763218e-06,1.23185501975382e-05,3.15172649573212e-06,-1.7228097789982e-06,3.76828029811324e-06,6.08169170536376e-06,1.04937576791622e-05,5.20521496024688e-08,1.52552479534718e-05,8.24463630267912e-06,8.71083140146995e-06,-3.40421435677897e-06,1.34817317331695e-05,-2.23962092382003e-06,3.56663156324544e-06,1.47771560981865e-05,1.50456644112606e-05,1.19566549459268e-06,4.41205592546604e-05,2.52652684738313e-06,-9.62814276654154e-07,3.71611327614461e-06,-3.25928548920463e-06,6.38210235810587e-06,-6.15846975567956e-06,0.000565284294729401,-0.00022726005051282,0.000295528583963627,-0.00099141180616891,-0.000268153918257874,-0.000901643036607096,-0.000180781110449941,-0.000299855160942666,-0.00017058346750676,5.31748057137638e-06,5.3673837282217e-05,-5.48934108569805e-05,-0.000648816497518899,-4.09526717957865e-05,-9.72227741358591e-06,-5.23614605744664e-05,-0.000702226845923075,8.08913482945712e-07,1.01152588383555e-06,6.62947246892066e-07,3.250810332418e-07,4.23783068532115e-07,2.1904956509179e-07,3.7720547175046e-07,2.05484372357693e-07,-9.40332699734667e-08,-6.32113539115047e-07,0.000380314814524635,-0.000417744986063776,-0.00144700917988522,0.00311148303455601,-3.85953345555574e-05,0.000169618725910242,0.000575395612698267,9.93586680292857e-05,-9.11284921876022e-05,8.93305433040386e-05,2.74306283500405e-08,-0.000896245630353175,-0.00834119678087112,-0.0149511122138129,-0.00113974720160196,0.000221458815209801,-0.000433267610634054,-0.000219287429893111
"north_west","rel_p_H_alpha",-6.44455274603373e-06,-3.56850704630818e-05,-0.000180966835245044,-6.05464874722987e-06,1.27023841975256e-06,-1.17732616845948e-06,3.71711580003684e-06,-2.2797947921635e-06,-1.83719770914519e-06,-5.56479087150434e-06,-4.12098963352071e-06,-2.77225556968971e-06,2.21138567777053e-07,-4.39490560128728e-06,-1.0611810204383e-06,6.06251594629057e-06,8.85038604074495e-07,-6.2106825358939e-07,1.5823942345519e-06,-4.28469228826825e-06,-5.06817997194874e-07,-4.65710685596482e-07,1.2994153875584e-07,-2.51862485035032e-06,-1.3165343678405e-06,-9.0037601167317e-07,2.78015873372612e-08,-2.55900276885524e-07,-9.54463717831576e-06,2.81337842268619e-06,4.83805058461131e-06,7.39588289086272e-06,1.99529480809126e-06,1.0498595922299e-05,7.48105063810108e-07,-1.33351086418697e-06,3.65329625331775e-06,5.64825269827204e-07,1.31701352127756e-06,2.51824582255996e-07,-0.000440602584863281,0.000236381050914632,0.000144828188542426,0.000107955955952737,0.000246325541506012,-0.000107911984393772,-0.00024689215453228,-6.03607851627639e-05,-5.41873735314413e-05,-3.28149330109495e-06,2.1192073735417e-05,-0.000169703854652015,0.000238857571848949,4.63471462640136e-05,-1.42366613969113e-05,1.05357699925285e-05,-0.000148061917475152,2.46680018437018e-08,-1.11507102799446e-07,-2.9608475239356e-07,1.2021712011851e-07,-3.57840139422107e-08,-4.97172241990117e-08,-1.64886984847148e-07,-2.37392729208901e-07,-1.46782140181098e-07,8.21542417197881e-08,8.49554039298077e-05,-0.000767380176729476,1.0067016064778e-05,-3.85953345555574e-05,0.000865548469421096,-0.000281533573282589,-0.000562867552354746,-0.000486366969375241,0.000198794648117412,-1.41896013388954e-05,-7.64695991215446e-07,-0.00238294866915076,-0.000832006169936771,-0.00894820007070172,-0.000524445061553387,7.90005748447892e-05,-6.15519788867751e-05,-0.000128158166908768
"north_west","rel_p_H_delta",-1.73774013201691e-05,-6.14965495168632e-05,0.000179729075920202,6.30151073211696e-06,-3.49844225492979e-06,9.00805768288631e-07,-2.81990467972312e-06,7.28891829648722e-07,-6.16863491494356e-06,-4.03884527941389e-06,-9.00115265933582e-06,-2.36914434447401e-06,-2.59322004339605e-06,-3.34732596724582e-06,-2.69209304904355e-07,1.1413564831244e-06,1.03376304132317e-06,1.80767070762623e-06,-5.2218915258374e-06,3.52333036637782e-06,7.81780866146532e-07,7.11454578034278e-07,6.75068809027741e-07,-1.22942607464089e-06,4.84669076639052e-07,1.80442002131113e-06,1.15521220378394e-07,1.75010568418381e-06,-1.84147518908555e-06,2.21760106592388e-06,4.78847660007784e-06,1.75491593241643e-06,3.1684842962023e-06,1.15626600848089e-05,2.85614576848098e-07,-3.96202125032747e-07,2.01944355896297e-06,-1.41588610441207e-06,1.34225074985273e-06,-1.09937585575189e-06,0.000330091226689265,0.000728487484572543,-0.000256012991012653,-0.000238354477455573,-0.000106342414365015,-0.000210527879907673,0.000192855644308299,-4.34193630633338e-05,-4.02748023924698e-05,2.37028374962623e-05,-2.82093353975995e-05,-4.57086733902552e-05,-0.000437054140542203,5.15903631344767e-05,8.77899074534478e-06,-8.10325825059573e-06,-6.88398745616252e-05,2.27100640083531e-07,5.28161670557971e-07,3.73439458390285e-07,4.87790161292727e-08,3.33490371857423e-08,2.9432518155317e-08,-2.863494332771e-08,1.25465259574117e-07,1.46113674943262e-07,-3.68678801553527e-07,6.78815409776151e-06,0.000577478884110319,-5.0321982901114e-05,0.000169618725910242,-0.000281533573282589,0.000424176713416831,0.000330990739012251,0.000176674621545054,-0.000157739589395185,3.21933083055478e-05,4.3117280033321e-07,-0.000280934480957976,-0.000615281499611985,-0.00552584291818733,-0.00128648743096003,0.000123912882574906,-0.000130340544326171,-0.000119266671457627
"north_west","rel_p_H_omicron",-1.65869164261686e-05,-8.26511127467115e-05,0.000679821332199124,1.43935357213148e-05,-8.31049985442366e-06,2.56383084834459e-06,-1.10250234934911e-05,7.74767546614181e-06,-9.96440915782647e-06,-2.65833363813743e-06,1.05001916734629e-06,4.06687683542007e-07,-4.75716696465044e-06,-2.36963074143459e-07,4.56665375129554e-07,5.65146570048316e-06,1.35563698257451e-06,4.54450701717388e-06,-1.95102852766331e-05,1.4457715258288e-05,1.4267660381557e-06,-2.75563033977752e-06,-1.76846475640878e-07,4.0751213712119e-06,-2.30385122530265e-06,9.9509814321129e-07,-1.85274715138247e-06,3.12787065611376e-06,5.4623680461249e-06,-4.38123895171867e-06,9.2726291768032e-06,-8.42615656559754e-06,-3.55702087453485e-06,2.4238447433778e-05,1.24602711076909e-06,-4.19127204880138e-07,1.46056076967681e-07,-1.02742394647545e-06,-5.65947655526344e-06,2.07298969202309e-06,0.00108603682326574,0.000283115177192761,-0.00057715727262443,-0.000375945406878677,-0.000444952739055081,-0.00075805080213913,0.00015317304853036,-0.000197555388351037,0.000113334255369284,0.00014687325640292,-5.48981740972035e-05,0.000105474646031236,-0.00262504836165982,-0.00015810661260317,-5.99211130957461e-06,-4.51367414012533e-05,-0.000117713874514301,9.21241140961034e-08,7.88605759011205e-07,1.01295653669357e-06,-1.16873734097867e-07,1.54374811619303e-06,-3.49306479929482e-08,-1.27298515372312e-07,2.53503203468811e-07,2.97621095972939e-07,-8.53354350355947e-07,-0.000210946186557038,0.00132180330211379,-0.000301115026654186,0.000575395612698267,-0.000562867552354746,0.000330990739012251,0.00326591355666119,0.000378013915390214,0.000124178413314567,9.43460053816559e-05,1.83759913483444e-06,0.00239869604077956,0.00307193517898855,-0.00590373110723868,-0.00188295109698534,7.72807437334656e-05,-9.0738355945305e-05,-0.000186181546922923
"north_west","rel_p_ICU_alpha",1.01772257162453e-05,4.77876789498332e-05,8.80445636562125e-05,-7.69019126799911e-07,-1.28229678932324e-06,1.69262910010221e-06,-4.48162236483277e-06,1.29061811958333e-06,1.54803464616339e-06,3.42075706898243e-07,-8.40941226208933e-07,1.18495575255092e-06,-6.13274286076309e-07,1.9739574579649e-07,1.38059660103e-06,-6.6098218052469e-06,4.27740564501461e-06,1.89944376273151e-06,4.74817309448166e-06,3.88438018446297e-06,3.04750705762771e-06,4.16913293067948e-06,3.09720315342356e-06,7.2504472252639e-06,3.31231553294005e-06,7.23862294106338e-06,6.10938465758402e-07,3.89994634265804e-06,1.30961224094804e-05,5.48937397591525e-06,-1.55363048011703e-06,3.8759519329766e-06,1.92950810153378e-07,3.98699544718932e-06,-5.60484194442197e-07,3.06937014609026e-06,-5.19556416927001e-06,4.72886819204444e-07,6.21955592541e-07,-6.79741967544686e-07,0.000337856212355578,-0.000574236622420301,0.000487595835195776,-0.000369102841470165,0.000275068689289791,0.000141058360657927,0.000346481240917062,5.58408886650191e-05,1.79483225553809e-05,8.58798627862857e-06,-2.28875381916543e-05,6.35540700551301e-05,-0.000254343716005445,-5.2740558015759e-05,3.17915275390506e-05,-3.75527180968841e-05,0.000358820677743667,8.39690402207413e-08,1.76094722394218e-07,2.50478887290076e-07,9.92673453802019e-08,3.05333610480818e-07,1.19345100812524e-07,1.27419085144363e-07,1.77276057472193e-07,2.09164265371213e-07,4.68041742786316e-08,-1.43117589903118e-05,0.000880241934483036,-7.60987286086002e-05,9.93586680292857e-05,-0.000486366969375241,0.000176674621545054,0.000378013915390214,0.00118380660982333,-0.000507975086030948,3.19748311653418e-05,2.84244209692076e-07,0.00158317245455763,-0.00215622156339829,0.00531473825596771,-7.36139644826905e-05,-6.38263745405692e-06,-0.000119906167238466,3.52481633510489e-05
"north_west","rel_p_ICU_delta",-4.47284790691097e-06,1.34773380944762e-06,1.74763604222844e-05,1.398046517427e-06,7.70295590541738e-09,-1.08217935194895e-06,1.29464804671766e-06,3.66335574238941e-07,-1.04519421366484e-06,1.43400427683465e-06,3.37520392913108e-06,3.82100340109817e-07,6.22185096868344e-08,1.35070162049301e-06,-7.6201095164326e-07,1.75401683665157e-06,-2.25947762979937e-06,-1.50971374877432e-07,-4.73261957687679e-06,-1.46822893149435e-07,-1.35357974734546e-06,-3.97247896135205e-06,-7.26746292545996e-07,-4.27905010101357e-06,-3.73389723131131e-06,-4.25992795480183e-06,1.75322088467529e-07,-2.88719860837226e-06,-7.76457086279058e-06,-3.81076551398691e-06,2.06233388442954e-06,-3.66159381696803e-06,-3.55391157044986e-07,8.57812483733964e-07,-3.10638035070404e-07,-1.36825029552945e-06,2.34914490326753e-06,-2.76285611235257e-07,-1.9771091732106e-06,1.11675082862851e-06,-0.000294218137312638,-0.000189000661749188,-0.000234648234599607,0.000258231805576485,-0.00034560405877182,-0.000175501256436456,-0.000228992621339414,-3.00326402389998e-05,4.5627529077384e-05,3.22558064358621e-05,6.710349447558e-06,3.62691719017163e-05,-5.10241527297015e-05,-2.13807605998594e-05,-2.0727607400511e-05,5.50543062025643e-07,-0.000112885937218348,-1.62795065593786e-07,-2.32671622430261e-07,-2.31031006613132e-07,-1.21000226572175e-07,3.46568711465637e-10,-1.47810765350039e-07,-2.23527145637117e-07,-2.0831962251255e-07,-1.48130498054104e-07,9.83618173533919e-08,-0.00010356467470373,-0.000455360470964062,0.000136951350168193,-9.11284921876022e-05,0.000198794648117412,-0.000157739589395185,0.000124178413314567,-0.000507975086030948,0.000472435843193885,-2.40981034063996e-05,-1.84124903301648e-08,-0.00052272520939727,0.00177252511193867,-0.00433080284003373,0.000226489213314333,-2.9460059571014e-05,7.40732638078856e-05,-3.28476138232144e-05
"north_west","rel_p_ICU_omicron",-2.16972503464915e-06,-1.31463324035021e-05,1.95802016804789e-05,1.19290872266112e-07,-4.91806414876119e-07,-3.62146026908351e-08,-1.04110882287301e-06,7.72510147487232e-07,-1.82453571152623e-06,-6.46952485217551e-07,-2.35852312788955e-06,-5.2383865321205e-07,-6.75223802015106e-07,-1.05387387535236e-06,-1.46528660397853e-07,-1.33037302694995e-06,1.57656454102928e-06,6.99429128261796e-07,-5.64483179796533e-07,1.88184936078989e-06,8.56270414298949e-07,1.12857926380411e-06,8.74196253222294e-07,1.25448509195867e-06,1.65817350956919e-06,1.29671814593167e-06,1.11343944810408e-07,1.80472554703321e-06,8.16435319172007e-07,1.52529903282476e-07,1.21773804774226e-06,1.09773439424229e-06,5.73214874664937e-07,2.87685720679989e-06,2.027264544663e-09,2.16068233400231e-07,7.77831602234812e-08,-1.63917446475535e-07,2.2273170605555e-07,1.64145802271183e-07,0.000121508208130066,6.87122122782433e-05,1.02765377252798e-05,-7.19043601687486e-05,0.00024782738897475,-9.39148599837173e-05,2.20776571976044e-05,-2.93930795266041e-05,-1.03812911997236e-06,7.10722777029838e-06,-9.07200773786185e-07,-1.09319583241879e-05,-0.00011187172107379,-1.0737740050138e-05,1.48944580127168e-06,-4.40160250241181e-06,-2.59579898511693e-05,7.53775592053576e-08,1.52457799033958e-07,1.11250760496316e-07,4.73977944507628e-08,1.58427795781922e-07,2.45907680744953e-08,1.86590394769752e-08,4.85547896167922e-08,3.28460500733046e-08,-9.80192258512221e-08,2.82807992856016e-05,2.48888854982826e-05,-4.44301255783852e-05,8.93305433040386e-05,-1.41896013388954e-05,3.21933083055478e-05,9.43460053816559e-05,3.19748311653418e-05,-2.40981034063996e-05,3.31136177478869e-05,1.39260953468489e-07,1.84553941322955e-05,-0.000958811427481635,-0.00099086072505953,-0.000277192130082077,3.10995796608991e-05,-6.23362508660415e-05,-1.28186188163693e-05
"north_west","rho_pillar2_tests",-1.58419353156852e-08,-2.33036994963063e-07,8.43843641072564e-07,-8.15478995497314e-09,-1.01709378087679e-08,2.92085523813524e-09,-1.12501849845039e-08,1.28839278272157e-08,-6.47848840689692e-09,5.93221333266024e-09,7.50738996703722e-09,5.07252067402538e-09,-1.39445462512188e-09,1.03116653593982e-08,4.60346708090517e-09,-5.48751920279128e-09,5.19516817757462e-10,1.00402851698026e-08,-1.76216866785082e-08,2.45196317972933e-08,4.0037030147133e-09,2.32257703007118e-09,6.95746146953067e-09,3.22395715623661e-09,7.27976329116468e-09,4.56182491280571e-09,-7.01312972055242e-10,6.0536658397402e-09,1.92993039500067e-08,-1.86304462403941e-08,-1.65794205325259e-09,-2.9901277889828e-08,1.30405704884689e-09,-3.35693282234807e-08,2.51993325348772e-09,-1.06894155157734e-09,-5.55248302056263e-09,-2.64317891795371e-11,-8.94249970334716e-09,1.13396447440515e-08,2.24368180933344e-06,1.32809086264446e-07,-4.41485395412976e-08,-9.06399420810839e-08,3.80552645091117e-07,-3.5981174664377e-07,3.93632621957834e-07,-2.52092057146974e-07,2.10609691534585e-07,9.1881473531101e-08,-9.76520837824635e-08,8.97171778965243e-08,-1.51690362887897e-06,-1.49464500259562e-07,4.34905773722641e-08,-8.36780445059566e-09,-4.31801376653486e-08,-2.52494884642763e-10,-7.03588831361828e-11,5.67807312991446e-10,-5.33542484695564e-10,4.77386397737002e-10,1.22696697420203e-10,-1.98151032199195e-10,1.59617833454703e-10,6.20610477137002e-10,-1.743917239902e-09,-2.08320172783754e-07,1.95197391422552e-06,3.0749825840409e-07,2.74306283500405e-08,-7.64695991215446e-07,4.3117280033321e-07,1.83759913483444e-06,2.84244209692076e-07,-1.84124903301648e-08,1.39260953468489e-07,9.90247381986841e-09,2.64855533107468e-06,-2.43079750015137e-06,1.71831551562475e-05,-2.71676199642239e-06,-7.32339031811547e-08,-7.9120438820586e-08,3.62637263640735e-07
"north_west","seed_date_alpha",9.68735145031391e-05,0.000151189133561823,-0.000870181227860507,1.07089730869181e-05,7.02760772202841e-06,1.06313638035112e-05,1.19966537678232e-05,1.95432094035998e-05,5.6370704991953e-05,5.06580055717333e-05,7.05243895660681e-05,1.20374150301735e-05,-7.36036810312407e-06,1.65305940859886e-05,-1.26480393525436e-05,-7.46983306822333e-05,-1.43742757561933e-05,-2.09746994062207e-05,-8.21518838277812e-06,-1.53789604461918e-05,-1.74033671906625e-05,-2.75610451483933e-05,-2.76831223254927e-05,-4.92498540516469e-06,-3.02103309859998e-05,-4.78997097282285e-05,-2.97295013851131e-06,-2.12841242686474e-05,-1.26021877108299e-05,-7.33519660982871e-05,-5.17297143542901e-05,-8.10994013530423e-05,-5.55597107140485e-05,-0.000105126607234873,-3.51978676485918e-07,-3.67827716049244e-06,-1.42121069072139e-05,-2.30268793937207e-06,-5.05067357164397e-06,-3.41327752220419e-06,0.000108268063254024,-0.00411314871260177,-4.8889359940154e-05,0.00130407670075613,-0.00105224807858138,0.00136873669212877,0.000406240833593583,0.000226510844616708,0.000232037800568494,6.42569289545885e-05,0.000127787182986229,0.00108506461300894,-0.000449766683764623,-0.000331503174677656,-7.40453011112849e-05,-6.99708825856677e-06,0.000847242986759558,-1.82347723917924e-06,-3.10084450442721e-06,-6.81734035958249e-07,-4.79143381668509e-07,2.24483210463557e-06,-9.4249349203322e-07,-1.26262027688374e-07,-1.72313184846734e-07,1.24691781323113e-07,1.55280414796255e-06,6.2769202224922e-05,0.000395297601615812,-0.00104586085458329,-0.000896245630353175,-0.00238294866915076,-0.000280934480957976,0.00239869604077956,0.00158317245455763,-0.00052272520939727,1.84553941322955e-05,2.64855533107468e-06,0.1419764907946,0.0217584898903506,0.0536840264273969,0.00495561883992763,-0.000146669071127464,0.000683521257651197,0.00131952616698988
"north_west","seed_date_delta",0.000297013397044685,-8.56028393205694e-05,0.00224564251206634,0.000183477530407975,-0.000108235385723549,-3.12586275250361e-05,7.2941369851147e-05,-3.70270695650741e-05,6.96363485600338e-05,8.90873723960682e-05,5.52185220059406e-06,1.65195391174597e-05,2.76754969658909e-05,-3.91333301254619e-05,0.000312842474800887,-6.51686834933988e-05,-0.000120916314360915,-0.000256022885662832,-2.08685305989396e-05,-0.000378861316364798,-0.000157627007715282,-0.000301740883523439,-0.000264916458614374,-0.000268357653919825,-0.000337977157114085,-0.000373219884040039,9.15884845869713e-06,-0.000337450358033661,-0.00033474591086428,-0.000290531580270427,-0.000141051479940285,-0.000287613329222077,-0.000146361121316359,-0.000476350243439829,-5.02147129200104e-06,-5.951102738383e-05,1.0884281121854e-05,1.40382610404441e-05,-3.06099576514306e-06,1.04547699595968e-05,-0.0442557963996641,-0.00253244989035625,-0.000119738537538594,0.0049255488681786,-0.017178704271717,0.00685205563577466,-0.00155808743891031,0.000150874590502604,6.47437193702168e-06,-0.00108151734358821,0.000754916180191149,0.00122254891613491,0.00176402280745966,0.00689975314792152,0.000371363931944037,0.000117768609773504,0.00315719801620661,-5.20342647404869e-06,-1.15801906024366e-05,-7.27442310342494e-06,-9.54995741981365e-06,-1.75693073076442e-05,-1.08857617776105e-06,2.31670421539951e-06,-2.53129326061741e-06,-2.8971102311516e-06,1.63230326064831e-06,0.000201970284909359,-0.0139310048596212,0.000509501520032551,-0.00834119678087112,-0.000832006169936771,-0.000615281499611985,0.00307193517898855,-0.00215622156339829,0.00177252511193867,-0.000958811427481635,-2.43079750015137e-06,0.0217584898903506,0.865121978421508,0.037331985064053,-0.0338315497770757,-0.00125074583668125,0.0100836461086927,0.000319861584992662
"north_west","seed_date_omicron",0.0013420290289336,0.00142362573559738,-0.00256959089540736,-0.000246975065718478,0.000224608193955149,1.88699625924349e-05,7.91533092447829e-05,-9.91071472035735e-06,0.000490492357304284,0.000417189163961326,0.000495652922937714,0.000230478566440521,0.000167819623629838,0.000375892664938307,0.000146577670151914,6.08095700132191e-05,0.000211565161841343,-2.17199454614434e-05,0.000569863723568039,0.000113099023961733,0.000104549425083327,0.000278233378005506,1.5133559223472e-05,0.00045282759519722,0.000390283496058507,0.000201049561569002,-7.83224460143766e-05,-4.82941325389338e-05,0.00140343888258971,-0.000106717981869006,-0.000783707290506167,-0.000353098121659931,-0.000310254119971299,-0.00169520343758656,4.09332003535513e-05,0.000116641179573427,-0.000393945729873188,0.000179773792925457,-7.68541240346476e-05,8.07859478912039e-05,0.0126348925504608,-0.0333025254604727,0.00843714920721881,0.00665588026055182,0.0267245248023471,0.0147534934259686,0.000639224222995985,0.00296152352170102,0.00237789891632671,-0.00406496620593669,0.000605581523502907,0.00230584843606906,0.00904658156207276,-0.00435335080164291,0.000814699790298979,0.000534065406123134,0.00484241959795736,-8.95233554279642e-06,-2.40460505957662e-05,-4.46595380523393e-06,-1.01725482906602e-05,-1.40517722254987e-05,6.2935823341875e-06,1.69267470054611e-05,1.52377462160813e-05,2.61565837549544e-06,-6.08549232551346e-06,0.00655154007452171,0.00881286430610744,0.00159538300390901,-0.0149511122138129,-0.00894820007070172,-0.00552584291818733,-0.00590373110723868,0.00531473825596771,-0.00433080284003373,-0.00099086072505953,1.71831551562475e-05,0.0536840264273969,0.037331985064053,1.3566779955366,0.0809886756491181,-0.00858589117331729,0.00266558686380171,0.0214844322227634
"north_west","start_date",0.000138726492569059,-0.000291664243892236,-0.00462080112265392,-7.4581527536528e-05,0.000367527952381739,1.5853139164212e-06,6.22104737641567e-06,4.10390365295097e-06,6.36369773916847e-05,5.3377045002352e-05,8.39701738484512e-05,2.991513823372e-05,2.42176105675396e-05,5.78404460775978e-05,-2.04376482399196e-05,-1.64412960157606e-05,3.11222608846802e-06,-2.68734305924562e-06,7.18852848451001e-05,-3.63683132271002e-05,6.58245024384124e-06,1.05907679358429e-05,-2.37206157588792e-06,1.84411008236955e-05,1.23391488775428e-05,-2.08034762848487e-06,5.39181455284585e-06,1.51192722777757e-06,5.0765889506908e-05,-1.95647405980628e-05,-7.27242131594941e-05,2.34310220189981e-06,-6.03967975760416e-05,-0.000109612813574387,-1.2343370015769e-05,1.44865877942646e-05,-2.45910546428082e-05,-5.88730409939158e-06,1.1366192857454e-05,-1.91329395475462e-06,-0.00114359868226996,-0.00605604315597436,0.000753118565737511,0.00306853958282284,-0.00346250943733359,0.0036362425951584,-0.00145345683633289,0.000505638272242282,0.000493326634485739,-0.000360173480599788,0.000236419703723472,0.000908710525810878,0.00282017600282396,-0.000569603075254612,-0.000103643605822724,3.09352800428699e-05,0.0013060215826839,-2.15814228024697e-06,-4.79167662046603e-06,-2.82818955225868e-06,-4.66853368134605e-07,-1.50699818639266e-06,-1.38802960356141e-06,1.16308368354086e-06,-4.81990024119633e-07,-1.77572312290169e-06,3.4125271551164e-06,-7.79842553823554e-05,-0.00559562890619341,0.00128011406283385,-0.00113974720160196,-0.000524445061553387,-0.00128648743096003,-0.00188295109698534,-7.36139644826905e-05,0.000226489213314333,-0.000277192130082077,-2.71676199642239e-06,0.00495561883992763,-0.0338315497770757,0.0809886756491181,0.143005081418621,-0.00137654704232588,0.000803345423170963,0.00176414077562161
"north_west","ta_alpha",-1.58566996868869e-05,-4.38043620066927e-05,0.000168799141053368,3.4749063167963e-06,-3.45236325333201e-06,-3.84312263368381e-07,-2.11924317815973e-06,-5.15496112712392e-07,-8.53838145260921e-06,-8.34050910859288e-06,-1.44024478647182e-05,-4.87212741717654e-06,-3.87516493014845e-06,-7.22663449808003e-06,-1.51147069393018e-06,4.48256571879472e-06,1.79943721595902e-06,8.5582703488522e-07,-4.95928854850673e-06,2.28179957829813e-06,1.44058621824338e-07,1.25322843435316e-06,5.90309978876028e-07,-1.03070759255656e-06,1.06992515012079e-06,1.94828138796697e-06,3.61048221518689e-07,2.26883062176988e-06,-2.95122656186179e-06,5.85026238553418e-06,6.82276894024761e-06,7.35108626383457e-06,3.74240813555423e-06,1.73636093022942e-05,1.47669515309089e-07,-6.98454906786816e-07,4.0076404903298e-06,-2.71203601153529e-06,2.91180252700005e-06,-3.86332460552102e-07,0.000371357021292941,0.001031478104625,-0.000140914827163269,-0.00022864383885068,1.30514466188652e-05,-0.00031133032526884,5.96962194936995e-05,-4.08237855717661e-05,-1.99469762527371e-05,9.67073804533804e-06,-2.36259733986265e-05,-8.84592694181972e-05,-0.000227199454439367,5.78216849394484e-05,8.2063990439565e-06,-7.92075557190265e-06,-0.000122225898639684,3.05664210258006e-07,5.84097807552457e-07,3.71687823306795e-07,2.17713873082444e-07,2.9330526870093e-07,1.46895800104449e-07,-3.80473685908064e-08,1.38427211610853e-07,1.10041342421389e-07,-3.4423926882706e-07,-2.18473525065479e-05,0.000255208069473121,-3.05633108649754e-06,0.000221458815209801,7.90005748447892e-05,0.000123912882574906,7.72807437334656e-05,-6.38263745405692e-06,-2.9460059571014e-05,3.10995796608991e-05,-7.32339031811547e-08,-0.000146669071127464,-0.00125074583668125,-0.00858589117331729,-0.00137654704232588,0.000207495857661715,-0.000196594750961719,-0.000201119708324215
"north_west","ta_delta",1.51416536074718e-05,8.0828908502191e-05,-0.00014462422881376,-3.03150452258143e-06,1.28697106208002e-06,1.97553121960007e-06,2.30623260328647e-06,1.70653168697773e-08,8.53712930245345e-06,7.47734192154931e-06,1.42942919200349e-05,4.70434402776503e-06,4.19341348049246e-06,9.05929623622513e-06,3.68831874677408e-10,2.42991023897923e-06,-1.33961919418698e-05,-7.82226165141425e-06,-1.24080118093085e-06,-1.35932510464228e-05,-7.37776530324938e-06,-1.15534917062991e-05,-9.75932410833578e-06,-9.31005324470948e-06,-1.53941595407611e-05,-1.2474544504286e-05,4.2634050981591e-07,-1.32829093362483e-05,-1.27012422538119e-05,-1.00520311169389e-05,-6.77622263686237e-06,-9.87392859580793e-06,-7.85114838274348e-06,-1.60430492996306e-05,-6.57486136681432e-07,-4.76221802397792e-08,-2.25365034547178e-06,2.71413587709006e-06,-4.28303170591498e-06,1.48843875334614e-06,-0.000877075687163318,-0.000304770596584894,-0.000120090266233019,0.000419015343490967,-0.000805275052374473,0.000604023756366087,-0.000121208712129723,0.000107646561752536,4.40696837050407e-05,-1.92105790459856e-05,1.11828869244229e-05,6.09592240343428e-05,0.00024512556478862,0.000104259016119187,-1.01745667764941e-05,2.12525912646448e-05,0.000152092766867807,-3.44696140687611e-07,-4.93801829744615e-07,-2.65561940994549e-07,-4.08952401754554e-08,-1.3642291912421e-07,-1.32000684546805e-07,1.0200557634572e-07,-1.32323656910653e-07,-2.61688359839393e-08,6.0715557686087e-07,-7.7274218264059e-05,-0.000319634102837808,0.000236624178975889,-0.000433267610634054,-6.15519788867751e-05,-0.000130340544326171,-9.0738355945305e-05,-0.000119906167238466,7.40732638078856e-05,-6.23362508660415e-05,-7.9120438820586e-08,0.000683521257651197,0.0100836461086927,0.00266558686380171,0.000803345423170963,-0.000196594750961719,0.000576559581896918,2.88623921974102e-05
"north_west","ta_omicron",2.35531448587524e-05,-1.239175538071e-05,-0.000198029522588739,-4.37225663428528e-06,4.73838041773983e-06,-1.13440605952624e-06,3.68167844826145e-06,-5.28668080831095e-07,9.95590471591687e-06,8.7326887362327e-06,1.19685547523544e-05,4.81214327691486e-06,3.26780588675081e-06,6.4679972823375e-06,2.4740600513335e-06,-6.95788438659177e-06,4.63794382317863e-06,1.85906993363536e-07,1.07605497579589e-05,2.06878605898371e-07,2.82701114359979e-06,3.39139836094635e-06,8.36751840014522e-07,6.63184455102571e-06,5.2809849702743e-06,1.1607355402248e-06,-1.00282797217488e-06,8.53147128955087e-07,1.37959394291137e-05,-1.33291976844902e-05,-1.44617890291933e-05,-1.42618605702736e-05,-8.33330032573995e-06,-3.3568521013842e-05,3.22840546950073e-07,1.3612332439315e-06,-6.37175700597904e-06,2.97135683126113e-06,-1.78551623618369e-06,5.22045619472981e-07,-1.02641795833531e-05,-0.00114406172590419,0.000320152093163802,0.000273527437707488,0.000687911495780059,0.000280882447997848,-4.60795034930976e-05,5.18483983179667e-05,2.07291457469583e-05,-5.48310655187882e-05,3.37478405163571e-05,0.000110655256919524,0.000331781351976841,-0.000188925125740611,-2.60066417231025e-06,7.59886752918838e-06,6.44251945056731e-05,-3.38032528824191e-07,-8.69639047441286e-07,-5.80761946217454e-07,-4.20434203380489e-07,-8.30204188385667e-07,-1.60808225722599e-07,7.00554368547077e-08,-1.50519592070361e-09,-1.75799816228506e-07,-7.16007959923307e-08,0.00016535869780234,-0.000216563601805838,-0.000100566820525217,-0.000219287429893111,-0.000128158166908768,-0.000119266671457627,-0.000186181546922923,3.52481633510489e-05,-3.28476138232144e-05,-1.28186188163693e-05,3.62637263640735e-07,0.00131952616698988,0.000319861584992662,0.0214844322227634,0.00176414077562161,-0.000201119708324215,2.88623921974102e-05,0.000523111026647902
