"region","name","alpha_admission","alpha_D","alpha_death_hosp","alpha_H","beta1","beta10","beta11","beta12","beta13","beta14","beta15","beta16","beta17","beta18","beta19","beta2","beta20","beta21","beta22","beta23","beta24","beta25","beta26","beta27","beta28","beta29","beta3","beta30","beta31","beta32","beta33","beta34","beta35","beta36","beta4","beta5","beta6","beta7","beta8","beta9","mu_D","mu_D_2","mu_D_3","mu_D_4","mu_D_5","mu_gamma_H","mu_gamma_H_2","mu_gamma_H_3","mu_gamma_H_4","p_G_D","p_G_D_2","p_H","p_H_2","p_H_D","p_ICU","p_ICU_2","p_ICU_D","p_NC_15_24","p_NC_25_49","p_NC_50_64","p_NC_65_79","p_NC_80_plus","p_NC_weekend_15_24","p_NC_weekend_25_49","p_NC_weekend_50_64","p_NC_weekend_65_79","p_NC_weekend_80_plus","p_W_D","rel_p_D_alpha","rel_p_D_delta","rel_p_D_omicron","rel_p_H_alpha","rel_p_H_delta","rel_p_H_omicron","rel_p_ICU_alpha","rel_p_ICU_delta","rel_p_ICU_omicron","rho_pillar2_tests","seed_date_alpha","seed_date_delta","seed_date_omicron","start_date","ta_alpha","ta_delta","ta_omicron"
"north_west","alpha_admission",5.807278480642e-06,-1.25817685659622e-07,-4.77893824851979e-06,-5.48016804271051e-08,3.59825513023115e-07,1.83114153090635e-08,1.23798801546458e-07,-1.17325319011794e-07,9.57472512168822e-08,-4.08544453344773e-08,8.3089885956395e-08,-2.77410626394225e-08,6.76101179118588e-08,-4.63748592075821e-08,1.11854513711472e-07,-6.17684435601747e-07,-4.81246255169315e-08,7.41064495648982e-08,8.64203030210049e-08,-1.73714175076607e-07,1.16700113490502e-07,-1.63098445884646e-08,1.43633748558303e-07,-3.06974433989291e-08,2.24993487874716e-07,-3.91025372676212e-08,9.93296926423341e-08,1.49431231447785e-07,2.39316558438362e-08,6.03036258662079e-08,-6.69164674135651e-08,1.62635877343241e-07,-1.02965418247724e-07,6.78924612749696e-08,-2.3398920274218e-08,9.28526299626223e-08,-2.22397604188228e-07,1.73896355114934e-07,-9.49903427803452e-08,-4.31421700743097e-08,7.18281777103542e-06,-5.92958570376759e-06,8.1315426356424e-06,1.69221332625384e-05,-1.7324304580782e-05,3.74102258882903e-07,3.95905933354287e-06,2.02268388190245e-06,-2.0420056219158e-06,2.25654947409794e-06,4.28959121990981e-07,-1.40094984729087e-06,1.07847285294689e-05,-1.01832602230052e-05,9.58958895597015e-07,2.20122960873454e-07,7.47465575900293e-06,9.7779979509224e-09,3.84747862523857e-09,-9.04013250690488e-10,3.80461618474675e-09,5.27452618409089e-08,3.81253517505197e-09,1.35092452274066e-08,-1.58056072623405e-09,1.09000097684473e-08,8.6455258540831e-09,3.04941010477183e-07,-9.67128275991797e-07,-3.67717967298188e-06,-1.83187466766197e-06,2.06497203511106e-06,-2.91367962574293e-06,-8.99357470422236e-06,-3.04636131690655e-06,8.50616788363093e-07,-1.71917606402885e-06,-5.42910654816666e-09,-6.66914580371069e-05,7.73005486968566e-06,5.64686825593512e-05,0.000121206561264583,-1.07028701176738e-07,-8.8806808096542e-08,1.07359173766647e-06
"north_west","alpha_D",-1.25817685659622e-07,0.000490581243984514,-3.39989265354246e-05,2.99769644223104e-06,-6.77052878895965e-06,2.05155775831946e-07,-1.22149173092019e-06,-6.27818686179913e-07,1.86919634196504e-06,-3.30161710301291e-06,4.7919730581745e-07,-2.84069166300913e-07,-6.49341043506003e-07,-5.56225750603224e-07,-6.85644478055417e-07,1.89820565800138e-06,2.67412011075422e-07,-9.04026700707784e-07,1.53771741101162e-06,-9.35448155226837e-07,-5.29291303198545e-07,5.02147622392451e-07,-9.77019192722639e-07,3.57127547863249e-07,3.37567388277913e-07,7.66821877957803e-08,-1.03322513837506e-06,4.21392874384731e-07,5.50547389781851e-08,5.63550535899661e-07,8.84851449511108e-07,-5.13903956323494e-07,2.04455678401185e-06,-8.604685394653e-07,3.79597136580139e-07,-3.1907494116757e-07,1.40217174009884e-07,-1.74214246818195e-08,4.37602852085085e-07,-5.53966454354962e-07,-0.000182426599285974,0.000445090056669595,0.000103172847707618,1.45429260471094e-05,-4.48714168278242e-05,-0.000162048811999136,-9.12408759308266e-06,8.43540791229452e-06,-2.93974305374799e-05,-5.44495386908253e-05,9.01152659914611e-06,-1.09868055066401e-05,-3.36264794344767e-05,-3.08647708610254e-05,2.70792811233601e-06,-2.44321851841525e-06,-0.00016964425540205,1.10432235737167e-07,3.62399892437188e-08,8.09056039044625e-08,1.90777511341504e-08,1.73098091217752e-08,6.68971182600129e-08,6.13877559893457e-08,4.32444174464896e-08,1.1087243603652e-08,1.49406974073495e-07,-7.304900672428e-05,-0.000196305428222599,3.38958063948669e-05,2.63844210146385e-05,1.54810712462037e-05,-1.4637919173192e-05,4.01368001221365e-05,1.32416142538798e-05,-8.67030868512345e-06,-4.39944891543338e-06,5.05539597847654e-08,0.00170339728978737,-8.71415852916185e-05,-0.000652031350962827,-0.00244343676519801,2.30877559392576e-05,-1.00173426024898e-05,-2.82630265661268e-05
"north_west","alpha_death_hosp",-4.77893824851979e-06,-3.39989265354246e-05,0.00137871738260983,-5.51632780153057e-06,-3.52005803355945e-06,-4.33777482610537e-08,-9.10718317425739e-07,2.18629965572584e-06,-2.14930683712142e-06,-1.81266095954648e-06,4.28529423937204e-06,-5.19002565847913e-07,1.16098324459139e-06,-2.76816801827304e-06,-5.22144851845659e-08,5.33572818016593e-06,-2.68812904997554e-07,9.40549773654635e-07,-6.59535813141215e-06,5.25316445694626e-06,-4.67500979665808e-07,-1.89036963154137e-06,-1.26432540554827e-06,-1.05287741856839e-06,-8.60594175278209e-07,-3.26432404020602e-06,6.86037167674017e-07,-1.19092807662769e-06,-3.12155039792556e-06,-1.8186226131281e-07,-6.91521311594744e-07,-4.03785149567936e-06,2.22629356401797e-06,-8.43389035338197e-06,-2.99170783336942e-07,-9.65225829869034e-07,1.47918476851292e-06,-2.42400665828756e-06,2.63405053582464e-06,1.08918950342138e-06,-0.00114278141993716,-0.00016201266162601,0.00202022342232199,-0.000585863390160368,0.00273157307942252,0.000137882365139677,0.00024871056584968,-3.18754533186476e-06,6.73745289219253e-06,2.96912504979285e-05,-3.10227023379024e-05,-1.84352056851044e-06,7.60774034647885e-06,-0.00013964829960868,-2.15359929817397e-06,-2.43852481812507e-05,-8.74741116632013e-05,-2.77046125370518e-07,-1.42297747619898e-07,1.22810512470075e-07,-4.83433952796988e-08,-4.56235842177856e-07,-1.23848495609868e-08,-1.77100942068746e-07,-2.17286875137377e-08,-2.14183417661244e-07,-6.30052129346041e-07,-4.85355666486117e-05,0.000388523239366236,5.37828849711183e-06,4.59170722180668e-05,-2.69764594119678e-06,7.39711652342138e-05,-1.26169737959211e-05,0.00101711994582844,-0.000522161838915788,7.21183577840012e-05,4.40893612291029e-07,0.000141607288116946,0.000470339020604817,-5.03734933249336e-06,-0.000833960295492997,-5.8122473984841e-06,7.15296454472523e-06,3.17936720310564e-05
"north_west","alpha_H",-5.48016804271051e-08,2.99769644223104e-06,-5.51632780153057e-06,1.26869188119409e-06,1.37356986502059e-09,-5.05141255095686e-08,5.49505913707571e-08,-4.5947687473287e-08,2.60399099202964e-09,5.74217425668602e-08,-3.43215637227325e-08,2.50452051564954e-08,-1.71435460043328e-08,1.13733653931949e-08,-7.45336432683493e-09,-7.2696731679864e-07,4.87496671719709e-08,-2.53581028820021e-08,6.95294160500281e-08,1.63472143171491e-08,2.35980224390572e-08,5.34519644422697e-08,3.06242176986624e-08,4.51003899180636e-08,7.17518358093624e-08,4.86427996283132e-08,-1.56211193700121e-08,7.8668263732268e-08,5.58868658951848e-08,1.04805572249617e-07,8.21051046597301e-09,9.29429091080386e-08,-2.07218758123146e-09,2.1836329433583e-07,-1.75157754793695e-08,1.01727866961271e-08,1.99091780555298e-08,9.51698478275767e-08,-1.47358712746514e-07,6.43472282625954e-09,-4.82286295138865e-08,-1.62139764640695e-06,-1.25269300029558e-05,3.00953068089388e-06,-1.42725654837557e-05,6.33913465017557e-06,6.09755887357296e-07,1.43124743837336e-06,2.78911719540244e-07,2.4836769905901e-07,4.87144521338727e-08,-6.8397502387604e-08,2.32771170350836e-06,8.6774951067798e-06,5.97241765173353e-08,1.1750667615338e-07,-3.54457380476916e-06,7.59794696975885e-09,1.14660088733525e-08,5.65000983836743e-09,7.14002241777353e-09,8.72443827248134e-09,-5.66261564146353e-10,-2.92865539512471e-10,-6.61021500359487e-10,4.56497750343432e-09,1.87231473429546e-09,-1.27121706153215e-06,5.93741035717062e-06,-2.69930170902373e-06,1.1592113136163e-06,-4.13993501085891e-06,2.17112050322226e-06,-1.13761551102352e-06,-3.97495609273774e-06,2.37161677809201e-06,-3.56029071732475e-07,-2.09498680009578e-08,1.72040101690834e-07,-2.11119506042166e-05,-1.0755522317082e-05,-3.98699813329713e-05,-4.57636554791644e-09,-5.65387206362339e-07,-1.14368753977958e-06
"north_west","beta1",3.59825513023115e-07,-6.77052878895965e-06,-3.52005803355945e-06,1.37356986502059e-09,2.19473595523798e-06,-1.70149145309556e-08,5.40548986159999e-08,-3.88149019407869e-08,6.41650674064869e-10,1.29608369887121e-07,-1.87186589332018e-07,1.70301456730843e-08,3.59028061824928e-08,2.35594994405101e-09,3.76648762144604e-08,-2.83150899930151e-06,-6.1793663609555e-08,3.44115737841097e-08,-2.8866136728952e-08,-2.5994135332171e-07,1.54025249791827e-07,-1.21776898559814e-07,7.38512411117375e-08,-7.32282531364538e-08,-4.16747620482485e-08,-4.09243969074098e-08,1.00297214868522e-07,4.97957445782655e-08,-1.23829233979825e-07,-2.10100532036568e-08,-1.56387682649791e-07,-4.18931792135852e-10,-3.12146776488856e-08,-4.11690433342308e-07,-4.98921371999307e-08,8.13735039507508e-08,-6.79195741674193e-08,-2.75454410278591e-08,6.65455267064829e-08,-5.61680666863714e-08,3.68039042979361e-05,-4.20723580427695e-05,-1.71192250583094e-05,1.48568472246845e-05,-2.51843078276692e-05,1.2363332938217e-05,2.4017812469287e-06,-5.18586814112267e-07,3.63673182224406e-07,1.86196056399387e-06,-7.32651694202229e-07,8.42138426005853e-07,4.00032113666476e-06,2.28389706867957e-06,2.11246255264405e-07,5.40403992646042e-07,2.95748894695925e-06,-1.00995264813263e-09,-1.51714607143198e-09,-1.66904450154294e-09,4.92138848195688e-09,1.18654388262229e-08,-9.63966984247502e-09,-1.49289347725567e-09,-6.29340081899367e-09,3.41551271777261e-09,-1.72337335633226e-09,6.43923256950336e-06,1.13463864878768e-06,2.4817505906055e-06,-5.42295077243214e-06,-7.68027628013898e-06,5.13580965449891e-06,-3.99963174578048e-06,-1.0008798611597e-05,5.0329686300476e-06,-4.18880938206452e-07,-5.52088126082463e-09,-6.82630249964363e-05,-1.58461127934122e-05,4.5366635248389e-05,0.000680426765597549,-9.02561662514263e-07,1.24572389179737e-06,2.64472612437017e-06
"north_west","beta10",1.83114153090635e-08,2.05155775831946e-07,-4.33777482610537e-08,-5.05141255095686e-08,-1.70149145309556e-08,1.64656794011876e-07,-1.98858997832145e-07,4.687357098346e-08,-1.16551408141394e-08,1.80334762309386e-08,4.46195931682294e-09,2.09923343640677e-09,4.10969432371977e-09,1.46556080301818e-09,9.01052320338076e-09,1.12727658403241e-07,2.32149701823394e-08,4.92852288945399e-09,2.37793059848855e-08,1.66550883270318e-08,1.24026421864661e-08,1.39294407574413e-08,1.91332971728813e-08,3.99662833059238e-09,4.84283934437567e-08,-6.90179554365527e-09,-1.27331911065355e-08,2.46726197527841e-08,2.31742140775207e-08,1.3235724060017e-08,2.49606591843788e-08,-6.54479699205619e-09,7.19200152353161e-09,4.877646611453e-08,7.83455953277109e-09,-6.96810855509055e-09,3.13434950725376e-08,-3.94701341139081e-08,8.34982016387492e-08,-1.41475877287426e-07,-3.02667237141895e-06,3.7311679889327e-06,1.15515444231299e-06,-1.70926405466621e-06,7.56615238274965e-08,-1.30052803002616e-06,-6.5523625736268e-07,-1.88277021231827e-07,-4.63276548597461e-07,-1.63654620071699e-08,1.09370316657642e-07,-4.69685098102137e-07,-1.37817235889365e-06,-1.2600590943062e-06,-1.81793273260734e-07,-4.81927877992482e-10,-6.42553398548909e-07,1.25979168560045e-09,-3.21864127529286e-10,4.47130533922763e-10,-1.28291921591445e-10,9.5931633584697e-10,2.53769584098094e-09,7.91644742315033e-10,1.30109553878722e-09,-9.17460269884009e-10,7.55988325675511e-10,-2.73242790421689e-07,7.41463310685451e-07,-1.1854787443737e-06,3.39970263811104e-07,1.68386391278535e-06,-3.4880420905289e-07,1.03282336471e-06,6.14397113623899e-07,-8.76670334715773e-07,-1.36236304913572e-07,4.03538540745851e-09,-2.2275804575182e-05,-5.07229720309536e-06,-2.8875512218427e-06,-7.16767250887165e-06,-4.56754583673356e-08,-5.81096880890518e-07,-1.23426877454202e-07
"north_west","beta11",1.23798801546458e-07,-1.22149173092019e-06,-9.10718317425739e-07,5.49505913707571e-08,5.40548986159999e-08,-1.98858997832145e-07,4.75698121014379e-07,-2.34976082734259e-07,9.5964694147586e-08,-2.26007392139282e-08,-7.72736391958671e-10,8.28323003659908e-09,-6.21375777923778e-10,3.75258020393671e-08,-1.88901384632957e-08,-2.22331229722429e-07,-4.74794257585834e-09,-4.78539038275379e-09,-1.85559136909884e-08,3.03177248762838e-09,-1.14037621988686e-08,1.60246880375661e-08,-2.16826189806134e-08,3.84195728384734e-08,-8.08852264110629e-08,6.53499917034055e-08,2.11633751527382e-08,-2.35007845697769e-08,1.17952352801555e-08,3.68091084931694e-08,-2.54902271257473e-08,5.54370381868542e-08,2.44568671857536e-08,-8.54167962277508e-08,-4.57324351590279e-09,-1.39834755280997e-09,-6.17950268740988e-11,6.21659820177877e-09,-3.42949492522165e-08,1.18299146850023e-07,9.96516858500476e-06,-1.03954671682852e-05,-4.27804750761167e-06,8.1938986600954e-06,6.57625921128939e-06,4.68506606735069e-06,1.30359917611545e-06,3.64791361098809e-08,7.22364482275084e-07,2.84138992443825e-07,-1.26991516508318e-07,1.30919884744319e-07,3.49669538706079e-07,4.29901829478574e-06,2.53653249514182e-07,1.49301040418427e-07,3.77628064711888e-06,-2.5165250663395e-10,3.35112718069495e-09,2.70720503506044e-09,2.64328901642906e-09,8.23207319784773e-09,-2.42120281277699e-09,3.25351755217766e-10,-2.98057100029458e-09,2.49923779710689e-09,1.50953120691785e-09,2.05133033429258e-06,-1.82672515712653e-06,1.85170152049647e-06,-2.04112675867931e-06,-1.88894842716245e-06,8.74306275456479e-07,-6.08247043801559e-07,-2.05728488408647e-06,2.19881464768997e-06,2.5996338727018e-07,-4.97831116935366e-09,-3.5116998661505e-05,-8.90277476836452e-06,9.58147533185374e-07,1.33145813026647e-05,-7.81759784501864e-08,5.79426846818724e-07,-4.69087647645837e-07
"north_west","beta12",-1.17325319011794e-07,-6.27818686179913e-07,2.18629965572584e-06,-4.5947687473287e-08,-3.88149019407869e-08,4.687357098346e-08,-2.34976082734259e-07,2.84250011571761e-07,-2.0039256648238e-07,1.567825689643e-07,-5.62655015437105e-08,3.47442989932124e-09,8.28008189543103e-09,-1.11247890804181e-08,9.3831204612295e-09,-1.21925841992399e-07,3.4223086466282e-09,-8.44224285187586e-10,2.16793389004702e-08,-2.59268454294098e-08,3.37271622427918e-09,-2.38605638036092e-09,-1.61906310682411e-10,-1.65113369374072e-09,3.57476316324471e-08,-3.183338737133e-08,1.77189525672429e-08,6.94458668080902e-09,2.40340051557392e-09,-1.58997371221639e-08,-3.57377346978976e-09,5.95430466332337e-09,-4.33946028605665e-08,1.0268003655971e-07,-7.29151351974833e-09,8.42598797757724e-09,-1.95509254983802e-08,1.98197092308922e-08,-3.15437033299148e-09,-2.73879542770741e-09,-1.19759359980918e-05,4.08543463481418e-06,4.47248906736761e-06,-3.86680107511026e-06,6.26016907028383e-07,-2.36172818395081e-07,4.38450533678922e-07,3.51486825727815e-07,2.7378363149335e-07,9.88400513204126e-08,-1.06160778592742e-07,-4.45297553823424e-07,-2.38665092224863e-07,-1.97720554213494e-06,-7.82482685760131e-08,-1.02081617708091e-07,3.17024113005727e-08,6.48484642654407e-10,-6.93539935506316e-10,-1.00449095844439e-10,2.22127704896406e-11,-5.18219331473425e-09,1.02883469520434e-09,2.14381931462039e-10,5.33661303407939e-10,5.61898821481441e-10,-4.22312670251557e-10,-1.53960811341869e-06,3.99539714921542e-06,-3.90457040251778e-07,4.77978868129127e-07,9.15251949951258e-07,-4.37730294241037e-07,-5.96423413254385e-08,2.63357914675615e-06,-1.61382116823529e-06,-4.63199315364893e-08,5.12826383130945e-09,4.04759475291084e-05,1.27727973637317e-05,2.10982087094708e-06,-2.08125337350239e-05,-6.94682546077303e-08,1.86948175793545e-07,1.01033958846804e-07
"north_west","beta13",9.57472512168822e-08,1.86919634196504e-06,-2.14930683712142e-06,2.60399099202964e-09,6.41650674064869e-10,-1.16551408141394e-08,9.5964694147586e-08,-2.0039256648238e-07,2.55930202954773e-07,-2.9908541432118e-07,1.61533558362294e-07,-8.65005195058173e-09,5.65173462374211e-09,-7.98950372657577e-10,5.04688811600569e-09,2.33893656976329e-07,-1.25514793079507e-09,1.13659193335642e-08,-1.24814867968795e-08,3.08213648921594e-08,1.18159838736894e-08,-4.15492796165022e-09,2.56431374272375e-08,-5.51471114454958e-09,2.22609817706599e-08,2.4061823004934e-08,-1.95949502931964e-08,1.10690842506595e-08,9.79657403738203e-09,1.62320745465546e-08,8.62006591616392e-09,-2.33033199862875e-08,3.01596380577318e-08,-1.17204713229796e-08,5.61512230750503e-09,1.46739583180252e-08,-8.42626905571481e-09,2.17185904953287e-08,-1.36565201989026e-08,1.32889679750802e-08,5.57178385934747e-06,2.43231157814385e-06,-3.81679402545358e-07,-4.10713689573776e-06,-7.11580330822703e-06,-2.30525595293241e-06,-1.93290446990698e-06,-7.50041510381963e-07,-6.9296246486177e-07,-2.96003348468502e-08,3.47882993404202e-07,-8.15888527587423e-07,9.17570644799674e-07,-9.14236359988851e-07,4.43241753307167e-09,-1.51845505846304e-08,-1.99865221840161e-06,3.43666004828421e-10,2.14671637488999e-09,4.06163089458469e-10,-3.65965651290038e-10,4.63184714278639e-09,1.96427353407956e-09,1.96753219743068e-09,3.30288713322801e-09,-5.65493506119964e-11,1.67910070673175e-09,8.80280479595009e-07,-8.03913840258936e-06,1.45723211807931e-08,-7.25285109659798e-07,1.72932730624103e-06,-3.99840528220394e-07,-1.37389332151909e-06,-2.78839349581725e-06,1.19974821745605e-06,-8.33293807320406e-08,3.05923764341117e-10,5.59249891719464e-06,-4.43789916416613e-06,1.94091745960724e-07,1.2311561118807e-06,3.72234165553798e-07,-2.01015277168525e-07,-2.94215115684055e-07
"north_west","beta14",-4.08544453344773e-08,-3.30161710301291e-06,-1.81266095954648e-06,5.74217425668602e-08,1.29608369887121e-07,1.80334762309386e-08,-2.26007392139282e-08,1.567825689643e-07,-2.9908541432118e-07,7.36732953716407e-07,-6.0580864080026e-07,4.07714758413302e-08,-2.84713779227553e-08,3.50887411146798e-08,-2.52543064096295e-08,-3.8595431869795e-07,2.13659185251982e-08,-2.09042298104824e-08,5.25036806581222e-08,-3.95956547892823e-08,-4.9895265428366e-09,2.64632012670315e-08,-2.46011001662008e-08,5.28154933820626e-08,-7.59640417412301e-08,4.88614291347684e-08,1.83762679033351e-08,-5.96565947239436e-09,2.03717505588951e-08,7.15258180044401e-08,1.30248071895227e-08,1.13131789558043e-07,2.42910039263134e-08,-1.09944681730544e-08,1.04419712558513e-08,-4.63395963785069e-08,6.98507279253399e-08,-6.94406307238564e-08,7.88131932126829e-08,-4.57237904556576e-08,1.37065936299072e-06,-9.59324559149554e-06,-1.46597425506791e-05,7.9301511325764e-06,-6.7597939628236e-06,9.55924563826596e-07,2.55915573016418e-06,7.86430674846957e-07,3.9483881435629e-07,2.18848796884952e-07,-4.96088157282561e-07,5.25456603326451e-07,-5.39430723308824e-06,5.13810787293068e-06,-2.93994475099321e-07,2.69830922567278e-07,6.74478753904333e-06,1.69915722084104e-09,1.16038744153674e-10,4.14403000637929e-09,3.33555592558247e-09,4.96582442081577e-09,-2.40314443160667e-09,-5.39986635070448e-09,-4.57024463047196e-09,3.02135179875919e-09,3.25328670735572e-09,-1.81148797488326e-07,1.07352876114191e-05,-2.0497648840939e-06,4.84138311698938e-06,-2.34841770670139e-06,1.91170413207514e-06,4.92789270570167e-06,-1.02330720173703e-06,2.34284377972865e-07,-1.53734482455302e-07,-8.84881292118988e-09,5.53719378292202e-05,-1.99337145576086e-05,-2.96190435905703e-05,3.38136361164081e-05,4.44510422618378e-08,-2.47275298264712e-07,-1.27497987442624e-06
"north_west","beta15",8.3089885956395e-08,4.7919730581745e-07,4.28529423937204e-06,-3.43215637227325e-08,-1.87186589332018e-07,4.46195931682294e-09,-7.72736391958671e-10,-5.62655015437105e-08,1.61533558362294e-07,-6.0580864080026e-07,9.14340776448868e-07,-6.57543265585729e-08,7.52463895824615e-08,-6.87854852813092e-08,6.02843439318893e-08,3.49935367428254e-07,2.60012819785203e-09,2.45804299092394e-08,-6.9958541561763e-09,3.00314258186336e-08,2.35199461938891e-08,1.03790407708191e-09,5.27804981360204e-08,-1.82107868025085e-08,1.22799466688307e-07,-5.30869163262147e-08,-1.77590922863648e-09,5.55942977386319e-08,3.19860071273356e-08,-3.63040731470244e-08,-9.07117470504751e-09,-7.88602739817021e-08,-4.37845164736288e-09,1.13608829483339e-08,-1.73784963226263e-08,5.85389105911467e-08,-7.11351374753931e-08,7.66020583921102e-08,-7.09659096609888e-08,5.35773245442076e-08,-4.35317760990005e-06,1.15401453392014e-05,2.1261730033366e-05,-7.15272995651887e-06,2.02203383068248e-05,2.47143532610262e-06,-4.17016502527153e-07,-4.85253373348335e-08,1.92115971545639e-07,5.87020717051355e-07,2.45328619119901e-07,-1.05011122544504e-06,3.30740123466618e-06,-6.11791971987421e-06,1.80827005085767e-07,-2.19594579273102e-07,-5.49029894901644e-06,-1.76642487896204e-10,4.68554617966691e-09,4.47190147331837e-09,5.73897569279281e-10,8.1667077565923e-09,2.97527100214384e-09,8.15037891246113e-09,4.83901595726387e-09,-9.02684721474165e-10,-9.32989010667597e-10,1.5803517695359e-06,-2.31163491268036e-06,1.72751460758588e-06,-5.61803387557126e-06,7.23445546374907e-07,-4.90568734209743e-07,-3.27340736820175e-06,3.45246037678539e-06,-1.35152424571513e-06,3.45349853283267e-07,7.04021921874059e-09,-1.60343106450238e-05,2.61972651855365e-05,3.27412482544319e-05,-6.32049697521518e-05,-1.3833115318464e-07,2.14597989093017e-07,7.56174559962885e-07
"north_west","beta16",-2.77410626394225e-08,-2.84069166300913e-07,-5.19002565847913e-07,2.50452051564954e-08,1.70301456730843e-08,2.09923343640677e-09,8.28323003659908e-09,3.47442989932124e-09,-8.65005195058173e-09,4.07714758413302e-08,-6.57543265585729e-08,3.38508919528494e-08,-3.18437606645855e-10,4.66045499149826e-08,1.15360961838843e-08,-8.03429209168203e-08,2.09504398466051e-08,1.14696706687672e-08,3.10631830858296e-08,2.50123460715009e-08,4.72181769958638e-09,3.40038114553028e-08,1.03642048155452e-08,4.07776319388567e-08,1.29711596687896e-08,4.64557453290126e-08,5.41793719605275e-09,2.0001867669343e-08,3.91168683492273e-08,4.8697758391365e-08,1.21780020792035e-08,4.02731722929125e-08,9.19999375176538e-09,7.8191307766833e-08,-2.2311935837446e-10,-1.82390254708135e-09,1.65448993066015e-08,-1.20614874268096e-08,1.11675204777675e-08,-1.42552510925183e-09,1.39226687551101e-06,1.24372914417604e-06,-5.42833111764721e-07,2.65335634172318e-06,6.72342897934728e-07,2.54073681310682e-08,1.12182593851846e-07,3.72021003750803e-07,9.37127817719771e-08,5.4286699968158e-09,-3.62574985946289e-08,-2.18045775859336e-07,-7.23252028721399e-07,7.54012915461242e-07,-5.22919030828582e-08,3.2413135268974e-08,6.12425760140769e-07,1.16646602234187e-09,1.46480663000072e-09,8.26797023854065e-10,7.45329775449999e-10,-1.85508118098405e-10,-4.41182584655775e-10,9.08907392903251e-11,-2.69902335016061e-10,5.95659579295242e-10,6.25397183672584e-11,5.31122951263499e-07,6.1483083405686e-07,-2.8266818045597e-07,6.51356915816034e-07,-1.34928320627419e-07,2.00616053584891e-07,7.73831646667485e-07,2.80800159281932e-07,-2.36803559874669e-08,2.62900789403302e-08,-8.293486343422e-10,-7.39380450332556e-05,3.91263923671501e-07,-7.24959704444793e-06,5.70890215657732e-07,-8.0673055269381e-07,5.78568063466245e-08,-4.7107187428129e-07
"north_west","beta17",6.76101179118588e-08,-6.49341043506003e-07,1.16098324459139e-06,-1.71435460043328e-08,3.59028061824928e-08,4.10969432371977e-09,-6.21375777923778e-10,8.28008189543103e-09,5.65173462374211e-09,-2.84713779227553e-08,7.52463895824615e-08,-3.18437606645855e-10,4.26021948885347e-08,-1.04195382538015e-08,3.80417090129882e-08,-2.22874139425449e-08,1.64802832423067e-08,2.21758226147795e-08,2.36050305346851e-08,9.57094351123689e-09,2.96182312990474e-08,2.10585348562414e-08,3.15557273285862e-08,2.72557099390886e-08,5.36001597438016e-08,1.85218765557357e-08,5.60330380935436e-09,3.91785625768596e-08,3.70763212711768e-08,3.49706279238258e-08,-2.64935860756004e-09,2.5189093328475e-08,3.09227823794852e-10,4.2971686800372e-08,-1.01239711133003e-09,8.34076705200382e-09,-1.59408031338583e-08,2.53170722248751e-08,-2.1171436572739e-08,1.53710761230827e-08,-2.02874474405577e-06,-3.64281741545826e-07,5.38095148083051e-06,1.89101936194967e-07,5.07687008007991e-06,7.38274342893975e-07,2.15730657837268e-07,3.77871708288334e-08,-4.95032903397179e-08,2.72705100063496e-07,-2.14438569119454e-08,-4.89267446566216e-07,4.83191826104341e-07,-9.32297095996958e-07,3.41186053399203e-08,-1.50933588090999e-08,3.20450219730214e-07,8.57597701352972e-10,1.55711468559603e-09,2.22580986915734e-09,9.0341588382193e-10,7.78053348814775e-10,7.05444860024738e-10,1.3405042455042e-09,7.27479586364186e-10,6.56404514684489e-10,4.37444257295505e-10,1.02571218072206e-06,1.81412259521377e-08,2.84705903559324e-07,-9.61204949811655e-07,1.7988817168549e-07,3.4765607878055e-07,-7.93894544035804e-07,1.01699308254186e-06,-6.82333167942845e-07,2.02594596750133e-07,2.22288735950358e-09,-8.95797434600085e-05,2.34013225536542e-06,7.50237099398975e-06,8.06177127251343e-06,-8.31054968436725e-07,1.14627367938589e-07,1.51936261225594e-08
"north_west","beta18",-4.63748592075821e-08,-5.56225750603224e-07,-2.76816801827304e-06,1.13733653931949e-08,2.35594994405101e-09,1.46556080301818e-09,3.75258020393671e-08,-1.11247890804181e-08,-7.98950372657577e-10,3.50887411146798e-08,-6.87854852813092e-08,4.66045499149826e-08,-1.04195382538015e-08,1.84718807121286e-07,-5.82561775704743e-08,-2.01895758517438e-07,4.80503109495945e-08,-1.01338905762157e-08,7.82485127838425e-08,-8.80176611439355e-09,-8.98746697338222e-09,4.56644829072427e-08,-8.0158871545877e-09,5.82566190929843e-08,-2.37789133748468e-08,6.2874315049345e-08,5.35952293891291e-09,1.19925275258168e-08,3.35717265751702e-08,4.53665348444163e-08,1.39889826210659e-08,3.9747147066591e-08,6.82217014964215e-09,7.78351243149765e-08,3.28378065243807e-09,-7.39171482211156e-09,3.9113670360203e-08,-3.64376235455748e-08,3.16324182548139e-08,-1.02586187009436e-08,5.51738969837936e-06,-5.81320359379102e-07,-8.75663941480916e-06,6.28397465377433e-06,-2.88585352436747e-06,-1.92855599264862e-06,1.89769476517038e-07,-4.9599233082626e-07,2.00518493648552e-07,-1.68970180961363e-08,-1.04029404901013e-07,-3.21164087819825e-07,-1.97746755471545e-06,1.51381021238539e-06,-1.29766344226344e-08,1.30575855494059e-07,1.19718999297499e-06,2.7797994603081e-09,1.77123483749455e-09,-8.7511167337224e-11,6.79951710551742e-10,8.67712998060711e-10,-3.05973168578291e-10,-1.77124435705258e-10,-1.25430995843563e-09,1.38351651622676e-09,1.95387409772457e-09,1.99644866003546e-06,2.48076947403149e-06,-9.36329574996546e-07,1.30581810944657e-06,2.45004784872527e-07,4.03927495024378e-07,1.65605047966942e-06,-2.8594861263852e-06,1.85431044412646e-06,-5.80310654317934e-09,-2.90106811878171e-09,-0.000150813679593473,-8.82409851712953e-06,-1.18523964129443e-05,-1.09191650129924e-05,-1.42380213079359e-06,8.79544470506903e-07,-6.12171806198641e-07
"north_west","beta19",1.11854513711472e-07,-6.85644478055417e-07,-5.22144851845659e-08,-7.45336432683493e-09,3.76648762144604e-08,9.01052320338076e-09,-1.88901384632957e-08,9.3831204612295e-09,5.04688811600569e-09,-2.52543064096295e-08,6.02843439318893e-08,1.15360961838843e-08,3.80417090129882e-08,-5.82561775704743e-08,1.54731030002368e-07,-8.45759743486482e-08,-3.05109497713803e-08,7.38141164303773e-08,8.87489052675661e-09,6.15295445973698e-08,4.41241166594971e-08,4.50658497977457e-08,6.89819934666667e-08,4.10782547452449e-08,1.02103230343164e-07,6.1425435020424e-08,9.93186535650669e-09,7.2796119546438e-08,8.54823235322419e-08,8.36563503366708e-08,1.22655347447148e-08,6.39315872007841e-08,-4.1793461608072e-10,1.57827841361659e-07,-9.67615927029174e-10,5.84593756772114e-09,-2.01878325402865e-08,4.16512461490443e-08,-4.51611292311807e-08,2.61360120518944e-08,8.43656003741821e-07,6.05635721560624e-06,9.80831307295343e-06,4.37937019947963e-06,6.35211270431313e-06,1.55423438445514e-07,8.53031894819476e-07,1.88571948199031e-07,1.08846195192302e-07,3.55226625448198e-07,1.54748107134392e-07,-4.72482419126226e-07,3.95893780109225e-07,-1.29675754629877e-06,3.96329346695264e-08,-2.53498546724519e-08,4.23036220465748e-07,2.06483253061576e-09,3.6086497463525e-09,3.28255410317592e-09,2.17162736669306e-09,4.42783423840646e-09,1.00299052024113e-09,2.20075301500256e-09,1.6563089131771e-09,3.7314447138562e-10,-3.00562267965655e-10,1.32841317059241e-06,-2.43801655756275e-06,1.19530213713264e-06,-1.69627297377982e-06,5.77083071882539e-08,-2.87558577282698e-07,-1.13789123285601e-07,1.75669914880953e-06,-8.01641266547953e-07,8.82520798899475e-08,2.16999375921291e-09,-0.000100908686359402,2.55794379550208e-05,7.37464181860084e-06,6.16556888598914e-06,-8.91767078524455e-07,-6.3884591710958e-07,-3.44726298517978e-07
"north_west","beta2",-6.17684435601747e-07,1.89820565800138e-06,5.33572818016593e-06,-7.2696731679864e-07,-2.83150899930151e-06,1.12727658403241e-07,-2.22331229722429e-07,-1.21925841992399e-07,2.33893656976329e-07,-3.8595431869795e-07,3.49935367428254e-07,-8.03429209168203e-08,-2.22874139425449e-08,-2.01895758517438e-07,-8.45759743486482e-08,1.86319047443387e-05,1.53514733496351e-07,2.14193415678266e-08,-1.27163175048963e-07,5.715882464571e-07,-1.71312178707243e-07,1.13601230214143e-07,4.55178320872165e-08,-5.82904194280621e-08,-5.44078867434735e-08,1.73007068739247e-07,-1.06846490518744e-06,-9.50982803904825e-08,1.36168935750769e-07,9.33306147448529e-08,1.09275941488838e-07,7.42619828052916e-08,1.25111047653189e-07,3.86326787092417e-07,4.62465611925026e-07,-4.286446742276e-07,3.88526232208383e-07,-1.73458442584359e-07,6.32110001689995e-08,6.70516312306449e-08,-5.48958938511592e-05,1.84185670073307e-05,2.2754845539554e-06,-4.5089377356156e-05,9.1783952898266e-06,-1.20897632789818e-05,-5.65512448372908e-06,-6.10718349109441e-06,1.29075218487183e-06,-5.12372650429245e-06,-4.0360673550678e-07,2.01522317683187e-06,-1.93680895152171e-05,-7.77160494206844e-07,-2.79681368873757e-06,-5.85103452537034e-07,-1.31591392740144e-05,-1.51408253539681e-08,-1.16967577342709e-08,9.36652595401217e-09,-7.53299485324034e-09,-1.17675764845313e-08,2.65535236959106e-09,1.89613994410993e-09,-1.55122128135668e-09,-4.70168886108959e-09,-1.5622042230546e-08,-2.5092875405176e-06,1.85718768557688e-05,-6.89329376478368e-06,1.99751887429621e-05,9.38519805866874e-06,-3.44349557979356e-06,1.62462674798736e-05,1.19358931121359e-05,-1.23168118048574e-05,1.44384928905903e-06,-2.66338550513528e-08,0.000235517374154361,-0.000114517864384101,-7.3721912837781e-05,-0.00032855005764984,1.86593933586801e-06,-6.38737485347397e-06,-1.47117140724794e-06
"north_west","beta20",-4.81246255169315e-08,2.67412011075422e-07,-2.68812904997554e-07,4.87496671719709e-08,-6.1793663609555e-08,2.32149701823394e-08,-4.74794257585834e-09,3.4223086466282e-09,-1.25514793079507e-09,2.13659185251982e-08,2.60012819785203e-09,2.09504398466051e-08,1.64802832423067e-08,4.80503109495945e-08,-3.05109497713803e-08,1.53514733496351e-07,1.22902361834931e-07,-2.63824023365979e-08,1.18008375058365e-07,3.60453008545161e-08,1.88945766942181e-08,7.79896232477147e-08,2.27019819836428e-08,8.5687731171012e-08,5.61515435544965e-08,7.70908993938765e-08,-9.01405380252205e-09,4.76667095152538e-08,9.04993445570199e-08,7.38212383633874e-08,3.13249174480365e-08,4.69011596253027e-08,4.20984367197797e-08,1.06148757787964e-07,6.13484532267068e-09,-4.70089240861606e-09,2.62193185079343e-08,-1.61903284095826e-08,2.44330129649567e-08,-1.00605543176365e-08,-2.32537811386395e-06,2.78594792431301e-06,-2.32828107574698e-08,1.02587121177167e-06,2.41736209920403e-06,-1.54001922722341e-07,-1.21356258929141e-07,1.1887333531357e-06,-2.50823771372764e-07,2.57374038604065e-09,-1.13336841141025e-07,-6.19709009065572e-07,-4.51441109223006e-07,1.08278653003146e-06,-1.15249855047222e-07,-3.91662576829624e-08,-7.42493246798987e-07,1.87186557017312e-09,7.11674465437918e-10,2.93369586392561e-09,1.0449713028362e-09,-2.44977625716426e-09,2.6868433780657e-10,-5.70502115827315e-10,-2.68271291922469e-11,6.27065112545067e-10,3.46200241198936e-09,-2.53931354976712e-07,1.76186422901423e-06,-7.78106033675835e-08,8.52058203602302e-07,6.30784487455475e-07,2.01280935198029e-07,3.12393531390457e-07,1.3072252639353e-06,-4.92091818063921e-07,1.27343460428568e-07,-2.78001936756141e-09,-0.000102647753240793,-1.20926706855788e-05,-4.13060678236072e-06,-2.39164620804988e-05,-9.38322016084445e-07,-8.78942289671754e-07,-5.23736836065642e-07
"north_west","beta21",7.41064495648982e-08,-9.04026700707784e-07,9.40549773654635e-07,-2.53581028820021e-08,3.44115737841097e-08,4.92852288945399e-09,-4.78539038275379e-09,-8.44224285187586e-10,1.13659193335642e-08,-2.09042298104824e-08,2.45804299092394e-08,1.14696706687672e-08,2.21758226147795e-08,-1.01338905762157e-08,7.38141164303773e-08,2.14193415678266e-08,-2.63824023365979e-08,1.1318215830619e-07,-1.0241228776183e-07,1.06399736269185e-07,2.6492587099906e-08,4.79802237879148e-08,4.86790939883346e-08,4.46647507642912e-08,5.80004882570054e-08,5.55909192773817e-08,3.93799352174807e-09,6.71047087983905e-08,4.76905510673761e-08,7.10808816605864e-08,1.47378231630879e-08,3.02859158620399e-08,4.20290340659194e-08,1.16534264073964e-08,-1.6278601984086e-09,1.23865069824222e-08,-2.74085199697985e-08,2.99235001482946e-08,-2.07796213772786e-08,1.36170712205487e-08,8.28064187974667e-07,-7.20122847481878e-07,3.91954778878193e-06,-1.39780235908787e-06,1.47054961915698e-06,-2.49779302635014e-07,4.66550691711763e-08,5.81978069375128e-08,-3.37344231873902e-08,-6.58878596787277e-09,8.71842439770252e-08,-4.41145673306328e-07,-4.24328029524299e-07,-1.34219786954676e-06,-1.0513662303028e-07,1.61696965563508e-08,-2.5996395629318e-07,-3.58149570357668e-10,1.19686987428124e-09,-9.4824796532078e-10,4.83456851681299e-10,-1.88334764756021e-10,-9.59047470562692e-11,5.66115557329891e-10,6.70298249679945e-10,-8.29178301358827e-11,-2.07640737741278e-09,1.04253968744414e-06,-1.68719170488809e-06,2.89419876613433e-07,-7.34378735924768e-07,1.88726881773846e-07,2.83815321639952e-07,2.64325159670026e-07,5.92803293073785e-07,-7.12890717920031e-07,5.56776650286072e-08,4.06805839075271e-09,-7.69194867275341e-05,-1.79514516889512e-05,-1.71211790153751e-06,1.05452517109957e-05,-7.109858823294e-07,-8.64493545694219e-07,-1.33853791223364e-07
"north_west","beta22",8.64203030210049e-08,1.53771741101162e-06,-6.59535813141215e-06,6.95294160500281e-08,-2.8866136728952e-08,2.37793059848855e-08,-1.85559136909884e-08,2.16793389004702e-08,-1.24814867968795e-08,5.25036806581222e-08,-6.9958541561763e-09,3.10631830858296e-08,2.36050305346851e-08,7.82485127838425e-08,8.87489052675661e-09,-1.27163175048963e-07,1.18008375058365e-07,-1.0241228776183e-07,5.46337904559358e-07,-3.98992622346352e-07,1.0037934787314e-07,5.95558137565313e-08,6.60153286305775e-08,6.16638534879555e-08,1.33231780677736e-07,8.64566262051756e-08,-5.15359896085279e-09,6.03682121147618e-08,1.37286768271391e-07,1.24449238188138e-07,8.39274982316256e-09,1.39697637172489e-07,-2.96143336143356e-08,3.19650940740107e-07,1.57972698192693e-08,-2.65605865451596e-08,5.56157303268943e-08,-1.38193478630189e-08,6.28511502812174e-09,-5.61175473695891e-09,1.22891645244949e-05,1.8453372272478e-05,-7.84505361911304e-06,2.05205936324924e-05,-4.07196133794498e-06,-1.44334240916941e-06,-1.18106228956199e-06,1.55419462383714e-06,2.70474063440049e-07,2.55569945085782e-07,-6.76400594118174e-09,-6.05317009089608e-07,1.89513077037037e-06,-1.08901157234046e-08,4.46212991575429e-08,6.20259658660987e-08,2.68157615814545e-08,6.53599165342199e-09,5.81793934768222e-09,6.14017469873787e-09,3.81519315816542e-09,7.72409420442223e-09,2.67191641527106e-09,1.63744076776881e-09,1.32284008764904e-09,2.85730951225245e-09,6.59308079806325e-09,7.91966516426316e-07,-2.59801550594549e-07,-2.01996259076908e-07,2.74577663085983e-06,7.59762749057374e-07,-1.35770325912623e-06,-1.62199080804847e-06,-2.77114187828534e-06,2.62965882873954e-06,-1.09029027977575e-07,-7.39590676504045e-09,-0.000137876961323853,3.74171742577255e-06,6.74234360577981e-06,-2.50658643751507e-05,-1.26686461929748e-06,-3.26274350574263e-07,-1.01911512173068e-06
"north_west","beta23",-1.73714175076607e-07,-9.35448155226837e-07,5.25316445694626e-06,1.63472143171491e-08,-2.5994135332171e-07,1.66550883270318e-08,3.03177248762838e-09,-2.59268454294098e-08,3.08213648921594e-08,-3.95956547892823e-08,3.00314258186336e-08,2.50123460715009e-08,9.57094351123689e-09,-8.80176611439355e-09,6.15295445973698e-08,5.715882464571e-07,3.60453008545161e-08,1.06399736269185e-07,-3.98992622346352e-07,8.43205364429939e-07,-2.16105043151613e-07,1.99954617835581e-07,-3.47769801810174e-08,1.59924181955704e-07,1.12042787284163e-09,1.09653338413641e-07,-9.54565595368946e-09,6.03395758557986e-08,1.10235345850578e-07,7.70299692850595e-08,1.01451130351084e-07,-1.58628363715992e-08,1.45935786117901e-07,4.41388976109626e-08,-1.72013666815269e-09,1.48852423210486e-08,-1.97761436446365e-08,1.19136586589105e-08,6.28154822316798e-09,1.21702678572408e-08,-1.93017247945167e-05,-5.52046142340674e-06,1.7500297348313e-05,-2.04569159526862e-05,1.45006509512835e-05,-7.85260305050488e-08,6.14002747688927e-07,-1.88395189464804e-07,-9.29248258426398e-07,-2.35330795946519e-07,-5.76073784293715e-08,-7.54385817065166e-07,-6.53956564722129e-06,2.83595420621116e-06,-3.36654425259837e-07,-2.26908893959188e-07,-2.04256920512481e-06,9.77425176023134e-10,4.64174149051349e-10,2.29056316257116e-09,8.66264474287498e-10,-6.5680334112572e-09,9.78934466993555e-10,-1.99861081116045e-09,6.70961963624096e-10,-4.99835943227133e-10,3.83647559417831e-09,-3.86029110086186e-07,2.56249395744898e-06,1.71106746540504e-06,-4.17518752940493e-06,2.40678778826288e-06,-2.04223867233628e-08,6.36007950589629e-06,7.29546464015801e-06,-4.40344016989394e-06,3.05770354395566e-07,-2.17585675511513e-09,-8.85037683112381e-05,-1.42656233055834e-05,-2.88399792058558e-05,-7.52187691304257e-05,-8.71683877999287e-07,-1.5926425336664e-06,-1.17437692643094e-06
"north_west","beta24",1.16700113490502e-07,-5.29291303198545e-07,-4.67500979665808e-07,2.35980224390572e-08,1.54025249791827e-07,1.24026421864661e-08,-1.14037621988686e-08,3.37271622427918e-09,1.18159838736894e-08,-4.9895265428366e-09,2.35199461938891e-08,4.72181769958638e-09,2.96182312990474e-08,-8.98746697338222e-09,4.41241166594971e-08,-1.71312178707243e-07,1.88945766942181e-08,2.6492587099906e-08,1.0037934787314e-07,-2.16105043151613e-07,1.84573169612244e-07,-7.0061048468789e-08,1.15234969989528e-07,-1.60036910007538e-08,1.15632733858918e-07,2.13493380981695e-08,-1.46102685222476e-09,6.98817389734042e-08,4.05451128131911e-08,5.40198376781315e-08,-1.91796347720724e-08,5.24509513508751e-08,-1.76419022469008e-08,4.77790146713547e-08,3.5245611257537e-09,1.96727239189901e-09,-5.65886623882754e-09,2.5509368731373e-08,-1.86781951084919e-08,-5.65607918475492e-09,8.66699448882487e-06,3.00981057641145e-06,-2.30797204727303e-06,6.55897727647682e-06,-2.22759260490062e-06,2.4657973068533e-07,-4.71300834045448e-08,3.49939159248672e-07,1.03200712393392e-07,2.67792154336557e-07,9.29370719823549e-08,-3.55626539493917e-07,2.87964491222899e-06,-1.9486188746892e-06,9.07743142951823e-08,8.7986940936963e-08,-1.20084189709696e-08,1.30750295773859e-09,2.26233854201167e-09,7.76758844619523e-10,1.91699103963353e-09,3.29222507749314e-09,-1.81920932498531e-10,2.50880470713098e-09,1.21479051566094e-09,7.20477589658143e-11,-1.09394417537451e-09,9.03843031152461e-07,-2.4000437222512e-06,-6.00846900454449e-07,9.45859389848866e-07,-1.09227461512099e-06,2.07820199825608e-07,-2.43339093757531e-06,-2.02810686786761e-06,9.98268396163157e-07,3.25988416699436e-08,-3.69150364560816e-11,-6.70758280577258e-05,-7.94919549247957e-06,1.43847571860794e-05,4.32555176468883e-05,-5.83932658172003e-07,-4.21941110851093e-07,2.3138425946235e-07
"north_west","beta25",-1.63098445884646e-08,5.02147622392451e-07,-1.89036963154137e-06,5.34519644422697e-08,-1.21776898559814e-07,1.39294407574413e-08,1.60246880375661e-08,-2.38605638036092e-09,-4.15492796165022e-09,2.64632012670315e-08,1.03790407708191e-09,3.40038114553028e-08,2.10585348562414e-08,4.56644829072427e-08,4.50658497977457e-08,1.13601230214143e-07,7.79896232477147e-08,4.79802237879148e-08,5.95558137565313e-08,1.99954617835581e-07,-7.0061048468789e-08,2.24275933136404e-07,-4.27983449417706e-08,2.0438160662694e-07,3.72844446725433e-08,1.63290530947821e-07,6.42358104486456e-09,8.86642989249726e-08,1.49711311118011e-07,1.51299022706341e-07,5.84211677372703e-08,9.44489550204211e-08,9.43516836926816e-08,1.70094416729182e-07,-1.71488969620473e-09,3.26468481606235e-09,1.7493915080436e-08,-5.77510103408093e-09,1.22344256082086e-08,5.57877944531366e-09,-1.17223244360712e-06,2.06514436121708e-06,-3.63339801564314e-08,2.31874146803656e-06,1.07916273951433e-06,-4.31727538872318e-07,4.77005512335488e-07,8.78670531315843e-07,-1.22416718152273e-07,-2.44983235433505e-07,-9.98116326548993e-08,-7.82748695944517e-07,-2.8113697542027e-06,1.86818166708692e-06,-1.55439649297356e-07,1.2573541240121e-08,6.99162565741519e-07,3.97217208290901e-09,5.0503314439021e-09,5.29582085021031e-09,2.53110491177576e-09,2.85858927272219e-09,1.13595161327222e-09,-1.38616978847329e-09,8.36964142507474e-13,2.18558034054173e-09,7.05472234445927e-09,9.47087682912793e-07,1.84614386505964e-06,9.69760846855557e-07,3.1257376561857e-08,8.01680099066808e-07,8.37472752653545e-08,2.53681963868979e-06,9.08430932508617e-07,-2.22145492575401e-07,4.28299950227386e-08,-4.35316954651578e-09,-0.000148741547283499,-2.60397124343747e-05,-1.66492423828704e-05,-4.58720186109198e-05,-1.34638893524557e-06,-1.42261582459834e-06,-1.40731756060729e-06
"north_west","beta26",1.43633748558303e-07,-9.77019192722639e-07,-1.26432540554827e-06,3.06242176986624e-08,7.38512411117375e-08,1.91332971728813e-08,-2.16826189806134e-08,-1.61906310682411e-10,2.56431374272375e-08,-2.46011001662008e-08,5.27804981360204e-08,1.03642048155452e-08,3.15557273285862e-08,-8.0158871545877e-09,6.89819934666667e-08,4.55178320872165e-08,2.27019819836428e-08,4.86790939883346e-08,6.60153286305775e-08,-3.47769801810174e-08,1.15234969989528e-07,-4.27983449417706e-08,2.30360522339652e-07,-1.23207415864042e-07,2.28992090396082e-07,1.59834671548022e-08,-1.3744747834316e-08,9.84327141136078e-08,8.56876736069024e-08,8.47824756581829e-08,6.50740069069938e-09,6.33644957318859e-08,-6.71913537072304e-09,1.20020026372832e-07,1.29233927546615e-08,4.86263077837997e-09,-2.96015529313361e-08,5.17299703869022e-08,-3.7390276649381e-08,2.2279523290853e-09,3.40141910490706e-06,7.65052964544531e-06,2.27969458047741e-06,9.2775034161457e-07,-5.84970578044797e-06,5.42042774465553e-07,-1.00063907949953e-06,2.36092630481703e-07,-1.70414091587577e-07,4.34877842744563e-07,2.6489181446429e-07,-6.91394410888236e-07,2.83809586289065e-06,-1.81264713270369e-06,-2.68728637950467e-08,-6.24258581725327e-09,-1.85950990490305e-06,2.59515658458945e-09,3.1326806518424e-09,2.15452829709807e-09,2.84653778765618e-09,6.06820162086761e-09,2.92648015772211e-09,5.44217648285269e-09,3.34229128956642e-09,9.44074115887213e-10,-2.08240596353816e-09,7.13250644653611e-08,-3.41680565907186e-06,-7.52447413728809e-07,6.99270620173695e-07,-1.19876663860878e-07,-9.33002383088217e-07,-2.046802578246e-06,-1.2013517997621e-06,1.12183343001449e-07,-8.39959118580159e-08,1.61751474047324e-10,-8.01295131510912e-05,-2.61097087250096e-06,1.64151989318646e-05,2.14024692983676e-05,-6.85163104612204e-07,-6.86459712948535e-07,-1.86984948839101e-07
"north_west","beta27",-3.06974433989291e-08,3.57127547863249e-07,-1.05287741856839e-06,4.51003899180636e-08,-7.32282531364538e-08,3.99662833059238e-09,3.84195728384734e-08,-1.65113369374072e-09,-5.51471114454958e-09,5.28154933820626e-08,-1.82107868025085e-08,4.07776319388567e-08,2.72557099390886e-08,5.82566190929843e-08,4.10782547452449e-08,-5.82904194280621e-08,8.5687731171012e-08,4.46647507642912e-08,6.16638534879555e-08,1.59924181955704e-07,-1.60036910007538e-08,2.0438160662694e-07,-1.23207415864042e-07,4.54556678179949e-07,-2.04488094718525e-07,2.84427069599844e-07,2.00876626842791e-08,7.36981040968592e-08,1.70620980362909e-07,1.70557598063652e-07,4.88520638846201e-08,1.31614662431061e-07,1.19496515182096e-07,1.44926381825436e-07,-6.40671250088079e-09,-2.71131724406333e-09,3.94446710666105e-08,-1.23948571866901e-08,1.54859496787162e-08,1.2868054746717e-08,1.30290145972284e-06,-2.51830830795666e-06,-5.81256467029215e-07,5.9289990649469e-06,8.59678845459202e-06,-2.93127298109845e-07,5.09648437155662e-07,6.80382566905338e-07,8.49459568938062e-08,-2.51593426098792e-07,-2.01464421685615e-07,-9.17650359063775e-07,-3.04064750740227e-06,3.03566953585672e-06,-1.28129604239332e-07,4.93903275865265e-08,2.30965704106187e-06,6.45571769927567e-09,6.15950680324274e-09,7.75402640719945e-09,3.40237383300907e-09,2.41954160240762e-09,-3.4949378182647e-10,-3.09444747711583e-09,-7.53726309919769e-10,2.77068065423224e-09,1.33510627010064e-08,2.41804221528083e-06,-4.89294280561739e-08,2.10882006436606e-06,-1.33374095302008e-06,9.18117163537317e-08,6.88976330893028e-07,2.42325099259745e-06,1.86163396127591e-06,-4.13565447851135e-07,3.00372454285363e-07,-6.24017503751022e-09,-0.000158082018350245,-2.76832865185794e-05,-2.05207697868471e-05,-3.77530617382983e-05,-1.5340907173375e-06,-1.19808693582695e-06,-1.7608376998247e-06
"north_west","beta28",2.24993487874716e-07,3.37567388277913e-07,-8.60594175278209e-07,7.17518358093624e-08,-4.16747620482485e-08,4.84283934437567e-08,-8.08852264110629e-08,3.57476316324471e-08,2.22609817706599e-08,-7.59640417412301e-08,1.22799466688307e-07,1.29711596687896e-08,5.36001597438016e-08,-2.37789133748468e-08,1.02103230343164e-07,-5.44078867434735e-08,5.61515435544965e-08,5.80004882570054e-08,1.33231780677736e-07,1.12042787284163e-09,1.15632733858918e-07,3.72844446725433e-08,2.28992090396082e-07,-2.04488094718525e-07,6.53174840539293e-07,-2.10282032968807e-07,-1.03062450105826e-08,2.28043950607406e-07,1.03461872264566e-07,1.24048888643555e-07,3.47098206339557e-08,4.40452522489261e-08,1.91985355195744e-08,1.94412603710473e-07,8.34942669613636e-09,2.3235999327451e-08,-5.2929003700576e-08,8.86293563104521e-08,-7.34572967387851e-08,2.26426798405613e-09,5.16018021826967e-06,1.90959900269564e-05,1.09218515516441e-05,5.70338431970945e-07,-4.60961998914079e-06,-2.18024489355172e-06,-3.68784056579785e-07,1.09641779790123e-06,-1.00940326085194e-06,2.87190557982652e-07,4.98594524744011e-07,-1.26277688918701e-06,4.52011158779658e-06,-5.24131176063537e-06,5.09745130520343e-08,-6.33808098167282e-08,-3.14961173805095e-06,3.82455263073227e-09,6.43498791207001e-09,2.72489338890108e-09,2.94118215360855e-09,7.78561316399841e-09,6.02702737544715e-09,8.00680674680788e-09,6.20336471906458e-09,7.41935287925496e-10,-2.32053734246124e-09,-1.98972641311925e-06,-5.47644691709916e-06,-1.81476925040313e-06,3.76979225754017e-06,2.40469391916041e-06,-3.03831973808935e-06,-2.94608943196398e-06,-1.89595361615024e-06,4.99236831227016e-07,-3.44641396432086e-07,4.02753600861971e-09,-0.000146629456100018,-5.4187313548019e-06,1.53156623192908e-05,-2.83342464498992e-05,-1.1584545172462e-06,-1.2676232194324e-06,-2.32913334511058e-07
"north_west","beta29",-3.91025372676212e-08,7.66821877957803e-08,-3.26432404020602e-06,4.86427996283132e-08,-4.09243969074098e-08,-6.90179554365527e-09,6.53499917034055e-08,-3.183338737133e-08,2.4061823004934e-08,4.88614291347684e-08,-5.30869163262147e-08,4.64557453290126e-08,1.85218765557357e-08,6.2874315049345e-08,6.1425435020424e-08,1.73007068739247e-07,7.70908993938765e-08,5.55909192773817e-08,8.64566262051756e-08,1.09653338413641e-07,2.13493380981695e-08,1.63290530947821e-07,1.59834671548022e-08,2.84427069599844e-07,-2.10282032968807e-07,4.9063990201961e-07,-3.6285832542619e-10,-3.43138816585578e-08,2.57851784678573e-07,1.81580186200641e-07,8.15141171146803e-08,1.58711599240003e-07,7.39041818969633e-08,3.07173555728093e-07,6.44638938418619e-09,-8.28865376273523e-09,3.81027656805875e-08,-2.16579431505013e-08,2.49476456880365e-08,2.12313781825377e-08,2.59710455480957e-06,3.8970819924537e-06,-7.83095376723896e-06,9.49534315046079e-06,-6.20307090096191e-06,-2.36633038366636e-07,-1.257459886885e-06,1.08062850134537e-06,4.57223336741362e-07,-1.51887064863629e-07,-1.0258728708264e-07,-8.2581524602248e-07,-2.47423398347138e-06,3.74746510296915e-06,-1.5537768673748e-07,8.45182016020975e-08,1.76510539625852e-06,7.18256734372282e-09,8.71855002085036e-09,6.89024260786601e-09,4.58752240423418e-09,7.96936206974749e-09,-2.65315511497251e-11,8.5133315409087e-10,-5.07642609751756e-10,3.31501793177187e-09,8.49489557810511e-09,2.03215996495061e-06,1.71887559674139e-07,1.85991279176738e-06,-1.29398167434504e-06,-4.21601033350022e-07,1.60282757182443e-07,2.54431350918466e-06,-3.47095604385749e-07,9.30953990248117e-07,-4.63646566148191e-09,-9.40402231710339e-09,-0.000154604601112997,-1.83229965706576e-05,-1.55611325158954e-05,-1.70392641402172e-05,-1.41881618851968e-06,-1.31317266429134e-06,-2.47355144821154e-06
"north_west","beta3",9.93296926423341e-08,-1.03322513837506e-06,6.86037167674017e-07,-1.56211193700121e-08,1.00297214868522e-07,-1.27331911065355e-08,2.11633751527382e-08,1.77189525672429e-08,-1.95949502931964e-08,1.83762679033351e-08,-1.77590922863648e-09,5.41793719605275e-09,5.60330380935436e-09,5.35952293891291e-09,9.93186535650669e-09,-1.06846490518744e-06,-9.01405380252205e-09,3.93799352174807e-09,-5.15359896085279e-09,-9.54565595368946e-09,-1.46102685222476e-09,6.42358104486456e-09,-1.3744747834316e-08,2.00876626842791e-08,-1.03062450105826e-08,-3.6285832542619e-10,1.43661241938807e-07,6.4850546987614e-09,-6.85444121836523e-09,2.32230529006228e-09,1.50147711834969e-10,-5.93540571083899e-09,-1.21687440170778e-09,-2.13613467920169e-08,-7.86514004730634e-08,7.25383528275057e-08,-5.76677495188706e-08,2.24658797461208e-08,-3.11823124600774e-09,4.93933457731441e-09,-5.4587819096304e-07,-2.69067008852817e-06,1.10302635197848e-06,2.21561564645617e-06,3.60992749685152e-08,4.79689905030595e-07,3.60637114076295e-07,8.13990777220068e-07,2.38183332884787e-07,1.58911138358379e-07,1.78120028714234e-08,-4.14629534988311e-07,1.07047492767218e-06,1.85636350148943e-07,2.18428436407971e-07,-2.67103509032743e-08,1.8874399523658e-06,1.97826302211826e-10,6.97608222612393e-10,-3.61312371239481e-10,3.57560020446176e-10,2.09793198299559e-09,6.64256322888678e-10,-2.98177769941033e-10,-3.73367227539353e-10,2.73380840334403e-10,1.22644301383335e-09,-7.75981169367137e-07,-7.1988100546412e-07,4.55550667100185e-07,-1.05629467141352e-06,9.38090839131216e-08,-1.47052722425015e-07,-1.19546072741792e-06,8.68965731556865e-07,2.7913840275096e-07,-6.82384437856434e-08,9.64582185231541e-10,-1.47560365352419e-05,9.87918914357878e-06,3.50643256896333e-06,1.18569830647903e-05,-1.38939864769177e-07,4.09830078694622e-07,-9.32860636180136e-10
"north_west","beta30",1.49431231447785e-07,4.21392874384731e-07,-1.19092807662769e-06,7.8668263732268e-08,4.97957445782655e-08,2.46726197527841e-08,-2.35007845697769e-08,6.94458668080902e-09,1.10690842506595e-08,-5.96565947239436e-09,5.55942977386319e-08,2.0001867669343e-08,3.91785625768596e-08,1.19925275258168e-08,7.2796119546438e-08,-9.50982803904825e-08,4.76667095152538e-08,6.71047087983905e-08,6.03682121147618e-08,6.03395758557986e-08,6.98817389734042e-08,8.86642989249726e-08,9.84327141136078e-08,7.36981040968592e-08,2.28043950607406e-07,-3.43138816585578e-08,6.4850546987614e-09,2.65140790861788e-07,3.13457006024472e-08,1.42104733511685e-07,-1.570886998783e-08,8.15419396470464e-08,5.19701646097719e-08,2.52186586026294e-08,-2.06272686261155e-09,1.59483396776412e-08,-3.79454677706339e-08,6.11665297917346e-08,-3.10706381886677e-08,-1.54284771714254e-08,6.49226868456373e-06,2.78865675749313e-06,1.75761077263324e-06,-5.27930122264134e-07,-6.20716254183157e-07,3.72185710151935e-07,9.0603450458709e-07,2.23019254012089e-07,-2.82866328368367e-07,-1.06117735732768e-08,1.24503475106369e-07,-8.12757407866667e-07,-1.74868422578562e-06,-1.18137743736396e-06,-9.59018802076836e-08,1.00244237405983e-07,-1.9667189283143e-07,4.61231112259116e-09,4.67419611103826e-09,4.54654315570601e-09,4.00400638016368e-09,8.92381711245046e-09,2.10176822189496e-09,1.9539456654365e-09,3.08041025126736e-09,2.1283026519804e-09,4.28697788463323e-09,7.87966086513484e-07,-2.17535003998977e-06,-1.03131258897639e-07,1.32109381991281e-06,-7.05155042067874e-07,7.69823566403668e-09,2.14897939072298e-06,-2.43238843392702e-06,6.84608737898542e-07,1.01944504657866e-07,-2.69828823146797e-09,-0.000131149996880111,-2.68033203032091e-05,1.8441151628411e-06,8.70173026538757e-06,-1.22563263703401e-06,-1.21511684046589e-06,1.46497176328128e-07
"north_west","beta31",2.39316558438362e-08,5.50547389781851e-08,-3.12155039792556e-06,5.58868658951848e-08,-1.23829233979825e-07,2.31742140775207e-08,1.17952352801555e-08,2.40340051557392e-09,9.79657403738203e-09,2.03717505588951e-08,3.19860071273356e-08,3.91168683492273e-08,3.70763212711768e-08,3.35717265751702e-08,8.54823235322419e-08,1.36168935750769e-07,9.04993445570199e-08,4.76905510673761e-08,1.37286768271391e-07,1.10235345850578e-07,4.05451128131911e-08,1.49711311118011e-07,8.56876736069024e-08,1.70620980362909e-07,1.03461872264566e-07,2.57851784678573e-07,-6.85444121836523e-09,3.13457006024472e-08,3.23674484324598e-07,1.68406138627592e-07,1.13787107320541e-07,1.55544326016885e-07,8.13314091007725e-08,4.02671341188466e-07,9.42993365270769e-09,-2.19486483987213e-09,3.97402995907656e-08,-3.86818385978798e-09,-2.13109786976907e-09,2.5477047403871e-08,1.97588633543997e-06,1.27679480324961e-05,-6.18969189469191e-08,7.65113282079569e-06,-3.49704267356088e-06,-1.09796912128789e-06,-1.42729691666914e-06,1.23989792657357e-06,-3.10200971047718e-07,1.26087961980658e-07,9.0941699058486e-08,-1.38161159094039e-06,-1.97453178476132e-06,9.96294935262663e-07,-4.35757465761983e-08,-5.15342378587848e-08,-6.07261909240904e-07,8.16635778266785e-09,9.52605888666696e-09,8.53445859102062e-09,5.012454544199e-09,9.47484639325848e-09,4.02171191238694e-09,4.65302933267457e-09,2.36448058509081e-09,2.72741858662131e-09,8.89905098651331e-09,1.50668874838158e-07,-7.48275589789274e-07,4.23919196776998e-07,4.32850799814309e-07,1.92247905581816e-06,-1.69238442270644e-06,1.86508034099579e-06,1.1076075887675e-06,1.41654603088665e-07,-4.24007224572984e-08,-5.33481601375229e-09,-0.000172363746434544,-1.35326031839409e-05,-6.02579832333502e-06,-5.52184173006081e-05,-1.48095619531866e-06,-1.48832736542336e-06,-2.78468858561403e-06
"north_west","beta32",6.03036258662079e-08,5.63550535899661e-07,-1.8186226131281e-07,1.04805572249617e-07,-2.10100532036568e-08,1.3235724060017e-08,3.68091084931694e-08,-1.58997371221639e-08,1.62320745465546e-08,7.15258180044401e-08,-3.63040731470244e-08,4.8697758391365e-08,3.49706279238258e-08,4.53665348444163e-08,8.36563503366708e-08,9.33306147448529e-08,7.38212383633874e-08,7.10808816605864e-08,1.24449238188138e-07,7.70299692850595e-08,5.40198376781315e-08,1.51299022706341e-07,8.47824756581829e-08,1.70557598063652e-07,1.24048888643555e-07,1.81580186200641e-07,2.32230529006228e-09,1.42104733511685e-07,1.68406138627592e-07,4.88346871444474e-07,3.04722112577813e-08,3.03616875343701e-07,1.71035140888437e-07,3.17545681537393e-07,1.13074875858404e-08,-7.82629671804761e-09,1.07448641515753e-08,3.45569717663478e-08,-2.24200386042823e-08,9.91142921082985e-09,5.50184381621124e-06,3.49224442260234e-06,-1.11811245134813e-06,8.04344390098101e-06,1.06594281548842e-06,-1.65344965429438e-07,1.85587687430195e-07,9.9008350274718e-07,1.56106898045892e-07,2.81648210309645e-07,1.53789594369116e-08,-1.38908080919114e-06,-6.66624479951604e-07,3.77726207000948e-06,-2.08221609554094e-07,1.38010621972067e-07,3.45245462302296e-07,6.31976685373497e-09,9.97978811687447e-09,1.02258514215141e-08,6.44593721868786e-09,1.23681023152858e-08,1.7381597812619e-09,1.87879569679778e-09,6.41242440873046e-10,4.02373784449372e-09,6.63954594891255e-09,4.73731916582291e-07,3.02925882041607e-06,2.42443611374886e-07,5.60476447825059e-08,6.81443608882046e-07,-7.33454063795239e-08,2.19988792859751e-07,5.27639128993768e-08,-5.56545099440547e-07,-1.90346033527105e-07,-9.7259548710549e-09,-0.000168114526318823,-2.48415589122721e-05,-7.10981362406165e-05,-1.41072883281156e-05,-1.55192247533223e-06,-1.37618197851775e-06,-4.75233554134415e-06
"north_west","beta33",-6.69164674135651e-08,8.84851449511108e-07,-6.91521311594744e-07,8.21051046597301e-09,-1.56387682649791e-07,2.49606591843788e-08,-2.54902271257473e-08,-3.57377346978976e-09,8.62006591616392e-09,1.30248071895227e-08,-9.07117470504751e-09,1.21780020792035e-08,-2.64935860756004e-09,1.39889826210659e-08,1.22655347447148e-08,1.09275941488838e-07,3.13249174480365e-08,1.47378231630879e-08,8.39274982316256e-09,1.01451130351084e-07,-1.91796347720724e-08,5.84211677372703e-08,6.50740069069938e-09,4.88520638846201e-08,3.47098206339557e-08,8.15141171146803e-08,1.50147711834969e-10,-1.570886998783e-08,1.13787107320541e-07,3.04722112577813e-08,1.61840998831569e-07,-7.24593986457088e-08,1.29718603792519e-07,1.00330010518075e-07,6.43133651339491e-09,-1.24853065118087e-08,2.92141996515188e-08,-2.03073329078032e-08,2.48474500417122e-08,-9.54030845389553e-09,-3.24366220335167e-06,8.71484415948928e-06,-9.8479885869272e-07,-5.76916185075763e-07,-3.74821427140749e-06,-2.5773356513114e-06,-2.20009950138597e-06,4.92189960014716e-07,-3.98879050223616e-07,-4.07742200484157e-08,4.39604472548354e-08,-5.32611425856246e-07,-2.35008303644225e-06,7.66269740709441e-07,-9.9306852402259e-08,-1.47383567160446e-07,-1.30120265468547e-06,2.48571283495544e-09,2.65300366194227e-09,1.59641230697262e-09,-1.17645772452969e-10,-2.20984856537896e-09,2.86502952442601e-09,1.0330899666672e-09,1.11853067789424e-09,5.78329230611836e-10,4.17680698345947e-09,-2.2158362151088e-06,-8.83339958202313e-07,-2.36446477132619e-07,1.03557297380815e-06,2.45859487840692e-06,-1.67677102693611e-06,2.28403881127185e-06,7.28775984429413e-07,5.10554884148484e-07,1.23605321004651e-09,3.5409024082548e-09,-2.86176621758072e-05,-5.60178800883027e-06,-3.60004393546101e-05,-5.32592270400854e-05,-1.74084403373259e-07,-7.06413859964956e-07,-2.08062239448401e-06
"north_west","beta34",1.62635877343241e-07,-5.13903956323494e-07,-4.03785149567936e-06,9.29429091080386e-08,-4.18931792135852e-10,-6.54479699205619e-09,5.54370381868542e-08,5.95430466332337e-09,-2.33033199862875e-08,1.13131789558043e-07,-7.88602739817021e-08,4.02731722929125e-08,2.5189093328475e-08,3.9747147066591e-08,6.39315872007841e-08,7.42619828052916e-08,4.69011596253027e-08,3.02859158620399e-08,1.39697637172489e-07,-1.58628363715992e-08,5.24509513508751e-08,9.44489550204211e-08,6.33644957318859e-08,1.31614662431061e-07,4.40452522489261e-08,1.58711599240003e-07,-5.93540571083899e-09,8.15419396470464e-08,1.55544326016885e-07,3.03616875343701e-07,-7.24593986457088e-08,4.9191946908647e-07,-1.74295409557705e-07,6.64770797222578e-07,8.18355915879434e-09,4.50225536133364e-10,5.71120591424503e-09,1.99625955313014e-08,-2.3365097361496e-08,3.41989323324081e-08,9.98227536328427e-06,1.07042644746993e-06,-7.41679450060897e-06,1.25465743411821e-05,-3.82483269586207e-06,1.30878414155396e-06,1.84927638873185e-06,8.10691456379877e-07,1.86702306516274e-07,1.43651306384907e-07,-1.22413938921645e-07,-6.69626226803718e-07,-1.25988837789672e-06,4.50861854674688e-06,-1.90214102193693e-07,1.99197513706922e-07,2.1591329738783e-06,6.02417431600039e-09,7.82725367194933e-09,9.5882521076996e-09,6.99568467075607e-09,1.5278892130652e-08,4.59172879968211e-11,-1.71578056005092e-10,-1.06869320386034e-09,4.16210578101718e-09,5.21804943413962e-09,2.31340143572934e-06,7.92941156450788e-06,-5.60718781284832e-07,9.39173523891528e-07,-2.12277505651018e-06,1.52574669921649e-06,1.88680402640266e-08,3.9826636371712e-07,-6.4949900012323e-07,-2.21904775445384e-07,-1.04543210706009e-08,-0.000125302452238553,-1.18400355953307e-05,-3.14027404773108e-05,-1.05499024924344e-05,-1.13828945555941e-06,-5.75941114153897e-07,-2.888556054744e-06
"north_west","beta35",-1.02965418247724e-07,2.04455678401185e-06,2.22629356401797e-06,-2.07218758123146e-09,-3.12146776488856e-08,7.19200152353161e-09,2.44568671857536e-08,-4.33946028605665e-08,3.01596380577318e-08,2.42910039263134e-08,-4.37845164736288e-09,9.19999375176538e-09,3.09227823794852e-10,6.82217014964215e-09,-4.1793461608072e-10,1.25111047653189e-07,4.20984367197797e-08,4.20290340659194e-08,-2.96143336143356e-08,1.45935786117901e-07,-1.76419022469008e-08,9.43516836926816e-08,-6.71913537072304e-09,1.19496515182096e-07,1.91985355195744e-08,7.39041818969633e-08,-1.21687440170778e-09,5.19701646097719e-08,8.13314091007725e-08,1.71035140888437e-07,1.29718603792519e-07,-1.74295409557705e-07,6.76764412351976e-07,-1.02274289004604e-06,7.23150439762465e-09,-8.71673084317157e-09,4.79805839381557e-09,7.51155248657786e-09,2.95890197897849e-08,-3.79770267374832e-08,-3.29203430356889e-06,-4.29686971389058e-06,-3.47225132249808e-06,-3.67630823712756e-06,5.2650244828958e-06,-2.20544660017604e-06,-3.57169112947307e-06,1.86820243416453e-07,2.8326061195009e-07,-2.66307138114496e-07,9.56332299687938e-08,-5.96365390304766e-07,-2.60962107977806e-06,3.27618912357238e-07,2.23519649462874e-07,-6.1864582374996e-08,-3.56227179833673e-07,4.85635684181659e-09,4.15126639331311e-09,3.02282215043981e-09,1.7574524054095e-09,-1.61372989868696e-09,2.17428671529119e-09,8.05173915546116e-10,1.44556265661546e-09,2.60691740543089e-09,1.35665191653259e-08,-1.06609525649592e-06,-8.03049338091966e-06,2.59955899398117e-06,-2.0375020554252e-06,2.40016333428563e-06,-2.00313649357991e-06,1.95696895020446e-06,-1.17598883087557e-06,1.78764974783359e-06,3.51704260246586e-08,-7.21063651967733e-09,-1.68147398058501e-05,-4.08742712550189e-05,-6.70289105744377e-05,-3.81112501679799e-06,-1.65416682408107e-07,-1.37660650990522e-06,-2.82061026974574e-06
"north_west","beta36",6.78924612749696e-08,-8.604685394653e-07,-8.43389035338197e-06,2.1836329433583e-07,-4.11690433342308e-07,4.877646611453e-08,-8.54167962277508e-08,1.0268003655971e-07,-1.17204713229796e-08,-1.09944681730544e-08,1.13608829483339e-08,7.8191307766833e-08,4.2971686800372e-08,7.78351243149765e-08,1.57827841361659e-07,3.86326787092417e-07,1.06148757787964e-07,1.16534264073964e-08,3.19650940740107e-07,4.41388976109626e-08,4.77790146713547e-08,1.70094416729182e-07,1.20020026372832e-07,1.44926381825436e-07,1.94412603710473e-07,3.07173555728093e-07,-2.13613467920169e-08,2.52186586026294e-08,4.02671341188466e-07,3.17545681537393e-07,1.00330010518075e-07,6.64770797222578e-07,-1.02274289004604e-06,3.68074288986476e-06,1.87441332553079e-08,-9.09098338637716e-09,8.77071455629099e-08,-2.72746903949936e-08,-7.10056224672493e-08,1.25388558103994e-07,6.53904807833903e-06,4.14252200948338e-05,-2.2370424137214e-06,1.61764574288002e-05,-1.7692834875131e-05,-5.7837531007745e-06,2.28156729927964e-06,1.47011364064684e-06,-1.45877721063878e-06,3.92700431194913e-07,4.37107037975884e-08,-1.83013543839225e-06,-4.28851974529962e-06,7.84154518747634e-06,-1.08472365551623e-06,5.78399407671865e-08,7.77012266080006e-07,8.56712216210274e-09,1.54010996484775e-08,1.39684869360815e-08,5.40688814867246e-09,2.05792141337976e-08,4.1794280364004e-09,6.02319769368236e-09,3.67622770646418e-11,-6.13799419344842e-11,-8.35649600001627e-09,-2.50642652499024e-06,1.77059415293063e-05,-6.30016177599981e-06,4.72936129784268e-06,2.052353370478e-06,2.00264290141163e-07,3.44760715539691e-06,4.33599419526588e-06,-3.30122195770776e-06,-4.64556827750011e-07,7.51652280598759e-09,-0.000267806246581596,5.25127456568602e-05,-3.06934357950861e-05,-0.000165547688132156,-2.42593010065517e-06,-6.22627928691147e-07,-4.97464096440879e-06
"north_west","beta4",-2.3398920274218e-08,3.79597136580139e-07,-2.99170783336942e-07,-1.75157754793695e-08,-4.98921371999307e-08,7.83455953277109e-09,-4.57324351590279e-09,-7.29151351974833e-09,5.61512230750503e-09,1.04419712558513e-08,-1.73784963226263e-08,-2.2311935837446e-10,-1.01239711133003e-09,3.28378065243807e-09,-9.67615927029174e-10,4.62465611925026e-07,6.13484532267068e-09,-1.6278601984086e-09,1.57972698192693e-08,-1.72013666815269e-09,3.5245611257537e-09,-1.71488969620473e-09,1.29233927546615e-08,-6.40671250088079e-09,8.34942669613636e-09,6.44638938418619e-09,-7.86514004730634e-08,-2.06272686261155e-09,9.42993365270769e-09,1.13074875858404e-08,6.43133651339491e-09,8.18355915879434e-09,7.23150439762465e-09,1.87441332553079e-08,5.9154467271712e-08,-6.96070994149003e-08,5.61730277894448e-08,-2.46753676541414e-08,1.13379946312938e-08,-3.1228017297401e-09,6.63582033815451e-07,1.82565931353034e-06,-9.28561272627227e-08,-3.33096495619167e-07,3.91655283115957e-07,1.0138259147446e-09,-3.33751524482065e-08,-4.72876768936784e-07,-1.37621244588114e-07,3.70983067032963e-08,-2.59306842968232e-09,6.87005563653344e-08,-4.67429751334967e-07,1.21531443887692e-07,-8.04414422553587e-08,2.93930139133434e-08,-4.75549694085166e-08,3.58316218963177e-10,-8.62801737305901e-10,-4.12263680737274e-11,-3.76867641565313e-10,-2.32167728423229e-10,-1.77000805152302e-10,1.75119342170854e-10,3.48670545913327e-10,-1.15571418366854e-11,-9.35677243348912e-10,8.10386390611475e-07,9.23155111934517e-07,-1.99738135431738e-07,2.44523067573722e-07,4.63300593068844e-07,-5.43381574031622e-08,4.29006239119082e-07,-1.34623300388922e-07,-4.4738137086862e-07,6.52626972593573e-08,8.73897880211638e-10,-6.68633094412036e-07,-4.17166016847262e-06,-4.87170393054475e-06,-9.19238710990202e-06,3.04294914646049e-09,-1.87105421903515e-07,-2.08854000313944e-07
"north_west","beta5",9.28526299626223e-08,-3.1907494116757e-07,-9.65225829869034e-07,1.01727866961271e-08,8.13735039507508e-08,-6.96810855509055e-09,-1.39834755280997e-09,8.42598797757724e-09,1.46739583180252e-08,-4.63395963785069e-08,5.85389105911467e-08,-1.82390254708135e-09,8.34076705200382e-09,-7.39171482211156e-09,5.84593756772114e-09,-4.286446742276e-07,-4.70089240861606e-09,1.23865069824222e-08,-2.65605865451596e-08,1.48852423210486e-08,1.96727239189901e-09,3.26468481606235e-09,4.86263077837997e-09,-2.71131724406333e-09,2.3235999327451e-08,-8.28865376273523e-09,7.25383528275057e-08,1.59483396776412e-08,-2.19486483987213e-09,-7.82629671804761e-09,-1.24853065118087e-08,4.50225536133364e-10,-8.71673084317157e-09,-9.09098338637716e-09,-6.96070994149003e-08,1.42097997893356e-07,-1.62095335220169e-07,8.25074286733694e-08,-3.48914898278301e-08,8.90709505406467e-09,1.60628175548038e-06,-4.8502456263056e-07,-8.35038689110903e-07,-2.34206432130136e-06,-2.71883632811916e-06,-3.51120225520514e-07,-9.99518104843946e-07,4.22198124756978e-07,-6.21289361603422e-08,-7.72382707646537e-09,1.35430288885652e-07,-5.32779097526046e-07,-2.25986799969606e-07,-1.22973713147536e-06,7.14321599582495e-08,-3.7060847412476e-08,-8.2923609028416e-07,4.18483168905335e-11,2.91559345178197e-09,1.20647540153141e-09,1.60642786958287e-09,1.98195957141577e-09,1.32582190018919e-09,9.19430712655218e-10,7.3684512918341e-10,3.74403639454046e-10,2.55079390006096e-09,-1.2692655454133e-06,-3.41168625889295e-06,-1.76956768076598e-07,-2.80565624184212e-07,5.85070452265424e-07,-4.78878634791158e-07,-2.4360772915686e-07,-1.58831953197669e-06,1.06762130131687e-06,-6.08968564058562e-08,-4.72159902250066e-10,-1.98344627843247e-06,5.30868506049458e-06,7.55313778011347e-06,1.60032608248662e-05,3.89507274168039e-08,2.0750527998967e-07,2.16283137252275e-07
"north_west","beta6",-2.22397604188228e-07,1.40217174009884e-07,1.47918476851292e-06,1.99091780555298e-08,-6.79195741674193e-08,3.13434950725376e-08,-6.17950268740988e-11,-1.95509254983802e-08,-8.42626905571481e-09,6.98507279253399e-08,-7.11351374753931e-08,1.65448993066015e-08,-1.59408031338583e-08,3.9113670360203e-08,-2.01878325402865e-08,3.88526232208383e-07,2.62193185079343e-08,-2.74085199697985e-08,5.56157303268943e-08,-1.97761436446365e-08,-5.65886623882754e-09,1.7493915080436e-08,-2.96015529313361e-08,3.94446710666105e-08,-5.2929003700576e-08,3.81027656805875e-08,-5.76677495188706e-08,-3.79454677706339e-08,3.97402995907656e-08,1.07448641515753e-08,2.92141996515188e-08,5.71120591424503e-09,4.79805839381557e-09,8.77071455629099e-08,5.61730277894448e-08,-1.62095335220169e-07,3.3163155918455e-07,-2.40038568392119e-07,1.41334433061609e-07,-3.54752529227407e-08,1.13643573571689e-06,-1.9486325496628e-06,3.74146303118116e-07,3.13644752502982e-06,7.15459294614242e-06,7.86665007167813e-07,1.0983258272804e-06,1.26033500694551e-07,4.05641108426389e-07,-7.47193466622208e-08,-3.27509866459956e-07,2.29246208880204e-07,-5.47322964135568e-07,2.84126636302865e-06,-2.91804286502281e-08,3.40999524824901e-08,1.1315458200766e-06,-4.43369608656579e-10,-2.01336278472497e-09,4.82625956243104e-10,-9.7720025314904e-10,1.39337279256956e-09,-1.5686903319215e-09,-9.72428921749365e-10,-1.17533474354447e-09,-9.52034535394313e-10,-2.89599210682188e-09,2.49758028013353e-06,7.48760567425689e-06,2.92774548245703e-07,-6.15984827806835e-07,-5.43607178255688e-08,3.34883894487886e-07,7.04727969129144e-07,3.32103751516404e-06,-1.06393988725109e-06,9.10301570320985e-08,-2.37480717586925e-09,-7.94956046093518e-06,-4.21756115445331e-06,-8.90938886156058e-06,-1.68257396152602e-05,-1.56923227327771e-07,-2.17022614599191e-07,-5.61735129234461e-07
"north_west","beta7",1.73896355114934e-07,-1.74214246818195e-08,-2.42400665828756e-06,9.51698478275767e-08,-2.75454410278591e-08,-3.94701341139081e-08,6.21659820177877e-09,1.98197092308922e-08,2.17185904953287e-08,-6.94406307238564e-08,7.66020583921102e-08,-1.20614874268096e-08,2.53170722248751e-08,-3.64376235455748e-08,4.16512461490443e-08,-1.73458442584359e-07,-1.61903284095826e-08,2.99235001482946e-08,-1.38193478630189e-08,1.19136586589105e-08,2.5509368731373e-08,-5.77510103408093e-09,5.17299703869022e-08,-1.23948571866901e-08,8.86293563104521e-08,-2.16579431505013e-08,2.24658797461208e-08,6.11665297917346e-08,-3.86818385978798e-09,3.45569717663478e-08,-2.03073329078032e-08,1.99625955313014e-08,7.51155248657786e-09,-2.72746903949936e-08,-2.46753676541414e-08,8.25074286733694e-08,-2.40038568392119e-07,3.10824181447699e-07,-3.07391970415009e-07,9.99301907241216e-08,-4.28816013731481e-06,4.26922585231176e-06,8.16834345800835e-07,1.51987907394254e-06,-7.06963528562337e-06,7.76928536154911e-07,-4.87686511536197e-07,-4.4912292607299e-07,-1.10437608728178e-07,3.47238049550562e-07,4.21574185941296e-07,-6.15596504267802e-07,2.05763926786663e-06,-2.83999636209776e-06,-1.62416575933602e-07,-9.63017227835411e-09,-4.77841956547544e-07,1.98874134589473e-09,2.35228282094395e-09,2.24345049514441e-09,1.29547131049954e-09,2.47667711638933e-10,6.86682592489292e-10,2.12724574211588e-09,1.84092087530036e-09,1.31969660933837e-09,8.78449628667807e-09,-1.86197760471176e-06,-8.43400527682945e-06,-6.46092420520454e-09,6.45869423230963e-07,5.69167803260421e-09,-9.9467210958012e-08,-2.08299923493806e-06,-3.1995072475529e-06,1.24141744817273e-06,-1.89224138912316e-07,1.18473705151367e-09,-1.06728516148967e-05,4.14170210483223e-06,7.52770410578563e-06,-2.0384521085819e-05,4.18863735211865e-08,7.43624304401212e-08,-2.04501262402807e-09
"north_west","beta8",-9.49903427803452e-08,4.37602852085085e-07,2.63405053582464e-06,-1.47358712746514e-07,6.65455267064829e-08,8.34982016387492e-08,-3.42949492522165e-08,-3.15437033299148e-09,-1.36565201989026e-08,7.88131932126829e-08,-7.09659096609888e-08,1.11675204777675e-08,-2.1171436572739e-08,3.16324182548139e-08,-4.51611292311807e-08,6.32110001689995e-08,2.44330129649567e-08,-2.07796213772786e-08,6.28511502812174e-09,6.28154822316798e-09,-1.86781951084919e-08,1.22344256082086e-08,-3.7390276649381e-08,1.54859496787162e-08,-7.34572967387851e-08,2.49476456880365e-08,-3.11823124600774e-09,-3.10706381886677e-08,-2.13109786976907e-09,-2.24200386042823e-08,2.48474500417122e-08,-2.3365097361496e-08,2.95890197897849e-08,-7.10056224672493e-08,1.13379946312938e-08,-3.48914898278301e-08,1.41334433061609e-07,-3.07391970415009e-07,4.77469115604676e-07,-2.23632458861097e-07,1.50538539982601e-06,-4.80083883402062e-06,-6.95919268105553e-07,-8.52736846523118e-06,4.06275249982938e-06,-1.44563479449526e-06,-1.21629376290531e-07,3.33529276973571e-07,-5.14396467021636e-07,-4.86403239452908e-07,-3.83009793161633e-07,1.88018377556507e-08,-3.62727950518256e-06,2.30756704847398e-06,1.23896655107494e-07,2.02006244778555e-08,2.49149242507208e-07,-1.22506301114748e-09,-1.75720028528029e-10,-1.12329032631374e-09,-1.28058148228335e-10,3.36402203994835e-10,2.54058466933519e-09,-1.99110957852176e-09,-6.14306463611635e-10,4.35906484002843e-10,-1.11298619167058e-08,1.47388433445728e-06,6.79477769952885e-06,-8.59042543867594e-07,7.95552213728049e-07,8.86220089442025e-07,9.31747224237186e-08,3.17187097202961e-06,2.40296269998197e-06,-1.81177828791081e-06,2.72866835015646e-07,1.05497466130546e-09,3.97751980948353e-05,-1.48840061473542e-05,-1.32269946380316e-05,2.92728239900187e-05,1.7333492546859e-07,-3.56531676235209e-07,-1.3479341227246e-07
"north_west","beta9",-4.31421700743097e-08,-5.53966454354962e-07,1.08918950342138e-06,6.43472282625954e-09,-5.61680666863714e-08,-1.41475877287426e-07,1.18299146850023e-07,-2.73879542770741e-09,1.32889679750802e-08,-4.57237904556576e-08,5.35773245442076e-08,-1.42552510925183e-09,1.53710761230827e-08,-1.02586187009436e-08,2.61360120518944e-08,6.70516312306449e-08,-1.00605543176365e-08,1.36170712205487e-08,-5.61175473695891e-09,1.21702678572408e-08,-5.65607918475492e-09,5.57877944531366e-09,2.2279523290853e-09,1.2868054746717e-08,2.26426798405613e-09,2.12313781825377e-08,4.93933457731441e-09,-1.54284771714254e-08,2.5477047403871e-08,9.91142921082985e-09,-9.54030845389553e-09,3.41989323324081e-08,-3.79770267374832e-08,1.25388558103994e-07,-3.1228017297401e-09,8.90709505406467e-09,-3.54752529227407e-08,9.99301907241216e-08,-2.23632458861097e-07,2.59246475354978e-07,-2.65751314000582e-06,4.21785028221866e-06,4.85990593414421e-06,3.95037580364005e-06,1.52257273933354e-06,7.18123020703405e-07,8.40425276590466e-08,2.46277206394584e-07,4.38359011626937e-07,4.01734327533224e-07,2.13829910060012e-08,-3.31409054080097e-07,1.10054730123875e-06,-1.1197355541406e-06,-1.0816503203863e-07,-9.96461996813085e-08,4.86831302468385e-07,-1.65647655540499e-09,3.74114746329395e-10,1.1788512426534e-09,4.32030186702051e-10,-9.76132579705785e-11,-2.56244698407641e-09,4.19942779485615e-10,1.68065702665e-10,3.06544530519125e-10,5.3115841742659e-09,-9.63943407082536e-07,-1.51052876031433e-06,1.11525339544062e-06,-4.90053103569973e-07,6.74781298606709e-07,-1.64514243943839e-07,-1.82673138315519e-06,1.77458588838669e-06,-2.92044514853357e-07,8.12220030637825e-08,-1.41941445130979e-11,-1.54004877555013e-05,1.87182770101531e-05,6.52147813866381e-06,-2.42667700900617e-05,-1.15651648792385e-07,3.72264436571154e-07,-2.02093745228926e-07
"north_west","mu_D",7.18281777103542e-06,-0.000182426599285974,-0.00114278141993716,-4.82286295138865e-08,3.68039042979361e-05,-3.02667237141895e-06,9.96516858500476e-06,-1.19759359980918e-05,5.57178385934747e-06,1.37065936299072e-06,-4.35317760990005e-06,1.39226687551101e-06,-2.02874474405577e-06,5.51738969837936e-06,8.43656003741821e-07,-5.48958938511592e-05,-2.32537811386395e-06,8.28064187974667e-07,1.22891645244949e-05,-1.93017247945167e-05,8.66699448882487e-06,-1.17223244360712e-06,3.40141910490706e-06,1.30290145972284e-06,5.16018021826967e-06,2.59710455480957e-06,-5.4587819096304e-07,6.49226868456373e-06,1.97588633543997e-06,5.50184381621124e-06,-3.24366220335167e-06,9.98227536328427e-06,-3.29203430356889e-06,6.53904807833903e-06,6.63582033815451e-07,1.60628175548038e-06,1.13643573571689e-06,-4.28816013731481e-06,1.50538539982601e-06,-2.65751314000582e-06,0.00860563225469939,0.000290676357755958,-0.0031449945590729,0.00271449141206953,-0.000891956021084147,-0.000432070683741297,2.89467880773056e-05,-1.55228409792745e-05,6.83076821194563e-05,-4.26216355777255e-05,-2.40897084247743e-05,0.000145280465239187,-0.000375411198146442,-0.000598105240374071,-7.78016566780825e-06,9.04638635316722e-05,0.000167402353686692,4.6902029726889e-07,6.53261539606127e-07,1.38806961609077e-07,3.36605502630318e-07,2.09868361392716e-06,-2.35177725925359e-07,-3.38774774540923e-09,-5.19944338143482e-08,2.43236678914869e-08,7.62710413090192e-07,0.000538081606570694,0.000717185796037464,0.000123730439031268,0.000115403488694224,-0.000183696514484743,-0.000212827543257045,0.000593183097582371,-0.00174972528884203,0.000979537335717207,-2.71680626694266e-05,-1.17701239931303e-06,-0.00257190734317778,-0.00377634308564398,-0.000730432401926368,0.0112001794691637,-3.47342936167818e-05,-3.30779978358563e-05,-2.90756689306446e-05
"north_west","mu_D_2",-5.92958570376759e-06,0.000445090056669595,-0.00016201266162601,-1.62139764640695e-06,-4.20723580427695e-05,3.7311679889327e-06,-1.03954671682852e-05,4.08543463481418e-06,2.43231157814385e-06,-9.59324559149554e-06,1.15401453392014e-05,1.24372914417604e-06,-3.64281741545826e-07,-5.81320359379102e-07,6.05635721560624e-06,1.84185670073307e-05,2.78594792431301e-06,-7.20122847481878e-07,1.8453372272478e-05,-5.52046142340674e-06,3.00981057641145e-06,2.06514436121708e-06,7.65052964544531e-06,-2.51830830795666e-06,1.90959900269564e-05,3.8970819924537e-06,-2.69067008852817e-06,2.78865675749313e-06,1.27679480324961e-05,3.49224442260234e-06,8.71484415948928e-06,1.07042644746993e-06,-4.29686971389058e-06,4.14252200948338e-05,1.82565931353034e-06,-4.8502456263056e-07,-1.9486325496628e-06,4.26922585231176e-06,-4.80083883402062e-06,4.21785028221866e-06,0.000290676357755958,0.00639614407092298,0.00081388435668357,0.000852918355292282,0.000176636203397898,-0.000453621228429568,-0.000569748146163001,8.90275735672301e-05,-0.00013550128901391,-4.34443446186027e-06,8.05407622783543e-05,-5.67501869369207e-05,6.16991561576493e-05,-0.00107324957200517,-4.74634769410082e-05,-2.49788738182489e-05,-0.000667865732727311,7.71182868265392e-07,4.12275611632154e-07,1.44652261434335e-07,-1.89035880966734e-07,-1.78636608084937e-07,6.1501390795756e-07,5.87143636611358e-07,5.53038761390695e-07,-1.40184947310068e-07,-2.88238772367032e-07,-0.000594506845924999,-0.000949237531297198,-0.000167669130826217,0.000439668905835762,0.000419071499121372,-0.000459268330471582,9.86538905313196e-05,8.76405020301333e-05,7.57968702883219e-05,-5.50199533961032e-05,9.96384943497886e-07,-0.00198601945835918,0.00271629822905289,-6.68014121726817e-05,-0.0156889872145601,-4.84976209846544e-06,-6.54033088476093e-05,-0.000129962438635894
"north_west","mu_D_3",8.1315426356424e-06,0.000103172847707618,0.00202022342232199,-1.25269300029558e-05,-1.71192250583094e-05,1.15515444231299e-06,-4.27804750761167e-06,4.47248906736761e-06,-3.81679402545358e-07,-1.46597425506791e-05,2.1261730033366e-05,-5.42833111764721e-07,5.38095148083051e-06,-8.75663941480916e-06,9.80831307295343e-06,2.2754845539554e-06,-2.32828107574698e-08,3.91954778878193e-06,-7.84505361911304e-06,1.7500297348313e-05,-2.30797204727303e-06,-3.63339801564314e-08,2.27969458047741e-06,-5.81256467029215e-07,1.09218515516441e-05,-7.83095376723896e-06,1.10302635197848e-06,1.75761077263324e-06,-6.18969189469191e-08,-1.11811245134813e-06,-9.8479885869272e-07,-7.41679450060897e-06,-3.47225132249808e-06,-2.2370424137214e-06,-9.28561272627227e-08,-8.35038689110903e-07,3.74146303118116e-07,8.16834345800835e-07,-6.95919268105553e-07,4.85990593414421e-06,-0.0031449945590729,0.00081388435668357,0.00919169396402378,0.000244496276787692,0.00735778686849385,0.000132880338246702,0.000736477916512158,0.000233674931333359,-5.52833762603652e-05,0.000132577408458101,5.10963662118274e-05,-7.840468871711e-05,0.000639437548935605,-0.0010820300890452,2.23991167289171e-05,-6.27187709176484e-05,-0.000442989514445953,-5.766381096733e-07,-2.16236473857973e-07,4.83708562228954e-08,-2.30236215178319e-07,-7.52222808146888e-07,1.69041801722296e-07,7.26839173885882e-08,5.66678723379707e-07,-2.43723398186612e-07,-1.32795314036105e-06,7.30810195680501e-05,-0.00148254211921938,0.00021333915976145,0.000171824255690219,0.000194025265172314,-8.32035445229419e-05,-0.000621891720190809,0.00256419270098114,-0.00138302551330497,0.00012457720871863,2.74753224672767e-06,-0.0062535790438864,0.00606900527883954,0.00370994944440705,-0.00657044582715725,-4.89703224718517e-05,-7.3031709683333e-06,0.000130197311791794
"north_west","mu_D_4",1.69221332625384e-05,1.45429260471094e-05,-0.000585863390160368,3.00953068089388e-06,1.48568472246845e-05,-1.70926405466621e-06,8.1938986600954e-06,-3.86680107511026e-06,-4.10713689573776e-06,7.9301511325764e-06,-7.15272995651887e-06,2.65335634172318e-06,1.89101936194967e-07,6.28397465377433e-06,4.37937019947963e-06,-4.5089377356156e-05,1.02587121177167e-06,-1.39780235908787e-06,2.05205936324924e-05,-2.04569159526862e-05,6.55897727647682e-06,2.31874146803656e-06,9.2775034161457e-07,5.9289990649469e-06,5.70338431970945e-07,9.49534315046079e-06,2.21561564645617e-06,-5.27930122264134e-07,7.65113282079569e-06,8.04344390098101e-06,-5.76916185075763e-07,1.25465743411821e-05,-3.67630823712756e-06,1.61764574288002e-05,-3.33096495619167e-07,-2.34206432130136e-06,3.13644752502982e-06,1.51987907394254e-06,-8.52736846523118e-06,3.95037580364005e-06,0.00271449141206953,0.000852918355292282,0.000244496276787692,0.00500800616053674,0.000737501866865992,-7.47993004360963e-05,0.000312996388683306,0.000158561000168732,9.29220722837988e-05,-2.18218541436042e-05,3.40389939497903e-05,0.000102032805745634,0.000167942946951531,-0.000421070901213171,7.89619404243342e-07,2.99400354818955e-05,0.000269070249899042,4.91020403783651e-07,3.69560551163523e-07,1.10454141404752e-07,1.9133694923391e-07,6.57423057715609e-07,-5.77271464071745e-07,-7.50774708530855e-08,-3.69032671571362e-07,1.38557541904288e-07,1.88673260870243e-07,0.000113702202780841,-0.000503386634714816,5.96756918032247e-05,0.000396071586421855,-0.000117491171344256,-0.000154379641377087,-3.29884958483388e-05,-0.000277190706525726,0.000453556998733088,-5.3968143014935e-05,-4.64417080127236e-07,-0.0124346358823296,0.000311530921246935,0.000213935926716607,0.00385462597608301,-9.73948832847326e-05,-9.06580227641619e-06,-6.24073560182792e-05
"north_west","mu_D_5",-1.7324304580782e-05,-4.48714168278242e-05,0.00273157307942252,-1.42725654837557e-05,-2.51843078276692e-05,7.56615238274965e-08,6.57625921128939e-06,6.26016907028383e-07,-7.11580330822703e-06,-6.7597939628236e-06,2.02203383068248e-05,6.72342897934728e-07,5.07687008007991e-06,-2.88585352436747e-06,6.35211270431313e-06,9.1783952898266e-06,2.41736209920403e-06,1.47054961915698e-06,-4.07196133794498e-06,1.45006509512835e-05,-2.22759260490062e-06,1.07916273951433e-06,-5.84970578044797e-06,8.59678845459202e-06,-4.60961998914079e-06,-6.20307090096191e-06,3.60992749685152e-08,-6.20716254183157e-07,-3.49704267356088e-06,1.06594281548842e-06,-3.74821427140749e-06,-3.82483269586207e-06,5.2650244828958e-06,-1.7692834875131e-05,3.91655283115957e-07,-2.71883632811916e-06,7.15459294614242e-06,-7.06963528562337e-06,4.06275249982938e-06,1.52257273933354e-06,-0.000891956021084147,0.000176636203397898,0.00735778686849385,0.000737501866865992,0.015636553590901,0.000614781519031008,0.000733981907733918,0.000222277672492393,0.000160558078627448,7.35087742207715e-05,-4.63573902327915e-05,3.16551895965749e-05,-5.13427564784152e-05,-0.000386810511306862,2.57711072173653e-05,-4.6665609951633e-05,-0.000479039907812107,-9.13178742841924e-07,-2.50376648057712e-07,2.0100070271353e-07,-9.66553610672793e-09,-2.65091825050616e-06,-3.49009536696472e-07,-1.23004993998842e-06,-9.10832682518305e-08,-8.10172883547672e-07,-1.77726021393624e-06,0.000504619610923168,0.000434051989465494,0.000603172441387011,-0.00196285027775138,8.77277738105479e-05,9.7618909892475e-05,6.2074916432787e-05,0.00273383777204981,-0.00131553636738608,0.000335314749881702,1.96108573318854e-06,-0.0164631392058113,0.00451339165740222,0.000449430828850718,-0.00919312748261895,-0.000164188088643383,3.38910381239133e-06,0.00012626029050681
"north_west","mu_gamma_H",3.74102258882903e-07,-0.000162048811999136,0.000137882365139677,6.33913465017557e-06,1.2363332938217e-05,-1.30052803002616e-06,4.68506606735069e-06,-2.36172818395081e-07,-2.30525595293241e-06,9.55924563826596e-07,2.47143532610262e-06,2.54073681310682e-08,7.38274342893975e-07,-1.92855599264862e-06,1.55423438445514e-07,-1.20897632789818e-05,-1.54001922722341e-07,-2.49779302635014e-07,-1.44334240916941e-06,-7.85260305050488e-08,2.4657973068533e-07,-4.31727538872318e-07,5.42042774465553e-07,-2.93127298109845e-07,-2.18024489355172e-06,-2.36633038366636e-07,4.79689905030595e-07,3.72185710151935e-07,-1.09796912128789e-06,-1.65344965429438e-07,-2.5773356513114e-06,1.30878414155396e-06,-2.20544660017604e-06,-5.7837531007745e-06,1.0138259147446e-09,-3.51120225520514e-07,7.86665007167813e-07,7.76928536154911e-07,-1.44563479449526e-06,7.18123020703405e-07,-0.000432070683741297,-0.000453621228429568,0.000132880338246702,-7.47993004360963e-05,0.000614781519031008,0.00158714206341181,-0.000118111108247317,6.57173438638596e-05,6.62977216600731e-05,2.51138341498278e-05,-5.41661995627445e-06,-1.95347045525725e-05,4.38054193824517e-05,0.000116256862965563,4.43980104182932e-06,1.36092751805052e-06,0.000113539944834876,-8.70912779319812e-08,-2.49587997517294e-07,-4.98706432678993e-08,9.78685867934e-08,-1.39185116854436e-07,-1.53101388424512e-07,1.19387062910598e-08,-1.42253510188887e-07,-5.04771422443611e-08,-8.19889754414552e-08,-1.16333275486522e-05,0.000372836786631918,-6.13540654670706e-05,-0.000174284661808251,-0.000148740756058254,0.000119258126665493,-6.27340952508608e-05,0.000214260131133843,-0.000112399822780406,2.42293856733011e-05,-2.89762192272415e-07,-7.09910383996058e-05,-0.000528402829333894,0.00140987249223578,0.00371962690178936,3.42658087238267e-06,3.90968995370512e-06,4.62156036324206e-05
"north_west","mu_gamma_H_2",3.95905933354287e-06,-9.12408759308266e-06,0.00024871056584968,6.09755887357296e-07,2.4017812469287e-06,-6.5523625736268e-07,1.30359917611545e-06,4.38450533678922e-07,-1.93290446990698e-06,2.55915573016418e-06,-4.17016502527153e-07,1.12182593851846e-07,2.15730657837268e-07,1.89769476517038e-07,8.53031894819476e-07,-5.65512448372908e-06,-1.21356258929141e-07,4.66550691711763e-08,-1.18106228956199e-06,6.14002747688927e-07,-4.71300834045448e-08,4.77005512335488e-07,-1.00063907949953e-06,5.09648437155662e-07,-3.68784056579785e-07,-1.257459886885e-06,3.60637114076295e-07,9.0603450458709e-07,-1.42729691666914e-06,1.85587687430195e-07,-2.20009950138597e-06,1.84927638873185e-06,-3.57169112947307e-06,2.28156729927964e-06,-3.33751524482065e-08,-9.99518104843946e-07,1.0983258272804e-06,-4.87686511536197e-07,-1.21629376290531e-07,8.40425276590466e-08,2.89467880773056e-05,-0.000569748146163001,0.000736477916512158,0.000312996388683306,0.000733981907733918,-0.000118111108247317,0.000707245629305885,-3.70481229592527e-05,3.4165617881664e-06,1.27613687061446e-05,-1.94928323423527e-05,2.88690615624897e-05,2.75011090061901e-05,-5.07369042784333e-05,8.05215735801997e-06,9.11746433412281e-06,0.000126137943785429,-5.94542545168633e-08,-5.81749514987538e-08,-3.22915640438636e-08,3.26517191622508e-08,2.59337529570515e-07,-1.67872631962846e-07,-1.996779603747e-07,-1.2918599383436e-07,3.50620672377224e-09,-1.85680864497206e-07,0.00020550063312089,0.000558383889560601,-4.85760627374563e-05,0.000103481973246871,-0.000267439029421964,0.000230604592471379,-2.81571409101342e-06,0.000413674263606435,-0.000318901491300307,2.55160099141233e-05,-2.24220381511609e-07,-0.000897766380568901,0.000599687415571789,0.000603420997755168,0.000758272936840315,-1.71449455017907e-05,5.67707945139827e-06,3.46248367642881e-05
"north_west","mu_gamma_H_3",2.02268388190245e-06,8.43540791229452e-06,-3.18754533186476e-06,1.43124743837336e-06,-5.18586814112267e-07,-1.88277021231827e-07,3.64791361098809e-08,3.51486825727815e-07,-7.50041510381963e-07,7.86430674846957e-07,-4.85253373348335e-08,3.72021003750803e-07,3.77871708288334e-08,-4.9599233082626e-07,1.88571948199031e-07,-6.10718349109441e-06,1.1887333531357e-06,5.81978069375128e-08,1.55419462383714e-06,-1.88395189464804e-07,3.49939159248672e-07,8.78670531315843e-07,2.36092630481703e-07,6.80382566905338e-07,1.09641779790123e-06,1.08062850134537e-06,8.13990777220068e-07,2.23019254012089e-07,1.23989792657357e-06,9.9008350274718e-07,4.92189960014716e-07,8.10691456379877e-07,1.86820243416453e-07,1.47011364064684e-06,-4.72876768936784e-07,4.22198124756978e-07,1.26033500694551e-07,-4.4912292607299e-07,3.33529276973571e-07,2.46277206394584e-07,-1.55228409792745e-05,8.90275735672301e-05,0.000233674931333359,0.000158561000168732,0.000222277672492393,6.57173438638596e-05,-3.70481229592527e-05,0.000238291793635709,5.82388694784112e-06,-6.66853805359131e-06,1.41081014297665e-06,-6.27759500150278e-06,7.64726267158046e-05,2.2639787385758e-07,-4.77692442627008e-07,-2.21627467487936e-06,2.4869807912857e-05,-5.35162465126961e-08,-1.52464481173468e-08,-5.66755590224655e-09,-3.05701046382938e-08,-1.13691104138085e-07,-3.27676957743466e-08,-3.34093811145188e-08,6.98795611072093e-09,-6.69420525473745e-09,-6.00632415548185e-08,-7.9232550184103e-05,4.33458826697007e-05,9.26407695389527e-06,-4.36823779113724e-05,-2.25680322253309e-05,-2.02628250410344e-05,-5.1021565118149e-05,0.000128985270005722,-2.53705981809471e-05,-1.84127039799274e-06,-1.47542893780714e-07,-0.000773004226818019,0.000317615415080687,-7.80866142567877e-05,-0.000376612154706292,-1.01066679205418e-05,-1.81588969125071e-05,-5.48405737109369e-06
"north_west","mu_gamma_H_4",-2.0420056219158e-06,-2.93974305374799e-05,6.73745289219253e-06,2.78911719540244e-07,3.63673182224406e-07,-4.63276548597461e-07,7.22364482275084e-07,2.7378363149335e-07,-6.9296246486177e-07,3.9483881435629e-07,1.92115971545639e-07,9.37127817719771e-08,-4.95032903397179e-08,2.00518493648552e-07,1.08846195192302e-07,1.29075218487183e-06,-2.50823771372764e-07,-3.37344231873902e-08,2.70474063440049e-07,-9.29248258426398e-07,1.03200712393392e-07,-1.22416718152273e-07,-1.70414091587577e-07,8.49459568938062e-08,-1.00940326085194e-06,4.57223336741362e-07,2.38183332884787e-07,-2.82866328368367e-07,-3.10200971047718e-07,1.56106898045892e-07,-3.98879050223616e-07,1.86702306516274e-07,2.8326061195009e-07,-1.45877721063878e-06,-1.37621244588114e-07,-6.21289361603422e-08,4.05641108426389e-07,-1.10437608728178e-07,-5.14396467021636e-07,4.38359011626937e-07,6.83076821194563e-05,-0.00013550128901391,-5.52833762603652e-05,9.29220722837988e-05,0.000160558078627448,6.62977216600731e-05,3.4165617881664e-06,5.82388694784112e-06,7.4853525150139e-05,-4.00441390351748e-06,-3.54383351624809e-06,5.69477584306896e-06,-8.32835408973927e-06,3.2138509958822e-05,-1.53529935124458e-06,1.39036223157543e-06,3.7564589222163e-05,-1.20674892659026e-08,-1.50347931845008e-09,4.56719845503643e-08,3.38591791023876e-08,8.19709183815184e-08,-4.04946714483605e-08,-2.91937136187881e-08,-3.68357937287389e-08,-5.77260176801137e-09,5.08920564318941e-08,1.43737070978083e-05,6.12870167601385e-05,5.38049511070203e-05,-7.48095121853263e-05,-3.25380168412556e-05,-1.3727853064371e-05,4.34647334154697e-06,4.56819776771191e-06,3.72014695928091e-05,2.96638871202253e-06,-7.42781769052683e-08,-8.73934453669546e-05,6.78158525917597e-05,-8.66547992031207e-06,0.000265620698888584,-1.94731580615752e-06,5.56140590066485e-06,1.0722061161845e-06
"north_west","p_G_D",2.25654947409794e-06,-5.44495386908253e-05,2.96912504979285e-05,2.4836769905901e-07,1.86196056399387e-06,-1.63654620071699e-08,2.84138992443825e-07,9.88400513204126e-08,-2.96003348468502e-08,2.18848796884952e-07,5.87020717051355e-07,5.4286699968158e-09,2.72705100063496e-07,-1.68970180961363e-08,3.55226625448198e-07,-5.12372650429245e-06,2.57374038604065e-09,-6.58878596787277e-09,2.55569945085782e-07,-2.35330795946519e-07,2.67792154336557e-07,-2.44983235433505e-07,4.34877842744563e-07,-2.51593426098792e-07,2.87190557982652e-07,-1.51887064863629e-07,1.58911138358379e-07,-1.06117735732768e-08,1.26087961980658e-07,2.81648210309645e-07,-4.07742200484157e-08,1.43651306384907e-07,-2.66307138114496e-07,3.92700431194913e-07,3.70983067032963e-08,-7.72382707646537e-09,-7.47193466622208e-08,3.47238049550562e-07,-4.86403239452908e-07,4.01734327533224e-07,-4.26216355777255e-05,-4.34443446186027e-06,0.000132577408458101,-2.18218541436042e-05,7.35087742207715e-05,2.51138341498278e-05,1.27613687061446e-05,-6.66853805359131e-06,-4.00441390351748e-06,5.67628795460982e-05,-2.49139891292997e-07,-4.95980899745546e-06,2.19993573623301e-05,-1.28406967902732e-05,3.3548380426311e-06,-9.23480998279506e-07,-9.42251536151223e-06,-6.85833377387751e-09,-1.4833342896278e-08,3.21279421749019e-08,-2.38982709822199e-08,-3.62274592218897e-09,1.12668080631165e-08,2.17316462694974e-08,7.53463048406336e-09,8.43121262472877e-09,-2.21569458641179e-08,1.87676041945385e-05,1.22467440772603e-05,-2.01360080133397e-05,1.35078158391622e-05,9.55027327088959e-06,4.40677787876907e-06,-2.87923990848596e-05,1.42606381696691e-05,-1.23533890893799e-05,1.9932310815972e-06,6.99166454423314e-08,-0.000212512969120651,0.000185908370523062,0.000125554443200546,0.00035575314958827,-2.66753038363651e-06,4.88768164983296e-06,-1.6230360014365e-06
"north_west","p_G_D_2",4.28959121990981e-07,9.01152659914611e-06,-3.10227023379024e-05,4.87144521338727e-08,-7.32651694202229e-07,1.09370316657642e-07,-1.26991516508318e-07,-1.06160778592742e-07,3.47882993404202e-07,-4.96088157282561e-07,2.45328619119901e-07,-3.62574985946289e-08,-2.14438569119454e-08,-1.04029404901013e-07,1.54748107134392e-07,-4.0360673550678e-07,-1.13336841141025e-07,8.71842439770252e-08,-6.76400594118174e-09,-5.76073784293715e-08,9.29370719823549e-08,-9.98116326548993e-08,2.6489181446429e-07,-2.01464421685615e-07,4.98594524744011e-07,-1.0258728708264e-07,1.78120028714234e-08,1.24503475106369e-07,9.0941699058486e-08,1.53789594369116e-08,4.39604472548354e-08,-1.22413938921645e-07,9.56332299687938e-08,4.37107037975884e-08,-2.59306842968232e-09,1.35430288885652e-07,-3.27509866459956e-07,4.21574185941296e-07,-3.83009793161633e-07,2.13829910060012e-08,-2.40897084247743e-05,8.05407622783543e-05,5.10963662118274e-05,3.40389939497903e-05,-4.63573902327915e-05,-5.41661995627445e-06,-1.94928323423527e-05,1.41081014297665e-06,-3.54383351624809e-06,-2.49139891292997e-07,1.29336499249704e-05,-3.29535738347225e-06,2.01363780783473e-05,-1.38555484313393e-05,5.00652023150564e-07,-3.01136248075083e-07,-1.71104845191493e-07,4.56755612502765e-09,1.38613674909174e-08,-2.25495197040566e-08,-3.55390042211274e-09,-5.97380130044835e-09,1.94549523623122e-08,3.092189695743e-08,3.19973473249127e-08,-1.37383227936376e-10,-2.04396377558901e-08,-2.73942005569868e-05,-0.000212066165820213,4.23560907961801e-07,1.74033861631961e-05,7.89837695615561e-06,-1.06815061873451e-05,-2.02067397788829e-05,-2.25426862384663e-05,1.0889427185254e-05,-2.94326570865705e-06,3.19367578378264e-08,0.000196017727512838,0.000111890065968385,6.92663020109602e-05,-0.000292342645879062,3.27616380929886e-06,-2.32568521464812e-07,-8.95097921008566e-07
"north_west","p_H",-1.40094984729087e-06,-1.09868055066401e-05,-1.84352056851044e-06,-6.8397502387604e-08,8.42138426005853e-07,-4.69685098102137e-07,1.30919884744319e-07,-4.45297553823424e-07,-8.15888527587423e-07,5.25456603326451e-07,-1.05011122544504e-06,-2.18045775859336e-07,-4.89267446566216e-07,-3.21164087819825e-07,-4.72482419126226e-07,2.01522317683187e-06,-6.19709009065572e-07,-4.41145673306328e-07,-6.05317009089608e-07,-7.54385817065166e-07,-3.55626539493917e-07,-7.82748695944517e-07,-6.91394410888236e-07,-9.17650359063775e-07,-1.26277688918701e-06,-8.2581524602248e-07,-4.14629534988311e-07,-8.12757407866667e-07,-1.38161159094039e-06,-1.38908080919114e-06,-5.32611425856246e-07,-6.69626226803718e-07,-5.96365390304766e-07,-1.83013543839225e-06,6.87005563653344e-08,-5.32779097526046e-07,2.29246208880204e-07,-6.15596504267802e-07,1.88018377556507e-08,-3.31409054080097e-07,0.000145280465239187,-5.67501869369207e-05,-7.840468871711e-05,0.000102032805745634,3.16551895965749e-05,-1.95347045525725e-05,2.88690615624897e-05,-6.27759500150278e-06,5.69477584306896e-06,-4.95980899745546e-06,-3.29535738347225e-06,5.45622870305695e-05,3.6646161815356e-05,9.83359692003326e-06,-1.76684761594997e-06,9.55691328517653e-07,1.27190773551229e-05,-3.76300993994323e-08,-8.90475450849825e-08,-8.51865589883097e-08,-5.33370008289594e-08,-1.69126031267243e-07,-8.00188982009464e-08,-4.21417231345388e-08,-5.76146756865802e-08,-3.22294561064472e-08,-9.41917113652988e-08,-2.10493603223584e-06,3.72286873578789e-05,1.10242481038458e-05,1.29331671845148e-05,-9.85942082469979e-05,1.2726945357421e-05,1.31163911083305e-05,-1.20828692724238e-05,1.12325603889258e-05,-2.25576972353515e-07,-1.01612359160204e-07,0.00055911701862277,-8.63656628965723e-05,8.6844837692493e-05,0.000651202717256004,8.90468386809017e-07,3.31128732825117e-06,2.10301394124345e-05
"north_west","p_H_2",1.07847285294689e-05,-3.36264794344767e-05,7.60774034647885e-06,2.32771170350836e-06,4.00032113666476e-06,-1.37817235889365e-06,3.49669538706079e-07,-2.38665092224863e-07,9.17570644799674e-07,-5.39430723308824e-06,3.30740123466618e-06,-7.23252028721399e-07,4.83191826104341e-07,-1.97746755471545e-06,3.95893780109225e-07,-1.93680895152171e-05,-4.51441109223006e-07,-4.24328029524299e-07,1.89513077037037e-06,-6.53956564722129e-06,2.87964491222899e-06,-2.8113697542027e-06,2.83809586289065e-06,-3.04064750740227e-06,4.52011158779658e-06,-2.47423398347138e-06,1.07047492767218e-06,-1.74868422578562e-06,-1.97453178476132e-06,-6.66624479951604e-07,-2.35008303644225e-06,-1.25988837789672e-06,-2.60962107977806e-06,-4.28851974529962e-06,-4.67429751334967e-07,-2.25986799969606e-07,-5.47322964135568e-07,2.05763926786663e-06,-3.62727950518256e-06,1.10054730123875e-06,-0.000375411198146442,6.16991561576493e-05,0.000639437548935605,0.000167942946951531,-5.13427564784152e-05,4.38054193824517e-05,2.75011090061901e-05,7.64726267158046e-05,-8.32835408973927e-06,2.19993573623301e-05,2.01363780783473e-05,3.6646161815356e-05,0.00129194439094428,-0.000160935812479219,8.41486552510766e-06,-8.39387200092344e-06,-6.23007088913802e-05,-1.03387393548163e-07,-9.52568753877952e-08,-2.35576629477119e-07,-1.26309561470264e-07,-4.26734355545542e-07,6.41088550099119e-08,1.34785668530778e-07,8.33265046019227e-08,-1.14990251470422e-08,-4.38934613383796e-07,-9.08891831121552e-05,-0.000510684315289074,4.18761239175484e-05,-0.000101334677734972,-0.000138203822361148,-0.000114307841335374,-0.00109524624821629,2.36553532454605e-05,1.5085362315859e-05,-4.44249072548735e-05,8.55343761235435e-08,-9.28796093083256e-05,0.00116196005301091,0.00219114183223768,0.00104079454432383,7.80866934645485e-06,1.88434152960777e-05,6.24240791962881e-05
"north_west","p_H_D",-1.01832602230052e-05,-3.08647708610254e-05,-0.00013964829960868,8.6774951067798e-06,2.28389706867957e-06,-1.2600590943062e-06,4.29901829478574e-06,-1.97720554213494e-06,-9.14236359988851e-07,5.13810787293068e-06,-6.11791971987421e-06,7.54012915461242e-07,-9.32297095996958e-07,1.51381021238539e-06,-1.29675754629877e-06,-7.77160494206844e-07,1.08278653003146e-06,-1.34219786954676e-06,-1.08901157234046e-08,2.83595420621116e-06,-1.9486188746892e-06,1.86818166708692e-06,-1.81264713270369e-06,3.03566953585672e-06,-5.24131176063537e-06,3.74746510296915e-06,1.85636350148943e-07,-1.18137743736396e-06,9.96294935262663e-07,3.77726207000948e-06,7.66269740709441e-07,4.50861854674688e-06,3.27618912357238e-07,7.84154518747634e-06,1.21531443887692e-07,-1.22973713147536e-06,2.84126636302865e-06,-2.83999636209776e-06,2.30756704847398e-06,-1.1197355541406e-06,-0.000598105240374071,-0.00107324957200517,-0.0010820300890452,-0.000421070901213171,-0.000386810511306862,0.000116256862965563,-5.07369042784333e-05,2.2639787385758e-07,3.2138509958822e-05,-1.28406967902732e-05,-1.38555484313393e-05,9.83359692003326e-06,-0.000160935812479219,0.000987278321783955,7.57776312098219e-06,-1.64893405322397e-06,0.000162727639143053,8.04263742508458e-08,2.48985148335349e-07,1.70920333825264e-07,1.47510024749624e-07,-2.68565867650869e-08,-8.41719244355829e-08,-1.87378020396943e-07,-2.302679083299e-07,1.50324884159455e-08,7.48877023027525e-08,5.82321463423678e-06,0.000228976757717183,6.93470136534027e-05,-0.000224671007182461,-5.28804114044131e-05,8.48747145588706e-05,0.000122616953723608,-0.000140730515978989,8.22382457908023e-05,1.44635148694297e-05,-9.03928207730591e-07,-0.00114411287835456,5.36659664862336e-05,-0.00177283479099576,0.00103900247886076,-1.07119601474214e-05,1.11886090479253e-05,-7.61481626872965e-05
"north_west","p_ICU",9.58958895597015e-07,2.70792811233601e-06,-2.15359929817397e-06,5.97241765173353e-08,2.11246255264405e-07,-1.81793273260734e-07,2.53653249514182e-07,-7.82482685760131e-08,4.43241753307167e-09,-2.93994475099321e-07,1.80827005085767e-07,-5.22919030828582e-08,3.41186053399203e-08,-1.29766344226344e-08,3.96329346695264e-08,-2.79681368873757e-06,-1.15249855047222e-07,-1.0513662303028e-07,4.46212991575429e-08,-3.36654425259837e-07,9.07743142951823e-08,-1.55439649297356e-07,-2.68728637950467e-08,-1.28129604239332e-07,5.09745130520343e-08,-1.5537768673748e-07,2.18428436407971e-07,-9.59018802076836e-08,-4.35757465761983e-08,-2.08221609554094e-07,-9.9306852402259e-08,-1.90214102193693e-07,2.23519649462874e-07,-1.08472365551623e-06,-8.04414422553587e-08,7.14321599582495e-08,-2.91804286502281e-08,-1.62416575933602e-07,1.23896655107494e-07,-1.0816503203863e-07,-7.78016566780825e-06,-4.74634769410082e-05,2.23991167289171e-05,7.89619404243342e-07,2.57711072173653e-05,4.43980104182932e-06,8.05215735801997e-06,-4.77692442627008e-07,-1.53529935124458e-06,3.3548380426311e-06,5.00652023150564e-07,-1.76684761594997e-06,8.41486552510766e-06,7.57776312098219e-06,1.61760955436424e-05,-5.80753645198728e-07,8.08600315685766e-06,1.94766898134929e-08,2.1690742493952e-08,1.24604211527988e-08,1.25515199492725e-08,9.96081300664005e-09,6.09158025302447e-09,7.33854639154504e-09,1.28475800260486e-08,4.35539268631471e-09,-3.81033693844579e-08,2.34822981606052e-05,-2.4683936559687e-05,8.05115894283527e-06,-1.19333886486292e-05,4.80877931127898e-08,2.34423684033105e-06,-9.90013627590737e-06,5.68298735950591e-06,-8.63467343476e-07,2.05648778475936e-07,2.20586929679741e-08,-0.000159437418117619,9.30011533728104e-05,6.78841474715547e-05,6.88239987897721e-05,-2.90658367718033e-07,4.19080723517699e-06,2.08614619126651e-06
"north_west","p_ICU_2",2.20122960873454e-07,-2.44321851841525e-06,-2.43852481812507e-05,1.1750667615338e-07,5.40403992646042e-07,-4.81927877992482e-10,1.49301040418427e-07,-1.02081617708091e-07,-1.51845505846304e-08,2.69830922567278e-07,-2.19594579273102e-07,3.2413135268974e-08,-1.50933588090999e-08,1.30575855494059e-07,-2.53498546724519e-08,-5.85103452537034e-07,-3.91662576829624e-08,1.61696965563508e-08,6.20259658660987e-08,-2.26908893959188e-07,8.7986940936963e-08,1.2573541240121e-08,-6.24258581725327e-09,4.93903275865265e-08,-6.33808098167282e-08,8.45182016020975e-08,-2.67103509032743e-08,1.00244237405983e-07,-5.15342378587848e-08,1.38010621972067e-07,-1.47383567160446e-07,1.99197513706922e-07,-6.1864582374996e-08,5.78399407671865e-08,2.93930139133434e-08,-3.7060847412476e-08,3.40999524824901e-08,-9.63017227835411e-09,2.02006244778555e-08,-9.96461996813085e-08,9.04638635316722e-05,-2.49788738182489e-05,-6.27187709176484e-05,2.99400354818955e-05,-4.6665609951633e-05,1.36092751805052e-06,9.11746433412281e-06,-2.21627467487936e-06,1.39036223157543e-06,-9.23480998279506e-07,-3.01136248075083e-07,9.55691328517653e-07,-8.39387200092344e-06,-1.64893405322397e-06,-5.80753645198728e-07,4.06350723063738e-06,1.69319713158639e-05,8.34794308919113e-09,4.4797699705917e-09,-1.35166156350324e-09,6.03811331541161e-09,4.30044204885001e-08,-9.29680116940607e-09,-4.31411409077631e-09,-7.7834599367226e-09,7.15467603591403e-09,9.16113125527596e-09,2.51735050359532e-05,7.13544659083501e-06,-9.27937825701727e-07,3.32059154017241e-06,-8.08718219401183e-06,4.21240584646578e-06,9.03332301659402e-06,-5.38088371530809e-05,1.64776016753844e-05,-1.16339399226883e-06,-2.85208211982662e-08,-2.31743177243895e-05,-6.24247135083807e-05,8.66258358567887e-07,0.000158420192795597,-8.14848716302491e-07,7.75719428186372e-07,1.83536856164522e-09
"north_west","p_ICU_D",7.47465575900293e-06,-0.00016964425540205,-8.74741116632013e-05,-3.54457380476916e-06,2.95748894695925e-06,-6.42553398548909e-07,3.77628064711888e-06,3.17024113005727e-08,-1.99865221840161e-06,6.74478753904333e-06,-5.49029894901644e-06,6.12425760140769e-07,3.20450219730214e-07,1.19718999297499e-06,4.23036220465748e-07,-1.31591392740144e-05,-7.42493246798987e-07,-2.5996395629318e-07,2.68157615814545e-08,-2.04256920512481e-06,-1.20084189709696e-08,6.99162565741519e-07,-1.85950990490305e-06,2.30965704106187e-06,-3.14961173805095e-06,1.76510539625852e-06,1.8874399523658e-06,-1.9667189283143e-07,-6.07261909240904e-07,3.45245462302296e-07,-1.30120265468547e-06,2.1591329738783e-06,-3.56227179833673e-07,7.77012266080006e-07,-4.75549694085166e-08,-8.2923609028416e-07,1.1315458200766e-06,-4.77841956547544e-07,2.49149242507208e-07,4.86831302468385e-07,0.000167402353686692,-0.000667865732727311,-0.000442989514445953,0.000269070249899042,-0.000479039907812107,0.000113539944834876,0.000126137943785429,2.4869807912857e-05,3.7564589222163e-05,-9.42251536151223e-06,-1.71104845191493e-07,1.27190773551229e-05,-6.23007088913802e-05,0.000162727639143053,8.08600315685766e-06,1.69319713158639e-05,0.00116240089581968,1.18257138308437e-07,7.18156630208254e-08,2.7969340728314e-07,8.29696149307291e-08,5.61037802074986e-07,-7.70426268833359e-08,9.22005159038541e-08,-1.10714617919653e-07,1.13083006071887e-07,4.93291200050487e-07,5.07486432641314e-05,-0.000238310718280712,0.000125942034495151,-1.01755880395076e-05,-7.55416888809874e-05,4.56340870513548e-05,5.10610534723014e-05,1.27348727383616e-05,-5.4765675067553e-06,1.28302007015741e-06,-4.76112827520328e-07,-0.00128628462224088,0.00058684527266001,-0.000252484796263555,0.00067152656766345,-8.78411752903388e-06,3.98176410250774e-05,-1.34998111437049e-05
"north_west","p_NC_15_24",9.7779979509224e-09,1.10432235737167e-07,-2.77046125370518e-07,7.59794696975885e-09,-1.00995264813263e-09,1.25979168560045e-09,-2.5165250663395e-10,6.48484642654407e-10,3.43666004828421e-10,1.69915722084104e-09,-1.76642487896204e-10,1.16646602234187e-09,8.57597701352972e-10,2.7797994603081e-09,2.06483253061576e-09,-1.51408253539681e-08,1.87186557017312e-09,-3.58149570357668e-10,6.53599165342199e-09,9.77425176023134e-10,1.30750295773859e-09,3.97217208290901e-09,2.59515658458945e-09,6.45571769927567e-09,3.82455263073227e-09,7.18256734372282e-09,1.97826302211826e-10,4.61231112259116e-09,8.16635778266785e-09,6.31976685373497e-09,2.48571283495544e-09,6.02417431600039e-09,4.85635684181659e-09,8.56712216210274e-09,3.58316218963177e-10,4.18483168905335e-11,-4.43369608656579e-10,1.98874134589473e-09,-1.22506301114748e-09,-1.65647655540499e-09,4.6902029726889e-07,7.71182868265392e-07,-5.766381096733e-07,4.91020403783651e-07,-9.13178742841924e-07,-8.70912779319812e-08,-5.94542545168633e-08,-5.35162465126961e-08,-1.20674892659026e-08,-6.85833377387751e-09,4.56755612502765e-09,-3.76300993994323e-08,-1.03387393548163e-07,8.04263742508458e-08,1.94766898134929e-08,8.34794308919113e-09,1.18257138308437e-07,1.53827618346855e-09,8.32005355366691e-10,5.64244528328499e-10,3.02623761554807e-10,1.44107106531051e-09,1.97448147719085e-10,3.91738366426566e-10,1.83224096487583e-10,3.29533020563025e-10,6.8281836085222e-10,6.65938202567302e-09,5.24359301722493e-08,-2.44805780902014e-08,1.44386102468556e-07,-6.09768081558995e-08,-7.48562810371375e-08,1.29347768621318e-07,-3.41652304253002e-07,2.37475372161561e-07,-3.58129428125771e-08,-6.09134411312191e-10,-3.94532981031617e-06,-1.95040631297511e-07,-5.97455065936504e-07,-1.10617538663268e-06,-2.34723534077524e-08,9.0700080806501e-09,-1.18286584159589e-07
"north_west","p_NC_25_49",3.84747862523857e-09,3.62399892437188e-08,-1.42297747619898e-07,1.14660088733525e-08,-1.51714607143198e-09,-3.21864127529286e-10,3.35112718069495e-09,-6.93539935506316e-10,2.14671637488999e-09,1.16038744153674e-10,4.68554617966691e-09,1.46480663000072e-09,1.55711468559603e-09,1.77123483749455e-09,3.6086497463525e-09,-1.16967577342709e-08,7.11674465437918e-10,1.19686987428124e-09,5.81793934768222e-09,4.64174149051349e-10,2.26233854201167e-09,5.0503314439021e-09,3.1326806518424e-09,6.15950680324274e-09,6.43498791207001e-09,8.71855002085036e-09,6.97608222612393e-10,4.67419611103826e-09,9.52605888666696e-09,9.97978811687447e-09,2.65300366194227e-09,7.82725367194933e-09,4.15126639331311e-09,1.54010996484775e-08,-8.62801737305901e-10,2.91559345178197e-09,-2.01336278472497e-09,2.35228282094395e-09,-1.75720028528029e-10,3.74114746329395e-10,6.53261539606127e-07,4.12275611632154e-07,-2.16236473857973e-07,3.69560551163523e-07,-2.50376648057712e-07,-2.49587997517294e-07,-5.81749514987538e-08,-1.52464481173468e-08,-1.50347931845008e-09,-1.4833342896278e-08,1.38613674909174e-08,-8.90475450849825e-08,-9.52568753877952e-08,2.48985148335349e-07,2.1690742493952e-08,4.4797699705917e-09,7.18156630208254e-08,8.32005355366691e-10,2.8455943740694e-09,7.89025601888622e-10,4.79091806115372e-10,1.60836576403626e-09,3.39122235222349e-10,4.57367285728877e-10,2.98810746916507e-10,3.28790495298686e-10,9.57253619347068e-10,1.22565989432031e-07,-2.45477478904888e-07,-1.12682991822268e-08,1.97715074511918e-07,-1.47585311098212e-08,-3.73051143432775e-08,8.61056039718419e-08,-2.45463552158507e-07,1.6326620353246e-07,-6.34386716719322e-09,-4.19878529066583e-10,-2.93633384463561e-06,-6.21078428439002e-07,-1.27387399330056e-06,-1.67280089283408e-06,-1.2282937001314e-08,1.39747867955449e-08,-1.72753357660584e-07
"north_west","p_NC_50_64",-9.04013250690488e-10,8.09056039044625e-08,1.22810512470075e-07,5.65000983836743e-09,-1.66904450154294e-09,4.47130533922763e-10,2.70720503506044e-09,-1.00449095844439e-10,4.06163089458469e-10,4.14403000637929e-09,4.47190147331837e-09,8.26797023854065e-10,2.22580986915734e-09,-8.7511167337224e-11,3.28255410317592e-09,9.36652595401217e-09,2.93369586392561e-09,-9.4824796532078e-10,6.14017469873787e-09,2.29056316257116e-09,7.76758844619523e-10,5.29582085021031e-09,2.15452829709807e-09,7.75402640719945e-09,2.72489338890108e-09,6.89024260786601e-09,-3.61312371239481e-10,4.54654315570601e-09,8.53445859102062e-09,1.02258514215141e-08,1.59641230697262e-09,9.5882521076996e-09,3.02282215043981e-09,1.39684869360815e-08,-4.12263680737274e-11,1.20647540153141e-09,4.82625956243104e-10,2.24345049514441e-09,-1.12329032631374e-09,1.1788512426534e-09,1.38806961609077e-07,1.44652261434335e-07,4.83708562228954e-08,1.10454141404752e-07,2.0100070271353e-07,-4.98706432678993e-08,-3.22915640438636e-08,-5.66755590224655e-09,4.56719845503643e-08,3.21279421749019e-08,-2.25495197040566e-08,-8.51865589883097e-08,-2.35576629477119e-07,1.70920333825264e-07,1.24604211527988e-08,-1.35166156350324e-09,2.7969340728314e-07,5.64244528328499e-10,7.89025601888622e-10,3.09675657105625e-09,4.8679899135827e-10,1.15363199712305e-09,2.27592275564808e-10,1.68858183199714e-10,3.6042742225094e-10,3.0857720986735e-10,1.04166652642184e-09,-2.83971742121699e-08,2.31433266303257e-07,4.23443861354525e-08,1.31371218418221e-07,-2.32232049622192e-08,1.26816076923951e-09,2.27965597670733e-07,1.36066622123696e-07,1.52806506390973e-08,5.63443146043078e-09,-1.10579735491897e-09,-2.57411050712564e-06,2.51626256206607e-07,-1.49854992667137e-06,-1.30590904170685e-06,-1.19201286410426e-08,9.75041261399301e-09,-1.7296605288837e-07
"north_west","p_NC_65_79",3.80461618474675e-09,1.90777511341504e-08,-4.83433952796988e-08,7.14002241777353e-09,4.92138848195688e-09,-1.28291921591445e-10,2.64328901642906e-09,2.22127704896406e-11,-3.65965651290038e-10,3.33555592558247e-09,5.73897569279281e-10,7.45329775449999e-10,9.0341588382193e-10,6.79951710551742e-10,2.17162736669306e-09,-7.53299485324034e-09,1.0449713028362e-09,4.83456851681299e-10,3.81519315816542e-09,8.66264474287498e-10,1.91699103963353e-09,2.53110491177576e-09,2.84653778765618e-09,3.40237383300907e-09,2.94118215360855e-09,4.58752240423418e-09,3.57560020446176e-10,4.00400638016368e-09,5.012454544199e-09,6.44593721868786e-09,-1.17645772452969e-10,6.99568467075607e-09,1.7574524054095e-09,5.40688814867246e-09,-3.76867641565313e-10,1.60642786958287e-09,-9.7720025314904e-10,1.29547131049954e-09,-1.28058148228335e-10,4.32030186702051e-10,3.36605502630318e-07,-1.89035880966734e-07,-2.30236215178319e-07,1.9133694923391e-07,-9.66553610672793e-09,9.78685867934e-08,3.26517191622508e-08,-3.05701046382938e-08,3.38591791023876e-08,-2.38982709822199e-08,-3.55390042211274e-09,-5.33370008289594e-08,-1.26309561470264e-07,1.47510024749624e-07,1.25515199492725e-08,6.03811331541161e-09,8.29696149307291e-08,3.02623761554807e-10,4.79091806115372e-10,4.8679899135827e-10,1.20314868714904e-09,9.46079909989308e-10,1.15182947030144e-10,8.00216390789974e-11,5.58616278754241e-11,3.06163159603551e-10,4.3110561768622e-10,1.25975382807052e-07,-1.40255342504357e-07,1.04287702546177e-07,-2.32404842936371e-07,-6.18502471042152e-08,2.07020008784402e-08,7.78429379368145e-08,-1.03425211416522e-07,9.56681415080577e-08,-1.4023137953129e-08,-6.70757290775961e-10,-1.89962668093907e-06,-5.93301979186938e-07,-1.70854022446523e-07,1.00727835226933e-06,-5.30243870073704e-09,-1.48017135265004e-08,-6.86328890842672e-08
"north_west","p_NC_80_plus",5.27452618409089e-08,1.73098091217752e-08,-4.56235842177856e-07,8.72443827248134e-09,1.18654388262229e-08,9.5931633584697e-10,8.23207319784773e-09,-5.18219331473425e-09,4.63184714278639e-09,4.96582442081577e-09,8.1667077565923e-09,-1.85508118098405e-10,7.78053348814775e-10,8.67712998060711e-10,4.42783423840646e-09,-1.17675764845313e-08,-2.44977625716426e-09,-1.88334764756021e-10,7.72409420442223e-09,-6.5680334112572e-09,3.29222507749314e-09,2.85858927272219e-09,6.06820162086761e-09,2.41954160240762e-09,7.78561316399841e-09,7.96936206974749e-09,2.09793198299559e-09,8.92381711245046e-09,9.47484639325848e-09,1.23681023152858e-08,-2.20984856537896e-09,1.5278892130652e-08,-1.61372989868696e-09,2.05792141337976e-08,-2.32167728423229e-10,1.98195957141577e-09,1.39337279256956e-09,2.47667711638933e-10,3.36402203994835e-10,-9.76132579705785e-11,2.09868361392716e-06,-1.78636608084937e-07,-7.52222808146888e-07,6.57423057715609e-07,-2.65091825050616e-06,-1.39185116854436e-07,2.59337529570515e-07,-1.13691104138085e-07,8.19709183815184e-08,-3.62274592218897e-09,-5.97380130044835e-09,-1.69126031267243e-07,-4.26734355545542e-07,-2.68565867650869e-08,9.96081300664005e-09,4.30044204885001e-08,5.61037802074986e-07,1.44107106531051e-09,1.60836576403626e-09,1.15363199712305e-09,9.46079909989308e-10,1.42005190382426e-08,6.50104071450786e-10,7.16530027883875e-10,3.6240044669959e-10,5.56528915984735e-10,2.2481414727938e-09,1.70594185496398e-08,7.38742566813181e-08,9.33075845048775e-09,6.96041365629975e-07,2.14298849667691e-07,-3.149201503516e-07,3.50950861012463e-07,-6.676886907464e-07,2.71005702070479e-07,-1.01430875150514e-07,-2.95411276044618e-09,6.56710368172877e-06,9.86382229651284e-07,3.99076052276157e-07,3.20369171398123e-06,8.10812346891476e-08,4.507871203714e-08,-1.88827301829531e-07
"north_west","p_NC_weekend_15_24",3.81253517505197e-09,6.68971182600129e-08,-1.23848495609868e-08,-5.66261564146353e-10,-9.63966984247502e-09,2.53769584098094e-09,-2.42120281277699e-09,1.02883469520434e-09,1.96427353407956e-09,-2.40314443160667e-09,2.97527100214384e-09,-4.41182584655775e-10,7.05444860024738e-10,-3.05973168578291e-10,1.00299052024113e-09,2.65535236959106e-09,2.6868433780657e-10,-9.59047470562692e-11,2.67191641527106e-09,9.78934466993555e-10,-1.81920932498531e-10,1.13595161327222e-09,2.92648015772211e-09,-3.4949378182647e-10,6.02702737544715e-09,-2.65315511497251e-11,6.64256322888678e-10,2.10176822189496e-09,4.02171191238694e-09,1.7381597812619e-09,2.86502952442601e-09,4.59172879968211e-11,2.17428671529119e-09,4.1794280364004e-09,-1.77000805152302e-10,1.32582190018919e-09,-1.5686903319215e-09,6.86682592489292e-10,2.54058466933519e-09,-2.56244698407641e-09,-2.35177725925359e-07,6.1501390795756e-07,1.69041801722296e-07,-5.77271464071745e-07,-3.49009536696472e-07,-1.53101388424512e-07,-1.67872631962846e-07,-3.27676957743466e-08,-4.04946714483605e-08,1.12668080631165e-08,1.94549523623122e-08,-8.00188982009464e-08,6.41088550099119e-08,-8.41719244355829e-08,6.09158025302447e-09,-9.29680116940607e-09,-7.70426268833359e-08,1.97448147719085e-10,3.39122235222349e-10,2.27592275564808e-10,1.15182947030144e-10,6.50104071450786e-10,1.12226855907317e-09,3.31154807620446e-10,3.12548596243049e-10,1.23970105983092e-10,4.1143303703622e-10,-1.66692249689277e-07,-2.91392870295902e-07,-6.87918280399186e-08,1.89285421207332e-07,1.56342480197434e-07,-1.12683468011538e-07,-9.18460421909869e-08,-4.83366219145784e-08,-5.81007337093488e-09,-4.29674514746383e-09,-4.77174675205963e-11,1.14726610525791e-06,5.62129076974509e-07,-1.49692182699971e-07,-3.51172484087264e-06,2.69202107665017e-08,4.82962644007818e-09,-7.29413735860576e-08
"north_west","p_NC_weekend_25_49",1.35092452274066e-08,6.13877559893457e-08,-1.77100942068746e-07,-2.92865539512471e-10,-1.49289347725567e-09,7.91644742315033e-10,3.25351755217766e-10,2.14381931462039e-10,1.96753219743068e-09,-5.39986635070448e-09,8.15037891246113e-09,9.08907392903251e-11,1.3405042455042e-09,-1.77124435705258e-10,2.20075301500256e-09,1.89613994410993e-09,-5.70502115827315e-10,5.66115557329891e-10,1.63744076776881e-09,-1.99861081116045e-09,2.50880470713098e-09,-1.38616978847329e-09,5.44217648285269e-09,-3.09444747711583e-09,8.00680674680788e-09,8.5133315409087e-10,-2.98177769941033e-10,1.9539456654365e-09,4.65302933267457e-09,1.87879569679778e-09,1.0330899666672e-09,-1.71578056005092e-10,8.05173915546116e-10,6.02319769368236e-09,1.75119342170854e-10,9.19430712655218e-10,-9.72428921749365e-10,2.12724574211588e-09,-1.99110957852176e-09,4.19942779485615e-10,-3.38774774540923e-09,5.87143636611358e-07,7.26839173885882e-08,-7.50774708530855e-08,-1.23004993998842e-06,1.19387062910598e-08,-1.996779603747e-07,-3.34093811145188e-08,-2.91937136187881e-08,2.17316462694974e-08,3.092189695743e-08,-4.21417231345388e-08,1.34785668530778e-07,-1.87378020396943e-07,7.33854639154504e-09,-4.31411409077631e-09,9.22005159038541e-08,3.91738366426566e-10,4.57367285728877e-10,1.68858183199714e-10,8.00216390789974e-11,7.16530027883875e-10,3.31154807620446e-10,1.82894162523012e-09,2.70631400205825e-10,2.82927255633808e-11,2.56188249618116e-10,-1.10963405396481e-07,-5.73397066837029e-07,-5.87053737945504e-09,1.05306334902951e-07,6.77486689319596e-08,-1.46577833596882e-07,-9.93661062840992e-08,-3.04466954463373e-07,1.524736408259e-07,-2.3546154204182e-08,2.98942117937028e-10,-8.53452827365108e-07,1.32796347968992e-06,7.18403498981235e-07,-7.96762759126897e-07,4.91435245041182e-09,4.24101707414449e-08,-5.40170523381311e-08
"north_west","p_NC_weekend_50_64",-1.58056072623405e-09,4.32444174464896e-08,-2.17286875137377e-08,-6.61021500359487e-10,-6.29340081899367e-09,1.30109553878722e-09,-2.98057100029458e-09,5.33661303407939e-10,3.30288713322801e-09,-4.57024463047196e-09,4.83901595726387e-09,-2.69902335016061e-10,7.27479586364186e-10,-1.25430995843563e-09,1.6563089131771e-09,-1.55122128135668e-09,-2.68271291922469e-11,6.70298249679945e-10,1.32284008764904e-09,6.70961963624096e-10,1.21479051566094e-09,8.36964142507474e-13,3.34229128956642e-09,-7.53726309919769e-10,6.20336471906458e-09,-5.07642609751756e-10,-3.73367227539353e-10,3.08041025126736e-09,2.36448058509081e-09,6.41242440873046e-10,1.11853067789424e-09,-1.06869320386034e-09,1.44556265661546e-09,3.67622770646418e-11,3.48670545913327e-10,7.3684512918341e-10,-1.17533474354447e-09,1.84092087530036e-09,-6.14306463611635e-10,1.68065702665e-10,-5.19944338143482e-08,5.53038761390695e-07,5.66678723379707e-07,-3.69032671571362e-07,-9.10832682518305e-08,-1.42253510188887e-07,-1.2918599383436e-07,6.98795611072093e-09,-3.68357937287389e-08,7.53463048406336e-09,3.19973473249127e-08,-5.76146756865802e-08,8.33265046019227e-08,-2.302679083299e-07,1.28475800260486e-08,-7.7834599367226e-09,-1.10714617919653e-07,1.83224096487583e-10,2.98810746916507e-10,3.6042742225094e-10,5.58616278754241e-11,3.6240044669959e-10,3.12548596243049e-10,2.70631400205825e-10,1.14979001490577e-09,9.9211339573748e-11,2.8067534781627e-10,2.89754191547728e-08,-7.36465025151172e-07,1.66270013155223e-08,4.132188034448e-08,5.29445658095199e-08,-5.09581955591485e-08,-7.27526086164499e-08,4.46614342337702e-08,-6.00624865752617e-08,-3.55185798628523e-09,4.77356070552912e-10,1.68918179169022e-06,7.15274553661135e-07,2.9388281453224e-07,-2.73025480605131e-06,2.45563887597471e-08,-7.19162989191236e-10,-2.88984542803393e-08
"north_west","p_NC_weekend_65_79",1.09000097684473e-08,1.1087243603652e-08,-2.14183417661244e-07,4.56497750343432e-09,3.41551271777261e-09,-9.17460269884009e-10,2.49923779710689e-09,5.61898821481441e-10,-5.65493506119964e-11,3.02135179875919e-09,-9.02684721474165e-10,5.95659579295242e-10,6.56404514684489e-10,1.38351651622676e-09,3.7314447138562e-10,-4.70168886108959e-09,6.27065112545067e-10,-8.29178301358827e-11,2.85730951225245e-09,-4.99835943227133e-10,7.20477589658143e-11,2.18558034054173e-09,9.44074115887213e-10,2.77068065423224e-09,7.41935287925496e-10,3.31501793177187e-09,2.73380840334403e-10,2.1283026519804e-09,2.72741858662131e-09,4.02373784449372e-09,5.78329230611836e-10,4.16210578101718e-09,2.60691740543089e-09,-6.13799419344842e-11,-1.15571418366854e-11,3.74403639454046e-10,-9.52034535394313e-10,1.31969660933837e-09,4.35906484002843e-10,3.06544530519125e-10,2.43236678914869e-08,-1.40184947310068e-07,-2.43723398186612e-07,1.38557541904288e-07,-8.10172883547672e-07,-5.04771422443611e-08,3.50620672377224e-09,-6.69420525473745e-09,-5.77260176801137e-09,8.43121262472877e-09,-1.37383227936376e-10,-3.22294561064472e-08,-1.14990251470422e-08,1.50324884159455e-08,4.35539268631471e-09,7.15467603591403e-09,1.13083006071887e-07,3.29533020563025e-10,3.28790495298686e-10,3.0857720986735e-10,3.06163159603551e-10,5.56528915984735e-10,1.23970105983092e-10,2.82927255633808e-11,9.9211339573748e-11,7.59775690444872e-10,4.02217431083619e-10,5.28348324377575e-08,-8.19428165454101e-10,1.2702685390127e-08,-1.99298780742213e-08,-4.04072383611423e-08,-1.55791758183125e-08,3.07689658426369e-09,-1.60179012057222e-07,1.00500869406032e-07,-2.60078622539631e-08,3.2728677331182e-11,-2.00665327671834e-07,-2.57362619129213e-07,-5.7983526025099e-07,8.22561083004744e-07,-1.68052259529932e-09,1.88826925535046e-08,-6.89521414190575e-08
"north_west","p_NC_weekend_80_plus",8.6455258540831e-09,1.49406974073495e-07,-6.30052129346041e-07,1.87231473429546e-09,-1.72337335633226e-09,7.55988325675511e-10,1.50953120691785e-09,-4.22312670251557e-10,1.67910070673175e-09,3.25328670735572e-09,-9.32989010667597e-10,6.25397183672584e-11,4.37444257295505e-10,1.95387409772457e-09,-3.00562267965655e-10,-1.5622042230546e-08,3.46200241198936e-09,-2.07640737741278e-09,6.59308079806325e-09,3.83647559417831e-09,-1.09394417537451e-09,7.05472234445927e-09,-2.08240596353816e-09,1.33510627010064e-08,-2.32053734246124e-09,8.49489557810511e-09,1.22644301383335e-09,4.28697788463323e-09,8.89905098651331e-09,6.63954594891255e-09,4.17680698345947e-09,5.21804943413962e-09,1.35665191653259e-08,-8.35649600001627e-09,-9.35677243348912e-10,2.55079390006096e-09,-2.89599210682188e-09,8.78449628667807e-09,-1.11298619167058e-08,5.3115841742659e-09,7.62710413090192e-07,-2.88238772367032e-07,-1.32795314036105e-06,1.88673260870243e-07,-1.77726021393624e-06,-8.19889754414552e-08,-1.85680864497206e-07,-6.00632415548185e-08,5.08920564318941e-08,-2.21569458641179e-08,-2.04396377558901e-08,-9.41917113652988e-08,-4.38934613383796e-07,7.48877023027525e-08,-3.81033693844579e-08,9.16113125527596e-09,4.93291200050487e-07,6.8281836085222e-10,9.57253619347068e-10,1.04166652642184e-09,4.3110561768622e-10,2.2481414727938e-09,4.1143303703622e-10,2.56188249618116e-10,2.8067534781627e-10,4.02217431083619e-10,7.66509386290604e-09,-2.10901973829795e-07,4.04877702736688e-07,8.04071366230839e-08,3.78069886929121e-07,2.84590763027589e-07,-2.68107380510871e-07,3.02096547739848e-07,-1.85447979198186e-07,2.39506790387082e-07,-2.66815257931751e-08,-1.76719776520367e-09,-9.72816846166492e-08,-1.00062797784066e-06,-1.96115942237565e-06,-2.35283798733774e-06,3.09232984060209e-08,-2.86073979639494e-08,-1.72485619766279e-07
"north_west","p_W_D",3.04941010477183e-07,-7.304900672428e-05,-4.85355666486117e-05,-1.27121706153215e-06,6.43923256950336e-06,-2.73242790421689e-07,2.05133033429258e-06,-1.53960811341869e-06,8.80280479595009e-07,-1.81148797488326e-07,1.5803517695359e-06,5.31122951263499e-07,1.02571218072206e-06,1.99644866003546e-06,1.32841317059241e-06,-2.5092875405176e-06,-2.53931354976712e-07,1.04253968744414e-06,7.91966516426316e-07,-3.86029110086186e-07,9.03843031152461e-07,9.47087682912793e-07,7.13250644653611e-08,2.41804221528083e-06,-1.98972641311925e-06,2.03215996495061e-06,-7.75981169367137e-07,7.87966086513484e-07,1.50668874838158e-07,4.73731916582291e-07,-2.2158362151088e-06,2.31340143572934e-06,-1.06609525649592e-06,-2.50642652499024e-06,8.10386390611475e-07,-1.2692655454133e-06,2.49758028013353e-06,-1.86197760471176e-06,1.47388433445728e-06,-9.63943407082536e-07,0.000538081606570694,-0.000594506845924999,7.30810195680501e-05,0.000113702202780841,0.000504619610923168,-1.16333275486522e-05,0.00020550063312089,-7.9232550184103e-05,1.43737070978083e-05,1.87676041945385e-05,-2.73942005569868e-05,-2.10493603223584e-06,-9.08891831121552e-05,5.82321463423678e-06,2.34822981606052e-05,2.51735050359532e-05,5.07486432641314e-05,6.65938202567302e-09,1.22565989432031e-07,-2.83971742121699e-08,1.25975382807052e-07,1.70594185496398e-08,-1.66692249689277e-07,-1.10963405396481e-07,2.89754191547728e-08,5.28348324377575e-08,-2.10901973829795e-07,0.00161971252389713,0.000144506084196192,0.000120905473114729,-0.000183294883799359,-0.00010081561259969,0.000121093232237808,4.90118762033043e-05,-6.65351255813008e-05,2.97611049324747e-06,1.65454977617931e-05,-5.85497203401534e-08,-0.0040756223885168,-0.000303891534806759,0.000506206822478132,0.00209867424543182,-3.97036230126761e-05,1.21728803714671e-05,3.16030681726653e-05
"north_west","rel_p_D_alpha",-9.67128275991797e-07,-0.000196305428222599,0.000388523239366236,5.93741035717062e-06,1.13463864878768e-06,7.41463310685451e-07,-1.82672515712653e-06,3.99539714921542e-06,-8.03913840258936e-06,1.07352876114191e-05,-2.31163491268036e-06,6.1483083405686e-07,1.81412259521377e-08,2.48076947403149e-06,-2.43801655756275e-06,1.85718768557688e-05,1.76186422901423e-06,-1.68719170488809e-06,-2.59801550594549e-07,2.56249395744898e-06,-2.4000437222512e-06,1.84614386505964e-06,-3.41680565907186e-06,-4.89294280561739e-08,-5.47644691709916e-06,1.71887559674139e-07,-7.1988100546412e-07,-2.17535003998977e-06,-7.48275589789274e-07,3.02925882041607e-06,-8.83339958202313e-07,7.92941156450788e-06,-8.03049338091966e-06,1.77059415293063e-05,9.23155111934517e-07,-3.41168625889295e-06,7.48760567425689e-06,-8.43400527682945e-06,6.79477769952885e-06,-1.51052876031433e-06,0.000717185796037464,-0.000949237531297198,-0.00148254211921938,-0.000503386634714816,0.000434051989465494,0.000372836786631918,0.000558383889560601,4.33458826697007e-05,6.12870167601385e-05,1.22467440772603e-05,-0.000212066165820213,3.72286873578789e-05,-0.000510684315289074,0.000228976757717183,-2.4683936559687e-05,7.13544659083501e-06,-0.000238310718280712,5.24359301722493e-08,-2.45477478904888e-07,2.31433266303257e-07,-1.40255342504357e-07,7.38742566813181e-08,-2.91392870295902e-07,-5.73397066837029e-07,-7.36465025151172e-07,-8.19428165454101e-10,4.04877702736688e-07,0.000144506084196192,0.00639177978761223,-0.00077826053435036,-0.000172254468345278,-9.57840054408229e-05,0.000200943637937,0.000448288982054231,0.000628265401092727,-0.000408853896767031,6.06130743507624e-05,-8.0876422884379e-07,-0.00264292394628323,-0.00173803565638229,-0.00161397440741361,0.00128247213597245,-5.48352607987036e-05,8.31456265110027e-06,-2.76246036803995e-05
"north_west","rel_p_D_delta",-3.67717967298188e-06,3.38958063948669e-05,5.37828849711183e-06,-2.69930170902373e-06,2.4817505906055e-06,-1.1854787443737e-06,1.85170152049647e-06,-3.90457040251778e-07,1.45723211807931e-08,-2.0497648840939e-06,1.72751460758588e-06,-2.8266818045597e-07,2.84705903559324e-07,-9.36329574996546e-07,1.19530213713264e-06,-6.89329376478368e-06,-7.78106033675835e-08,2.89419876613433e-07,-2.01996259076908e-07,1.71106746540504e-06,-6.00846900454449e-07,9.69760846855557e-07,-7.52447413728809e-07,2.10882006436606e-06,-1.81476925040313e-06,1.85991279176738e-06,4.55550667100185e-07,-1.03131258897639e-07,4.23919196776998e-07,2.42443611374886e-07,-2.36446477132619e-07,-5.60718781284832e-07,2.59955899398117e-06,-6.30016177599981e-06,-1.99738135431738e-07,-1.76956768076598e-07,2.92774548245703e-07,-6.46092420520454e-09,-8.59042543867594e-07,1.11525339544062e-06,0.000123730439031268,-0.000167669130826217,0.00021333915976145,5.96756918032247e-05,0.000603172441387011,-6.13540654670706e-05,-4.85760627374563e-05,9.26407695389527e-06,5.38049511070203e-05,-2.01360080133397e-05,4.23560907961801e-07,1.10242481038458e-05,4.18761239175484e-05,6.93470136534027e-05,8.05115894283527e-06,-9.27937825701727e-07,0.000125942034495151,-2.44805780902014e-08,-1.12682991822268e-08,4.23443861354525e-08,1.04287702546177e-07,9.33075845048775e-09,-6.87918280399186e-08,-5.87053737945504e-09,1.66270013155223e-08,1.2702685390127e-08,8.04071366230839e-08,0.000120905473114729,-0.00077826053435036,0.000581682626101622,-0.00054920391320075,-1.29799551777292e-05,-2.76795206789047e-05,-3.0231301154159e-05,-3.18866004571387e-05,0.00011238581193504,6.90731606212824e-06,-4.66534125429602e-08,-0.00128250423928414,0.000317711125794619,0.00011121972875019,0.000800025912510511,-3.22902766292823e-06,-1.18859654391996e-05,8.02485478504301e-06
"north_west","rel_p_D_omicron",-1.83187466766197e-06,2.63844210146385e-05,4.59170722180668e-05,1.1592113136163e-06,-5.42295077243214e-06,3.39970263811104e-07,-2.04112675867931e-06,4.77978868129127e-07,-7.25285109659798e-07,4.84138311698938e-06,-5.61803387557126e-06,6.51356915816034e-07,-9.61204949811655e-07,1.30581810944657e-06,-1.69627297377982e-06,1.99751887429621e-05,8.52058203602302e-07,-7.34378735924768e-07,2.74577663085983e-06,-4.17518752940493e-06,9.45859389848866e-07,3.1257376561857e-08,6.99270620173695e-07,-1.33374095302008e-06,3.76979225754017e-06,-1.29398167434504e-06,-1.05629467141352e-06,1.32109381991281e-06,4.32850799814309e-07,5.60476447825059e-08,1.03557297380815e-06,9.39173523891528e-07,-2.0375020554252e-06,4.72936129784268e-06,2.44523067573722e-07,-2.80565624184212e-07,-6.15984827806835e-07,6.45869423230963e-07,7.95552213728049e-07,-4.90053103569973e-07,0.000115403488694224,0.000439668905835762,0.000171824255690219,0.000396071586421855,-0.00196285027775138,-0.000174284661808251,0.000103481973246871,-4.36823779113724e-05,-7.48095121853263e-05,1.35078158391622e-05,1.74033861631961e-05,1.29331671845148e-05,-0.000101334677734972,-0.000224671007182461,-1.19333886486292e-05,3.32059154017241e-06,-1.01755880395076e-05,1.44386102468556e-07,1.97715074511918e-07,1.31371218418221e-07,-2.32404842936371e-07,6.96041365629975e-07,1.89285421207332e-07,1.05306334902951e-07,4.132188034448e-08,-1.99298780742213e-08,3.78069886929121e-07,-0.000183294883799359,-0.000172254468345278,-0.00054920391320075,0.00214408292691587,-1.87801632470451e-05,-1.66833389336625e-05,0.000147207190497387,-4.11326485985626e-05,-5.93850632781071e-05,-4.06054701760642e-05,-5.23522531678895e-08,0.00192071085515392,-0.000293648447353201,-0.000377267942015982,-0.00121752343373961,9.32708958552417e-06,2.2143031542517e-06,-2.82869439590227e-05
"north_west","rel_p_H_alpha",2.06497203511106e-06,1.54810712462037e-05,-2.69764594119678e-06,-4.13993501085891e-06,-7.68027628013898e-06,1.68386391278535e-06,-1.88894842716245e-06,9.15251949951258e-07,1.72932730624103e-06,-2.34841770670139e-06,7.23445546374907e-07,-1.34928320627419e-07,1.7988817168549e-07,2.45004784872527e-07,5.77083071882539e-08,9.38519805866874e-06,6.30784487455475e-07,1.88726881773846e-07,7.59762749057374e-07,2.40678778826288e-06,-1.09227461512099e-06,8.01680099066808e-07,-1.19876663860878e-07,9.18117163537317e-08,2.40469391916041e-06,-4.21601033350022e-07,9.38090839131216e-08,-7.05155042067874e-07,1.92247905581816e-06,6.81443608882046e-07,2.45859487840692e-06,-2.12277505651018e-06,2.40016333428563e-06,2.052353370478e-06,4.63300593068844e-07,5.85070452265424e-07,-5.43607178255688e-08,5.69167803260421e-09,8.86220089442025e-07,6.74781298606709e-07,-0.000183696514484743,0.000419071499121372,0.000194025265172314,-0.000117491171344256,8.77277738105479e-05,-0.000148740756058254,-0.000267439029421964,-2.25680322253309e-05,-3.25380168412556e-05,9.55027327088959e-06,7.89837695615561e-06,-9.85942082469979e-05,-0.000138203822361148,-5.28804114044131e-05,4.80877931127898e-08,-8.08718219401183e-06,-7.55416888809874e-05,-6.09768081558995e-08,-1.47585311098212e-08,-2.32232049622192e-08,-6.18502471042152e-08,2.14298849667691e-07,1.56342480197434e-07,6.77486689319596e-08,5.29445658095199e-08,-4.04072383611423e-08,2.84590763027589e-07,-0.00010081561259969,-9.57840054408229e-05,-1.29799551777292e-05,-1.87801632470451e-05,0.000768648118515012,-0.000466633102323051,4.10456480624224e-05,-0.000198617193210423,0.000156364915136799,-4.45980630249814e-06,3.40591497467344e-07,-0.000402886591960553,0.000426338617383716,-0.000466090614732989,-0.00287136347543273,6.60150681995476e-06,-1.27669707515078e-05,-3.58839771139303e-05
"north_west","rel_p_H_delta",-2.91367962574293e-06,-1.4637919173192e-05,7.39711652342138e-05,2.17112050322226e-06,5.13580965449891e-06,-3.4880420905289e-07,8.74306275456479e-07,-4.37730294241037e-07,-3.99840528220394e-07,1.91170413207514e-06,-4.90568734209743e-07,2.00616053584891e-07,3.4765607878055e-07,4.03927495024378e-07,-2.87558577282698e-07,-3.44349557979356e-06,2.01280935198029e-07,2.83815321639952e-07,-1.35770325912623e-06,-2.04223867233628e-08,2.07820199825608e-07,8.37472752653545e-08,-9.33002383088217e-07,6.88976330893028e-07,-3.03831973808935e-06,1.60282757182443e-07,-1.47052722425015e-07,7.69823566403668e-09,-1.69238442270644e-06,-7.33454063795239e-08,-1.67677102693611e-06,1.52574669921649e-06,-2.00313649357991e-06,2.00264290141163e-07,-5.43381574031622e-08,-4.78878634791158e-07,3.34883894487886e-07,-9.9467210958012e-08,9.31747224237186e-08,-1.64514243943839e-07,-0.000212827543257045,-0.000459268330471582,-8.32035445229419e-05,-0.000154379641377087,9.7618909892475e-05,0.000119258126665493,0.000230604592471379,-2.02628250410344e-05,-1.3727853064371e-05,4.40677787876907e-06,-1.06815061873451e-05,1.2726945357421e-05,-0.000114307841335374,8.48747145588706e-05,2.34423684033105e-06,4.21240584646578e-06,4.56340870513548e-05,-7.48562810371375e-08,-3.73051143432775e-08,1.26816076923951e-09,2.07020008784402e-08,-3.149201503516e-07,-1.12683468011538e-07,-1.46577833596882e-07,-5.09581955591485e-08,-1.55791758183125e-08,-2.68107380510871e-07,0.000121093232237808,0.000200943637937,-2.76795206789047e-05,-1.66833389336625e-05,-0.000466633102323051,0.000504382686278168,5.137533944864e-05,0.00028059335037527,-0.000256659302285331,2.03479298726284e-05,2.34723003031506e-08,-0.00043228534354864,-0.00050880844862803,-0.000129356041599151,0.00170513014449231,-8.13356762687528e-06,3.91601070269314e-06,1.93652068492309e-05
"north_west","rel_p_H_omicron",-8.99357470422236e-06,4.01368001221365e-05,-1.26169737959211e-05,-1.13761551102352e-06,-3.99963174578048e-06,1.03282336471e-06,-6.08247043801559e-07,-5.96423413254385e-08,-1.37389332151909e-06,4.92789270570167e-06,-3.27340736820175e-06,7.73831646667485e-07,-7.93894544035804e-07,1.65605047966942e-06,-1.13789123285601e-07,1.62462674798736e-05,3.12393531390457e-07,2.64325159670026e-07,-1.62199080804847e-06,6.36007950589629e-06,-2.43339093757531e-06,2.53681963868979e-06,-2.046802578246e-06,2.42325099259745e-06,-2.94608943196398e-06,2.54431350918466e-06,-1.19546072741792e-06,2.14897939072298e-06,1.86508034099579e-06,2.19988792859751e-07,2.28403881127185e-06,1.88680402640266e-08,1.95696895020446e-06,3.44760715539691e-06,4.29006239119082e-07,-2.4360772915686e-07,7.04727969129144e-07,-2.08299923493806e-06,3.17187097202961e-06,-1.82673138315519e-06,0.000593183097582371,9.86538905313196e-05,-0.000621891720190809,-3.29884958483388e-05,6.2074916432787e-05,-6.27340952508608e-05,-2.81571409101342e-06,-5.1021565118149e-05,4.34647334154697e-06,-2.87923990848596e-05,-2.02067397788829e-05,1.31163911083305e-05,-0.00109524624821629,0.000122616953723608,-9.90013627590737e-06,9.03332301659402e-06,5.10610534723014e-05,1.29347768621318e-07,8.61056039718419e-08,2.27965597670733e-07,7.78429379368145e-08,3.50950861012463e-07,-9.18460421909869e-08,-9.93661062840992e-08,-7.27526086164499e-08,3.07689658426369e-09,3.02096547739848e-07,4.90118762033043e-05,0.000448288982054231,-3.0231301154159e-05,0.000147207190497387,4.10456480624224e-05,5.137533944864e-05,0.00110545709980853,-8.5794440496804e-05,4.10565885019306e-05,2.99338500012431e-05,-2.67119234155289e-07,-0.000180950867661984,-0.000986140615449996,-0.00191561355098363,-0.000866324624394736,-1.61863373577958e-05,-1.94688757196248e-05,-5.26677077104006e-05
"north_west","rel_p_ICU_alpha",-3.04636131690655e-06,1.32416142538798e-05,0.00101711994582844,-3.97495609273774e-06,-1.0008798611597e-05,6.14397113623899e-07,-2.05728488408647e-06,2.63357914675615e-06,-2.78839349581725e-06,-1.02330720173703e-06,3.45246037678539e-06,2.80800159281932e-07,1.01699308254186e-06,-2.8594861263852e-06,1.75669914880953e-06,1.19358931121359e-05,1.3072252639353e-06,5.92803293073785e-07,-2.77114187828534e-06,7.29546464015801e-06,-2.02810686786761e-06,9.08430932508617e-07,-1.2013517997621e-06,1.86163396127591e-06,-1.89595361615024e-06,-3.47095604385749e-07,8.68965731556865e-07,-2.43238843392702e-06,1.1076075887675e-06,5.27639128993768e-08,7.28775984429413e-07,3.9826636371712e-07,-1.17598883087557e-06,4.33599419526588e-06,-1.34623300388922e-07,-1.58831953197669e-06,3.32103751516404e-06,-3.1995072475529e-06,2.40296269998197e-06,1.77458588838669e-06,-0.00174972528884203,8.76405020301333e-05,0.00256419270098114,-0.000277190706525726,0.00273383777204981,0.000214260131133843,0.000413674263606435,0.000128985270005722,4.56819776771191e-06,1.42606381696691e-05,-2.25426862384663e-05,-1.20828692724238e-05,2.36553532454605e-05,-0.000140730515978989,5.68298735950591e-06,-5.38088371530809e-05,1.27348727383616e-05,-3.41652304253002e-07,-2.45463552158507e-07,1.36066622123696e-07,-1.03425211416522e-07,-6.676886907464e-07,-4.83366219145784e-08,-3.04466954463373e-07,4.46614342337702e-08,-1.60179012057222e-07,-1.85447979198186e-07,-6.65351255813008e-05,0.000628265401092727,-3.18866004571387e-05,-4.11326485985626e-05,-0.000198617193210423,0.00028059335037527,-8.5794440496804e-05,0.00208667766208475,-0.00106995384874458,7.50975123642898e-05,4.55631559211882e-07,-0.0024839956764125,0.00130404526077998,-0.00015195395201385,-0.00297623207759874,-2.13164844782805e-05,-2.52848486847093e-05,1.04932132259366e-05
"north_west","rel_p_ICU_delta",8.50616788363093e-07,-8.67030868512345e-06,-0.000522161838915788,2.37161677809201e-06,5.0329686300476e-06,-8.76670334715773e-07,2.19881464768997e-06,-1.61382116823529e-06,1.19974821745605e-06,2.34284377972865e-07,-1.35152424571513e-06,-2.36803559874669e-08,-6.82333167942845e-07,1.85431044412646e-06,-8.01641266547953e-07,-1.23168118048574e-05,-4.92091818063921e-07,-7.12890717920031e-07,2.62965882873954e-06,-4.40344016989394e-06,9.98268396163157e-07,-2.22145492575401e-07,1.12183343001449e-07,-4.13565447851135e-07,4.99236831227016e-07,9.30953990248117e-07,2.7913840275096e-07,6.84608737898542e-07,1.41654603088665e-07,-5.56545099440547e-07,5.10554884148484e-07,-6.4949900012323e-07,1.78764974783359e-06,-3.30122195770776e-06,-4.4738137086862e-07,1.06762130131687e-06,-1.06393988725109e-06,1.24141744817273e-06,-1.81177828791081e-06,-2.92044514853357e-07,0.000979537335717207,7.57968702883219e-05,-0.00138302551330497,0.000453556998733088,-0.00131553636738608,-0.000112399822780406,-0.000318901491300307,-2.53705981809471e-05,3.72014695928091e-05,-1.23533890893799e-05,1.0889427185254e-05,1.12325603889258e-05,1.5085362315859e-05,8.22382457908023e-05,-8.63467343476e-07,1.64776016753844e-05,-5.4765675067553e-06,2.37475372161561e-07,1.6326620353246e-07,1.52806506390973e-08,9.56681415080577e-08,2.71005702070479e-07,-5.81007337093488e-09,1.524736408259e-07,-6.00624865752617e-08,1.00500869406032e-07,2.39506790387082e-07,2.97611049324747e-06,-0.000408853896767031,0.00011238581193504,-5.93850632781071e-05,0.000156364915136799,-0.000256659302285331,4.10565885019306e-05,-0.00106995384874458,0.000761194504571353,-5.88555025849722e-05,-2.85087067162615e-07,0.000999717619550227,-0.000374901289077775,-7.69330189405478e-05,0.00141181247186549,1.17200010590208e-05,1.24457585558795e-05,-1.36348855272134e-05
"north_west","rel_p_ICU_omicron",-1.71917606402885e-06,-4.39944891543338e-06,7.21183577840012e-05,-3.56029071732475e-07,-4.18880938206452e-07,-1.36236304913572e-07,2.5996338727018e-07,-4.63199315364893e-08,-8.33293807320406e-08,-1.53734482455302e-07,3.45349853283267e-07,2.62900789403302e-08,2.02594596750133e-07,-5.80310654317934e-09,8.82520798899475e-08,1.44384928905903e-06,1.27343460428568e-07,5.56776650286072e-08,-1.09029027977575e-07,3.05770354395566e-07,3.25988416699436e-08,4.28299950227386e-08,-8.39959118580159e-08,3.00372454285363e-07,-3.44641396432086e-07,-4.63646566148191e-09,-6.82384437856434e-08,1.01944504657866e-07,-4.24007224572984e-08,-1.90346033527105e-07,1.23605321004651e-09,-2.21904775445384e-07,3.51704260246586e-08,-4.64556827750011e-07,6.52626972593573e-08,-6.08968564058562e-08,9.10301570320985e-08,-1.89224138912316e-07,2.72866835015646e-07,8.12220030637825e-08,-2.71680626694266e-05,-5.50199533961032e-05,0.00012457720871863,-5.3968143014935e-05,0.000335314749881702,2.42293856733011e-05,2.55160099141233e-05,-1.84127039799274e-06,2.96638871202253e-06,1.9932310815972e-06,-2.94326570865705e-06,-2.25576972353515e-07,-4.44249072548735e-05,1.44635148694297e-05,2.05648778475936e-07,-1.16339399226883e-06,1.28302007015741e-06,-3.58129428125771e-08,-6.34386716719322e-09,5.63443146043078e-09,-1.4023137953129e-08,-1.01430875150514e-07,-4.29674514746383e-09,-2.3546154204182e-08,-3.55185798628523e-09,-2.60078622539631e-08,-2.66815257931751e-08,1.65454977617931e-05,6.06130743507624e-05,6.90731606212824e-06,-4.06054701760642e-05,-4.45980630249814e-06,2.03479298726284e-05,2.99338500012431e-05,7.50975123642898e-05,-5.88555025849722e-05,2.84568476432333e-05,2.84520160858183e-08,-0.000600526022444011,-1.39457055219446e-06,-5.45103883192308e-06,-0.000120145331286905,-6.67229634750619e-06,2.51305323508564e-07,4.46640463809976e-06
"north_west","rho_pillar2_tests",-5.42910654816666e-09,5.05539597847654e-08,4.40893612291029e-07,-2.09498680009578e-08,-5.52088126082463e-09,4.03538540745851e-09,-4.97831116935366e-09,5.12826383130945e-09,3.05923764341117e-10,-8.84881292118988e-09,7.04021921874059e-09,-8.293486343422e-10,2.22288735950358e-09,-2.90106811878171e-09,2.16999375921291e-09,-2.66338550513528e-08,-2.78001936756141e-09,4.06805839075271e-09,-7.39590676504045e-09,-2.17585675511513e-09,-3.69150364560816e-11,-4.35316954651578e-09,1.61751474047324e-10,-6.24017503751022e-09,4.02753600861971e-09,-9.40402231710339e-09,9.64582185231541e-10,-2.69828823146797e-09,-5.33481601375229e-09,-9.7259548710549e-09,3.5409024082548e-09,-1.04543210706009e-08,-7.21063651967733e-09,7.51652280598759e-09,8.73897880211638e-10,-4.72159902250066e-10,-2.37480717586925e-09,1.18473705151367e-09,1.05497466130546e-09,-1.41941445130979e-11,-1.17701239931303e-06,9.96384943497886e-07,2.74753224672767e-06,-4.64417080127236e-07,1.96108573318854e-06,-2.89762192272415e-07,-2.24220381511609e-07,-1.47542893780714e-07,-7.42781769052683e-08,6.99166454423314e-08,3.19367578378264e-08,-1.01612359160204e-07,8.55343761235435e-08,-9.03928207730591e-07,2.20586929679741e-08,-2.85208211982662e-08,-4.76112827520328e-07,-6.09134411312191e-10,-4.19878529066583e-10,-1.10579735491897e-09,-6.70757290775961e-10,-2.95411276044618e-09,-4.77174675205963e-11,2.98942117937028e-10,4.77356070552912e-10,3.2728677331182e-11,-1.76719776520367e-09,-5.85497203401534e-08,-8.0876422884379e-07,-4.66534125429602e-08,-5.23522531678895e-08,3.40591497467344e-07,2.34723003031506e-08,-2.67119234155289e-07,4.55631559211882e-07,-2.85087067162615e-07,2.84520160858183e-08,1.0111140542748e-08,-1.80583944022047e-06,2.49967863429246e-06,3.75743647812815e-07,-3.32869300113714e-06,1.32816714632244e-08,5.59460138882316e-08,5.83385650127289e-08
"north_west","seed_date_alpha",-6.66914580371069e-05,0.00170339728978737,0.000141607288116946,1.72040101690834e-07,-6.82630249964363e-05,-2.2275804575182e-05,-3.5116998661505e-05,4.04759475291084e-05,5.59249891719464e-06,5.53719378292202e-05,-1.60343106450238e-05,-7.39380450332556e-05,-8.95797434600085e-05,-0.000150813679593473,-0.000100908686359402,0.000235517374154361,-0.000102647753240793,-7.69194867275341e-05,-0.000137876961323853,-8.85037683112381e-05,-6.70758280577258e-05,-0.000148741547283499,-8.01295131510912e-05,-0.000158082018350245,-0.000146629456100018,-0.000154604601112997,-1.47560365352419e-05,-0.000131149996880111,-0.000172363746434544,-0.000168114526318823,-2.86176621758072e-05,-0.000125302452238553,-1.68147398058501e-05,-0.000267806246581596,-6.68633094412036e-07,-1.98344627843247e-06,-7.94956046093518e-06,-1.06728516148967e-05,3.97751980948353e-05,-1.54004877555013e-05,-0.00257190734317778,-0.00198601945835918,-0.0062535790438864,-0.0124346358823296,-0.0164631392058113,-7.09910383996058e-05,-0.000897766380568901,-0.000773004226818019,-8.73934453669546e-05,-0.000212512969120651,0.000196017727512838,0.00055911701862277,-9.28796093083256e-05,-0.00114411287835456,-0.000159437418117619,-2.31743177243895e-05,-0.00128628462224088,-3.94532981031617e-06,-2.93633384463561e-06,-2.57411050712564e-06,-1.89962668093907e-06,6.56710368172877e-06,1.14726610525791e-06,-8.53452827365108e-07,1.68918179169022e-06,-2.00665327671834e-07,-9.72816846166492e-08,-0.0040756223885168,-0.00264292394628323,-0.00128250423928414,0.00192071085515392,-0.000402886591960553,-0.00043228534354864,-0.000180950867661984,-0.0024839956764125,0.000999717619550227,-0.000600526022444011,-1.80583944022047e-06,0.583265838619129,-0.0123154744359463,-0.00818803551063551,-0.0108774691132492,0.00500979755471101,-0.000540319356483203,0.000191795738334047
"north_west","seed_date_delta",7.73005486968566e-06,-8.71415852916185e-05,0.000470339020604817,-2.11119506042166e-05,-1.58461127934122e-05,-5.07229720309536e-06,-8.90277476836452e-06,1.27727973637317e-05,-4.43789916416613e-06,-1.99337145576086e-05,2.61972651855365e-05,3.91263923671501e-07,2.34013225536542e-06,-8.82409851712953e-06,2.55794379550208e-05,-0.000114517864384101,-1.20926706855788e-05,-1.79514516889512e-05,3.74171742577255e-06,-1.42656233055834e-05,-7.94919549247957e-06,-2.60397124343747e-05,-2.61097087250096e-06,-2.76832865185794e-05,-5.4187313548019e-06,-1.83229965706576e-05,9.87918914357878e-06,-2.68033203032091e-05,-1.35326031839409e-05,-2.48415589122721e-05,-5.60178800883027e-06,-1.18400355953307e-05,-4.08742712550189e-05,5.25127456568602e-05,-4.17166016847262e-06,5.30868506049458e-06,-4.21756115445331e-06,4.14170210483223e-06,-1.48840061473542e-05,1.87182770101531e-05,-0.00377634308564398,0.00271629822905289,0.00606900527883954,0.000311530921246935,0.00451339165740222,-0.000528402829333894,0.000599687415571789,0.000317615415080687,6.78158525917597e-05,0.000185908370523062,0.000111890065968385,-8.63656628965723e-05,0.00116196005301091,5.36659664862336e-05,9.30011533728104e-05,-6.24247135083807e-05,0.00058684527266001,-1.95040631297511e-07,-6.21078428439002e-07,2.51626256206607e-07,-5.93301979186938e-07,9.86382229651284e-07,5.62129076974509e-07,1.32796347968992e-06,7.15274553661135e-07,-2.57362619129213e-07,-1.00062797784066e-06,-0.000303891534806759,-0.00173803565638229,0.000317711125794619,-0.000293648447353201,0.000426338617383716,-0.00050880844862803,-0.000986140615449996,0.00130404526077998,-0.000374901289077775,-1.39457055219446e-06,2.49967863429246e-06,-0.0123154744359463,0.0528070682969684,0.00431288403825426,-0.0102332502623224,-7.3528626187024e-05,0.000794052938043231,1.0331834388066e-05
"north_west","seed_date_omicron",5.64686825593512e-05,-0.000652031350962827,-5.03734933249336e-06,-1.0755522317082e-05,4.5366635248389e-05,-2.8875512218427e-06,9.58147533185374e-07,2.10982087094708e-06,1.94091745960724e-07,-2.96190435905703e-05,3.27412482544319e-05,-7.24959704444793e-06,7.50237099398975e-06,-1.18523964129443e-05,7.37464181860084e-06,-7.3721912837781e-05,-4.13060678236072e-06,-1.71211790153751e-06,6.74234360577981e-06,-2.88399792058558e-05,1.43847571860794e-05,-1.66492423828704e-05,1.64151989318646e-05,-2.05207697868471e-05,1.53156623192908e-05,-1.55611325158954e-05,3.50643256896333e-06,1.8441151628411e-06,-6.02579832333502e-06,-7.10981362406165e-05,-3.60004393546101e-05,-3.14027404773108e-05,-6.70289105744377e-05,-3.06934357950861e-05,-4.87170393054475e-06,7.55313778011347e-06,-8.90938886156058e-06,7.52770410578563e-06,-1.32269946380316e-05,6.52147813866381e-06,-0.000730432401926368,-6.68014121726817e-05,0.00370994944440705,0.000213935926716607,0.000449430828850718,0.00140987249223578,0.000603420997755168,-7.80866142567877e-05,-8.66547992031207e-06,0.000125554443200546,6.92663020109602e-05,8.6844837692493e-05,0.00219114183223768,-0.00177283479099576,6.78841474715547e-05,8.66258358567887e-07,-0.000252484796263555,-5.97455065936504e-07,-1.27387399330056e-06,-1.49854992667137e-06,-1.70854022446523e-07,3.99076052276157e-07,-1.49692182699971e-07,7.18403498981235e-07,2.9388281453224e-07,-5.7983526025099e-07,-1.96115942237565e-06,0.000506206822478132,-0.00161397440741361,0.00011121972875019,-0.000377267942015982,-0.000466090614732989,-0.000129356041599151,-0.00191561355098363,-0.00015195395201385,-7.69330189405478e-05,-5.45103883192308e-06,3.75743647812815e-07,-0.00818803551063551,0.00431288403825426,0.0421081066817466,0.0134790993811028,-1.89440754010783e-05,8.16324630890331e-05,0.00155818146280792
"north_west","start_date",0.000121206561264583,-0.00244343676519801,-0.000833960295492997,-3.98699813329713e-05,0.000680426765597549,-7.16767250887165e-06,1.33145813026647e-05,-2.08125337350239e-05,1.2311561118807e-06,3.38136361164081e-05,-6.32049697521518e-05,5.70890215657732e-07,8.06177127251343e-06,-1.09191650129924e-05,6.16556888598914e-06,-0.00032855005764984,-2.39164620804988e-05,1.05452517109957e-05,-2.50658643751507e-05,-7.52187691304257e-05,4.32555176468883e-05,-4.58720186109198e-05,2.14024692983676e-05,-3.77530617382983e-05,-2.83342464498992e-05,-1.70392641402172e-05,1.18569830647903e-05,8.70173026538757e-06,-5.52184173006081e-05,-1.41072883281156e-05,-5.32592270400854e-05,-1.05499024924344e-05,-3.81112501679799e-06,-0.000165547688132156,-9.19238710990202e-06,1.60032608248662e-05,-1.68257396152602e-05,-2.0384521085819e-05,2.92728239900187e-05,-2.42667700900617e-05,0.0112001794691637,-0.0156889872145601,-0.00657044582715725,0.00385462597608301,-0.00919312748261895,0.00371962690178936,0.000758272936840315,-0.000376612154706292,0.000265620698888584,0.00035575314958827,-0.000292342645879062,0.000651202717256004,0.00104079454432383,0.00103900247886076,6.88239987897721e-05,0.000158420192795597,0.00067152656766345,-1.10617538663268e-06,-1.67280089283408e-06,-1.30590904170685e-06,1.00727835226933e-06,3.20369171398123e-06,-3.51172484087264e-06,-7.96762759126897e-07,-2.73025480605131e-06,8.22561083004744e-07,-2.35283798733774e-06,0.00209867424543182,0.00128247213597245,0.000800025912510511,-0.00121752343373961,-0.00287136347543273,0.00170513014449231,-0.000866324624394736,-0.00297623207759874,0.00141181247186549,-0.000120145331286905,-3.32869300113714e-06,-0.0108774691132492,-0.0102332502623224,0.0134790993811028,0.239435235413082,-0.000220521885657365,0.000272177028226656,0.00104753409008621
"north_west","ta_alpha",-1.07028701176738e-07,2.30877559392576e-05,-5.8122473984841e-06,-4.57636554791644e-09,-9.02561662514263e-07,-4.56754583673356e-08,-7.81759784501864e-08,-6.94682546077303e-08,3.72234165553798e-07,4.44510422618378e-08,-1.3833115318464e-07,-8.0673055269381e-07,-8.31054968436725e-07,-1.42380213079359e-06,-8.91767078524455e-07,1.86593933586801e-06,-9.38322016084445e-07,-7.109858823294e-07,-1.26686461929748e-06,-8.71683877999287e-07,-5.83932658172003e-07,-1.34638893524557e-06,-6.85163104612204e-07,-1.5340907173375e-06,-1.1584545172462e-06,-1.41881618851968e-06,-1.38939864769177e-07,-1.22563263703401e-06,-1.48095619531866e-06,-1.55192247533223e-06,-1.74084403373259e-07,-1.13828945555941e-06,-1.65416682408107e-07,-2.42593010065517e-06,3.04294914646049e-09,3.89507274168039e-08,-1.56923227327771e-07,4.18863735211865e-08,1.7333492546859e-07,-1.15651648792385e-07,-3.47342936167818e-05,-4.84976209846544e-06,-4.89703224718517e-05,-9.73948832847326e-05,-0.000164188088643383,3.42658087238267e-06,-1.71449455017907e-05,-1.01066679205418e-05,-1.94731580615752e-06,-2.66753038363651e-06,3.27616380929886e-06,8.90468386809017e-07,7.80866934645485e-06,-1.07119601474214e-05,-2.90658367718033e-07,-8.14848716302491e-07,-8.78411752903388e-06,-2.34723534077524e-08,-1.2282937001314e-08,-1.19201286410426e-08,-5.30243870073704e-09,8.10812346891476e-08,2.69202107665017e-08,4.91435245041182e-09,2.45563887597471e-08,-1.68052259529932e-09,3.09232984060209e-08,-3.97036230126761e-05,-5.48352607987036e-05,-3.22902766292823e-06,9.32708958552417e-06,6.60150681995476e-06,-8.13356762687528e-06,-1.61863373577958e-05,-2.13164844782805e-05,1.17200010590208e-05,-6.67229634750619e-06,1.32816714632244e-08,0.00500979755471101,-7.3528626187024e-05,-1.89440754010783e-05,-0.000220521885657365,5.00446552139686e-05,-6.34617640310756e-06,8.4141660361667e-07
"north_west","ta_delta",-8.8806808096542e-08,-1.00173426024898e-05,7.15296454472523e-06,-5.65387206362339e-07,1.24572389179737e-06,-5.81096880890518e-07,5.79426846818724e-07,1.86948175793545e-07,-2.01015277168525e-07,-2.47275298264712e-07,2.14597989093017e-07,5.78568063466245e-08,1.14627367938589e-07,8.79544470506903e-07,-6.3884591710958e-07,-6.38737485347397e-06,-8.78942289671754e-07,-8.64493545694219e-07,-3.26274350574263e-07,-1.5926425336664e-06,-4.21941110851093e-07,-1.42261582459834e-06,-6.86459712948535e-07,-1.19808693582695e-06,-1.2676232194324e-06,-1.31317266429134e-06,4.09830078694622e-07,-1.21511684046589e-06,-1.48832736542336e-06,-1.37618197851775e-06,-7.06413859964956e-07,-5.75941114153897e-07,-1.37660650990522e-06,-6.22627928691147e-07,-1.87105421903515e-07,2.0750527998967e-07,-2.17022614599191e-07,7.43624304401212e-08,-3.56531676235209e-07,3.72264436571154e-07,-3.30779978358563e-05,-6.54033088476093e-05,-7.3031709683333e-06,-9.06580227641619e-06,3.38910381239133e-06,3.90968995370512e-06,5.67707945139827e-06,-1.81588969125071e-05,5.56140590066485e-06,4.88768164983296e-06,-2.32568521464812e-07,3.31128732825117e-06,1.88434152960777e-05,1.11886090479253e-05,4.19080723517699e-06,7.75719428186372e-07,3.98176410250774e-05,9.0700080806501e-09,1.39747867955449e-08,9.75041261399301e-09,-1.48017135265004e-08,4.507871203714e-08,4.82962644007818e-09,4.24101707414449e-08,-7.19162989191236e-10,1.88826925535046e-08,-2.86073979639494e-08,1.21728803714671e-05,8.31456265110027e-06,-1.18859654391996e-05,2.2143031542517e-06,-1.27669707515078e-05,3.91601070269314e-06,-1.94688757196248e-05,-2.52848486847093e-05,1.24457585558795e-05,2.51305323508564e-07,5.59460138882316e-08,-0.000540319356483203,0.000794052938043231,8.16324630890331e-05,0.000272177028226656,-6.34617640310756e-06,5.04688263627611e-05,3.19535232330465e-06
"north_west","ta_omicron",1.07359173766647e-06,-2.82630265661268e-05,3.17936720310564e-05,-1.14368753977958e-06,2.64472612437017e-06,-1.23426877454202e-07,-4.69087647645837e-07,1.01033958846804e-07,-2.94215115684055e-07,-1.27497987442624e-06,7.56174559962885e-07,-4.7107187428129e-07,1.51936261225594e-08,-6.12171806198641e-07,-3.44726298517978e-07,-1.47117140724794e-06,-5.23736836065642e-07,-1.33853791223364e-07,-1.01911512173068e-06,-1.17437692643094e-06,2.3138425946235e-07,-1.40731756060729e-06,-1.86984948839101e-07,-1.7608376998247e-06,-2.32913334511058e-07,-2.47355144821154e-06,-9.32860636180136e-10,1.46497176328128e-07,-2.78468858561403e-06,-4.75233554134415e-06,-2.08062239448401e-06,-2.888556054744e-06,-2.82061026974574e-06,-4.97464096440879e-06,-2.08854000313944e-07,2.16283137252275e-07,-5.61735129234461e-07,-2.04501262402807e-09,-1.3479341227246e-07,-2.02093745228926e-07,-2.90756689306446e-05,-0.000129962438635894,0.000130197311791794,-6.24073560182792e-05,0.00012626029050681,4.62156036324206e-05,3.46248367642881e-05,-5.48405737109369e-06,1.0722061161845e-06,-1.6230360014365e-06,-8.95097921008566e-07,2.10301394124345e-05,6.24240791962881e-05,-7.61481626872965e-05,2.08614619126651e-06,1.83536856164522e-09,-1.34998111437049e-05,-1.18286584159589e-07,-1.72753357660584e-07,-1.7296605288837e-07,-6.86328890842672e-08,-1.88827301829531e-07,-7.29413735860576e-08,-5.40170523381311e-08,-2.88984542803393e-08,-6.89521414190575e-08,-1.72485619766279e-07,3.16030681726653e-05,-2.76246036803995e-05,8.02485478504301e-06,-2.82869439590227e-05,-3.58839771139303e-05,1.93652068492309e-05,-5.26677077104006e-05,1.04932132259366e-05,-1.36348855272134e-05,4.46640463809976e-06,5.83385650127289e-08,0.000191795738334047,1.0331834388066e-05,0.00155818146280792,0.00104753409008621,8.4141660361667e-07,3.19535232330465e-06,9.48772186808149e-05
