"region","name","alpha_admission","alpha_D","alpha_death_hosp","alpha_H","beta1","beta10","beta11","beta12","beta13","beta14","beta15","beta16","beta17","beta18","beta19","beta2","beta20","beta21","beta22","beta23","beta24","beta25","beta26","beta27","beta28","beta29","beta3","beta30","beta31","beta32","beta33","beta34","beta35","beta36","beta4","beta5","beta6","beta7","beta8","beta9","mu_D","mu_D_2","mu_D_3","mu_D_4","mu_D_5","mu_gamma_H","mu_gamma_H_2","mu_gamma_H_3","mu_gamma_H_4","p_G_D","p_G_D_2","p_H","p_H_2","p_H_D","p_ICU","p_ICU_2","p_ICU_D","p_NC_15_24","p_NC_25_49","p_NC_50_64","p_NC_65_79","p_NC_80_plus","p_NC_weekend_15_24","p_NC_weekend_25_49","p_NC_weekend_50_64","p_NC_weekend_65_79","p_NC_weekend_80_plus","p_W_D","rel_p_D_alpha","rel_p_D_delta","rel_p_D_omicron","rel_p_H_alpha","rel_p_H_delta","rel_p_H_omicron","rel_p_ICU_alpha","rel_p_ICU_delta","rel_p_ICU_omicron","rho_pillar2_tests","seed_date_alpha","seed_date_delta","seed_date_omicron","start_date","ta_alpha","ta_delta","ta_omicron"
"north_west","alpha_admission",7.92577149990999e-06,3.06285292266638e-06,2.60050887281535e-07,2.76001032479323e-07,7.91292069503934e-07,1.40736817865544e-07,-4.85646971513095e-07,2.22647392912805e-07,-1.55809649710129e-07,6.31473851764115e-08,3.30997064886783e-08,1.88973115878642e-08,-8.32613264072405e-08,5.25070355341909e-08,-1.52165792050488e-07,1.04576844715819e-07,1.27003618911596e-08,-2.28937144975852e-07,3.41168659107495e-08,-2.42591301666544e-08,-1.43994764786012e-07,-1.18733276160003e-08,-1.25504837610486e-07,-1.84285407919932e-08,3.18501174044439e-08,-3.6060085222004e-07,2.55595632097878e-09,2.02987158804522e-07,-3.82231665127045e-07,2.47270930592191e-07,-2.53558224077232e-07,1.91236080876443e-07,-1.45693961027337e-07,2.98552780388371e-07,-4.49951242312045e-08,-1.60604933639598e-08,8.12028977054998e-08,2.43681675169991e-07,-3.90033094242811e-07,-4.66932967671934e-08,1.20358097335701e-06,3.87776511554889e-06,3.04247287762142e-06,7.76736260001154e-06,3.7913214378698e-06,-3.85157404861737e-07,-5.53821949879633e-06,1.49354830171498e-06,2.21576176758393e-05,4.58883365232504e-06,6.28394483698413e-07,6.10749218276181e-07,-5.98034029817668e-06,-2.59368326636645e-07,1.56012067542406e-06,3.27782666392613e-07,-1.34013922789276e-05,2.36140905995325e-09,2.32846523278464e-08,-3.03401155690039e-09,2.78471275812682e-09,6.69508113948282e-08,4.80832421871516e-09,1.77175409451051e-08,-1.01214521957968e-08,2.06006031985064e-09,1.08275387830971e-08,-6.55342991762406e-06,-1.18405268535187e-05,-1.75398216869888e-06,6.48954636047703e-06,-2.26583370871369e-06,-4.90276547457118e-06,7.11178440831403e-06,1.74347771304995e-05,-1.66552309260032e-05,6.9575095406484e-06,-6.82168958976882e-08,0.000130152373765524,3.77684769512392e-05,-0.000102472689718051,0.000266311229859152,1.48034299036335e-06,3.68436945466589e-06,-2.09646811364215e-06
"north_west","alpha_D",3.06285292266638e-06,0.000538530445021492,-2.95722843923166e-06,-1.05257902071575e-05,1.85647044003591e-06,-8.31239643092593e-07,6.43208633701748e-07,9.18558606629941e-07,-9.22484628302931e-07,-4.34050994382689e-07,7.86122006297764e-07,4.77179813368721e-08,1.34699452127694e-07,2.99932087645744e-07,1.96021228500333e-07,-7.01897225934024e-07,4.04189130674619e-07,1.82515707789375e-07,1.60417183984595e-07,1.48914989288708e-06,-3.0026249104431e-08,3.46287117786692e-07,1.28323532450857e-06,2.63052848508437e-07,5.9073319867108e-07,3.27286509068332e-07,-4.50000895379429e-07,1.87785889185245e-06,4.22859285982136e-07,3.15345787470345e-07,-2.7532066065636e-07,1.34952668278156e-06,8.6425046046812e-07,-1.48202887650397e-06,-1.11681473655552e-07,1.64415121825753e-06,-2.34164519498993e-06,1.03986785399012e-06,-7.89563412404401e-07,5.56332767655059e-07,-2.41688378043035e-05,3.65064680540042e-05,0.000140918570732877,1.31545785833103e-05,8.02874580317885e-05,-7.23667010105242e-05,6.75243353749388e-05,-0.000116419558363537,-0.000103251144993402,-2.80004801061092e-05,7.29423758215594e-06,-1.81567840834043e-05,-7.07269927809991e-05,-1.49200884996512e-06,3.20837979662342e-05,-1.38001131590442e-05,5.61851863909756e-05,-1.83104820062694e-09,-3.27286391646487e-08,-4.34512376591335e-08,3.68835070447359e-08,1.99334722742542e-07,4.66365711253362e-08,8.92643076484236e-08,-1.70836766524037e-08,1.39781973151856e-08,-3.93979542778619e-08,-0.000102459689969629,-0.000322054355769851,0.000140281234898407,-7.46297030142379e-05,2.47056447479499e-05,-1.20069625855023e-05,4.05474040720972e-05,8.82620674327825e-05,-2.70000322214541e-06,1.96709712993097e-05,8.75360136418224e-08,-0.000901218981216969,0.000131886613557558,-0.000118207572629433,0.0004859035898379,-7.3872836686427e-06,-2.2600203695445e-06,-3.17718141750409e-06
"north_west","alpha_death_hosp",2.60050887281535e-07,-2.95722843923166e-06,1.17531190676146e-05,-1.2462156105828e-06,-6.1980920678168e-07,2.55099685381828e-08,5.35416061365521e-08,-1.11171858313558e-07,4.22472915550122e-08,1.74262355052247e-07,-1.07449118158749e-07,7.84062326449409e-09,6.63185738947864e-08,-8.73529000767134e-08,2.65195648462048e-08,9.27156505226467e-07,3.35286107756743e-08,1.73133446427112e-08,5.12826839399741e-08,-8.5595736375248e-08,1.30002015396024e-08,4.74223257056521e-08,-1.42471797429567e-09,6.16525608717501e-08,-6.63762779979255e-09,2.91844853918913e-08,1.95605430707661e-07,4.47642329349962e-08,-1.16191107543413e-08,3.18821606181415e-07,-6.35805669776825e-08,3.13895979252419e-07,-2.42202684713728e-07,8.64431770967973e-07,-1.74103489176925e-07,2.68428964364447e-07,-2.33133340111911e-07,1.34328507533884e-07,-1.58966061838805e-07,8.55854125157348e-08,2.87409978211721e-06,6.98997526016905e-06,-7.92768527912577e-06,-3.73068738772085e-07,-5.22668675706747e-06,-4.73452609597903e-06,-2.390872391885e-05,4.63659746045168e-05,-1.95345296460685e-05,-1.44505384418096e-07,-7.01475726832176e-07,-1.40633917210164e-06,5.21468384767823e-07,-2.43784073046769e-06,-1.62373867700685e-06,-5.91488560868824e-07,-4.73370976001033e-06,7.36125283293936e-09,8.37410764041097e-09,1.32897683393627e-08,1.06836583191875e-08,1.99607564579283e-08,5.25540349047866e-09,7.67254414545553e-09,1.33964809532178e-08,2.62683322957801e-09,2.25246889979071e-08,-1.6123488952897e-05,1.98924817836895e-05,-3.61695296391621e-06,5.91384450766735e-06,2.37134005777168e-06,1.59369514163103e-06,2.01728065835506e-06,3.93937269023607e-05,-6.88712651703101e-05,5.89059764383227e-06,2.46116356123105e-08,-8.58454127378765e-05,1.53205847951924e-05,-6.200269318571e-05,-0.000133921723383952,-1.14847039378419e-07,3.51872180169066e-07,-3.04663570328542e-06
"north_west","alpha_H",2.76001032479323e-07,-1.05257902071575e-05,-1.2462156105828e-06,5.60482006353506e-05,9.7101453446423e-07,-8.46647983758908e-08,4.27558701992215e-07,-7.66267854165899e-07,5.18892035844067e-07,4.08967279911599e-07,-5.66678017552097e-07,1.44799281170962e-07,-1.69143043586836e-07,-2.38194383593248e-07,2.35659629387112e-07,-4.57673601818576e-06,1.22438991165532e-07,-3.23640608376964e-07,9.98026187513565e-07,-8.134362251827e-07,5.4922146977611e-07,-3.87534270729256e-07,4.08248330719405e-07,-9.211192565051e-08,8.75362903355905e-08,4.35746148140529e-07,3.97748323888162e-07,-2.45126120797294e-07,6.24115722357773e-07,-6.84346454589171e-07,-9.77876654006508e-08,-6.00174263017206e-07,4.32251976920914e-07,-1.60869670201248e-07,-5.45121729231608e-07,8.61201937268938e-07,-7.69015836250996e-07,1.66270430792647e-07,2.90292261147507e-07,3.39559496353378e-07,1.8445200546945e-05,1.71437257879605e-06,5.59402740325791e-06,3.54214246782414e-05,-2.01294823390818e-05,1.26657400092781e-05,-9.42261324732568e-05,0.000185982166028085,2.53505247029266e-05,-1.21192846145953e-05,-3.00601636106707e-09,1.68577362686651e-06,-5.19859601375998e-05,-1.62101360256913e-05,-1.87215763734408e-05,-1.33097228055811e-05,-8.40429123575513e-06,2.25857380707024e-08,-1.37677463767639e-08,7.86355700952253e-08,6.0967000292349e-08,1.14489309554861e-07,4.01806276331834e-08,1.30047355039349e-09,1.83366624431611e-08,1.9926125803846e-08,1.71278325103355e-08,-8.19685433557017e-06,7.79624113513757e-07,-1.92907144076207e-05,4.4522672219526e-05,-6.24455151388264e-06,1.22890885783605e-05,3.88907922395922e-05,0.000222633388551798,-7.71934077341492e-05,1.7614184595044e-06,-1.9985512803489e-08,0.000471161806557681,2.37659574293733e-05,0.000292090509540342,7.13665246974399e-05,5.70783897175873e-06,-5.89593754108086e-06,7.02807129469848e-06
"north_west","beta1",7.91292069503934e-07,1.85647044003591e-06,-6.1980920678168e-07,9.7101453446423e-07,1.3570919444268e-06,7.1563842966606e-08,-1.32782876819363e-07,6.04953685002776e-08,-3.08677499827793e-08,-5.28275665036671e-08,1.46870189555167e-07,-1.65807444199291e-08,8.93889431148395e-10,2.3185984287065e-08,-5.96925179528054e-08,-1.06953322385535e-06,7.92561849103369e-08,-6.37941560122712e-08,1.12388217260953e-07,-6.56944701627864e-08,3.15959773235026e-08,-3.42961476527334e-08,3.60419380773024e-08,-5.7938718043818e-08,2.83930548209503e-08,-4.22682461977047e-08,-5.21095354137804e-09,-8.68423534662879e-10,4.03217002775759e-10,-8.96424777631765e-10,6.45188105891457e-09,-3.74585888431916e-08,4.52923705197247e-08,-2.89178871234448e-08,3.04600270453968e-08,-8.21312766733213e-08,3.71282160034511e-08,8.70954350178337e-08,-5.49629870958856e-08,-8.58482677660034e-08,1.24437901230067e-06,8.16111545747204e-08,4.05368775548926e-06,3.54085655857664e-06,2.42015450183873e-06,-2.73801793610909e-06,-5.68309146256181e-06,-1.35781212620649e-05,8.12283488942465e-06,-4.81439461414131e-09,5.93243932900495e-07,-2.90784692627728e-07,-6.20069380826973e-06,4.69521740459158e-07,1.74933389684443e-06,4.82629523160687e-07,-3.03394259171085e-06,-1.40918879837882e-09,5.2759942842481e-11,-9.02158817540511e-09,3.3780248910746e-10,2.29853165242129e-10,1.63156518543725e-09,4.34356999437793e-09,-5.03489133085836e-09,-2.30405264568256e-09,-5.69304462631447e-09,6.3862677953862e-07,-4.57212200164756e-06,-9.38415533041141e-07,1.36911754215976e-07,4.11491035590999e-06,-1.62187807850168e-06,3.55434901012377e-06,-2.11267457267572e-05,1.64919974368551e-05,-6.43192790130386e-06,-1.19874435231248e-08,-3.15979681175989e-06,-1.22159574096474e-05,-2.13708109504498e-05,0.000400232713386056,-2.53392359973416e-08,-5.02602029150179e-07,-7.91409258461662e-08
"north_west","beta10",1.40736817865544e-07,-8.31239643092593e-07,2.55099685381828e-08,-8.46647983758908e-08,7.1563842966606e-08,1.68630415924501e-07,-1.91134271433438e-07,6.24725387620753e-08,-2.33774786038452e-08,2.77823292836109e-08,-5.51892099020521e-09,1.20923192611826e-08,4.18211121467234e-09,1.96778503835433e-08,1.0763212841566e-08,-5.13047959431719e-08,1.30407762630676e-08,-3.45101858828592e-09,5.05790258675596e-08,-3.58397794092105e-08,2.14750811824289e-08,1.2934998878154e-08,9.52791004078018e-09,2.21295176317589e-08,2.37176625380783e-08,1.54492637041755e-08,1.20195170755495e-08,3.51648675800488e-08,4.49263532910423e-09,2.69207205786623e-09,-9.1637811797891e-09,7.87852418618554e-09,8.16003651045847e-09,-4.52021330829875e-08,-5.37675394203903e-10,-1.03370365711968e-08,3.47858442730912e-08,-3.55279627354147e-08,1.13898555208854e-07,-1.75640465183267e-07,2.58544038941722e-07,6.49690022530617e-07,-2.56902873060002e-07,8.33885961845748e-07,2.80793130098895e-07,1.32071244442159e-07,-6.07154664934127e-07,2.4487015712325e-06,-4.53632179207291e-08,1.16596742018323e-07,-4.88405468355262e-08,-7.39409302744072e-07,-1.16692807499236e-06,-2.22029229536303e-07,2.04179582065939e-07,-2.31695515398762e-07,-7.48839062735496e-07,1.37360298438672e-09,3.16265401160268e-09,3.08268854198556e-09,2.07064296358615e-09,2.7156737990343e-09,9.03998547817803e-10,2.23250849556938e-09,-8.11968799360119e-10,-2.73214857435174e-10,3.68560811031331e-09,-2.62115201151714e-07,-3.16561772230289e-07,-4.27716110153558e-07,3.65175705565031e-07,1.92467415948497e-06,-7.61276354814648e-07,5.72881347390052e-07,6.81024905252538e-06,-2.760526340698e-06,2.87324859118408e-07,2.72190633615716e-10,-4.55791277913481e-05,4.36942336939941e-06,2.34669311493478e-06,1.73976452879424e-05,-1.71796383135626e-07,7.99388752474766e-08,9.27075019719924e-08
"north_west","beta11",-4.85646971513095e-07,6.43208633701748e-07,5.35416061365521e-08,4.27558701992215e-07,-1.32782876819363e-07,-1.91134271433438e-07,4.67737573429184e-07,-2.62182568013397e-07,1.36520933531007e-07,-5.49238954948638e-08,-2.97641564081765e-09,-1.59392570323647e-08,4.30819784092175e-09,-3.04276915573904e-08,1.27304964434553e-08,1.54450813275525e-07,-8.65141564098963e-09,9.6706538765704e-09,1.12314377169225e-08,-2.35917322469641e-08,9.60792295996773e-09,-8.28442617104173e-09,-1.01574127541331e-08,9.91277705407467e-09,-5.25731182598337e-08,4.61632129900268e-08,-2.93946729907178e-08,-6.12415857440688e-08,3.78286200519921e-08,-4.10162438295955e-10,3.84514651610775e-08,-1.05659020033724e-08,1.61373344970296e-08,9.28759020141065e-08,1.5296363264043e-08,1.20410644610202e-08,-2.24483188832694e-08,-2.1291530154003e-09,-3.37925352157055e-08,1.48945002944081e-07,3.11987985216769e-07,-3.75468755754402e-07,4.36196482008662e-07,-5.9929364644298e-07,7.18047378917036e-07,4.3703074024053e-07,9.45483842893388e-07,6.76295496971613e-07,-2.14685201273629e-06,-1.08200602304036e-06,4.086970653369e-08,-2.52274995315435e-07,-1.12717325928732e-06,-4.57457042433669e-07,-3.58752096984862e-07,1.66970366041487e-07,2.83179179477668e-06,-2.00857830527204e-10,-2.61960632167067e-09,7.11522305412993e-10,-1.61837289947473e-09,-7.98868563574478e-09,-5.99591787899486e-11,-6.70681310275825e-09,2.93826900114456e-09,1.33532615566945e-09,-3.35499067646329e-09,1.86626419936071e-06,9.64422207939466e-07,-4.55153945066748e-07,-1.43833203808207e-06,-4.29892786145097e-07,1.78920597489625e-06,3.83705785864751e-07,-1.09889260949654e-05,8.20905237900114e-06,-2.2491953668988e-06,3.26509270207661e-09,1.80269521333766e-05,-1.017333810546e-05,-3.52943475169905e-06,-4.47780197254515e-05,4.30480137149756e-07,-6.78386759739288e-07,-4.28811553992488e-07
"north_west","beta12",2.22647392912805e-07,9.18558606629941e-07,-1.11171858313558e-07,-7.66267854165899e-07,6.04953685002776e-08,6.24725387620753e-08,-2.62182568013397e-07,3.50422769096674e-07,-2.57918469858047e-07,2.07113116401737e-07,-5.69916651424297e-08,2.40431895263095e-08,1.27374547446998e-08,3.21897856835372e-08,2.22920553514657e-09,-2.04887600480049e-07,3.17616396882083e-08,1.31660084879329e-08,4.49534829038883e-11,6.85178894888756e-08,-1.01626693930976e-08,4.62818562824368e-08,3.16308533963345e-08,2.91903558162959e-08,8.76209436396173e-08,6.67011763528234e-09,2.9326767169597e-08,8.58200792693641e-08,2.25267071882063e-08,4.50947683286766e-08,-1.30362708684672e-08,4.10497868060182e-08,1.85343598538161e-08,-7.47257558617984e-08,-1.32896038048644e-08,1.59121495601535e-08,1.32714086208957e-08,1.70734731266611e-08,-1.48963903199409e-08,-2.61840951553201e-08,-4.62474519172372e-07,1.10073795714411e-06,-1.33562195822317e-06,2.50697645784854e-07,4.90477825046555e-07,1.24696024409943e-06,-1.07963923366597e-06,-5.41116160635069e-06,1.99310946845081e-06,9.4007410420457e-07,-5.7516379956051e-08,-8.25114953310957e-07,-1.26345564101888e-06,1.7476897985802e-07,-5.86600855462525e-07,-7.02618937042393e-08,-1.22681440504503e-06,1.17954707000575e-09,5.8332791519425e-09,2.47534133276468e-09,3.8313069769718e-09,5.55773097914508e-09,1.09005638102386e-09,6.14494817891993e-09,-2.66892797798244e-09,1.71142273524361e-09,1.97325388677006e-09,1.16054468928439e-06,1.6351695792859e-06,-9.83480179828812e-07,4.44860460462412e-08,8.75238439064872e-07,-7.5278662028034e-07,8.2221241879631e-07,4.44289361313079e-06,-8.03177202715862e-07,1.7230154612073e-06,3.53531201169791e-09,-1.52537900322662e-05,9.97104627515406e-06,3.08457566912353e-06,6.96812897733846e-06,-5.23334948130733e-07,4.7540102535607e-07,-3.09963352454135e-07
"north_west","beta13",-1.55809649710129e-07,-9.22484628302931e-07,4.22472915550122e-08,5.18892035844067e-07,-3.08677499827793e-08,-2.33774786038452e-08,1.36520933531007e-07,-2.57918469858047e-07,2.71600636632796e-07,-2.88587762158422e-07,1.26604557752363e-07,-1.95220115708786e-08,-6.62990712534552e-09,-2.25930443990953e-08,-1.23874635420991e-10,2.30583419348593e-07,-2.62855170935313e-08,-8.96783119357921e-09,7.89200034064359e-11,-7.24111185955902e-08,1.45106790294217e-08,-3.73373398141421e-08,-1.8397318681107e-08,-3.51222677682033e-08,-6.03523301468593e-08,-1.01780217420564e-08,-2.67269158506986e-08,-6.02655036568163e-08,-2.77846627269483e-08,-4.30496784619821e-08,7.13713261491277e-09,-4.60064983898486e-08,-9.52609154838858e-09,1.63613065669623e-08,2.01704131436106e-08,-2.18409769554814e-08,-2.13277618092194e-09,-1.23531759336655e-08,2.62591234527237e-08,1.6773839289079e-08,3.47326860403335e-07,-5.71967421553519e-07,1.39778760087184e-06,5.55673758633275e-07,1.40094996152579e-07,-8.22007215032234e-07,4.72091616594241e-07,2.02008236834693e-06,-2.53923168161368e-06,-5.25169877356283e-07,1.2850021124734e-07,7.90473330601414e-08,1.39905731240992e-06,-2.71539669457313e-07,4.74330694744706e-07,9.87558454266307e-08,6.48067370107003e-07,-1.21084938148966e-10,-3.47532001039885e-09,-1.7580927079222e-09,-2.03840423055066e-09,-4.6213351738224e-09,-3.4509589517584e-10,-4.3283925426526e-09,2.87217472905047e-09,-1.41314735543601e-09,-9.09938495527471e-10,-1.32578248660742e-06,-1.94745923388381e-06,4.68168155602701e-07,-2.34006673570849e-07,1.46466709698981e-07,7.12634725813583e-07,-1.48932302808487e-06,-4.20584299753757e-06,-4.61634578541775e-07,-4.03591640595111e-07,-1.32277999645489e-09,5.29813066823687e-05,-7.15427756687188e-06,2.17676736854472e-06,-2.43234244136418e-06,6.89609068183903e-07,-3.0960222074462e-07,3.05562455325231e-07
"north_west","beta14",6.31473851764115e-08,-4.34050994382689e-07,1.74262355052247e-07,4.08967279911599e-07,-5.28275665036671e-08,2.77823292836109e-08,-5.49238954948638e-08,2.07113116401737e-07,-2.88587762158422e-07,6.7338582703515e-07,-5.08318461812992e-07,4.49174431491013e-08,-9.2820655436652e-09,1.49058486747096e-08,2.19818065459307e-08,-8.34122626361799e-08,-6.97673372083703e-09,1.43479228850737e-08,1.13437485199127e-09,3.42102986167151e-08,4.939919412662e-09,2.66379632202616e-08,3.78574961644465e-09,5.5930746843642e-08,2.30183275294171e-08,4.71622805387484e-08,2.31886109845138e-08,2.17083897265829e-08,7.91123128065069e-08,9.40540868066383e-09,3.62173788018469e-08,7.81155788550878e-09,3.47950480595418e-08,7.57639139766187e-08,-1.78448477967051e-08,3.46814289992399e-08,-2.75030568450555e-10,1.16944920079086e-08,-1.91830494004616e-09,3.5464709412363e-09,-2.97071591320621e-07,1.08705432903375e-06,-4.00958764738554e-06,1.32637799735965e-07,-1.37510914100068e-06,2.65691308258858e-06,-7.62067214318489e-06,1.13239230734603e-05,-1.64685966020378e-07,-2.98390862360321e-07,-2.69466160276333e-07,-8.34724327811776e-07,-5.61860832676105e-06,-8.52436645021246e-07,-4.58074410676202e-07,-4.07134074171238e-07,-3.94821951657139e-07,3.70939951461786e-09,5.492458043065e-09,8.81680443787205e-09,5.0087876678943e-09,8.00780201317702e-09,4.64084168748959e-09,5.67519808990673e-09,-2.26038310756138e-10,4.42723409269221e-09,8.62616783093684e-09,3.21840621584924e-06,7.1775432788486e-06,-2.91549524755388e-06,1.86314394658479e-06,1.41593942170131e-06,-7.68418802277285e-07,4.64287022321975e-06,1.20037322978297e-05,-4.30725370725532e-07,-1.03916687812129e-06,3.13045462568217e-09,3.71314336551546e-05,2.81386986042212e-06,-4.95417405783151e-06,-3.09954735480755e-05,1.39932739491093e-07,2.59314787227747e-07,-1.09687871995713e-06
"north_west","beta15",3.30997064886783e-08,7.86122006297764e-07,-1.07449118158749e-07,-5.66678017552097e-07,1.46870189555167e-07,-5.51892099020521e-09,-2.97641564081765e-09,-5.69916651424297e-08,1.26604557752363e-07,-5.08318461812992e-07,7.81594071136047e-07,-6.77389727906302e-08,5.44556186759082e-08,-3.66171491269722e-08,1.91602072635894e-09,-2.93221003449175e-07,3.10387492090475e-08,5.66095801114674e-09,-1.3510635477257e-09,1.2792069207939e-08,-1.18660125718192e-09,1.25616994627109e-08,1.57364624206868e-08,-2.68645053262566e-08,5.71036681772845e-08,-2.68226507690835e-08,1.1325206426456e-08,1.50321880787483e-08,-3.21959559885179e-08,3.63577513411899e-08,-1.19184499921786e-08,-1.10773697444917e-08,5.49505021352479e-09,-7.58830414520996e-08,9.82469679206525e-10,-8.92020228670315e-09,1.35388012176127e-09,-8.47918498710798e-09,2.84441092600132e-08,-5.28282040561371e-10,5.58061303797639e-07,-6.51801602766693e-07,2.54951271787885e-06,-3.95746504697283e-07,1.39165442915797e-06,-2.52293423860061e-06,8.68439192673559e-06,-1.54455862817831e-05,5.17093944872542e-07,6.69478820902378e-07,1.79194258536537e-07,-1.47590338494064e-07,6.32969911440671e-06,6.1502063823474e-07,1.79477706767347e-07,5.35118025560608e-07,-9.32222105746361e-07,-3.05211533785693e-09,3.24188932114969e-10,-1.87957123835645e-09,-2.2076066980251e-09,-1.01814356971699e-09,-4.42142304638374e-09,-1.66375743525225e-09,1.55124936269671e-09,-1.6524837421576e-09,-6.86509406187697e-09,-1.39341544425596e-06,-5.44127000607502e-06,2.26869982345142e-06,-1.9912951908538e-06,-1.35571691927636e-06,1.65047091376118e-06,-5.90683799433112e-06,-8.46262591484847e-06,-2.60671984869073e-06,-3.69627682560707e-07,-3.2598419433712e-09,4.03663831839804e-06,5.09890976655241e-06,8.19642244590711e-06,3.58489146921993e-05,-1.8418949210693e-07,-2.024567030824e-07,4.6706473945252e-07
"north_west","beta16",1.88973115878642e-08,4.77179813368721e-08,7.84062326449409e-09,1.44799281170962e-07,-1.65807444199291e-08,1.20923192611826e-08,-1.59392570323647e-08,2.40431895263095e-08,-1.95220115708786e-08,4.49174431491013e-08,-6.77389727906302e-08,3.52814820350697e-08,1.05252288173374e-09,5.22680589899248e-08,1.44924442633946e-08,1.31683103452288e-08,1.97689371932947e-08,1.33994259325382e-08,2.12670446073987e-08,3.51120524860727e-08,1.13810388371276e-08,2.78483119300985e-08,2.0273763543649e-08,3.87797855910996e-08,2.61414972493031e-08,2.84474013578087e-08,-8.67970542770782e-10,4.07664265950349e-08,3.27615901193261e-08,2.44714186279257e-08,6.43028151166578e-09,3.03613341043734e-08,2.16783346922882e-08,-1.03371400107588e-08,1.37184891537917e-09,1.76227822753302e-09,8.32808180937386e-09,1.86634825685199e-09,5.63077459061624e-10,1.51112076005776e-10,1.25592826897717e-07,4.93611744867187e-07,-6.43925409880731e-07,-2.7382811855148e-07,3.66443950616735e-07,-1.17935587377208e-07,-3.33392132547147e-07,2.19146470482154e-06,-5.79424733670071e-08,2.178262892821e-07,-8.75801189534964e-08,-4.44067782077242e-07,-1.29599421248103e-06,-1.91550316739047e-07,-2.66790625307706e-07,-2.09423351471333e-07,4.76323496258073e-07,7.28530264457078e-10,1.13251530086536e-09,1.52384967687205e-09,1.10960565899914e-09,-1.64654723733546e-09,5.06705562544995e-10,9.52612205006043e-10,-3.09362148576061e-11,6.04342514544691e-10,1.50846067485502e-09,-2.43089509750795e-07,9.64709605704531e-07,-3.0607350272237e-07,-3.26444567312267e-07,3.53004599280078e-07,3.29221897376315e-07,7.66166650976085e-07,2.85596128110434e-06,1.13409428785202e-06,7.72750019229903e-07,2.15569526305573e-10,-8.68203100001761e-05,2.13499982649281e-06,-2.51970237376686e-06,-9.82143121568551e-06,-8.54274304425591e-07,2.01122336783609e-07,-1.75126151447937e-07
"north_west","beta17",-8.32613264072405e-08,1.34699452127694e-07,6.63185738947864e-08,-1.69143043586836e-07,8.93889431148395e-10,4.18211121467234e-09,4.30819784092175e-09,1.27374547446998e-08,-6.62990712534552e-09,-9.2820655436652e-09,5.44556186759082e-08,1.05252288173374e-09,4.40635560355607e-08,-1.35521969865059e-08,3.93970975505121e-08,-3.60362626915984e-08,3.05827471657098e-08,1.70688875324065e-08,3.82543047647008e-08,3.40816723798729e-08,1.79372175632398e-08,3.67014056555142e-08,2.88025076406056e-08,3.79469421642344e-08,3.99180102810347e-08,4.44406014258228e-08,9.33438646523392e-09,4.06259177992037e-08,4.82323859654576e-08,3.98408430817984e-08,2.04049867971831e-08,2.70261311108282e-08,2.25925578144219e-08,2.65128478505447e-08,-2.94639847451007e-09,6.18174620963684e-09,5.05350700141828e-09,3.91548484786698e-09,-7.83116907406062e-10,-1.28825332469619e-09,-2.08817637534164e-07,2.90453647411418e-08,-1.60177295040342e-07,-2.15419043176538e-08,5.70336687564728e-07,5.90929156683061e-07,-3.32652263166158e-07,-1.50342977129998e-06,5.09346439151108e-07,2.33241263617091e-07,3.38311050575103e-08,-4.30853091614084e-07,1.82248467580195e-07,6.42265264076093e-08,-4.5508549087371e-07,2.04782340370487e-07,4.8881963020406e-07,-3.0313915497874e-10,1.37173458557441e-09,1.50024291729237e-09,2.86001912607774e-10,-8.48929824802431e-10,-4.86286312109813e-10,-1.54724246495519e-10,9.08213407491661e-10,6.97776442763172e-10,9.91787005372814e-11,3.77926636569932e-07,1.01655498148261e-07,-2.6489505767756e-07,-5.43859234729449e-07,4.58342174785945e-07,1.75572132615473e-07,-5.30840236871007e-07,-5.30786951652138e-06,4.70820265677303e-06,-5.53466025398356e-07,9.03161663028736e-10,-0.000104366213399547,6.04725087654417e-06,-1.46902146787076e-07,-4.52621328599078e-06,-1.00500488944042e-06,-5.4575885196919e-08,-1.77315044713762e-07
"north_west","beta18",5.25070355341909e-08,2.99932087645744e-07,-8.73529000767134e-08,-2.38194383593248e-07,2.3185984287065e-08,1.96778503835433e-08,-3.04276915573904e-08,3.21897856835372e-08,-2.25930443990953e-08,1.49058486747096e-08,-3.66171491269722e-08,5.22680589899248e-08,-1.35521969865059e-08,2.4343948377794e-07,-8.09048977096304e-08,3.16554561759388e-08,3.01053175873331e-08,2.95659869475648e-10,-1.94671368431881e-08,3.95461301296542e-08,-4.31002756448584e-09,1.53362305208693e-08,5.46088954304569e-09,3.24197819875555e-08,-7.17504753461014e-10,9.94395174811584e-09,-6.14864714470293e-09,3.16245870742632e-08,4.81002856176975e-09,1.64305624440384e-08,-2.71299506776233e-09,2.41508115105136e-08,3.1123082433095e-08,-1.15680593988377e-07,6.53982791892574e-09,-1.55590548412011e-09,7.81291612725796e-09,8.5360290961843e-09,-1.75936606899037e-08,3.67684556587405e-09,3.48790730446039e-07,4.06745761118049e-07,-7.1200718913105e-07,-1.2292527397546e-06,3.88072124434219e-07,-2.08678133727963e-06,3.23107193398873e-06,9.75509515129333e-07,-1.63141056792569e-06,4.93707717620753e-07,-1.78840077365628e-07,-6.98972814029748e-07,-5.91489709023879e-07,-1.13082980525265e-08,-1.7310388076411e-07,-1.87189263656846e-07,1.12453234728802e-06,2.09080709968561e-09,1.81018216101893e-09,1.06234762233988e-09,1.5765189715758e-09,-3.14769652843355e-09,1.30626651083464e-09,2.45526916509969e-09,2.24727718476171e-10,1.45620713521967e-09,2.67258434769049e-09,4.74862529902225e-07,8.73763083364785e-07,1.88072911283538e-07,-1.14715460409232e-06,4.5875610029067e-07,6.48047356087425e-07,-1.50743486655015e-07,6.61544553600151e-06,-3.1735066802417e-06,1.51114906311713e-06,5.27871872050878e-10,-0.000175132909440614,-3.4565799162001e-06,-3.79614235149446e-06,3.87439935032003e-06,-1.64806317060106e-06,1.8692281591971e-06,-3.33193635920095e-07
"north_west","beta19",-1.52165792050488e-07,1.96021228500333e-07,2.65195648462048e-08,2.35659629387112e-07,-5.96925179528054e-08,1.0763212841566e-08,1.27304964434553e-08,2.22920553514657e-09,-1.23874635420991e-10,2.19818065459307e-08,1.91602072635894e-09,1.44924442633946e-08,3.93970975505121e-08,-8.09048977096304e-08,1.97035470452935e-07,7.09206120132229e-08,-2.92065019937255e-08,8.3874826764271e-08,6.12255011124674e-08,6.29833163328253e-08,4.35811789899296e-08,7.40002976356474e-08,6.42305920950239e-08,7.74185407073392e-08,8.76323090336098e-08,1.04286985510272e-07,3.13627463300795e-09,7.38857448253886e-08,1.12495394119347e-07,4.96506911009679e-08,3.81704771341527e-08,3.2175750329115e-08,5.65304242994384e-08,2.29142421135735e-08,-8.99776587820013e-09,2.96831891016436e-08,-1.57323307633541e-08,1.19903169367974e-08,1.28293464332409e-08,-2.41759392980897e-09,5.65839764656255e-08,5.39725810092429e-07,-6.90513092226766e-07,2.88458296018994e-07,7.6157016913716e-07,1.63499594698696e-06,2.83343213579265e-07,1.57253266194099e-06,1.31335074687875e-06,-1.83130225332856e-07,-3.53079671649026e-08,-5.98744434602288e-07,-1.35987850531565e-06,-5.59609589658153e-07,-3.37553599473e-07,-3.61101098165977e-07,2.34421089513123e-07,-6.4471130518608e-10,2.0250037022198e-09,3.95727238661726e-09,2.07150006524352e-09,-2.70495449167318e-10,8.42257849459794e-10,-5.99511985234982e-10,-1.94332559893827e-11,6.59841557675453e-10,1.10241757003152e-09,-1.2645972739994e-06,6.61634049513423e-07,-4.55545318738025e-07,-4.91632530551167e-07,8.98039887171553e-07,1.3414352036404e-07,1.01442554526516e-06,1.03191183952591e-06,6.42973112536996e-06,1.4175168920008e-07,2.75624421183734e-09,-0.00011624529447581,2.60392879652292e-05,8.38501817801385e-06,-2.59570688224299e-05,-1.00984764388317e-06,-1.39002733160478e-06,7.87989915253425e-09
"north_west","beta2",1.04576844715819e-07,-7.01897225934024e-07,9.27156505226467e-07,-4.57673601818576e-06,-1.06953322385535e-06,-5.13047959431719e-08,1.54450813275525e-07,-2.04887600480049e-07,2.30583419348593e-07,-8.34122626361799e-08,-2.93221003449175e-07,1.31683103452288e-08,-3.60362626915984e-08,3.16554561759388e-08,7.09206120132229e-08,1.17220840827632e-05,-3.25341492560371e-09,4.98387284495947e-09,2.88112835847815e-07,-4.66621223653007e-08,4.7601762806686e-08,9.89019164374097e-09,1.48222051877219e-07,8.93286806673996e-08,-7.86539587773995e-08,2.47220084429979e-07,-7.3967333867507e-07,1.38686314460894e-07,5.78080035029926e-09,6.57108507453599e-08,-5.84167493605288e-08,3.78893258633374e-07,-4.39313469489158e-07,9.52023445552299e-07,3.2691307071216e-07,-3.25479214735888e-07,4.74152433459347e-07,-2.47097670569453e-07,7.09458530619072e-08,5.49762665134465e-08,-1.01436615403282e-06,2.74581121662485e-06,-6.45788933716707e-06,-3.8649495817347e-06,2.77786220364494e-06,-3.23126283352226e-06,9.53039163035951e-06,1.49243539804873e-05,-2.78139942070822e-05,-2.99705388789928e-06,-2.38764994574426e-06,2.56466197614934e-06,5.68251820457082e-06,-6.33436572559129e-06,-2.37257551323406e-06,-1.34211652669054e-06,6.49499395905579e-06,5.69279933234124e-09,1.54645609839901e-08,1.72922126409182e-08,-4.25762372648486e-09,-7.08936418668657e-09,5.92657932348116e-09,-1.04244043564419e-08,-6.78024592951511e-09,-1.57994066155971e-09,3.5381137957132e-08,8.34811741096466e-06,2.38242095242318e-05,-7.0266660714067e-06,-1.11225664204337e-06,-7.97482828192568e-06,-1.36234782351935e-06,1.81487702751412e-06,1.7733678668592e-05,-3.70639071474356e-05,-9.49328430226684e-08,-1.11679849371042e-09,6.31944650063472e-05,-5.73067473961228e-05,-1.97652188771401e-05,9.71097005009978e-05,1.26581072090618e-06,-3.18841778873343e-06,-2.17021461894587e-08
"north_west","beta20",1.27003618911596e-08,4.04189130674619e-07,3.35286107756743e-08,1.22438991165532e-07,7.92561849103369e-08,1.30407762630676e-08,-8.65141564098963e-09,3.17616396882083e-08,-2.62855170935313e-08,-6.97673372083703e-09,3.10387492090475e-08,1.97689371932947e-08,3.05827471657098e-08,3.01053175873331e-08,-2.92065019937255e-08,-3.25341492560371e-09,1.50226533110571e-07,-4.14137223768134e-08,1.58759610295016e-07,1.62601725121418e-08,4.44217457866363e-08,5.65319693692378e-08,6.73402100224089e-08,6.46851899009258e-08,8.43300727771715e-08,4.85573466639904e-08,3.43016931130327e-09,1.03700160015623e-07,6.9184177895797e-08,6.79037375096017e-08,2.0074909325286e-08,6.95452313156231e-08,3.68439964855404e-08,1.98831193135019e-08,6.10491280371854e-09,-7.20180107372494e-09,2.9544591928125e-08,-2.00428419277767e-08,1.17235877946781e-08,-5.89080334240296e-09,-4.74471579456606e-07,4.16875285662971e-07,-1.69621451172222e-06,3.52120040151609e-07,9.70570677888717e-07,8.21009464576639e-07,3.95188294746537e-07,-2.41472379228115e-06,2.0004250021003e-06,6.41705659485021e-07,-8.49015219969713e-08,-7.63213348019827e-07,-1.67664069764386e-06,4.80175105923027e-07,-2.52313547047375e-07,1.44014097744015e-07,1.55143402420949e-06,5.57776975160084e-10,2.10777852469881e-09,1.41510689998882e-09,-7.48602326958775e-10,-4.93017396782565e-09,-1.72107492880915e-09,1.08271193289684e-09,-6.43900439057169e-10,5.47504129550815e-10,-3.24315191516569e-10,8.61940395106927e-07,1.9870267610032e-06,-2.07885567745124e-06,-1.832470652945e-07,1.33642791471594e-06,1.71854309151539e-08,6.82037952270732e-07,-3.95405346011527e-06,2.90596518198646e-06,-6.14053695826377e-09,-1.89444532658257e-09,-0.000152769520124644,-4.78490862470112e-06,-7.22564441826358e-06,2.31478313022747e-05,-1.36658857714908e-06,-7.25153963835673e-07,-1.76836537020693e-07
"north_west","beta21",-2.28937144975852e-07,1.82515707789375e-07,1.73133446427112e-08,-3.23640608376964e-07,-6.37941560122712e-08,-3.45101858828592e-09,9.6706538765704e-09,1.31660084879329e-08,-8.96783119357921e-09,1.43479228850737e-08,5.66095801114674e-09,1.33994259325382e-08,1.70688875324065e-08,2.95659869475648e-10,8.3874826764271e-08,4.98387284495947e-09,-4.14137223768134e-08,1.27222674879545e-07,-1.16626658156094e-07,1.08081301943658e-07,1.11072295686635e-08,5.5575753290023e-08,1.49990003803338e-08,6.0419980186671e-08,3.26044329473197e-08,6.92735142450707e-08,2.62097754653965e-09,3.29954988725988e-08,5.79835944376691e-08,2.80197599235489e-08,2.26294998897124e-08,6.16777616394639e-09,3.53174814588508e-08,-4.15019734551783e-09,-4.22458838589778e-09,1.46420279974014e-08,-2.34855020046589e-08,1.77690523170064e-08,5.58036588838667e-09,4.71378125487456e-09,3.42597278692583e-07,2.16454716314292e-07,3.48045250042226e-07,3.47958127646734e-07,6.44765044242298e-07,-4.19838359993798e-08,1.59378475687347e-06,-8.54563621525413e-07,-8.46835044731017e-07,-6.61295262874576e-08,5.02019363496252e-08,-1.59940783590833e-07,-2.19055954026741e-07,-4.77341701077491e-07,-1.46115739391411e-07,-2.79394305389284e-07,3.5769803776245e-07,-1.56025413593416e-09,-8.13936767640506e-10,-8.31084184244635e-10,1.48519418919688e-10,-3.49153426003715e-09,-6.24769035115501e-10,-1.93797817799315e-09,3.44823229024589e-10,-3.32558993989626e-11,5.537823052149e-10,-1.76668475065413e-07,-1.10376966222269e-06,1.48725482128139e-07,-2.37089157772069e-08,7.87330161280751e-07,1.30204345029776e-07,-1.69776481086688e-07,-1.76277130721446e-09,6.13248399109641e-06,1.75266206141411e-07,2.69064597419793e-09,-7.23678457393627e-05,-2.63280207058506e-06,9.37220421390231e-06,-2.60201148849469e-05,-8.09164698248748e-07,-7.525452098845e-07,2.42006652429172e-07
"north_west","beta22",3.41168659107495e-08,1.60417183984595e-07,5.12826839399741e-08,9.98026187513565e-07,1.12388217260953e-07,5.05790258675596e-08,1.12314377169225e-08,4.49534829038883e-11,7.89200034064359e-11,1.13437485199127e-09,-1.3510635477257e-09,2.12670446073987e-08,3.82543047647008e-08,-1.94671368431881e-08,6.12255011124674e-08,2.88112835847815e-07,1.58759610295016e-07,-1.16626658156094e-07,5.72917198494724e-07,-3.15303182568853e-07,1.38447640996122e-07,3.8780223577369e-08,1.32019423608255e-07,8.33591773504989e-08,1.36992792475536e-07,8.2379455920821e-08,-2.29789229902837e-08,1.42442998995161e-07,1.27644151376559e-07,7.48626401480521e-08,2.51042012826181e-08,8.92892683738021e-08,7.67558685717722e-08,-7.23952927923004e-08,1.02074026364023e-08,6.11727597750496e-09,4.31629107853943e-08,-3.82464456258389e-08,4.38660806228513e-08,-3.38625815108389e-08,2.11984858017169e-08,9.82071911680511e-07,-2.6662568786014e-06,-8.66230605667835e-08,1.07466223030252e-06,3.27963102652724e-06,-1.64031856318862e-06,1.52934449336963e-06,2.89282195806869e-06,1.6848806015235e-07,-3.20252727032326e-07,-1.37685070255134e-06,-3.19336196985636e-06,-2.28292452988895e-07,-5.90752347153376e-07,-2.66298508393009e-08,2.46420005666976e-06,1.65190495742562e-09,3.85008858717015e-09,6.77552298893962e-09,2.72042866130734e-09,5.40104846829975e-09,-9.65579068250832e-10,2.69716327112265e-09,-2.03208032315374e-09,2.47796883583951e-09,5.41829193756233e-09,1.54638772218851e-06,4.72133685768919e-06,-2.816886367684e-06,-1.06340976332716e-06,1.2662407296068e-06,8.62364180099831e-07,1.86184921102899e-06,6.67208197308214e-07,-1.57451570885721e-06,3.3112698856479e-07,-2.0686784815658e-09,-0.000166633646553869,5.48226246274713e-06,-2.70971227121231e-06,3.63189464875725e-05,-1.13485665375827e-06,-1.56136494636582e-06,-2.86336063369076e-07
"north_west","beta23",-2.42591301666544e-08,1.48914989288708e-06,-8.5595736375248e-08,-8.134362251827e-07,-6.56944701627864e-08,-3.58397794092105e-08,-2.35917322469641e-08,6.85178894888756e-08,-7.24111185955902e-08,3.42102986167151e-08,1.2792069207939e-08,3.51120524860727e-08,3.40816723798729e-08,3.95461301296542e-08,6.29833163328253e-08,-4.66621223653007e-08,1.62601725121418e-08,1.08081301943658e-07,-3.15303182568853e-07,7.74243644587348e-07,-2.20003079216778e-07,1.98325697014014e-07,-1.65776336396034e-09,1.34005863149566e-07,6.56270261369514e-08,8.0853767484861e-08,1.4710793117678e-08,1.33197273931194e-07,5.18207724637138e-08,1.12136315512078e-07,1.03119000665974e-08,1.07653562785642e-07,-1.38931163189862e-09,2.09769819714445e-07,-1.17032981719489e-08,3.53087715309794e-08,-3.45588620591468e-08,2.87798372114772e-08,-2.85792696687191e-08,3.20604554624322e-08,-7.18553293011688e-07,8.69973110376895e-07,-1.41093163437204e-06,-9.56161334858509e-07,1.07462051222062e-06,-4.50549954196408e-07,2.88417077787403e-06,-3.66723451397234e-06,-7.53665457432409e-07,5.41898924561845e-07,-9.50901879205695e-08,-2.97648610622144e-07,-1.58537537590392e-06,5.32764292325042e-07,-7.4709381447645e-07,-5.20278544357236e-07,2.28533725844413e-06,9.70045741701658e-10,3.6069742446752e-09,4.15887089302664e-09,-2.36844014327033e-10,-4.76436216174638e-09,1.70002776884268e-09,3.12101380598542e-09,-1.04031372555968e-09,-1.64700545146351e-10,-4.25635882188919e-09,-1.4821713336295e-06,6.50330218027168e-07,1.34004159244843e-07,-1.19798763573217e-06,1.28491752704246e-06,-1.28304015127998e-06,1.94473989186352e-06,-6.37057765463185e-08,8.3648734127968e-06,2.56219836569412e-06,-4.5309156666304e-09,-0.000206602892940717,-7.92974000480279e-06,-1.8246730626626e-05,-2.43596786897592e-05,-2.09287004101895e-06,-2.28667833228074e-07,-4.89210167508926e-07
"north_west","beta24",-1.43994764786012e-07,-3.0026249104431e-08,1.30002015396024e-08,5.4922146977611e-07,3.15959773235026e-08,2.14750811824289e-08,9.60792295996773e-09,-1.01626693930976e-08,1.45106790294217e-08,4.939919412662e-09,-1.18660125718192e-09,1.13810388371276e-08,1.79372175632398e-08,-4.31002756448584e-09,4.35811789899296e-08,4.7601762806686e-08,4.44217457866363e-08,1.11072295686635e-08,1.38447640996122e-07,-2.20003079216778e-07,1.7941218024381e-07,-5.86503155396875e-08,9.96338772840033e-08,3.01742774458996e-09,7.10561820707271e-08,5.20726418952249e-08,-4.68054794059105e-09,3.55363538632197e-08,8.24046284470381e-08,7.53215353066005e-10,4.16482900964424e-08,-1.34451118825413e-08,6.50299055586043e-08,-9.19826897267912e-08,5.10282590951337e-09,-8.76848479678958e-09,2.15570969173319e-08,-1.37621825055622e-08,2.47437050220144e-08,-1.60071514123994e-08,5.35902330861554e-07,1.44350746625575e-07,-2.88100425038088e-07,1.06070201064117e-06,9.09745395134416e-08,7.13626137003087e-07,-1.21403419640872e-06,4.88338807699528e-07,1.22690391706777e-06,-9.62514101540074e-08,2.11002411656924e-08,-4.07212000075255e-07,-6.97310804836063e-07,-4.56951970847418e-07,2.93311337762642e-07,-8.37227819525064e-09,-8.48205672202623e-07,-1.74607136906643e-10,4.43446575797985e-10,7.33045597583922e-10,1.47032445715462e-09,-4.58014632495225e-10,-9.88220871699202e-10,-5.93621808655318e-10,1.18529576787597e-09,6.18682942823632e-10,3.50595367401634e-09,3.96725221693439e-07,5.02795276669736e-07,-1.39600708406653e-06,1.07683589561298e-06,4.42191919878771e-07,4.10016458862661e-07,1.64846176481907e-07,-1.51195745528557e-06,2.27708166574125e-06,-1.0128428011853e-06,2.74848548036293e-09,-7.05080573922928e-05,4.16944769566243e-06,9.90179885063787e-06,7.17756483901287e-06,-6.31719175859664e-07,-7.87217362663686e-07,1.25265103969425e-07
"north_west","beta25",-1.18733276160003e-08,3.46287117786692e-07,4.74223257056521e-08,-3.87534270729256e-07,-3.42961476527334e-08,1.2934998878154e-08,-8.28442617104173e-09,4.62818562824368e-08,-3.73373398141421e-08,2.66379632202616e-08,1.25616994627109e-08,2.78483119300985e-08,3.67014056555142e-08,1.53362305208693e-08,7.40002976356474e-08,9.89019164374097e-09,5.65319693692378e-08,5.5575753290023e-08,3.8780223577369e-08,1.98325697014014e-07,-5.86503155396875e-08,1.89848417350135e-07,-2.23102540234251e-08,1.74769883749706e-07,7.17686943254964e-08,1.04155369211019e-07,8.25685804617128e-09,1.25816306874549e-07,9.64169745224518e-08,1.00413741328698e-07,2.33860860979784e-08,7.92805980117892e-08,4.55850642158102e-08,7.48600393728265e-08,-4.2120664548411e-09,1.52526600927861e-08,1.15991330440782e-08,-2.18992564130923e-09,1.17878286138186e-08,-2.38098624744755e-09,-3.59777691525077e-07,7.37990359267753e-07,-1.23816870831822e-06,-1.16095172798688e-07,2.1592081579381e-06,8.030095447399e-07,1.55569950100748e-06,-2.1076867527679e-06,1.16291322128083e-06,4.67491653079989e-07,-3.34351724553131e-08,-1.08073921673281e-06,-1.73287994473625e-06,1.76123451130345e-07,-7.19983701144968e-07,-2.64759617068568e-07,2.52404029365306e-06,5.843873717223e-10,3.48360238613044e-09,4.25163654237033e-09,5.90867425580195e-10,-2.43770887131713e-09,2.26683644178869e-10,7.88957791623495e-10,-6.11222696399352e-10,1.41641955722433e-09,1.66870242468043e-09,5.26625103602394e-07,7.95308662571065e-07,-1.15576448774964e-06,-1.64098807068582e-06,1.85077081134161e-06,-3.04836562383677e-07,7.45923838725375e-07,-1.67182296081764e-06,9.63368563510909e-06,5.68420809257621e-07,-1.16226644362257e-09,-0.000166411972693683,-8.4154130601911e-06,-2.57678846282518e-07,-1.92738044539687e-05,-1.51427610631418e-06,-9.26542837812437e-07,-3.13993165716733e-07
"north_west","beta26",-1.25504837610486e-07,1.28323532450857e-06,-1.42471797429567e-09,4.08248330719405e-07,3.60419380773024e-08,9.52791004078018e-09,-1.01574127541331e-08,3.16308533963345e-08,-1.8397318681107e-08,3.78574961644465e-09,1.57364624206868e-08,2.0273763543649e-08,2.88025076406056e-08,5.46088954304569e-09,6.42305920950239e-08,1.48222051877219e-07,6.73402100224089e-08,1.49990003803338e-08,1.32019423608255e-07,-1.65776336396034e-09,9.96338772840033e-08,-2.23102540234251e-08,2.35285697320914e-07,-1.01816863206864e-07,1.89658171258007e-07,5.25107604124145e-08,2.23966923168475e-09,1.2714369078868e-07,9.07692353051941e-08,4.59478364537702e-08,3.49636290344643e-08,5.76545282888912e-08,4.00403919504029e-08,-2.74317910169263e-09,-1.26997280955369e-08,3.82824592553271e-08,-1.40108868302146e-08,-5.44057141365606e-09,1.63437142086884e-08,-5.8371756441663e-10,-1.73937358882724e-07,5.03737608454372e-07,-2.22407079932973e-06,1.5737176516794e-07,7.7197187062662e-07,1.01515544527449e-06,-3.85194032987118e-07,3.17078344140893e-08,-6.82191037507244e-07,-5.29841905510025e-08,-1.77442734684726e-07,-5.37290354173623e-07,-1.54429873049307e-06,3.78395363590697e-08,-5.73294565623571e-07,-7.68738491564811e-08,9.45300987605624e-07,1.80994031684942e-09,5.36450198279022e-09,4.90404307703859e-09,4.64100389000053e-09,-2.04547715349772e-09,4.8034154498552e-10,3.19728683551111e-09,-3.05968799334784e-10,1.83682259954112e-09,-2.98205959967386e-10,1.56318004065089e-07,3.35635830625155e-06,-2.60185735543567e-06,-1.98077560413463e-07,-6.7035846666926e-07,7.80034812048082e-07,1.72320324477555e-06,3.64319440075882e-06,-5.18743292855902e-06,1.25030183201455e-06,-2.67225091489518e-10,-0.000132337204891266,1.43221911281753e-05,-2.5868704493463e-06,1.27715907682001e-05,-1.14523614873549e-06,-7.74591941987203e-07,-2.70677600991378e-07
"north_west","beta27",-1.84285407919932e-08,2.63052848508437e-07,6.16525608717501e-08,-9.211192565051e-08,-5.7938718043818e-08,2.21295176317589e-08,9.91277705407467e-09,2.91903558162959e-08,-3.51222677682033e-08,5.5930746843642e-08,-2.68645053262566e-08,3.87797855910996e-08,3.79469421642344e-08,3.24197819875555e-08,7.74185407073392e-08,8.93286806673996e-08,6.46851899009258e-08,6.0419980186671e-08,8.33591773504989e-08,1.34005863149566e-07,3.01742774458996e-09,1.74769883749706e-07,-1.01816863206864e-07,4.57082981921834e-07,-1.59579527860293e-07,2.28869050737596e-07,-3.6906879377255e-09,1.06837480012873e-07,1.55423573234953e-07,9.87126100772019e-08,4.58266612684766e-08,5.90286199448447e-08,1.12455273079331e-07,-1.18406610942711e-08,4.24475348835509e-09,-7.44476430599988e-09,2.1158146755398e-08,4.3268671420954e-09,2.19654150040204e-08,-1.43113265214472e-08,4.85271729664051e-07,8.04039412192442e-07,-2.24289332122274e-07,4.56428038123483e-07,9.02327978201533e-07,1.97717530316909e-06,-1.80217330001861e-06,-2.0770939019452e-06,5.53968450097082e-06,3.30313619207594e-07,-6.91415780848085e-08,-1.14121120333006e-06,-2.69489256778836e-06,-5.3071183064126e-07,1.74997858227272e-07,-5.10545688766179e-07,2.96381712556953e-06,6.42680024962053e-10,3.14311807235544e-09,5.93559997066417e-09,5.74944455075668e-10,6.76993564182739e-09,-5.90422725139982e-10,4.88684539609034e-10,1.36616129155633e-09,1.52562784014849e-09,9.95580200352404e-09,-8.27236110827975e-07,-1.94345938897078e-06,2.88283483945295e-07,2.36228015097297e-07,3.11316352340739e-06,-2.10695035763621e-06,2.02079992269758e-06,-4.40526400333153e-06,1.64643568542599e-05,-1.14596207734595e-07,7.55912080107891e-10,-0.0001942502321965,-9.33417582539609e-06,4.72311631439628e-06,-2.55597534073368e-05,-1.74881826075044e-06,-9.70364416223665e-07,-5.81160469823415e-07
"north_west","beta28",3.18501174044439e-08,5.9073319867108e-07,-6.63762779979255e-09,8.75362903355905e-08,2.83930548209503e-08,2.37176625380783e-08,-5.25731182598337e-08,8.76209436396173e-08,-6.03523301468593e-08,2.30183275294171e-08,5.71036681772845e-08,2.61414972493031e-08,3.99180102810347e-08,-7.17504753461014e-10,8.76323090336098e-08,-7.86539587773995e-08,8.43300727771715e-08,3.26044329473197e-08,1.36992792475536e-07,6.56270261369514e-08,7.10561820707271e-08,7.17686943254964e-08,1.89658171258007e-07,-1.59579527860293e-07,5.70098231422994e-07,-1.87182818473376e-07,2.98169664195679e-08,2.56733333507621e-07,5.84260531367815e-08,1.0372750721304e-07,2.77044363467075e-08,5.88813337524246e-08,6.42488260923092e-08,-1.26054313795612e-08,-2.45793880364226e-08,2.75517533238561e-08,4.50928109432446e-08,-3.03291565159157e-08,2.71015655685352e-08,-1.39605880189216e-08,6.18837284714276e-07,1.4957320252961e-06,-1.58766243537418e-06,8.92573337911212e-07,2.43008533560742e-06,1.81119721535527e-06,2.37109644003557e-06,-1.19924414949682e-06,-2.82915347740289e-06,5.94233140686253e-07,1.08953943654124e-07,-7.75537520596361e-07,-7.01010575679509e-07,-3.17843203614936e-07,-7.58451389688788e-07,1.84297795858574e-09,1.34649103057629e-07,3.07148404856848e-09,8.78748543345192e-09,5.45145038632135e-09,3.51670681682588e-09,3.33256879258381e-10,7.35476221582707e-10,4.08484312348825e-09,-1.07239055486077e-09,2.50708837289862e-09,-5.183924835528e-09,-4.94200842310774e-08,2.45702172108392e-06,-3.12737582727952e-06,-1.17102721439374e-06,4.46848714134083e-07,6.59087432549506e-07,5.4565669497242e-07,1.01597166463005e-06,-2.6067831360312e-06,2.36808275309988e-06,-6.31970823409132e-09,-0.000171819001237373,7.89650319563665e-07,-8.95683626988317e-06,-9.63054658285245e-08,-1.60289097195928e-06,-1.12952119703606e-06,-1.2343473214097e-07
"north_west","beta29",-3.6060085222004e-07,3.27286509068332e-07,2.91844853918913e-08,4.35746148140529e-07,-4.22682461977047e-08,1.54492637041755e-08,4.61632129900268e-08,6.67011763528234e-09,-1.01780217420564e-08,4.71622805387484e-08,-2.68226507690835e-08,2.84474013578087e-08,4.44406014258228e-08,9.94395174811584e-09,1.04286985510272e-07,2.47220084429979e-07,4.85573466639904e-08,6.92735142450707e-08,8.2379455920821e-08,8.0853767484861e-08,5.20726418952249e-08,1.04155369211019e-07,5.25107604124145e-08,2.28869050737596e-07,-1.87182818473376e-07,4.49719407404565e-07,-1.31282896611785e-08,-4.24518674970658e-08,2.40831311808907e-07,5.51966983971094e-08,7.49561327814634e-08,6.36185983450906e-08,7.58109860452904e-08,7.78626933425527e-08,6.59564318048257e-09,3.38220341952503e-08,-2.93150708460255e-08,-2.15179366571326e-10,4.10119834875779e-08,-3.05980248440777e-09,-7.38021276536682e-07,-4.57139164144784e-08,-2.747394173572e-06,2.25886796487882e-07,6.77395337705983e-07,9.26592461053546e-07,-2.96476393017689e-06,6.72104904374553e-08,2.04252436008171e-06,-5.45496647688981e-07,-2.80352231902384e-07,-1.54384047623167e-06,-2.44557627985464e-06,4.36374481280273e-08,-1.26351733148329e-06,-5.90427252080293e-07,2.88330805699164e-06,6.07691264151952e-10,1.37029258655347e-09,7.54703926162572e-09,2.68296911226225e-09,-1.07000203480099e-09,9.48867300567277e-10,-4.90014525906941e-11,1.54825752131085e-09,2.41860496920748e-09,1.2483820443088e-08,1.71709526679448e-06,4.39350579229464e-06,-3.04540489703395e-06,-5.14515190672783e-09,1.69861738871629e-06,1.92937019645923e-07,1.52351554140745e-06,9.11293809126537e-07,9.71043006121498e-06,-1.68950619371234e-06,9.49263632715376e-09,-0.000175185590388318,3.74679676834843e-06,1.74086461107676e-05,-1.73582043929312e-05,-1.42759699470325e-06,-1.13269451272266e-06,-8.20151049809981e-07
"north_west","beta3",2.55595632097878e-09,-4.50000895379429e-07,1.95605430707661e-07,3.97748323888162e-07,-5.21095354137804e-09,1.20195170755495e-08,-2.93946729907178e-08,2.9326767169597e-08,-2.67269158506986e-08,2.31886109845138e-08,1.1325206426456e-08,-8.67970542770782e-10,9.33438646523392e-09,-6.14864714470293e-09,3.13627463300795e-09,-7.3967333867507e-07,3.43016931130327e-09,2.62097754653965e-09,-2.29789229902837e-08,1.4710793117678e-08,-4.68054794059105e-09,8.25685804617128e-09,2.23966923168475e-09,-3.6906879377255e-09,2.98169664195679e-08,-1.31282896611785e-08,1.20007040479705e-07,8.21378295917614e-09,6.84002410636642e-09,7.4701418613503e-09,-2.50391244894539e-09,-9.8877740120657e-09,1.64856975881689e-08,-1.0579728996194e-08,-8.02132808322136e-08,8.1422254875706e-08,-6.89640661130297e-08,2.7782079434916e-08,-8.51537112367985e-09,-2.50316145159756e-10,1.51910657437411e-07,-4.94308021435368e-07,-2.61944787154857e-07,-2.01096029285048e-07,-5.76521612859103e-07,8.11416819904213e-07,-2.12194992541023e-06,1.86067951249021e-06,1.11693815520116e-06,2.60280507179751e-07,9.75559879605954e-08,-2.24045146208424e-07,1.68786991048519e-07,4.60365108267327e-07,-1.82456420934427e-07,2.46167098950294e-08,-8.56563197162984e-07,-6.58496161021179e-12,1.26655241929018e-09,7.14717459895755e-10,2.21671292344601e-09,3.77577504843345e-09,1.17952342988745e-09,2.28498073688399e-09,1.48455501143423e-09,1.3789199152657e-09,-1.40231375772544e-09,-8.91740843625081e-07,-6.09422484652877e-07,5.15840946736538e-07,1.51093026600229e-07,3.06670897594312e-07,-2.15315277542369e-07,-8.12018637356036e-08,2.87942689586672e-06,-2.34840446788191e-06,9.78315455936398e-07,-8.91373431201092e-10,-1.53552885261305e-05,9.09777308169102e-06,1.92388882562623e-06,-1.86931472858384e-05,-1.11453367276078e-07,3.27355090847825e-07,-1.41416250306644e-07
"north_west","beta30",2.02987158804522e-07,1.87785889185245e-06,4.47642329349962e-08,-2.45126120797294e-07,-8.68423534662879e-10,3.51648675800488e-08,-6.12415857440688e-08,8.58200792693641e-08,-6.02655036568163e-08,2.17083897265829e-08,1.50321880787483e-08,4.07664265950349e-08,4.06259177992037e-08,3.16245870742632e-08,7.38857448253886e-08,1.38686314460894e-07,1.03700160015623e-07,3.29954988725988e-08,1.42442998995161e-07,1.33197273931194e-07,3.55363538632197e-08,1.25816306874549e-07,1.2714369078868e-07,1.06837480012873e-07,2.56733333507621e-07,-4.24518674970658e-08,8.21378295917614e-09,3.643390138483e-07,1.80390275026899e-08,1.50984749425165e-07,7.52757128080102e-09,1.09377097247461e-07,6.67121336496722e-08,-1.38934477996273e-08,-1.23059135678191e-08,1.73502544552222e-08,3.08876048954301e-08,-4.74541226040931e-09,1.10016537366894e-08,-2.42991431623111e-08,9.49046955686397e-09,1.35390323505818e-06,-1.57422531699451e-06,-1.20431929820232e-07,1.99511126072622e-06,1.63309954213705e-06,1.41714067008313e-06,-3.18588145926727e-06,1.40141666154834e-06,8.38800375278059e-07,-1.08194031838348e-07,-9.67731854956214e-07,-4.4583498120687e-06,2.08839999046797e-07,-3.60358908516016e-07,-2.50616883457928e-07,2.90268508410391e-06,3.61416537841744e-09,1.02221020910155e-08,7.3576309844757e-09,6.01511380665616e-09,2.8096853922782e-09,1.65006424092353e-10,5.52639038311616e-09,-2.94357470070759e-10,2.61196271323349e-09,-1.0736051123184e-09,9.61391272807673e-07,-3.15055226122125e-07,-1.45742334712107e-06,-8.80750878512965e-07,7.51533031650834e-07,-6.63707353088169e-07,3.92772771088338e-06,6.56011633173368e-07,3.59023449086073e-06,3.03297889730528e-06,-1.1833276252602e-08,-0.000225119225303489,2.46769802556743e-06,-2.34934578605859e-05,-1.92004919064171e-06,-1.96187167580074e-06,-8.97066087152799e-07,-2.83551965605479e-07
"north_west","beta31",-3.82231665127045e-07,4.22859285982136e-07,-1.16191107543413e-08,6.24115722357773e-07,4.03217002775759e-10,4.49263532910423e-09,3.78286200519921e-08,2.25267071882063e-08,-2.77846627269483e-08,7.91123128065069e-08,-3.21959559885179e-08,3.27615901193261e-08,4.82323859654576e-08,4.81002856176975e-09,1.12495394119347e-07,5.78080035029926e-09,6.9184177895797e-08,5.79835944376691e-08,1.27644151376559e-07,5.18207724637138e-08,8.24046284470381e-08,9.64169745224518e-08,9.07692353051941e-08,1.55423573234953e-07,5.84260531367815e-08,2.40831311808907e-07,6.84002410636642e-09,1.80390275026899e-08,2.92448024669425e-07,3.93102318496091e-09,1.09406114681359e-07,2.9825412940599e-08,1.01909753985828e-07,4.69359181883166e-08,-1.08585408613631e-08,3.43459558197587e-08,3.34135496184788e-09,-2.52814197533985e-08,5.28134519248864e-08,4.4862077157522e-09,2.80086274655709e-07,5.12419886118973e-07,-1.47493481750914e-06,1.53858053513408e-06,1.45276463120496e-06,1.86705368948312e-06,-2.74879191609498e-06,2.73479893515072e-06,9.76090040443585e-07,-5.03298451877799e-07,9.462938944865e-09,-1.25913585037763e-06,-2.30218666213362e-06,-7.13058533081614e-07,-3.04701344030105e-07,-3.40530132242691e-07,1.64204971467862e-06,1.96739045053325e-09,4.261549152255e-09,7.85952439638778e-09,2.95231904770804e-09,5.62602277742719e-10,1.80599098426992e-09,1.29852982695919e-09,1.0672026146913e-09,2.67118168934519e-09,7.87548660702697e-09,-2.54754080317921e-07,1.948801365926e-06,-2.76593877216979e-06,5.20486425151437e-08,1.77705898071792e-06,-4.0483715422453e-07,1.73407045137047e-06,-1.30334748751586e-06,8.61032939052642e-06,-1.25439452417596e-06,9.48528843440232e-09,-0.000187782440505664,1.02947109179637e-06,2.92458663957492e-05,-1.10817916909788e-05,-1.70829180262044e-06,-1.31619388443728e-06,-6.27036461158698e-07
"north_west","beta32",2.47270930592191e-07,3.15345787470345e-07,3.18821606181415e-07,-6.84346454589171e-07,-8.96424777631765e-10,2.69207205786623e-09,-4.10162438295955e-10,4.50947683286766e-08,-4.30496784619821e-08,9.40540868066383e-09,3.63577513411899e-08,2.44714186279257e-08,3.98408430817984e-08,1.64305624440384e-08,4.96506911009679e-08,6.57108507453599e-08,6.79037375096017e-08,2.80197599235489e-08,7.48626401480521e-08,1.12136315512078e-07,7.53215353066005e-10,1.00413741328698e-07,4.59478364537702e-08,9.87126100772019e-08,1.0372750721304e-07,5.51966983971094e-08,7.4701418613503e-09,1.50984749425165e-07,3.93102318496091e-09,5.15020827318869e-07,-3.29511793114684e-08,3.26008233442525e-07,9.54770332599283e-08,2.77167906030548e-07,3.63181346986245e-10,8.03241270085521e-10,2.40412781996239e-08,-8.5883389255773e-09,6.71310217367089e-09,-1.07708070022855e-08,-7.11325412584708e-07,6.69100356485267e-07,-3.38976505245878e-06,-7.5411167579831e-07,2.76895350636525e-06,4.50795711832943e-06,2.69708032301729e-06,-7.8788748985116e-06,1.96025474214469e-06,1.11759695784835e-06,-1.27120249460257e-07,-9.60062238028537e-07,9.65141676357903e-07,9.37396182824852e-07,-3.66060881164833e-07,1.96068113618407e-07,4.53907635379048e-07,6.54493970452159e-10,8.07447595235926e-09,3.4942395470223e-09,1.12366476767569e-09,4.81032219394591e-10,4.02681785327305e-10,1.28887328066365e-09,3.96160468915104e-10,2.03911069737318e-10,2.49948720473553e-09,5.36438061472406e-07,4.99797683971393e-06,-2.61580728639435e-06,-3.19652058410756e-06,-9.28788238182634e-10,7.67273114798998e-07,-1.11952180099758e-06,-6.4159196814905e-06,4.82991242479334e-06,4.46972954028836e-07,-5.75273664231505e-09,-0.000170417717100168,2.42800289488325e-06,-9.51060804298275e-05,1.51492484999478e-06,-1.57778845646088e-06,-4.35817835888299e-07,-4.21601481402167e-06
"north_west","beta33",-2.53558224077232e-07,-2.7532066065636e-07,-6.35805669776825e-08,-9.77876654006508e-08,6.45188105891457e-09,-9.1637811797891e-09,3.84514651610775e-08,-1.30362708684672e-08,7.13713261491277e-09,3.62173788018469e-08,-1.19184499921786e-08,6.43028151166578e-09,2.04049867971831e-08,-2.71299506776233e-09,3.81704771341527e-08,-5.84167493605288e-08,2.0074909325286e-08,2.26294998897124e-08,2.51042012826181e-08,1.03119000665974e-08,4.16482900964424e-08,2.33860860979784e-08,3.49636290344643e-08,4.58266612684766e-08,2.77044363467075e-08,7.49561327814634e-08,-2.50391244894539e-09,7.52757128080102e-09,1.09406114681359e-07,-3.29511793114684e-08,1.64191411185642e-07,-1.15208306718358e-07,1.54281210790298e-07,-1.01672802476353e-07,7.61442806071707e-09,4.21843551471881e-09,2.71421745933742e-09,-2.00008268378848e-08,3.3039174428471e-08,1.9143549617792e-09,-6.94571936148604e-07,-7.13166185835497e-07,-2.38349390538082e-07,6.46227606620127e-07,1.18569694986844e-06,-1.25608764270739e-07,-1.82959066041803e-06,-7.13995929470006e-07,-8.68436211521471e-08,-2.54572929688254e-07,9.10258513816837e-08,-6.14138062016966e-07,-4.63685780010005e-07,4.34513088707223e-07,3.22494455262071e-07,2.15809626268389e-07,8.40631560235899e-07,8.50501957585419e-10,2.6461209754111e-09,2.46626608546929e-09,1.2415226408894e-09,-2.35659542791582e-09,7.92989415587501e-10,6.14760538587957e-10,1.28249516710171e-09,8.51421437799238e-10,4.22404495660212e-09,2.30836949174648e-07,-1.49738549771761e-07,-1.29932382511552e-06,-3.60428532421922e-07,4.48508121109499e-07,1.68905528486678e-07,1.39254559761404e-07,-5.43843534309696e-06,3.27956502056327e-06,-2.06822708808718e-06,3.09250654405466e-09,-4.74142505282699e-05,1.24910466741269e-08,-1.18339542634946e-05,-3.68788087731957e-06,-4.67371012420289e-07,-4.13067975019041e-07,-1.03649474160448e-06
"north_west","beta34",1.91236080876443e-07,1.34952668278156e-06,3.13895979252419e-07,-6.00174263017206e-07,-3.74585888431916e-08,7.87852418618554e-09,-1.05659020033724e-08,4.10497868060182e-08,-4.60064983898486e-08,7.81155788550878e-09,-1.10773697444917e-08,3.03613341043734e-08,2.70261311108282e-08,2.41508115105136e-08,3.2175750329115e-08,3.78893258633374e-07,6.95452313156231e-08,6.16777616394639e-09,8.92892683738021e-08,1.07653562785642e-07,-1.34451118825413e-08,7.92805980117892e-08,5.76545282888912e-08,5.90286199448447e-08,5.88813337524246e-08,6.36185983450906e-08,-9.8877740120657e-09,1.09377097247461e-07,2.9825412940599e-08,3.26008233442525e-07,-1.15208306718358e-07,5.85551483166479e-07,-3.01743511299578e-07,7.7217846525605e-07,6.97214881554955e-09,-1.26559002795463e-08,2.86484888164842e-08,-1.30078549910501e-08,6.25314143234754e-09,-1.09110534607154e-08,4.10435271394029e-07,8.66930046113417e-07,-2.47208609985539e-06,-1.43844500088642e-06,1.73509970204975e-06,2.48157312712989e-06,4.24645849224289e-06,-5.8877494420731e-06,-2.39174563725988e-06,4.43641490153663e-07,-3.50607215116296e-07,-5.56919676968177e-07,5.63559887564434e-08,7.79593268200921e-08,-9.32780154914348e-07,-2.06540485491261e-07,1.1871120182618e-06,1.04792314824508e-10,5.88924154581304e-09,2.01820851949255e-09,-8.85927972577536e-10,-3.00407532953998e-10,-9.71951477962288e-10,1.71585642434484e-09,-2.53157351606613e-09,-7.22270002438429e-10,4.74633989649004e-09,2.81674844832827e-06,4.33820453738521e-06,-1.62112392605537e-06,-2.25184808533065e-06,9.00406132752066e-08,3.28517064666217e-07,-1.34360844755229e-06,-7.71204768961635e-07,3.53630703787302e-06,8.92597300022772e-07,-6.95944250754422e-09,-0.0001737032977289,4.08535900459544e-06,-6.35780816928947e-05,4.19337342927468e-06,-1.55458544769017e-06,-3.02694159444837e-07,-2.5357680130586e-06
"north_west","beta35",-1.45693961027337e-07,8.6425046046812e-07,-2.42202684713728e-07,4.32251976920914e-07,4.52923705197247e-08,8.16003651045847e-09,1.61373344970296e-08,1.85343598538161e-08,-9.52609154838858e-09,3.47950480595418e-08,5.49505021352479e-09,2.16783346922882e-08,2.25925578144219e-08,3.1123082433095e-08,5.65304242994384e-08,-4.39313469489158e-07,3.68439964855404e-08,3.53174814588508e-08,7.67558685717722e-08,-1.38931163189862e-09,6.50299055586043e-08,4.55850642158102e-08,4.00403919504029e-08,1.12455273079331e-07,6.42488260923092e-08,7.58109860452904e-08,1.64856975881689e-08,6.67121336496722e-08,1.01909753985828e-07,9.54770332599283e-08,1.54281210790298e-07,-3.01743511299578e-07,7.2957906379008e-07,-1.27417487280832e-06,-3.42309603882553e-09,2.76850784251278e-08,-5.64215164412839e-09,-5.85391862147437e-09,2.79257253004621e-08,-2.15245711897784e-08,-1.36444833429162e-06,-2.09880395152798e-07,-1.44658621325484e-06,9.9399134476982e-07,1.1679738753686e-06,1.3134224075621e-06,-4.13002923672035e-06,1.259130617222e-06,3.60374732708555e-06,9.71987023574418e-08,3.02584067434031e-07,-9.42369522841143e-07,-2.5447290599359e-08,8.28756854816507e-07,5.96163825576371e-07,-1.38386166040989e-07,2.09210576411111e-06,2.06384516226645e-09,2.12847588167292e-09,2.53001841835087e-09,5.36362246657558e-09,2.38493914012435e-09,3.2930749334675e-09,-1.61133771790443e-10,2.18364736164316e-09,2.17032942857407e-09,-1.68843371926887e-09,6.07000127854893e-07,-5.38895933350564e-07,-1.60052576006258e-06,-4.68586805987958e-07,1.1086902967713e-06,2.69657499160164e-08,-2.48294461990667e-07,-8.24281118386942e-08,3.14721955397364e-06,-7.99654408421227e-07,1.1284091367871e-08,-9.72927291326756e-05,9.39754638644109e-07,-2.408412660271e-05,-1.07199482625571e-05,-8.96504016052117e-07,-5.82355218858491e-07,-1.57429723732795e-06
"north_west","beta36",2.98552780388371e-07,-1.48202887650397e-06,8.64431770967973e-07,-1.60869670201248e-07,-2.89178871234448e-08,-4.52021330829875e-08,9.28759020141065e-08,-7.47257558617984e-08,1.63613065669623e-08,7.57639139766187e-08,-7.58830414520996e-08,-1.03371400107588e-08,2.65128478505447e-08,-1.15680593988377e-07,2.29142421135735e-08,9.52023445552299e-07,1.98831193135019e-08,-4.15019734551783e-09,-7.23952927923004e-08,2.09769819714445e-07,-9.19826897267912e-08,7.48600393728265e-08,-2.74317910169263e-09,-1.18406610942711e-08,-1.26054313795612e-08,7.78626933425527e-08,-1.0579728996194e-08,-1.38934477996273e-08,4.69359181883166e-08,2.77167906030548e-07,-1.01672802476353e-07,7.7217846525605e-07,-1.27417487280832e-06,3.87739715909303e-06,-1.64293382627744e-08,-1.55458737982742e-08,3.96089754072439e-08,-5.56564828152739e-08,5.26452090643979e-08,5.56252824786554e-08,1.34864432075541e-06,-1.18357869084277e-07,1.71128565628615e-06,6.06746442325415e-07,1.491725785987e-06,4.36995368779771e-06,7.08885623331729e-06,9.38961826291229e-07,-3.19013119379504e-06,-1.22194074630264e-06,-4.6374025560505e-08,1.61029681209697e-07,-1.85625628684986e-06,-1.37358066320445e-06,-1.55874360352105e-06,7.02613451760218e-07,-2.83985499084618e-06,1.20157304051698e-10,1.16727180484852e-08,9.85672847804559e-09,-6.8775068113258e-09,-2.00360365627822e-10,-3.06721083932049e-09,4.30878824699049e-09,3.13376064075303e-09,-1.67564092915236e-09,1.39138520679602e-08,-4.56613987793747e-06,1.66516190295735e-06,-1.12471276788629e-07,-2.39865761982265e-07,-3.21892946245313e-06,1.39302773573434e-06,1.36704417836282e-06,-1.3307408998695e-05,2.13202164279392e-06,-1.81625985929578e-06,-1.42482495924514e-08,1.49063993408226e-05,-4.3063117157678e-06,-7.76308084832694e-05,3.805407559414e-05,1.80962556588846e-07,-5.25257094625036e-07,-3.49523518105159e-06
"north_west","beta4",-4.49951242312045e-08,-1.11681473655552e-07,-1.74103489176925e-07,-5.45121729231608e-07,3.04600270453968e-08,-5.37675394203903e-10,1.5296363264043e-08,-1.32896038048644e-08,2.01704131436106e-08,-1.78448477967051e-08,9.82469679206525e-10,1.37184891537917e-09,-2.94639847451007e-09,6.53982791892574e-09,-8.99776587820013e-09,3.2691307071216e-07,6.10491280371854e-09,-4.22458838589778e-09,1.02074026364023e-08,-1.17032981719489e-08,5.10282590951337e-09,-4.2120664548411e-09,-1.26997280955369e-08,4.24475348835509e-09,-2.45793880364226e-08,6.59564318048257e-09,-8.02132808322136e-08,-1.23059135678191e-08,-1.08585408613631e-08,3.63181346986245e-10,7.61442806071707e-09,6.97214881554955e-09,-3.42309603882553e-09,-1.64293382627744e-08,8.70765106678895e-08,-1.13775941228463e-07,8.46670847822965e-08,-3.47648146145301e-08,2.0541119096189e-08,-5.97376041559218e-09,-9.34093127896199e-07,1.70663945497597e-07,1.68216941156266e-07,5.19491177356251e-07,1.01593513919938e-06,-5.38761541497904e-07,1.83491577371589e-06,-4.29788749134304e-06,-1.72865939040278e-06,-4.2281758665539e-08,5.35569600897578e-08,-2.8919979871952e-07,3.67449154022532e-08,2.70685227532724e-07,1.78586965163849e-07,4.66190785357555e-08,5.98864514951586e-07,-7.92638301553417e-10,-1.65215925240776e-09,-1.01736717667906e-09,-2.04097199563521e-09,-5.91079622714215e-09,-1.71625239869831e-09,-2.17673157660906e-09,-7.9046877120256e-10,-1.14206801562247e-09,5.0030130408305e-10,1.08042910418425e-06,-6.15321610959323e-07,-8.10892361382738e-07,-4.74291517607097e-07,8.06717421587193e-07,3.97140133149524e-07,-7.94174079509675e-07,-4.82132348123903e-06,3.92476758662858e-06,-1.67331386716057e-06,1.39462178753329e-09,8.59981466780491e-06,-5.07656871620691e-06,-2.2978016316081e-06,1.58913955137796e-05,3.75510479178953e-08,-1.48466896191899e-07,4.74872685425343e-08
"north_west","beta5",-1.60604933639598e-08,1.64415121825753e-06,2.68428964364447e-07,8.61201937268938e-07,-8.21312766733213e-08,-1.03370365711968e-08,1.20410644610202e-08,1.59121495601535e-08,-2.18409769554814e-08,3.46814289992399e-08,-8.92020228670315e-09,1.76227822753302e-09,6.18174620963684e-09,-1.55590548412011e-09,2.96831891016436e-08,-3.25479214735888e-07,-7.20180107372494e-09,1.46420279974014e-08,6.11727597750496e-09,3.53087715309794e-08,-8.76848479678958e-09,1.52526600927861e-08,3.82824592553271e-08,-7.44476430599988e-09,2.75517533238561e-08,3.38220341952503e-08,8.1422254875706e-08,1.73502544552222e-08,3.43459558197587e-08,8.03241270085521e-10,4.21843551471881e-09,-1.26559002795463e-08,2.76850784251278e-08,-1.55458737982742e-08,-1.13775941228463e-07,2.59631305665985e-07,-2.73772802008334e-07,1.05455610288346e-07,-5.52268734151312e-08,3.63255153177224e-08,9.86023134028653e-07,4.93091802190051e-07,-1.54820472834418e-06,-6.76844429086571e-07,-1.68380210179015e-06,1.11555239037637e-06,-1.78434093470176e-06,6.55992146902212e-06,1.2274688575348e-06,-1.48020359765953e-07,-1.83011597860042e-07,-2.16454019399684e-07,-1.79963840998757e-06,-6.33811097563627e-07,-3.73850495501291e-07,-1.52589624139887e-07,2.00867948324774e-07,1.74181276475105e-09,1.57237637264476e-09,2.43976437449334e-09,2.99640323923351e-09,3.85178362949949e-09,2.07985129202396e-09,2.33408172333427e-09,-1.3000363125144e-10,2.01055710630964e-09,1.06143143317937e-09,-3.6946319299351e-07,3.13594406654863e-06,7.20314221015164e-08,1.1596343808868e-06,5.69462330584666e-07,-6.24294885092464e-07,1.95246321999448e-06,7.1940487455698e-06,-4.76698212917539e-06,2.76281232729831e-06,1.81234169732385e-09,-1.91504117941554e-05,9.87780574495072e-06,1.33427879816674e-06,-4.12079572823645e-05,-6.15105590740075e-08,-3.35879033440429e-08,-2.250332644392e-07
"north_west","beta6",8.12028977054998e-08,-2.34164519498993e-06,-2.33133340111911e-07,-7.69015836250996e-07,3.71282160034511e-08,3.47858442730912e-08,-2.24483188832694e-08,1.32714086208957e-08,-2.13277618092194e-09,-2.75030568450555e-10,1.35388012176127e-09,8.32808180937386e-09,5.05350700141828e-09,7.81291612725796e-09,-1.57323307633541e-08,4.74152433459347e-07,2.9544591928125e-08,-2.34855020046589e-08,4.31629107853943e-08,-3.45588620591468e-08,2.15570969173319e-08,1.15991330440782e-08,-1.40108868302146e-08,2.1158146755398e-08,4.50928109432446e-08,-2.93150708460255e-08,-6.89640661130297e-08,3.08876048954301e-08,3.34135496184788e-09,2.40412781996239e-08,2.71421745933742e-09,2.86484888164842e-08,-5.64215164412839e-09,3.96089754072439e-08,8.46670847822965e-08,-2.73772802008334e-07,5.57117686928381e-07,-3.61991780489148e-07,2.25507226718292e-07,-7.68982030787858e-08,-3.26002579989833e-07,7.499057954062e-07,7.74318676477111e-07,8.8514393640083e-08,6.97589549061865e-07,6.87776497154436e-07,-1.52451057377761e-07,-3.27967779177266e-06,-1.0929849938547e-06,8.98832747070222e-08,-8.99188103019585e-08,-5.10229365908528e-07,-4.41395807508222e-07,-1.02450886696555e-08,-2.72720092299393e-07,-4.07630046582164e-07,1.43693734616836e-06,1.49805072017729e-09,3.51829640698098e-09,4.25696730829075e-09,1.7967483640558e-09,6.32418661815466e-10,1.20477337607026e-09,-6.98459826145192e-10,1.64273395756159e-09,-1.29411930971363e-10,1.08783116108441e-10,8.02487969455994e-07,-6.58249949306348e-07,-6.36210527553486e-07,-1.10990742774965e-06,-1.05506026508728e-06,1.48363705185194e-06,-4.10153472692493e-08,1.19285461925091e-06,2.64704270711229e-06,-3.43530933263647e-06,-2.27616358303397e-09,-1.9893916311802e-05,-1.03266839446768e-05,-2.27703940635064e-06,2.4847366363624e-05,-7.06404904733795e-08,8.72362848679087e-08,-1.8685039181343e-07
"north_west","beta7",2.43681675169991e-07,1.03986785399012e-06,1.34328507533884e-07,1.66270430792647e-07,8.70954350178337e-08,-3.55279627354147e-08,-2.1291530154003e-09,1.70734731266611e-08,-1.23531759336655e-08,1.16944920079086e-08,-8.47918498710798e-09,1.86634825685199e-09,3.91548484786698e-09,8.5360290961843e-09,1.19903169367974e-08,-2.47097670569453e-07,-2.00428419277767e-08,1.77690523170064e-08,-3.82464456258389e-08,2.87798372114772e-08,-1.37621825055622e-08,-2.18992564130923e-09,-5.44057141365606e-09,4.3268671420954e-09,-3.03291565159157e-08,-2.15179366571326e-10,2.7782079434916e-08,-4.74541226040931e-09,-2.52814197533985e-08,-8.5883389255773e-09,-2.00008268378848e-08,-1.30078549910501e-08,-5.85391862147437e-09,-5.56564828152739e-08,-3.47648146145301e-08,1.05455610288346e-07,-3.61991780489148e-07,4.34902232995461e-07,-4.09767528611505e-07,1.13380949701931e-07,8.38691084158599e-09,-7.08342897516282e-07,3.46085463279095e-07,1.46089475880588e-07,1.2448784392915e-06,-3.05320669152651e-06,-2.92963784777257e-07,-1.39261087532095e-06,2.89335127582773e-06,5.87065571987328e-07,2.24060308101208e-07,4.34831563115933e-07,1.64376573890508e-06,1.54382252454038e-07,1.73664072421561e-07,5.55435862685879e-07,-2.47042642990986e-06,-1.98673691357595e-09,-2.98594251569719e-10,-4.84440881513453e-09,-2.96645225077581e-09,3.57981051009801e-09,-1.52356787202094e-09,1.11152463561632e-09,-1.31901665473816e-09,-5.04062249433446e-10,2.62580797289852e-11,-1.96515467512347e-06,-7.453875019193e-07,1.07918165124819e-06,-6.96829026724871e-07,1.41940440078456e-06,-1.91957614528003e-06,-1.2233356151765e-06,-7.78831354141994e-06,4.7972721007065e-06,2.66842814824707e-06,-4.87267455299846e-09,-6.10796281826665e-06,7.9362944125412e-06,1.63276068423029e-06,1.94135210706848e-05,-3.15768792432707e-07,2.49809303004448e-07,3.64678181751269e-07
"north_west","beta8",-3.90033094242811e-07,-7.89563412404401e-07,-1.58966061838805e-07,2.90292261147507e-07,-5.49629870958856e-08,1.13898555208854e-07,-3.37925352157055e-08,-1.48963903199409e-08,2.62591234527237e-08,-1.91830494004616e-09,2.84441092600132e-08,5.63077459061624e-10,-7.83116907406062e-10,-1.75936606899037e-08,1.28293464332409e-08,7.09458530619072e-08,1.17235877946781e-08,5.58036588838667e-09,4.38660806228513e-08,-2.85792696687191e-08,2.47437050220144e-08,1.17878286138186e-08,1.63437142086884e-08,2.19654150040204e-08,2.71015655685352e-08,4.10119834875779e-08,-8.51537112367985e-09,1.10016537366894e-08,5.28134519248864e-08,6.71310217367089e-09,3.3039174428471e-08,6.25314143234754e-09,2.79257253004621e-08,5.26452090643979e-08,2.0541119096189e-08,-5.52268734151312e-08,2.25507226718292e-07,-4.09767528611505e-07,6.13907458375475e-07,-2.75677689705142e-07,6.04398605644196e-07,9.28038615895289e-07,2.29201673250378e-07,1.39016754933412e-06,-8.24469150454223e-07,4.74292160987762e-06,-4.266619968984e-07,5.77700720998685e-06,-3.42319713934201e-06,-9.59141476104026e-07,-1.703638303309e-07,-1.01193618297467e-06,-2.79212134336767e-06,-8.41535203323773e-07,1.94869138046099e-07,-3.57985357783414e-07,1.00804298337071e-06,3.22100846343812e-09,1.53475644547174e-09,7.37541358918234e-09,4.83192797863691e-09,1.2930236664097e-09,3.00277093844399e-09,7.34511784976369e-10,1.78148874504138e-09,7.13093862642794e-10,6.05047195917806e-10,2.41838971325424e-06,-9.7094393074836e-07,-1.13739424987444e-06,1.1973196252223e-06,-3.94500784757037e-07,1.55741521652917e-06,1.99732849522003e-06,1.04161854147404e-05,-9.17369446169914e-06,-2.14766643620788e-06,7.88857356872487e-09,1.86351876004712e-05,-5.88814942959586e-06,-4.87438718582586e-07,-2.24998455452457e-05,5.60316611421375e-07,-5.12987569944405e-07,-6.02033554314767e-07
"north_west","beta9",-4.66932967671934e-08,5.56332767655059e-07,8.55854125157348e-08,3.39559496353378e-07,-8.58482677660034e-08,-1.75640465183267e-07,1.48945002944081e-07,-2.61840951553201e-08,1.6773839289079e-08,3.5464709412363e-09,-5.28282040561371e-10,1.51112076005776e-10,-1.28825332469619e-09,3.67684556587405e-09,-2.41759392980897e-09,5.49762665134465e-08,-5.89080334240296e-09,4.71378125487456e-09,-3.38625815108389e-08,3.20604554624322e-08,-1.60071514123994e-08,-2.38098624744755e-09,-5.8371756441663e-10,-1.43113265214472e-08,-1.39605880189216e-08,-3.05980248440777e-09,-2.50316145159756e-10,-2.42991431623111e-08,4.4862077157522e-09,-1.07708070022855e-08,1.9143549617792e-09,-1.09110534607154e-08,-2.15245711897784e-08,5.56252824786554e-08,-5.97376041559218e-09,3.63255153177224e-08,-7.68982030787858e-08,1.13380949701931e-07,-2.75677689705142e-07,3.31088194263519e-07,4.87754064208701e-07,-2.75565054723872e-07,-3.24820865972769e-07,-1.23870271695324e-06,-6.97949780477334e-07,-2.48360769405268e-06,-5.14064023059272e-07,-3.26916038442069e-07,-4.79295260060444e-08,7.78614562088724e-08,-5.49690088889228e-08,7.71496405033684e-08,5.00122290027788e-07,-3.62750335412384e-07,-6.17804524530879e-07,-6.96595718267575e-08,1.20980753625249e-06,-1.89268002600727e-09,-2.01724171633059e-09,-1.77046402077702e-09,-1.82206774151441e-09,-5.52874018898281e-09,-1.96107623739158e-10,-1.72754374534955e-09,5.56330526753252e-10,6.7768319268713e-10,-9.40631434076859e-10,-4.12407026082299e-07,2.52725875513903e-06,2.00680832843969e-07,-1.70408427893106e-07,2.34086936079064e-07,2.4091317334761e-07,-5.65369208295958e-07,-4.17126871404585e-06,4.80555149625559e-06,6.44415660261381e-07,-1.21118713043205e-10,4.10056400737526e-05,-1.36898613056398e-06,4.6090376611958e-06,-3.18333798062692e-05,1.39457023034583e-07,1.68311348661681e-08,1.1158562424463e-08
"north_west","mu_D",1.20358097335701e-06,-2.41688378043035e-05,2.87409978211721e-06,1.8445200546945e-05,1.24437901230067e-06,2.58544038941722e-07,3.11987985216769e-07,-4.62474519172372e-07,3.47326860403335e-07,-2.97071591320621e-07,5.58061303797639e-07,1.25592826897717e-07,-2.08817637534164e-07,3.48790730446039e-07,5.65839764656255e-08,-1.01436615403282e-06,-4.74471579456606e-07,3.42597278692583e-07,2.11984858017169e-08,-7.18553293011688e-07,5.35902330861554e-07,-3.59777691525077e-07,-1.73937358882724e-07,4.85271729664051e-07,6.18837284714276e-07,-7.38021276536682e-07,1.51910657437411e-07,9.49046955686397e-09,2.80086274655709e-07,-7.11325412584708e-07,-6.94571936148604e-07,4.10435271394029e-07,-1.36444833429162e-06,1.34864432075541e-06,-9.34093127896199e-07,9.86023134028653e-07,-3.26002579989833e-07,8.38691084158599e-09,6.04398605644196e-07,4.87754064208701e-07,0.0002714836778808,8.06061459948185e-05,9.73847799887993e-05,6.6894543513732e-05,6.0854997341075e-05,-0.000101948853869973,-0.000101391418139186,0.000207514688056837,7.92444831236921e-05,-1.91662723951421e-05,2.12248478600263e-06,1.04392840965559e-05,-3.603968795499e-05,-0.000120393815013878,-1.11643767938926e-05,-3.5248205298007e-06,-3.9091608648798e-05,1.64674256820965e-08,7.31394676584376e-08,7.76470994807934e-08,1.02022276719188e-08,-7.17546761341371e-08,2.31836295470884e-08,6.76050312301969e-09,-5.95784822727401e-11,-2.02306160145368e-08,1.33652616299184e-08,-8.6544808891047e-06,-1.84170500282776e-05,2.61476526027108e-05,3.05682283351744e-06,7.22661246721058e-06,-2.98173530086628e-05,4.39665376592457e-05,-8.74273002073735e-06,0.00017187529380545,-1.1791426527539e-05,3.22100895752537e-08,0.000226026404913908,-0.000176040919984057,0.000316021416397215,5.36985206941165e-05,2.09559801525416e-06,-5.44847234030906e-07,9.28518553989729e-06
"north_west","mu_D_2",3.87776511554889e-06,3.65064680540042e-05,6.98997526016905e-06,1.71437257879605e-06,8.16111545747204e-08,6.49690022530617e-07,-3.75468755754402e-07,1.10073795714411e-06,-5.71967421553519e-07,1.08705432903375e-06,-6.51801602766693e-07,4.93611744867187e-07,2.90453647411418e-08,4.06745761118049e-07,5.39725810092429e-07,2.74581121662485e-06,4.16875285662971e-07,2.16454716314292e-07,9.82071911680511e-07,8.69973110376895e-07,1.44350746625575e-07,7.37990359267753e-07,5.03737608454372e-07,8.04039412192442e-07,1.4957320252961e-06,-4.57139164144784e-08,-4.94308021435368e-07,1.35390323505818e-06,5.12419886118973e-07,6.69100356485267e-07,-7.13166185835497e-07,8.66930046113417e-07,-2.09880395152798e-07,-1.18357869084277e-07,1.70663945497597e-07,4.93091802190051e-07,7.499057954062e-07,-7.08342897516282e-07,9.28038615895289e-07,-2.75565054723872e-07,8.06061459948185e-05,0.000227406810875132,6.00984506129602e-06,7.85978806459536e-05,9.67338148118044e-05,0.000168128833747346,-3.37565666824988e-05,6.55539109333264e-06,5.10251805915384e-06,-2.45443296810748e-05,2.13676035993417e-06,-2.95930518679777e-05,-6.24384041150929e-05,-0.000117901230077515,-5.15034268900067e-06,-2.3520007612351e-05,-1.14721564232712e-05,5.9075272526765e-08,5.59544566479517e-08,1.345789532968e-07,6.27788038498784e-08,1.46353125044363e-07,1.17484832918701e-08,4.91366251151485e-08,-2.3003273538002e-08,1.53329147285576e-08,-8.00740223261561e-08,-4.83323347203685e-05,3.07076035984627e-05,-3.06762845850243e-05,4.94131921200076e-06,6.55130139043861e-05,-7.35937868681084e-06,2.96992673609831e-05,0.00035526014746133,4.17532657330486e-05,4.85555619695408e-05,-7.38900205984486e-08,-0.000781993220425918,0.000110990300545219,0.000158974052884003,-0.000370223388205336,-6.95640318805661e-06,-3.48610481343444e-06,2.45984604924545e-06
"north_west","mu_D_3",3.04247287762142e-06,0.000140918570732877,-7.92768527912577e-06,5.59402740325791e-06,4.05368775548926e-06,-2.56902873060002e-07,4.36196482008662e-07,-1.33562195822317e-06,1.39778760087184e-06,-4.00958764738554e-06,2.54951271787885e-06,-6.43925409880731e-07,-1.60177295040342e-07,-7.1200718913105e-07,-6.90513092226766e-07,-6.45788933716707e-06,-1.69621451172222e-06,3.48045250042226e-07,-2.6662568786014e-06,-1.41093163437204e-06,-2.88100425038088e-07,-1.23816870831822e-06,-2.22407079932973e-06,-2.24289332122274e-07,-1.58766243537418e-06,-2.747394173572e-06,-2.61944787154857e-07,-1.57422531699451e-06,-1.47493481750914e-06,-3.38976505245878e-06,-2.38349390538082e-07,-2.47208609985539e-06,-1.44658621325484e-06,1.71128565628615e-06,1.68216941156266e-07,-1.54820472834418e-06,7.74318676477111e-07,3.46085463279095e-07,2.29201673250378e-07,-3.24820865972769e-07,9.73847799887993e-05,6.00984506129602e-06,0.000884193393418567,0.000361156682782865,0.00028617992095131,-0.000454702276416944,-6.82114201047149e-05,6.85772378850305e-05,6.07932197625974e-05,-2.52219139148799e-05,7.6169767419676e-05,3.37995343050193e-05,8.07887459856468e-05,-6.9067427040632e-05,3.32832235644089e-06,3.45231491542948e-06,-0.000116818539210185,-4.7478987940821e-08,-5.64773620625206e-08,-4.97846398083201e-08,-6.02160502324473e-08,2.47361477392899e-07,-3.38206940008816e-08,-1.52007416487429e-07,6.0877939282267e-08,-9.67230571474824e-08,-9.74187101999825e-08,-9.64359425087466e-05,-0.00154457095957808,0.000430600858703892,-4.96977640406746e-05,-8.75811037638481e-05,-1.01462315503147e-05,-4.9225206432718e-05,-0.000224307777441792,0.000416995781439197,-0.000127274750735066,-2.58365778022597e-07,0.00145895044805915,-0.000441835657408817,0.000273535810534483,0.00109594237227665,1.55550314160368e-05,9.47134681419716e-06,2.85462085343098e-05
"north_west","mu_D_4",7.76736260001154e-06,1.31545785833103e-05,-3.73068738772085e-07,3.54214246782414e-05,3.54085655857664e-06,8.33885961845748e-07,-5.9929364644298e-07,2.50697645784854e-07,5.55673758633275e-07,1.32637799735965e-07,-3.95746504697283e-07,-2.7382811855148e-07,-2.15419043176538e-08,-1.2292527397546e-06,2.88458296018994e-07,-3.8649495817347e-06,3.52120040151609e-07,3.47958127646734e-07,-8.66230605667835e-08,-9.56161334858509e-07,1.06070201064117e-06,-1.16095172798688e-07,1.5737176516794e-07,4.56428038123483e-07,8.92573337911212e-07,2.25886796487882e-07,-2.01096029285048e-07,-1.20431929820232e-07,1.53858053513408e-06,-7.5411167579831e-07,6.46227606620127e-07,-1.43844500088642e-06,9.9399134476982e-07,6.06746442325415e-07,5.19491177356251e-07,-6.76844429086571e-07,8.8514393640083e-08,1.46089475880588e-07,1.39016754933412e-06,-1.23870271695324e-06,6.6894543513732e-05,7.85978806459536e-05,0.000361156682782865,0.000586365588554691,0.00025766397568229,-9.87301120982168e-06,-0.000287565749325887,8.11096361114589e-05,0.000104268902741089,-2.17896049958652e-05,6.15475086478106e-05,-1.11862844186004e-05,-1.58959696944857e-05,-6.07995049995041e-05,3.56368200453218e-05,1.50990238493901e-06,-0.0001012326159642,1.35156579888294e-07,1.09308331246365e-07,1.06903014879713e-07,9.07254679388403e-08,2.94873476291325e-07,8.14469445683821e-08,-1.02799579129071e-08,1.18907959931917e-07,9.47065729614414e-09,5.28836783866589e-08,-6.35698331830638e-06,-0.000802583636035854,-0.000170523877450802,0.000160277523454405,1.41860309195583e-05,-2.85644292722611e-05,2.62884167650718e-05,-0.000297237338296569,0.000414863003011906,-0.000119374321882336,-1.18697157823289e-07,0.00126414311911418,-8.18550756543477e-05,0.000485532507784569,0.00083571360112418,1.71324585668077e-05,-2.03552786600899e-05,1.51592738292562e-06
"north_west","mu_D_5",3.7913214378698e-06,8.02874580317885e-05,-5.22668675706747e-06,-2.01294823390818e-05,2.42015450183873e-06,2.80793130098895e-07,7.18047378917036e-07,4.90477825046555e-07,1.40094996152579e-07,-1.37510914100068e-06,1.39165442915797e-06,3.66443950616735e-07,5.70336687564728e-07,3.88072124434219e-07,7.6157016913716e-07,2.77786220364494e-06,9.70570677888717e-07,6.44765044242298e-07,1.07466223030252e-06,1.07462051222062e-06,9.09745395134416e-08,2.1592081579381e-06,7.7197187062662e-07,9.02327978201533e-07,2.43008533560742e-06,6.77395337705983e-07,-5.76521612859103e-07,1.99511126072622e-06,1.45276463120496e-06,2.76895350636525e-06,1.18569694986844e-06,1.73509970204975e-06,1.1679738753686e-06,1.491725785987e-06,1.01593513919938e-06,-1.68380210179015e-06,6.97589549061865e-07,1.2448784392915e-06,-8.24469150454223e-07,-6.97949780477334e-07,6.0854997341075e-05,9.67338148118044e-05,0.00028617992095131,0.00025766397568229,0.000778316347921951,-8.19417067836121e-05,6.34775061105227e-05,-0.000227052906535406,1.23844361373857e-05,-5.14243021166992e-06,5.23693828973626e-05,-2.71956456202869e-05,-8.23455994482817e-05,-3.29005965934774e-05,-6.41198711085416e-06,-7.54974756937851e-07,2.03719810228345e-06,3.56950386196965e-08,9.86180512312546e-08,-4.13826513264414e-08,-2.2959394012489e-09,4.23400933552401e-08,-1.00763751929127e-07,1.12422150675386e-09,1.01142580392551e-07,-2.81382019536021e-08,2.09017475850625e-08,5.99063732850376e-06,-0.000596741784868209,-4.17561187646505e-05,-0.000467177623066895,8.58700342419678e-05,-5.14076771709178e-05,6.4178279003602e-06,-0.000461210734463224,0.000648715258533796,-4.99711024335134e-05,-2.92992841343494e-07,-0.00232448673780923,-0.000164599840504744,-8.90760484885707e-05,0.000749466413253501,-2.37187227698318e-05,-9.23594115354249e-06,-1.99210724783316e-05
"north_west","mu_gamma_H",-3.85157404861737e-07,-7.23667010105242e-05,-4.73452609597903e-06,1.26657400092781e-05,-2.73801793610909e-06,1.32071244442159e-07,4.3703074024053e-07,1.24696024409943e-06,-8.22007215032234e-07,2.65691308258858e-06,-2.52293423860061e-06,-1.17935587377208e-07,5.90929156683061e-07,-2.08678133727963e-06,1.63499594698696e-06,-3.23126283352226e-06,8.21009464576639e-07,-4.19838359993798e-08,3.27963102652724e-06,-4.50549954196408e-07,7.13626137003087e-07,8.030095447399e-07,1.01515544527449e-06,1.97717530316909e-06,1.81119721535527e-06,9.26592461053546e-07,8.11416819904213e-07,1.63309954213705e-06,1.86705368948312e-06,4.50795711832943e-06,-1.25608764270739e-07,2.48157312712989e-06,1.3134224075621e-06,4.36995368779771e-06,-5.38761541497904e-07,1.11555239037637e-06,6.87776497154436e-07,-3.05320669152651e-06,4.74292160987762e-06,-2.48360769405268e-06,-0.000101948853869973,0.000168128833747346,-0.000454702276416944,-9.87301120982168e-06,-8.19417067836121e-05,0.00210546835126987,-0.000139607310504122,6.87860555101117e-05,0.00016863553569362,6.39910010197264e-07,-1.49053377038433e-05,-1.08861278064346e-05,-7.96418146532657e-05,-1.1209280223954e-05,6.11113069246817e-05,3.21709461465407e-05,-8.27015643567361e-06,3.0138177626126e-08,1.13740674291347e-07,2.96922441427784e-07,1.30963060363241e-07,5.17648312579772e-07,1.42726549214486e-07,1.22084949203595e-07,-3.35828869436871e-08,4.35872831437391e-08,2.86337604457046e-08,0.000146068374952918,0.000497279378501117,-0.000230000146475311,5.39704235346133e-05,-2.45889949691789e-05,-2.90237732919884e-06,0.000122228780533675,0.000383420300150709,-0.000766909539963683,0.000180898569248273,2.13171792924924e-07,0.000236804847638339,0.000447862588535654,-0.000590243730658173,-0.000952158214979463,-1.14359494156835e-06,-2.14345897460637e-05,-4.28747639987487e-05
"north_west","mu_gamma_H_2",-5.53821949879633e-06,6.75243353749388e-05,-2.390872391885e-05,-9.42261324732568e-05,-5.68309146256181e-06,-6.07154664934127e-07,9.45483842893388e-07,-1.07963923366597e-06,4.72091616594241e-07,-7.62067214318489e-06,8.68439192673559e-06,-3.33392132547147e-07,-3.32652263166158e-07,3.23107193398873e-06,2.83343213579265e-07,9.53039163035951e-06,3.95188294746537e-07,1.59378475687347e-06,-1.64031856318862e-06,2.88417077787403e-06,-1.21403419640872e-06,1.55569950100748e-06,-3.85194032987118e-07,-1.80217330001861e-06,2.37109644003557e-06,-2.96476393017689e-06,-2.12194992541023e-06,1.41714067008313e-06,-2.74879191609498e-06,2.69708032301729e-06,-1.82959066041803e-06,4.24645849224289e-06,-4.13002923672035e-06,7.08885623331729e-06,1.83491577371589e-06,-1.78434093470176e-06,-1.52451057377761e-07,-2.92963784777257e-07,-4.266619968984e-07,-5.14064023059272e-07,-0.000101391418139186,-3.37565666824988e-05,-6.82114201047149e-05,-0.000287565749325887,6.34775061105227e-05,-0.000139607310504122,0.00288356044134564,-0.00125547184967406,-2.98694866935908e-07,2.22243112480764e-05,-4.46264510268448e-06,1.30699495814455e-05,0.00015450506143132,9.10226226391238e-05,9.75538969135446e-05,5.2141878175501e-05,6.51360718746078e-05,-3.01113606993526e-07,-2.4144015154549e-07,-5.73422619443314e-07,-2.41093560827592e-07,-9.82903557616953e-07,-4.22265635043645e-07,-2.71620753805605e-07,-3.78292050314371e-07,-2.70874825865219e-07,-4.93270707347649e-07,0.000177430748875867,-0.000119643268819865,0.000210306021518181,-0.000152803348492305,-8.7495055105046e-05,0.000168992158483734,-0.000231354433393946,-0.00024425531308899,-0.000525126315787275,0.000186518788106389,-1.25011730408611e-07,-0.00605495357537788,0.000389819351333979,-0.000362269813619187,-0.00144205622672214,-6.0364127828478e-05,-1.42378979950224e-05,3.34954199904535e-05
"north_west","mu_gamma_H_3",1.49354830171498e-06,-0.000116419558363537,4.63659746045168e-05,0.000185982166028085,-1.35781212620649e-05,2.4487015712325e-06,6.76295496971613e-07,-5.41116160635069e-06,2.02008236834693e-06,1.13239230734603e-05,-1.54455862817831e-05,2.19146470482154e-06,-1.50342977129998e-06,9.75509515129333e-07,1.57253266194099e-06,1.49243539804873e-05,-2.41472379228115e-06,-8.54563621525413e-07,1.52934449336963e-06,-3.66723451397234e-06,4.88338807699528e-07,-2.1076867527679e-06,3.17078344140893e-08,-2.0770939019452e-06,-1.19924414949682e-06,6.72104904374553e-08,1.86067951249021e-06,-3.18588145926727e-06,2.73479893515072e-06,-7.8788748985116e-06,-7.13995929470006e-07,-5.8877494420731e-06,1.259130617222e-06,9.38961826291229e-07,-4.29788749134304e-06,6.55992146902212e-06,-3.27967779177266e-06,-1.39261087532095e-06,5.77700720998685e-06,-3.26916038442069e-07,0.000207514688056837,6.55539109333264e-06,6.85772378850305e-05,8.11096361114589e-05,-0.000227052906535406,6.87860555101117e-05,-0.00125547184967406,0.00338179093144014,-0.000366117212286006,-8.85740643483602e-05,-1.36259081569338e-05,1.63640729194507e-05,-0.000256961469142813,-0.000170549235819878,-8.48236935203824e-05,-7.94602066643456e-05,-6.69678030723475e-05,1.89044217747417e-07,1.11401573081081e-07,5.42214223288115e-07,2.33337033773066e-07,5.72310411775402e-07,4.87863200455399e-07,1.46626463309878e-07,1.87749778307679e-07,1.43069668124639e-07,3.09272318031938e-07,-0.000349041772615143,-2.87058784804628e-05,0.00011596857779735,0.00010629172464152,9.64182382621594e-05,-9.68694494435633e-05,0.000344264474212943,0.00265254359351999,-0.00210012600135438,0.000119831775781748,-4.67044170292377e-08,0.000143112583130093,0.00104184068877269,0.00089338590413201,-0.00448620453776163,2.76225263324148e-05,2.39814056527022e-05,2.78095310746828e-05
"north_west","mu_gamma_H_4",2.21576176758393e-05,-0.000103251144993402,-1.95345296460685e-05,2.53505247029266e-05,8.12283488942465e-06,-4.53632179207291e-08,-2.14685201273629e-06,1.99310946845081e-06,-2.53923168161368e-06,-1.64685966020378e-07,5.17093944872542e-07,-5.79424733670071e-08,5.09346439151108e-07,-1.63141056792569e-06,1.31335074687875e-06,-2.78139942070822e-05,2.0004250021003e-06,-8.46835044731017e-07,2.89282195806869e-06,-7.53665457432409e-07,1.22690391706777e-06,1.16291322128083e-06,-6.82191037507244e-07,5.53968450097082e-06,-2.82915347740289e-06,2.04252436008171e-06,1.11693815520116e-06,1.40141666154834e-06,9.76090040443585e-07,1.96025474214469e-06,-8.68436211521471e-08,-2.39174563725988e-06,3.60374732708555e-06,-3.19013119379504e-06,-1.72865939040278e-06,1.2274688575348e-06,-1.0929849938547e-06,2.89335127582773e-06,-3.42319713934201e-06,-4.79295260060444e-08,7.92444831236921e-05,5.10251805915384e-06,6.07932197625974e-05,0.000104268902741089,1.23844361373857e-05,0.00016863553569362,-2.98694866935908e-07,-0.000366117212286006,0.0013235569440628,5.45652596155794e-05,1.07766765903097e-05,4.6123630863026e-05,-1.39502264292097e-05,-4.1616568562664e-05,4.31344937079511e-05,3.17969289653247e-05,-4.29063319502698e-05,-9.2638873029356e-08,2.19921866968496e-08,-1.01730831819072e-07,-1.84133301418538e-07,1.79194846648689e-07,-6.32472270827519e-08,1.20215483300095e-08,-1.59207963426152e-08,-8.47443789730877e-08,-1.89735898273141e-07,2.9848021034834e-05,-0.000127484801611705,8.9008861441889e-05,0.000138271679444708,-3.08413602242528e-05,-0.000211993122487229,6.50146206567053e-05,-0.000765653646208781,0.00113963167900254,-3.68154960290739e-05,-2.20827593723018e-07,-0.00340777619095337,0.000629725163960639,7.85727161047496e-06,0.00149124869171589,-3.04913424844973e-05,-2.03469986799675e-05,9.66957908956368e-06
"north_west","p_G_D",4.58883365232504e-06,-2.80004801061092e-05,-1.44505384418096e-07,-1.21192846145953e-05,-4.81439461414131e-09,1.16596742018323e-07,-1.08200602304036e-06,9.4007410420457e-07,-5.25169877356283e-07,-2.98390862360321e-07,6.69478820902378e-07,2.178262892821e-07,2.33241263617091e-07,4.93707717620753e-07,-1.83130225332856e-07,-2.99705388789928e-06,6.41705659485021e-07,-6.61295262874576e-08,1.6848806015235e-07,5.41898924561845e-07,-9.62514101540074e-08,4.67491653079989e-07,-5.29841905510025e-08,3.30313619207594e-07,5.94233140686253e-07,-5.45496647688981e-07,2.60280507179751e-07,8.38800375278059e-07,-5.03298451877799e-07,1.11759695784835e-06,-2.54572929688254e-07,4.43641490153663e-07,9.71987023574418e-08,-1.22194074630264e-06,-4.2281758665539e-08,-1.48020359765953e-07,8.98832747070222e-08,5.87065571987328e-07,-9.59141476104026e-07,7.78614562088724e-08,-1.91662723951421e-05,-2.45443296810748e-05,-2.52219139148799e-05,-2.17896049958652e-05,-5.14243021166992e-06,6.39910010197264e-07,2.22243112480764e-05,-8.85740643483602e-05,5.45652596155794e-05,6.78887786938503e-05,6.1561870093878e-07,2.31074169494104e-06,1.36643053961031e-05,3.83302585304784e-05,-1.04151684976706e-05,9.21390155018608e-06,-3.07358835306985e-06,-3.36402042967613e-08,-2.47849052708457e-08,-1.10216938868236e-07,-3.91780164793702e-08,-1.09485406831257e-07,-3.81366344880576e-08,7.04440375787495e-09,-1.34292884879316e-08,-6.14646995334036e-09,1.74650466674638e-08,-1.22523396076762e-05,-2.33265224815173e-06,1.24488907445937e-05,-2.32241906469019e-05,-2.4668808904252e-06,-6.22161724094283e-06,-1.30541790242962e-05,-0.000133881952652979,0.000103244929653769,3.32350897625094e-05,-4.54723988245355e-08,-0.00123505570097053,4.91984867021044e-05,-0.000101292442295601,-0.000111227859668178,-1.525054979882e-05,4.82445182025059e-06,1.44103188394658e-06
"north_west","p_G_D_2",6.28394483698413e-07,7.29423758215594e-06,-7.01475726832176e-07,-3.00601636106707e-09,5.93243932900495e-07,-4.88405468355262e-08,4.086970653369e-08,-5.7516379956051e-08,1.2850021124734e-07,-2.69466160276333e-07,1.79194258536537e-07,-8.75801189534964e-08,3.38311050575103e-08,-1.78840077365628e-07,-3.53079671649026e-08,-2.38764994574426e-06,-8.49015219969713e-08,5.02019363496252e-08,-3.20252727032326e-07,-9.50901879205695e-08,2.11002411656924e-08,-3.34351724553131e-08,-1.77442734684726e-07,-6.91415780848085e-08,1.08953943654124e-07,-2.80352231902384e-07,9.75559879605954e-08,-1.08194031838348e-07,9.462938944865e-09,-1.27120249460257e-07,9.10258513816837e-08,-3.50607215116296e-07,3.02584067434031e-07,-4.6374025560505e-08,5.35569600897578e-08,-1.83011597860042e-07,-8.99188103019585e-08,2.24060308101208e-07,-1.703638303309e-07,-5.49690088889228e-08,2.12248478600263e-06,2.13676035993417e-06,7.6169767419676e-05,6.15475086478106e-05,5.23693828973626e-05,-1.49053377038433e-05,-4.46264510268448e-06,-1.36259081569338e-05,1.07766765903097e-05,6.1561870093878e-07,1.65900714260842e-05,-6.56331226635424e-07,3.716050078266e-06,7.70630079862854e-06,4.97492852706763e-06,2.58899982770538e-06,-1.2967023894019e-05,9.81330491451349e-09,-5.44755371504291e-10,-1.49439410081629e-08,-3.96090710963906e-09,3.073189577534e-08,-3.24383638698772e-09,-7.12830567016399e-09,2.43847983243852e-08,-6.6325838042991e-09,-3.36777187452493e-08,-1.35991252765343e-05,-0.000182273785545199,1.61187893205264e-05,-9.31121136987652e-06,3.74204331124648e-06,-5.56739125706675e-06,-6.14448743029185e-06,-7.86169255202756e-05,5.40967085150792e-05,-1.19743832416179e-05,4.08636344708437e-09,0.000226351236982376,-2.87093554734423e-05,2.18661962246509e-05,0.000139062422540393,1.5168778304106e-06,2.17867653673904e-10,1.89375413620606e-07
"north_west","p_H",6.10749218276181e-07,-1.81567840834043e-05,-1.40633917210164e-06,1.68577362686651e-06,-2.90784692627728e-07,-7.39409302744072e-07,-2.52274995315435e-07,-8.25114953310957e-07,7.90473330601414e-08,-8.34724327811776e-07,-1.47590338494064e-07,-4.44067782077242e-07,-4.30853091614084e-07,-6.98972814029748e-07,-5.98744434602288e-07,2.56466197614934e-06,-7.63213348019827e-07,-1.59940783590833e-07,-1.37685070255134e-06,-2.97648610622144e-07,-4.07212000075255e-07,-1.08073921673281e-06,-5.37290354173623e-07,-1.14121120333006e-06,-7.75537520596361e-07,-1.54384047623167e-06,-2.24045146208424e-07,-9.67731854956214e-07,-1.25913585037763e-06,-9.60062238028537e-07,-6.14138062016966e-07,-5.56919676968177e-07,-9.42369522841143e-07,1.61029681209697e-07,-2.8919979871952e-07,-2.16454019399684e-07,-5.10229365908528e-07,4.34831563115933e-07,-1.01193618297467e-06,7.71496405033684e-08,1.04392840965559e-05,-2.95930518679777e-05,3.37995343050193e-05,-1.11862844186004e-05,-2.71956456202869e-05,-1.08861278064346e-05,1.30699495814455e-05,1.63640729194507e-05,4.6123630863026e-05,2.31074169494104e-06,-6.56331226635424e-07,6.47503291190667e-05,7.55539680054104e-05,-9.6296939173509e-06,9.02761868504727e-06,2.09163817679062e-06,-4.17708476098131e-05,-5.0452598989086e-08,-1.07960762303549e-07,-1.32262370687053e-07,-7.90671079853133e-08,1.3000758216885e-08,-4.14723443795298e-08,-4.56479756325923e-08,-1.84222815443499e-08,-5.05880207142571e-08,-4.92323659443976e-08,-2.53756354976297e-05,-7.59114778340181e-06,4.17053557666022e-05,2.04081052419069e-05,-0.000116291262869259,-4.98135713572953e-06,-8.96729510461373e-06,-2.35257519915425e-05,-6.06030132624109e-05,1.33950531213813e-05,-8.03435579754062e-08,0.00109778602044677,-6.95246107713485e-05,2.87144948332559e-05,0.000378646525057826,5.0354120959049e-06,1.40980619049705e-06,1.59786594076394e-05
"north_west","p_H_2",-5.98034029817668e-06,-7.07269927809991e-05,5.21468384767823e-07,-5.19859601375998e-05,-6.20069380826973e-06,-1.16692807499236e-06,-1.12717325928732e-06,-1.26345564101888e-06,1.39905731240992e-06,-5.61860832676105e-06,6.32969911440671e-06,-1.29599421248103e-06,1.82248467580195e-07,-5.91489709023879e-07,-1.35987850531565e-06,5.68251820457082e-06,-1.67664069764386e-06,-2.19055954026741e-07,-3.19336196985636e-06,-1.58537537590392e-06,-6.97310804836063e-07,-1.73287994473625e-06,-1.54429873049307e-06,-2.69489256778836e-06,-7.01010575679509e-07,-2.44557627985464e-06,1.68786991048519e-07,-4.4583498120687e-06,-2.30218666213362e-06,9.65141676357903e-07,-4.63685780010005e-07,5.63559887564434e-08,-2.5447290599359e-08,-1.85625628684986e-06,3.67449154022532e-08,-1.79963840998757e-06,-4.41395807508222e-07,1.64376573890508e-06,-2.79212134336767e-06,5.00122290027788e-07,-3.603968795499e-05,-6.24384041150929e-05,8.07887459856468e-05,-1.58959696944857e-05,-8.23455994482817e-05,-7.96418146532657e-05,0.00015450506143132,-0.000256961469142813,-1.39502264292097e-05,1.36643053961031e-05,3.716050078266e-06,7.55539680054104e-05,0.000885228109241534,2.92020062865191e-05,4.7714561521431e-06,3.52836644132109e-05,-0.000148264304422634,-1.03995118544371e-07,-1.80420379201094e-07,-3.39238165021688e-07,-2.71626194932355e-07,-2.04401928054952e-09,-1.18374217175497e-07,-1.71879933450422e-07,5.55786013939049e-08,-8.10422228979463e-08,-1.78841404304592e-07,-6.58009196187365e-05,-8.61168489606722e-05,8.61109484245333e-05,4.74400385056915e-05,-0.00017516262180402,-6.0628675329569e-05,-0.000646414535851675,-0.000450669529555969,0.000111488581364222,-6.44867840297639e-05,2.23589332436671e-08,0.00132823017466416,0.000235262460477709,-0.000125449819045435,-0.00104372612615244,-2.33662225094271e-06,3.72258030176277e-05,-5.90801375890509e-06
"north_west","p_H_D",-2.59368326636645e-07,-1.49200884996512e-06,-2.43784073046769e-06,-1.62101360256913e-05,4.69521740459158e-07,-2.22029229536303e-07,-4.57457042433669e-07,1.7476897985802e-07,-2.71539669457313e-07,-8.52436645021246e-07,6.1502063823474e-07,-1.91550316739047e-07,6.42265264076093e-08,-1.13082980525265e-08,-5.59609589658153e-07,-6.33436572559129e-06,4.80175105923027e-07,-4.77341701077491e-07,-2.28292452988895e-07,5.32764292325042e-07,-4.56951970847418e-07,1.76123451130345e-07,3.78395363590697e-08,-5.3071183064126e-07,-3.17843203614936e-07,4.36374481280273e-08,4.60365108267327e-07,2.08839999046797e-07,-7.13058533081614e-07,9.37396182824852e-07,4.34513088707223e-07,7.79593268200921e-08,8.28756854816507e-07,-1.37358066320445e-06,2.70685227532724e-07,-6.33811097563627e-07,-1.02450886696555e-08,1.54382252454038e-07,-8.41535203323773e-07,-3.62750335412384e-07,-0.000120393815013878,-0.000117901230077515,-6.9067427040632e-05,-6.07995049995041e-05,-3.29005965934774e-05,-1.1209280223954e-05,9.10226226391238e-05,-0.000170549235819878,-4.1616568562664e-05,3.83302585304784e-05,7.70630079862854e-06,-9.6296939173509e-06,2.92020062865191e-05,0.000170132586860779,-1.41054777959161e-05,1.31264337309869e-05,2.09747384461032e-05,-2.79210541959053e-08,-4.88043183703243e-08,-1.40661586217931e-07,-2.43326439126245e-08,-1.2352623014605e-07,-5.36780572881729e-08,8.9702153320806e-09,-1.29406687864562e-08,-3.16994539094355e-09,-4.98928356574597e-08,1.91970847823051e-05,-0.000106960574432968,-5.4915672773404e-06,-3.63916761731275e-05,1.43182868741529e-05,1.15479575578648e-05,-3.4532027329906e-05,-0.000211930503345768,-2.890323338108e-05,-8.2856392621787e-06,4.52718904232261e-08,-0.00038044196828076,-6.82393422785613e-05,-0.000371239638192466,0.000315559270485675,-3.88807844662372e-06,3.14173006711921e-06,-9.85877853154622e-06
"north_west","p_ICU",1.56012067542406e-06,3.20837979662342e-05,-1.62373867700685e-06,-1.87215763734408e-05,1.74933389684443e-06,2.04179582065939e-07,-3.58752096984862e-07,-5.86600855462525e-07,4.74330694744706e-07,-4.58074410676202e-07,1.79477706767347e-07,-2.66790625307706e-07,-4.5508549087371e-07,-1.7310388076411e-07,-3.37553599473e-07,-2.37257551323406e-06,-2.52313547047375e-07,-1.46115739391411e-07,-5.90752347153376e-07,-7.4709381447645e-07,2.93311337762642e-07,-7.19983701144968e-07,-5.73294565623571e-07,1.74997858227272e-07,-7.58451389688788e-07,-1.26351733148329e-06,-1.82456420934427e-07,-3.60358908516016e-07,-3.04701344030105e-07,-3.66060881164833e-07,3.22494455262071e-07,-9.32780154914348e-07,5.96163825576371e-07,-1.55874360352105e-06,1.78586965163849e-07,-3.73850495501291e-07,-2.72720092299393e-07,1.73664072421561e-07,1.94869138046099e-07,-6.17804524530879e-07,-1.11643767938926e-05,-5.15034268900067e-06,3.32832235644089e-06,3.56368200453218e-05,-6.41198711085416e-06,6.11113069246817e-05,9.75538969135446e-05,-8.48236935203824e-05,4.31344937079511e-05,-1.04151684976706e-05,4.97492852706763e-06,9.02761868504727e-06,4.7714561521431e-06,-1.41054777959161e-05,0.000192379413977977,2.44978416061762e-05,-0.000107335217225136,5.77335277610039e-09,9.57659112978114e-08,-7.03162424807962e-08,-1.93660692001241e-08,8.03483187294946e-08,2.93002718118697e-08,3.74782714983633e-08,3.56910751232705e-08,-5.28664944350816e-08,5.66699245747351e-09,-2.5509191047563e-05,5.47192758673094e-06,-1.92358398620426e-05,3.82543901241591e-05,1.36533734357526e-05,-1.4663477575446e-05,-4.55266332450142e-06,-0.000137899587662906,-0.000198373463827482,5.48037094652291e-06,-2.18875274064579e-08,0.000847813552778142,-3.25979164136259e-05,5.70157160493505e-05,0.00063572674132503,9.48351336936945e-06,-5.01742174413226e-06,2.21569867238452e-06
"north_west","p_ICU_2",3.27782666392613e-07,-1.38001131590442e-05,-5.91488560868824e-07,-1.33097228055811e-05,4.82629523160687e-07,-2.31695515398762e-07,1.66970366041487e-07,-7.02618937042393e-08,9.87558454266307e-08,-4.07134074171238e-07,5.35118025560608e-07,-2.09423351471333e-07,2.04782340370487e-07,-1.87189263656846e-07,-3.61101098165977e-07,-1.34211652669054e-06,1.44014097744015e-07,-2.79394305389284e-07,-2.66298508393009e-08,-5.20278544357236e-07,-8.37227819525064e-09,-2.64759617068568e-07,-7.68738491564811e-08,-5.10545688766179e-07,1.84297795858574e-09,-5.90427252080293e-07,2.46167098950294e-08,-2.50616883457928e-07,-3.40530132242691e-07,1.96068113618407e-07,2.15809626268389e-07,-2.06540485491261e-07,-1.38386166040989e-07,7.02613451760218e-07,4.66190785357555e-08,-1.52589624139887e-07,-4.07630046582164e-07,5.55435862685879e-07,-3.57985357783414e-07,-6.96595718267575e-08,-3.5248205298007e-06,-2.3520007612351e-05,3.45231491542948e-06,1.50990238493901e-06,-7.54974756937851e-07,3.21709461465407e-05,5.2141878175501e-05,-7.94602066643456e-05,3.17969289653247e-05,9.21390155018608e-06,2.58899982770538e-06,2.09163817679062e-06,3.52836644132109e-05,1.31264337309869e-05,2.44978416061762e-05,3.02363546667464e-05,-2.54046824819351e-05,-2.301451182922e-08,6.56828074079163e-09,-4.90240820245958e-08,-2.09884427551071e-08,-5.49139691713694e-08,-1.32661202743413e-08,-1.9643398178569e-08,3.92311628695168e-09,-2.12499363044571e-08,-4.32832731585797e-08,9.45632116216446e-06,-1.30202982733072e-05,3.24510656106506e-06,-9.73921233150009e-06,-1.85439153314049e-05,1.18085479638823e-05,-3.01013797011777e-05,-0.000344808408582912,-7.82754952638726e-06,-4.40626280198769e-06,-1.98238476972596e-08,-4.18319224834559e-05,4.43470053174434e-05,-7.43683997239951e-05,0.00016025656492103,-2.00991747204046e-06,6.16829673432163e-06,-3.08571899570046e-06
"north_west","p_ICU_D",-1.34013922789276e-05,5.61851863909756e-05,-4.73370976001033e-06,-8.40429123575513e-06,-3.03394259171085e-06,-7.48839062735496e-07,2.83179179477668e-06,-1.22681440504503e-06,6.48067370107003e-07,-3.94821951657139e-07,-9.32222105746361e-07,4.76323496258073e-07,4.8881963020406e-07,1.12453234728802e-06,2.34421089513123e-07,6.49499395905579e-06,1.55143402420949e-06,3.5769803776245e-07,2.46420005666976e-06,2.28533725844413e-06,-8.48205672202623e-07,2.52404029365306e-06,9.45300987605624e-07,2.96381712556953e-06,1.34649103057629e-07,2.88330805699164e-06,-8.56563197162984e-07,2.90268508410391e-06,1.64204971467862e-06,4.53907635379048e-07,8.40631560235899e-07,1.1871120182618e-06,2.09210576411111e-06,-2.83985499084618e-06,5.98864514951586e-07,2.00867948324774e-07,1.43693734616836e-06,-2.47042642990986e-06,1.00804298337071e-06,1.20980753625249e-06,-3.9091608648798e-05,-1.14721564232712e-05,-0.000116818539210185,-0.0001012326159642,2.03719810228345e-06,-8.27015643567361e-06,6.51360718746078e-05,-6.69678030723475e-05,-4.29063319502698e-05,-3.07358835306985e-06,-1.2967023894019e-05,-4.17708476098131e-05,-0.000148264304422634,2.09747384461032e-05,-0.000107335217225136,-2.54046824819351e-05,0.000783684067377256,9.06180772053191e-08,-3.3540371573801e-08,1.49684915141837e-07,8.28162193664174e-08,-1.9254979878019e-07,-2.01556146111202e-08,2.94056047739679e-08,-3.27042243788377e-08,1.43894500587587e-07,1.5001821626793e-08,-1.09246646689973e-05,0.000120372015280083,-8.85549585440689e-05,6.57411394630919e-06,4.51413899237061e-05,1.66978368563279e-05,0.000101780246284528,-0.000123773659940817,0.000525220207540758,-5.8591004180587e-05,1.01564299847122e-07,-0.00331839639241424,-0.000102961690136119,-9.99278943826946e-05,-0.000937554808234915,-2.06465329229873e-05,-1.08087895559176e-05,-8.21614062587413e-06
"north_west","p_NC_15_24",2.36140905995325e-09,-1.83104820062694e-09,7.36125283293936e-09,2.25857380707024e-08,-1.40918879837882e-09,1.37360298438672e-09,-2.00857830527204e-10,1.17954707000575e-09,-1.21084938148966e-10,3.70939951461786e-09,-3.05211533785693e-09,7.28530264457078e-10,-3.0313915497874e-10,2.09080709968561e-09,-6.4471130518608e-10,5.69279933234124e-09,5.57776975160084e-10,-1.56025413593416e-09,1.65190495742562e-09,9.70045741701658e-10,-1.74607136906643e-10,5.843873717223e-10,1.80994031684942e-09,6.42680024962053e-10,3.07148404856848e-09,6.07691264151952e-10,-6.58496161021179e-12,3.61416537841744e-09,1.96739045053325e-09,6.54493970452159e-10,8.50501957585419e-10,1.04792314824508e-10,2.06384516226645e-09,1.20157304051698e-10,-7.92638301553417e-10,1.74181276475105e-09,1.49805072017729e-09,-1.98673691357595e-09,3.22100846343812e-09,-1.89268002600727e-09,1.64674256820965e-08,5.9075272526765e-08,-4.7478987940821e-08,1.35156579888294e-07,3.56950386196965e-08,3.0138177626126e-08,-3.01113606993526e-07,1.89044217747417e-07,-9.2638873029356e-08,-3.36402042967613e-08,9.81330491451349e-09,-5.0452598989086e-08,-1.03995118544371e-07,-2.79210541959053e-08,5.77335277610039e-09,-2.301451182922e-08,9.06180772053191e-08,1.08508768835051e-09,5.57151384027951e-10,5.595537276527e-10,3.79687347938567e-10,2.75338119135689e-10,2.54554003879169e-10,3.26028405969251e-10,1.74231248193777e-10,2.74533686325093e-10,1.14401827132699e-10,2.08473050431576e-08,-1.0468571598054e-09,-1.97960800936074e-07,4.50655220685529e-08,-6.33617757986264e-09,-2.40039556553894e-08,1.42481360314582e-07,2.93564456076196e-07,-2.08243193209801e-07,9.6737393741541e-08,-1.1295618932391e-10,1.87316902869084e-06,5.90698773955076e-07,-1.71885273637859e-07,-5.99514872489363e-07,2.96107423430762e-08,3.90113698474676e-08,-5.89357672291586e-08
"north_west","p_NC_25_49",2.32846523278464e-08,-3.27286391646487e-08,8.37410764041097e-09,-1.37677463767639e-08,5.2759942842481e-11,3.16265401160268e-09,-2.61960632167067e-09,5.8332791519425e-09,-3.47532001039885e-09,5.492458043065e-09,3.24188932114969e-10,1.13251530086536e-09,1.37173458557441e-09,1.81018216101893e-09,2.0250037022198e-09,1.54645609839901e-08,2.10777852469881e-09,-8.13936767640506e-10,3.85008858717015e-09,3.6069742446752e-09,4.43446575797985e-10,3.48360238613044e-09,5.36450198279022e-09,3.14311807235544e-09,8.78748543345192e-09,1.37029258655347e-09,1.26655241929018e-09,1.02221020910155e-08,4.261549152255e-09,8.07447595235926e-09,2.6461209754111e-09,5.88924154581304e-09,2.12847588167292e-09,1.16727180484852e-08,-1.65215925240776e-09,1.57237637264476e-09,3.51829640698098e-09,-2.98594251569719e-10,1.53475644547174e-09,-2.01724171633059e-09,7.31394676584376e-08,5.59544566479517e-08,-5.64773620625206e-08,1.09308331246365e-07,9.86180512312546e-08,1.13740674291347e-07,-2.4144015154549e-07,1.11401573081081e-07,2.19921866968496e-08,-2.47849052708457e-08,-5.44755371504291e-10,-1.07960762303549e-07,-1.80420379201094e-07,-4.88043183703243e-08,9.57659112978114e-08,6.56828074079163e-09,-3.3540371573801e-08,5.57151384027951e-10,2.62105257479589e-09,1.24422466703003e-09,7.68523831942347e-10,1.03039421590626e-09,4.92127035439647e-10,7.6389134419322e-10,2.63307380172225e-10,3.10439166675477e-10,7.31206036450113e-10,2.22097327367866e-07,1.05488071420923e-08,-1.51591080856308e-07,-1.99976922118655e-08,-8.28421000410395e-08,-5.31224195578342e-08,2.57269587973821e-07,3.82227336270859e-07,-6.8060569429843e-07,2.60262716249324e-08,-2.94400968282725e-10,-1.70835832295947e-06,1.30083602896776e-06,-2.01263166442252e-06,9.23672288510527e-08,1.62074903595651e-08,4.18791527615493e-08,-1.61233550128821e-07
"north_west","p_NC_50_64",-3.03401155690039e-09,-4.34512376591335e-08,1.32897683393627e-08,7.86355700952253e-08,-9.02158817540511e-09,3.08268854198556e-09,7.11522305412993e-10,2.47534133276468e-09,-1.7580927079222e-09,8.81680443787205e-09,-1.87957123835645e-09,1.52384967687205e-09,1.50024291729237e-09,1.06234762233988e-09,3.95727238661726e-09,1.72922126409182e-08,1.41510689998882e-09,-8.31084184244635e-10,6.77552298893962e-09,4.15887089302664e-09,7.33045597583922e-10,4.25163654237033e-09,4.90404307703859e-09,5.93559997066417e-09,5.45145038632135e-09,7.54703926162572e-09,7.14717459895755e-10,7.3576309844757e-09,7.85952439638778e-09,3.4942395470223e-09,2.46626608546929e-09,2.01820851949255e-09,2.53001841835087e-09,9.85672847804559e-09,-1.01736717667906e-09,2.43976437449334e-09,4.25696730829075e-09,-4.84440881513453e-09,7.37541358918234e-09,-1.77046402077702e-09,7.76470994807934e-08,1.345789532968e-07,-4.97846398083201e-08,1.06903014879713e-07,-4.13826513264414e-08,2.96922441427784e-07,-5.73422619443314e-07,5.42214223288115e-07,-1.01730831819072e-07,-1.10216938868236e-07,-1.49439410081629e-08,-1.32262370687053e-07,-3.39238165021688e-07,-1.40661586217931e-07,-7.03162424807962e-08,-4.90240820245958e-08,1.49684915141837e-07,5.595537276527e-10,1.24422466703003e-09,3.60262236698661e-09,9.8872737747921e-10,1.03844495665553e-09,6.60171666685601e-10,7.20234360283353e-10,2.48197299570359e-10,5.23666706933133e-10,8.49599119904948e-10,2.6012196001882e-07,8.63412882792294e-08,-1.55682836672727e-07,7.78657204868625e-08,-1.06034900769544e-07,1.39656660919867e-07,3.69594357622891e-07,9.18171277803145e-07,-4.75847613245592e-07,-6.46187327555142e-08,3.10492468762665e-10,-8.05786751988271e-07,5.09365567053356e-08,1.7771870423596e-07,-3.20740797187285e-06,3.37029921095308e-08,1.54324698862594e-08,-1.07604649230225e-07
"north_west","p_NC_65_79",2.78471275812682e-09,3.68835070447359e-08,1.06836583191875e-08,6.0967000292349e-08,3.3780248910746e-10,2.07064296358615e-09,-1.61837289947473e-09,3.8313069769718e-09,-2.03840423055066e-09,5.0087876678943e-09,-2.2076066980251e-09,1.10960565899914e-09,2.86001912607774e-10,1.5765189715758e-09,2.07150006524352e-09,-4.25762372648486e-09,-7.48602326958775e-10,1.48519418919688e-10,2.72042866130734e-09,-2.36844014327033e-10,1.47032445715462e-09,5.90867425580195e-10,4.64100389000053e-09,5.74944455075668e-10,3.51670681682588e-09,2.68296911226225e-09,2.21671292344601e-09,6.01511380665616e-09,2.95231904770804e-09,1.12366476767569e-09,1.2415226408894e-09,-8.85927972577536e-10,5.36362246657558e-09,-6.8775068113258e-09,-2.04097199563521e-09,2.99640323923351e-09,1.7967483640558e-09,-2.96645225077581e-09,4.83192797863691e-09,-1.82206774151441e-09,1.02022276719188e-08,6.27788038498784e-08,-6.02160502324473e-08,9.07254679388403e-08,-2.2959394012489e-09,1.30963060363241e-07,-2.41093560827592e-07,2.33337033773066e-07,-1.84133301418538e-07,-3.91780164793702e-08,-3.96090710963906e-09,-7.90671079853133e-08,-2.71626194932355e-07,-2.43326439126245e-08,-1.93660692001241e-08,-2.09884427551071e-08,8.28162193664174e-08,3.79687347938567e-10,7.68523831942347e-10,9.8872737747921e-10,1.50610887518567e-09,9.85570582858282e-10,2.36353090487699e-10,5.06808114248217e-10,2.11356190577209e-10,2.94283197193234e-10,4.86579254585374e-10,9.59243049613799e-08,-5.30531853488881e-08,-1.07666880569918e-07,5.83348271071346e-08,-1.03312353871825e-08,3.73254542588082e-09,2.7833187789439e-07,4.68467284780813e-07,-5.40057432142945e-07,5.18175881324708e-08,5.43685285170701e-11,5.47649365117129e-07,5.59510055195868e-07,1.17790047821215e-07,-3.82257899279307e-07,2.62121809117364e-08,3.53812032344708e-08,-6.11148719685278e-08
"north_west","p_NC_80_plus",6.69508113948282e-08,1.99334722742542e-07,1.99607564579283e-08,1.14489309554861e-07,2.29853165242129e-10,2.7156737990343e-09,-7.98868563574478e-09,5.55773097914508e-09,-4.6213351738224e-09,8.00780201317702e-09,-1.01814356971699e-09,-1.64654723733546e-09,-8.48929824802431e-10,-3.14769652843355e-09,-2.70495449167318e-10,-7.08936418668657e-09,-4.93017396782565e-09,-3.49153426003715e-09,5.40104846829975e-09,-4.76436216174638e-09,-4.58014632495225e-10,-2.43770887131713e-09,-2.04547715349772e-09,6.76993564182739e-09,3.33256879258381e-10,-1.07000203480099e-09,3.77577504843345e-09,2.8096853922782e-09,5.62602277742719e-10,4.81032219394591e-10,-2.35659542791582e-09,-3.00407532953998e-10,2.38493914012435e-09,-2.00360365627822e-10,-5.91079622714215e-09,3.85178362949949e-09,6.32418661815466e-10,3.57981051009801e-09,1.2930236664097e-09,-5.52874018898281e-09,-7.17546761341371e-08,1.46353125044363e-07,2.47361477392899e-07,2.94873476291325e-07,4.23400933552401e-08,5.17648312579772e-07,-9.82903557616953e-07,5.72310411775402e-07,1.79194846648689e-07,-1.09485406831257e-07,3.073189577534e-08,1.3000758216885e-08,-2.04401928054952e-09,-1.2352623014605e-07,8.03483187294946e-08,-5.49139691713694e-08,-1.9254979878019e-07,2.75338119135689e-10,1.03039421590626e-09,1.03844495665553e-09,9.85570582858282e-10,1.29348511434723e-08,6.09696956807988e-10,1.26470996635986e-09,5.57807177574915e-10,4.15745578988688e-10,1.50710644688314e-09,-1.29638076318695e-07,-7.12296484427568e-07,1.46044568603473e-07,1.19785422674495e-07,-2.65192110710191e-07,-1.08291756819799e-07,2.49050610003012e-07,1.88015305920567e-06,-1.85537224986537e-06,2.35988742359494e-07,-1.73112438546414e-09,1.20726115701767e-05,-7.67236761811109e-07,-6.60983299178591e-07,9.36208291658097e-08,1.4009593701467e-07,6.527303101017e-08,-9.85582514304189e-08
"north_west","p_NC_weekend_15_24",4.80832421871516e-09,4.66365711253362e-08,5.25540349047866e-09,4.01806276331834e-08,1.63156518543725e-09,9.03998547817803e-10,-5.99591787899486e-11,1.09005638102386e-09,-3.4509589517584e-10,4.64084168748959e-09,-4.42142304638374e-09,5.06705562544995e-10,-4.86286312109813e-10,1.30626651083464e-09,8.42257849459794e-10,5.92657932348116e-09,-1.72107492880915e-09,-6.24769035115501e-10,-9.65579068250832e-10,1.70002776884268e-09,-9.88220871699202e-10,2.26683644178869e-10,4.8034154498552e-10,-5.90422725139982e-10,7.35476221582707e-10,9.48867300567277e-10,1.17952342988745e-09,1.65006424092353e-10,1.80599098426992e-09,4.02681785327305e-10,7.92989415587501e-10,-9.71951477962288e-10,3.2930749334675e-09,-3.06721083932049e-09,-1.71625239869831e-09,2.07985129202396e-09,1.20477337607026e-09,-1.52356787202094e-09,3.00277093844399e-09,-1.96107623739158e-10,2.31836295470884e-08,1.17484832918701e-08,-3.38206940008816e-08,8.14469445683821e-08,-1.00763751929127e-07,1.42726549214486e-07,-4.22265635043645e-07,4.87863200455399e-07,-6.32472270827519e-08,-3.81366344880576e-08,-3.24383638698772e-09,-4.14723443795298e-08,-1.18374217175497e-07,-5.36780572881729e-08,2.93002718118697e-08,-1.32661202743413e-08,-2.01556146111202e-08,2.54554003879169e-10,4.92127035439647e-10,6.60171666685601e-10,2.36353090487699e-10,6.09696956807988e-10,1.16642249336456e-09,2.52219704414968e-10,1.33866627188481e-10,1.20731157897867e-10,5.09299314070735e-10,2.50762222909743e-08,1.50326775391163e-07,-1.24205951762112e-07,9.61486747820685e-08,-1.49658025969916e-08,3.60460222257685e-09,1.62342777921929e-07,5.27670802147667e-07,-5.25614243709975e-07,-1.16259615158227e-08,8.81921563408969e-11,3.0451408378218e-06,4.51431731140788e-07,-3.78076302745395e-07,4.78908156457683e-07,4.48685329584447e-08,2.85044259447626e-08,-6.14753030040232e-08
"north_west","p_NC_weekend_25_49",1.77175409451051e-08,8.92643076484236e-08,7.67254414545553e-09,1.30047355039349e-09,4.34356999437793e-09,2.23250849556938e-09,-6.70681310275825e-09,6.14494817891993e-09,-4.3283925426526e-09,5.67519808990673e-09,-1.66375743525225e-09,9.52612205006043e-10,-1.54724246495519e-10,2.45526916509969e-09,-5.99511985234982e-10,-1.04244043564419e-08,1.08271193289684e-09,-1.93797817799315e-09,2.69716327112265e-09,3.12101380598542e-09,-5.93621808655318e-10,7.88957791623495e-10,3.19728683551111e-09,4.88684539609034e-10,4.08484312348825e-09,-4.90014525906941e-11,2.28498073688399e-09,5.52639038311616e-09,1.29852982695919e-09,1.28887328066365e-09,6.14760538587957e-10,1.71585642434484e-09,-1.61133771790443e-10,4.30878824699049e-09,-2.17673157660906e-09,2.33408172333427e-09,-6.98459826145192e-10,1.11152463561632e-09,7.34511784976369e-10,-1.72754374534955e-09,6.76050312301969e-09,4.91366251151485e-08,-1.52007416487429e-07,-1.02799579129071e-08,1.12422150675386e-09,1.22084949203595e-07,-2.71620753805605e-07,1.46626463309878e-07,1.20215483300095e-08,7.04440375787495e-09,-7.12830567016399e-09,-4.56479756325923e-08,-1.71879933450422e-07,8.9702153320806e-09,3.74782714983633e-08,-1.9643398178569e-08,2.94056047739679e-08,3.26028405969251e-10,7.6389134419322e-10,7.20234360283353e-10,5.06808114248217e-10,1.26470996635986e-09,2.52219704414968e-10,1.70847216210967e-09,6.62598643905169e-11,1.7015467620746e-10,5.16611736864161e-10,4.70829386521418e-08,1.06955522420022e-07,-2.78223397683729e-08,-3.18863016430649e-09,-2.54620835316007e-08,-6.40768955340724e-08,1.86342525775212e-07,6.32502904053976e-07,-7.18198913387294e-07,1.24220068518978e-07,-4.24872344949001e-10,-6.53402277888833e-08,8.09437816912526e-07,-3.4749349787991e-07,1.10424516759711e-06,1.14845516255368e-08,5.0246855846442e-08,-5.38122929022021e-08
"north_west","p_NC_weekend_50_64",-1.01214521957968e-08,-1.70836766524037e-08,1.33964809532178e-08,1.83366624431611e-08,-5.03489133085836e-09,-8.11968799360119e-10,2.93826900114456e-09,-2.66892797798244e-09,2.87217472905047e-09,-2.26038310756138e-10,1.55124936269671e-09,-3.09362148576061e-11,9.08213407491661e-10,2.24727718476171e-10,-1.94332559893827e-11,-6.78024592951511e-09,-6.43900439057169e-10,3.44823229024589e-10,-2.03208032315374e-09,-1.04031372555968e-09,1.18529576787597e-09,-6.11222696399352e-10,-3.05968799334784e-10,1.36616129155633e-09,-1.07239055486077e-09,1.54825752131085e-09,1.48455501143423e-09,-2.94357470070759e-10,1.0672026146913e-09,3.96160468915104e-10,1.28249516710171e-09,-2.53157351606613e-09,2.18364736164316e-09,3.13376064075303e-09,-7.9046877120256e-10,-1.3000363125144e-10,1.64273395756159e-09,-1.31901665473816e-09,1.78148874504138e-09,5.56330526753252e-10,-5.95784822727401e-11,-2.3003273538002e-08,6.0877939282267e-08,1.18907959931917e-07,1.01142580392551e-07,-3.35828869436871e-08,-3.78292050314371e-07,1.87749778307679e-07,-1.59207963426152e-08,-1.34292884879316e-08,2.43847983243852e-08,-1.84222815443499e-08,5.55786013939049e-08,-1.29406687864562e-08,3.56910751232705e-08,3.92311628695168e-09,-3.27042243788377e-08,1.74231248193777e-10,2.63307380172225e-10,2.48197299570359e-10,2.11356190577209e-10,5.57807177574915e-10,1.33866627188481e-10,6.62598643905169e-11,1.0462224897091e-09,1.16613311575274e-10,4.07318559329155e-10,-6.02859348202559e-08,-7.52274971790749e-08,-6.53041641305858e-08,-4.29866178445142e-08,-4.21210100030154e-08,3.78520957401774e-09,-3.48800370358658e-08,-1.82037347242771e-07,-2.0161411943543e-08,-3.48373666528371e-08,1.86345394715622e-10,9.78144166565008e-07,-1.85455705210168e-07,3.04730493699513e-08,-1.86840316891794e-06,6.69468123644268e-09,3.38815350994467e-08,-3.07363821826865e-08
"north_west","p_NC_weekend_65_79",2.06006031985064e-09,1.39781973151856e-08,2.62683322957801e-09,1.9926125803846e-08,-2.30405264568256e-09,-2.73214857435174e-10,1.33532615566945e-09,1.71142273524361e-09,-1.41314735543601e-09,4.42723409269221e-09,-1.6524837421576e-09,6.04342514544691e-10,6.97776442763172e-10,1.45620713521967e-09,6.59841557675453e-10,-1.57994066155971e-09,5.47504129550815e-10,-3.32558993989626e-11,2.47796883583951e-09,-1.64700545146351e-10,6.18682942823632e-10,1.41641955722433e-09,1.83682259954112e-09,1.52562784014849e-09,2.50708837289862e-09,2.41860496920748e-09,1.3789199152657e-09,2.61196271323349e-09,2.67118168934519e-09,2.03911069737318e-10,8.51421437799238e-10,-7.22270002438429e-10,2.17032942857407e-09,-1.67564092915236e-09,-1.14206801562247e-09,2.01055710630964e-09,-1.29411930971363e-10,-5.04062249433446e-10,7.13093862642794e-10,6.7768319268713e-10,-2.02306160145368e-08,1.53329147285576e-08,-9.67230571474824e-08,9.47065729614414e-09,-2.81382019536021e-08,4.35872831437391e-08,-2.70874825865219e-07,1.43069668124639e-07,-8.47443789730877e-08,-6.14646995334036e-09,-6.6325838042991e-09,-5.05880207142571e-08,-8.10422228979463e-08,-3.16994539094355e-09,-5.28664944350816e-08,-2.12499363044571e-08,1.43894500587587e-07,2.74533686325093e-10,3.10439166675477e-10,5.23666706933133e-10,2.94283197193234e-10,4.15745578988688e-10,1.20731157897867e-10,1.7015467620746e-10,1.16613311575274e-10,6.99156439151981e-10,8.36736058178338e-11,5.39253198934621e-08,1.73486586779896e-07,-1.39438925083266e-07,3.66762202119023e-08,-2.28589006306906e-08,4.03454494673622e-08,7.64213014300641e-08,2.71571037889987e-07,1.10657284372022e-07,-2.03564069404935e-08,5.25129296402656e-11,-4.35198187613741e-07,2.69138722778183e-08,3.74625229382427e-07,-9.49311419720919e-07,-1.30045332166372e-09,1.9944155463147e-08,-2.46654874489813e-08
"north_west","p_NC_weekend_80_plus",1.08275387830971e-08,-3.93979542778619e-08,2.25246889979071e-08,1.71278325103355e-08,-5.69304462631447e-09,3.68560811031331e-09,-3.35499067646329e-09,1.97325388677006e-09,-9.09938495527471e-10,8.62616783093684e-09,-6.86509406187697e-09,1.50846067485502e-09,9.91787005372814e-11,2.67258434769049e-09,1.10241757003152e-09,3.5381137957132e-08,-3.24315191516569e-10,5.537823052149e-10,5.41829193756233e-09,-4.25635882188919e-09,3.50595367401634e-09,1.66870242468043e-09,-2.98205959967386e-10,9.95580200352404e-09,-5.183924835528e-09,1.2483820443088e-08,-1.40231375772544e-09,-1.0736051123184e-09,7.87548660702697e-09,2.49948720473553e-09,4.22404495660212e-09,4.74633989649004e-09,-1.68843371926887e-09,1.39138520679602e-08,5.0030130408305e-10,1.06143143317937e-09,1.08783116108441e-10,2.62580797289852e-11,6.05047195917806e-10,-9.40631434076859e-10,1.33652616299184e-08,-8.00740223261561e-08,-9.74187101999825e-08,5.28836783866589e-08,2.09017475850625e-08,2.86337604457046e-08,-4.93270707347649e-07,3.09272318031938e-07,-1.89735898273141e-07,1.74650466674638e-08,-3.36777187452493e-08,-4.92323659443976e-08,-1.78841404304592e-07,-4.98928356574597e-08,5.66699245747351e-09,-4.32832731585797e-08,1.5001821626793e-08,1.14401827132699e-10,7.31206036450113e-10,8.49599119904948e-10,4.86579254585374e-10,1.50710644688314e-09,5.09299314070735e-10,5.16611736864161e-10,4.07318559329155e-10,8.36736058178338e-11,6.24645931361545e-09,1.47985523008825e-07,3.46340972891617e-07,-1.37815622610882e-07,-5.6147163809765e-08,-1.301137400247e-08,-6.16305914540777e-08,2.37981577543338e-07,4.97722488752737e-07,-3.19007444001493e-07,-7.79938263065042e-08,1.11900213340166e-10,-4.56277234529804e-07,-1.0975673006151e-06,-5.14589391476556e-07,-7.74060268569238e-07,3.14364021622383e-09,3.96728612547298e-09,-1.0308457699636e-07
"north_west","p_W_D",-6.55342991762406e-06,-0.000102459689969629,-1.6123488952897e-05,-8.19685433557017e-06,6.3862677953862e-07,-2.62115201151714e-07,1.86626419936071e-06,1.16054468928439e-06,-1.32578248660742e-06,3.21840621584924e-06,-1.39341544425596e-06,-2.43089509750795e-07,3.77926636569932e-07,4.74862529902225e-07,-1.2645972739994e-06,8.34811741096466e-06,8.61940395106927e-07,-1.76668475065413e-07,1.54638772218851e-06,-1.4821713336295e-06,3.96725221693439e-07,5.26625103602394e-07,1.56318004065089e-07,-8.27236110827975e-07,-4.94200842310774e-08,1.71709526679448e-06,-8.91740843625081e-07,9.61391272807673e-07,-2.54754080317921e-07,5.36438061472406e-07,2.30836949174648e-07,2.81674844832827e-06,6.07000127854893e-07,-4.56613987793747e-06,1.08042910418425e-06,-3.6946319299351e-07,8.02487969455994e-07,-1.96515467512347e-06,2.41838971325424e-06,-4.12407026082299e-07,-8.6544808891047e-06,-4.83323347203685e-05,-9.64359425087466e-05,-6.35698331830638e-06,5.99063732850376e-06,0.000146068374952918,0.000177430748875867,-0.000349041772615143,2.9848021034834e-05,-1.22523396076762e-05,-1.35991252765343e-05,-2.53756354976297e-05,-6.58009196187365e-05,1.91970847823051e-05,-2.5509191047563e-05,9.45632116216446e-06,-1.09246646689973e-05,2.08473050431576e-08,2.22097327367866e-07,2.6012196001882e-07,9.59243049613799e-08,-1.29638076318695e-07,2.50762222909743e-08,4.70829386521418e-08,-6.02859348202559e-08,5.39253198934621e-08,1.47985523008825e-07,0.00182682897669478,2.63169216469252e-05,-0.000123238896100709,9.70612691116079e-06,-7.53982530764313e-05,9.41485786595924e-05,1.9265722674984e-05,-9.81236077453997e-05,0.000107397972341594,-0.000122468688676767,1.70572080080967e-07,0.000539332576795726,-0.000230879903978552,-0.000447627298458121,0.000445330931618018,1.13094685672403e-05,3.01920882675788e-06,-1.95352886948645e-05
"north_west","rel_p_D_alpha",-1.18405268535187e-05,-0.000322054355769851,1.98924817836895e-05,7.79624113513757e-07,-4.57212200164756e-06,-3.16561772230289e-07,9.64422207939466e-07,1.6351695792859e-06,-1.94745923388381e-06,7.1775432788486e-06,-5.44127000607502e-06,9.64709605704531e-07,1.01655498148261e-07,8.73763083364785e-07,6.61634049513423e-07,2.38242095242318e-05,1.9870267610032e-06,-1.10376966222269e-06,4.72133685768919e-06,6.50330218027168e-07,5.02795276669736e-07,7.95308662571065e-07,3.35635830625155e-06,-1.94345938897078e-06,2.45702172108392e-06,4.39350579229464e-06,-6.09422484652877e-07,-3.15055226122125e-07,1.948801365926e-06,4.99797683971393e-06,-1.49738549771761e-07,4.33820453738521e-06,-5.38895933350564e-07,1.66516190295735e-06,-6.15321610959323e-07,3.13594406654863e-06,-6.58249949306348e-07,-7.453875019193e-07,-9.7094393074836e-07,2.52725875513903e-06,-1.84170500282776e-05,3.07076035984627e-05,-0.00154457095957808,-0.000802583636035854,-0.000596741784868209,0.000497279378501117,-0.000119643268819865,-2.87058784804628e-05,-0.000127484801611705,-2.33265224815173e-06,-0.000182273785545199,-7.59114778340181e-06,-8.61168489606722e-05,-0.000106960574432968,5.47192758673094e-06,-1.30202982733072e-05,0.000120372015280083,-1.0468571598054e-09,1.05488071420923e-08,8.63412882792294e-08,-5.30531853488881e-08,-7.12296484427568e-07,1.50326775391163e-07,1.06955522420022e-07,-7.52274971790749e-08,1.73486586779896e-07,3.46340972891617e-07,2.63169216469252e-05,0.0038021130588386,-0.000907114257295942,0.00012039247970688,-2.77795350104872e-05,0.000123413137855212,4.51192555649348e-05,0.00024695505183425,-0.000439037195958746,0.000144858481031936,5.12547579339806e-07,-0.000248451994329329,0.000342080121088025,-0.000310520638623158,-0.00102081101295375,-1.1045302836912e-05,-1.45658440774422e-05,-4.14155441828342e-05
"north_west","rel_p_D_delta",-1.75398216869888e-06,0.000140281234898407,-3.61695296391621e-06,-1.92907144076207e-05,-9.38415533041141e-07,-4.27716110153558e-07,-4.55153945066748e-07,-9.83480179828812e-07,4.68168155602701e-07,-2.91549524755388e-06,2.26869982345142e-06,-3.0607350272237e-07,-2.6489505767756e-07,1.88072911283538e-07,-4.55545318738025e-07,-7.0266660714067e-06,-2.07885567745124e-06,1.48725482128139e-07,-2.816886367684e-06,1.34004159244843e-07,-1.39600708406653e-06,-1.15576448774964e-06,-2.60185735543567e-06,2.88283483945295e-07,-3.12737582727952e-06,-3.04540489703395e-06,5.15840946736538e-07,-1.45742334712107e-06,-2.76593877216979e-06,-2.61580728639435e-06,-1.29932382511552e-06,-1.62112392605537e-06,-1.60052576006258e-06,-1.12471276788629e-07,-8.10892361382738e-07,7.20314221015164e-08,-6.36210527553486e-07,1.07918165124819e-06,-1.13739424987444e-06,2.00680832843969e-07,2.61476526027108e-05,-3.06762845850243e-05,0.000430600858703892,-0.000170523877450802,-4.17561187646505e-05,-0.000230000146475311,0.000210306021518181,0.00011596857779735,8.9008861441889e-05,1.24488907445937e-05,1.61187893205264e-05,4.17053557666022e-05,8.61109484245333e-05,-5.4915672773404e-06,-1.92358398620426e-05,3.24510656106506e-06,-8.85549585440689e-05,-1.97960800936074e-07,-1.51591080856308e-07,-1.55682836672727e-07,-1.07666880569918e-07,1.46044568603473e-07,-1.24205951762112e-07,-2.78223397683729e-08,-6.53041641305858e-08,-1.39438925083266e-07,-1.37815622610882e-07,-0.000123238896100709,-0.000907114257295942,0.000762526498512028,-0.000214121300739881,-1.49476217840111e-05,-0.000102870679286181,-4.06971929245794e-05,0.000260436861347254,-0.000204635973891641,3.43553242078195e-05,-1.25118959759249e-07,0.000275268929092479,-1.64901636510301e-05,-2.59944999729685e-06,-0.000437748492408209,-4.96368994521175e-09,2.65267930392077e-05,3.37530061438368e-05
"north_west","rel_p_D_omicron",6.48954636047703e-06,-7.46297030142379e-05,5.91384450766735e-06,4.4522672219526e-05,1.36911754215976e-07,3.65175705565031e-07,-1.43833203808207e-06,4.44860460462412e-08,-2.34006673570849e-07,1.86314394658479e-06,-1.9912951908538e-06,-3.26444567312267e-07,-5.43859234729449e-07,-1.14715460409232e-06,-4.91632530551167e-07,-1.11225664204337e-06,-1.832470652945e-07,-2.37089157772069e-08,-1.06340976332716e-06,-1.19798763573217e-06,1.07683589561298e-06,-1.64098807068582e-06,-1.98077560413463e-07,2.36228015097297e-07,-1.17102721439374e-06,-5.14515190672783e-09,1.51093026600229e-07,-8.80750878512965e-07,5.20486425151437e-08,-3.19652058410756e-06,-3.60428532421922e-07,-2.25184808533065e-06,-4.68586805987958e-07,-2.39865761982265e-07,-4.74291517607097e-07,1.1596343808868e-06,-1.10990742774965e-06,-6.96829026724871e-07,1.1973196252223e-06,-1.70408427893106e-07,3.05682283351744e-06,4.94131921200076e-06,-4.96977640406746e-05,0.000160277523454405,-0.000467177623066895,5.39704235346133e-05,-0.000152803348492305,0.00010629172464152,0.000138271679444708,-2.32241906469019e-05,-9.31121136987652e-06,2.04081052419069e-05,4.74400385056915e-05,-3.63916761731275e-05,3.82543901241591e-05,-9.73921233150009e-06,6.57411394630919e-06,4.50655220685529e-08,-1.99976922118655e-08,7.78657204868625e-08,5.83348271071346e-08,1.19785422674495e-07,9.61486747820685e-08,-3.18863016430649e-09,-4.29866178445142e-08,3.66762202119023e-08,-5.6147163809765e-08,9.70612691116079e-06,0.00012039247970688,-0.000214121300739881,0.000696695008735356,-8.31063309162877e-05,4.23476484999083e-05,-9.73279759486775e-06,0.000225129237725146,-7.42683342902496e-05,-2.11778269492776e-05,1.37122018833432e-07,0.00215922092673022,6.28375970867746e-05,0.000498670620541875,0.000101084950068905,2.39041196978037e-05,-1.00366767246254e-05,2.33565818869663e-05
"north_west","rel_p_H_alpha",-2.26583370871369e-06,2.47056447479499e-05,2.37134005777168e-06,-6.24455151388264e-06,4.11491035590999e-06,1.92467415948497e-06,-4.29892786145097e-07,8.75238439064872e-07,1.46466709698981e-07,1.41593942170131e-06,-1.35571691927636e-06,3.53004599280078e-07,4.58342174785945e-07,4.5875610029067e-07,8.98039887171553e-07,-7.97482828192568e-06,1.33642791471594e-06,7.87330161280751e-07,1.2662407296068e-06,1.28491752704246e-06,4.42191919878771e-07,1.85077081134161e-06,-6.7035846666926e-07,3.11316352340739e-06,4.46848714134083e-07,1.69861738871629e-06,3.06670897594312e-07,7.51533031650834e-07,1.77705898071792e-06,-9.28788238182634e-10,4.48508121109499e-07,9.00406132752066e-08,1.1086902967713e-06,-3.21892946245313e-06,8.06717421587193e-07,5.69462330584666e-07,-1.05506026508728e-06,1.41940440078456e-06,-3.94500784757037e-07,2.34086936079064e-07,7.22661246721058e-06,6.55130139043861e-05,-8.75811037638481e-05,1.41860309195583e-05,8.58700342419678e-05,-2.45889949691789e-05,-8.7495055105046e-05,9.64182382621594e-05,-3.08413602242528e-05,-2.4668808904252e-06,3.74204331124648e-06,-0.000116291262869259,-0.00017516262180402,1.43182868741529e-05,1.36533734357526e-05,-1.85439153314049e-05,4.51413899237061e-05,-6.33617757986264e-09,-8.28421000410395e-08,-1.06034900769544e-07,-1.03312353871825e-08,-2.65192110710191e-07,-1.49658025969916e-08,-2.54620835316007e-08,-4.21210100030154e-08,-2.28589006306906e-08,-1.301137400247e-08,-7.53982530764313e-05,-2.77795350104872e-05,-1.49476217840111e-05,-8.31063309162877e-05,0.000633359059115786,-0.000314854141115528,3.23298689772486e-05,-0.000106218097009615,0.000421802976305359,-4.7970090417196e-05,6.38809237477844e-08,-0.00231138525299929,-4.65428007924356e-05,0.000206658301657392,0.000305399967842681,-9.97738118984216e-06,-2.92026873490531e-05,4.88930494361716e-06
"north_west","rel_p_H_delta",-4.90276547457118e-06,-1.20069625855023e-05,1.59369514163103e-06,1.22890885783605e-05,-1.62187807850168e-06,-7.61276354814648e-07,1.78920597489625e-06,-7.5278662028034e-07,7.12634725813583e-07,-7.68418802277285e-07,1.65047091376118e-06,3.29221897376315e-07,1.75572132615473e-07,6.48047356087425e-07,1.3414352036404e-07,-1.36234782351935e-06,1.71854309151539e-08,1.30204345029776e-07,8.62364180099831e-07,-1.28304015127998e-06,4.10016458862661e-07,-3.04836562383677e-07,7.80034812048082e-07,-2.10695035763621e-06,6.59087432549506e-07,1.92937019645923e-07,-2.15315277542369e-07,-6.63707353088169e-07,-4.0483715422453e-07,7.67273114798998e-07,1.68905528486678e-07,3.28517064666217e-07,2.69657499160164e-08,1.39302773573434e-06,3.97140133149524e-07,-6.24294885092464e-07,1.48363705185194e-06,-1.91957614528003e-06,1.55741521652917e-06,2.4091317334761e-07,-2.98173530086628e-05,-7.35937868681084e-06,-1.01462315503147e-05,-2.85644292722611e-05,-5.14076771709178e-05,-2.90237732919884e-06,0.000168992158483734,-9.68694494435633e-05,-0.000211993122487229,-6.22161724094283e-06,-5.56739125706675e-06,-4.98135713572953e-06,-6.0628675329569e-05,1.15479575578648e-05,-1.4663477575446e-05,1.18085479638823e-05,1.66978368563279e-05,-2.40039556553894e-08,-5.31224195578342e-08,1.39656660919867e-07,3.73254542588082e-09,-1.08291756819799e-07,3.60460222257685e-09,-6.40768955340724e-08,3.78520957401774e-09,4.03454494673622e-08,-6.16305914540777e-08,9.41485786595924e-05,0.000123413137855212,-0.000102870679286181,4.23476484999083e-05,-0.000314854141115528,0.000432151042218365,-3.69070430644976e-05,0.000217453739185185,-0.000447499831155916,3.80478891631487e-05,1.57392361062892e-07,0.000126178830285659,-0.000215487883469611,1.52558018703814e-05,-0.00059142498061454,-3.61117396991432e-06,2.2605088798177e-06,5.14456677100699e-07
"north_west","rel_p_H_omicron",7.11178440831403e-06,4.05474040720972e-05,2.01728065835506e-06,3.88907922395922e-05,3.55434901012377e-06,5.72881347390052e-07,3.83705785864751e-07,8.2221241879631e-07,-1.48932302808487e-06,4.64287022321975e-06,-5.90683799433112e-06,7.66166650976085e-07,-5.30840236871007e-07,-1.50743486655015e-07,1.01442554526516e-06,1.81487702751412e-06,6.82037952270732e-07,-1.69776481086688e-07,1.86184921102899e-06,1.94473989186352e-06,1.64846176481907e-07,7.45923838725375e-07,1.72320324477555e-06,2.02079992269758e-06,5.4565669497242e-07,1.52351554140745e-06,-8.12018637356036e-08,3.92772771088338e-06,1.73407045137047e-06,-1.11952180099758e-06,1.39254559761404e-07,-1.34360844755229e-06,-2.48294461990667e-07,1.36704417836282e-06,-7.94174079509675e-07,1.95246321999448e-06,-4.10153472692493e-08,-1.2233356151765e-06,1.99732849522003e-06,-5.65369208295958e-07,4.39665376592457e-05,2.96992673609831e-05,-4.9225206432718e-05,2.62884167650718e-05,6.4178279003602e-06,0.000122228780533675,-0.000231354433393946,0.000344264474212943,6.50146206567053e-05,-1.30541790242962e-05,-6.14448743029185e-06,-8.96729510461373e-06,-0.000646414535851675,-3.4532027329906e-05,-4.55266332450142e-06,-3.01013797011777e-05,0.000101780246284528,1.42481360314582e-07,2.57269587973821e-07,3.69594357622891e-07,2.7833187789439e-07,2.49050610003012e-07,1.62342777921929e-07,1.86342525775212e-07,-3.48800370358658e-08,7.64213014300641e-08,2.37981577543338e-07,1.9265722674984e-05,4.51192555649348e-05,-4.06971929245794e-05,-9.73279759486775e-06,3.23298689772486e-05,-3.69070430644976e-05,0.000677192169042885,0.000472018878879991,-0.000338708548289402,9.17977308503139e-05,-1.62182263591021e-07,-7.80446983139928e-06,-8.12015495010793e-06,-0.000144542668904129,0.000905329286266857,1.21860020642266e-05,-2.44480828039126e-05,-6.83412254776995e-06
"north_west","rel_p_ICU_alpha",1.74347771304995e-05,8.82620674327825e-05,3.93937269023607e-05,0.000222633388551798,-2.11267457267572e-05,6.81024905252538e-06,-1.09889260949654e-05,4.44289361313079e-06,-4.20584299753757e-06,1.20037322978297e-05,-8.46262591484847e-06,2.85596128110434e-06,-5.30786951652138e-06,6.61544553600151e-06,1.03191183952591e-06,1.7733678668592e-05,-3.95405346011527e-06,-1.76277130721446e-09,6.67208197308214e-07,-6.37057765463185e-08,-1.51195745528557e-06,-1.67182296081764e-06,3.64319440075882e-06,-4.40526400333153e-06,1.01597166463005e-06,9.11293809126537e-07,2.87942689586672e-06,6.56011633173368e-07,-1.30334748751586e-06,-6.4159196814905e-06,-5.43843534309696e-06,-7.71204768961635e-07,-8.24281118386942e-08,-1.3307408998695e-05,-4.82132348123903e-06,7.1940487455698e-06,1.19285461925091e-06,-7.78831354141994e-06,1.04161854147404e-05,-4.17126871404585e-06,-8.74273002073735e-06,0.00035526014746133,-0.000224307777441792,-0.000297237338296569,-0.000461210734463224,0.000383420300150709,-0.00024425531308899,0.00265254359351999,-0.000765653646208781,-0.000133881952652979,-7.86169255202756e-05,-2.35257519915425e-05,-0.000450669529555969,-0.000211930503345768,-0.000137899587662906,-0.000344808408582912,-0.000123773659940817,2.93564456076196e-07,3.82227336270859e-07,9.18171277803145e-07,4.68467284780813e-07,1.88015305920567e-06,5.27670802147667e-07,6.32502904053976e-07,-1.82037347242771e-07,2.71571037889987e-07,4.97722488752737e-07,-9.81236077453997e-05,0.00024695505183425,0.000260436861347254,0.000225129237725146,-0.000106218097009615,0.000217453739185185,0.000472018878879991,0.00910240077246088,-0.00569075837707512,0.000763032084592627,-4.04975063657145e-07,0.00783035953054589,0.000940559501716951,0.000451639274328357,-0.00647583238274007,8.6620252669419e-05,1.39478771665318e-06,4.33820536144174e-05
"north_west","rel_p_ICU_delta",-1.66552309260032e-05,-2.70000322214541e-06,-6.88712651703101e-05,-7.71934077341492e-05,1.64919974368551e-05,-2.760526340698e-06,8.20905237900114e-06,-8.03177202715862e-07,-4.61634578541775e-07,-4.30725370725532e-07,-2.60671984869073e-06,1.13409428785202e-06,4.70820265677303e-06,-3.1735066802417e-06,6.42973112536996e-06,-3.70639071474356e-05,2.90596518198646e-06,6.13248399109641e-06,-1.57451570885721e-06,8.3648734127968e-06,2.27708166574125e-06,9.63368563510909e-06,-5.18743292855902e-06,1.64643568542599e-05,-2.6067831360312e-06,9.71043006121498e-06,-2.34840446788191e-06,3.59023449086073e-06,8.61032939052642e-06,4.82991242479334e-06,3.27956502056327e-06,3.53630703787302e-06,3.14721955397364e-06,2.13202164279392e-06,3.92476758662858e-06,-4.76698212917539e-06,2.64704270711229e-06,4.7972721007065e-06,-9.17369446169914e-06,4.80555149625559e-06,0.00017187529380545,4.17532657330486e-05,0.000416995781439197,0.000414863003011906,0.000648715258533796,-0.000766909539963683,-0.000525126315787275,-0.00210012600135438,0.00113963167900254,0.000103244929653769,5.40967085150792e-05,-6.06030132624109e-05,0.000111488581364222,-2.890323338108e-05,-0.000198373463827482,-7.82754952638726e-06,0.000525220207540758,-2.08243193209801e-07,-6.8060569429843e-07,-4.75847613245592e-07,-5.40057432142945e-07,-1.85537224986537e-06,-5.25614243709975e-07,-7.18198913387294e-07,-2.0161411943543e-08,1.10657284372022e-07,-3.19007444001493e-07,0.000107397972341594,-0.000439037195958746,-0.000204635973891641,-7.42683342902496e-05,0.000421802976305359,-0.000447499831155916,-0.000338708548289402,-0.00569075837707512,0.0087855501338914,-0.000961271287770391,6.28438626590192e-07,-0.0163929124095033,-0.000970691752587842,0.00170844452583885,0.00247525376180166,-0.000155593097294884,-6.02908912877191e-05,2.61317175645171e-05
"north_west","rel_p_ICU_omicron",6.9575095406484e-06,1.96709712993097e-05,5.89059764383227e-06,1.7614184595044e-06,-6.43192790130386e-06,2.87324859118408e-07,-2.2491953668988e-06,1.7230154612073e-06,-4.03591640595111e-07,-1.03916687812129e-06,-3.69627682560707e-07,7.72750019229903e-07,-5.53466025398356e-07,1.51114906311713e-06,1.4175168920008e-07,-9.49328430226684e-08,-6.14053695826377e-09,1.75266206141411e-07,3.3112698856479e-07,2.56219836569412e-06,-1.0128428011853e-06,5.68420809257621e-07,1.25030183201455e-06,-1.14596207734595e-07,2.36808275309988e-06,-1.68950619371234e-06,9.78315455936398e-07,3.03297889730528e-06,-1.25439452417596e-06,4.46972954028836e-07,-2.06822708808718e-06,8.92597300022772e-07,-7.99654408421227e-07,-1.81625985929578e-06,-1.67331386716057e-06,2.76281232729831e-06,-3.43530933263647e-06,2.66842814824707e-06,-2.14766643620788e-06,6.44415660261381e-07,-1.1791426527539e-05,4.85555619695408e-05,-0.000127274750735066,-0.000119374321882336,-4.99711024335134e-05,0.000180898569248273,0.000186518788106389,0.000119831775781748,-3.68154960290739e-05,3.32350897625094e-05,-1.19743832416179e-05,1.33950531213813e-05,-6.44867840297639e-05,-8.2856392621787e-06,5.48037094652291e-06,-4.40626280198769e-06,-5.8591004180587e-05,9.6737393741541e-08,2.60262716249324e-08,-6.46187327555142e-08,5.18175881324708e-08,2.35988742359494e-07,-1.16259615158227e-08,1.24220068518978e-07,-3.48373666528371e-08,-2.03564069404935e-08,-7.79938263065042e-08,-0.000122468688676767,0.000144858481031936,3.43553242078195e-05,-2.11778269492776e-05,-4.7970090417196e-05,3.80478891631487e-05,9.17977308503139e-05,0.000763032084592627,-0.000961271287770391,0.000458552443325855,-1.71837600637376e-07,-0.000511484274819848,0.000231050132780366,7.80245235839112e-05,-0.00216632455196557,-9.7859945070344e-06,7.56412902315638e-06,1.45088344058179e-05
"north_west","rho_pillar2_tests",-6.82168958976882e-08,8.75360136418224e-08,2.46116356123105e-08,-1.9985512803489e-08,-1.19874435231248e-08,2.72190633615716e-10,3.26509270207661e-09,3.53531201169791e-09,-1.32277999645489e-09,3.13045462568217e-09,-3.2598419433712e-09,2.15569526305573e-10,9.03161663028736e-10,5.27871872050878e-10,2.75624421183734e-09,-1.11679849371042e-09,-1.89444532658257e-09,2.69064597419793e-09,-2.0686784815658e-09,-4.5309156666304e-09,2.74848548036293e-09,-1.16226644362257e-09,-2.67225091489518e-10,7.55912080107891e-10,-6.31970823409132e-09,9.49263632715376e-09,-8.91373431201092e-10,-1.1833276252602e-08,9.48528843440232e-09,-5.75273664231505e-09,3.09250654405466e-09,-6.95944250754422e-09,1.1284091367871e-08,-1.42482495924514e-08,1.39462178753329e-09,1.81234169732385e-09,-2.27616358303397e-09,-4.87267455299846e-09,7.88857356872487e-09,-1.21118713043205e-10,3.22100895752537e-08,-7.38900205984486e-08,-2.58365778022597e-07,-1.18697157823289e-07,-2.92992841343494e-07,2.13171792924924e-07,-1.25011730408611e-07,-4.67044170292377e-08,-2.20827593723018e-07,-4.54723988245355e-08,4.08636344708437e-09,-8.03435579754062e-08,2.23589332436671e-08,4.52718904232261e-08,-2.18875274064579e-08,-1.98238476972596e-08,1.01564299847122e-07,-1.1295618932391e-10,-2.94400968282725e-10,3.10492468762665e-10,5.43685285170701e-11,-1.73112438546414e-09,8.81921563408969e-11,-4.24872344949001e-10,1.86345394715622e-10,5.25129296402656e-11,1.11900213340166e-10,1.70572080080967e-07,5.12547579339806e-07,-1.25118959759249e-07,1.37122018833432e-07,6.38809237477844e-08,1.57392361062892e-07,-1.62182263591021e-07,-4.04975063657145e-07,6.28438626590192e-07,-1.71837600637376e-07,6.98823747938146e-09,2.06923695464119e-06,4.95309479736694e-07,2.61902796996257e-06,-4.48207293068919e-06,1.93746508937217e-08,-4.51234047991009e-10,-9.35253879180839e-09
"north_west","seed_date_alpha",0.000130152373765524,-0.000901218981216969,-8.58454127378765e-05,0.000471161806557681,-3.15979681175989e-06,-4.55791277913481e-05,1.80269521333766e-05,-1.52537900322662e-05,5.29813066823687e-05,3.71314336551546e-05,4.03663831839804e-06,-8.68203100001761e-05,-0.000104366213399547,-0.000175132909440614,-0.00011624529447581,6.31944650063472e-05,-0.000152769520124644,-7.23678457393627e-05,-0.000166633646553869,-0.000206602892940717,-7.05080573922928e-05,-0.000166411972693683,-0.000132337204891266,-0.0001942502321965,-0.000171819001237373,-0.000175185590388318,-1.53552885261305e-05,-0.000225119225303489,-0.000187782440505664,-0.000170417717100168,-4.74142505282699e-05,-0.0001737032977289,-9.72927291326756e-05,1.49063993408226e-05,8.59981466780491e-06,-1.91504117941554e-05,-1.9893916311802e-05,-6.10796281826665e-06,1.86351876004712e-05,4.10056400737526e-05,0.000226026404913908,-0.000781993220425918,0.00145895044805915,0.00126414311911418,-0.00232448673780923,0.000236804847638339,-0.00605495357537788,0.000143112583130093,-0.00340777619095337,-0.00123505570097053,0.000226351236982376,0.00109778602044677,0.00132823017466416,-0.00038044196828076,0.000847813552778142,-4.18319224834559e-05,-0.00331839639241424,1.87316902869084e-06,-1.70835832295947e-06,-8.05786751988271e-07,5.47649365117129e-07,1.20726115701767e-05,3.0451408378218e-06,-6.53402277888833e-08,9.78144166565008e-07,-4.35198187613741e-07,-4.56277234529804e-07,0.000539332576795726,-0.000248451994329329,0.000275268929092479,0.00215922092673022,-0.00231138525299929,0.000126178830285659,-7.80446983139928e-06,0.00783035953054589,-0.0163929124095033,-0.000511484274819848,2.06923695464119e-06,0.701235076612085,-0.0253523163178097,0.00762282276223799,0.00743547789481226,0.00617786459688075,-0.00043337743026184,7.54247412692745e-05
"north_west","seed_date_delta",3.77684769512392e-05,0.000131886613557558,1.53205847951924e-05,2.37659574293733e-05,-1.22159574096474e-05,4.36942336939941e-06,-1.017333810546e-05,9.97104627515406e-06,-7.15427756687188e-06,2.81386986042212e-06,5.09890976655241e-06,2.13499982649281e-06,6.04725087654417e-06,-3.4565799162001e-06,2.60392879652292e-05,-5.73067473961228e-05,-4.78490862470112e-06,-2.63280207058506e-06,5.48226246274713e-06,-7.92974000480279e-06,4.16944769566243e-06,-8.4154130601911e-06,1.43221911281753e-05,-9.33417582539609e-06,7.89650319563665e-07,3.74679676834843e-06,9.09777308169102e-06,2.46769802556743e-06,1.02947109179637e-06,2.42800289488325e-06,1.24910466741269e-08,4.08535900459544e-06,9.39754638644109e-07,-4.3063117157678e-06,-5.07656871620691e-06,9.87780574495072e-06,-1.03266839446768e-05,7.9362944125412e-06,-5.88814942959586e-06,-1.36898613056398e-06,-0.000176040919984057,0.000110990300545219,-0.000441835657408817,-8.18550756543477e-05,-0.000164599840504744,0.000447862588535654,0.000389819351333979,0.00104184068877269,0.000629725163960639,4.91984867021044e-05,-2.87093554734423e-05,-6.95246107713485e-05,0.000235262460477709,-6.82393422785613e-05,-3.25979164136259e-05,4.43470053174434e-05,-0.000102961690136119,5.90698773955076e-07,1.30083602896776e-06,5.09365567053356e-08,5.59510055195868e-07,-7.67236761811109e-07,4.51431731140788e-07,8.09437816912526e-07,-1.85455705210168e-07,2.69138722778183e-08,-1.0975673006151e-06,-0.000230879903978552,0.000342080121088025,-1.64901636510301e-05,6.28375970867746e-05,-4.65428007924356e-05,-0.000215487883469611,-8.12015495010793e-06,0.000940559501716951,-0.000970691752587842,0.000231050132780366,4.95309479736694e-07,-0.0253523163178097,0.0336594382641115,-0.00162856285561183,-0.00592850912061745,-0.000189038447965909,0.000413104117276244,-0.000170650262124681
"north_west","seed_date_omicron",-0.000102472689718051,-0.000118207572629433,-6.200269318571e-05,0.000292090509540342,-2.13708109504498e-05,2.34669311493478e-06,-3.52943475169905e-06,3.08457566912353e-06,2.17676736854472e-06,-4.95417405783151e-06,8.19642244590711e-06,-2.51970237376686e-06,-1.46902146787076e-07,-3.79614235149446e-06,8.38501817801385e-06,-1.97652188771401e-05,-7.22564441826358e-06,9.37220421390231e-06,-2.70971227121231e-06,-1.8246730626626e-05,9.90179885063787e-06,-2.57678846282518e-07,-2.5868704493463e-06,4.72311631439628e-06,-8.95683626988317e-06,1.74086461107676e-05,1.92388882562623e-06,-2.34934578605859e-05,2.92458663957492e-05,-9.51060804298275e-05,-1.18339542634946e-05,-6.35780816928947e-05,-2.408412660271e-05,-7.76308084832694e-05,-2.2978016316081e-06,1.33427879816674e-06,-2.27703940635064e-06,1.63276068423029e-06,-4.87438718582586e-07,4.6090376611958e-06,0.000316021416397215,0.000158974052884003,0.000273535810534483,0.000485532507784569,-8.90760484885707e-05,-0.000590243730658173,-0.000362269813619187,0.00089338590413201,7.85727161047496e-06,-0.000101292442295601,2.18661962246509e-05,2.87144948332559e-05,-0.000125449819045435,-0.000371239638192466,5.70157160493505e-05,-7.43683997239951e-05,-9.99278943826946e-05,-1.71885273637859e-07,-2.01263166442252e-06,1.7771870423596e-07,1.17790047821215e-07,-6.60983299178591e-07,-3.78076302745395e-07,-3.4749349787991e-07,3.04730493699513e-08,3.74625229382427e-07,-5.14589391476556e-07,-0.000447627298458121,-0.000310520638623158,-2.59944999729685e-06,0.000498670620541875,0.000206658301657392,1.52558018703814e-05,-0.000144542668904129,0.000451639274328357,0.00170844452583885,7.80245235839112e-05,2.61902796996257e-06,0.00762282276223799,-0.00162856285561183,0.0434117085404238,-0.00913340451302604,5.71358347407017e-05,-0.000136277680102244,0.00140308979165239
"north_west","start_date",0.000266311229859152,0.0004859035898379,-0.000133921723383952,7.13665246974399e-05,0.000400232713386056,1.73976452879424e-05,-4.47780197254515e-05,6.96812897733846e-06,-2.43234244136418e-06,-3.09954735480755e-05,3.58489146921993e-05,-9.82143121568551e-06,-4.52621328599078e-06,3.87439935032003e-06,-2.59570688224299e-05,9.71097005009978e-05,2.31478313022747e-05,-2.60201148849469e-05,3.63189464875725e-05,-2.43596786897592e-05,7.17756483901287e-06,-1.92738044539687e-05,1.27715907682001e-05,-2.55597534073368e-05,-9.63054658285245e-08,-1.73582043929312e-05,-1.86931472858384e-05,-1.92004919064171e-06,-1.10817916909788e-05,1.51492484999478e-06,-3.68788087731957e-06,4.19337342927468e-06,-1.07199482625571e-05,3.805407559414e-05,1.58913955137796e-05,-4.12079572823645e-05,2.4847366363624e-05,1.94135210706848e-05,-2.24998455452457e-05,-3.18333798062692e-05,5.36985206941165e-05,-0.000370223388205336,0.00109594237227665,0.00083571360112418,0.000749466413253501,-0.000952158214979463,-0.00144205622672214,-0.00448620453776163,0.00149124869171589,-0.000111227859668178,0.000139062422540393,0.000378646525057826,-0.00104372612615244,0.000315559270485675,0.00063572674132503,0.00016025656492103,-0.000937554808234915,-5.99514872489363e-07,9.23672288510527e-08,-3.20740797187285e-06,-3.82257899279307e-07,9.36208291658097e-08,4.78908156457683e-07,1.10424516759711e-06,-1.86840316891794e-06,-9.49311419720919e-07,-7.74060268569238e-07,0.000445330931618018,-0.00102081101295375,-0.000437748492408209,0.000101084950068905,0.000305399967842681,-0.00059142498061454,0.000905329286266857,-0.00647583238274007,0.00247525376180166,-0.00216632455196557,-4.48207293068919e-06,0.00743547789481226,-0.00592850912061745,-0.00913340451302604,0.142182692736901,8.32358768938076e-05,-0.000232694028852549,7.70386535968379e-06
"north_west","ta_alpha",1.48034299036335e-06,-7.3872836686427e-06,-1.14847039378419e-07,5.70783897175873e-06,-2.53392359973416e-08,-1.71796383135626e-07,4.30480137149756e-07,-5.23334948130733e-07,6.89609068183903e-07,1.39932739491093e-07,-1.8418949210693e-07,-8.54274304425591e-07,-1.00500488944042e-06,-1.64806317060106e-06,-1.00984764388317e-06,1.26581072090618e-06,-1.36658857714908e-06,-8.09164698248748e-07,-1.13485665375827e-06,-2.09287004101895e-06,-6.31719175859664e-07,-1.51427610631418e-06,-1.14523614873549e-06,-1.74881826075044e-06,-1.60289097195928e-06,-1.42759699470325e-06,-1.11453367276078e-07,-1.96187167580074e-06,-1.70829180262044e-06,-1.57778845646088e-06,-4.67371012420289e-07,-1.55458544769017e-06,-8.96504016052117e-07,1.80962556588846e-07,3.75510479178953e-08,-6.15105590740075e-08,-7.06404904733795e-08,-3.15768792432707e-07,5.60316611421375e-07,1.39457023034583e-07,2.09559801525416e-06,-6.95640318805661e-06,1.55550314160368e-05,1.71324585668077e-05,-2.37187227698318e-05,-1.14359494156835e-06,-6.0364127828478e-05,2.76225263324148e-05,-3.04913424844973e-05,-1.525054979882e-05,1.5168778304106e-06,5.0354120959049e-06,-2.33662225094271e-06,-3.88807844662372e-06,9.48351336936945e-06,-2.00991747204046e-06,-2.06465329229873e-05,2.96107423430762e-08,1.62074903595651e-08,3.37029921095308e-08,2.62121809117364e-08,1.4009593701467e-07,4.48685329584447e-08,1.14845516255368e-08,6.69468123644268e-09,-1.30045332166372e-09,3.14364021622383e-09,1.13094685672403e-05,-1.1045302836912e-05,-4.96368994521175e-09,2.39041196978037e-05,-9.97738118984216e-06,-3.61117396991432e-06,1.21860020642266e-05,8.6620252669419e-05,-0.000155593097294884,-9.7859945070344e-06,1.93746508937217e-08,0.00617786459688075,-0.000189038447965909,5.71358347407017e-05,8.32358768938076e-05,6.08288727759075e-05,-5.41692165212736e-06,-8.12655369976998e-07
"north_west","ta_delta",3.68436945466589e-06,-2.2600203695445e-06,3.51872180169066e-07,-5.89593754108086e-06,-5.02602029150179e-07,7.99388752474766e-08,-6.78386759739288e-07,4.7540102535607e-07,-3.0960222074462e-07,2.59314787227747e-07,-2.024567030824e-07,2.01122336783609e-07,-5.4575885196919e-08,1.8692281591971e-06,-1.39002733160478e-06,-3.18841778873343e-06,-7.25153963835673e-07,-7.525452098845e-07,-1.56136494636582e-06,-2.28667833228074e-07,-7.87217362663686e-07,-9.26542837812437e-07,-7.74591941987203e-07,-9.70364416223665e-07,-1.12952119703606e-06,-1.13269451272266e-06,3.27355090847825e-07,-8.97066087152799e-07,-1.31619388443728e-06,-4.35817835888299e-07,-4.13067975019041e-07,-3.02694159444837e-07,-5.82355218858491e-07,-5.25257094625036e-07,-1.48466896191899e-07,-3.35879033440429e-08,8.72362848679087e-08,2.49809303004448e-07,-5.12987569944405e-07,1.68311348661681e-08,-5.44847234030906e-07,-3.48610481343444e-06,9.47134681419716e-06,-2.03552786600899e-05,-9.23594115354249e-06,-2.14345897460637e-05,-1.42378979950224e-05,2.39814056527022e-05,-2.03469986799675e-05,4.82445182025059e-06,2.17867653673904e-10,1.40980619049705e-06,3.72258030176277e-05,3.14173006711921e-06,-5.01742174413226e-06,6.16829673432163e-06,-1.08087895559176e-05,3.90113698474676e-08,4.18791527615493e-08,1.54324698862594e-08,3.53812032344708e-08,6.527303101017e-08,2.85044259447626e-08,5.0246855846442e-08,3.38815350994467e-08,1.9944155463147e-08,3.96728612547298e-09,3.01920882675788e-06,-1.45658440774422e-05,2.65267930392077e-05,-1.00366767246254e-05,-2.92026873490531e-05,2.2605088798177e-06,-2.44480828039126e-05,1.39478771665318e-06,-6.02908912877191e-05,7.56412902315638e-06,-4.51234047991009e-10,-0.00043337743026184,0.000413104117276244,-0.000136277680102244,-0.000232694028852549,-5.41692165212736e-06,5.28363299493599e-05,-1.12084399727983e-05
"north_west","ta_omicron",-2.09646811364215e-06,-3.17718141750409e-06,-3.04663570328542e-06,7.02807129469848e-06,-7.91409258461662e-08,9.27075019719924e-08,-4.28811553992488e-07,-3.09963352454135e-07,3.05562455325231e-07,-1.09687871995713e-06,4.6706473945252e-07,-1.75126151447937e-07,-1.77315044713762e-07,-3.33193635920095e-07,7.87989915253425e-09,-2.17021461894587e-08,-1.76836537020693e-07,2.42006652429172e-07,-2.86336063369076e-07,-4.89210167508926e-07,1.25265103969425e-07,-3.13993165716733e-07,-2.70677600991378e-07,-5.81160469823415e-07,-1.2343473214097e-07,-8.20151049809981e-07,-1.41416250306644e-07,-2.83551965605479e-07,-6.27036461158698e-07,-4.21601481402167e-06,-1.03649474160448e-06,-2.5357680130586e-06,-1.57429723732795e-06,-3.49523518105159e-06,4.74872685425343e-08,-2.250332644392e-07,-1.8685039181343e-07,3.64678181751269e-07,-6.02033554314767e-07,1.1158562424463e-08,9.28518553989729e-06,2.45984604924545e-06,2.85462085343098e-05,1.51592738292562e-06,-1.99210724783316e-05,-4.28747639987487e-05,3.34954199904535e-05,2.78095310746828e-05,9.66957908956368e-06,1.44103188394658e-06,1.89375413620606e-07,1.59786594076394e-05,-5.90801375890509e-06,-9.85877853154622e-06,2.21569867238452e-06,-3.08571899570046e-06,-8.21614062587413e-06,-5.89357672291586e-08,-1.61233550128821e-07,-1.07604649230225e-07,-6.11148719685278e-08,-9.85582514304189e-08,-6.14753030040232e-08,-5.38122929022021e-08,-3.07363821826865e-08,-2.46654874489813e-08,-1.0308457699636e-07,-1.95352886948645e-05,-4.14155441828342e-05,3.37530061438368e-05,2.33565818869663e-05,4.88930494361716e-06,5.14456677100699e-07,-6.83412254776995e-06,4.33820536144174e-05,2.61317175645171e-05,1.45088344058179e-05,-9.35253879180839e-09,7.54247412692745e-05,-0.000170650262124681,0.00140308979165239,7.70386535968379e-06,-8.12655369976998e-07,-1.12084399727983e-05,7.27645463274431e-05
