"region","name","alpha_admission","alpha_D","alpha_death_hosp","alpha_H","beta1","beta10","beta11","beta12","beta13","beta14","beta15","beta16","beta17","beta18","beta19","beta2","beta20","beta21","beta22","beta23","beta24","beta25","beta26","beta27","beta28","beta29","beta3","beta30","beta31","beta32","beta33","beta34","beta35","beta36","beta4","beta5","beta6","beta7","beta8","beta9","mu_D","mu_D_2","mu_D_3","mu_D_4","mu_D_5","mu_gamma_H","mu_gamma_H_2","mu_gamma_H_3","mu_gamma_H_4","p_G_D","p_G_D_2","p_H","p_H_2","p_H_D","p_ICU","p_ICU_2","p_ICU_D","p_NC_15_24","p_NC_25_49","p_NC_50_64","p_NC_65_79","p_NC_80_plus","p_NC_weekend_15_24","p_NC_weekend_25_49","p_NC_weekend_50_64","p_NC_weekend_65_79","p_NC_weekend_80_plus","p_W_D","rel_p_D_alpha","rel_p_D_delta","rel_p_D_omicron","rel_p_H_alpha","rel_p_H_delta","rel_p_H_omicron","rel_p_ICU_alpha","rel_p_ICU_delta","rel_p_ICU_omicron","rho_pillar2_tests","seed_date_alpha","seed_date_delta","seed_date_omicron","start_date","ta_alpha","ta_delta","ta_omicron"
"north_west","alpha_admission",5.47442428339873e-06,1.32187839701431e-06,7.03467909620488e-07,3.08581467066898e-06,-1.03747621287222e-07,-4.69415476458775e-08,8.9091942698369e-08,-7.75648647909736e-08,7.60420717289782e-08,1.39025255568526e-07,-2.74946065299471e-08,-2.75198164946529e-08,-7.95939125912831e-09,-3.79168442670341e-08,6.76564194452182e-09,-1.37333597524215e-06,-1.72095253277301e-08,-1.21141534545931e-08,-1.11719400354882e-07,1.95077081459049e-07,-7.48852059900124e-09,-6.14023823256366e-08,5.57853752693203e-08,-3.8012418264766e-08,9.4165819330444e-08,-1.16153715975018e-07,1.54080395182065e-08,1.16445185810298e-07,-8.32149727408336e-08,1.23853072855662e-07,-7.91125681323253e-09,4.11056353862564e-08,-4.14996958592503e-08,1.54460082253791e-07,4.83205235642443e-08,-8.28444061388391e-08,1.1012156414251e-07,-2.19976247269342e-08,6.54965604275861e-08,3.8538430635424e-08,4.24301350277385e-08,3.15526986059698e-07,1.66804085585379e-06,8.02814803132599e-07,4.50692055928167e-06,-9.01209060893739e-06,-2.59759675846622e-06,-1.43205758215926e-06,-4.20968932477223e-06,2.09192735959794e-06,3.49353365666576e-07,-9.76189326866555e-07,-6.01574334703053e-06,-3.61753395612546e-06,-6.65157217603865e-07,-1.29903220137779e-06,3.64930851398387e-06,-4.96473020878433e-09,-2.19403230458285e-09,3.43893190869391e-09,-5.91278576037654e-09,2.44342002250562e-08,-6.64294001368818e-10,5.75881289880437e-09,-6.04553137806137e-09,-2.31688517097339e-09,-7.84483137298994e-10,-4.2775980669237e-06,-1.44824577395108e-06,-3.46961588402591e-06,9.83549101265262e-07,5.03609548361045e-06,-2.839555050033e-06,5.44639725463224e-06,2.24715747607746e-05,6.7026499240122e-06,5.4683842489546e-06,-2.08301775750042e-08,0.000191157306942152,-2.72834017826791e-06,1.66199506486512e-05,-0.000130470320412868,1.61465200857553e-06,-5.57902637801999e-07,-9.59639254370281e-08
"north_west","alpha_D",1.32187839701431e-06,0.000584007703895634,2.05555340226276e-06,-1.08741925395525e-05,5.33815670710996e-06,-4.7921524053788e-09,-4.9328238328547e-07,-2.80803167542696e-08,-6.91420450507973e-07,2.64171768355491e-06,-2.3834561521685e-06,-1.19220014601231e-07,2.04455837158275e-07,-1.54983401305309e-06,1.23256829647751e-06,-9.33749610322313e-06,-4.73125725529367e-07,6.12612016610409e-07,3.52738479337854e-08,-1.37101836774544e-06,7.39337357931329e-07,1.99810117519989e-07,-1.35798379650265e-07,8.10246018958696e-07,-1.65430503517349e-07,-5.95032319238171e-07,-4.43224444990072e-07,1.42182736554529e-06,-5.02787678547231e-08,-3.24050832790936e-07,5.25578986910133e-07,-1.07616496591062e-06,6.92025341382165e-08,1.58406118710488e-06,2.30263405243714e-07,6.79838535374974e-07,-2.15258751469099e-06,1.03242061973451e-06,-7.66141292761673e-07,-2.43968490512842e-07,9.83210108817763e-07,1.60187231609321e-05,0.000135692537190634,5.88170190908153e-05,5.23913772063101e-05,-0.000180007907137856,-2.4178793573552e-05,-9.45320276592238e-05,-9.7684745809085e-06,-5.07132062340166e-05,2.33212536946423e-05,5.85256563472376e-06,-1.89933667057661e-05,6.74414937123912e-06,1.24125050064647e-06,7.77028039491055e-06,-8.11876536758842e-06,3.89795016130202e-08,-1.20211260405236e-08,4.77768745830379e-08,-1.80061283908499e-08,-9.59108500794172e-08,-5.22554287153472e-08,2.80893437956618e-10,2.20674579440296e-08,3.92454021430409e-08,3.05386777729229e-08,1.27774059110188e-05,-0.000336950457026785,0.000122526121326292,-6.1376146068624e-05,7.37360727201737e-07,-1.7569227639023e-05,1.23471098797567e-05,-0.000262641130840422,9.91904774514644e-05,1.80366289217988e-05,-1.06190737444213e-07,0.000302345129799632,0.000177998190908546,0.00026659434002455,0.00138277618126944,-2.28653962474315e-06,-1.27555909505781e-05,1.23148909749935e-05
"north_west","alpha_death_hosp",7.03467909620488e-07,2.05555340226276e-06,1.27447454405643e-05,-2.52240213387399e-07,6.63613552523676e-07,-1.75991532778456e-07,8.46258786413919e-08,7.2605326597616e-08,-1.76533402721183e-07,2.51881750704958e-07,1.40702390766996e-07,-6.5847617573934e-08,-4.29228567137396e-08,-6.09413354665998e-08,1.83360361838073e-08,-1.57945181854774e-06,-1.86537135560833e-08,-8.75644084993908e-08,-1.12866472132814e-07,3.02654725381803e-07,-8.69165583515405e-08,-5.08658782399429e-08,-3.13730338855743e-08,-3.07062931922376e-08,-7.718293866996e-08,4.65187381129297e-08,2.81091303994739e-07,-4.19075690694555e-08,2.36142004833721e-09,6.04949558023869e-08,-3.65188300529543e-08,-9.10068118427707e-08,1.75085308791863e-07,-5.93992882114049e-07,-1.08704313226237e-07,-1.02889374048586e-07,-1.0745858194788e-07,3.40076245089169e-07,-3.74574309133982e-07,1.71049703680039e-07,-3.15290917298553e-06,2.19666214650223e-06,-7.61271288883407e-06,-4.69930755580079e-07,8.62970208458741e-06,-3.47103540939662e-06,-8.6488387008048e-06,-2.22752254982274e-05,1.0499106970965e-07,1.58421680667212e-06,2.34099405838831e-07,2.94975317363806e-06,-1.17661594180911e-05,-1.93384416336459e-07,-6.25893725161808e-06,-1.64222905663242e-06,-1.9776028623719e-06,-7.10309036335071e-09,-9.23381035764142e-09,-4.60408704541799e-09,-1.3942594705542e-09,-8.1777457530009e-09,-1.11989787297663e-08,6.8202964381673e-09,2.08824461849163e-09,2.61193237518058e-09,-3.84584936780105e-08,-1.1832690879261e-05,9.50525421313538e-06,-6.89949948661193e-06,1.46140145597299e-06,-2.37032345897871e-06,-2.01559924155321e-06,1.18225218933006e-05,1.12953533164033e-05,-4.10395903459946e-07,1.16075033761893e-05,-2.8824882226377e-08,0.000249862176003091,7.39852612155541e-05,1.69804967034469e-05,0.000219123082984689,1.47976131289817e-06,-2.90895994830861e-07,-4.80307299402101e-07
"north_west","alpha_H",3.08581467066898e-06,-1.08741925395525e-05,-2.52240213387399e-07,3.17285595780437e-05,-8.36765925579856e-07,5.86418835396485e-08,-2.98338512311705e-07,1.98435742532674e-07,9.13453686868314e-08,1.32672961786757e-07,-5.09603349929938e-07,2.07879097470554e-07,-1.33408711431675e-07,4.93120261565462e-07,-1.17039263080322e-07,-4.29698871846998e-06,2.85873693554422e-07,-9.35591890772308e-08,5.18543549762695e-07,-1.32911492738508e-07,1.55928368285372e-07,1.86998075708514e-08,1.67841030038768e-07,1.42639310316246e-07,2.07636676100872e-08,2.66457871579434e-07,-2.42083885839042e-07,2.22318067382805e-07,6.62011812118759e-08,7.05186935686078e-07,-1.45726369321398e-07,1.05710800581829e-06,-6.01445825666433e-07,2.00470784228859e-06,3.2278839674377e-07,-3.0738988974175e-07,2.26683993198549e-07,1.13417137613298e-07,1.12831594947197e-07,8.46264775661669e-08,4.70363804410398e-06,1.11695145694985e-05,-8.86848643983452e-06,1.45956999081928e-06,-6.45896645509013e-06,2.10981374372284e-05,-4.11781782533311e-05,8.40292567736394e-05,-2.30466610972723e-05,1.52516943453248e-06,-2.71978793054682e-06,-7.17306948266807e-07,-5.50152088241042e-06,-1.62214350411969e-05,-2.16705580636909e-06,-1.71983574471035e-05,1.44080504436944e-05,-3.75254325557425e-08,-2.76661231963565e-08,3.49191601763348e-08,3.32327133119545e-09,9.69133017758776e-08,3.22476129370985e-08,2.81063404250268e-08,-1.16582454311154e-08,7.04808936986e-09,1.94869144540662e-09,-2.11125407479833e-05,6.87775062900623e-05,-2.19927484156418e-05,1.97685059889527e-05,1.26628361170486e-05,-1.18909165945075e-05,1.56791770312862e-06,4.95626833688571e-05,0.000209685312932969,5.24576730329724e-05,4.54819282961084e-08,-0.000215038749471835,-1.370314773386e-06,-6.84460843907085e-05,-0.000647378327928635,-3.01963553529974e-06,-1.98387525672123e-06,-2.88097695620023e-06
"north_west","beta1",-1.03747621287222e-07,5.33815670710996e-06,6.63613552523676e-07,-8.36765925579856e-07,2.29746494855537e-06,6.94792636498876e-08,-1.15228784634174e-07,1.48764166690401e-07,-1.67767554918791e-07,7.4975691226774e-08,6.45814432919015e-08,-3.04119385695712e-08,3.10155564284397e-08,-1.35155038334258e-07,7.64074335527987e-08,-2.37215198892219e-06,-5.09323310975784e-08,2.26957633880351e-08,-6.17435405465471e-08,9.17931498417343e-08,3.05090571654192e-08,-4.63514407198861e-08,-3.81204660164909e-08,9.86426058956951e-08,1.34908505424668e-08,-2.76566930314138e-08,9.95141426049575e-08,-1.34399386329817e-09,8.11802237852152e-08,-1.39833625728677e-07,1.29834196944735e-07,-3.22577017798231e-07,1.78898600469227e-07,-4.25877679710515e-07,3.26466048485953e-09,-8.21876976617224e-08,-4.41273482039658e-08,1.47303652497455e-07,-1.78946778706047e-07,-4.10962485159863e-08,-1.3302377559244e-06,-1.75778127232725e-06,-9.62957140386752e-07,-5.56247964609873e-06,-3.82269134478542e-06,-8.9051564943001e-06,-1.42598679011184e-05,-1.20393895846795e-05,-1.66395334340667e-05,-1.4890637920678e-06,-2.51939238459205e-07,-2.74008292517157e-07,2.07806023977685e-06,1.20106012402957e-06,-3.10487510369233e-06,1.08928879481145e-06,6.57301525537668e-06,1.31434813525541e-08,-1.27801753847929e-09,-9.15309783027777e-09,5.49629304916163e-09,-1.05715590442321e-08,3.838016735026e-09,-6.43525029884367e-09,4.57196974265832e-09,4.6352490281653e-09,2.62126040947002e-09,6.66904769723296e-08,-1.55562378560946e-06,3.96168656591875e-06,-1.79256613516242e-06,-3.48849596957247e-06,3.1564866206393e-06,7.40845250968681e-07,-2.62676652454114e-05,-1.62130095069688e-05,-6.2695541332926e-06,-1.50718053754884e-08,2.1243477359837e-05,4.47104924538657e-05,1.99710206579169e-05,0.000680694169325084,6.82885162468371e-07,-4.08414938334289e-09,-2.41489327620472e-07
"north_west","beta10",-4.69415476458775e-08,-4.7921524053788e-09,-1.75991532778456e-07,5.86418835396485e-08,6.94792636498876e-08,1.64408484728005e-07,-1.72826362118021e-07,4.13756468029566e-08,4.27916365774318e-11,1.99871422582427e-08,1.15759192637319e-08,6.76254714490728e-09,1.45205440392957e-08,1.20196555801059e-08,1.04475802187969e-08,-9.00146245982721e-09,6.16870913074387e-09,1.19005426789617e-08,2.82816796356757e-08,-3.4272109204737e-09,1.28683464906821e-08,2.15807136593578e-08,1.0388258262028e-08,2.01109142828813e-08,3.18782381482268e-08,1.72450390794955e-08,-1.5781501087071e-08,2.2118494829715e-08,2.77364606375943e-08,4.52035973973297e-08,1.05308396062711e-08,3.22768968045411e-08,1.5593651555204e-08,1.90776578070308e-08,2.05104745979063e-08,-2.07171675465098e-08,3.95036117311445e-08,-3.10397547225931e-08,9.21301599629182e-08,-1.49387591010007e-07,8.30572128127545e-07,1.17302442190236e-06,8.35265273404416e-07,3.85415064697844e-07,3.43576582929098e-07,-6.78552452326858e-07,-2.84792179471666e-07,2.6435977588286e-06,-3.64944624382124e-07,-3.60625460574886e-09,5.83946375878259e-08,-8.96390917974916e-07,3.88984930241614e-07,-1.02303534689477e-06,5.25390863708127e-07,1.80312581807473e-07,2.94068011442219e-07,3.10490389859633e-10,5.83158350740022e-10,3.22633361399902e-09,1.82525651155193e-09,1.99294391878598e-09,9.77449372511354e-10,3.43537253466176e-10,1.85130072301354e-09,9.01179881434351e-10,6.01967438059538e-09,6.44958696300549e-07,-7.98584354520335e-07,6.41403980821442e-07,-4.4058272313354e-07,1.71074168049632e-06,2.02868820694145e-08,-1.44917912228763e-06,-3.33769970193702e-06,1.67230140062432e-06,1.53374948495053e-07,1.12843078335315e-10,-3.47184692689865e-05,-8.69639389510738e-06,-3.23405596099217e-06,1.10961395099858e-05,-9.81030076100779e-08,-4.48835580927657e-08,-5.25769468909994e-07
"north_west","beta11",8.9091942698369e-08,-4.9328238328547e-07,8.46258786413919e-08,-2.98338512311705e-07,-1.15228784634174e-07,-1.72826362118021e-07,3.9373449714991e-07,-1.95959919724794e-07,1.12786117741262e-07,-1.06796594004133e-07,5.37840318803913e-08,1.97642826244032e-09,-1.01379896983447e-08,-6.71200802852637e-09,-2.21761532489233e-09,1.76208121452529e-07,5.03979894007312e-09,-4.5049859949627e-11,2.8008059151238e-09,4.17295892720635e-09,-2.27471611065271e-09,-4.06089669219009e-09,1.80699285990611e-08,-1.44483955225197e-08,2.7347995910494e-09,2.80758036717821e-08,8.75146173679758e-09,-1.28861155451469e-08,1.68708057382446e-08,-4.95995108133416e-08,-5.11894899896013e-09,-1.02256745887863e-08,1.97535716192918e-09,-3.86094384545142e-08,-1.93173460755994e-08,3.0506299605184e-08,-2.76480263051141e-08,3.39372680358485e-08,-5.67083582651527e-08,1.31656565347153e-07,5.07144884285734e-07,-1.05644795340924e-07,2.99364187467408e-07,7.86043643200214e-07,2.50641691585737e-07,2.11598084002505e-06,3.67789822364024e-07,1.07188055445855e-06,-5.00466046142498e-07,1.20626876152798e-07,8.12545522075185e-08,-2.24376813482622e-07,-4.64006764110851e-07,1.83328695122634e-07,-6.06900114011188e-07,-7.29795674972457e-08,3.85115213423237e-07,1.19605649849649e-09,2.54366059684547e-09,1.90566555184476e-10,-1.88506121432475e-09,4.15289806112055e-09,1.18070504145748e-09,3.63363636466046e-11,9.538656156443e-11,-7.10582470287158e-10,-3.20881904948311e-09,-8.3459100457263e-07,1.27868445671201e-06,-1.41638092472522e-06,-9.38838506796635e-08,-7.66488509475039e-07,4.97154876747587e-07,7.95490788489843e-07,3.50925812302338e-06,-4.10612434705809e-06,-5.95906721815121e-07,6.00463878663783e-09,2.85100178020113e-05,-2.03274668672442e-07,1.12355169802606e-05,-3.29800266178817e-05,4.24131315033495e-07,-2.59565455329193e-07,3.73547304159577e-07
"north_west","beta12",-7.75648647909736e-08,-2.80803167542696e-08,7.2605326597616e-08,1.98435742532674e-07,1.48764166690401e-07,4.13756468029566e-08,-1.95959919724794e-07,2.47955437359431e-07,-1.97159331281676e-07,1.84570205458578e-07,-4.83948036467115e-08,7.30562543319361e-09,9.534471708867e-09,1.56553768007208e-08,6.30199452262384e-09,-1.89432905741692e-07,1.22643938385171e-08,-7.82756273334462e-10,1.19137354757076e-08,-5.40575780406523e-09,1.24172846307229e-08,8.23046229064079e-09,2.9860006672207e-09,1.54712915392353e-08,2.0239815623246e-08,5.23724355064307e-10,2.85866718033117e-09,1.95630380168702e-08,5.02079730654362e-09,3.6833576974666e-08,1.5432728394549e-08,-1.43567269772519e-08,2.75596085031312e-08,3.65322958847766e-08,1.21435870011158e-08,-1.28988183617756e-08,1.11670001739953e-08,-4.2876313278814e-09,2.23137053957725e-09,-7.24225965722896e-09,-4.71688980714528e-07,3.01404063960354e-07,2.01985860956694e-07,-6.36791789806398e-07,-2.54352882232078e-07,-2.64777055319752e-06,9.55665595676801e-07,-4.68539321182827e-07,-1.70638723606516e-06,-2.8871061976547e-07,-8.19373881186189e-08,-2.42987796193264e-07,-1.28491588552911e-06,-3.50193917790607e-07,-3.9196058153536e-07,-3.88757593302089e-07,9.62471187249177e-07,1.18911083970698e-09,-1.32689525025316e-09,1.60371952593566e-09,3.35494618845212e-09,-1.14196640343544e-09,-3.63053334954437e-11,4.75299636157015e-10,4.99720463295997e-10,1.29431354412564e-09,1.15576291815114e-10,1.55740164308477e-06,-9.17906132754113e-07,7.90621560919825e-07,5.77519745987443e-07,4.48417947065162e-07,3.79605543730993e-07,6.44781413691605e-07,-2.45115092636877e-06,6.25523322044302e-06,2.86934622655442e-08,-8.0321604958353e-10,2.065287972893e-06,8.4480862407565e-06,-8.50840873621187e-06,3.78209481639835e-05,-3.22833897006723e-07,2.34857960199034e-07,-4.29584466929088e-07
"north_west","beta13",7.60420717289782e-08,-6.91420450507973e-07,-1.76533402721183e-07,9.13453686868314e-08,-1.67767554918791e-07,4.27916365774318e-11,1.12786117741262e-07,-1.97159331281676e-07,2.59970138167279e-07,-2.82913632842464e-07,1.15981106185085e-07,-2.07235111788952e-09,2.9433582536076e-09,-3.02458293711827e-09,6.94632400536499e-09,1.61483608636047e-07,8.89259574503401e-09,4.81282472936047e-09,1.25880153831801e-08,2.52236818818139e-08,-1.37800527960543e-10,1.77304315113668e-08,2.68329202824103e-08,1.46806025360149e-08,-8.08484513605201e-09,4.58886097530743e-08,-5.03527853470733e-10,1.15048541881065e-08,3.14299967351534e-08,2.83707144717416e-09,1.89958496397589e-08,2.11394374546266e-08,1.30557359674031e-08,-4.89570566549083e-09,-3.47482592431298e-09,1.13760707274899e-08,7.92329539079651e-09,1.51960541812477e-08,2.36723954866963e-10,1.26903714726749e-08,9.11685204728434e-07,6.51134493948033e-07,-2.46707749718658e-07,1.36239577681344e-06,-2.11721393505938e-07,2.94753831976553e-06,-1.70866162094334e-06,8.53949808471248e-07,2.36769822420799e-06,2.21021543314629e-07,8.35276928629739e-08,-1.19848555279489e-06,4.05373867506217e-07,-4.58211272150047e-07,2.35541617158766e-07,5.28870140514244e-07,-1.10664386690832e-06,6.97467772915513e-10,4.70097212746913e-09,3.02297051477446e-09,-8.20850240327775e-10,7.58827446892903e-09,1.25806847937962e-09,1.90660395078211e-09,1.74083628361991e-09,-3.11717344823495e-10,4.46682034996432e-09,-8.08681901599591e-07,8.64953948114819e-07,-1.36892539213739e-06,1.00773422039732e-06,2.46414817712803e-06,-1.03485198160173e-06,-1.17942577946324e-06,-1.94878233117641e-07,-2.19544779026376e-06,1.29227257884316e-06,2.97938496524264e-09,1.95931744023089e-05,-1.21873585300989e-05,2.79131043434072e-06,-5.99804795572394e-05,4.51080386411822e-07,-4.10374196722402e-07,-2.79180443035879e-07
"north_west","beta14",1.39025255568526e-07,2.64171768355491e-06,2.51881750704958e-07,1.32672961786757e-07,7.4975691226774e-08,1.99871422582427e-08,-1.06796594004133e-07,1.84570205458578e-07,-2.82913632842464e-07,6.69961333732684e-07,-4.74145139718072e-07,2.92929836177619e-08,-1.93391852750907e-08,3.1771704495993e-08,-1.01089826716679e-08,1.62252597861547e-08,-2.44705767971413e-08,1.71764786346109e-08,-5.10762517392813e-08,1.09864853860586e-08,-6.77457221429462e-09,6.39415487225869e-09,-5.35687102176754e-08,3.82178883228223e-08,2.00342504254103e-08,-3.90852832521438e-08,-4.3724215459991e-08,8.44220170366897e-09,-3.42787114442466e-09,4.8986522819988e-10,-5.82709973053632e-09,-1.1720551385408e-08,-2.55686033012899e-08,1.21493458607071e-07,3.44699361889086e-08,1.43933390872475e-09,-3.12819520528649e-08,-1.30719807410996e-08,4.15709644587788e-08,-2.11199793246481e-09,-6.59743964411148e-07,-1.06103635828141e-07,1.54764088971648e-06,1.07668869051451e-06,3.34932844957695e-06,-5.47688938875611e-06,-2.56434554235654e-06,3.74764163939281e-06,-3.02708818220359e-06,-3.25385618097115e-07,1.53547204368796e-07,1.57203760287883e-07,-2.33272926942683e-06,-3.88594595404722e-08,-8.25325701824743e-07,-1.37708806361775e-08,9.96748514969089e-07,1.97865418532605e-10,-2.04171861132345e-09,4.96344943420503e-09,4.42724454783368e-09,4.78475948745553e-09,-8.94893064921601e-11,-1.51386515008615e-09,3.7019360491888e-10,1.96528067205339e-09,2.73576868311583e-10,2.73607421523328e-06,-2.78806730168416e-06,-8.8416920945821e-09,-1.95698639143939e-06,-1.95606810065413e-06,1.28181094255977e-06,2.02164455414705e-06,-1.00429718343642e-05,8.01491932926903e-06,7.50244470779256e-07,-6.80615263456787e-09,8.1440258508352e-05,6.4045142959093e-06,2.49555366489415e-06,1.58513775295596e-05,3.84572101805134e-07,3.7154831745065e-07,-2.58395637053526e-07
"north_west","beta15",-2.74946065299471e-08,-2.3834561521685e-06,1.40702390766996e-07,-5.09603349929938e-07,6.45814432919015e-08,1.15759192637319e-08,5.37840318803913e-08,-4.83948036467115e-08,1.15981106185085e-07,-4.74145139718072e-07,7.73884998334489e-07,-5.67812835637863e-08,6.89112343460263e-08,-6.38776934867209e-08,4.71420196153055e-08,4.64331129646144e-08,5.60298641172545e-08,-3.07201171601552e-08,1.22411463679263e-07,-2.89783910787821e-08,5.06857159107719e-08,-1.22702999228311e-08,9.58628179016037e-08,-3.28674993562815e-08,5.14524927338544e-08,6.0630769798887e-08,4.24592755313182e-08,2.68256107357223e-08,2.58219968249879e-08,4.92979444642053e-08,-1.068897312005e-08,2.14424653381036e-08,5.6937318733656e-08,-1.39362670451901e-07,-3.12477251117062e-08,5.72637574594991e-09,5.56411816618585e-08,-4.80315669494712e-09,6.58923497423924e-09,-7.75162547922619e-09,1.03309547591322e-06,1.62337042283955e-06,-8.98409831118695e-07,-1.63521317009395e-06,-2.39938918899342e-06,3.53880644895103e-06,9.40282088940027e-06,-6.33347610307445e-06,1.73806110168212e-06,2.40035376145697e-07,-1.08341399844323e-07,-7.49805711213818e-07,7.11368885726852e-07,-7.63720680285193e-07,6.70593264425719e-08,-1.64215274046423e-07,-5.21438060910689e-07,2.25315597073966e-09,2.34670665943347e-09,-8.69753739090708e-10,5.95624672153814e-10,-1.93999025921167e-09,2.39248405500998e-09,3.45531221665429e-09,3.64638481453889e-10,1.72155656360243e-10,-4.29099138845293e-09,-5.96361031882921e-07,-8.03733322368913e-07,1.631225604185e-06,2.225233095636e-06,1.51370765113732e-06,5.14601717813872e-07,-1.75325440117053e-06,1.89971375446915e-05,-1.85410046977162e-05,-1.70633405970203e-06,1.90157075023877e-09,-3.85914768167349e-05,1.24829735656942e-05,5.03258819588258e-06,1.98291041183107e-05,-5.13821144809744e-07,-1.90705087656748e-07,3.05642520740384e-08
"north_west","beta16",-2.75198164946529e-08,-1.19220014601231e-07,-6.5847617573934e-08,2.07879097470554e-07,-3.04119385695712e-08,6.76254714490728e-09,1.97642826244032e-09,7.30562543319361e-09,-2.07235111788952e-09,2.92929836177619e-08,-5.67812835637863e-08,4.1158665001447e-08,4.13867143057226e-09,5.97221610122362e-08,1.47270393845138e-08,3.68432823708951e-08,2.88357452416684e-08,2.25176682914027e-08,2.4004658652138e-08,3.53162248213739e-08,1.67295773823141e-08,3.88031619125111e-08,3.52073010799696e-08,3.34953192456878e-08,4.85870526506792e-08,4.02170904926286e-08,-6.88856700289629e-09,4.68525964468523e-08,4.41803935862962e-08,4.5452160184612e-08,1.62085512002888e-08,3.93582428087264e-08,1.03135782601731e-08,8.07564842992405e-08,7.49653816407947e-09,-5.87408332188397e-09,1.30274868734626e-08,-1.70832939151165e-09,9.80205568826743e-09,4.41211411332289e-09,1.00282386443263e-07,2.61771380783471e-07,5.92824910280053e-08,1.52993041986685e-07,9.32748943223699e-08,-9.76273444999095e-07,-8.2768041779628e-07,1.89834349409647e-06,-3.27408286606628e-08,-7.39573270806647e-08,-4.75346739143207e-08,-4.97668761298126e-07,-7.20211347799787e-07,-3.35455249549472e-07,-7.74537770378516e-08,-1.62404719253403e-07,-4.14299734194797e-07,3.47576822398048e-10,1.09418126177997e-09,2.37782755224097e-09,1.42327558946378e-09,3.8416445368677e-09,2.71176749864479e-10,9.77063494155444e-10,1.09089277034146e-09,7.83014568287209e-10,1.16608376970884e-09,-6.2181179491193e-08,8.86438890458759e-07,-2.81793448637995e-07,-2.73013057441866e-07,3.31353940939477e-07,3.46310977687969e-07,1.52012351626942e-07,-3.77201101968966e-07,2.23812897838431e-06,8.48800768172537e-07,1.51496785674704e-09,-9.46348686896977e-05,-1.57046938497959e-06,-1.33924714503626e-06,-1.46279214637832e-05,-1.00204539924318e-06,6.96719376547289e-08,-2.37146070988934e-07
"north_west","beta17",-7.95939125912831e-09,2.04455837158275e-07,-4.29228567137396e-08,-1.33408711431675e-07,3.10155564284397e-08,1.45205440392957e-08,-1.01379896983447e-08,9.534471708867e-09,2.9433582536076e-09,-1.93391852750907e-08,6.89112343460263e-08,4.13867143057226e-09,5.70588739776478e-08,-1.42231400662277e-08,5.21951467011619e-08,2.68098477814864e-08,3.2261035003088e-08,3.00369044229814e-08,4.41122013480692e-08,2.41478594958873e-08,3.75069274882389e-08,3.47776782629703e-08,5.31818522886565e-08,3.68938795333558e-08,6.07061411424079e-08,5.62573000319602e-08,2.58360089192608e-09,4.96692034924037e-08,6.08251433441569e-08,4.49536867403056e-08,2.40576687506704e-08,2.60451602490002e-08,4.49592335041774e-08,-1.22165538503365e-08,-1.13439622598286e-09,5.87906303130701e-09,1.3586932932608e-09,1.38504014785607e-09,1.57394530266557e-08,-6.64480898736338e-09,1.3783318007962e-07,3.72121243474898e-07,-6.26743065266763e-08,-8.71013509659498e-07,-5.10435556707113e-07,9.89050911600522e-07,2.09160181077039e-06,-9.02592660730996e-07,-4.50761878822181e-08,-2.35228384442287e-07,-4.43789208241475e-08,-5.29159461936675e-07,-1.84165659042813e-07,-2.26888016944748e-07,4.47096002378993e-08,2.02903674587125e-07,1.30709417070616e-07,1.45115269632051e-09,-7.99100129804037e-10,1.74193644965846e-09,8.03839939353567e-10,3.3237558470835e-09,6.8475664139648e-10,9.53627420649225e-10,7.2617142371286e-10,2.80714556329476e-10,1.70476304288802e-09,-2.94179954814937e-07,2.91823846463713e-08,8.67085565223748e-07,-1.39424803973319e-07,3.87630969532537e-07,4.3597803020607e-07,-1.68497034803797e-07,2.97988588648665e-07,-2.48575503084998e-06,-5.67233081653154e-07,7.6609693970559e-10,-0.000136359161948806,4.23952054742672e-06,2.80317473710616e-07,6.51099522191126e-06,-1.31961955246516e-06,-3.78505457126124e-09,-1.61387837607999e-07
"north_west","beta18",-3.79168442670341e-08,-1.54983401305309e-06,-6.09413354665998e-08,4.93120261565462e-07,-1.35155038334258e-07,1.20196555801059e-08,-6.71200802852637e-09,1.56553768007208e-08,-3.02458293711827e-09,3.1771704495993e-08,-6.38776934867209e-08,5.97221610122362e-08,-1.42231400662277e-08,2.4270720030849e-07,-7.48659496517417e-08,4.96954662586983e-08,4.80572922455379e-08,-2.72285356366088e-09,2.43880124760358e-08,4.99039938448355e-08,9.65037690907447e-10,3.38119903190624e-08,2.59875348263928e-08,2.41130291751604e-08,4.94709116707575e-08,2.01110913359021e-08,-6.27616165546895e-09,5.71145634706604e-08,1.7014379537255e-08,5.95519340546579e-08,1.0014447452591e-08,2.26001142987336e-08,1.94115946325397e-08,7.98309400466424e-08,1.0247555831597e-08,-1.89888364362321e-08,4.6732951252345e-08,-1.26138454869823e-08,1.58850622436035e-08,5.20139963918778e-09,8.46049032428458e-08,1.82121930790444e-07,3.30595253919357e-07,1.36266841674279e-07,6.73106386207908e-08,-1.22245067202852e-06,3.59047883841426e-06,-1.30465833050426e-07,6.572659882014e-07,3.57626745405673e-07,-2.75667462249031e-08,-6.66414706377362e-07,-1.40483206291593e-06,-3.77718123097874e-07,1.36301115990698e-07,-7.79208111006949e-07,-1.43275791840084e-06,-2.13996484001881e-11,1.27567308229054e-09,6.19090286434193e-09,2.57812659117132e-09,6.1711172372006e-09,-2.93766619903253e-10,2.67242343328739e-09,2.08289141019846e-09,1.20409638456398e-09,-7.13140124287935e-11,5.21417965947166e-07,-2.33292064756987e-07,-2.38530328120441e-08,6.99835316074767e-07,1.98314432311529e-06,-6.98255110035823e-07,5.18775007642683e-08,7.71444888425179e-06,1.21616642211104e-06,3.1006407909531e-06,3.38841670231239e-09,-0.000157585688395359,-1.61747694640884e-05,-2.04186512864613e-06,-5.08444492151152e-05,-1.58280908193804e-06,1.29149067449364e-06,-3.69967221981144e-07
"north_west","beta19",6.76564194452182e-09,1.23256829647751e-06,1.83360361838073e-08,-1.17039263080322e-07,7.64074335527987e-08,1.04475802187969e-08,-2.21761532489233e-09,6.30199452262384e-09,6.94632400536499e-09,-1.01089826716679e-08,4.71420196153055e-08,1.47270393845138e-08,5.21951467011619e-08,-7.48659496517417e-08,2.27832376614501e-07,8.01385126009081e-08,-5.12119239922446e-08,1.20885855652071e-07,-2.99271886659275e-09,8.11240039999987e-08,6.51403839646012e-08,7.56661883405945e-08,9.30194683913474e-08,7.66114760455414e-08,1.14105680107382e-07,1.07767693644173e-07,-5.64011524186223e-09,9.17262029739432e-08,1.32344453134114e-07,8.18567806785655e-08,5.07148780908121e-08,4.87418198682409e-08,9.20770876375637e-08,1.56615748169161e-08,7.73281494537021e-09,-2.16053367385989e-09,-6.8044073623539e-09,2.54115557619475e-09,2.60121942245827e-08,-2.50351504694858e-09,3.68084660227669e-07,3.04637946719595e-07,1.80407153179107e-07,-2.96254720901141e-07,-4.18046736308502e-08,-1.08861494799444e-06,-1.66526977691703e-06,-6.29741392757296e-07,-1.04789457124415e-06,-4.68771645651807e-07,-2.07878646863706e-09,-5.26711713336846e-07,1.4451836418744e-07,-3.34449252700619e-07,-2.71589691950053e-07,3.8945876444279e-07,9.11736663289571e-07,2.05330291749169e-09,1.83262972257414e-09,2.70624851960477e-09,2.36497200475546e-09,7.05507238988216e-09,2.24625103493923e-09,2.03525685454058e-09,8.31278233324431e-10,1.19160501957958e-09,4.73628945558677e-09,-3.65550900795726e-07,5.27844202315221e-07,1.20710774418878e-07,-7.12204873221776e-07,-1.15656780745177e-06,8.2676819263464e-07,3.32246535845243e-07,-6.44565123320095e-06,6.17476436088286e-07,9.92959098466985e-07,9.98229975052811e-11,-0.000142783005725948,2.6813889315816e-05,-2.77658292669625e-06,2.2548256256534e-05,-1.3458965900276e-06,-1.22132779811584e-06,-5.14583203750544e-07
"north_west","beta2",-1.37333597524215e-06,-9.33749610322313e-06,-1.57945181854774e-06,-4.29698871846998e-06,-2.37215198892219e-06,-9.00146245982721e-09,1.76208121452529e-07,-1.89432905741692e-07,1.61483608636047e-07,1.62252597861547e-08,4.64331129646144e-08,3.68432823708951e-08,2.68098477814864e-08,4.96954662586983e-08,8.01385126009081e-08,1.45275855077457e-05,-1.01977330423548e-07,1.43066128806629e-07,6.97004693157047e-09,5.51542751255424e-08,-1.15936155406557e-07,1.83884969583695e-07,5.40294759103936e-08,-1.82049195635388e-07,7.84783107079073e-08,4.67323351896197e-08,-9.75452100806548e-07,8.4082909608851e-08,-2.15497690539647e-07,-8.10819733665657e-08,-3.3803476365448e-07,1.38549911178198e-07,-2.51910748193775e-07,-1.09165700228841e-08,3.74708999212678e-07,-3.28959664345935e-08,1.09195612761422e-07,-3.28490872242462e-07,2.84507496564543e-07,8.9738511528427e-08,6.89790585820602e-06,5.26012971572849e-06,1.94694474066286e-06,1.2305025341286e-05,4.89099082999051e-06,2.95314360116063e-05,7.56017582621163e-06,-1.18162936539304e-05,2.46101177898833e-05,2.39717999607582e-06,-1.08362672989806e-07,-9.36858411355617e-07,4.25823464218809e-06,-9.90957411060673e-07,7.26070733429845e-07,1.49193944892833e-06,-1.20005943233756e-07,-1.28829748388313e-08,1.27712100993059e-08,3.46759619623157e-09,-1.07229854412067e-09,-2.65093673838926e-08,-6.10437134994012e-09,5.67845714885502e-09,-5.68978270695701e-09,-3.2654381559093e-09,2.2283846816273e-08,7.69512840290368e-06,8.45990585081709e-06,-7.91335205112378e-06,-5.48216351576873e-06,-4.28948275341267e-06,5.49610466033739e-06,-2.91109910771255e-06,1.53329378376686e-05,-3.2564584028713e-05,-3.59980344503921e-06,1.53182033964162e-08,5.48382835378642e-05,-0.000166897475232502,5.93864205081449e-05,-0.000258012344828087,-4.78287375550388e-07,-1.83359981178515e-06,5.98687261209913e-06
"north_west","beta20",-1.72095253277301e-08,-4.73125725529367e-07,-1.86537135560833e-08,2.85873693554422e-07,-5.09323310975784e-08,6.16870913074387e-09,5.03979894007312e-09,1.22643938385171e-08,8.89259574503401e-09,-2.44705767971413e-08,5.60298641172545e-08,2.88357452416684e-08,3.2261035003088e-08,4.80572922455379e-08,-5.12119239922446e-08,-1.01977330423548e-07,1.86770633641804e-07,-4.8867193228731e-08,1.80306421984831e-07,1.10102840472121e-08,6.30481990276441e-08,6.5829541803205e-08,7.79401086239672e-08,7.22744033253291e-08,1.10232632236572e-07,7.87874318994196e-08,1.1747252489834e-08,9.31888291351005e-08,9.0620631230187e-08,1.0404143211141e-07,2.62043062060238e-08,1.01720929910138e-07,1.83837736634844e-08,1.3062595933448e-07,-4.37187468630717e-09,5.00314569003169e-09,1.93361956667509e-08,6.32299129470229e-09,-6.81105498445537e-09,2.37728702272885e-08,-3.39992180285977e-07,6.3149036415833e-07,-1.23313780247734e-06,-5.90519061853877e-07,-2.92308892529651e-07,2.95117797184506e-06,1.21460148746614e-06,1.72632860215027e-06,1.33057378454175e-06,-3.40199313273483e-07,-1.11993789164386e-07,-9.81385638775382e-07,-1.56189872146256e-06,-3.18904407007511e-07,9.92873016328623e-08,-2.85327794513785e-07,-1.7765049332156e-06,3.55742672124926e-10,-1.79273140891431e-09,1.73496220688363e-09,9.00400605113401e-10,5.42664361458235e-09,-1.63494448590026e-09,8.08292050617182e-10,-9.69582267347577e-11,1.18859508903155e-10,-3.20844644154849e-09,-2.96034421262548e-07,4.70246627793655e-07,3.5797063153053e-07,1.38580826811916e-07,3.78649535484691e-06,-1.43589454130927e-06,3.15552878834504e-08,7.59182041148371e-06,-2.31863045155937e-06,8.53869657474451e-07,1.37311255390083e-09,-0.00014426459222063,-1.14067474246711e-05,-2.69261760639663e-06,-3.01430957029543e-05,-1.52314447987412e-06,-9.25895500970882e-07,-2.68322813240361e-07
"north_west","beta21",-1.21141534545931e-08,6.12612016610409e-07,-8.75644084993908e-08,-9.35591890772308e-08,2.26957633880351e-08,1.19005426789617e-08,-4.5049859949627e-11,-7.82756273334462e-10,4.81282472936047e-09,1.71764786346109e-08,-3.07201171601552e-08,2.25176682914027e-08,3.00369044229814e-08,-2.72285356366088e-09,1.20885855652071e-07,1.43066128806629e-07,-4.8867193228731e-08,1.58102617596219e-07,-1.2658510153148e-07,1.43744785826323e-07,2.13523717205079e-08,8.29310969076989e-08,5.82497547468793e-08,8.1477595615398e-08,6.34410371331066e-08,1.05973543327023e-07,-1.07022114634893e-08,6.8074656539542e-08,1.16867808052207e-07,6.51344826403965e-08,5.016101988683e-08,3.83275821077565e-08,6.29780551092679e-08,7.18374005257041e-08,7.47602800877286e-09,4.62450791099329e-09,-3.31775173111272e-09,-9.77527832909807e-09,2.76698232692816e-08,-1.98096415244029e-09,6.87532402120498e-07,6.31786218110143e-07,1.02085308163012e-06,1.66752974520514e-06,9.25140907093218e-07,1.02353942698377e-07,-1.25399695111365e-06,8.67449133919172e-07,-1.82597329415917e-06,-2.66286141063304e-08,6.69995094010486e-08,-4.42321223633116e-07,3.02232256982542e-07,-5.29725963739027e-07,-7.70346391441937e-08,4.09031409935556e-07,-5.70023568361286e-08,4.73443020565817e-10,1.15670678093766e-09,4.39711975191842e-09,9.42799738216692e-10,7.86431771900394e-09,1.8658598776297e-09,1.61400716271719e-09,7.95749195579281e-10,7.51928315970006e-10,7.00199217265199e-09,-2.54239919953905e-08,-7.71300431068939e-07,-6.30973857788775e-07,-4.44349339486815e-07,-8.36470017926668e-07,4.78026515229941e-07,1.92877378011146e-07,-6.8542066526578e-06,1.9095460924667e-07,1.49466167898426e-06,-4.57758859152408e-10,-0.000127301529134602,-1.10283485719635e-05,7.6575837320339e-07,7.2901424865093e-06,-1.18563722254195e-06,-9.43216395589312e-07,-4.20940550490121e-07
"north_west","beta22",-1.11719400354882e-07,3.52738479337854e-08,-1.12866472132814e-07,5.18543549762695e-07,-6.17435405465471e-08,2.82816796356757e-08,2.8008059151238e-09,1.19137354757076e-08,1.25880153831801e-08,-5.10762517392813e-08,1.22411463679263e-07,2.4004658652138e-08,4.41122013480692e-08,2.43880124760358e-08,-2.99271886659275e-09,6.97004693157047e-09,1.80306421984831e-07,-1.2658510153148e-07,5.90893256932079e-07,-3.84168983554104e-07,1.44610631109546e-07,3.54383084905232e-08,1.16913002381527e-07,4.19920427470685e-08,1.50586206777964e-07,7.724231734882e-08,-1.03393532005632e-08,1.13807910330355e-07,6.58866328876723e-08,1.25347955731206e-07,3.05904655065956e-09,1.11758418115291e-07,2.56628949039687e-08,8.41900621966802e-08,1.23735078501803e-08,-1.67089375488831e-08,4.07505070345866e-08,-1.4651009738109e-09,1.58698856158746e-08,-1.04283824356751e-08,-4.51331187311272e-07,7.69402352762923e-07,-3.15961470009564e-06,-2.55189445958371e-06,-2.30923656836634e-06,4.34494740612656e-06,1.21406638692763e-06,4.90346619553016e-08,3.47073055226882e-06,-7.45824708002351e-07,-3.58678777477079e-07,-1.09868935413191e-06,-1.1945572253935e-06,2.63300593058671e-07,2.66213934055492e-07,-1.07162519916712e-06,-5.29247112802248e-07,2.68395345620189e-09,-2.04073458167192e-10,1.23036054640575e-09,4.2238971497615e-09,8.44678076879585e-09,9.6610393112494e-10,-9.91977760748205e-10,-8.161521070651e-10,3.55738119224686e-10,-3.3543951578462e-09,2.26705311605081e-07,2.86713380205708e-06,8.92092771875844e-07,2.26693967430348e-07,3.2680679553123e-06,-5.49714276346317e-07,-4.40204469290029e-07,1.76372907155496e-05,-2.61580414032062e-06,-2.73631470775432e-06,9.72098998222555e-09,-0.000152647843231926,-9.10416466070355e-06,-4.47126432320216e-06,-3.17243798597777e-05,-1.48195487870487e-06,-9.77726271934693e-07,-1.01724687184704e-07
"north_west","beta23",1.95077081459049e-07,-1.37101836774544e-06,3.02654725381803e-07,-1.32911492738508e-07,9.17931498417343e-08,-3.4272109204737e-09,4.17295892720635e-09,-5.40575780406523e-09,2.52236818818139e-08,1.09864853860586e-08,-2.89783910787821e-08,3.53162248213739e-08,2.41478594958873e-08,4.99039938448355e-08,8.11240039999987e-08,5.51542751255424e-08,1.10102840472121e-08,1.43744785826323e-07,-3.84168983554104e-07,7.94543895546298e-07,-1.86701031697104e-07,2.14394746690305e-07,6.67063074058849e-09,1.79646675287442e-07,5.50070946123881e-08,1.56225470874342e-07,1.11216861614857e-08,8.68572941489889e-08,1.84681929355476e-07,9.83848676819319e-08,8.1520974635096e-08,4.22682900903623e-08,1.12665150851475e-07,8.46997396524274e-09,-2.74974007167689e-09,4.87209347382811e-09,-5.2462179555195e-09,-3.49149582849499e-09,2.43055933621502e-08,3.0689680213103e-08,6.92059803015064e-07,5.26998065779017e-07,2.59918348581897e-06,3.13779586153167e-06,2.51468085714658e-06,-7.52094937297946e-07,-3.1039837029926e-06,4.20719644472052e-07,-4.38907742846127e-06,5.45878140828572e-07,1.99533759030166e-07,-4.75266787006212e-07,-4.09215911451148e-07,-1.5873490296875e-06,-4.42151866091817e-07,8.81484201598652e-07,-6.27885362688645e-07,-7.04401164760383e-12,2.50542426451908e-09,6.41940656898563e-09,1.72888249386894e-11,4.64506666515158e-09,-1.14079279271057e-09,5.69451604965042e-09,2.1077686039903e-09,1.126521851448e-09,2.54044743048678e-09,-4.91233284207144e-07,-1.68690568598696e-06,-2.14506451546577e-06,2.64688582981294e-07,9.34640739225578e-08,-8.58120555867216e-07,1.10543659442201e-06,-1.72272094693892e-05,3.73619901504044e-06,5.36647333843859e-06,-1.31321276115964e-08,-0.000122177010539721,-2.11402802748132e-05,6.94814281382264e-06,2.58642387836577e-05,-1.38801463501752e-06,-1.17234016933933e-06,-9.54836853943128e-07
"north_west","beta24",-7.48852059900124e-09,7.39337357931329e-07,-8.69165583515405e-08,1.55928368285372e-07,3.05090571654192e-08,1.28683464906821e-08,-2.27471611065271e-09,1.24172846307229e-08,-1.37800527960543e-10,-6.77457221429462e-09,5.06857159107719e-08,1.67295773823141e-08,3.75069274882389e-08,9.65037690907447e-10,6.51403839646012e-08,-1.15936155406557e-07,6.30481990276441e-08,2.13523717205079e-08,1.44610631109546e-07,-1.86701031697104e-07,2.0765209446575e-07,-5.27568626418091e-08,1.4742688045195e-07,4.99479064267802e-09,1.43954905709472e-07,5.13056324644618e-08,4.58203732781626e-09,9.82165525987287e-08,7.9613725566585e-08,7.73863060227289e-08,2.61472489262504e-08,6.51148576301586e-08,4.13081610430473e-08,7.0926994777095e-08,3.36976240257514e-09,9.15901534998935e-10,1.52969563741112e-08,3.00267768964511e-09,-4.22787848570239e-09,9.75369852239629e-09,-2.71273089219507e-07,1.70436053400271e-07,-8.87444648018143e-07,-1.39628877002003e-06,-8.20018766325039e-07,-1.77869526051376e-07,9.61191417827226e-07,-9.33359594733642e-07,1.17110768156068e-06,-4.58755827834464e-07,-1.12742965600705e-07,-8.87299402384933e-07,-7.65901010604494e-07,2.50972820932501e-07,-3.01167876934069e-08,-3.82763997918111e-07,-5.8575614496876e-07,2.19019057743247e-09,-2.2315587538199e-10,2.99026631820827e-09,2.62815805215236e-09,7.96662746283138e-09,8.28438056283841e-10,1.34909931248066e-09,8.06314209701751e-10,1.03474217120133e-09,7.84047214630265e-10,-8.40421840692467e-07,1.98142221399788e-07,1.20276661917619e-06,-3.02990854005008e-07,1.41604281914558e-06,-1.61607708796902e-07,-6.68334480085964e-08,1.0056296312855e-05,-6.20228391947991e-06,5.83323847642953e-08,3.02582519705529e-09,-0.000135323271514915,4.66888757444285e-06,-3.65402588015698e-06,-1.93407423119977e-06,-1.24770330554584e-06,-7.42751912559802e-07,-2.61989270122545e-07
"north_west","beta25",-6.14023823256366e-08,1.99810117519989e-07,-5.08658782399429e-08,1.86998075708514e-08,-4.63514407198861e-08,2.15807136593578e-08,-4.06089669219009e-09,8.23046229064079e-09,1.77304315113668e-08,6.39415487225869e-09,-1.22702999228311e-08,3.88031619125111e-08,3.47776782629703e-08,3.38119903190624e-08,7.56661883405945e-08,1.83884969583695e-07,6.5829541803205e-08,8.29310969076989e-08,3.54383084905232e-08,2.14394746690305e-07,-5.27568626418091e-08,2.29635998447277e-07,3.82310255906352e-09,1.91959822492614e-07,1.00364651487106e-07,1.6768172945153e-07,-1.00418277631247e-08,1.16127892142389e-07,1.74036984020138e-07,1.3592478966514e-07,6.00784945434755e-08,9.96980046705991e-08,9.54434427665604e-08,1.11220923269905e-07,4.91084831328502e-09,5.06901467146556e-09,1.29545918547863e-08,-1.28795041659758e-08,4.30586163323468e-08,1.65563168442455e-09,3.80705217732976e-07,9.95546842226901e-07,1.29579889546208e-07,1.49608481145392e-06,9.21616298750118e-07,2.93597549183443e-06,-2.24173910272019e-06,2.12430476834992e-06,-1.02132763833813e-06,-3.38250790315976e-07,2.92523548692728e-08,-9.97825373067955e-07,-7.14668262198079e-07,-9.1260799044112e-07,-1.28685095419706e-07,5.78085276440582e-07,-8.26075278634801e-07,1.55885399242324e-09,3.97739735041638e-09,5.98749512012807e-09,2.90853568960349e-09,1.51886385744855e-08,2.17204640936861e-09,2.43835988833525e-09,1.80227814007986e-09,1.1102014487906e-09,6.2584298835526e-09,1.04326982404121e-06,-1.97809791643198e-07,-1.14050467883353e-06,-2.438275542082e-07,1.67022711399195e-06,-1.197707621684e-06,5.44242910212532e-07,-8.95283817580939e-06,1.9812084992126e-06,1.64505569499681e-06,-1.45371040986483e-09,-0.000153010710858055,-2.77865412593462e-05,2.22312991862841e-07,-1.96299757879504e-05,-1.52470675478281e-06,-1.51769354959649e-06,-8.78472444518055e-07
"north_west","beta26",5.57853752693203e-08,-1.35798379650265e-07,-3.13730338855743e-08,1.67841030038768e-07,-3.81204660164909e-08,1.0388258262028e-08,1.80699285990611e-08,2.9860006672207e-09,2.68329202824103e-08,-5.35687102176754e-08,9.58628179016037e-08,3.52073010799696e-08,5.31818522886565e-08,2.59875348263928e-08,9.30194683913474e-08,5.40294759103936e-08,7.79401086239672e-08,5.82497547468793e-08,1.16913002381527e-07,6.67063074058849e-09,1.4742688045195e-07,3.82310255906352e-09,2.66126510232622e-07,-5.98278515894349e-08,2.32953078616776e-07,1.08844793348925e-07,-3.16032602614069e-10,1.42954533758744e-07,1.52886369508348e-07,1.23358868659868e-07,5.85960286593058e-08,6.81490399018206e-08,1.05706086989067e-07,6.47477955862171e-08,8.54713575083474e-09,-8.87708420772884e-09,4.02782428615462e-08,-1.08830338486105e-08,1.72797810333245e-08,1.29901115578723e-08,3.78245177068776e-07,4.12200134592421e-07,-7.691182056416e-07,-4.74147500094516e-07,-9.33124207079846e-07,-4.04882754422098e-07,4.07526308487789e-07,1.1296118740722e-06,1.14288831893503e-06,-1.01423995080979e-07,-1.64819992867631e-07,-1.23245595298279e-06,-1.60509895099139e-07,-9.4370093216533e-08,-2.67546039503705e-08,-5.44534404531328e-07,-1.02369359921496e-06,4.01710526250484e-09,1.8724588424801e-09,6.88250351061872e-09,3.53463934592392e-09,9.85819362920576e-09,1.75869199740805e-09,3.79006255039847e-09,1.44032462477035e-09,1.45088623630109e-09,2.10206472341228e-09,-9.51817331817909e-07,1.79566171400775e-06,-2.97878050421976e-07,7.22613259591887e-07,1.2634764258277e-06,-4.04946485829109e-07,-3.5678257168248e-07,1.14274616391662e-05,-3.85283915443666e-06,1.29832998751353e-06,3.68810769438173e-09,-0.000200348144709043,-5.22915215265925e-06,1.25103762264509e-06,-2.19080824590303e-05,-1.97306374501213e-06,-9.57764823379242e-07,-6.38247113912636e-07
"north_west","beta27",-3.8012418264766e-08,8.10246018958696e-07,-3.07062931922376e-08,1.42639310316246e-07,9.86426058956951e-08,2.01109142828813e-08,-1.44483955225197e-08,1.54712915392353e-08,1.46806025360149e-08,3.82178883228223e-08,-3.28674993562815e-08,3.34953192456878e-08,3.68938795333558e-08,2.41130291751604e-08,7.66114760455414e-08,-1.82049195635388e-07,7.22744033253291e-08,8.1477595615398e-08,4.19920427470685e-08,1.79646675287442e-07,4.99479064267802e-09,1.91959822492614e-07,-5.98278515894349e-08,4.34905141285266e-07,-1.13267880413134e-07,2.51004228650884e-07,-1.9028129390388e-09,1.09344326543379e-07,2.05445296206066e-07,1.38510996863205e-07,8.98484305188025e-08,9.9636300665987e-08,1.21375285822289e-07,6.92579207984736e-08,1.2252925182978e-08,8.76845927180895e-09,-2.36348114963395e-08,1.45728472398855e-08,9.77629808485494e-09,2.93904887742654e-08,-4.75205269504132e-07,4.83665564377638e-07,1.08076418864663e-07,6.67231797381897e-07,1.04589757598386e-06,1.43706993048278e-06,-2.60449928477068e-06,-4.46640895234013e-06,-2.45795841779482e-06,-6.4316830757002e-07,-1.89941476227108e-08,-1.25962186023033e-06,-1.55096472512774e-06,-7.897141837958e-07,-6.57835832422254e-07,6.65759357572783e-07,3.49668708069303e-07,9.44141842771318e-10,5.28944310263801e-09,6.5033212650154e-09,4.78638097664566e-09,1.8485198792367e-08,1.81992879664026e-09,3.11471381322837e-09,2.32139707906381e-09,2.85945096794271e-09,7.55795266327189e-09,8.48304836400092e-07,-1.28163908631852e-06,-2.95257735220532e-07,-1.16135294865607e-06,1.86730067676113e-06,-1.45156695758289e-06,1.61534175507801e-06,-1.39066327217764e-05,1.28713989371105e-06,1.29567994712215e-06,-5.27483704418494e-09,-0.000135635502884968,-1.70042458845646e-05,-5.0922878374761e-06,1.1349538516571e-05,-1.30240987473349e-06,-1.59431353746134e-06,-1.46325699380714e-06
"north_west","beta28",9.4165819330444e-08,-1.65430503517349e-07,-7.718293866996e-08,2.07636676100872e-08,1.34908505424668e-08,3.18782381482268e-08,2.7347995910494e-09,2.0239815623246e-08,-8.08484513605201e-09,2.00342504254103e-08,5.14524927338544e-08,4.85870526506792e-08,6.07061411424079e-08,4.94709116707575e-08,1.14105680107382e-07,7.84783107079073e-08,1.10232632236572e-07,6.34410371331066e-08,1.50586206777964e-07,5.50070946123881e-08,1.43954905709472e-07,1.00364651487106e-07,2.32953078616776e-07,-1.13267880413134e-07,6.78601029408849e-07,-1.48527031218004e-07,1.95142066201052e-08,2.84755547370277e-07,1.61979482803544e-07,2.04221781896169e-07,7.22962760505691e-08,8.93062829548706e-08,1.41328612537833e-07,1.5497664680828e-07,-1.23184128429603e-08,1.35353847743256e-09,4.99191432362798e-08,-1.30351252916578e-08,3.78331435424633e-08,-1.90702297262992e-08,1.59428360464985e-07,3.05957216900268e-07,-1.26745615447469e-06,-1.47141499782479e-06,-1.14933975934525e-06,5.07114641094415e-07,2.10783734502481e-06,1.1978259649308e-06,-2.84697509133794e-07,-2.3153479186438e-07,-4.01491538137939e-08,-1.40819857083075e-06,-1.4096619719057e-06,-3.57804293334415e-08,6.100922335291e-08,-1.55837390840749e-07,-1.00442262353855e-06,5.26397668340437e-09,2.90185503301522e-09,8.90560102128829e-09,6.15296125091646e-09,2.04114504818247e-08,2.27799531769448e-09,5.84025846799167e-09,3.636038071854e-09,1.27958521934204e-09,1.4686572787417e-09,-9.29553346035802e-08,6.25734090540412e-07,9.64642531912119e-07,7.05495124408213e-07,2.23466198376015e-06,-1.27221284627773e-06,4.35360450468703e-07,1.0792749901628e-05,-8.70862102027641e-06,1.8191893177464e-06,2.75275206227065e-09,-0.000264798841057594,-1.41627192450301e-05,-7.1388998871144e-06,-1.31534181662176e-06,-2.57374347224967e-06,-1.33063739705425e-06,-1.00886576324275e-06
"north_west","beta29",-1.16153715975018e-07,-5.95032319238171e-07,4.65187381129297e-08,2.66457871579434e-07,-2.76566930314138e-08,1.72450390794955e-08,2.80758036717821e-08,5.23724355064307e-10,4.58886097530743e-08,-3.90852832521438e-08,6.0630769798887e-08,4.02170904926286e-08,5.62573000319602e-08,2.01110913359021e-08,1.07767693644173e-07,4.67323351896197e-08,7.87874318994196e-08,1.05973543327023e-07,7.724231734882e-08,1.56225470874342e-07,5.13056324644618e-08,1.6768172945153e-07,1.08844793348925e-07,2.51004228650884e-07,-1.48527031218004e-07,5.50811554923645e-07,-1.60886622857147e-08,-9.95954601548371e-10,3.04694692460126e-07,1.47558389734428e-07,8.28247062076022e-08,1.40736562536243e-07,1.3895890872167e-07,9.33726379275101e-08,1.93057689935601e-08,-1.53026032515251e-09,4.47241916548059e-08,-2.27829938393546e-08,3.48800176855094e-08,2.74015260737854e-08,4.56065360627249e-07,1.47055835507777e-06,3.72421564158291e-08,1.03588874865681e-06,7.1333907380898e-07,3.58315606610591e-06,-3.18759070684424e-06,5.83245913048993e-06,-9.77830521616595e-07,-2.18831379741913e-07,-2.05024303903612e-07,-1.76927365182049e-06,9.48351693012287e-07,-7.48503671514075e-07,-1.58150939210809e-08,-1.39642648420721e-07,-1.13999184790981e-06,3.78155686925585e-09,6.23395448197756e-09,1.03336027518726e-08,3.45439051755969e-09,1.68433303102844e-08,3.94367940435948e-09,4.1367989576315e-09,2.62259822019846e-09,3.14748245424407e-09,1.01680301659399e-08,-4.59102747710291e-07,5.55023804816941e-07,-1.11708036317046e-06,-1.43573592634765e-06,2.0932432904771e-06,-1.08068219120526e-06,-8.0145404112051e-07,4.45854952430349e-07,9.26343395134487e-07,9.1706985331739e-07,-3.52458111158811e-10,-0.000184000014266384,-2.13279664616132e-05,1.01795009403653e-05,-2.92130180931413e-05,-1.72897468464974e-06,-1.8065379195106e-06,-1.43603124065278e-06
"north_west","beta3",1.54080395182065e-08,-4.43224444990072e-07,2.81091303994739e-07,-2.42083885839042e-07,9.95141426049575e-08,-1.5781501087071e-08,8.75146173679758e-09,2.85866718033117e-09,-5.03527853470733e-10,-4.3724215459991e-08,4.24592755313182e-08,-6.88856700289629e-09,2.58360089192608e-09,-6.27616165546895e-09,-5.64011524186223e-09,-9.75452100806548e-07,1.1747252489834e-08,-1.07022114634893e-08,-1.03393532005632e-08,1.11216861614857e-08,4.58203732781626e-09,-1.00418277631247e-08,-3.16032602614069e-10,-1.9028129390388e-09,1.95142066201052e-08,-1.60886622857147e-08,1.53487213298978e-07,-4.89695528487625e-09,4.73113812185037e-09,1.82831848888053e-08,7.61353410773152e-09,1.5705906933632e-09,1.7421596629288e-08,-2.28516820688164e-08,-9.47541909407089e-08,5.53656203336808e-08,-1.84809353779039e-08,2.18713664831645e-08,-2.99788551276906e-08,7.35196021419375e-09,-9.52001240996662e-07,-1.66479406927601e-07,-1.14165066527826e-06,-1.38208386314007e-06,-5.80537573710489e-07,-1.16732741626529e-06,1.13835090128428e-06,-1.1094340003027e-06,-4.26722959721615e-07,-3.46754115157708e-08,3.6314827697654e-08,1.98281024456689e-07,-1.69898188780582e-07,3.57875300504366e-07,-8.06432064299038e-08,-2.21503540529817e-07,-6.58645593934464e-07,9.80320044409755e-10,-9.24383223286658e-10,1.12560877849307e-10,5.1725975761563e-11,2.54886715151596e-09,2.35748449636563e-10,-4.81715599471382e-10,-1.04241585717541e-10,-5.52756397532649e-11,-2.70062538975413e-09,-5.47990928881129e-07,-2.27336959596269e-08,2.67221078521313e-07,7.16573140393854e-07,3.4203314078151e-07,-5.19399820768997e-07,2.40394338729183e-07,4.35379457328838e-06,-2.72251738556431e-06,-9.2768386673766e-07,-3.44931572251814e-09,-1.64002171301594e-05,1.31692191139476e-05,-6.44629239047266e-06,1.39438750617796e-05,-6.43600887908109e-08,1.79989286853154e-07,-3.91132108100846e-07
"north_west","beta30",1.16445185810298e-07,1.42182736554529e-06,-4.19075690694555e-08,2.22318067382805e-07,-1.34399386329817e-09,2.2118494829715e-08,-1.28861155451469e-08,1.95630380168702e-08,1.15048541881065e-08,8.44220170366897e-09,2.68256107357223e-08,4.68525964468523e-08,4.96692034924037e-08,5.71145634706604e-08,9.17262029739432e-08,8.4082909608851e-08,9.31888291351005e-08,6.8074656539542e-08,1.13807910330355e-07,8.68572941489889e-08,9.82165525987287e-08,1.16127892142389e-07,1.42954533758744e-07,1.09344326543379e-07,2.84755547370277e-07,-9.95954601548371e-10,-4.89695528487625e-09,3.10362521539483e-07,8.69146864722974e-08,1.7354403599239e-07,5.10356388516787e-08,8.9997036240007e-08,9.50190633745097e-08,1.08106375472871e-07,1.36535447763305e-08,-6.00929319822172e-09,8.01447900474669e-09,-1.7603792345189e-09,3.71387027160522e-08,1.25058341431271e-08,-8.55825372107645e-08,4.7753287166322e-07,5.87065186642696e-09,4.50010067617928e-07,2.95893959086029e-07,-1.64882582087516e-06,-1.4300789016513e-06,-1.50463217047419e-06,1.0237469332053e-06,-4.84408323176172e-07,5.12438726197686e-08,-1.37247970904641e-06,-3.97161355796875e-06,-6.63318588273292e-07,-3.58082738051109e-07,2.12562310025322e-07,-1.20634085996378e-06,4.05246891188248e-09,3.92295925124737e-09,8.02798896876747e-09,5.92208804376938e-09,2.15629255848456e-08,2.71215959770264e-09,5.10551152771458e-09,2.41465410207661e-09,2.08321505485818e-09,4.19258917446114e-09,2.72490541977318e-07,-1.85038583689213e-07,-1.82771985914593e-07,5.29318855513129e-07,2.30512588380948e-06,-1.62554624520115e-06,2.57627717005856e-06,-1.80309816841351e-06,-1.22820147463025e-06,1.63057349478399e-06,-2.99508286827334e-09,-0.000216653103451526,-1.53985561385891e-05,-8.74356969494758e-06,-9.6674630757748e-06,-2.14205263256385e-06,-1.23964209987662e-06,-4.21332750547014e-07
"north_west","beta31",-8.32149727408336e-08,-5.02787678547231e-08,2.36142004833721e-09,6.62011812118759e-08,8.11802237852152e-08,2.77364606375943e-08,1.68708057382446e-08,5.02079730654362e-09,3.14299967351534e-08,-3.42787114442466e-09,2.58219968249879e-08,4.41803935862962e-08,6.08251433441569e-08,1.7014379537255e-08,1.32344453134114e-07,-2.15497690539647e-07,9.0620631230187e-08,1.16867808052207e-07,6.58866328876723e-08,1.84681929355476e-07,7.9613725566585e-08,1.74036984020138e-07,1.52886369508348e-07,2.05445296206066e-07,1.61979482803544e-07,3.04694692460126e-07,4.73113812185037e-09,8.69146864722974e-08,3.97455981184803e-07,1.67698021883188e-07,1.6939063209658e-07,1.05113945455688e-07,2.35549933360952e-07,1.13062886499601e-07,7.52952011494712e-09,-3.35509205180831e-09,3.23504790367372e-08,-6.07901683876568e-09,2.80921108944065e-08,8.2243359268634e-09,3.76540097016172e-08,2.00403405383743e-07,-1.51356833112858e-06,-9.75777895932773e-08,-3.87248252692674e-07,2.6713963318697e-06,-2.34420696182956e-06,1.3813724666063e-07,-3.25809600313277e-06,-5.26132396398302e-07,-2.51251640458531e-07,-1.72477108181204e-06,7.72782666860944e-08,-3.0605596926247e-07,-6.14042347203059e-07,2.52742272995408e-07,-4.17816527247311e-07,5.14822019053985e-09,8.32627170034552e-09,1.24394659579782e-08,6.20596007664468e-09,2.15060250651246e-08,3.34045881893767e-09,5.47108338046131e-09,5.63261859849876e-09,3.59042842367848e-09,1.08051274560913e-08,1.33534822075089e-06,2.78234522269804e-06,-1.67550637774635e-06,-2.65431092957051e-07,1.27058658986253e-06,-1.21367603945467e-06,1.79212612156938e-07,-5.03015549010459e-06,2.29482844081655e-07,2.73819795363588e-06,1.12572403377753e-09,-0.000218005636125061,-2.0936239209986e-05,2.05552219924801e-06,8.48167539906002e-07,-2.03418415455371e-06,-2.02725056892536e-06,-2.68141232976166e-06
"north_west","beta32",1.23853072855662e-07,-3.24050832790936e-07,6.04949558023869e-08,7.05186935686078e-07,-1.39833625728677e-07,4.52035973973297e-08,-4.95995108133416e-08,3.6833576974666e-08,2.83707144717416e-09,4.8986522819988e-10,4.92979444642053e-08,4.5452160184612e-08,4.49536867403056e-08,5.95519340546579e-08,8.18567806785655e-08,-8.10819733665657e-08,1.0404143211141e-07,6.51344826403965e-08,1.25347955731206e-07,9.83848676819319e-08,7.73863060227289e-08,1.3592478966514e-07,1.23358868659868e-07,1.38510996863205e-07,2.04221781896169e-07,1.47558389734428e-07,1.82831848888053e-08,1.7354403599239e-07,1.67698021883188e-07,5.40092204003459e-07,4.20122404085275e-08,3.2292588888524e-07,1.98333254537118e-07,2.951182857546e-07,-1.91430186368641e-09,-9.99759631278488e-09,5.17322999606854e-08,-1.65266477125229e-08,3.33637102328353e-08,-1.51349406878176e-08,6.62116129851337e-08,1.31247740479863e-06,-3.78001210418033e-07,1.42048879640506e-07,1.47339315584901e-06,2.51587910930839e-06,-1.16341347008793e-07,2.69511927896801e-06,1.02773276340412e-06,-2.55628881057236e-07,-1.04529787409296e-07,-9.22861778795784e-07,-4.47738788677502e-07,-1.28381350319671e-06,-8.79009264973072e-07,-3.02937336944206e-07,-2.37164824736975e-06,1.27549029626925e-09,1.41470467108589e-09,1.28826503599637e-08,5.07223524672138e-09,2.76289845640202e-08,3.32295538112714e-09,4.91011441358812e-09,6.89926146863628e-10,1.18703724747499e-09,3.34724518166008e-09,1.30957656842168e-06,1.42299550761863e-06,1.51846881766857e-07,-1.4819828618799e-06,1.97607693271442e-06,-2.10010000674247e-06,-2.47338839945386e-07,6.03868467709627e-06,2.78795588708109e-07,5.40178457269781e-06,-1.65179191932415e-09,-0.000204792888710372,-2.07315190949924e-05,-6.74238061601179e-05,-6.0982842919062e-05,-2.25357113361637e-06,-1.5293513791797e-06,-4.39266650782932e-06
"north_west","beta33",-7.91125681323253e-09,5.25578986910133e-07,-3.65188300529543e-08,-1.45726369321398e-07,1.29834196944735e-07,1.05308396062711e-08,-5.11894899896013e-09,1.5432728394549e-08,1.89958496397589e-08,-5.82709973053632e-09,-1.068897312005e-08,1.62085512002888e-08,2.40576687506704e-08,1.0014447452591e-08,5.07148780908121e-08,-3.3803476365448e-07,2.62043062060238e-08,5.016101988683e-08,3.05904655065956e-09,8.1520974635096e-08,2.61472489262504e-08,6.00784945434755e-08,5.85960286593058e-08,8.98484305188025e-08,7.22962760505691e-08,8.28247062076022e-08,7.61353410773152e-09,5.10356388516787e-08,1.6939063209658e-07,4.20122404085275e-08,2.1139488592956e-07,-9.9403454699557e-08,2.30907734902044e-07,-5.73391180468172e-08,1.07644257620392e-08,-1.14730736224506e-08,-7.57735348743975e-09,1.34540246759297e-08,1.5371291268073e-08,1.04847539699356e-08,-4.90814702335621e-07,-7.59155578399932e-07,-1.78801767969128e-07,-2.29077254526545e-07,-6.67492661782123e-07,-2.78246497188302e-06,-6.53552188192736e-07,-1.67096696069683e-06,-1.43116116491971e-06,-1.66091817735574e-07,-1.64051648502141e-07,-9.42178594940244e-07,-2.02457724985706e-06,-4.34094417919744e-08,-8.74891586844389e-07,5.41227469094042e-07,3.76542338820519e-07,2.88230901976792e-09,2.82507472263532e-09,4.87401414867953e-09,2.82203239022984e-09,7.6954965739476e-09,1.8953479656429e-11,4.47860493448385e-09,2.97694172583546e-09,2.90934395841098e-09,7.2074185560911e-09,1.39596365504926e-06,-9.28354038683046e-08,-2.45012322390428e-07,2.78223206262342e-07,2.69120440636543e-07,-8.73377472450522e-08,1.34706705208357e-06,-1.04944565712059e-05,4.92960714691348e-06,1.42437720000668e-06,8.26673237776666e-10,-7.35757785178826e-05,-3.66167665046475e-06,-3.02161031043929e-05,2.06505918425446e-05,-5.76339416111305e-07,-5.63729035616978e-07,-2.40419552623572e-06
"north_west","beta34",4.11056353862564e-08,-1.07616496591062e-06,-9.10068118427707e-08,1.05710800581829e-06,-3.22577017798231e-07,3.22768968045411e-08,-1.02256745887863e-08,-1.43567269772519e-08,2.11394374546266e-08,-1.1720551385408e-08,2.14424653381036e-08,3.93582428087264e-08,2.60451602490002e-08,2.26001142987336e-08,4.87418198682409e-08,1.38549911178198e-07,1.01720929910138e-07,3.83275821077565e-08,1.11758418115291e-07,4.22682900903623e-08,6.51148576301586e-08,9.96980046705991e-08,6.81490399018206e-08,9.9636300665987e-08,8.93062829548706e-08,1.40736562536243e-07,1.5705906933632e-09,8.9997036240007e-08,1.05113945455688e-07,3.2292588888524e-07,-9.9403454699557e-08,5.85429722499723e-07,-2.72448613975084e-07,8.19731925351062e-07,-1.6512806622427e-09,-3.27784023531613e-09,5.91538495135261e-08,-3.11590733683984e-08,2.31012839322454e-08,-1.9412182200991e-08,6.45163716732526e-07,2.2820262488403e-06,9.59843950596182e-08,1.54755813578856e-06,1.53869848600283e-06,7.36211862593123e-06,-1.90922797836922e-06,6.15803794996094e-06,5.9849745842127e-07,-4.05663265389137e-07,7.82954297843488e-08,-6.48234066046284e-07,1.34574320854914e-06,-1.03624156302911e-06,1.05988459168689e-06,-7.46324385344204e-07,-3.65711964294906e-06,-1.96741132165142e-09,3.13982857533554e-10,5.16876220160991e-09,2.21798208234372e-09,8.76577653394298e-09,2.36843708297692e-09,1.50500653673954e-09,-3.81760879691421e-10,-8.6697717013525e-10,-2.39954452406541e-09,-4.97096204812619e-07,1.02929369292753e-06,-7.37586139698299e-07,-1.29702905798487e-06,2.73544901458751e-06,-1.2033025603385e-06,-3.28204178933259e-06,1.21666420780826e-05,3.75149792394008e-07,2.85418902855272e-06,2.51138814458732e-09,-0.000155693004537428,-1.2434859267135e-05,-4.10265854859145e-05,-0.000107030262748632,-1.79092671758682e-06,-1.58363967138182e-06,-1.75793226255629e-06
"north_west","beta35",-4.14996958592503e-08,6.92025341382165e-08,1.75085308791863e-07,-6.01445825666433e-07,1.78898600469227e-07,1.5593651555204e-08,1.97535716192918e-09,2.75596085031312e-08,1.30557359674031e-08,-2.55686033012899e-08,5.6937318733656e-08,1.03135782601731e-08,4.49592335041774e-08,1.94115946325397e-08,9.20770876375637e-08,-2.51910748193775e-07,1.83837736634844e-08,6.29780551092679e-08,2.56628949039687e-08,1.12665150851475e-07,4.13081610430473e-08,9.54434427665604e-08,1.05706086989067e-07,1.21375285822289e-07,1.41328612537833e-07,1.3895890872167e-07,1.7421596629288e-08,9.50190633745097e-08,2.35549933360952e-07,1.98333254537118e-07,2.30907734902044e-07,-2.72448613975084e-07,8.40583364467722e-07,-1.20791978740327e-06,-1.49315339083084e-09,6.23492962216607e-09,-1.6581489667103e-08,8.85404720784504e-09,4.3110339218949e-08,9.39722628981901e-10,-8.49360154751015e-08,-1.70061227729469e-06,-1.09480182137754e-06,-1.42675476886799e-06,5.85885920676799e-07,-3.85915211629902e-06,-4.56359657176826e-07,-4.73258391996496e-06,-1.29120939129713e-06,-6.09917516503197e-08,-2.45603505907809e-07,-7.2628015177747e-07,-1.63278609423621e-06,-4.37148761172925e-07,-2.41749182768262e-06,1.464449118601e-06,6.0378156531995e-07,6.39091719139555e-09,5.40909598561771e-09,1.33446870037184e-08,6.10372976881865e-09,2.27334516573754e-08,3.72884422351559e-09,5.1617176982135e-09,5.22987997694252e-09,5.37214522658008e-09,1.18834445559062e-08,1.22318243867518e-06,2.97888884578517e-06,-9.40869999918178e-07,-6.59422008691908e-07,-2.21985063921373e-06,-4.13375034939841e-07,1.9503191053745e-06,-2.17231658980861e-05,2.30346862314404e-06,3.76584391904407e-06,-5.71611135702145e-09,-0.000111447312052131,-1.12922493059362e-05,-3.09028501048133e-05,3.67549388240005e-05,-8.52523146556409e-07,-5.40877989721263e-07,-3.76537842833962e-06
"north_west","beta36",1.54460082253791e-07,1.58406118710488e-06,-5.93992882114049e-07,2.00470784228859e-06,-4.25877679710515e-07,1.90776578070308e-08,-3.86094384545142e-08,3.65322958847766e-08,-4.89570566549083e-09,1.21493458607071e-07,-1.39362670451901e-07,8.07564842992405e-08,-1.22165538503365e-08,7.98309400466424e-08,1.56615748169161e-08,-1.09165700228841e-08,1.3062595933448e-07,7.18374005257041e-08,8.41900621966802e-08,8.46997396524274e-09,7.0926994777095e-08,1.11220923269905e-07,6.47477955862171e-08,6.92579207984736e-08,1.5497664680828e-07,9.33726379275101e-08,-2.28516820688164e-08,1.08106375472871e-07,1.13062886499601e-07,2.951182857546e-07,-5.73391180468172e-08,8.19731925351062e-07,-1.20791978740327e-06,3.64001317632465e-06,3.29420190541707e-08,-5.28713504390912e-08,1.34297423879201e-07,-6.08067959295271e-08,5.49913412297384e-09,1.28216038795913e-08,-1.9825463642581e-06,3.62972407275919e-06,3.83076608343432e-06,3.34034415612164e-06,4.84582516774974e-07,2.03924614179494e-06,5.59421929815496e-07,1.72737795574153e-05,3.51714856875344e-06,-1.24944720020727e-06,2.87556869050747e-07,-1.93705751367926e-06,-2.61272925358973e-06,-3.55090600635046e-07,2.18310272747975e-06,-3.48649830709253e-06,-4.61358224080275e-06,-2.73949519602937e-09,3.01390355956595e-09,9.43767046057209e-10,4.70592014758655e-09,1.73542883553576e-08,-1.6575305318442e-09,5.84174937105316e-09,8.16468319363553e-11,-2.45944236820475e-09,-4.5060843098725e-09,1.19983279171267e-06,-8.37382070051581e-06,2.78842588173357e-06,-2.1117202329093e-07,7.62395744703827e-06,-3.00965849832405e-06,-1.01607225005328e-06,4.89937231882595e-05,5.34664478684453e-06,4.03166904796496e-06,1.47759579933975e-08,-0.000102603487676567,-8.1240930157988e-06,-6.83612177645364e-05,-0.000149571371864256,-1.75002941979239e-06,-2.01212187999345e-06,-2.1316538133465e-06
"north_west","beta4",4.83205235642443e-08,2.30263405243714e-07,-1.08704313226237e-07,3.2278839674377e-07,3.26466048485953e-09,2.05104745979063e-08,-1.93173460755994e-08,1.21435870011158e-08,-3.47482592431298e-09,3.44699361889086e-08,-3.12477251117062e-08,7.49653816407947e-09,-1.13439622598286e-09,1.0247555831597e-08,7.73281494537021e-09,3.74708999212678e-07,-4.37187468630717e-09,7.47602800877286e-09,1.23735078501803e-08,-2.74974007167689e-09,3.36976240257514e-09,4.91084831328502e-09,8.54713575083474e-09,1.2252925182978e-08,-1.23184128429603e-08,1.93057689935601e-08,-9.47541909407089e-08,1.36535447763305e-08,7.52952011494712e-09,-1.91430186368641e-09,1.07644257620392e-08,-1.6512806622427e-09,-1.49315339083084e-09,3.29420190541707e-08,8.4265349084387e-08,-8.12644181715083e-08,3.80316636414989e-08,-1.19466891590061e-08,1.78885438878192e-08,-6.47134715567258e-09,2.5744438499665e-07,1.53334107337709e-07,9.73105022482839e-07,7.25559082895204e-07,1.42254780122785e-08,-4.83952211365536e-07,-7.50400076962213e-07,1.97512005751443e-06,-8.28795667480302e-07,-6.39595597621374e-08,-4.96194480709396e-08,-4.6498585560486e-07,-2.99979468538784e-07,-4.04999213287695e-07,2.02082599955381e-07,1.31264621866723e-07,1.21491099894885e-06,-2.74810082326094e-10,8.23623022452042e-10,1.56595698022417e-10,5.66170499131071e-10,-9.76564166449021e-10,3.15850517447706e-10,4.69748692223871e-10,1.09832081784908e-09,4.19268264685438e-10,1.57239939968337e-09,1.6436919406642e-07,-5.46248529815245e-07,5.76631160546658e-08,-7.78025309455289e-08,2.4327388466887e-07,2.94819802988151e-07,1.11243865541573e-08,-3.95344064674024e-06,3.85372990251966e-06,1.13362614220267e-06,2.47511148870895e-09,5.9732077210765e-06,-2.17928068464929e-06,1.83971831706086e-06,1.670388806609e-06,3.94268673197273e-08,-7.14145421132076e-08,-1.54460518062051e-08
"north_west","beta5",-8.28444061388391e-08,6.79838535374974e-07,-1.02889374048586e-07,-3.0738988974175e-07,-8.21876976617224e-08,-2.07171675465098e-08,3.0506299605184e-08,-1.28988183617756e-08,1.13760707274899e-08,1.43933390872475e-09,5.72637574594991e-09,-5.87408332188397e-09,5.87906303130701e-09,-1.89888364362321e-08,-2.16053367385989e-09,-3.28959664345935e-08,5.00314569003169e-09,4.62450791099329e-09,-1.67089375488831e-08,4.87209347382811e-09,9.15901534998935e-10,5.06901467146556e-09,-8.87708420772884e-09,8.76845927180895e-09,1.35353847743256e-09,-1.53026032515251e-09,5.53656203336808e-08,-6.00929319822172e-09,-3.35509205180831e-09,-9.99759631278488e-09,-1.14730736224506e-08,-3.27784023531613e-09,6.23492962216607e-09,-5.28713504390912e-08,-8.12644181715083e-08,1.9293193753662e-07,-1.96767397602815e-07,5.13717953858354e-08,-5.89292625885077e-09,1.12156852077643e-08,-4.39008535218025e-08,-6.35434188927362e-08,-9.8567263215449e-07,2.95535696702303e-07,9.84622190253874e-07,9.40441671716232e-07,-5.70032312261683e-07,-3.77745060750284e-06,1.66286739804034e-06,5.49227963947157e-08,1.64304790352205e-07,2.70175162366026e-08,-1.6364454674234e-07,7.32286199234328e-07,-4.77883506035554e-07,1.84482146046008e-07,-9.30332755950125e-07,6.40971393324589e-10,7.72909221479414e-10,1.71949846576804e-09,-6.4481072141473e-11,3.21571128209166e-09,-2.52388792501622e-10,-1.31897749670023e-10,-1.35721504556586e-09,7.91190601234288e-11,2.91209454603481e-09,5.57652220965107e-07,8.65337229336861e-07,-1.31759300157285e-06,-8.53357946923249e-07,-3.07299411330285e-08,2.70419952046473e-07,-1.10700961199227e-07,-1.80252527022932e-06,-2.67506865822872e-06,-4.90616536203357e-07,-4.8044371744849e-09,1.71425786976983e-05,-4.75348268281653e-06,1.71946294917707e-06,-2.3942948526447e-05,1.46105234630673e-07,-1.27871893389897e-07,1.46749277031097e-07
"north_west","beta6",1.1012156414251e-07,-2.15258751469099e-06,-1.0745858194788e-07,2.26683993198549e-07,-4.41273482039658e-08,3.95036117311445e-08,-2.76480263051141e-08,1.11670001739953e-08,7.92329539079651e-09,-3.12819520528649e-08,5.56411816618585e-08,1.30274868734626e-08,1.3586932932608e-09,4.6732951252345e-08,-6.8044073623539e-09,1.09195612761422e-07,1.93361956667509e-08,-3.31775173111272e-09,4.07505070345866e-08,-5.2462179555195e-09,1.52969563741112e-08,1.29545918547863e-08,4.02782428615462e-08,-2.36348114963395e-08,4.99191432362798e-08,4.47241916548059e-08,-1.84809353779039e-08,8.01447900474669e-09,3.23504790367372e-08,5.17322999606854e-08,-7.57735348743975e-09,5.91538495135261e-08,-1.6581489667103e-08,1.34297423879201e-07,3.80316636414989e-08,-1.96767397602815e-07,4.37123445980059e-07,-2.27901790765427e-07,8.76131956434908e-08,-2.13175109227104e-08,4.57851649429476e-07,8.44576309399895e-07,1.02746783886754e-06,-1.12590989797233e-06,-1.33038641992279e-06,-2.66750335714968e-07,4.24353800107772e-06,8.29290193139809e-06,2.58674008560571e-07,-5.16254636882875e-08,-1.54348492591692e-07,-8.21942739956088e-07,3.44047770756157e-07,-9.25678987945158e-07,8.82876274839679e-07,-3.00728430067697e-07,-1.58026198877522e-06,4.68739753697453e-10,2.35614360415254e-09,-2.87844282912563e-10,3.10353897762544e-09,4.20825417526587e-09,1.91094582528943e-09,2.43210815289776e-09,1.5246038691028e-09,4.01623018344945e-10,-4.40061243504711e-09,-6.05111660188787e-07,-1.54327168361397e-06,2.44234557206802e-06,9.64095193301575e-07,2.42188718442079e-06,-9.09098042961099e-07,-1.17518007983434e-06,1.16268747010211e-05,-4.45968585552311e-06,-3.39917525703848e-06,9.13983109082214e-09,-4.1532542954993e-05,-9.24490873455503e-06,-5.12527867478416e-07,-2.00863131504299e-05,-2.57213004155809e-07,9.44614942174278e-08,-3.85942609105472e-07
"north_west","beta7",-2.19976247269342e-08,1.03242061973451e-06,3.40076245089169e-07,1.13417137613298e-07,1.47303652497455e-07,-3.10397547225931e-08,3.39372680358485e-08,-4.2876313278814e-09,1.51960541812477e-08,-1.30719807410996e-08,-4.80315669494712e-09,-1.70832939151165e-09,1.38504014785607e-09,-1.26138454869823e-08,2.54115557619475e-09,-3.28490872242462e-07,6.32299129470229e-09,-9.77527832909807e-09,-1.4651009738109e-09,-3.49149582849499e-09,3.00267768964511e-09,-1.28795041659758e-08,-1.08830338486105e-08,1.45728472398855e-08,-1.30351252916578e-08,-2.27829938393546e-08,2.18713664831645e-08,-1.7603792345189e-09,-6.07901683876568e-09,-1.65266477125229e-08,1.34540246759297e-08,-3.11590733683984e-08,8.85404720784504e-09,-6.08067959295271e-08,-1.19466891590061e-08,5.13717953858354e-08,-2.27901790765427e-07,2.7203514968883e-07,-2.44264834099412e-07,7.26226025714108e-08,-1.3286287180657e-07,1.58476786047164e-07,2.07941273098996e-08,1.45092182347694e-06,3.43737140477651e-07,-7.48841017863339e-07,-1.4308519683357e-06,-6.61453752290821e-06,-2.77088870733358e-06,-2.32316489676946e-08,2.09298293966974e-07,1.07406590087912e-07,-7.45767184090736e-07,-2.87017060595949e-09,-1.40433980528421e-06,-3.740930453735e-07,1.61151269117819e-06,5.14421551929811e-10,-3.61025128242003e-09,1.83040294420051e-09,-2.13208157095958e-09,-2.41846477225329e-09,-2.05869286788132e-09,-3.52967154708106e-10,-6.39633632600743e-10,-8.96883377457417e-10,1.02175203063195e-09,1.98836106517578e-06,-7.97647752064583e-07,-1.56963296773927e-06,1.12729862020541e-06,-1.34201553718317e-07,2.09686251369886e-07,1.1706633241921e-06,-4.04850539737255e-06,4.33726671082749e-06,4.29964457024115e-06,-4.1640938818041e-09,2.35119042153228e-05,1.60864021477562e-05,3.89451281757015e-07,3.48091970879864e-05,9.3381276439992e-08,5.71989773836383e-08,-7.45397595585283e-09
"north_west","beta8",6.54965604275861e-08,-7.66141292761673e-07,-3.74574309133982e-07,1.12831594947197e-07,-1.78946778706047e-07,9.21301599629182e-08,-5.67083582651527e-08,2.23137053957725e-09,2.36723954866963e-10,4.15709644587788e-08,6.58923497423924e-09,9.80205568826743e-09,1.57394530266557e-08,1.58850622436035e-08,2.60121942245827e-08,2.84507496564543e-07,-6.81105498445537e-09,2.76698232692816e-08,1.58698856158746e-08,2.43055933621502e-08,-4.22787848570239e-09,4.30586163323468e-08,1.72797810333245e-08,9.77629808485494e-09,3.78331435424633e-08,3.48800176855094e-08,-2.99788551276906e-08,3.71387027160522e-08,2.80921108944065e-08,3.33637102328353e-08,1.5371291268073e-08,2.31012839322454e-08,4.3110339218949e-08,5.49913412297384e-09,1.78885438878192e-08,-5.89292625885077e-09,8.76131956434908e-08,-2.44264834099412e-07,4.4823371667026e-07,-2.30850423032875e-07,7.6780238134307e-07,1.20934195797509e-06,-1.33706922889713e-07,-1.22036269014507e-06,6.61072949771116e-07,1.96386046705614e-06,-6.1873098025129e-07,7.90961818521376e-06,2.57892037023484e-06,1.68088062156003e-07,-3.38345650765761e-07,-7.09506460550465e-07,4.7544635294302e-07,-1.35319776062554e-06,1.90561613618446e-06,7.19458986199676e-07,-4.2716830157498e-07,-2.81037516264957e-10,4.27737962351384e-09,2.88911167905514e-09,2.98952024943329e-09,5.41509678927025e-09,3.31892389984756e-09,-1.97135506885936e-10,1.58883668368052e-09,1.83320442740748e-09,3.43474361502575e-09,-3.00684301964472e-06,4.22401907069759e-06,8.03600543623897e-07,-2.03637446686867e-06,4.0086879553245e-07,-2.18592286738447e-07,-1.43743863361259e-06,-3.8934338071477e-06,2.97419402005954e-06,-2.97103882967093e-06,2.90847172670786e-09,-5.33873763756168e-05,-1.64035234196325e-05,-2.15455220532512e-06,-5.79442258245651e-05,-4.11102504313395e-07,-3.8577741459868e-08,-2.58879978995107e-07
"north_west","beta9",3.8538430635424e-08,-2.43968490512842e-07,1.71049703680039e-07,8.46264775661669e-08,-4.10962485159863e-08,-1.49387591010007e-07,1.31656565347153e-07,-7.24225965722896e-09,1.26903714726749e-08,-2.11199793246481e-09,-7.75162547922619e-09,4.41211411332289e-09,-6.64480898736338e-09,5.20139963918778e-09,-2.50351504694858e-09,8.9738511528427e-08,2.37728702272885e-08,-1.98096415244029e-09,-1.04283824356751e-08,3.0689680213103e-08,9.75369852239629e-09,1.65563168442455e-09,1.29901115578723e-08,2.93904887742654e-08,-1.90702297262992e-08,2.74015260737854e-08,7.35196021419375e-09,1.25058341431271e-08,8.2243359268634e-09,-1.51349406878176e-08,1.04847539699356e-08,-1.9412182200991e-08,9.39722628981901e-10,1.28216038795913e-08,-6.47134715567258e-09,1.12156852077643e-08,-2.13175109227104e-08,7.26226025714108e-08,-2.30850423032875e-07,3.07672840343207e-07,5.03784819935277e-07,-6.52057787531343e-07,4.97263719575028e-07,1.97528546819865e-06,-1.98409553552671e-08,-9.5036271583339e-07,-2.02302999630528e-06,-3.35707455292849e-07,-2.62416295312467e-07,-1.0443511170701e-08,1.33636734539082e-07,-3.5618457917386e-07,-2.03623604722604e-06,4.71176423471653e-07,-1.73934929675674e-06,-3.63792453665499e-07,-6.02383240894119e-07,4.19611510069704e-11,2.55570881562567e-10,-5.76200937644272e-10,-7.68344299938527e-10,5.38079012384928e-09,-1.07026650140845e-09,8.19736213433292e-10,1.29676115295236e-10,-5.92225280015486e-10,-2.42273882204125e-09,7.28150132752284e-07,-2.66331718256408e-06,-1.33292003807114e-06,2.3824824728482e-06,7.74122238943343e-07,6.29341711782102e-09,1.6050947081871e-06,2.10238072642019e-06,-1.55881013787238e-07,2.983802130572e-06,2.30178840044432e-09,4.00872175038191e-05,4.87902457725975e-06,1.59612983053816e-06,-1.65050770404566e-05,2.62278266971022e-07,-3.63867132747732e-07,9.84842320607698e-08
"north_west","mu_D",4.24301350277385e-08,9.83210108817763e-07,-3.15290917298553e-06,4.70363804410398e-06,-1.3302377559244e-06,8.30572128127545e-07,5.07144884285734e-07,-4.71688980714528e-07,9.11685204728434e-07,-6.59743964411148e-07,1.03309547591322e-06,1.00282386443263e-07,1.3783318007962e-07,8.46049032428458e-08,3.68084660227669e-07,6.89790585820602e-06,-3.39992180285977e-07,6.87532402120498e-07,-4.51331187311272e-07,6.92059803015064e-07,-2.71273089219507e-07,3.80705217732976e-07,3.78245177068776e-07,-4.75205269504132e-07,1.59428360464985e-07,4.56065360627249e-07,-9.52001240996662e-07,-8.55825372107645e-08,3.76540097016172e-08,6.62116129851337e-08,-4.90814702335621e-07,6.45163716732526e-07,-8.49360154751015e-08,-1.9825463642581e-06,2.5744438499665e-07,-4.39008535218025e-08,4.57851649429476e-07,-1.3286287180657e-07,7.6780238134307e-07,5.03784819935277e-07,0.000297269101321005,0.000105067033601137,0.000128178993906008,0.000134201267943886,7.07874138050233e-05,3.56490313290174e-05,-9.17613887186654e-05,0.000286202164095476,1.78928315082605e-05,1.72956121346999e-06,5.52381731145861e-06,-2.28611777035727e-05,3.70871026474091e-05,-0.000124432135494238,-2.12229017774064e-06,-3.81589514013126e-06,-3.18460540091055e-05,-3.98103434932357e-08,-2.26039026933924e-08,3.22848320003182e-08,-2.09753148928213e-08,2.50737724049923e-07,1.20855091155032e-08,-3.48665746143541e-08,-2.19892065595612e-08,-3.54662728299784e-09,1.13570164822072e-08,-1.16843117895604e-05,-7.41067961208244e-05,1.26221859500456e-06,4.89133889523223e-05,5.43474240837152e-05,-2.84631197505429e-05,-3.75483705692887e-05,1.15035590722196e-05,0.000159973265327803,1.77533790732873e-05,6.56938227656168e-08,0.000306081827122034,-0.000364852773774522,0.000153316651905339,-0.000769309497266976,4.96839744011031e-06,-5.80518387363626e-06,4.55170045567246e-06
"north_west","mu_D_2",3.15526986059698e-07,1.60187231609321e-05,2.19666214650223e-06,1.11695145694985e-05,-1.75778127232725e-06,1.17302442190236e-06,-1.05644795340924e-07,3.01404063960354e-07,6.51134493948033e-07,-1.06103635828141e-07,1.62337042283955e-06,2.61771380783471e-07,3.72121243474898e-07,1.82121930790444e-07,3.04637946719595e-07,5.26012971572849e-06,6.3149036415833e-07,6.31786218110143e-07,7.69402352762923e-07,5.26998065779017e-07,1.70436053400271e-07,9.95546842226901e-07,4.12200134592421e-07,4.83665564377638e-07,3.05957216900268e-07,1.47055835507777e-06,-1.66479406927601e-07,4.7753287166322e-07,2.00403405383743e-07,1.31247740479863e-06,-7.59155578399932e-07,2.2820262488403e-06,-1.70061227729469e-06,3.62972407275919e-06,1.53334107337709e-07,-6.35434188927362e-08,8.44576309399895e-07,1.58476786047164e-07,1.20934195797509e-06,-6.52057787531343e-07,0.000105067033601137,0.000227310391405945,5.72763824903567e-05,0.000119566996922069,6.31625239122721e-05,0.000172777300545567,7.99051860606964e-05,0.000146185009700044,3.46709733684917e-05,-1.43733248313903e-05,4.07895966931734e-06,-3.61975814550832e-05,-1.42910205904742e-05,-0.000140878419666294,2.99753319577143e-05,-6.91922887537382e-06,-3.97496173055735e-05,-7.10116690367084e-08,-8.78776497947823e-08,2.49576998357643e-08,1.08442700661074e-08,2.27058959425141e-08,1.19119833959871e-08,-2.99113497637394e-08,-5.08177359264533e-08,-1.60496558542681e-08,4.06514594928928e-09,-5.14860071554106e-05,3.56953011293401e-06,-2.19599130661987e-05,3.96935561876313e-05,7.51130898197503e-05,2.25879466253294e-06,-3.58390840830393e-05,0.000134755187317206,7.54907152320372e-05,1.82511602100374e-05,4.97954922665975e-08,-9.2274715211285e-05,-0.000499934000686768,0.000192910190640026,-0.00102151175219482,-5.89737927167436e-06,-1.4628479495806e-05,9.78302712532439e-06
"north_west","mu_D_3",1.66804085585379e-06,0.000135692537190634,-7.61271288883407e-06,-8.86848643983452e-06,-9.62957140386752e-07,8.35265273404416e-07,2.99364187467408e-07,2.01985860956694e-07,-2.46707749718658e-07,1.54764088971648e-06,-8.98409831118695e-07,5.92824910280053e-08,-6.26743065266763e-08,3.30595253919357e-07,1.80407153179107e-07,1.94694474066286e-06,-1.23313780247734e-06,1.02085308163012e-06,-3.15961470009564e-06,2.59918348581897e-06,-8.87444648018143e-07,1.29579889546208e-07,-7.691182056416e-07,1.08076418864663e-07,-1.26745615447469e-06,3.72421564158291e-08,-1.14165066527826e-06,5.87065186642696e-09,-1.51356833112858e-06,-3.78001210418033e-07,-1.78801767969128e-07,9.59843950596182e-08,-1.09480182137754e-06,3.83076608343432e-06,9.73105022482839e-07,-9.8567263215449e-07,1.02746783886754e-06,2.07941273098996e-08,-1.33706922889713e-07,4.97263719575028e-07,0.000128178993906008,5.72763824903567e-05,0.000863357409010247,0.000442101057257757,0.000347092588562962,-0.000633629905631737,-2.65321726875375e-05,6.83682678769192e-05,3.27764070285923e-05,-2.68728171230756e-05,7.39843097584815e-05,6.24802657521958e-06,-5.199170800053e-05,-0.000134274181825724,-2.12538100457956e-05,-7.02029427121953e-06,-1.80980707365657e-07,-9.8891674450628e-08,-7.49331755241644e-08,9.34626079557086e-08,-8.52465965685412e-08,-9.04639692991918e-08,-1.16141991237994e-07,-1.46059355320358e-08,-4.53419633982362e-08,-2.1707962180218e-08,1.46104515379899e-07,1.31014066213685e-05,-0.00159453565381975,0.000317904535682583,1.47738892296469e-05,2.47194067902459e-05,-2.09041306659933e-05,2.60231112559825e-05,5.07896994509657e-05,7.50863242330349e-05,6.65553770484852e-05,1.02871518565228e-07,0.00133068909538973,-0.000599381045370073,-0.000376035008826451,-0.000778711142853602,1.2485767815827e-05,1.32327692448566e-06,-8.34001072641387e-07
"north_west","mu_D_4",8.02814803132599e-07,5.88170190908153e-05,-4.69930755580079e-07,1.45956999081928e-06,-5.56247964609873e-06,3.85415064697844e-07,7.86043643200214e-07,-6.36791789806398e-07,1.36239577681344e-06,1.07668869051451e-06,-1.63521317009395e-06,1.52993041986685e-07,-8.71013509659498e-07,1.36266841674279e-07,-2.96254720901141e-07,1.2305025341286e-05,-5.90519061853877e-07,1.66752974520514e-06,-2.55189445958371e-06,3.13779586153167e-06,-1.39628877002003e-06,1.49608481145392e-06,-4.74147500094516e-07,6.67231797381897e-07,-1.47141499782479e-06,1.03588874865681e-06,-1.38208386314007e-06,4.50010067617928e-07,-9.75777895932773e-08,1.42048879640506e-07,-2.29077254526545e-07,1.54755813578856e-06,-1.42675476886799e-06,3.34034415612164e-06,7.25559082895204e-07,2.95535696702303e-07,-1.12590989797233e-06,1.45092182347694e-06,-1.22036269014507e-06,1.97528546819865e-06,0.000134201267943886,0.000119566996922069,0.000442101057257757,0.000678647583872748,0.000350519610477617,-0.000166639111690311,-0.000500829639293719,0.000182096804154856,-6.78650491553863e-05,-8.15815473108982e-06,5.8761648403597e-05,-1.73039668915108e-05,-5.17935951951362e-05,-0.000134311509854947,-2.58694914028202e-05,1.60814032560043e-05,-6.45725217981751e-05,-1.95046491745663e-07,-1.06466211167416e-07,2.40225696825733e-07,-9.73048616173835e-08,-6.34956536663554e-09,-2.89535361733917e-08,-9.04640785643811e-08,-6.27499787581761e-08,-3.2383441128796e-08,1.26077901157042e-07,3.65095320832392e-05,-0.000844763401687073,-0.000258018888522951,0.000189941064761274,0.000100821976541866,-6.02052295487461e-05,1.85111055114823e-05,-0.000453134069380013,0.000266165928242492,0.000185909548005462,1.03658310457122e-07,0.00357184106489751,-0.00180037552136568,5.50197150020778e-05,-0.00207438982688928,2.96953023965253e-05,-4.5347307579915e-05,9.23878587604701e-06
"north_west","mu_D_5",4.50692055928167e-06,5.23913772063101e-05,8.62970208458741e-06,-6.45896645509013e-06,-3.82269134478542e-06,3.43576582929098e-07,2.50641691585737e-07,-2.54352882232078e-07,-2.11721393505938e-07,3.34932844957695e-06,-2.39938918899342e-06,9.32748943223699e-08,-5.10435556707113e-07,6.73106386207908e-08,-4.18046736308502e-08,4.89099082999051e-06,-2.92308892529651e-07,9.25140907093218e-07,-2.30923656836634e-06,2.51468085714658e-06,-8.20018766325039e-07,9.21616298750118e-07,-9.33124207079846e-07,1.04589757598386e-06,-1.14933975934525e-06,7.1333907380898e-07,-5.80537573710489e-07,2.95893959086029e-07,-3.87248252692674e-07,1.47339315584901e-06,-6.67492661782123e-07,1.53869848600283e-06,5.85885920676799e-07,4.84582516774974e-07,1.42254780122785e-08,9.84622190253874e-07,-1.33038641992279e-06,3.43737140477651e-07,6.61072949771116e-07,-1.98409553552671e-08,7.07874138050233e-05,6.31625239122721e-05,0.000347092588562962,0.000350519610477617,0.000687314971464058,-0.00026625722213846,-0.00018444835258411,-7.13763667629001e-06,1.04932232042636e-05,-1.22427970614473e-05,4.99012748211143e-05,7.99593671827832e-06,-0.00010337462823381,-9.74066730669431e-05,-8.16975575166795e-06,8.03051639609183e-06,-3.05183235186545e-05,-5.39064397651767e-08,-8.75844110111616e-08,1.49974801580218e-07,-1.89128575357195e-08,1.16438052217002e-07,-3.10342295334384e-08,-5.97574031857087e-08,-7.96550479407135e-08,-2.45272609108248e-08,2.22900141514735e-07,8.06151898555977e-06,-0.000575341219808428,-9.82771929761724e-05,-0.000376184829187702,-1.62193044856964e-05,4.01775880856247e-07,5.19343925108012e-05,-0.000233699323558507,0.000161559581016287,0.000121699180689547,-1.63157087505847e-07,0.00198988680085454,-0.000279418159614214,-9.30985329924103e-05,-0.00140831369634816,1.2274301549452e-05,-1.77706176305387e-05,-1.87291408447827e-06
"north_west","mu_gamma_H",-9.01209060893739e-06,-0.000180007907137856,-3.47103540939662e-06,2.10981374372284e-05,-8.9051564943001e-06,-6.78552452326858e-07,2.11598084002505e-06,-2.64777055319752e-06,2.94753831976553e-06,-5.47688938875611e-06,3.53880644895103e-06,-9.76273444999095e-07,9.89050911600522e-07,-1.22245067202852e-06,-1.08861494799444e-06,2.95314360116063e-05,2.95117797184506e-06,1.02353942698377e-07,4.34494740612656e-06,-7.52094937297946e-07,-1.77869526051376e-07,2.93597549183443e-06,-4.04882754422098e-07,1.43706993048278e-06,5.07114641094415e-07,3.58315606610591e-06,-1.16732741626529e-06,-1.64882582087516e-06,2.6713963318697e-06,2.51587910930839e-06,-2.78246497188302e-06,7.36211862593123e-06,-3.85915211629902e-06,2.03924614179494e-06,-4.83952211365536e-07,9.40441671716232e-07,-2.66750335714968e-07,-7.48841017863339e-07,1.96386046705614e-06,-9.5036271583339e-07,3.56490313290174e-05,0.000172777300545567,-0.000633629905631737,-0.000166639111690311,-0.00026625722213846,0.0024560862944798,-0.000160537199182148,0.000223234961576163,0.000137022059250803,3.35316984772976e-06,-3.78052353022606e-05,-1.20919697375802e-05,0.00010367865534714,3.22948023532425e-05,9.37854741126872e-05,4.24826100025742e-05,-7.06677449893763e-05,-1.93107261112382e-07,-1.23553260153236e-07,-4.86400883822608e-10,-4.94340700841683e-08,-3.7992536842396e-08,6.81798729069171e-08,-2.5093009852115e-07,-1.40705024682527e-07,-1.86701148997962e-07,8.31349020196349e-08,-6.8741022126809e-06,0.000994643836711451,-0.000222268505655923,0.000135689729143874,0.000119371286605088,-7.1362101756105e-05,-9.20077502715019e-05,3.17808156968107e-05,-0.000195511933748811,-0.000106711283911509,3.16634250465472e-07,-0.00220136619817654,-0.00183200889041953,0.000428809536781563,-0.00169043846838673,-2.44581206285732e-05,-6.50352011617591e-05,3.36216728309979e-05
"north_west","mu_gamma_H_2",-2.59759675846622e-06,-2.4178793573552e-05,-8.6488387008048e-06,-4.11781782533311e-05,-1.42598679011184e-05,-2.84792179471666e-07,3.67789822364024e-07,9.55665595676801e-07,-1.70866162094334e-06,-2.56434554235654e-06,9.40282088940027e-06,-8.2768041779628e-07,2.09160181077039e-06,3.59047883841426e-06,-1.66526977691703e-06,7.56017582621163e-06,1.21460148746614e-06,-1.25399695111365e-06,1.21406638692763e-06,-3.1039837029926e-06,9.61191417827226e-07,-2.24173910272019e-06,4.07526308487789e-07,-2.60449928477068e-06,2.10783734502481e-06,-3.18759070684424e-06,1.13835090128428e-06,-1.4300789016513e-06,-2.34420696182956e-06,-1.16341347008793e-07,-6.53552188192736e-07,-1.90922797836922e-06,-4.56359657176826e-07,5.59421929815496e-07,-7.50400076962213e-07,-5.70032312261683e-07,4.24353800107772e-06,-1.4308519683357e-06,-6.1873098025129e-07,-2.02302999630528e-06,-9.17613887186654e-05,7.99051860606964e-05,-2.65321726875375e-05,-0.000500829639293719,-0.00018444835258411,-0.000160537199182148,0.00320110719319018,-0.00134918221208867,0.000318582542208393,-3.50355860580856e-05,-2.05252687700694e-05,1.80690414120159e-05,3.81708475357994e-05,-4.0701861335124e-06,0.000196577340993034,-3.74896498393978e-05,-4.65213263492388e-05,1.41686629378845e-08,-3.09488865223323e-07,-8.18951301751105e-08,-2.01379661234065e-08,9.27302764601932e-08,-1.94455496470714e-07,2.81885533388252e-07,-1.93647304432205e-07,-1.31228356453827e-07,-3.19310841402647e-07,-3.16252796416356e-07,-6.39867552019053e-05,0.000575651863586036,-0.000141057202028684,-6.66217909723281e-05,0.000156349039356764,-0.000151951915381322,0.00151005130791772,-0.00084048239533338,-0.000294202199617815,1.19209826915303e-07,-0.00761184394437232,0.00116900566741772,0.000371602669087416,-0.00393428398985925,-7.64736643001361e-05,8.86273048660245e-05,2.81934193165333e-05
"north_west","mu_gamma_H_3",-1.43205758215926e-06,-9.45320276592238e-05,-2.22752254982274e-05,8.40292567736394e-05,-1.20393895846795e-05,2.6435977588286e-06,1.07188055445855e-06,-4.68539321182827e-07,8.53949808471248e-07,3.74764163939281e-06,-6.33347610307445e-06,1.89834349409647e-06,-9.02592660730996e-07,-1.30465833050426e-07,-6.29741392757296e-07,-1.18162936539304e-05,1.72632860215027e-06,8.67449133919172e-07,4.90346619553016e-08,4.20719644472052e-07,-9.33359594733642e-07,2.12430476834992e-06,1.1296118740722e-06,-4.46640895234013e-06,1.1978259649308e-06,5.83245913048993e-06,-1.1094340003027e-06,-1.50463217047419e-06,1.3813724666063e-07,2.69511927896801e-06,-1.67096696069683e-06,6.15803794996094e-06,-4.73258391996496e-06,1.72737795574153e-05,1.97512005751443e-06,-3.77745060750284e-06,8.29290193139809e-06,-6.61453752290821e-06,7.90961818521376e-06,-3.35707455292849e-07,0.000286202164095476,0.000146185009700044,6.83682678769192e-05,0.000182096804154856,-7.13763667629001e-06,0.000223234961576163,-0.00134918221208867,0.00363650473803548,-8.17754931989028e-05,1.17220219873136e-05,-2.57947882866929e-06,-0.000119720848692719,-3.40905724307788e-06,-0.000111759678912118,0.000178725336405269,1.41459748383455e-05,-7.754372378261e-05,-4.47950388227832e-08,3.9732459652248e-08,1.79746248716049e-07,-1.89800813856472e-07,-1.16840205975942e-07,1.61974032482596e-07,-3.56627170575345e-07,1.91055784417002e-07,5.96820039395704e-08,-1.384560417859e-07,-0.000244361542465851,6.30944352472656e-05,-0.000174841466348497,0.00017460766015645,0.000263767277290408,-7.40848273347311e-05,-0.000121731095180112,0.00027233808426229,0.000990408385486203,0.000203048429481233,5.66889793185608e-07,0.000267686609148275,0.00105884515115404,-0.000483002362612182,-0.00599970812367089,1.74927938210605e-05,-1.72875608276245e-05,-1.23199141854086e-05
"north_west","mu_gamma_H_4",-4.20968932477223e-06,-9.7684745809085e-06,1.0499106970965e-07,-2.30466610972723e-05,-1.66395334340667e-05,-3.64944624382124e-07,-5.00466046142498e-07,-1.70638723606516e-06,2.36769822420799e-06,-3.02708818220359e-06,1.73806110168212e-06,-3.27408286606628e-08,-4.50761878822181e-08,6.572659882014e-07,-1.04789457124415e-06,2.46101177898833e-05,1.33057378454175e-06,-1.82597329415917e-06,3.47073055226882e-06,-4.38907742846127e-06,1.17110768156068e-06,-1.02132763833813e-06,1.14288831893503e-06,-2.45795841779482e-06,-2.84697509133794e-07,-9.77830521616595e-07,-4.26722959721615e-07,1.0237469332053e-06,-3.25809600313277e-06,1.02773276340412e-06,-1.43116116491971e-06,5.9849745842127e-07,-1.29120939129713e-06,3.51714856875344e-06,-8.28795667480302e-07,1.66286739804034e-06,2.58674008560571e-07,-2.77088870733358e-06,2.57892037023484e-06,-2.62416295312467e-07,1.78928315082605e-05,3.46709733684917e-05,3.27764070285923e-05,-6.78650491553863e-05,1.04932232042636e-05,0.000137022059250803,0.000318582542208393,-8.17754931989028e-05,0.000783236045707838,-2.13493019354013e-05,-5.42502118998387e-06,2.3425124732541e-05,-0.000132086724321048,-3.57466489908852e-05,3.12687267261495e-06,6.34892625634193e-06,-9.82351816259536e-05,-8.66984872082897e-08,3.41130640467899e-08,1.09656830779486e-07,-1.99666176430407e-08,-2.63056316501848e-08,-6.81629402751724e-08,7.68940871563259e-08,4.67045946077763e-08,-8.07317530513412e-08,2.31718123491018e-07,-7.33166212559653e-05,-7.85312236247176e-05,0.000206736857394473,-4.2868010650423e-05,-3.05145858921158e-06,-1.01803222496111e-05,3.4069130375247e-05,0.00103642998977267,-0.00073181505220657,3.38508323203015e-05,-1.45692611531252e-07,-0.000439326928390292,-0.000387066528145479,-0.000523737300634484,-0.00418384165170639,-1.25606702124811e-05,5.2684381450439e-06,1.66755214088722e-05
"north_west","p_G_D",2.09192735959794e-06,-5.07132062340166e-05,1.58421680667212e-06,1.52516943453248e-06,-1.4890637920678e-06,-3.60625460574886e-09,1.20626876152798e-07,-2.8871061976547e-07,2.21021543314629e-07,-3.25385618097115e-07,2.40035376145697e-07,-7.39573270806647e-08,-2.35228384442287e-07,3.57626745405673e-07,-4.68771645651807e-07,2.39717999607582e-06,-3.40199313273483e-07,-2.66286141063304e-08,-7.45824708002351e-07,5.45878140828572e-07,-4.58755827834464e-07,-3.38250790315976e-07,-1.01423995080979e-07,-6.4316830757002e-07,-2.3153479186438e-07,-2.18831379741913e-07,-3.46754115157708e-08,-4.84408323176172e-07,-5.26132396398302e-07,-2.55628881057236e-07,-1.66091817735574e-07,-4.05663265389137e-07,-6.09917516503197e-08,-1.24944720020727e-06,-6.39595597621374e-08,5.49227963947157e-08,-5.16254636882875e-08,-2.32316489676946e-08,1.68088062156003e-07,-1.0443511170701e-08,1.72956121346999e-06,-1.43733248313903e-05,-2.68728171230756e-05,-8.15815473108982e-06,-1.22427970614473e-05,3.35316984772976e-06,-3.50355860580856e-05,1.17220219873136e-05,-2.13493019354013e-05,5.02634631097915e-05,-2.3790743428382e-06,3.34434578332636e-06,1.23215088334933e-05,1.42580389777149e-05,8.00621832797659e-07,-2.29722665381326e-06,-4.0243580116153e-06,-2.07988586336662e-08,-4.80944009774376e-09,-2.05622203073893e-08,-1.36557665767138e-08,-2.79603519516045e-08,1.37359351332405e-09,1.93710197035612e-08,-7.10804627404941e-09,-9.8081989517302e-09,-4.67966339950588e-09,5.40558976666579e-06,4.47657608726014e-05,-2.20009300005892e-05,6.04203736065446e-06,-1.14915890042621e-05,4.2037900176875e-06,-1.97283471816849e-06,7.09196745881169e-05,-4.36378160159474e-05,2.45066964786757e-05,-6.26307713550094e-09,0.000456444271203282,-9.06649968961707e-05,4.76357074193187e-05,-0.000387118870077565,5.95896176168337e-06,5.15458171160054e-06,2.06298635210856e-06
"north_west","p_G_D_2",3.49353365666576e-07,2.33212536946423e-05,2.34099405838831e-07,-2.71978793054682e-06,-2.51939238459205e-07,5.83946375878259e-08,8.12545522075185e-08,-8.19373881186189e-08,8.35276928629739e-08,1.53547204368796e-07,-1.08341399844323e-07,-4.75346739143207e-08,-4.43789208241475e-08,-2.75667462249031e-08,-2.07878646863706e-09,-1.08362672989806e-07,-1.11993789164386e-07,6.69995094010486e-08,-3.58678777477079e-07,1.99533759030166e-07,-1.12742965600705e-07,2.92523548692728e-08,-1.64819992867631e-07,-1.89941476227108e-08,-4.01491538137939e-08,-2.05024303903612e-07,3.6314827697654e-08,5.12438726197686e-08,-2.51251640458531e-07,-1.04529787409296e-07,-1.64051648502141e-07,7.82954297843488e-08,-2.45603505907809e-07,2.87556869050747e-07,-4.96194480709396e-08,1.64304790352205e-07,-1.54348492591692e-07,2.09298293966974e-07,-3.38345650765761e-07,1.33636734539082e-07,5.52381731145861e-06,4.07895966931734e-06,7.39843097584815e-05,5.8761648403597e-05,4.99012748211143e-05,-3.78052353022606e-05,-2.05252687700694e-05,-2.57947882866929e-06,-5.42502118998387e-06,-2.3790743428382e-06,1.4416188047116e-05,-2.88194014136223e-06,-1.4613767358773e-05,-9.31296956817155e-07,-1.62449192385346e-06,1.4548771333637e-06,-4.09219740801788e-06,-1.62108154240599e-09,-9.83541223354369e-09,1.76572779821205e-08,-9.33253512070295e-09,-1.94039146532841e-08,-9.77967383545756e-09,-2.95762075028745e-09,-5.87254147241445e-09,-1.83797009775874e-09,2.58876512989466e-09,3.93931376534508e-06,-0.000174615084505744,9.65364563281473e-06,-6.16862828853066e-07,1.09291959199203e-05,2.78725930158156e-06,4.320234390795e-06,-2.3491944036622e-05,-1.14614860131612e-05,3.97152384114373e-06,-9.31512032518141e-09,0.000299858774218615,-5.2771615248093e-05,-1.15279847910783e-06,-0.000113909302633972,3.14521384521878e-06,-8.3065048620583e-07,1.92423595180359e-06
"north_west","p_H",-9.76189326866555e-07,5.85256563472376e-06,2.94975317363806e-06,-7.17306948266807e-07,-2.74008292517157e-07,-8.96390917974916e-07,-2.24376813482622e-07,-2.42987796193264e-07,-1.19848555279489e-06,1.57203760287883e-07,-7.49805711213818e-07,-4.97668761298126e-07,-5.29159461936675e-07,-6.66414706377362e-07,-5.26711713336846e-07,-9.36858411355617e-07,-9.81385638775382e-07,-4.42321223633116e-07,-1.09868935413191e-06,-4.75266787006212e-07,-8.87299402384933e-07,-9.97825373067955e-07,-1.23245595298279e-06,-1.25962186023033e-06,-1.40819857083075e-06,-1.76927365182049e-06,1.98281024456689e-07,-1.37247970904641e-06,-1.72477108181204e-06,-9.22861778795784e-07,-9.42178594940244e-07,-6.48234066046284e-07,-7.2628015177747e-07,-1.93705751367926e-06,-4.6498585560486e-07,2.70175162366026e-08,-8.21942739956088e-07,1.07406590087912e-07,-7.09506460550465e-07,-3.5618457917386e-07,-2.28611777035727e-05,-3.61975814550832e-05,6.24802657521958e-06,-1.73039668915108e-05,7.99593671827832e-06,-1.20919697375802e-05,1.80690414120159e-05,-0.000119720848692719,2.3425124732541e-05,3.34434578332636e-06,-2.88194014136223e-06,7.15781006848664e-05,3.60178949243999e-05,2.80485867646866e-06,-2.6511334805959e-06,-7.1953115423336e-06,-1.45135534172777e-05,-7.64329331598335e-08,-9.9630510643717e-08,-1.56315024123047e-07,-9.55404210873848e-08,-2.69889897964711e-07,-7.37088291563189e-08,-6.37921568069903e-08,-6.54501744675165e-08,-5.01882129977403e-08,-1.5579026668028e-07,-1.44458890615898e-05,1.54150648199912e-05,1.61735314799182e-05,-1.56725492165936e-05,-0.000122858014384907,4.15620712671179e-06,2.7032649502215e-05,6.04275351466964e-05,-2.07610941990364e-05,-2.47369401824434e-06,-1.05888432620751e-07,0.000606011154468116,3.65386421379458e-05,-3.43661981048014e-05,0.000432998041620403,1.91880763064473e-06,5.0574812916593e-06,1.61950694897005e-05
"north_west","p_H_2",-6.01574334703053e-06,-1.89933667057661e-05,-1.17661594180911e-05,-5.50152088241042e-06,2.07806023977685e-06,3.88984930241614e-07,-4.64006764110851e-07,-1.28491588552911e-06,4.05373867506217e-07,-2.33272926942683e-06,7.11368885726852e-07,-7.20211347799787e-07,-1.84165659042813e-07,-1.40483206291593e-06,1.4451836418744e-07,4.25823464218809e-06,-1.56189872146256e-06,3.02232256982542e-07,-1.1945572253935e-06,-4.09215911451148e-07,-7.65901010604494e-07,-7.14668262198079e-07,-1.60509895099139e-07,-1.55096472512774e-06,-1.4096619719057e-06,9.48351693012287e-07,-1.69898188780582e-07,-3.97161355796875e-06,7.72782666860944e-08,-4.47738788677502e-07,-2.02457724985706e-06,1.34574320854914e-06,-1.63278609423621e-06,-2.61272925358973e-06,-2.99979468538784e-07,-1.6364454674234e-07,3.44047770756157e-07,-7.45767184090736e-07,4.7544635294302e-07,-2.03623604722604e-06,3.70871026474091e-05,-1.42910205904742e-05,-5.199170800053e-05,-5.17935951951362e-05,-0.00010337462823381,0.00010367865534714,3.81708475357994e-05,-3.40905724307788e-06,-0.000132086724321048,1.23215088334933e-05,-1.4613767358773e-05,3.60178949243999e-05,0.000711745990539269,3.23845497886481e-05,3.10632794478312e-05,-2.34612136690708e-06,3.99300844177139e-05,-9.72361275953586e-08,-4.17178096715819e-08,-1.55678739899631e-07,-1.22221190608018e-07,-4.58333200444424e-07,1.47741028030436e-08,-2.12672458825898e-07,-1.33959454813007e-07,-7.06034609476781e-08,-2.93039117422306e-08,-8.61235539159383e-05,0.000111289434765321,1.33777773007876e-05,-6.74226185133525e-06,-9.30739490735422e-05,-4.39630795906956e-05,-0.000446646330345978,-5.82817010487199e-05,-2.53739612163916e-05,-8.4748786439234e-05,2.62224802206013e-07,0.000604775282411438,-0.000341407724082174,0.000899563547613443,0.00132217599738681,1.06446401885486e-05,-3.26941942267381e-06,2.10851575844378e-05
"north_west","p_H_D",-3.61753395612546e-06,6.74414937123912e-06,-1.93384416336459e-07,-1.62214350411969e-05,1.20106012402957e-06,-1.02303534689477e-06,1.83328695122634e-07,-3.50193917790607e-07,-4.58211272150047e-07,-3.88594595404722e-08,-7.63720680285193e-07,-3.35455249549472e-07,-2.26888016944748e-07,-3.77718123097874e-07,-3.34449252700619e-07,-9.90957411060673e-07,-3.18904407007511e-07,-5.29725963739027e-07,2.63300593058671e-07,-1.5873490296875e-06,2.50972820932501e-07,-9.1260799044112e-07,-9.4370093216533e-08,-7.897141837958e-07,-3.57804293334415e-08,-7.48503671514075e-07,3.57875300504366e-07,-6.63318588273292e-07,-3.0605596926247e-07,-1.28381350319671e-06,-4.34094417919744e-08,-1.03624156302911e-06,-4.37148761172925e-07,-3.55090600635046e-07,-4.04999213287695e-07,7.32286199234328e-07,-9.25678987945158e-07,-2.87017060595949e-09,-1.35319776062554e-06,4.71176423471653e-07,-0.000124432135494238,-0.000140878419666294,-0.000134274181825724,-0.000134311509854947,-9.74066730669431e-05,3.22948023532425e-05,-4.0701861335124e-06,-0.000111759678912118,-3.57466489908852e-05,1.42580389777149e-05,-9.31296956817155e-07,2.80485867646866e-06,3.23845497886481e-05,0.000195011532185026,-5.34887931452157e-06,8.62235951501039e-06,8.67031002245062e-06,5.95920388818397e-08,3.20591642507014e-08,-1.14306943543284e-07,-2.7620607718233e-09,-1.33680037660249e-07,3.14097045561375e-08,1.6529557797506e-08,-2.12749641559768e-08,9.17678370507714e-09,-3.6303938688582e-08,1.41020189353918e-05,1.19529585656964e-05,4.855771844029e-06,-3.12563764312506e-05,-1.43991101447888e-06,7.25449469765619e-06,-1.14590778634536e-05,5.13403101703898e-06,-0.000228239612838198,-5.84537549913747e-05,-3.52066397870661e-08,4.63837478849167e-05,0.000378160567948319,4.99087290335054e-05,0.000950032314574826,4.21433401458598e-06,7.36671592631409e-06,5.08945342262693e-06
"north_west","p_ICU",-6.65157217603865e-07,1.24125050064647e-06,-6.25893725161808e-06,-2.16705580636909e-06,-3.10487510369233e-06,5.25390863708127e-07,-6.06900114011188e-07,-3.9196058153536e-07,2.35541617158766e-07,-8.25325701824743e-07,6.70593264425719e-08,-7.74537770378516e-08,4.47096002378993e-08,1.36301115990698e-07,-2.71589691950053e-07,7.26070733429845e-07,9.92873016328623e-08,-7.70346391441937e-08,2.66213934055492e-07,-4.42151866091817e-07,-3.01167876934069e-08,-1.28685095419706e-07,-2.67546039503705e-08,-6.57835832422254e-07,6.100922335291e-08,-1.58150939210809e-08,-8.06432064299038e-08,-3.58082738051109e-07,-6.14042347203059e-07,-8.79009264973072e-07,-8.74891586844389e-07,1.05988459168689e-06,-2.41749182768262e-06,2.18310272747975e-06,2.02082599955381e-07,-4.77883506035554e-07,8.82876274839679e-07,-1.40433980528421e-06,1.90561613618446e-06,-1.73934929675674e-06,-2.12229017774064e-06,2.99753319577143e-05,-2.12538100457956e-05,-2.58694914028202e-05,-8.16975575166795e-06,9.37854741126872e-05,0.000196577340993034,0.000178725336405269,3.12687267261495e-06,8.00621832797659e-07,-1.62449192385346e-06,-2.6511334805959e-06,3.10632794478312e-05,-5.34887931452157e-06,0.000181405980991897,4.59055258587935e-06,-5.24763420759704e-05,8.68257164369101e-09,2.91636359059535e-08,-4.86877856972596e-08,-2.37699699407435e-08,-9.60150455930032e-08,5.54863742370495e-08,-2.45652690475004e-08,-6.07680980152743e-08,-5.06258451720512e-08,1.82679981810685e-08,-4.72236561094462e-05,4.69627410460174e-06,2.22123714476636e-05,-6.74675675413813e-06,5.81366339441804e-05,-3.67436339981367e-05,-3.78947231155332e-05,0.000232659554245017,-4.32118235951988e-05,-0.000137255895171564,2.35276962010312e-07,-0.00130329905105251,5.05167469456602e-05,0.000256814706282461,-0.000781019666562502,-1.05934954479924e-05,5.23879450466427e-06,2.31955907222988e-05
"north_west","p_ICU_2",-1.29903220137779e-06,7.77028039491055e-06,-1.64222905663242e-06,-1.71983574471035e-05,1.08928879481145e-06,1.80312581807473e-07,-7.29795674972457e-08,-3.88757593302089e-07,5.28870140514244e-07,-1.37708806361775e-08,-1.64215274046423e-07,-1.62404719253403e-07,2.02903674587125e-07,-7.79208111006949e-07,3.8945876444279e-07,1.49193944892833e-06,-2.85327794513785e-07,4.09031409935556e-07,-1.07162519916712e-06,8.81484201598652e-07,-3.82763997918111e-07,5.78085276440582e-07,-5.44534404531328e-07,6.65759357572783e-07,-1.55837390840749e-07,-1.39642648420721e-07,-2.21503540529817e-07,2.12562310025322e-07,2.52742272995408e-07,-3.02937336944206e-07,5.41227469094042e-07,-7.46324385344204e-07,1.464449118601e-06,-3.48649830709253e-06,1.31264621866723e-07,1.84482146046008e-07,-3.00728430067697e-07,-3.740930453735e-07,7.19458986199676e-07,-3.63792453665499e-07,-3.81589514013126e-06,-6.91922887537382e-06,-7.02029427121953e-06,1.60814032560043e-05,8.03051639609183e-06,4.24826100025742e-05,-3.74896498393978e-05,1.41459748383455e-05,6.34892625634193e-06,-2.29722665381326e-06,1.4548771333637e-06,-7.1953115423336e-06,-2.34612136690708e-06,8.62235951501039e-06,4.59055258587935e-06,5.55860279254549e-05,-3.40243856072487e-05,3.21132827053332e-08,2.81396345411852e-08,1.41554927486314e-08,1.88875633178563e-09,-6.2310135029516e-09,2.48464345166101e-08,-2.24396709911145e-08,2.06792887702407e-08,5.44955336753779e-10,5.00985441190887e-08,3.11770326020521e-05,-3.37341158290552e-05,-1.31442049344556e-05,-1.21540482729064e-05,-1.43408366403821e-05,2.26821903835284e-05,-5.69729549635506e-06,-0.000541579842383763,-4.45182317932313e-05,-7.29884141144906e-06,-3.71994996818766e-08,0.000401182882770506,-2.4227276454942e-06,5.13883373529722e-06,0.000407561455166569,3.68841618726782e-06,-2.32121179742872e-06,-3.24309282015213e-06
"north_west","p_ICU_D",3.64930851398387e-06,-8.11876536758842e-06,-1.9776028623719e-06,1.44080504436944e-05,6.57301525537668e-06,2.94068011442219e-07,3.85115213423237e-07,9.62471187249177e-07,-1.10664386690832e-06,9.96748514969089e-07,-5.21438060910689e-07,-4.14299734194797e-07,1.30709417070616e-07,-1.43275791840084e-06,9.11736663289571e-07,-1.20005943233756e-07,-1.7765049332156e-06,-5.70023568361286e-08,-5.29247112802248e-07,-6.27885362688645e-07,-5.8575614496876e-07,-8.26075278634801e-07,-1.02369359921496e-06,3.49668708069303e-07,-1.00442262353855e-06,-1.13999184790981e-06,-6.58645593934464e-07,-1.20634085996378e-06,-4.17816527247311e-07,-2.37164824736975e-06,3.76542338820519e-07,-3.65711964294906e-06,6.0378156531995e-07,-4.61358224080275e-06,1.21491099894885e-06,-9.30332755950125e-07,-1.58026198877522e-06,1.61151269117819e-06,-4.2716830157498e-07,-6.02383240894119e-07,-3.18460540091055e-05,-3.97496173055735e-05,-1.80980707365657e-07,-6.45725217981751e-05,-3.05183235186545e-05,-7.06677449893763e-05,-4.65213263492388e-05,-7.754372378261e-05,-9.82351816259536e-05,-4.0243580116153e-06,-4.09219740801788e-06,-1.45135534172777e-05,3.99300844177139e-05,8.67031002245062e-06,-5.24763420759704e-05,-3.40243856072487e-05,0.00073096385068464,-2.71636948687993e-09,1.00940587837181e-07,7.09055179357971e-08,8.26536626936244e-08,1.54476653582748e-07,1.18439672875379e-08,1.30631796836819e-07,3.4607720755326e-08,6.19857899723897e-08,3.02870959336051e-07,-3.35882481634951e-05,-3.12138538625228e-05,3.33778737269768e-05,-4.39619507211178e-05,-8.10472054969635e-05,6.32783450919115e-05,-4.57413978047064e-06,0.000308389109929225,-6.64105067274241e-05,-5.70870536068077e-05,-1.66811990019447e-07,0.00139763308363722,0.000400975829936655,0.000402729549818596,0.00211850455747666,2.30338674913736e-05,1.67632037410824e-05,6.59089417420954e-06
"north_west","p_NC_15_24",-4.96473020878433e-09,3.89795016130202e-08,-7.10309036335071e-09,-3.75254325557425e-08,1.31434813525541e-08,3.10490389859633e-10,1.19605649849649e-09,1.18911083970698e-09,6.97467772915513e-10,1.97865418532605e-10,2.25315597073966e-09,3.47576822398048e-10,1.45115269632051e-09,-2.13996484001881e-11,2.05330291749169e-09,-1.28829748388313e-08,3.55742672124926e-10,4.73443020565817e-10,2.68395345620189e-09,-7.04401164760383e-12,2.19019057743247e-09,1.55885399242324e-09,4.01710526250484e-09,9.44141842771318e-10,5.26397668340437e-09,3.78155686925585e-09,9.80320044409755e-10,4.05246891188248e-09,5.14822019053985e-09,1.27549029626925e-09,2.88230901976792e-09,-1.96741132165142e-09,6.39091719139555e-09,-2.73949519602937e-09,-2.74810082326094e-10,6.40971393324589e-10,4.68739753697453e-10,5.14421551929811e-10,-2.81037516264957e-10,4.19611510069704e-11,-3.98103434932357e-08,-7.10116690367084e-08,-9.8891674450628e-08,-1.95046491745663e-07,-5.39064397651767e-08,-1.93107261112382e-07,1.41686629378845e-08,-4.47950388227832e-08,-8.66984872082897e-08,-2.07988586336662e-08,-1.62108154240599e-09,-7.64329331598335e-08,-9.72361275953586e-08,5.95920388818397e-08,8.68257164369101e-09,3.21132827053332e-08,-2.71636948687993e-09,1.47982312349212e-09,6.85275822049293e-10,6.55350644060924e-10,4.6119212376151e-10,9.16690504289083e-10,3.50790378091276e-10,3.26405551034867e-10,4.29601690177022e-10,2.54347534679855e-10,4.66338235316734e-10,8.1447682513552e-08,6.59531304510784e-08,8.06703050833341e-08,-1.10136141116127e-07,-1.10948201748223e-07,1.34334638254455e-07,1.34844441150787e-08,-2.10877378190199e-07,-4.86544369743808e-07,-1.99220285364599e-07,-2.27298630575703e-10,-5.52899981189101e-08,7.96302561862707e-07,6.50623995219566e-07,3.68709577815717e-06,1.52487460330058e-08,2.33128091938917e-08,-5.65509674341524e-08
"north_west","p_NC_25_49",-2.19403230458285e-09,-1.20211260405236e-08,-9.23381035764142e-09,-2.76661231963565e-08,-1.27801753847929e-09,5.83158350740022e-10,2.54366059684547e-09,-1.32689525025316e-09,4.70097212746913e-09,-2.04171861132345e-09,2.34670665943347e-09,1.09418126177997e-09,-7.99100129804037e-10,1.27567308229054e-09,1.83262972257414e-09,1.27712100993059e-08,-1.79273140891431e-09,1.15670678093766e-09,-2.04073458167192e-10,2.50542426451908e-09,-2.2315587538199e-10,3.97739735041638e-09,1.8724588424801e-09,5.28944310263801e-09,2.90185503301522e-09,6.23395448197756e-09,-9.24383223286658e-10,3.92295925124737e-09,8.32627170034552e-09,1.41470467108589e-09,2.82507472263532e-09,3.13982857533554e-10,5.40909598561771e-09,3.01390355956595e-09,8.23623022452042e-10,7.72909221479414e-10,2.35614360415254e-09,-3.61025128242003e-09,4.27737962351384e-09,2.55570881562567e-10,-2.26039026933924e-08,-8.78776497947823e-08,-7.49331755241644e-08,-1.06466211167416e-07,-8.75844110111616e-08,-1.23553260153236e-07,-3.09488865223323e-07,3.9732459652248e-08,3.41130640467899e-08,-4.80944009774376e-09,-9.83541223354369e-09,-9.9630510643717e-08,-4.17178096715819e-08,3.20591642507014e-08,2.91636359059535e-08,2.81396345411852e-08,1.00940587837181e-07,6.85275822049293e-10,2.85969973132634e-09,8.43833254057433e-10,6.54836774774532e-10,1.62942105145504e-09,5.18073977326441e-10,5.99211700395997e-10,7.79539415689301e-10,2.86469024183932e-10,9.36842594519896e-10,2.81957615036439e-07,1.37868772589966e-07,-4.90100064028437e-08,-2.5039468854161e-08,-6.90786341681636e-08,-4.58864598650987e-08,6.52124645223664e-08,-1.0118733461468e-07,-2.57348159702262e-07,-1.07362420874059e-07,-1.46371994768327e-10,6.52333632278423e-06,-4.03195481017141e-07,6.20837425790099e-07,-3.80103090709106e-07,8.03099835117408e-08,1.61558461213704e-08,-1.07553978530804e-07
"north_west","p_NC_50_64",3.43893190869391e-09,4.77768745830379e-08,-4.60408704541799e-09,3.49191601763348e-08,-9.15309783027777e-09,3.22633361399902e-09,1.90566555184476e-10,1.60371952593566e-09,3.02297051477446e-09,4.96344943420503e-09,-8.69753739090708e-10,2.37782755224097e-09,1.74193644965846e-09,6.19090286434193e-09,2.70624851960477e-09,3.46759619623157e-09,1.73496220688363e-09,4.39711975191842e-09,1.23036054640575e-09,6.41940656898563e-09,2.99026631820827e-09,5.98749512012807e-09,6.88250351061872e-09,6.5033212650154e-09,8.90560102128829e-09,1.03336027518726e-08,1.12560877849307e-10,8.02798896876747e-09,1.24394659579782e-08,1.28826503599637e-08,4.87401414867953e-09,5.16876220160991e-09,1.33446870037184e-08,9.43767046057209e-10,1.56595698022417e-10,1.71949846576804e-09,-2.87844282912563e-10,1.83040294420051e-09,2.88911167905514e-09,-5.76200937644272e-10,3.22848320003182e-08,2.49576998357643e-08,9.34626079557086e-08,2.40225696825733e-07,1.49974801580218e-07,-4.86400883822608e-10,-8.18951301751105e-08,1.79746248716049e-07,1.09656830779486e-07,-2.05622203073893e-08,1.76572779821205e-08,-1.56315024123047e-07,-1.55678739899631e-07,-1.14306943543284e-07,-4.86877856972596e-08,1.41554927486314e-08,7.09055179357971e-08,6.55350644060924e-10,8.43833254057433e-10,3.26959478243068e-09,6.21213839096776e-10,2.70423006352224e-09,4.65569691549534e-10,4.60724629390421e-10,6.77403825789373e-10,2.59455523541578e-10,1.07698047693699e-09,3.42112513512585e-07,-9.00483198954641e-08,-1.79683873830858e-07,2.0956209889582e-08,2.7338917889245e-08,-1.54434493231176e-09,4.17273594458776e-09,-4.22454035975408e-07,4.4855797489223e-07,2.89203577548216e-07,-9.23194978866529e-11,-2.52750692822728e-06,-1.72926655776644e-06,-2.67280396885964e-07,-4.52352886946131e-06,-1.63648001989057e-08,-1.06453834139435e-08,-1.72760580765744e-07
"north_west","p_NC_65_79",-5.91278576037654e-09,-1.80061283908499e-08,-1.3942594705542e-09,3.32327133119545e-09,5.49629304916163e-09,1.82525651155193e-09,-1.88506121432475e-09,3.35494618845212e-09,-8.20850240327775e-10,4.42724454783368e-09,5.95624672153814e-10,1.42327558946378e-09,8.03839939353567e-10,2.57812659117132e-09,2.36497200475546e-09,-1.07229854412067e-09,9.00400605113401e-10,9.42799738216692e-10,4.2238971497615e-09,1.72888249386894e-11,2.62815805215236e-09,2.90853568960349e-09,3.53463934592392e-09,4.78638097664566e-09,6.15296125091646e-09,3.45439051755969e-09,5.1725975761563e-11,5.92208804376938e-09,6.20596007664468e-09,5.07223524672138e-09,2.82203239022984e-09,2.21798208234372e-09,6.10372976881865e-09,4.70592014758655e-09,5.66170499131071e-10,-6.4481072141473e-11,3.10353897762544e-09,-2.13208157095958e-09,2.98952024943329e-09,-7.68344299938527e-10,-2.09753148928213e-08,1.08442700661074e-08,-8.52465965685412e-08,-9.73048616173835e-08,-1.89128575357195e-08,-4.94340700841683e-08,-2.01379661234065e-08,-1.89800813856472e-07,-1.99666176430407e-08,-1.36557665767138e-08,-9.33253512070295e-09,-9.55404210873848e-08,-1.22221190608018e-07,-2.7620607718233e-09,-2.37699699407435e-08,1.88875633178563e-09,8.26536626936244e-08,4.6119212376151e-10,6.54836774774532e-10,6.21213839096776e-10,1.29943653033967e-09,1.43268793590469e-09,3.98538394838086e-10,3.46461294267647e-10,4.22984903248721e-10,2.6634202713385e-10,8.0275544212458e-10,1.82664750380081e-07,7.51487288832295e-08,3.45976830007044e-08,-5.66608965618693e-08,1.4761431521635e-08,-1.357435493763e-08,5.63988544253117e-08,1.37401069624851e-07,-3.1573227685346e-07,-1.47612120316517e-07,-3.54302653192057e-10,-4.51179943776145e-07,2.54951591855349e-07,-4.66935477767747e-07,1.17329616814422e-06,2.25748934139837e-09,1.00071974446695e-08,-9.99647192991622e-08
"north_west","p_NC_80_plus",2.44342002250562e-08,-9.59108500794172e-08,-8.1777457530009e-09,9.69133017758776e-08,-1.05715590442321e-08,1.99294391878598e-09,4.15289806112055e-09,-1.14196640343544e-09,7.58827446892903e-09,4.78475948745553e-09,-1.93999025921167e-09,3.8416445368677e-09,3.3237558470835e-09,6.1711172372006e-09,7.05507238988216e-09,-2.65093673838926e-08,5.42664361458235e-09,7.86431771900394e-09,8.44678076879585e-09,4.64506666515158e-09,7.96662746283138e-09,1.51886385744855e-08,9.85819362920576e-09,1.8485198792367e-08,2.04114504818247e-08,1.68433303102844e-08,2.54886715151596e-09,2.15629255848456e-08,2.15060250651246e-08,2.76289845640202e-08,7.6954965739476e-09,8.76577653394298e-09,2.27334516573754e-08,1.73542883553576e-08,-9.76564166449021e-10,3.21571128209166e-09,4.20825417526587e-09,-2.41846477225329e-09,5.41509678927025e-09,5.38079012384928e-09,2.50737724049923e-07,2.27058959425141e-08,-9.04639692991918e-08,-6.34956536663554e-09,1.16438052217002e-07,-3.7992536842396e-08,9.27302764601932e-08,-1.16840205975942e-07,-2.63056316501848e-08,-2.79603519516045e-08,-1.94039146532841e-08,-2.69889897964711e-07,-4.58333200444424e-07,-1.33680037660249e-07,-9.60150455930032e-08,-6.2310135029516e-09,1.54476653582748e-07,9.16690504289083e-10,1.62942105145504e-09,2.70423006352224e-09,1.43268793590469e-09,1.49079819215541e-08,1.26375243149513e-09,1.212696057795e-09,8.68126098450868e-10,5.79300903663904e-10,1.65604602281632e-09,-1.13296532194926e-07,5.0269785549739e-07,-1.55584601726392e-07,-1.31153331136542e-07,1.99424364707952e-07,-2.22612871889821e-07,3.58427871341247e-07,-2.98860313727165e-07,3.40786366596753e-07,1.10294094500515e-07,-1.08328725029812e-09,-7.21338426272283e-06,-2.99661091674729e-06,-1.01316290550584e-06,-7.19700437703027e-06,-2.99847005489708e-08,-1.00124114035773e-07,-2.92289144360184e-07
"north_west","p_NC_weekend_15_24",-6.64294001368818e-10,-5.22554287153472e-08,-1.11989787297663e-08,3.22476129370985e-08,3.838016735026e-09,9.77449372511354e-10,1.18070504145748e-09,-3.63053334954437e-11,1.25806847937962e-09,-8.94893064921601e-11,2.39248405500998e-09,2.71176749864479e-10,6.8475664139648e-10,-2.93766619903253e-10,2.24625103493923e-09,-6.10437134994012e-09,-1.63494448590026e-09,1.8658598776297e-09,9.6610393112494e-10,-1.14079279271057e-09,8.28438056283841e-10,2.17204640936861e-09,1.75869199740805e-09,1.81992879664026e-09,2.27799531769448e-09,3.94367940435948e-09,2.35748449636563e-10,2.71215959770264e-09,3.34045881893767e-09,3.32295538112714e-09,1.8953479656429e-11,2.36843708297692e-09,3.72884422351559e-09,-1.6575305318442e-09,3.15850517447706e-10,-2.52388792501622e-10,1.91094582528943e-09,-2.05869286788132e-09,3.31892389984756e-09,-1.07026650140845e-09,1.20855091155032e-08,1.19119833959871e-08,-1.16141991237994e-07,-2.89535361733917e-08,-3.10342295334384e-08,6.81798729069171e-08,-1.94455496470714e-07,1.61974032482596e-07,-6.81629402751724e-08,1.37359351332405e-09,-9.77967383545756e-09,-7.37088291563189e-08,1.47741028030436e-08,3.14097045561375e-08,5.54863742370495e-08,2.48464345166101e-08,1.18439672875379e-08,3.50790378091276e-10,5.18073977326441e-10,4.65569691549534e-10,3.98538394838086e-10,1.26375243149513e-09,1.31155102725427e-09,2.69576724001817e-10,2.36213317384422e-10,7.80713156285612e-11,8.12821817467617e-10,4.81961084926595e-08,1.56839322390264e-07,-5.87145742136755e-08,-3.09310232597837e-08,1.17688040672709e-08,-1.9052066524058e-08,-3.54195191435484e-08,-1.31772530195463e-07,-1.24854292594812e-07,-1.01924341441248e-07,-6.17789261574843e-11,1.1160821402204e-06,-3.18651717517024e-07,2.77872089291699e-07,6.93553092772256e-07,1.89503220359422e-08,9.11814339640146e-09,-5.16032693884521e-08
"north_west","p_NC_weekend_25_49",5.75881289880437e-09,2.80893437956618e-10,6.8202964381673e-09,2.81063404250268e-08,-6.43525029884367e-09,3.43537253466176e-10,3.63363636466046e-11,4.75299636157015e-10,1.90660395078211e-09,-1.51386515008615e-09,3.45531221665429e-09,9.77063494155444e-10,9.53627420649225e-10,2.67242343328739e-09,2.03525685454058e-09,5.67845714885502e-09,8.08292050617182e-10,1.61400716271719e-09,-9.91977760748205e-10,5.69451604965042e-09,1.34909931248066e-09,2.43835988833525e-09,3.79006255039847e-09,3.11471381322837e-09,5.84025846799167e-09,4.1367989576315e-09,-4.81715599471382e-10,5.10551152771458e-09,5.47108338046131e-09,4.91011441358812e-09,4.47860493448385e-09,1.50500653673954e-09,5.1617176982135e-09,5.84174937105316e-09,4.69748692223871e-10,-1.31897749670023e-10,2.43210815289776e-09,-3.52967154708106e-10,-1.97135506885936e-10,8.19736213433292e-10,-3.48665746143541e-08,-2.99113497637394e-08,-1.46059355320358e-08,-9.04640785643811e-08,-5.97574031857087e-08,-2.5093009852115e-07,2.81885533388252e-07,-3.56627170575345e-07,7.68940871563259e-08,1.93710197035612e-08,-2.95762075028745e-09,-6.37921568069903e-08,-2.12672458825898e-07,1.6529557797506e-08,-2.45652690475004e-08,-2.24396709911145e-08,1.30631796836819e-07,3.26405551034867e-10,5.99211700395997e-10,4.60724629390421e-10,3.46461294267647e-10,1.212696057795e-09,2.69576724001817e-10,1.46791805906846e-09,2.93356861540854e-10,2.19782734786212e-10,3.20145508693162e-10,-8.07346803350586e-09,-1.75637099936822e-08,6.46241015453353e-08,1.79709241018401e-09,4.06037472166186e-08,-4.60001200144352e-08,1.32128751676917e-07,2.16170720065183e-07,-5.29790266874588e-09,1.37463730073526e-07,-1.80673021729408e-10,-2.52198796701867e-06,-1.5350922652035e-07,-9.73736666228983e-07,-2.40723973550615e-06,-2.15831151581146e-08,1.03862852470159e-08,-9.86111488866786e-08
"north_west","p_NC_weekend_50_64",-6.04553137806137e-09,2.20674579440296e-08,2.08824461849163e-09,-1.16582454311154e-08,4.57196974265832e-09,1.85130072301354e-09,9.538656156443e-11,4.99720463295997e-10,1.74083628361991e-09,3.7019360491888e-10,3.64638481453889e-10,1.09089277034146e-09,7.2617142371286e-10,2.08289141019846e-09,8.31278233324431e-10,-5.68978270695701e-09,-9.69582267347577e-11,7.95749195579281e-10,-8.161521070651e-10,2.1077686039903e-09,8.06314209701751e-10,1.80227814007986e-09,1.44032462477035e-09,2.32139707906381e-09,3.636038071854e-09,2.62259822019846e-09,-1.04241585717541e-10,2.41465410207661e-09,5.63261859849876e-09,6.89926146863628e-10,2.97694172583546e-09,-3.81760879691421e-10,5.22987997694252e-09,8.16468319363553e-11,1.09832081784908e-09,-1.35721504556586e-09,1.5246038691028e-09,-6.39633632600743e-10,1.58883668368052e-09,1.29676115295236e-10,-2.19892065595612e-08,-5.08177359264533e-08,-4.53419633982362e-08,-6.27499787581761e-08,-7.96550479407135e-08,-1.40705024682527e-07,-1.93647304432205e-07,1.91055784417002e-07,4.67045946077763e-08,-7.10804627404941e-09,-5.87254147241445e-09,-6.54501744675165e-08,-1.33959454813007e-07,-2.12749641559768e-08,-6.07680980152743e-08,2.06792887702407e-08,3.4607720755326e-08,4.29601690177022e-10,7.79539415689301e-10,6.77403825789373e-10,4.22984903248721e-10,8.68126098450868e-10,2.36213317384422e-10,2.93356861540854e-10,1.19950672889624e-09,1.81974434818788e-10,4.96399646049697e-10,1.04538770281123e-07,1.14030858910375e-07,5.77230884337756e-09,5.00101828702853e-08,-3.11484314698871e-08,2.80315630293566e-08,5.71455436465553e-08,-2.56799032524236e-07,-1.06552108121807e-07,1.1437477966425e-07,1.15014698377909e-10,-4.74907746030943e-07,2.90152691573336e-07,-9.49179145768904e-08,7.81925382790833e-07,6.93267709392868e-09,3.93724687666094e-08,-8.03057792075732e-08
"north_west","p_NC_weekend_65_79",-2.31688517097339e-09,3.92454021430409e-08,2.61193237518058e-09,7.04808936986e-09,4.6352490281653e-09,9.01179881434351e-10,-7.10582470287158e-10,1.29431354412564e-09,-3.11717344823495e-10,1.96528067205339e-09,1.72155656360243e-10,7.83014568287209e-10,2.80714556329476e-10,1.20409638456398e-09,1.19160501957958e-09,-3.2654381559093e-09,1.18859508903155e-10,7.51928315970006e-10,3.55738119224686e-10,1.126521851448e-09,1.03474217120133e-09,1.1102014487906e-09,1.45088623630109e-09,2.85945096794271e-09,1.27958521934204e-09,3.14748245424407e-09,-5.52756397532649e-11,2.08321505485818e-09,3.59042842367848e-09,1.18703724747499e-09,2.90934395841098e-09,-8.6697717013525e-10,5.37214522658008e-09,-2.45944236820475e-09,4.19268264685438e-10,7.91190601234288e-11,4.01623018344945e-10,-8.96883377457417e-10,1.83320442740748e-09,-5.92225280015486e-10,-3.54662728299784e-09,-1.60496558542681e-08,-2.1707962180218e-08,-3.2383441128796e-08,-2.45272609108248e-08,-1.86701148997962e-07,-1.31228356453827e-07,5.96820039395704e-08,-8.07317530513412e-08,-9.8081989517302e-09,-1.83797009775874e-09,-5.01882129977403e-08,-7.06034609476781e-08,9.17678370507714e-09,-5.06258451720512e-08,5.44955336753779e-10,6.19857899723897e-08,2.54347534679855e-10,2.86469024183932e-10,2.59455523541578e-10,2.6634202713385e-10,5.79300903663904e-10,7.80713156285612e-11,2.19782734786212e-10,1.81974434818788e-10,6.61783940931809e-10,3.60975057617689e-10,8.5559379909391e-08,4.01207652533783e-08,-1.68173559307327e-08,5.17670372517043e-09,-4.22296298101236e-08,3.74490470231198e-08,2.73747135649889e-08,-1.06768075139454e-07,1.93980871437044e-08,1.24291672593059e-08,-1.63602169612594e-11,-1.25967677066391e-07,4.97494663913521e-07,-1.87919761214874e-07,1.17862700009963e-06,2.53134188066805e-09,1.12020929716183e-08,-5.3663293691685e-08
"north_west","p_NC_weekend_80_plus",-7.84483137298994e-10,3.05386777729229e-08,-3.84584936780105e-08,1.94869144540662e-09,2.62126040947002e-09,6.01967438059538e-09,-3.20881904948311e-09,1.15576291815114e-10,4.46682034996432e-09,2.73576868311583e-10,-4.29099138845293e-09,1.16608376970884e-09,1.70476304288802e-09,-7.13140124287935e-11,4.73628945558677e-09,2.2283846816273e-08,-3.20844644154849e-09,7.00199217265199e-09,-3.3543951578462e-09,2.54044743048678e-09,7.84047214630265e-10,6.2584298835526e-09,2.10206472341228e-09,7.55795266327189e-09,1.4686572787417e-09,1.01680301659399e-08,-2.70062538975413e-09,4.19258917446114e-09,1.08051274560913e-08,3.34724518166008e-09,7.2074185560911e-09,-2.39954452406541e-09,1.18834445559062e-08,-4.5060843098725e-09,1.57239939968337e-09,2.91209454603481e-09,-4.40061243504711e-09,1.02175203063195e-09,3.43474361502575e-09,-2.42273882204125e-09,1.13570164822072e-08,4.06514594928928e-09,1.46104515379899e-07,1.26077901157042e-07,2.22900141514735e-07,8.31349020196349e-08,-3.19310841402647e-07,-1.384560417859e-07,2.31718123491018e-07,-4.67966339950588e-09,2.58876512989466e-09,-1.5579026668028e-07,-2.93039117422306e-08,-3.6303938688582e-08,1.82679981810685e-08,5.00985441190887e-08,3.02870959336051e-07,4.66338235316734e-10,9.36842594519896e-10,1.07698047693699e-09,8.0275544212458e-10,1.65604602281632e-09,8.12821817467617e-10,3.20145508693162e-10,4.96399646049697e-10,3.60975057617689e-10,6.91154091712687e-09,3.01796033513948e-07,-1.69724871002144e-07,-3.72713182160016e-08,-2.60685747056476e-07,-6.39791278408407e-08,1.08947299116551e-07,-1.09100463794425e-07,-2.71058043448321e-07,-7.70637397202889e-08,-1.89799065832249e-07,2.46359552245114e-10,-1.08868081576893e-06,-1.05309643834102e-07,8.75889143839159e-07,6.08586048505615e-07,2.15684478856965e-08,-4.65303021558872e-09,-1.07647506830649e-07
"north_west","p_W_D",-4.2775980669237e-06,1.27774059110188e-05,-1.1832690879261e-05,-2.11125407479833e-05,6.66904769723296e-08,6.44958696300549e-07,-8.3459100457263e-07,1.55740164308477e-06,-8.08681901599591e-07,2.73607421523328e-06,-5.96361031882921e-07,-6.2181179491193e-08,-2.94179954814937e-07,5.21417965947166e-07,-3.65550900795726e-07,7.69512840290368e-06,-2.96034421262548e-07,-2.54239919953905e-08,2.26705311605081e-07,-4.91233284207144e-07,-8.40421840692467e-07,1.04326982404121e-06,-9.51817331817909e-07,8.48304836400092e-07,-9.29553346035802e-08,-4.59102747710291e-07,-5.47990928881129e-07,2.72490541977318e-07,1.33534822075089e-06,1.30957656842168e-06,1.39596365504926e-06,-4.97096204812619e-07,1.22318243867518e-06,1.19983279171267e-06,1.6436919406642e-07,5.57652220965107e-07,-6.05111660188787e-07,1.98836106517578e-06,-3.00684301964472e-06,7.28150132752284e-07,-1.16843117895604e-05,-5.14860071554106e-05,1.31014066213685e-05,3.65095320832392e-05,8.06151898555977e-06,-6.8741022126809e-06,-3.16252796416356e-07,-0.000244361542465851,-7.33166212559653e-05,5.40558976666579e-06,3.93931376534508e-06,-1.44458890615898e-05,-8.61235539159383e-05,1.41020189353918e-05,-4.72236561094462e-05,3.11770326020521e-05,-3.35882481634951e-05,8.1447682513552e-08,2.81957615036439e-07,3.42112513512585e-07,1.82664750380081e-07,-1.13296532194926e-07,4.81961084926595e-08,-8.07346803350586e-09,1.04538770281123e-07,8.5559379909391e-08,3.01796033513948e-07,0.00190721497178197,-0.000208805159755879,-3.24079623298082e-06,4.86884431635499e-05,-0.000116661025587791,0.000105183604827517,8.3171013782104e-05,-0.000160496299291479,-0.000166646061460511,-9.24672587092775e-05,4.47152003646651e-07,0.00259909126291176,0.000164824528669266,-0.000521138693987452,0.00019185713155539,2.88277065696696e-05,6.02940698851793e-06,-5.6023109136853e-05
"north_west","rel_p_D_alpha",-1.44824577395108e-06,-0.000336950457026785,9.50525421313538e-06,6.87775062900623e-05,-1.55562378560946e-06,-7.98584354520335e-07,1.27868445671201e-06,-9.17906132754113e-07,8.64953948114819e-07,-2.78806730168416e-06,-8.03733322368913e-07,8.86438890458759e-07,2.91823846463713e-08,-2.33292064756987e-07,5.27844202315221e-07,8.45990585081709e-06,4.70246627793655e-07,-7.71300431068939e-07,2.86713380205708e-06,-1.68690568598696e-06,1.98142221399788e-07,-1.97809791643198e-07,1.79566171400775e-06,-1.28163908631852e-06,6.25734090540412e-07,5.55023804816941e-07,-2.27336959596269e-08,-1.85038583689213e-07,2.78234522269804e-06,1.42299550761863e-06,-9.28354038683046e-08,1.02929369292753e-06,2.97888884578517e-06,-8.37382070051581e-06,-5.46248529815245e-07,8.65337229336861e-07,-1.54327168361397e-06,-7.97647752064583e-07,4.22401907069759e-06,-2.66331718256408e-06,-7.41067961208244e-05,3.56953011293401e-06,-0.00159453565381975,-0.000844763401687073,-0.000575341219808428,0.000994643836711451,-6.39867552019053e-05,6.30944352472656e-05,-7.85312236247176e-05,4.47657608726014e-05,-0.000174615084505744,1.54150648199912e-05,0.000111289434765321,1.19529585656964e-05,4.69627410460174e-06,-3.37341158290552e-05,-3.12138538625228e-05,6.59531304510784e-08,1.37868772589966e-07,-9.00483198954641e-08,7.51487288832295e-08,5.0269785549739e-07,1.56839322390264e-07,-1.75637099936822e-08,1.14030858910375e-07,4.01207652533783e-08,-1.69724871002144e-07,-0.000208805159755879,0.0040954941754367,-0.000855870274632142,-0.000138147804087881,-0.000277599929219187,0.000142394331881074,-3.74254095173901e-05,-0.000338705355689077,0.000819346267416293,-9.75689268116706e-05,2.78994296854782e-08,-0.00285327511749111,0.000909844811103673,0.000631843341480905,-1.77713462073821e-05,-2.89009241837617e-05,1.34781743199453e-05,-8.40240175103142e-06
"north_west","rel_p_D_delta",-3.46961588402591e-06,0.000122526121326292,-6.89949948661193e-06,-2.19927484156418e-05,3.96168656591875e-06,6.41403980821442e-07,-1.41638092472522e-06,7.90621560919825e-07,-1.36892539213739e-06,-8.8416920945821e-09,1.631225604185e-06,-2.81793448637995e-07,8.67085565223748e-07,-2.38530328120441e-08,1.20710774418878e-07,-7.91335205112378e-06,3.5797063153053e-07,-6.30973857788775e-07,8.92092771875844e-07,-2.14506451546577e-06,1.20276661917619e-06,-1.14050467883353e-06,-2.97878050421976e-07,-2.95257735220532e-07,9.64642531912119e-07,-1.11708036317046e-06,2.67221078521313e-07,-1.82771985914593e-07,-1.67550637774635e-06,1.51846881766857e-07,-2.45012322390428e-07,-7.37586139698299e-07,-9.40869999918178e-07,2.78842588173357e-06,5.76631160546658e-08,-1.31759300157285e-06,2.44234557206802e-06,-1.56963296773927e-06,8.03600543623897e-07,-1.33292003807114e-06,1.26221859500456e-06,-2.19599130661987e-05,0.000317904535682583,-0.000258018888522951,-9.82771929761724e-05,-0.000222268505655923,0.000575651863586036,-0.000174841466348497,0.000206736857394473,-2.20009300005892e-05,9.65364563281473e-06,1.61735314799182e-05,1.33777773007876e-05,4.855771844029e-06,2.22123714476636e-05,-1.31442049344556e-05,3.33778737269768e-05,8.06703050833341e-08,-4.90100064028437e-08,-1.79683873830858e-07,3.45976830007044e-08,-1.55584601726392e-07,-5.87145742136755e-08,6.46241015453353e-08,5.77230884337756e-09,-1.68173559307327e-08,-3.72713182160016e-08,-3.24079623298082e-06,-0.000855870274632142,0.000761574694178938,-0.000181539636972805,2.12053217416238e-05,-3.84772976019235e-05,-2.43872025550637e-06,0.000645797159276497,-0.000466207095562008,-0.000128543408974992,-4.04664729195004e-08,-0.00260895254179055,0.00100497639065295,-0.000399764448013362,0.00125578502889388,-2.16830008780636e-05,3.09671455615713e-05,-9.06534845790694e-07
"north_west","rel_p_D_omicron",9.83549101265262e-07,-6.1376146068624e-05,1.46140145597299e-06,1.97685059889527e-05,-1.79256613516242e-06,-4.4058272313354e-07,-9.38838506796635e-08,5.77519745987443e-07,1.00773422039732e-06,-1.95698639143939e-06,2.225233095636e-06,-2.73013057441866e-07,-1.39424803973319e-07,6.99835316074767e-07,-7.12204873221776e-07,-5.48216351576873e-06,1.38580826811916e-07,-4.44349339486815e-07,2.26693967430348e-07,2.64688582981294e-07,-3.02990854005008e-07,-2.438275542082e-07,7.22613259591887e-07,-1.16135294865607e-06,7.05495124408213e-07,-1.43573592634765e-06,7.16573140393854e-07,5.29318855513129e-07,-2.65431092957051e-07,-1.4819828618799e-06,2.78223206262342e-07,-1.29702905798487e-06,-6.59422008691908e-07,-2.1117202329093e-07,-7.78025309455289e-08,-8.53357946923249e-07,9.64095193301575e-07,1.12729862020541e-06,-2.03637446686867e-06,2.3824824728482e-06,4.89133889523223e-05,3.96935561876313e-05,1.47738892296469e-05,0.000189941064761274,-0.000376184829187702,0.000135689729143874,-0.000141057202028684,0.00017460766015645,-4.2868010650423e-05,6.04203736065446e-06,-6.16862828853066e-07,-1.56725492165936e-05,-6.74226185133525e-06,-3.12563764312506e-05,-6.74675675413813e-06,-1.21540482729064e-05,-4.39619507211178e-05,-1.10136141116127e-07,-2.5039468854161e-08,2.0956209889582e-08,-5.66608965618693e-08,-1.31153331136542e-07,-3.09310232597837e-08,1.79709241018401e-09,5.00101828702853e-08,5.17670372517043e-09,-2.60685747056476e-07,4.86884431635499e-05,-0.000138147804087881,-0.000181539636972805,0.00076250429667938,0.000145429347585522,-7.42268779123213e-05,-2.43339541751718e-05,0.00016339202150184,2.80253009596604e-06,0.00014371017947878,9.31358537761989e-08,0.00170215365140034,-0.00112393471992302,0.000119396074711994,-0.00104035898855377,1.38987450070067e-05,-9.65235362401094e-06,9.63190090945156e-06
"north_west","rel_p_H_alpha",5.03609548361045e-06,7.37360727201737e-07,-2.37032345897871e-06,1.26628361170486e-05,-3.48849596957247e-06,1.71074168049632e-06,-7.66488509475039e-07,4.48417947065162e-07,2.46414817712803e-06,-1.95606810065413e-06,1.51370765113732e-06,3.31353940939477e-07,3.87630969532537e-07,1.98314432311529e-06,-1.15656780745177e-06,-4.28948275341267e-06,3.78649535484691e-06,-8.36470017926668e-07,3.2680679553123e-06,9.34640739225578e-08,1.41604281914558e-06,1.67022711399195e-06,1.2634764258277e-06,1.86730067676113e-06,2.23466198376015e-06,2.0932432904771e-06,3.4203314078151e-07,2.30512588380948e-06,1.27058658986253e-06,1.97607693271442e-06,2.69120440636543e-07,2.73544901458751e-06,-2.21985063921373e-06,7.62395744703827e-06,2.4327388466887e-07,-3.07299411330285e-08,2.42188718442079e-06,-1.34201553718317e-07,4.0086879553245e-07,7.74122238943343e-07,5.43474240837152e-05,7.51130898197503e-05,2.47194067902459e-05,0.000100821976541866,-1.62193044856964e-05,0.000119371286605088,-6.66217909723281e-05,0.000263767277290408,-3.05145858921158e-06,-1.14915890042621e-05,1.09291959199203e-05,-0.000122858014384907,-9.30739490735422e-05,-1.43991101447888e-06,5.81366339441804e-05,-1.43408366403821e-05,-8.10472054969635e-05,-1.10948201748223e-07,-6.90786341681636e-08,2.7338917889245e-08,1.4761431521635e-08,1.99424364707952e-07,1.17688040672709e-08,4.06037472166186e-08,-3.11484314698871e-08,-4.22296298101236e-08,-6.39791278408407e-08,-0.000116661025587791,-0.000277599929219187,2.12053217416238e-05,0.000145429347585522,0.000744483044528951,-0.000419585345243248,-3.78424322289387e-05,4.86639414444174e-05,0.000354649515738712,6.13723247224688e-05,1.88050547836657e-07,-0.0013326865706135,-0.000352327010190636,-9.41619009395014e-05,-0.00227534326051884,-9.89929748063448e-06,-2.9935225024229e-05,-1.60807876828467e-06
"north_west","rel_p_H_delta",-2.839555050033e-06,-1.7569227639023e-05,-2.01559924155321e-06,-1.18909165945075e-05,3.1564866206393e-06,2.02868820694145e-08,4.97154876747587e-07,3.79605543730993e-07,-1.03485198160173e-06,1.28181094255977e-06,5.14601717813872e-07,3.46310977687969e-07,4.3597803020607e-07,-6.98255110035823e-07,8.2676819263464e-07,5.49610466033739e-06,-1.43589454130927e-06,4.78026515229941e-07,-5.49714276346317e-07,-8.58120555867216e-07,-1.61607708796902e-07,-1.197707621684e-06,-4.04946485829109e-07,-1.45156695758289e-06,-1.27221284627773e-06,-1.08068219120526e-06,-5.19399820768997e-07,-1.62554624520115e-06,-1.21367603945467e-06,-2.10010000674247e-06,-8.73377472450522e-08,-1.2033025603385e-06,-4.13375034939841e-07,-3.00965849832405e-06,2.94819802988151e-07,2.70419952046473e-07,-9.09098042961099e-07,2.09686251369886e-07,-2.18592286738447e-07,6.29341711782102e-09,-2.84631197505429e-05,2.25879466253294e-06,-2.09041306659933e-05,-6.02052295487461e-05,4.01775880856247e-07,-7.1362101756105e-05,0.000156349039356764,-7.40848273347311e-05,-1.01803222496111e-05,4.2037900176875e-06,2.78725930158156e-06,4.15620712671179e-06,-4.39630795906956e-05,7.25449469765619e-06,-3.67436339981367e-05,2.26821903835284e-05,6.32783450919115e-05,1.34334638254455e-07,-4.58864598650987e-08,-1.54434493231176e-09,-1.357435493763e-08,-2.22612871889821e-07,-1.9052066524058e-08,-4.60001200144352e-08,2.80315630293566e-08,3.74490470231198e-08,1.08947299116551e-07,0.000105183604827517,0.000142394331881074,-3.84772976019235e-05,-7.42268779123213e-05,-0.000419585345243248,0.000485956237086751,-4.1841640769935e-05,-6.35255374715283e-05,-0.000398996887787249,-7.291797649977e-05,1.47012620215711e-07,-0.000282487193370164,0.000413261802325434,5.26595340208782e-05,0.00127118925086522,-1.13346219206404e-06,2.6898452431451e-05,1.08526809348821e-05
"north_west","rel_p_H_omicron",5.44639725463224e-06,1.23471098797567e-05,1.18225218933006e-05,1.56791770312862e-06,7.40845250968681e-07,-1.44917912228763e-06,7.95490788489843e-07,6.44781413691605e-07,-1.17942577946324e-06,2.02164455414705e-06,-1.75325440117053e-06,1.52012351626942e-07,-1.68497034803797e-07,5.18775007642683e-08,3.32246535845243e-07,-2.91109910771255e-06,3.15552878834504e-08,1.92877378011146e-07,-4.40204469290029e-07,1.10543659442201e-06,-6.68334480085964e-08,5.44242910212532e-07,-3.5678257168248e-07,1.61534175507801e-06,4.35360450468703e-07,-8.0145404112051e-07,2.40394338729183e-07,2.57627717005856e-06,1.79212612156938e-07,-2.47338839945386e-07,1.34706705208357e-06,-3.28204178933259e-06,1.9503191053745e-06,-1.01607225005328e-06,1.11243865541573e-08,-1.10700961199227e-07,-1.17518007983434e-06,1.1706633241921e-06,-1.43743863361259e-06,1.6050947081871e-06,-3.75483705692887e-05,-3.58390840830393e-05,2.60231112559825e-05,1.85111055114823e-05,5.19343925108012e-05,-9.20077502715019e-05,-0.000151951915381322,-0.000121731095180112,3.4069130375247e-05,-1.97283471816849e-06,4.320234390795e-06,2.7032649502215e-05,-0.000446646330345978,-1.14590778634536e-05,-3.78947231155332e-05,-5.69729549635506e-06,-4.57413978047064e-06,1.34844441150787e-08,6.52124645223664e-08,4.17273594458776e-09,5.63988544253117e-08,3.58427871341247e-07,-3.54195191435484e-08,1.32128751676917e-07,5.71455436465553e-08,2.73747135649889e-08,-1.09100463794425e-07,8.3171013782104e-05,-3.74254095173901e-05,-2.43872025550637e-06,-2.43339541751718e-05,-3.78424322289387e-05,-4.1841640769935e-05,0.000475928747370961,1.33259776408572e-05,5.02658778421041e-05,3.16535115780242e-05,-3.62319149193641e-07,4.98528828814596e-05,0.000156711421770776,-0.000503342461027759,0.00025628230147522,-4.96620939257477e-06,-3.21546524338397e-06,-1.24993310033565e-05
"north_west","rel_p_ICU_alpha",2.24715747607746e-05,-0.000262641130840422,1.12953533164033e-05,4.95626833688571e-05,-2.62676652454114e-05,-3.33769970193702e-06,3.50925812302338e-06,-2.45115092636877e-06,-1.94878233117641e-07,-1.00429718343642e-05,1.89971375446915e-05,-3.77201101968966e-07,2.97988588648665e-07,7.71444888425179e-06,-6.44565123320095e-06,1.53329378376686e-05,7.59182041148371e-06,-6.8542066526578e-06,1.76372907155496e-05,-1.72272094693892e-05,1.0056296312855e-05,-8.95283817580939e-06,1.14274616391662e-05,-1.39066327217764e-05,1.0792749901628e-05,4.45854952430349e-07,4.35379457328838e-06,-1.80309816841351e-06,-5.03015549010459e-06,6.03868467709627e-06,-1.04944565712059e-05,1.21666420780826e-05,-2.17231658980861e-05,4.89937231882595e-05,-3.95344064674024e-06,-1.80252527022932e-06,1.16268747010211e-05,-4.04850539737255e-06,-3.8934338071477e-06,2.10238072642019e-06,1.15035590722196e-05,0.000134755187317206,5.07896994509657e-05,-0.000453134069380013,-0.000233699323558507,3.17808156968107e-05,0.00151005130791772,0.00027233808426229,0.00103642998977267,7.09196745881169e-05,-2.3491944036622e-05,6.04275351466964e-05,-5.82817010487199e-05,5.13403101703898e-06,0.000232659554245017,-0.000541579842383763,0.000308389109929225,-2.10877378190199e-07,-1.0118733461468e-07,-4.22454035975408e-07,1.37401069624851e-07,-2.98860313727165e-07,-1.31772530195463e-07,2.16170720065183e-07,-2.56799032524236e-07,-1.06768075139454e-07,-2.71058043448321e-07,-0.000160496299291479,-0.000338705355689077,0.000645797159276497,0.00016339202150184,4.86639414444174e-05,-6.35255374715283e-05,1.33259776408572e-05,0.0116386002576926,-0.0051941617555387,-0.000438545676973947,9.57876259423407e-07,-0.00977979987910357,-0.000376524922806147,0.000571678320692714,-0.00636440876834648,-9.20230020476821e-05,4.32423355947797e-05,7.91418214548313e-05
"north_west","rel_p_ICU_delta",6.7026499240122e-06,9.91904774514644e-05,-4.10395903459946e-07,0.000209685312932969,-1.62130095069688e-05,1.67230140062432e-06,-4.10612434705809e-06,6.25523322044302e-06,-2.19544779026376e-06,8.01491932926903e-06,-1.85410046977162e-05,2.23812897838431e-06,-2.48575503084998e-06,1.21616642211104e-06,6.17476436088286e-07,-3.2564584028713e-05,-2.31863045155937e-06,1.9095460924667e-07,-2.61580414032062e-06,3.73619901504044e-06,-6.20228391947991e-06,1.9812084992126e-06,-3.85283915443666e-06,1.28713989371105e-06,-8.70862102027641e-06,9.26343395134487e-07,-2.72251738556431e-06,-1.22820147463025e-06,2.29482844081655e-07,2.78795588708109e-07,4.92960714691348e-06,3.75149792394008e-07,2.30346862314404e-06,5.34664478684453e-06,3.85372990251966e-06,-2.67506865822872e-06,-4.45968585552311e-06,4.33726671082749e-06,2.97419402005954e-06,-1.55881013787238e-07,0.000159973265327803,7.54907152320372e-05,7.50863242330349e-05,0.000266165928242492,0.000161559581016287,-0.000195511933748811,-0.00084048239533338,0.000990408385486203,-0.00073181505220657,-4.36378160159474e-05,-1.14614860131612e-05,-2.07610941990364e-05,-2.53739612163916e-05,-0.000228239612838198,-4.32118235951988e-05,-4.45182317932313e-05,-6.64105067274241e-05,-4.86544369743808e-07,-2.57348159702262e-07,4.4855797489223e-07,-3.1573227685346e-07,3.40786366596753e-07,-1.24854292594812e-07,-5.29790266874588e-09,-1.06552108121807e-07,1.93980871437044e-08,-7.70637397202889e-08,-0.000166646061460511,0.000819346267416293,-0.000466207095562008,2.80253009596604e-06,0.000354649515738712,-0.000398996887787249,5.02658778421041e-05,-0.0051941617555387,0.0071028272537282,0.000589844119432862,-8.60700689678735e-08,0.00521236793473716,0.00141362145956937,-0.00177739258432023,-0.00883073209885723,3.79537377943705e-05,-4.85100004148163e-07,-6.56004778092321e-05
"north_west","rel_p_ICU_omicron",5.4683842489546e-06,1.80366289217988e-05,1.16075033761893e-05,5.24576730329724e-05,-6.2695541332926e-06,1.53374948495053e-07,-5.95906721815121e-07,2.86934622655442e-08,1.29227257884316e-06,7.50244470779256e-07,-1.70633405970203e-06,8.48800768172537e-07,-5.67233081653154e-07,3.1006407909531e-06,9.92959098466985e-07,-3.59980344503921e-06,8.53869657474451e-07,1.49466167898426e-06,-2.73631470775432e-06,5.36647333843859e-06,5.83323847642953e-08,1.64505569499681e-06,1.29832998751353e-06,1.29567994712215e-06,1.8191893177464e-06,9.1706985331739e-07,-9.2768386673766e-07,1.63057349478399e-06,2.73819795363588e-06,5.40178457269781e-06,1.42437720000668e-06,2.85418902855272e-06,3.76584391904407e-06,4.03166904796496e-06,1.13362614220267e-06,-4.90616536203357e-07,-3.39917525703848e-06,4.29964457024115e-06,-2.97103882967093e-06,2.983802130572e-06,1.77533790732873e-05,1.82511602100374e-05,6.65553770484852e-05,0.000185909548005462,0.000121699180689547,-0.000106711283911509,-0.000294202199617815,0.000203048429481233,3.38508323203015e-05,2.45066964786757e-05,3.97152384114373e-06,-2.47369401824434e-06,-8.4748786439234e-05,-5.84537549913747e-05,-0.000137255895171564,-7.29884141144906e-06,-5.70870536068077e-05,-1.99220285364599e-07,-1.07362420874059e-07,2.89203577548216e-07,-1.47612120316517e-07,1.10294094500515e-07,-1.01924341441248e-07,1.37463730073526e-07,1.1437477966425e-07,1.24291672593059e-08,-1.89799065832249e-07,-9.24672587092775e-05,-9.75689268116706e-05,-0.000128543408974992,0.00014371017947878,6.13723247224688e-05,-7.291797649977e-05,3.16535115780242e-05,-0.000438545676973947,0.000589844119432862,0.000891400712590765,-4.07301791738852e-07,-0.000662173677871381,-0.000420499520186853,-0.00078992120401805,-0.00298754075109905,-1.75243931126067e-05,-3.53870462219369e-05,-5.20791721799891e-05
"north_west","rho_pillar2_tests",-2.08301775750042e-08,-1.06190737444213e-07,-2.8824882226377e-08,4.54819282961084e-08,-1.50718053754884e-08,1.12843078335315e-10,6.00463878663783e-09,-8.0321604958353e-10,2.97938496524264e-09,-6.80615263456787e-09,1.90157075023877e-09,1.51496785674704e-09,7.6609693970559e-10,3.38841670231239e-09,9.98229975052811e-11,1.53182033964162e-08,1.37311255390083e-09,-4.57758859152408e-10,9.72098998222555e-09,-1.31321276115964e-08,3.02582519705529e-09,-1.45371040986483e-09,3.68810769438173e-09,-5.27483704418494e-09,2.75275206227065e-09,-3.52458111158811e-10,-3.44931572251814e-09,-2.99508286827334e-09,1.12572403377753e-09,-1.65179191932415e-09,8.26673237776666e-10,2.51138814458732e-09,-5.71611135702145e-09,1.47759579933975e-08,2.47511148870895e-09,-4.8044371744849e-09,9.13983109082214e-09,-4.1640938818041e-09,2.90847172670786e-09,2.30178840044432e-09,6.56938227656168e-08,4.97954922665975e-08,1.02871518565228e-07,1.03658310457122e-07,-1.63157087505847e-07,3.16634250465472e-07,1.19209826915303e-07,5.66889793185608e-07,-1.45692611531252e-07,-6.26307713550094e-09,-9.31512032518141e-09,-1.05888432620751e-07,2.62224802206013e-07,-3.52066397870661e-08,2.35276962010312e-07,-3.71994996818766e-08,-1.66811990019447e-07,-2.27298630575703e-10,-1.46371994768327e-10,-9.23194978866529e-11,-3.54302653192057e-10,-1.08328725029812e-09,-6.17789261574843e-11,-1.80673021729408e-10,1.15014698377909e-10,-1.63602169612594e-11,2.46359552245114e-10,4.47152003646651e-07,2.78994296854782e-08,-4.04664729195004e-08,9.31358537761989e-08,1.88050547836657e-07,1.47012620215711e-07,-3.62319149193641e-07,9.57876259423407e-07,-8.60700689678735e-08,-4.07301791738852e-07,9.74415124601285e-09,-5.34405116583617e-06,-4.36435341770201e-08,-7.19755581825316e-07,-5.74474981048091e-06,-1.76572656349262e-08,2.57109951875322e-08,-2.27579319678077e-08
"north_west","seed_date_alpha",0.000191157306942152,0.000302345129799632,0.000249862176003091,-0.000215038749471835,2.1243477359837e-05,-3.47184692689865e-05,2.85100178020113e-05,2.065287972893e-06,1.95931744023089e-05,8.1440258508352e-05,-3.85914768167349e-05,-9.46348686896977e-05,-0.000136359161948806,-0.000157585688395359,-0.000142783005725948,5.48382835378642e-05,-0.00014426459222063,-0.000127301529134602,-0.000152647843231926,-0.000122177010539721,-0.000135323271514915,-0.000153010710858055,-0.000200348144709043,-0.000135635502884968,-0.000264798841057594,-0.000184000014266384,-1.64002171301594e-05,-0.000216653103451526,-0.000218005636125061,-0.000204792888710372,-7.35757785178826e-05,-0.000155693004537428,-0.000111447312052131,-0.000102603487676567,5.9732077210765e-06,1.71425786976983e-05,-4.1532542954993e-05,2.35119042153228e-05,-5.33873763756168e-05,4.00872175038191e-05,0.000306081827122034,-9.2274715211285e-05,0.00133068909538973,0.00357184106489751,0.00198988680085454,-0.00220136619817654,-0.00761184394437232,0.000267686609148275,-0.000439326928390292,0.000456444271203282,0.000299858774218615,0.000606011154468116,0.000604775282411438,4.63837478849167e-05,-0.00130329905105251,0.000401182882770506,0.00139763308363722,-5.52899981189101e-08,6.52333632278423e-06,-2.52750692822728e-06,-4.51179943776145e-07,-7.21338426272283e-06,1.1160821402204e-06,-2.52198796701867e-06,-4.74907746030943e-07,-1.25967677066391e-07,-1.08868081576893e-06,0.00259909126291176,-0.00285327511749111,-0.00260895254179055,0.00170215365140034,-0.0013326865706135,-0.000282487193370164,4.98528828814596e-05,-0.00977979987910357,0.00521236793473716,-0.000662173677871381,-5.34405116583617e-06,0.733889848930865,-0.010815713510993,0.00426804910085038,0.00911848088991331,0.00683815738467786,-0.000337040740947887,7.22096525116944e-05
"north_west","seed_date_delta",-2.72834017826791e-06,0.000177998190908546,7.39852612155541e-05,-1.370314773386e-06,4.47104924538657e-05,-8.69639389510738e-06,-2.03274668672442e-07,8.4480862407565e-06,-1.21873585300989e-05,6.4045142959093e-06,1.24829735656942e-05,-1.57046938497959e-06,4.23952054742672e-06,-1.61747694640884e-05,2.6813889315816e-05,-0.000166897475232502,-1.14067474246711e-05,-1.10283485719635e-05,-9.10416466070355e-06,-2.11402802748132e-05,4.66888757444285e-06,-2.77865412593462e-05,-5.22915215265925e-06,-1.70042458845646e-05,-1.41627192450301e-05,-2.13279664616132e-05,1.31692191139476e-05,-1.53985561385891e-05,-2.0936239209986e-05,-2.07315190949924e-05,-3.66167665046475e-06,-1.2434859267135e-05,-1.12922493059362e-05,-8.1240930157988e-06,-2.17928068464929e-06,-4.75348268281653e-06,-9.24490873455503e-06,1.60864021477562e-05,-1.64035234196325e-05,4.87902457725975e-06,-0.000364852773774522,-0.000499934000686768,-0.000599381045370073,-0.00180037552136568,-0.000279418159614214,-0.00183200889041953,0.00116900566741772,0.00105884515115404,-0.000387066528145479,-9.06649968961707e-05,-5.2771615248093e-05,3.65386421379458e-05,-0.000341407724082174,0.000378160567948319,5.05167469456602e-05,-2.4227276454942e-06,0.000400975829936655,7.96302561862707e-07,-4.03195481017141e-07,-1.72926655776644e-06,2.54951591855349e-07,-2.99661091674729e-06,-3.18651717517024e-07,-1.5350922652035e-07,2.90152691573336e-07,4.97494663913521e-07,-1.05309643834102e-07,0.000164824528669266,0.000909844811103673,0.00100497639065295,-0.00112393471992302,-0.000352327010190636,0.000413261802325434,0.000156711421770776,-0.000376524922806147,0.00141362145956937,-0.000420499520186853,-4.36435341770201e-08,-0.010815713510993,0.0471917563328717,-0.00347647744608714,0.0112033085934118,-9.0793770675798e-05,0.000627699984146637,-4.83706485311672e-05
"north_west","seed_date_omicron",1.66199506486512e-05,0.00026659434002455,1.69804967034469e-05,-6.84460843907085e-05,1.99710206579169e-05,-3.23405596099217e-06,1.12355169802606e-05,-8.50840873621187e-06,2.79131043434072e-06,2.49555366489415e-06,5.03258819588258e-06,-1.33924714503626e-06,2.80317473710616e-07,-2.04186512864613e-06,-2.77658292669625e-06,5.93864205081449e-05,-2.69261760639663e-06,7.6575837320339e-07,-4.47126432320216e-06,6.94814281382264e-06,-3.65402588015698e-06,2.22312991862841e-07,1.25103762264509e-06,-5.0922878374761e-06,-7.1388998871144e-06,1.01795009403653e-05,-6.44629239047266e-06,-8.74356969494758e-06,2.05552219924801e-06,-6.74238061601179e-05,-3.02161031043929e-05,-4.10265854859145e-05,-3.09028501048133e-05,-6.83612177645364e-05,1.83971831706086e-06,1.71946294917707e-06,-5.12527867478416e-07,3.89451281757015e-07,-2.15455220532512e-06,1.59612983053816e-06,0.000153316651905339,0.000192910190640026,-0.000376035008826451,5.50197150020778e-05,-9.30985329924103e-05,0.000428809536781563,0.000371602669087416,-0.000483002362612182,-0.000523737300634484,4.76357074193187e-05,-1.15279847910783e-06,-3.43661981048014e-05,0.000899563547613443,4.99087290335054e-05,0.000256814706282461,5.13883373529722e-06,0.000402729549818596,6.50623995219566e-07,6.20837425790099e-07,-2.67280396885964e-07,-4.66935477767747e-07,-1.01316290550584e-06,2.77872089291699e-07,-9.73736666228983e-07,-9.49179145768904e-08,-1.87919761214874e-07,8.75889143839159e-07,-0.000521138693987452,0.000631843341480905,-0.000399764448013362,0.000119396074711994,-9.41619009395014e-05,5.26595340208782e-05,-0.000503342461027759,0.000571678320692714,-0.00177739258432023,-0.00078992120401805,-7.19755581825316e-07,0.00426804910085038,-0.00347647744608714,0.0351477280640918,0.00809763426084308,5.9570706879006e-05,1.3531712158689e-05,0.0012505256264057
"north_west","start_date",-0.000130470320412868,0.00138277618126944,0.000219123082984689,-0.000647378327928635,0.000680694169325084,1.10961395099858e-05,-3.29800266178817e-05,3.78209481639835e-05,-5.99804795572394e-05,1.58513775295596e-05,1.98291041183107e-05,-1.46279214637832e-05,6.51099522191126e-06,-5.08444492151152e-05,2.2548256256534e-05,-0.000258012344828087,-3.01430957029543e-05,7.2901424865093e-06,-3.17243798597777e-05,2.58642387836577e-05,-1.93407423119977e-06,-1.96299757879504e-05,-2.19080824590303e-05,1.1349538516571e-05,-1.31534181662176e-06,-2.92130180931413e-05,1.39438750617796e-05,-9.6674630757748e-06,8.48167539906002e-07,-6.0982842919062e-05,2.06505918425446e-05,-0.000107030262748632,3.67549388240005e-05,-0.000149571371864256,1.670388806609e-06,-2.3942948526447e-05,-2.00863131504299e-05,3.48091970879864e-05,-5.79442258245651e-05,-1.65050770404566e-05,-0.000769309497266976,-0.00102151175219482,-0.000778711142853602,-0.00207438982688928,-0.00140831369634816,-0.00169043846838673,-0.00393428398985925,-0.00599970812367089,-0.00418384165170639,-0.000387118870077565,-0.000113909302633972,0.000432998041620403,0.00132217599738681,0.000950032314574826,-0.000781019666562502,0.000407561455166569,0.00211850455747666,3.68709577815717e-06,-3.80103090709106e-07,-4.52352886946131e-06,1.17329616814422e-06,-7.19700437703027e-06,6.93553092772256e-07,-2.40723973550615e-06,7.81925382790833e-07,1.17862700009963e-06,6.08586048505615e-07,0.00019185713155539,-1.77713462073821e-05,0.00125578502889388,-0.00104035898855377,-0.00227534326051884,0.00127118925086522,0.00025628230147522,-0.00636440876834648,-0.00883073209885723,-0.00298754075109905,-5.74474981048091e-06,0.00911848088991331,0.0112033085934118,0.00809763426084308,0.229717850748236,0.000209065400065222,3.83826894587579e-05,0.000299440473156279
"north_west","ta_alpha",1.61465200857553e-06,-2.28653962474315e-06,1.47976131289817e-06,-3.01963553529974e-06,6.82885162468371e-07,-9.81030076100779e-08,4.24131315033495e-07,-3.22833897006723e-07,4.51080386411822e-07,3.84572101805134e-07,-5.13821144809744e-07,-1.00204539924318e-06,-1.31961955246516e-06,-1.58280908193804e-06,-1.3458965900276e-06,-4.78287375550388e-07,-1.52314447987412e-06,-1.18563722254195e-06,-1.48195487870487e-06,-1.38801463501752e-06,-1.24770330554584e-06,-1.52470675478281e-06,-1.97306374501213e-06,-1.30240987473349e-06,-2.57374347224967e-06,-1.72897468464974e-06,-6.43600887908109e-08,-2.14205263256385e-06,-2.03418415455371e-06,-2.25357113361637e-06,-5.76339416111305e-07,-1.79092671758682e-06,-8.52523146556409e-07,-1.75002941979239e-06,3.94268673197273e-08,1.46105234630673e-07,-2.57213004155809e-07,9.3381276439992e-08,-4.11102504313395e-07,2.62278266971022e-07,4.96839744011031e-06,-5.89737927167436e-06,1.2485767815827e-05,2.96953023965253e-05,1.2274301549452e-05,-2.44581206285732e-05,-7.64736643001361e-05,1.74927938210605e-05,-1.25606702124811e-05,5.95896176168337e-06,3.14521384521878e-06,1.91880763064473e-06,1.06446401885486e-05,4.21433401458598e-06,-1.05934954479924e-05,3.68841618726782e-06,2.30338674913736e-05,1.52487460330058e-08,8.03099835117408e-08,-1.63648001989057e-08,2.25748934139837e-09,-2.99847005489708e-08,1.89503220359422e-08,-2.15831151581146e-08,6.93267709392868e-09,2.53134188066805e-09,2.15684478856965e-08,2.88277065696696e-05,-2.89009241837617e-05,-2.16830008780636e-05,1.38987450070067e-05,-9.89929748063448e-06,-1.13346219206404e-06,-4.96620939257477e-06,-9.20230020476821e-05,3.79537377943705e-05,-1.75243931126067e-05,-1.76572656349262e-08,0.00683815738467786,-9.0793770675798e-05,5.9570706879006e-05,0.000209065400065222,7.00487768379588e-05,-3.18137379978138e-06,-1.20342794667621e-07
"north_west","ta_delta",-5.57902637801999e-07,-1.27555909505781e-05,-2.90895994830861e-07,-1.98387525672123e-06,-4.08414938334289e-09,-4.48835580927657e-08,-2.59565455329193e-07,2.34857960199034e-07,-4.10374196722402e-07,3.7154831745065e-07,-1.90705087656748e-07,6.96719376547289e-08,-3.78505457126124e-09,1.29149067449364e-06,-1.22132779811584e-06,-1.83359981178515e-06,-9.25895500970882e-07,-9.43216395589312e-07,-9.77726271934693e-07,-1.17234016933933e-06,-7.42751912559802e-07,-1.51769354959649e-06,-9.57764823379242e-07,-1.59431353746134e-06,-1.33063739705425e-06,-1.8065379195106e-06,1.79989286853154e-07,-1.23964209987662e-06,-2.02725056892536e-06,-1.5293513791797e-06,-5.63729035616978e-07,-1.58363967138182e-06,-5.40877989721263e-07,-2.01212187999345e-06,-7.14145421132076e-08,-1.27871893389897e-07,9.44614942174278e-08,5.71989773836383e-08,-3.8577741459868e-08,-3.63867132747732e-07,-5.80518387363626e-06,-1.4628479495806e-05,1.32327692448566e-06,-4.5347307579915e-05,-1.77706176305387e-05,-6.50352011617591e-05,8.86273048660245e-05,-1.72875608276245e-05,5.2684381450439e-06,5.15458171160054e-06,-8.3065048620583e-07,5.0574812916593e-06,-3.26941942267381e-06,7.36671592631409e-06,5.23879450466427e-06,-2.32121179742872e-06,1.67632037410824e-05,2.33128091938917e-08,1.61558461213704e-08,-1.06453834139435e-08,1.00071974446695e-08,-1.00124114035773e-07,9.11814339640146e-09,1.03862852470159e-08,3.93724687666094e-08,1.12020929716183e-08,-4.65303021558872e-09,6.02940698851793e-06,1.34781743199453e-05,3.09671455615713e-05,-9.65235362401094e-06,-2.9935225024229e-05,2.6898452431451e-05,-3.21546524338397e-06,4.32423355947797e-05,-4.85100004148163e-07,-3.53870462219369e-05,2.57109951875322e-08,-0.000337040740947887,0.000627699984146637,1.3531712158689e-05,3.83826894587579e-05,-3.18137379978138e-06,5.38606567524229e-05,2.89391562111161e-06
"north_west","ta_omicron",-9.59639254370281e-08,1.23148909749935e-05,-4.80307299402101e-07,-2.88097695620023e-06,-2.41489327620472e-07,-5.25769468909994e-07,3.73547304159577e-07,-4.29584466929088e-07,-2.79180443035879e-07,-2.58395637053526e-07,3.05642520740384e-08,-2.37146070988934e-07,-1.61387837607999e-07,-3.69967221981144e-07,-5.14583203750544e-07,5.98687261209913e-06,-2.68322813240361e-07,-4.20940550490121e-07,-1.01724687184704e-07,-9.54836853943128e-07,-2.61989270122545e-07,-8.78472444518055e-07,-6.38247113912636e-07,-1.46325699380714e-06,-1.00886576324275e-06,-1.43603124065278e-06,-3.91132108100846e-07,-4.21332750547014e-07,-2.68141232976166e-06,-4.39266650782932e-06,-2.40419552623572e-06,-1.75793226255629e-06,-3.76537842833962e-06,-2.1316538133465e-06,-1.54460518062051e-08,1.46749277031097e-07,-3.85942609105472e-07,-7.45397595585283e-09,-2.58879978995107e-07,9.84842320607698e-08,4.55170045567246e-06,9.78302712532439e-06,-8.34001072641387e-07,9.23878587604701e-06,-1.87291408447827e-06,3.36216728309979e-05,2.81934193165333e-05,-1.23199141854086e-05,1.66755214088722e-05,2.06298635210856e-06,1.92423595180359e-06,1.61950694897005e-05,2.10851575844378e-05,5.08945342262693e-06,2.31955907222988e-05,-3.24309282015213e-06,6.59089417420954e-06,-5.65509674341524e-08,-1.07553978530804e-07,-1.72760580765744e-07,-9.99647192991622e-08,-2.92289144360184e-07,-5.16032693884521e-08,-9.86111488866786e-08,-8.03057792075732e-08,-5.3663293691685e-08,-1.07647506830649e-07,-5.6023109136853e-05,-8.40240175103142e-06,-9.06534845790694e-07,9.63190090945156e-06,-1.60807876828467e-06,1.08526809348821e-05,-1.24993310033565e-05,7.91418214548313e-05,-6.56004778092321e-05,-5.20791721799891e-05,-2.27579319678077e-08,7.22096525116944e-05,-4.83706485311672e-05,0.0012505256264057,0.000299440473156279,-1.20342794667621e-07,2.89391562111161e-06,8.36693977092963e-05
