"region","name","alpha_admission","alpha_D","alpha_death_hosp","alpha_H","beta1","beta10","beta11","beta12","beta13","beta14","beta15","beta16","beta17","beta18","beta19","beta2","beta20","beta21","beta22","beta23","beta24","beta25","beta26","beta27","beta28","beta29","beta3","beta30","beta31","beta32","beta33","beta34","beta35","beta36","beta4","beta5","beta6","beta7","beta8","beta9","mu_D","mu_D_2","mu_D_3","mu_D_4","mu_D_5","mu_gamma_H","mu_gamma_H_2","mu_gamma_H_3","mu_gamma_H_4","p_G_D","p_G_D_2","p_H","p_H_2","p_H_D","p_ICU","p_ICU_2","p_ICU_D","p_NC_15_24","p_NC_25_49","p_NC_50_64","p_NC_65_79","p_NC_80_plus","p_NC_weekend_15_24","p_NC_weekend_25_49","p_NC_weekend_50_64","p_NC_weekend_65_79","p_NC_weekend_80_plus","p_W_D","rel_p_D_alpha","rel_p_D_delta","rel_p_D_omicron","rel_p_H_alpha","rel_p_H_delta","rel_p_H_omicron","rel_p_ICU_alpha","rel_p_ICU_delta","rel_p_ICU_omicron","rho_pillar2_tests","seed_date_alpha","seed_date_delta","seed_date_omicron","start_date","ta_alpha","ta_delta","ta_omicron"
"north_west","alpha_admission",4.27068812862433e-06,5.57623156427661e-06,2.90897817922086e-07,-3.50056940381555e-07,-1.22768119161038e-06,6.35103678013393e-08,-2.701143266382e-07,1.56860612039074e-07,-1.88073609739514e-07,3.68401232976444e-07,-3.44561491677501e-07,5.68070048086669e-08,-1.92895416158071e-08,2.82844212204807e-07,-1.44218403861464e-07,2.38360805607125e-06,1.46115019520439e-07,-1.29236637995723e-07,1.91793501807277e-07,-2.81522901549669e-07,8.0249490675913e-08,-5.03661464024395e-08,-7.06040647630246e-08,-1.21301824626469e-07,7.94317174513811e-08,-1.84171972120484e-07,-1.96243960352839e-07,1.31210320979433e-09,-1.77273531826263e-07,1.20648713792184e-07,-1.87150995410968e-07,6.06485893979098e-08,5.14916358906726e-08,-2.98651749406557e-07,1.23124584114575e-07,-1.38571378943046e-07,8.39397988816227e-08,-3.31902050201195e-08,1.01019233391607e-07,-5.52552412908564e-08,3.05864202749652e-06,-2.42892601614156e-07,-9.79742736709923e-06,1.07146050285297e-06,1.58305042765904e-05,-4.98533420463417e-06,2.27581469254216e-06,-3.28552102033912e-06,-1.88129137269525e-06,-3.6535062604706e-07,-2.65997074493689e-06,-5.06975842351663e-07,-8.01258358397294e-06,-1.7624876188216e-06,-1.1554757116071e-06,6.50730588379983e-07,2.59537308780698e-06,-9.12513811924084e-09,-6.98390572041109e-09,-9.31290685341264e-09,-1.26965500201303e-08,-7.10305403464245e-08,-1.05763776529041e-08,-2.44592741760975e-08,-1.37292928681376e-08,-8.31360310198649e-09,-3.35747328324292e-08,-1.2411978140812e-05,1.72160677124506e-05,-3.41867378990835e-05,-3.51011740622186e-05,5.03181807770641e-06,2.46868906756307e-06,5.5907492230162e-07,4.74524169748967e-06,-1.14921314346263e-05,5.94121359476096e-07,1.12526406064963e-09,-0.00028848080888604,7.51240611314048e-05,-9.67316397205993e-07,-0.000349443933013681,-3.26754390320348e-06,2.16645248515826e-06,1.98961817189395e-06
"north_west","alpha_D",5.57623156427661e-06,0.00560617210496775,-1.72326595929295e-05,1.41010434362158e-05,-4.27087798936036e-05,-3.56265177362508e-06,8.77987511929647e-06,-7.64506054162838e-06,5.51336159957324e-06,2.83595875217818e-07,5.18484692412161e-06,-6.27748702497624e-07,3.23598121374944e-06,2.21158575028281e-06,-5.92825716565993e-06,2.87261244394685e-05,1.42107104689302e-06,2.93288961113776e-06,-6.3314498219325e-06,5.45641088055616e-06,7.93421736875179e-07,4.27234078450094e-07,8.97558462969405e-08,6.88681603404923e-07,1.34437225056672e-06,-3.62785897396655e-06,-5.59842311274332e-06,4.7814750366569e-06,-3.0083341170987e-06,6.01566677057208e-06,-4.3926366795774e-06,3.26923720395245e-06,3.71573275091827e-06,-3.89921191230895e-06,4.4427853882929e-06,-2.88692908041819e-06,-4.59334605976783e-07,4.22458517955257e-06,-5.4614306346824e-06,3.69669653665575e-06,-0.000315245591907726,-0.000263277791654345,9.80420173089844e-05,-2.97208640363454e-05,1.74449951712669e-05,-2.89224967770996e-05,0.000157440884345849,5.26561781925739e-05,9.77643355815445e-05,1.73341799834759e-05,-7.84288611095421e-05,-1.6240185057556e-05,0.000178747064000008,5.71127719101643e-05,-1.53382189081767e-05,-1.05893834437372e-06,0.000259891552883776,-4.21572808719674e-07,1.40115246687833e-07,-8.95789037868067e-07,-4.26799032122977e-07,4.79899628280538e-07,-3.39332267714182e-07,1.60800399659839e-07,-1.63058953142418e-07,7.60890295738171e-08,-3.09325285197771e-08,-0.0002909363765333,0.000163558419524037,-0.000384975228881706,3.82895268966892e-06,-0.000272376217718933,0.000233134982081081,-0.000197668822257233,0.000405565826350884,-0.000186332281872182,-8.0742124601127e-06,1.25907710942429e-06,-0.00288684518000082,-0.00425619454449074,-0.000261151736390214,-0.014965882591298,-5.00981710118105e-05,4.33617631125826e-05,-4.15850454230172e-06
"north_west","alpha_death_hosp",2.90897817922086e-07,-1.72326595929295e-05,1.28443230618873e-05,-5.73302971698439e-07,-7.54657768018471e-07,1.84684779588265e-07,-3.37127627229244e-07,2.63640497261573e-07,-3.09805937648418e-07,2.42777522911955e-07,-2.12429878356149e-07,9.84030040905601e-08,-6.10606479286262e-08,4.32022524227263e-08,-8.55544638659529e-08,2.90071109873213e-07,2.07147076013803e-07,-2.06865251194307e-07,4.61522736422157e-07,-3.93412641040535e-07,1.12729988205942e-07,1.04147345896654e-07,-1.48401177022048e-07,4.62230848494632e-08,9.06893419329959e-08,-5.34272679932197e-08,3.29228056235843e-07,1.09343230045714e-08,1.16171198330828e-07,-6.09097486216688e-07,-5.14050511663101e-08,-1.03401579570591e-07,-2.7253659360859e-07,-1.27920056792799e-08,-2.05354675556864e-07,7.49530239216533e-08,1.5963073754576e-07,-2.37116442945243e-07,7.21689342723527e-08,-8.71938936655265e-09,1.65969562333524e-06,7.09024397988841e-06,-3.58221231436587e-05,-7.9518613962167e-06,-9.80668474199427e-06,2.23908396702331e-05,-1.59603197616935e-05,3.02672966969782e-06,-1.47862028223702e-06,-1.03456751205679e-06,3.27219263165388e-07,-3.34562095691356e-06,-6.62495908889542e-06,4.49563010975839e-06,-3.3354994069921e-07,1.09738526293823e-07,-1.76931408449795e-05,3.6905806657192e-08,-3.75319692472313e-08,4.24508073412653e-08,-8.57324247768241e-10,-4.17982799198036e-08,1.69397664297021e-08,-3.16308893649895e-09,-1.37556967722051e-08,-1.20400352408618e-08,2.5072637907343e-08,9.78166298238486e-06,3.3448820082657e-05,-6.91462157547194e-06,1.45171393258223e-05,1.7084938246282e-05,-2.84775705278445e-06,5.22472727744544e-06,-1.43028341493035e-05,1.31736247012345e-06,3.59838241437525e-06,-5.01627358299073e-08,-0.000119426311293533,2.58680591764715e-05,8.36974504075521e-05,-0.000171832376178658,-1.09624725956106e-06,-1.14318343325915e-06,5.90374157262474e-06
"north_west","alpha_H",-3.50056940381555e-07,1.41010434362158e-05,-5.73302971698439e-07,1.80399456210069e-06,-1.952350515846e-07,-2.3491762924623e-08,-3.21148870508093e-09,-1.15493881249122e-07,8.89785670954645e-08,-1.81420002381547e-07,1.74580109616167e-07,1.12914190113656e-08,5.03103651518603e-08,-8.38164105514563e-08,1.30081128277208e-08,-6.95912256008357e-07,-1.25746550689297e-08,9.16952993095118e-08,-1.66403673246715e-07,1.8559702282028e-07,-1.51300702842726e-08,1.93384221687812e-08,5.24303587818726e-08,3.86869158005274e-08,-1.85935716331406e-08,3.31778369769652e-09,-1.03112830069731e-08,8.18293299476913e-08,-5.54176737706981e-09,1.99347490406606e-07,-5.92098486015271e-09,1.34085048739188e-07,-1.18014362751015e-07,5.62054063320194e-07,-3.11779016794177e-08,2.45972070934583e-08,4.60185338007107e-08,3.42507689382121e-08,-7.44801860399429e-08,-6.76175617076567e-08,-6.27163449451236e-06,-1.42449949033577e-06,3.01685467635287e-06,8.667105265554e-07,-5.33138449456036e-06,5.00437156951064e-07,-1.94381269169343e-06,4.47579641528065e-06,1.00214863793463e-06,5.28438390344138e-07,3.36551149502871e-07,1.42902227362675e-06,3.54564476876924e-06,2.40693362679374e-06,1.10213203951231e-06,-3.86257942166908e-07,9.93005362285747e-07,-4.31825126216146e-10,-8.38436720550544e-09,-1.33021810668413e-08,-2.35453889087771e-09,2.3538335231281e-08,-4.93396722855671e-09,9.94236428575153e-09,3.22839077448772e-10,2.05461229355686e-09,2.01915905432328e-08,7.38087134527592e-06,-4.95999452637762e-06,-3.97348174353253e-06,1.5056624601442e-05,-5.7989072324199e-06,3.01534907879991e-07,8.18284509781694e-07,-3.3548147092118e-06,9.12311827206856e-06,-5.93791024009919e-07,-1.4704222192539e-08,-0.000140547620085053,-5.31830909290411e-05,-2.91933759575306e-05,-9.97028803924939e-05,-1.5605659824833e-06,3.61819289449788e-08,-1.2518339775586e-06
"north_west","beta1",-1.22768119161038e-06,-4.27087798936036e-05,-7.54657768018471e-07,-1.952350515846e-07,1.55993548356706e-05,-2.76788965776254e-07,1.25897693768577e-06,2.21826459745017e-07,-1.07246216474422e-07,1.56041936532779e-07,1.53935636558789e-07,-2.54034400681685e-07,-4.91160311155122e-08,-1.15708498419291e-06,9.37132228878505e-07,-1.64963148570583e-05,-2.64783213950028e-07,-5.89417623760167e-09,-1.16364746410916e-07,1.06444009855462e-06,-5.35868054826411e-07,3.26906670479108e-07,3.69596360133233e-10,7.7371234052909e-07,-1.21679964232295e-06,1.60894551142078e-06,9.28450463173059e-07,-4.41514881639597e-07,4.93273364105623e-07,2.05483505591383e-07,3.56031092287544e-07,7.78068450268125e-07,-1.65537460269007e-07,-2.24375819929539e-07,-4.30732688886817e-07,3.58113568153768e-07,-1.55003190103495e-07,-8.65779713840122e-08,5.1708808957243e-07,1.20447146752744e-07,3.2659288891613e-05,4.0602674873014e-07,7.11329027022407e-05,-1.26728565324756e-05,-1.67569046199023e-05,-3.12149081798478e-05,4.45274750780626e-06,-4.53355870078801e-06,2.15466664784922e-06,-1.85050038462697e-07,-3.05727760691504e-06,-1.46681148680885e-05,5.87207148519498e-06,6.34848485071452e-07,9.39013317055936e-06,-2.05440267496299e-06,-2.29269687023481e-06,3.47251172625874e-08,8.99661552279641e-08,3.57372548928995e-08,7.88930371143965e-08,1.92008420047311e-07,-6.55092568533165e-09,7.28685654645789e-08,5.22658314960928e-08,3.38467808101787e-08,7.25696971938386e-08,6.32588327380251e-05,-8.9906909168783e-05,0.000206685676133966,4.22557774647668e-05,3.42775358872982e-05,-2.58601192069825e-05,-1.83878096107747e-05,-8.40089008564545e-06,3.09703809885663e-05,-3.9527562681108e-06,-4.84307583993433e-09,0.00169725548477935,0.000337158424560768,-8.50681010810838e-05,0.00481376970106438,2.01967065456278e-05,-1.16561035232036e-05,-1.26281577972566e-05
"north_west","beta10",6.35103678013393e-08,-3.56265177362508e-06,1.84684779588265e-07,-2.3491762924623e-08,-2.76788965776254e-07,1.51411008763236e-07,-1.88258473713548e-07,5.35036316261458e-08,-2.00889497047955e-08,3.38201560568461e-08,-2.74577146543627e-08,2.16798558908051e-08,4.98802277845401e-11,6.30270362861422e-08,-1.00245309039452e-08,2.57937117897611e-07,4.19643316991443e-08,-1.14015895499639e-08,8.07445498104628e-08,-3.87582330089269e-08,4.26215561331921e-08,2.05205346159316e-08,2.15810111470845e-08,3.38053055598853e-08,6.03683964888571e-08,2.97708954022475e-08,2.30026376924434e-09,2.39948344530354e-08,7.35880214299652e-08,-1.38326166269196e-08,4.20382324217392e-08,-7.60833912333985e-09,7.66152646848893e-08,-8.05175724599018e-08,6.61586134474299e-10,-1.51858880451117e-08,5.31240340910422e-08,-4.55990960587849e-08,7.71824752789496e-08,-1.24962250048379e-07,-1.26596614325862e-08,-3.16598561843589e-07,-1.65886506869848e-06,1.13369359234267e-07,-9.2762667668734e-07,-8.46565818758481e-08,-4.50531337435038e-07,-4.93777184195031e-07,-4.79497652875098e-07,-8.67511622509202e-08,3.7166293033864e-07,-5.72973904246916e-07,-1.11635755788621e-06,-1.37322787795762e-08,-1.86972815601523e-07,-2.22527745271684e-08,-3.06435160034406e-07,1.84211810831118e-09,3.01901131340462e-09,6.12847866767769e-09,6.83398597897139e-10,1.12800429818703e-10,4.82003560196575e-09,-1.50739768163094e-09,1.4136646059588e-09,-2.37092259464493e-11,6.14921174279135e-10,-2.9833508135898e-06,9.92151290132729e-07,-9.9489386249293e-08,1.19536674309485e-06,2.09827242611833e-06,-4.16689577523225e-07,4.93501178339809e-07,7.73614880468591e-07,-1.56196630839082e-06,-6.89865244236973e-08,4.7350297623301e-09,-9.52904429492997e-05,-9.83359747838371e-06,-2.24263654733538e-06,-8.9529667309668e-05,-6.40506844695956e-07,-5.51683648838556e-08,-2.7578889718436e-07
"north_west","beta11",-2.701143266382e-07,8.77987511929647e-06,-3.37127627229244e-07,-3.21148870508093e-09,1.25897693768577e-06,-1.88258473713548e-07,4.76168810244403e-07,-1.99428740922303e-07,1.34269859231768e-07,-1.1000988741127e-07,1.33586578151081e-07,-4.98427304185156e-08,-1.76532115100178e-09,-1.3775481248066e-07,7.16723898987819e-08,-1.18380543703523e-06,-9.04655146678765e-08,3.91428111620025e-08,-1.16120252486375e-07,1.2325532176482e-07,-9.45964189887259e-08,5.34755413688613e-09,-1.06155304394716e-08,1.10348744116709e-08,-1.35335023430539e-07,6.84634243822401e-08,3.3319420792181e-08,-3.86777348676453e-08,-4.99987624565049e-08,7.22074246018195e-08,-2.99650375647068e-08,7.80021071370537e-08,-6.53932694910233e-08,5.97382940289711e-08,-1.04639195319035e-08,5.00356184820392e-08,-8.85459729836315e-08,6.8701940646468e-08,-4.46982547668868e-08,1.29957074713564e-07,2.48496743880826e-06,2.24211065706944e-07,9.83236239336562e-06,-2.25192829589787e-07,-9.73972654314299e-07,-2.73386951023789e-06,2.90512866763717e-06,-1.1526951733816e-07,1.62341807201967e-06,2.65984730819445e-07,-3.53811783166639e-07,-8.50186863024277e-07,1.56942380372325e-06,-3.56814727237876e-07,5.33273633570161e-07,-8.50670314603337e-08,-7.39580686467488e-08,-1.09715853614109e-09,3.99669214516675e-09,-3.46555261525913e-09,6.06454474963226e-09,2.47606615566168e-08,-5.85135099278129e-09,8.26552745608309e-09,2.96198028256566e-09,4.35665531934186e-09,4.18969428253878e-09,5.87771712718217e-06,-1.02691565646967e-05,1.71249442036839e-05,4.22541394723855e-06,-2.49160847548599e-07,-1.37566870789513e-06,-1.94003646729047e-06,-6.33619181249459e-07,3.96692254879705e-06,-2.60127237995067e-07,1.87000012366515e-09,0.000257927257395285,1.19484198224994e-05,-4.22480784039616e-06,0.000382989227905356,2.71733564919036e-06,-7.66364475178779e-07,-1.10402227992896e-06
"north_west","beta12",1.56860612039074e-07,-7.64506054162838e-06,2.63640497261573e-07,-1.15493881249122e-07,2.21826459745017e-07,5.35036316261458e-08,-1.99428740922303e-07,2.94571578013253e-07,-2.60103746360145e-07,2.96618643311727e-07,-2.00423059047644e-07,2.28495733802524e-08,-9.32198995426566e-09,1.926300009316e-08,1.4264464927923e-08,-1.98222428040581e-07,6.60173805862215e-08,-5.82755435769674e-08,1.15664002152745e-07,-5.59437983677264e-08,5.61870456387206e-08,9.18828418597089e-09,1.11843083507902e-08,3.25921479785169e-08,3.48191208222289e-08,6.73964139811522e-08,5.23354754679869e-08,7.44672068926695e-11,6.97647780575246e-08,-4.85212036925646e-08,1.77270763124605e-08,5.38218438372183e-09,2.64544078628154e-08,-1.04851723125376e-07,-2.86538298276889e-08,-8.4818961314289e-09,5.96863224264744e-08,-4.99228809585255e-08,6.34448320185285e-08,-4.40479261526296e-08,8.1452935724983e-07,2.09566678157588e-07,-6.80163851618589e-06,-2.39212612228531e-06,2.97702353512691e-07,4.69745222418046e-07,-2.14702486243871e-06,-6.72021239642912e-07,-1.3405465060105e-06,-2.50383947815966e-07,-6.03313951540631e-07,-1.29823639976278e-06,-2.08314278292619e-06,4.53038844537103e-07,3.72282323139087e-07,9.14962032698792e-09,3.53166105581419e-07,5.77949711845691e-09,6.04333114264439e-09,1.01461968445386e-08,2.6994262205324e-09,-1.03178062467167e-08,7.42728533374872e-09,-1.6060793010912e-09,2.52432984693064e-09,-1.72528116001419e-09,5.36813119332782e-10,2.49445207591351e-06,6.93031351998326e-06,-1.27286639534626e-07,-4.43214206605275e-06,4.9606789645625e-06,-1.09185749417129e-06,9.37052530460093e-09,-1.22754608487646e-06,-1.17061455274807e-06,1.07810987874076e-08,-9.01048605693625e-09,-2.69005685678933e-06,3.06053902127734e-05,5.47068008782295e-06,7.73703959963889e-05,-2.05609559288521e-07,-3.57905167097397e-07,2.00422341212242e-07
"north_west","beta13",-1.88073609739514e-07,5.51336159957324e-06,-3.09805937648418e-07,8.89785670954645e-08,-1.07246216474422e-07,-2.00889497047955e-08,1.34269859231768e-07,-2.60103746360145e-07,3.30845628393597e-07,-3.94867370427648e-07,2.79816521555167e-07,-1.92463764620509e-08,1.5408314723192e-08,-4.95348236728583e-09,4.03507153569148e-09,1.20357127584981e-07,-6.58050511543061e-08,5.32852084536619e-08,-1.06651106936528e-07,7.64936125374011e-08,-4.9362823456198e-08,-5.00326269738187e-09,8.29975401187404e-09,-1.15123306110549e-08,-2.82008115863128e-08,-3.06594948684459e-08,-4.94521525209984e-08,2.42455723135983e-09,-3.10037093710702e-08,6.31158292570526e-08,2.3047073535807e-08,2.42880170859206e-09,2.8905403518593e-08,7.63461090040389e-08,3.04245193698809e-08,1.75496155722811e-08,-4.7500608355707e-08,5.19073916644743e-08,-5.15743486252295e-08,5.08000330940473e-08,-2.92549704723518e-07,-7.11518159997501e-08,9.13867703252983e-06,2.22157373107345e-06,-1.73597881372545e-06,-5.18352584516618e-07,2.24535440697898e-06,5.70580341323063e-07,1.53205499287144e-06,3.95080705331111e-07,9.06237828058911e-07,2.18474042668568e-07,2.45348440625072e-06,-8.00082620701392e-07,-4.25920694241705e-07,-5.17954184893408e-09,-2.81155308064893e-07,-3.59651837678252e-09,-1.28253803013625e-09,-4.72576754964322e-09,1.07960849485354e-09,1.90769749340181e-08,-4.24870733131853e-09,3.34645628559782e-09,-1.56920938159622e-10,3.7674809514378e-09,4.32998602376231e-09,-3.15120591944008e-06,-1.010104061614e-05,8.264667573474e-06,7.22876450831394e-06,-3.76681035058165e-06,9.37574755979132e-07,-6.52095729606002e-07,1.43966476383225e-06,1.19333503488387e-06,-3.26184999635618e-07,1.59464850263098e-08,4.97444572771368e-05,-1.75907087197549e-05,-1.74541379156486e-05,-5.47999378943132e-05,6.46966227201344e-07,6.34530317947396e-07,-1.32828119279129e-06
"north_west","beta14",3.68401232976444e-07,2.83595875217818e-07,2.42777522911955e-07,-1.81420002381547e-07,1.56041936532779e-07,3.38201560568461e-08,-1.1000988741127e-07,2.96618643311727e-07,-3.94867370427648e-07,8.13342669722365e-07,-6.40265598422572e-07,4.219266191225e-08,-3.11108277444774e-08,6.07123556213957e-08,-2.18508814937937e-09,9.55555368388615e-08,8.47401944641442e-08,-7.84907753386154e-08,1.94922945527951e-07,-1.76161694247512e-07,1.1574350413754e-07,-1.33690400394036e-08,3.3624900833294e-08,1.66727490199889e-08,1.02872979820009e-07,5.1758854930223e-08,1.50154044337018e-08,1.54994218269317e-08,7.3058341905447e-08,-5.94548499791934e-08,-1.05938006089537e-08,-4.11220859193324e-09,5.5153424262831e-08,-2.7476784416207e-07,3.85135234217591e-09,-6.25325575699908e-08,1.36323247986077e-07,-8.65236657936345e-08,9.92772476959827e-08,-4.80535703667847e-08,1.50900392381051e-06,3.90314654616771e-07,-1.03650461624974e-05,-2.25947825832639e-06,2.93392912263453e-06,-1.722058856356e-06,4.760656157097e-08,-1.70778963994426e-06,-1.86723211717188e-06,-3.30802600426653e-07,-8.38280857103975e-07,-1.84868852792666e-06,-2.88989270016662e-06,1.24702578301643e-07,4.27510015775346e-07,1.23670457289063e-07,-4.3916851632469e-08,5.64066296805147e-09,1.37866290766854e-08,1.54312970700716e-08,4.36776080920658e-09,-1.32721170608762e-08,9.79558423880406e-09,-1.35108898756328e-09,4.26474867152392e-09,-1.06520328821672e-09,-3.58348170073005e-09,2.49520196397757e-06,1.23907808823823e-05,-8.44513456727559e-06,-1.0246157766672e-05,4.90591871653078e-06,-1.08865974314189e-07,-1.00955826979716e-06,6.34612926355432e-07,-3.8840862234221e-06,5.80471915095862e-08,-1.01456497035304e-08,3.64903385525474e-05,2.78113260375915e-05,2.5912355576135e-05,6.22606682535273e-05,1.92490552381417e-07,-5.27177622289352e-07,8.04135840817399e-07
"north_west","beta15",-3.44561491677501e-07,5.18484692412161e-06,-2.12429878356149e-07,1.74580109616167e-07,1.53935636558789e-07,-2.74577146543627e-08,1.33586578151081e-07,-2.00423059047644e-07,2.79816521555167e-07,-6.40265598422572e-07,8.74588878506329e-07,-6.93262374284907e-08,6.25774178273273e-08,-6.74579834009406e-08,5.37315575173834e-08,-1.31051139153996e-07,-7.02007501361439e-08,8.17155566838e-08,-1.6089299571186e-07,1.8541559216092e-07,-5.86557757362595e-08,3.4282774922573e-08,8.7724943792097e-09,8.66625683681622e-08,-1.12052736065606e-07,6.69356236225795e-08,-3.85607503958949e-08,2.49573808121826e-08,1.92747309065399e-08,1.53323010790537e-07,4.12817035114158e-08,7.84132727231954e-08,7.39882035629464e-08,8.52258179978521e-08,2.22401403453838e-08,5.50045142531017e-08,-1.20127819644564e-07,9.01361411898876e-08,-7.49392647123401e-08,3.89154184654315e-08,-1.81254400406703e-06,-1.73636142378474e-06,1.7166138165639e-05,3.08091340060908e-06,-2.68449964041049e-06,2.79236536371957e-07,1.6535230688267e-06,4.01030416447292e-07,2.23213176653175e-06,4.43299155384642e-07,1.72198091485232e-06,9.32997387971589e-07,5.03303175863081e-06,5.43248894935581e-07,-3.33869130257132e-07,-2.16884801994243e-07,6.9364005469395e-08,-4.70932410075196e-09,-2.8778435886689e-09,-8.98067739750954e-09,3.2103870606177e-09,2.38989733054601e-08,-5.76952131995675e-09,3.83657252808689e-09,1.28761459912692e-09,4.88380873036237e-09,2.44161922246063e-09,-3.10376091077849e-06,-2.21335121472419e-05,1.7857318756302e-05,1.11532030768737e-05,-4.53239009051461e-06,-3.57010773469416e-07,-1.65812906520365e-06,1.24876642824547e-06,2.99203973242233e-06,-5.39741815883441e-07,1.11943630092142e-08,6.38203602419753e-05,-2.1153998229434e-05,-3.30573679638553e-05,3.00178888401803e-05,3.34855785034181e-07,1.98291291209237e-07,-2.43228164979029e-06
"north_west","beta16",5.68070048086669e-08,-6.27748702497624e-07,9.84030040905601e-08,1.12914190113656e-08,-2.54034400681685e-07,2.16798558908051e-08,-4.98427304185156e-08,2.28495733802524e-08,-1.92463764620509e-08,4.219266191225e-08,-6.93262374284907e-08,3.62243495978894e-08,4.86628678127444e-09,6.10718868258286e-08,3.07820202212768e-11,3.12921878196362e-07,3.5823949146352e-08,4.50682437356593e-09,5.60578895088782e-08,-1.59420178094793e-08,2.82978110064199e-08,2.49134047391385e-08,3.11057249617633e-08,6.13259669200058e-09,7.15832502958663e-08,8.23317439764309e-09,-1.37438849395773e-08,3.73162979167259e-08,4.40039137691038e-08,1.22265162264816e-08,1.37545161428159e-08,9.440039550474e-09,2.90873052912915e-08,1.26167345106047e-08,6.4668177520382e-09,-1.18828920597083e-08,2.53908381903186e-08,-6.81681093602282e-09,-1.51302189860233e-09,-4.68571452769102e-09,-7.72234872804333e-08,2.64700593477262e-07,-3.13892731736288e-06,-3.62604208249563e-07,-2.24702620021464e-07,4.01421208889979e-07,-6.241586179193e-07,2.57277021865787e-07,-3.12665309091576e-07,-4.66805150107575e-08,-1.85390858566103e-07,-3.22370624035632e-07,-1.35576569114025e-06,-2.02529402335376e-07,-9.17211224930866e-08,7.84893829601566e-08,6.45467020899624e-08,1.09947085109473e-09,7.15790619811113e-10,3.11639103634589e-09,-2.78066123753878e-10,-2.32121939376064e-09,3.0748438106289e-09,-9.6604112446361e-10,2.61085173521674e-10,-6.69480819322842e-10,5.1648500423062e-10,-9.00183762105472e-07,4.03772386902972e-06,-3.31115298495714e-06,-5.97546096568469e-07,5.4529263197259e-07,3.75640687377579e-07,6.89655759370566e-07,-7.24525917218002e-07,-5.71600092174565e-07,1.00015442715048e-07,-2.04212646572757e-09,-0.000115942573700375,-2.15740353573279e-07,1.48045772848207e-06,-7.92658879191996e-05,-1.16031849978583e-06,2.33949927889007e-07,6.89467175981501e-08
"north_west","beta17",-1.92895416158071e-08,3.23598121374944e-06,-6.10606479286262e-08,5.03103651518603e-08,-4.91160311155122e-08,4.98802277845401e-11,-1.76532115100178e-09,-9.32198995426566e-09,1.5408314723192e-08,-3.11108277444774e-08,6.25774178273273e-08,4.86628678127444e-09,6.12563806290303e-08,-8.521329704156e-09,4.69750332499253e-08,1.54612742896947e-07,2.21167929174008e-08,4.71004568318578e-08,1.10705819835423e-08,5.85466970835463e-08,1.7435929266279e-08,5.46323386353758e-08,4.00214364070715e-08,5.62851235391196e-08,5.52340201843961e-08,4.00167486958832e-08,-2.36073734501012e-08,6.49735070044055e-08,5.69470436030612e-08,8.84455911060002e-08,2.39322965539703e-08,5.62444900959647e-08,2.71012785812947e-08,1.07337552837066e-07,1.6264709578498e-08,3.83329537046733e-10,-1.94844099149447e-08,2.80500625539497e-08,-2.09845280105329e-08,1.03291868186964e-08,-6.8958113699791e-07,-1.32436774666664e-07,1.78232082208396e-06,4.8339420771125e-07,-2.22873301749507e-07,9.16341570742831e-07,-6.5867685636513e-07,1.66005139551479e-07,3.54889684384649e-07,7.09161485049425e-08,9.05179712938431e-08,-1.28202472694225e-07,7.47196713378367e-07,-8.15451365748466e-08,-1.34692065991626e-07,-1.66162835759252e-08,8.89075825897494e-07,-9.30397023157235e-10,3.48853953195852e-10,-1.92637228560566e-09,4.02427585395689e-10,3.60463263224386e-09,3.45836996663231e-12,1.93259843032753e-09,1.07868474551726e-09,1.03311125043653e-09,6.0720296419735e-10,-9.64121740662173e-07,-1.54996070103026e-06,-8.06392499067982e-07,1.38884133688875e-06,-9.01887977676996e-07,5.81965631345563e-07,-8.61041523722844e-07,3.04246333067179e-07,2.34961488552809e-07,-2.25698619260289e-07,2.25384334477144e-09,-0.0001591760368616,-8.66954653078121e-06,-3.80068758990765e-06,-1.73360426858441e-05,-1.50815428058286e-06,7.24717014668012e-08,-4.62996492177311e-07
"north_west","beta18",2.82844212204807e-07,2.21158575028281e-06,4.32022524227263e-08,-8.38164105514563e-08,-1.15708498419291e-06,6.30270362861422e-08,-1.3775481248066e-07,1.926300009316e-08,-4.95348236728583e-09,6.07123556213957e-08,-6.74579834009406e-08,6.10718868258286e-08,-8.521329704156e-09,3.17159195570143e-07,-1.5083171411865e-07,1.41979470067344e-06,7.98724824305784e-08,-4.30252741624612e-08,1.12428347872233e-07,-1.30683493464847e-07,6.49942950392023e-08,-1.68603176469954e-08,2.42425331586709e-08,-2.72195970961617e-08,1.06793585002487e-07,-8.18165275203012e-08,-9.46493104903457e-08,4.89288464990979e-08,1.14510254131873e-08,1.44469139674239e-08,-1.20830179067302e-08,-3.11516818722687e-08,8.65045035818515e-08,-4.38305831658128e-08,4.92089323424053e-08,-3.06256032585534e-08,4.17210807712335e-08,-1.68091898530444e-09,-7.08976363938292e-09,-3.19432475198867e-08,-9.55939340486738e-07,-4.25502128016236e-07,-3.06985022934573e-06,1.62047546572092e-06,2.31170263151108e-06,-4.00391529742332e-07,1.99008214014542e-06,-1.56392636025518e-06,-1.58589574906097e-07,-9.11558506815684e-08,8.55323046308875e-07,-1.15913527343671e-07,-2.6068690829029e-06,-5.80227175971158e-07,-9.39215472073881e-07,2.99517260396015e-07,3.95062148214698e-07,-1.42595209142004e-09,3.32295735753703e-09,4.21863165282931e-09,-3.05340684883122e-09,-1.19365183882004e-08,6.04816972814823e-09,-6.96503164834294e-09,-2.59970804614739e-09,-1.05705215254811e-09,-7.03776636783036e-09,-9.23387870009475e-06,3.99796111094146e-06,-1.1547112319292e-05,-4.61854711235452e-06,-7.56053492602055e-07,2.28649126372801e-06,7.62248099534112e-07,7.09721121423754e-07,-4.56851166361515e-06,1.65671705796669e-07,6.8663472288525e-09,-0.000259190156289808,-1.97429702530914e-05,4.88185909066028e-06,-0.000361957410285047,-2.56368737078949e-06,2.43869456118386e-06,1.86643452869377e-07
"north_west","beta19",-1.44218403861464e-07,-5.92825716565993e-06,-8.55544638659529e-08,1.30081128277208e-08,9.37132228878505e-07,-1.00245309039452e-08,7.16723898987819e-08,1.4264464927923e-08,4.03507153569148e-09,-2.18508814937937e-09,5.37315575173834e-08,3.07820202212768e-11,4.69750332499253e-08,-1.5083171411865e-07,2.64840872731161e-07,-1.02394084628941e-06,-5.012611017118e-08,1.01926256951013e-07,2.04893654094016e-08,1.32165134209586e-07,1.88271547264951e-08,1.08428173568301e-07,8.09440928971952e-08,1.13153670549083e-07,6.59612529982766e-08,1.91146835380516e-07,5.45089681637355e-08,5.37833547920848e-08,1.70174610386591e-07,8.94246599214043e-08,9.43795292218612e-08,9.03002002401213e-08,9.55804547706428e-08,-3.07306867024863e-08,-1.3502288732767e-08,-7.6710374821061e-10,2.8683058662949e-08,-2.01986147254386e-08,3.01399318608802e-08,2.25661532816395e-08,1.86091851386386e-06,3.03150348420843e-07,1.39508661996145e-06,-2.15037601378986e-06,-2.70748351774323e-06,-9.39522633955608e-07,1.55631164018247e-07,-2.78315713066174e-07,1.43608461812364e-07,1.40848613259062e-07,-5.5432003616684e-07,-1.46264694871245e-06,8.95064647410437e-07,-1.57795216392933e-07,7.23266705558228e-07,-1.69618557957542e-07,2.83887618948959e-07,3.31636906868736e-09,6.18176878268165e-09,4.32563608873724e-09,7.59079739078075e-09,1.55687219305192e-08,2.83894861038173e-09,7.31987846137219e-09,5.8240593956476e-09,3.19879352443194e-09,7.43756217375764e-09,5.24858886066933e-06,-1.59679668870983e-06,1.44639220633471e-05,3.89966737489031e-06,2.67128636561599e-06,-1.59007655267437e-06,-1.69094230999111e-06,-7.35648169202125e-07,2.2235324567895e-06,-3.00167201605389e-07,-6.43738535751256e-09,-3.51602315848832e-05,4.213910720527e-05,-9.34663072942472e-06,0.000281797739198224,-1.49962629074286e-07,-1.93539551746318e-06,-1.4070456145848e-06
"north_west","beta2",2.38360805607125e-06,2.87261244394685e-05,2.90071109873213e-07,-6.95912256008357e-07,-1.64963148570583e-05,2.57937117897611e-07,-1.18380543703523e-06,-1.98222428040581e-07,1.20357127584981e-07,9.55555368388615e-08,-1.31051139153996e-07,3.12921878196362e-07,1.54612742896947e-07,1.41979470067344e-06,-1.02394084628941e-06,2.83087801729627e-05,1.92751643173351e-07,3.57696483027159e-08,3.49127036742583e-08,-1.15399917207795e-06,5.0018157977959e-07,-3.91330269459522e-07,-1.6184404915041e-08,-7.80656295181123e-07,1.1416802054711e-06,-1.8358480831121e-06,-1.75157617151255e-06,4.83864221874681e-07,-7.40235893230784e-07,-7.5769240495361e-08,-4.77267369261717e-07,-7.88609536928258e-07,1.67617161167804e-07,8.17223290674961e-08,8.84790756378701e-07,-6.14257143732198e-07,1.40985248461113e-07,1.6709468059892e-07,-3.62062729262917e-07,-1.16043847813636e-08,-3.58747633563284e-05,1.7725951180768e-06,-7.63913516762649e-05,1.15753531931645e-05,2.30501863990236e-05,3.61373573019557e-05,-5.30731682781139e-06,2.06821754105433e-06,-8.14120607156353e-07,-8.58631650748318e-07,3.55511332305866e-07,1.33285869426556e-05,-6.02366057055739e-06,-6.5816573504344e-06,-1.47020146565701e-05,2.55380585442629e-06,3.6168721924144e-06,-5.19860225130089e-08,-9.03710444728181e-08,-4.75693697626479e-08,-8.46145987266175e-08,-1.95275667640095e-07,-2.90093912065433e-09,-9.53984576765935e-08,-4.22538197911769e-08,-3.4366974640097e-08,-9.42185095101218e-08,-8.17063659856021e-05,0.000111693272104233,-0.000218609510399604,-6.37375952340677e-05,-4.22348507996989e-05,3.38832105807133e-05,1.56476577765043e-05,9.37276526722538e-06,-3.40415752154245e-05,3.73223185042506e-06,5.06748891800721e-08,-0.00187699995339341,-0.000348801927510696,8.42597359522996e-05,-0.0047589978623027,-2.20362070996615e-05,1.77745544492976e-05,1.20555312080163e-05
"north_west","beta20",1.46115019520439e-07,1.42107104689302e-06,2.07147076013803e-07,-1.25746550689297e-08,-2.64783213950028e-07,4.19643316991443e-08,-9.04655146678765e-08,6.60173805862215e-08,-6.58050511543061e-08,8.47401944641442e-08,-7.02007501361439e-08,3.5823949146352e-08,2.21167929174008e-08,7.98724824305784e-08,-5.012611017118e-08,1.92751643173351e-07,1.60750427027616e-07,-4.31422320845635e-08,1.80366992007643e-07,-3.14700773343754e-08,6.91189710336807e-08,7.1406141183735e-08,5.12574979813913e-08,6.92880360070334e-08,9.63585049080667e-08,9.6751373074393e-08,-7.87235594145855e-09,6.23472700114274e-08,1.18709606002232e-07,4.61234616958838e-08,2.97893231627062e-08,6.26187892273321e-08,5.04252729193236e-08,8.32129776616654e-08,5.4952288523755e-09,-1.88255751759411e-08,3.78480461842883e-08,-1.09163683798575e-08,1.76265835913944e-09,-1.27947813048745e-08,5.47837131062434e-07,1.89972430549149e-07,-2.60978616903165e-06,-8.35835332591264e-08,1.40668452668552e-07,1.10576087471894e-07,-1.60172379242355e-06,5.71950996604023e-07,-6.03935310770442e-07,-1.43732656822318e-07,-3.16459014663146e-07,-7.08529950040869e-07,2.61243188973629e-08,-1.73231014894721e-07,-9.9007870989201e-08,1.42344420586785e-07,-3.97025727574537e-07,1.31924538613678e-09,1.09324738665173e-09,6.84724347867406e-09,-4.29415623720089e-10,-5.3010096234895e-09,5.16912288424058e-09,-2.84769980417897e-09,-2.44734628878675e-10,-1.829081106045e-09,-2.56697337477551e-09,-1.49468754186745e-06,3.26614640428022e-06,-3.62190324259836e-06,-1.35766853223888e-06,3.20416760874492e-06,-1.49412131347039e-06,-9.79819559631865e-07,-7.94173725411202e-07,-1.17525494647643e-06,6.81869861940244e-08,-2.72233639624953e-09,-0.000188534349951828,-1.39048867535937e-05,2.82111222217944e-06,-8.98383793707288e-05,-1.8364467287859e-06,-7.1582580250832e-07,1.11371080865144e-07
"north_west","beta21",-1.29236637995723e-07,2.93288961113776e-06,-2.06865251194307e-07,9.16952993095118e-08,-5.89417623760167e-09,-1.14015895499639e-08,3.91428111620025e-08,-5.82755435769674e-08,5.32852084536619e-08,-7.84907753386154e-08,8.17155566838e-08,4.50682437356593e-09,4.71004568318578e-08,-4.30252741624612e-08,1.01926256951013e-07,3.57696483027159e-08,-4.31422320845635e-08,1.49680320413622e-07,-1.25041840493512e-07,1.47152721714192e-07,1.63009905284006e-09,7.30788153189072e-08,5.95386490514115e-08,4.24529194270965e-08,9.77307745444229e-08,1.79752085945073e-08,-1.82636875915274e-08,9.74226413242279e-08,4.45199523204822e-08,1.28989091375936e-07,3.08505024571083e-08,5.48091654691219e-08,3.13909106866831e-08,1.33585018792308e-07,1.28467955347005e-08,8.370077005069e-09,-3.65198883646487e-08,3.04544969749923e-08,-1.74031192099957e-08,8.92010097408e-09,-1.7850127568558e-06,-3.59072611556761e-07,9.5023390927685e-07,2.93349721281361e-07,-4.92700741074168e-07,5.00535625745745e-07,-3.86827664714083e-07,3.64956930100878e-07,4.43379081371992e-07,1.53768341354951e-07,-1.01163337642525e-07,2.05984831457665e-07,1.60526135403837e-07,1.81524975569606e-07,-5.50975624041948e-08,-1.08467992473645e-08,1.12689611343856e-06,-1.84024847230464e-09,-1.03985954642596e-09,-6.67599882805128e-09,2.89868180548023e-10,6.16261781986849e-09,-2.57276967177309e-09,4.04286030026125e-09,1.35475359560506e-09,1.71456429359728e-09,1.72378950651172e-09,2.14153195435755e-07,-8.8087716523698e-07,-2.15730144459829e-06,1.77682619969687e-06,-2.19616579345499e-06,1.01869252062926e-06,2.787889299431e-07,-4.89566407231603e-07,1.38352720507155e-06,-3.58705439750208e-07,-3.91192865987577e-10,-0.000122368739730578,-2.60865722030208e-05,-1.08143666766797e-05,-3.13953944190928e-06,-1.131768754779e-06,-9.36601057266832e-07,-5.50312864436418e-07
"north_west","beta22",1.91793501807277e-07,-6.3314498219325e-06,4.61522736422157e-07,-1.66403673246715e-07,-1.16364746410916e-07,8.07445498104628e-08,-1.16120252486375e-07,1.15664002152745e-07,-1.06651106936528e-07,1.94922945527951e-07,-1.6089299571186e-07,5.60578895088782e-08,1.10705819835423e-08,1.12428347872233e-07,2.04893654094016e-08,3.49127036742583e-08,1.80366992007643e-07,-1.25041840493512e-07,6.30325864073144e-07,-4.04826734886967e-07,1.63556595225531e-07,8.82604898413122e-08,1.06981324827018e-07,1.05894294038247e-07,1.3765022323517e-07,2.21140109192364e-07,4.68782540933893e-09,3.90951205911122e-08,2.5614266866019e-07,1.97821318866492e-08,7.69393677800396e-08,8.44435621214515e-08,1.64691072315035e-07,-1.10513666050622e-07,1.3912000103226e-08,-5.8066662768743e-08,1.3473841038341e-07,-4.04411466943999e-08,-2.37402555817875e-08,-1.96008487971724e-08,3.17888307524416e-06,3.0242436796277e-07,-3.50749858988045e-06,-1.33222184400671e-06,-1.63442901429461e-06,-2.19828274815889e-06,4.06044572275167e-07,-3.46999163996008e-07,-1.1615367417465e-06,-3.76451148900616e-07,2.62375829666842e-09,-2.03950857307116e-06,1.83900689071215e-06,-3.1516176783241e-07,6.16824381547752e-08,1.58193470685465e-07,-1.55775444088554e-06,5.57714055889726e-09,9.57959603352517e-09,1.94779071033432e-08,4.68010764338529e-09,2.7481628963117e-09,1.18304604754412e-08,-3.19390386615617e-09,2.85848065025349e-09,-1.37328610008869e-10,-2.1052542410892e-09,-3.92346369000675e-06,1.99973359613081e-06,9.52219773744065e-06,3.47278082389813e-07,6.0043126520679e-06,-2.3632370755203e-06,-4.21342360577414e-06,-3.60126505882956e-07,-2.52555606613135e-06,3.9028434743558e-08,2.07610851781065e-09,-0.000214486542134068,5.28807546311837e-06,1.58078889246823e-05,-5.10184604396683e-05,-1.87977425548377e-06,-1.02760809750109e-06,-3.23980098021826e-07
"north_west","beta23",-2.81522901549669e-07,5.45641088055616e-06,-3.93412641040535e-07,1.8559702282028e-07,1.06444009855462e-06,-3.87582330089269e-08,1.2325532176482e-07,-5.59437983677264e-08,7.64936125374011e-08,-1.76161694247512e-07,1.8541559216092e-07,-1.59420178094793e-08,5.85466970835463e-08,-1.30683493464847e-07,1.32165134209586e-07,-1.15399917207795e-06,-3.14700773343754e-08,1.47152721714192e-07,-4.04826734886967e-07,8.01071321830015e-07,-2.47738400498332e-07,2.10575810076514e-07,-2.18589163277143e-08,1.58336491556897e-07,-1.51834737974683e-08,1.30136735506546e-07,6.87067435025823e-08,9.41969014733052e-08,6.18461132368262e-08,1.48273825273734e-07,6.25419385485816e-08,1.24508761017713e-07,-7.80521195513119e-08,3.67318197139551e-07,-4.29580662574566e-08,6.68190659262061e-08,-1.04924619097461e-07,3.87650203295058e-08,5.02070582886304e-08,2.15859315058526e-08,-1.78085771532621e-07,-6.44365997592959e-07,6.01637766298296e-06,-5.44585499679825e-07,-1.61872021373372e-06,9.89120646976336e-07,-4.06847855348046e-06,1.02004838992114e-06,9.96141774664606e-07,4.55776725777065e-07,-1.02843614952157e-06,-1.14364054365546e-07,-1.94864583611362e-06,-3.5925496223735e-07,5.38546545206573e-07,-1.97395017050329e-07,1.87795530371556e-06,-6.19881804660462e-10,3.28750448256774e-10,-9.29117926262251e-09,3.00128942771376e-09,1.68487543764554e-08,-3.06966615480148e-09,8.42234933555887e-09,4.73037263542752e-09,1.86750991325037e-09,7.67062865768253e-09,8.64470835978224e-06,-5.4473812890024e-06,7.1274071288639e-06,4.93361888547888e-06,-1.81165118440793e-07,-2.00722482918578e-06,3.01859607462996e-06,-3.00628842121449e-06,5.90000553079871e-06,-3.26614033257443e-07,-9.75384286116606e-09,-2.1160714302054e-05,-2.76640556431598e-05,-2.99786229386239e-05,0.000329889552667251,1.2466765044415e-08,-1.78519866496583e-06,-1.63824078442291e-06
"north_west","beta24",8.0249490675913e-08,7.93421736875179e-07,1.12729988205942e-07,-1.51300702842726e-08,-5.35868054826411e-07,4.26215561331921e-08,-9.45964189887259e-08,5.61870456387206e-08,-4.9362823456198e-08,1.1574350413754e-07,-5.86557757362595e-08,2.82978110064199e-08,1.7435929266279e-08,6.49942950392023e-08,1.88271547264951e-08,5.0018157977959e-07,6.91189710336807e-08,1.63009905284006e-09,1.63556595225531e-07,-2.47738400498332e-07,2.29609828141842e-07,-7.27140969806999e-08,1.37322835965497e-07,-1.82132268186416e-10,1.3579243220909e-07,5.54006150690886e-08,-4.09441333281974e-08,4.65077294306933e-08,1.19095012578002e-07,4.53995801120385e-08,3.34560991985844e-08,2.6535024773661e-08,1.16263640084814e-07,-7.51905374089965e-08,3.41471408185092e-08,-4.87365946986994e-08,8.91283407635982e-08,-3.60343998383359e-08,-7.20905103115724e-09,-1.60297921798459e-09,-6.2181667822154e-07,1.45667173957223e-07,-2.56843579691798e-06,-6.79517728541561e-08,-1.00778783314291e-06,3.75435052824921e-07,1.37000105379352e-06,-6.04023101307972e-07,-4.0159489486907e-07,-5.03380853978455e-08,3.00601107784112e-07,-7.65999828825879e-07,2.52292706396869e-06,9.2743960837278e-08,-3.30687401624544e-07,8.10782309595929e-08,-6.20089762246751e-07,1.21026138450595e-09,3.0261990406034e-09,8.6070428916909e-09,1.84834024782457e-09,-2.64967085800745e-09,6.67891983147046e-09,-2.51956096732446e-09,2.00173163746566e-10,4.09596935991957e-10,-2.13850604464316e-09,-2.87733613528684e-06,3.06211488274474e-06,-9.55014572992237e-07,6.53096761661588e-07,1.83036160772539e-06,-2.22802914710262e-08,-3.0441768148265e-06,1.55575279516067e-06,-2.88462002696703e-06,-1.39962537396292e-07,1.76492362525453e-09,-0.000136352056699877,-3.13986118752894e-07,7.31567724132553e-06,-0.000181070702833878,-1.47268875602711e-06,-2.97488651287474e-07,-1.66173574742787e-07
"north_west","beta25",-5.03661464024395e-08,4.27234078450094e-07,1.04147345896654e-07,1.93384221687812e-08,3.26906670479108e-07,2.05205346159316e-08,5.34755413688613e-09,9.18828418597089e-09,-5.00326269738187e-09,-1.33690400394036e-08,3.4282774922573e-08,2.49134047391385e-08,5.46323386353758e-08,-1.68603176469954e-08,1.08428173568301e-07,-3.91330269459522e-07,7.1406141183735e-08,7.30788153189072e-08,8.82604898413122e-08,2.10575810076514e-07,-7.27140969806999e-08,2.62837422556524e-07,-8.59816355085495e-09,1.9646244459754e-07,1.15322884611241e-07,1.7416635118235e-07,2.10386808273947e-08,1.30208203297383e-07,1.77476800218079e-07,1.48595831572797e-07,8.53502385252945e-08,1.21466261703969e-07,9.17291157469494e-08,1.49195292614492e-07,-6.12880718374818e-09,8.74334117147525e-09,-1.48991268698792e-08,2.32963354753504e-08,-5.34357269232823e-09,-2.83270651286665e-09,8.83998423394703e-07,-2.8526322920224e-07,-6.27470161975679e-07,-9.53100660758901e-07,-7.32072720794854e-07,-3.6029393380778e-07,-2.47642474306599e-06,7.60735265071362e-07,-1.31656551205769e-07,-1.81204320004042e-08,-5.69252061531419e-07,-9.79395105466851e-07,-1.02668821187588e-06,-6.96927212098818e-08,4.34525847981883e-07,6.61395645958677e-08,5.09170645836151e-07,2.64126585693198e-09,4.70468767118785e-09,2.72411941110961e-09,3.01222824469268e-09,1.04763950887098e-08,3.2681595672659e-09,4.167442058348e-09,3.52400525280183e-09,1.69970040340193e-09,4.59580822223445e-09,1.26353266988481e-06,1.03794260227169e-07,3.25275598545695e-06,3.61241260418553e-07,1.89477398426558e-06,-1.78875938061153e-06,3.10759162633186e-07,-2.93967223094156e-06,2.21806221010486e-06,-1.16836571940169e-07,-5.79656488326442e-09,-0.000195358020855543,-2.38881098567917e-05,-1.65364203182006e-05,9.73268893843238e-05,-1.64721873831501e-06,-1.79883002257946e-06,-1.24835884008771e-06
"north_west","beta26",-7.06040647630246e-08,8.97558462969405e-08,-1.48401177022048e-07,5.24303587818726e-08,3.69596360133233e-10,2.15810111470845e-08,-1.06155304394716e-08,1.11843083507902e-08,8.29975401187404e-09,3.3624900833294e-08,8.7724943792097e-09,3.11057249617633e-08,4.00214364070715e-08,2.42425331586709e-08,8.09440928971952e-08,-1.6184404915041e-08,5.12574979813913e-08,5.95386490514115e-08,1.06981324827018e-07,-2.18589163277143e-08,1.37322835965497e-07,-8.59816355085495e-09,2.48762355176887e-07,-5.89563754177283e-08,2.1334083989225e-07,9.89421075373126e-08,-4.34226430375207e-09,9.36565900541058e-08,1.6647542884428e-07,9.23020646934096e-08,5.86538917273962e-08,8.39660775168405e-08,7.55521917232324e-08,1.04682284103824e-07,1.12178316514277e-08,-1.55610785952621e-08,4.75764471029592e-08,-1.185858536499e-08,2.10023259918045e-09,8.9344297450648e-09,-4.87361218180402e-07,1.55558562174173e-07,2.33902385618479e-06,2.5218044541148e-07,-2.17183695704959e-06,1.10453093635029e-07,1.20842310290281e-06,-1.89181654528583e-07,8.29259939230174e-08,7.25870461369695e-08,2.40778134322995e-07,-9.17639254166071e-07,3.36722347466074e-06,-2.06849863529788e-07,-1.60254130730196e-07,-2.76462171625276e-09,1.71073748937027e-07,1.68014477133681e-09,6.35694653026418e-09,6.62708546944962e-09,4.30197804641098e-09,1.12597889193597e-08,6.02996973015986e-09,2.40326074955521e-09,4.0793302851914e-09,2.16223831261695e-09,5.09548933661138e-09,-1.12052751659813e-07,-2.38476550736687e-06,5.12656128729387e-06,4.74668137876921e-06,5.12478933859757e-07,-6.94609009220878e-07,-3.17178276815368e-06,4.02790854801235e-07,-2.19440345411958e-07,-5.10277980864319e-07,4.80794339252366e-09,-0.000144299039591593,-1.0750865138159e-05,9.31014229768538e-06,-1.32968028222189e-05,-1.39644409999846e-06,-8.60255028575352e-07,-6.87409182590727e-07
"north_west","beta27",-1.21301824626469e-07,6.88681603404923e-07,4.62230848494632e-08,3.86869158005274e-08,7.7371234052909e-07,3.38053055598853e-08,1.10348744116709e-08,3.25921479785169e-08,-1.15123306110549e-08,1.66727490199889e-08,8.66625683681622e-08,6.13259669200058e-09,5.62851235391196e-08,-2.72195970961617e-08,1.13153670549083e-07,-7.80656295181123e-07,6.92880360070334e-08,4.24529194270965e-08,1.05894294038247e-07,1.58336491556897e-07,-1.82132268186416e-10,1.9646244459754e-07,-5.89563754177283e-08,4.48283242586516e-07,-1.70027561486878e-07,3.31567870233279e-07,1.62241497591465e-08,9.18781424861558e-08,2.1639761715236e-07,1.9069353054286e-07,1.18624274188531e-07,1.43454529818471e-07,1.6603948977888e-07,2.08978432597181e-08,8.01278037102312e-09,2.86924226827419e-10,1.55982386409384e-08,2.20752145350984e-09,1.86511816685327e-08,-2.98743529616267e-09,1.19459666680263e-06,-1.11361213118271e-06,4.27689448297321e-06,-1.33390728944374e-06,-2.94697238201172e-06,-2.66504288442045e-06,-1.90417227919439e-06,-2.14945899943294e-07,4.43732923562434e-07,1.35617391588407e-08,-1.90195109490134e-07,-1.75821510449503e-06,7.18710843218755e-07,3.15969531691172e-07,4.72036336182715e-07,-7.16073165527778e-08,1.38360847515128e-07,2.61745989663955e-09,1.21756075635088e-08,8.09062840393742e-09,1.06541736714234e-08,1.83912950358556e-08,4.9629470019934e-09,7.74752985953522e-09,5.90592807527077e-09,3.55434339768635e-09,3.81399004560019e-09,1.53214004446368e-06,-5.94287905688035e-06,1.67082455564445e-05,4.94611006751338e-06,3.4431401547319e-06,-2.90915027729039e-06,-1.47907982705921e-06,-8.254738900257e-07,1.60353726351463e-06,-4.05937711281347e-07,-6.55012897342844e-09,-0.000112374177318089,-8.24561163671014e-06,-3.30204473937602e-05,0.000226158777104703,-7.47928786935334e-07,-1.65466043599194e-06,-2.75970054818438e-06
"north_west","beta28",7.94317174513811e-08,1.34437225056672e-06,9.06893419329959e-08,-1.85935716331406e-08,-1.21679964232295e-06,6.03683964888571e-08,-1.35335023430539e-07,3.48191208222289e-08,-2.82008115863128e-08,1.02872979820009e-07,-1.12052736065606e-07,7.15832502958663e-08,5.52340201843961e-08,1.06793585002487e-07,6.59612529982766e-08,1.1416802054711e-06,9.63585049080667e-08,9.77307745444229e-08,1.3765022323517e-07,-1.51834737974683e-08,1.3579243220909e-07,1.15322884611241e-07,2.1334083989225e-07,-1.70027561486878e-07,7.10919128577268e-07,-1.8626058177144e-07,-5.34909464768991e-08,2.3815441971611e-07,1.828482766167e-07,1.27804536353421e-07,5.14559565021255e-08,8.17347578234147e-08,9.78343655723972e-08,2.22677265437414e-07,3.0849502607431e-08,-4.14508563212732e-08,5.40149372405722e-08,1.49841354240247e-08,-5.64651653991277e-08,-3.33947850791616e-09,-1.18046380105772e-06,6.96471723618568e-07,-9.63368262612102e-06,1.73034716068881e-08,1.37567361290932e-06,4.40097167800941e-06,-1.06789562583369e-06,2.95515375314826e-07,-1.07432751987208e-06,-6.04673323458722e-08,-4.86199937216415e-07,-4.94634497333833e-07,-7.31583510665513e-07,-7.59563038801996e-07,-4.31411445527593e-07,2.58740528708087e-07,1.27281057968504e-06,2.63285507041044e-09,2.57934580450239e-09,8.31171109143519e-09,-2.88925650218894e-09,-8.5427437935429e-10,1.01422024077896e-08,-4.61932025258599e-09,1.2586344577739e-09,1.64372141691451e-10,3.25780038905624e-09,-4.89629127392627e-06,1.16800731423852e-05,-1.70280127682374e-05,-5.37303091327932e-06,-2.82738523548504e-07,8.04125788792195e-07,2.04248970556369e-07,-8.31533987057063e-07,-2.4840673798382e-06,-6.24479294658868e-08,-2.00060778714222e-09,-0.000364790099121905,-3.9222390291619e-05,1.17831083147412e-05,-0.000390161490241515,-3.69925494352491e-06,-6.80312605252651e-07,1.01366250648609e-07
"north_west","beta29",-1.84171972120484e-07,-3.62785897396655e-06,-5.34272679932197e-08,3.31778369769652e-09,1.60894551142078e-06,2.97708954022475e-08,6.84634243822401e-08,6.73964139811522e-08,-3.06594948684459e-08,5.1758854930223e-08,6.69356236225795e-08,8.23317439764309e-09,4.00167486958832e-08,-8.18165275203012e-08,1.91146835380516e-07,-1.8358480831121e-06,9.6751373074393e-08,1.79752085945073e-08,2.21140109192364e-07,1.30136735506546e-07,5.54006150690886e-08,1.7416635118235e-07,9.89421075373126e-08,3.31567870233279e-07,-1.8626058177144e-07,6.47714748551535e-07,8.6154962363532e-08,-4.56693041799923e-08,3.84094319168269e-07,1.28649794660082e-07,1.72615002695496e-07,1.73668809917179e-07,2.11635237644843e-07,-9.35545163525991e-08,-1.49761645869278e-08,-2.23818951463897e-08,1.15831301556307e-07,-7.86631269913456e-08,7.89215915260619e-08,3.91485078401529e-09,3.45129901905007e-06,-1.00024835770793e-06,8.54884144280196e-06,-2.19326151222626e-06,-5.84810620014993e-06,-4.63099720162093e-06,3.00795886456691e-07,-9.45042692560852e-08,2.10484619320548e-07,1.72691801102702e-07,2.55769575716858e-07,-3.02851326338125e-06,5.17076300817824e-06,8.69474366474343e-07,1.27470542935986e-06,-1.49952030506176e-07,-2.14946008261264e-06,7.15285159566687e-09,1.64020074455217e-08,1.74099170958357e-08,1.55290351368576e-08,2.87200794244489e-08,9.18878116180786e-09,8.6478391415531e-09,8.37826469871202e-09,6.97433138795454e-09,1.0228482930964e-08,7.40991831605109e-06,-1.21916017402231e-05,3.29665399793737e-05,1.09430294152606e-05,7.32580165519211e-06,-5.80121665073479e-06,-5.56626436958815e-06,-8.7070423305065e-07,2.46222611224786e-06,-6.96174711312132e-07,2.8070226992035e-10,-2.58809767646044e-05,2.8266181336345e-05,-1.5130237294929e-05,0.00047854055414126,1.8549824983492e-07,-3.00412416673841e-06,-3.18465172546086e-06
"north_west","beta3",-1.96243960352839e-07,-5.59842311274332e-06,3.29228056235843e-07,-1.03112830069731e-08,9.28450463173059e-07,2.30026376924434e-09,3.3319420792181e-08,5.23354754679869e-08,-4.94521525209984e-08,1.50154044337018e-08,-3.85607503958949e-08,-1.37438849395773e-08,-2.36073734501012e-08,-9.46493104903457e-08,5.45089681637355e-08,-1.75157617151255e-06,-7.87235594145855e-09,-1.82636875915274e-08,4.68782540933893e-09,6.87067435025823e-08,-4.09441333281974e-08,2.10386808273947e-08,-4.34226430375207e-09,1.62241497591465e-08,-5.34909464768991e-08,8.6154962363532e-08,1.977764294713e-07,-4.02474060901323e-08,4.75619219913603e-08,-8.28985401244784e-08,2.19163267880168e-08,5.95966356606171e-09,-4.55335615785412e-08,-3.88729626297972e-08,-1.23119376844056e-07,8.79743732930945e-08,-3.23035572142946e-08,-1.70798232664615e-08,3.98384659380826e-08,-2.20408197835751e-08,1.94593077607052e-06,9.56689575308196e-07,-6.85582652907762e-07,-1.96578803529359e-06,-2.37911123302813e-06,3.24070264278773e-07,-1.39170722797447e-06,2.5147490320029e-07,-2.21429134262074e-07,-2.9432193152883e-08,-5.36702926470687e-07,-9.5145824263924e-07,-7.20798654823012e-07,5.64338525356969e-07,9.50978942223792e-07,-1.57794792342779e-07,-1.02656748585949e-06,5.82265271420522e-09,1.8969410345089e-09,6.98185206197639e-09,4.3754652213017e-09,5.25992728904439e-09,1.60989545513981e-09,4.77909261157306e-09,3.12997312615295e-09,1.15191887248936e-10,1.03192924167158e-08,7.39449209770333e-06,-8.45181952834912e-07,1.05177232442351e-05,4.16003208152944e-06,4.41682135157244e-06,-3.10994598651366e-06,5.35811379275918e-07,-1.85470325340453e-06,2.4280940921869e-06,1.74133879506463e-07,-1.14169774057763e-08,0.000124990403899105,2.53799130662982e-05,9.52279557984971e-06,0.000280196492883696,1.45100270289093e-06,-1.20795976441565e-06,9.70360393491219e-08
"north_west","beta30",1.31210320979433e-09,4.7814750366569e-06,1.09343230045714e-08,8.18293299476913e-08,-4.41514881639597e-07,2.39948344530354e-08,-3.86777348676453e-08,7.44672068926695e-11,2.42455723135983e-09,1.54994218269317e-08,2.49573808121826e-08,3.73162979167259e-08,6.49735070044055e-08,4.89288464990979e-08,5.37833547920848e-08,4.83864221874681e-07,6.23472700114274e-08,9.74226413242279e-08,3.90951205911122e-08,9.41969014733052e-08,4.65077294306933e-08,1.30208203297383e-07,9.36565900541058e-08,9.18781424861558e-08,2.3815441971611e-07,-4.56693041799923e-08,-4.02474060901323e-08,2.70280598051178e-07,6.35032918826026e-08,1.8847585694651e-07,3.29244978475744e-08,9.78939354941842e-08,5.75832766286008e-08,2.3841420082284e-07,2.12164460605651e-08,8.24763100588257e-09,-4.22243008396531e-08,6.03528964418398e-08,-4.16705858540704e-08,2.47713477457167e-09,-1.21064421975701e-06,2.45416503181613e-07,-1.03603481888329e-06,7.45726200801926e-07,-4.81213471670504e-08,1.18713978335685e-06,-1.14709048030939e-06,1.25004009571312e-08,2.76860468234118e-07,-2.07784383157779e-09,-3.76465382036192e-07,-3.04631897826861e-07,-3.03926015364167e-06,-7.31557104370024e-07,-4.46936080778318e-07,8.84620061758079e-08,1.87070345299941e-06,8.49219728094107e-10,4.0203925046128e-09,-9.95728650607781e-10,6.0035618977636e-10,8.37547074455082e-09,3.63757339234489e-09,2.54604019961732e-09,2.8001331467363e-09,7.3905244721801e-10,-3.92723626884198e-11,-3.4436460316609e-06,2.20237207218486e-06,-6.64988584549492e-06,3.67950358520787e-07,-7.66279098380187e-07,8.16457629106355e-08,2.33440202608012e-06,-2.0750107091243e-06,1.45433034517807e-06,-1.81114034084315e-07,-2.87405576050448e-09,-0.000256234664342471,-4.77031401452375e-05,-1.46301344662957e-05,-0.000147121212935996,-2.48796425500627e-06,-7.08318571533823e-07,-5.22006667541247e-07
"north_west","beta31",-1.77273531826263e-07,-3.0083341170987e-06,1.16171198330828e-07,-5.54176737706981e-09,4.93273364105623e-07,7.35880214299652e-08,-4.99987624565049e-08,6.97647780575246e-08,-3.10037093710702e-08,7.3058341905447e-08,1.92747309065399e-08,4.40039137691038e-08,5.69470436030612e-08,1.14510254131873e-08,1.70174610386591e-07,-7.40235893230784e-07,1.18709606002232e-07,4.45199523204822e-08,2.5614266866019e-07,6.18461132368262e-08,1.19095012578002e-07,1.77476800218079e-07,1.6647542884428e-07,2.1639761715236e-07,1.828482766167e-07,3.84094319168269e-07,4.75619219913603e-08,6.35032918826026e-08,4.5952087788265e-07,1.07863075777616e-07,1.86473190382622e-07,1.5737376645255e-07,2.44598605408458e-07,1.784921841564e-08,-3.16588567225853e-09,-3.41437188152313e-08,1.29259308909188e-07,-6.15953385669269e-08,1.92217614616124e-08,1.86353811512412e-09,1.20875854078172e-06,-3.19655334616882e-07,-4.4329462944738e-07,-2.16205530936114e-06,-4.36264323443859e-06,1.13691292372395e-08,-1.26138997325203e-06,4.23449372487265e-07,-5.41492179739866e-07,6.30565345652437e-08,1.74175328349697e-07,-2.696402288339e-06,2.40424861399112e-06,5.52105521398118e-07,7.61514311050729e-07,-2.33352136940378e-09,-1.77850234676324e-06,9.12807216660461e-09,1.60913137486759e-08,2.21472749380668e-08,1.18329526053352e-08,2.25938653598543e-08,1.4599074383287e-08,5.76222992581018e-09,8.26111379316998e-09,5.52758958398176e-09,1.26273008303419e-08,3.93240389883699e-06,-1.21185203070801e-06,1.59844509705199e-05,5.87145374373571e-06,4.83606181816564e-06,-3.25207054730801e-06,-3.14820440944523e-06,1.08945129016854e-07,-1.30846675122408e-06,-3.76501375451654e-07,-4.76939401428577e-09,-0.000211102354253349,7.42945309672501e-06,2.55624433141591e-06,0.000131832917805174,-1.73560867637118e-06,-2.1395098739089e-06,-2.76321770341108e-06
"north_west","beta32",1.20648713792184e-07,6.01566677057208e-06,-6.09097486216688e-07,1.99347490406606e-07,2.05483505591383e-07,-1.38326166269196e-08,7.22074246018195e-08,-4.85212036925646e-08,6.31158292570526e-08,-5.94548499791934e-08,1.53323010790537e-07,1.22265162264816e-08,8.84455911060002e-08,1.44469139674239e-08,8.94246599214043e-08,-7.5769240495361e-08,4.61234616958838e-08,1.28989091375936e-07,1.97821318866492e-08,1.48273825273734e-07,4.53995801120385e-08,1.48595831572797e-07,9.23020646934096e-08,1.9069353054286e-07,1.27804536353421e-07,1.28649794660082e-07,-8.28985401244784e-08,1.8847585694651e-07,1.07863075777616e-07,6.53817767032344e-07,6.18595100845815e-08,4.10907076770873e-07,1.53965766522644e-07,4.94870264749234e-07,6.4809749924805e-08,-9.08229564991531e-09,-5.19677774812379e-08,8.0068470938549e-08,-2.73263218079981e-08,1.97895000257523e-09,-9.30889553798785e-07,-2.23077739281347e-06,9.66363316566883e-06,2.4100796373986e-06,7.00708347885965e-07,-2.5655294695041e-06,5.31959699936502e-08,1.50487400755593e-07,1.14327038700604e-06,3.9587117131004e-09,5.64085190714295e-07,-2.22050190686193e-07,3.41053871423404e-06,5.30256054583692e-09,-3.72014530937916e-07,1.9973662240589e-09,2.52451618627381e-06,-4.38213930172934e-09,1.0147356853148e-08,-4.73107406718577e-09,4.58690170442378e-09,2.44950759360672e-08,-1.87896896999528e-09,6.95972117930934e-09,3.80468624556791e-09,6.74810358107892e-09,2.38331683668074e-09,-4.56307375899828e-06,-1.30140881917602e-05,6.52507269198456e-06,1.33425132543301e-06,-1.6664554949602e-06,-1.32453060924003e-06,-3.74324736977607e-06,-1.80334983913662e-06,3.42599615649705e-06,-1.15827357611218e-06,3.19559413867017e-09,-0.000220078320606195,-5.534963926119e-05,-0.000111606156107889,4.03635054226631e-05,-2.00972009538879e-06,-1.0992003408712e-06,-6.04444826361975e-06
"north_west","beta33",-1.87150995410968e-07,-4.3926366795774e-06,-5.14050511663101e-08,-5.92098486015271e-09,3.56031092287544e-07,4.20382324217392e-08,-2.99650375647068e-08,1.77270763124605e-08,2.3047073535807e-08,-1.05938006089537e-08,4.12817035114158e-08,1.37545161428159e-08,2.39322965539703e-08,-1.20830179067302e-08,9.43795292218612e-08,-4.77267369261717e-07,2.97893231627062e-08,3.08505024571083e-08,7.69393677800396e-08,6.25419385485816e-08,3.34560991985844e-08,8.53502385252945e-08,5.86538917273962e-08,1.18624274188531e-07,5.14559565021255e-08,1.72615002695496e-07,2.19163267880168e-08,3.29244978475744e-08,1.86473190382622e-07,6.18595100845815e-08,2.07839343065495e-07,-2.20525123763352e-08,2.18691826798759e-07,-7.60422241624146e-08,-2.40959547660422e-11,-6.80756179101361e-09,3.8451608219801e-08,-1.62780303766768e-08,1.06563130377265e-08,-4.69042423682928e-09,8.47060979300632e-07,-2.55034027228385e-07,3.14521087759382e-06,-4.89070923159447e-07,-2.77534717834711e-06,-1.34613446640422e-08,3.5173653313905e-08,1.88008222860161e-07,1.11334226622445e-07,4.11822057447055e-08,4.05034105611793e-07,-1.15619174793842e-06,2.35430472980928e-06,3.15052304718256e-07,1.06440411457491e-07,-5.87959625230477e-08,-9.48822376232344e-07,3.48544105215677e-09,7.17167867340099e-09,9.52054394220352e-09,6.5379639370125e-09,1.77750097657881e-08,5.57811734511138e-09,3.34969701061315e-09,4.09879312656395e-09,3.22310714096201e-09,7.42681950518624e-09,3.28622195713923e-07,-4.82175862104497e-06,1.21072492248854e-05,5.41981266664411e-06,1.59503383874795e-06,-1.31087891512326e-06,-2.24948957305753e-06,2.58603045803362e-07,1.33420155183698e-07,-3.52120606472721e-07,-4.63246232617078e-10,-5.72605654279293e-05,5.41932111141521e-06,-3.7958343864767e-05,9.57822263495187e-05,-4.25035546864777e-07,-9.49648115088303e-07,-2.6486408061241e-06
"north_west","beta34",6.06485893979098e-08,3.26923720395245e-06,-1.03401579570591e-07,1.34085048739188e-07,7.78068450268125e-07,-7.60833912333985e-09,7.80021071370537e-08,5.38218438372183e-09,2.42880170859206e-09,-4.11220859193324e-09,7.84132727231954e-08,9.440039550474e-09,5.62444900959647e-08,-3.11516818722687e-08,9.03002002401213e-08,-7.88609536928258e-07,6.26187892273321e-08,5.48091654691219e-08,8.44435621214515e-08,1.24508761017713e-07,2.6535024773661e-08,1.21466261703969e-07,8.39660775168405e-08,1.43454529818471e-07,8.17347578234147e-08,1.73668809917179e-07,5.95966356606171e-09,9.78939354941842e-08,1.5737376645255e-07,4.10907076770873e-07,-2.20525123763352e-08,5.52677823290858e-07,-1.30041463182255e-07,6.98370860206918e-07,1.22407410259515e-08,-6.10459509565906e-09,7.18649783847939e-09,1.76460996754883e-08,1.88975531694717e-08,-7.31149447421995e-10,1.11966656133982e-06,-1.39498167686528e-06,5.83567852009963e-06,-8.41124752904361e-08,-5.32872979184968e-07,-2.57167431565073e-06,-1.43258509810463e-06,-1.66598281956249e-07,2.2429613434791e-07,-5.24444904322659e-08,-2.15690913593754e-07,-1.10972006700262e-06,4.93989842844908e-07,2.67381661610253e-07,4.56100686109714e-07,-1.03098102634807e-07,7.78207441407699e-07,1.14023867956759e-09,1.00920132663453e-08,2.70246716357775e-09,5.12828232089428e-09,1.78745956887308e-08,-1.942431854028e-10,7.26827424123939e-09,4.88244872188769e-09,5.92699956474419e-09,4.45673934848616e-09,1.1382266686383e-06,-8.77814475851125e-06,1.36462247694691e-05,9.13951551192044e-07,2.00669665084875e-06,-2.42363231456788e-06,-2.77601552549926e-06,-1.61373603015881e-06,3.1577425607265e-06,-7.42838876794566e-07,3.13317388295523e-09,-0.000109520466198327,-2.5707107498544e-05,-7.19807546834602e-05,0.000228148339894283,-8.03384105520722e-07,-1.52083707078705e-06,-4.19288624949247e-06
"north_west","beta35",5.14916358906726e-08,3.71573275091827e-06,-2.7253659360859e-07,-1.18014362751015e-07,-1.65537460269007e-07,7.66152646848893e-08,-6.53932694910233e-08,2.64544078628154e-08,2.8905403518593e-08,5.5153424262831e-08,7.39882035629464e-08,2.90873052912915e-08,2.71012785812947e-08,8.65045035818515e-08,9.55804547706428e-08,1.67617161167804e-07,5.04252729193236e-08,3.13909106866831e-08,1.64691072315035e-07,-7.80521195513119e-08,1.16263640084814e-07,9.17291157469494e-08,7.55521917232324e-08,1.6603948977888e-07,9.78343655723972e-08,2.11635237644843e-07,-4.55335615785412e-08,5.75832766286008e-08,2.44598605408458e-07,1.53965766522644e-07,2.18691826798759e-07,-1.30041463182255e-07,7.66628693909148e-07,-1.16620961867397e-06,5.0452892266312e-08,-4.11087034271761e-08,1.09873922396761e-07,-6.78324015597783e-08,5.04921628147409e-08,-1.63716849443733e-08,1.60400682472367e-06,-1.21907346097005e-08,3.04155869005978e-06,5.61509130803173e-07,-2.41126969987112e-06,-6.61597928913413e-07,3.02461512131351e-06,-9.12780380053568e-07,1.19259480571015e-07,-3.25532302234864e-08,1.30501707663766e-06,-2.02795026196259e-06,4.43407460247816e-06,-5.11538154851263e-07,-1.42910444536509e-07,1.32557104661541e-07,-1.73671477366971e-06,3.39918688435596e-09,1.46327870538379e-08,1.66569350942459e-08,9.61509393276899e-09,2.07923593176205e-08,1.18811441080354e-08,4.23172334837183e-11,6.13950797440732e-09,4.76525024244178e-09,1.12691771982614e-09,-6.45433349102836e-06,-5.08046165715729e-06,1.28468088478648e-05,5.09667766260078e-06,2.37558605577479e-06,-1.48168763039509e-06,-4.75104760464975e-06,1.5041175916959e-06,-2.90707724249173e-06,-6.22780856144301e-07,4.13964078740539e-09,-0.000121344029016853,1.99329209482853e-05,-4.79639709404315e-05,-7.9915623045567e-05,-1.09978087249011e-06,-2.42495637245152e-07,-3.71288151103379e-06
"north_west","beta36",-2.98651749406557e-07,-3.89921191230895e-06,-1.27920056792799e-08,5.62054063320194e-07,-2.24375819929539e-07,-8.05175724599018e-08,5.97382940289711e-08,-1.04851723125376e-07,7.63461090040389e-08,-2.7476784416207e-07,8.52258179978521e-08,1.26167345106047e-08,1.07337552837066e-07,-4.38305831658128e-08,-3.07306867024863e-08,8.17223290674961e-08,8.32129776616654e-08,1.33585018792308e-07,-1.10513666050622e-07,3.67318197139551e-07,-7.51905374089965e-08,1.49195292614492e-07,1.04682284103824e-07,2.08978432597181e-08,2.22677265437414e-07,-9.35545163525991e-08,-3.88729626297972e-08,2.3841420082284e-07,1.784921841564e-08,4.94870264749234e-07,-7.60422241624146e-08,6.98370860206918e-07,-1.16620961867397e-06,3.82429078153712e-06,-2.45560565289834e-09,3.25444221134087e-08,-2.0093517064358e-07,2.39400034471576e-07,-2.13313044273191e-07,3.34350842557964e-08,-6.81551814425994e-06,-2.67493025538013e-06,-3.63233336640717e-07,1.03298040828695e-06,4.01244511908322e-06,1.51367736837929e-06,-7.77878359881377e-06,3.83407167959895e-06,1.13051207162331e-06,2.0351077908333e-07,-8.79645179843699e-07,2.76379266015922e-06,-3.81547968733423e-06,2.1145679224711e-06,-1.80654494504098e-07,-1.82602215555776e-07,5.49184831937332e-06,-1.58845456082294e-09,-1.12402895673428e-08,-2.01963311312701e-08,-9.29864284782223e-09,6.69103615778002e-09,-1.05001105854296e-08,1.13650605146624e-08,-3.603916843014e-09,4.16916926779559e-09,1.16093840610901e-08,2.64328874883061e-06,1.33029170634389e-06,-2.78514786879037e-05,-6.85217641695131e-06,-7.07111591329342e-06,1.26545656586385e-06,3.61950335074008e-06,-4.28922908003588e-06,6.67134652387935e-06,2.39419030120443e-07,-9.37832541997658e-09,-0.000360020409330107,-0.000129218625318871,-6.90491456649249e-05,-5.55488592957e-05,-3.29733174414608e-06,-1.52108411173332e-06,-2.4207136489809e-06
"north_west","beta4",1.23124584114575e-07,4.4427853882929e-06,-2.05354675556864e-07,-3.11779016794177e-08,-4.30732688886817e-07,6.61586134474299e-10,-1.04639195319035e-08,-2.86538298276889e-08,3.04245193698809e-08,3.85135234217591e-09,2.22401403453838e-08,6.4668177520382e-09,1.6264709578498e-08,4.92089323424053e-08,-1.3502288732767e-08,8.84790756378701e-07,5.4952288523755e-09,1.28467955347005e-08,1.3912000103226e-08,-4.29580662574566e-08,3.41471408185092e-08,-6.12880718374818e-09,1.12178316514277e-08,8.01278037102312e-09,3.0849502607431e-08,-1.49761645869278e-08,-1.23119376844056e-07,2.12164460605651e-08,-3.16588567225853e-09,6.4809749924805e-08,-2.40959547660422e-11,1.22407410259515e-08,5.0452892266312e-08,-2.45560565289834e-09,9.25865559610619e-08,-8.36672426920656e-08,5.13046683295833e-08,-5.85279605017065e-09,-1.50325624943012e-08,1.41347739691082e-08,-1.1705019184467e-06,-1.0873815436282e-06,1.72676403615054e-06,1.18391381748312e-06,1.16449506385648e-06,-8.59764060603087e-07,1.18643085536939e-06,-3.97812471780035e-07,1.20556354981595e-07,5.50438518088794e-08,5.42227064386993e-07,3.04674728333604e-07,9.00598109475937e-07,-4.45716564851102e-08,-4.81471327858778e-07,6.55103938727846e-08,5.97059909062512e-07,-3.27497343435014e-09,1.09998797607963e-09,-2.73138010818447e-09,-1.23510907377896e-09,-2.81444838155632e-10,-3.24212650996002e-10,-1.84690758440671e-09,-1.29064739949662e-09,9.03305452458415e-10,-6.12911249111046e-09,-4.05268519029416e-06,-1.84819946195636e-06,-2.96780962043286e-06,-1.65858721743323e-06,-2.09570781907673e-06,1.63612202609279e-06,-1.01934259066377e-06,1.60275153648285e-06,-1.73386607630334e-06,-2.48654239449004e-07,8.63324713811732e-09,-6.52372452269594e-05,-9.88909298951394e-06,-7.82876931833638e-06,-0.000131530400742392,-7.3870332892649e-07,5.38960408208752e-07,-3.96287396333168e-07
"north_west","beta5",-1.38571378943046e-07,-2.88692908041819e-06,7.49530239216533e-08,2.45972070934583e-08,3.58113568153768e-07,-1.51858880451117e-08,5.00356184820392e-08,-8.4818961314289e-09,1.75496155722811e-08,-6.25325575699908e-08,5.50045142531017e-08,-1.18828920597083e-08,3.83329537046733e-10,-3.06256032585534e-08,-7.6710374821061e-10,-6.14257143732198e-07,-1.88255751759411e-08,8.370077005069e-09,-5.8066662768743e-08,6.68190659262061e-08,-4.87365946986994e-08,8.74334117147525e-09,-1.55610785952621e-08,2.86924226827419e-10,-4.14508563212732e-08,-2.23818951463897e-08,8.79743732930945e-08,8.24763100588257e-09,-3.41437188152313e-08,-9.08229564991531e-09,-6.80756179101361e-09,-6.10459509565906e-09,-4.11087034271761e-08,3.25444221134087e-08,-8.36672426920656e-08,1.48623742184917e-07,-1.79661562907547e-07,9.08727978754681e-08,-3.33590027705999e-08,1.17239101356284e-08,9.13265504536714e-07,1.29810637966227e-06,2.75298800724793e-07,-2.64871895024302e-07,-4.97878167962367e-07,1.29188486352482e-06,-9.5098944223775e-07,3.92295328791182e-07,6.16939892439364e-07,2.6760753911202e-08,-3.55341960881182e-07,-3.2258232600488e-07,-1.09029695680274e-06,-2.95754512301401e-07,1.79201853925385e-07,-1.08727082906314e-08,-2.48495340245514e-07,1.50144892068951e-09,-9.13233290943163e-10,-1.85272538618269e-09,1.45804513564297e-09,5.3770479376139e-09,-1.94052278298262e-09,3.00187001183695e-09,1.68697137657406e-09,-1.80258446749085e-10,6.63986142674309e-09,1.7152450978652e-06,2.20177989095723e-07,1.14670057728294e-06,1.04299453511436e-06,7.64202424497517e-07,-8.26778469323774e-07,9.67854075583174e-07,-2.13293135805578e-06,2.43692939094929e-06,8.89471813872186e-08,-3.93364258640614e-09,5.6118301830217e-05,-2.20552161738182e-06,7.89157659176607e-07,0.000105897724849029,6.8129962947779e-07,-8.95600739306508e-08,-7.66756696946284e-09
"north_west","beta6",8.39397988816227e-08,-4.59334605976783e-07,1.5963073754576e-07,4.60185338007107e-08,-1.55003190103495e-07,5.31240340910422e-08,-8.85459729836315e-08,5.96863224264744e-08,-4.7500608355707e-08,1.36323247986077e-07,-1.20127819644564e-07,2.53908381903186e-08,-1.94844099149447e-08,4.17210807712335e-08,2.8683058662949e-08,1.40985248461113e-07,3.78480461842883e-08,-3.65198883646487e-08,1.3473841038341e-07,-1.04924619097461e-07,8.91283407635982e-08,-1.48991268698792e-08,4.75764471029592e-08,1.55982386409384e-08,5.40149372405722e-08,1.15831301556307e-07,-3.23035572142946e-08,-4.22243008396531e-08,1.29259308909188e-07,-5.19677774812379e-08,3.8451608219801e-08,7.18649783847939e-09,1.09873922396761e-07,-2.0093517064358e-07,5.13046683295833e-08,-1.79661562907547e-07,4.10387534700196e-07,-2.99938648495926e-07,1.8803725536528e-07,-5.59377937676701e-08,1.69180300362049e-07,-1.02946852067919e-06,-2.19094889598177e-06,-1.00114275269413e-06,-2.27639249089004e-06,-1.30492250734364e-06,7.46257138606403e-07,-5.5046181751104e-07,-1.14132181957202e-06,2.14131264817214e-08,3.52833945189e-07,-9.98133357046068e-07,1.1450975758022e-06,5.54198647339978e-07,3.16493745698199e-07,-5.72696649670285e-08,-4.77934590324581e-07,1.77632931180626e-09,5.57022532713479e-09,1.32118369856822e-08,3.20130522793583e-09,-3.03586454146032e-09,9.37687310777866e-09,-2.35394390022537e-09,2.02339305120741e-10,3.72800748564782e-10,-2.13749133361223e-09,7.81386740770604e-07,9.9421869336059e-07,6.47369984734963e-06,3.66247189328555e-06,2.90699456914846e-06,-9.13221412966198e-07,-1.37552402720058e-06,3.35313199724548e-06,-3.5884784332192e-06,6.16065778978091e-08,2.9783738156653e-09,-1.85408299737199e-05,2.6112380394524e-05,3.74566509366789e-06,-5.56175335275317e-05,-2.3867752360661e-07,-2.26886688728579e-07,-3.38773542868987e-07
"north_west","beta7",-3.31902050201195e-08,4.22458517955257e-06,-2.37116442945243e-07,3.42507689382121e-08,-8.65779713840122e-08,-4.55990960587849e-08,6.8701940646468e-08,-4.99228809585255e-08,5.19073916644743e-08,-8.65236657936345e-08,9.01361411898876e-08,-6.81681093602282e-09,2.80500625539497e-08,-1.68091898530444e-09,-2.01986147254386e-08,1.6709468059892e-07,-1.09163683798575e-08,3.04544969749923e-08,-4.04411466943999e-08,3.87650203295058e-08,-3.60343998383359e-08,2.32963354753504e-08,-1.185858536499e-08,2.20752145350984e-09,1.49841354240247e-08,-7.86631269913456e-08,-1.70798232664615e-08,6.03528964418398e-08,-6.15953385669269e-08,8.0068470938549e-08,-1.62780303766768e-08,1.76460996754883e-08,-6.78324015597783e-08,2.39400034471576e-07,-5.85279605017065e-09,9.08727978754681e-08,-2.99938648495926e-07,3.52320071100354e-07,-3.30641255747897e-07,9.78531633368045e-08,-4.25210997849549e-07,4.3191747393185e-07,3.39887430562472e-06,1.12263605439551e-06,2.4798923716682e-06,-4.17835307530749e-07,6.47112608008652e-07,6.17463559329612e-07,5.44102714309321e-07,9.99245473902172e-09,1.38933451034758e-07,4.28212862989122e-07,-9.64818124066951e-07,-5.80730800523024e-07,-4.0453468037961e-07,1.01552679782027e-07,4.43026826180692e-07,-8.87445342091325e-10,-1.24915559959589e-09,-6.92363836139949e-09,-1.28313091497171e-09,7.57752504126551e-09,-6.26041614394596e-09,1.59688906301132e-09,-7.7042021685361e-10,1.03861519661509e-09,-1.00598974223357e-10,-2.6656033582919e-06,-2.38881195331622e-06,-4.80413346535252e-06,-3.55861808219881e-06,-2.35167819646053e-06,1.642442289644e-06,2.2505323342931e-07,-2.05987074889119e-06,1.6537623650287e-06,-1.50269057067795e-07,-3.19387991993906e-09,-3.5214303285309e-05,-2.88933474765764e-05,-2.03149290075813e-06,-3.0031031650328e-05,-3.05399662794092e-07,3.47403804734685e-07,-1.03727051560807e-07
"north_west","beta8",1.01019233391607e-07,-5.4614306346824e-06,7.21689342723527e-08,-7.44801860399429e-08,5.1708808957243e-07,7.71824752789496e-08,-4.46982547668868e-08,6.34448320185285e-08,-5.15743486252295e-08,9.92772476959827e-08,-7.49392647123401e-08,-1.51302189860233e-09,-2.09845280105329e-08,-7.08976363938292e-09,3.01399318608802e-08,-3.62062729262917e-07,1.76265835913944e-09,-1.74031192099957e-08,-2.37402555817875e-08,5.02070582886304e-08,-7.20905103115724e-09,-5.34357269232823e-09,2.10023259918045e-09,1.86511816685327e-08,-5.64651653991277e-08,7.89215915260619e-08,3.98384659380826e-08,-4.16705858540704e-08,1.92217614616124e-08,-2.73263218079981e-08,1.06563130377265e-08,1.88975531694717e-08,5.04921628147409e-08,-2.13313044273191e-07,-1.50325624943012e-08,-3.33590027705999e-08,1.8803725536528e-07,-3.30641255747897e-07,4.91489757824979e-07,-2.01150406440879e-07,1.23289547558813e-06,-2.74802016905658e-08,-6.95444857425277e-07,-1.20345501748985e-06,-2.14553267245264e-06,-4.52174073142708e-07,-2.46875549500987e-07,-1.69804431702794e-06,6.00237683316922e-08,-1.16534652242559e-08,-6.68111256620773e-07,-1.00969767533865e-06,-2.20000525766914e-07,-4.32398779599583e-08,2.81180825950508e-07,-1.14042105850555e-07,4.317978999495e-07,2.69342483040926e-10,3.47917233223831e-09,3.76640678101993e-09,1.63270910454131e-09,-4.2233379244795e-09,4.3162946357834e-09,3.06544619032845e-10,4.44109979244125e-09,6.35167387853699e-11,-7.31284272814629e-10,2.41001104046121e-06,1.26462624573656e-07,9.23121255143453e-06,2.29376956522181e-06,3.39514913435266e-06,-2.35255932729356e-06,2.91466531618863e-08,1.18075556749842e-06,2.07597948106237e-07,-1.88265865107557e-07,8.08028705112867e-09,7.43759307104587e-05,3.11621939232511e-05,-1.14752085629756e-05,0.000167177728477807,8.59160366056425e-07,-3.92228388244632e-07,-4.62357900304492e-07
"north_west","beta9",-5.52552412908564e-08,3.69669653665575e-06,-8.71938936655265e-09,-6.76175617076567e-08,1.20447146752744e-07,-1.24962250048379e-07,1.29957074713564e-07,-4.40479261526296e-08,5.08000330940473e-08,-4.80535703667847e-08,3.89154184654315e-08,-4.68571452769102e-09,1.03291868186964e-08,-3.19432475198867e-08,2.25661532816395e-08,-1.16043847813636e-08,-1.27947813048745e-08,8.92010097408e-09,-1.96008487971724e-08,2.15859315058526e-08,-1.60297921798459e-09,-2.83270651286665e-09,8.9344297450648e-09,-2.98743529616267e-09,-3.33947850791616e-09,3.91485078401529e-09,-2.20408197835751e-08,2.47713477457167e-09,1.86353811512412e-09,1.97895000257523e-09,-4.69042423682928e-09,-7.31149447421995e-10,-1.63716849443733e-08,3.34350842557964e-08,1.41347739691082e-08,1.17239101356284e-08,-5.59377937676701e-08,9.78531633368045e-08,-2.01150406440879e-07,2.21584229658718e-07,7.79007823525693e-07,6.81396645379352e-07,1.45075825283215e-06,-1.55058725688817e-07,2.55782549029807e-07,5.2758266517691e-07,2.427156623335e-07,7.81741323339111e-07,2.17152440602799e-07,1.41828228877186e-07,-1.60302354227078e-07,-2.81105649416339e-07,8.47662831098977e-07,-5.5526454776406e-07,-5.207269177937e-08,1.29356869438154e-07,-3.4408072853199e-07,5.77265994270873e-10,-3.37460178034631e-10,-6.20486867539858e-10,1.95064677760441e-09,3.46519999696847e-09,-9.27132943847391e-10,7.0203997148161e-10,-1.20918144707351e-09,5.59806658090356e-10,2.18558117396326e-09,2.32764240584198e-06,1.33673340093146e-07,1.34484984210912e-06,1.91224061618526e-07,-3.80332678142931e-07,3.40491228443572e-07,-1.06096248346999e-06,-8.75655019908541e-07,1.62135310520741e-07,1.02463852181292e-07,-2.18152749840086e-09,4.43326629827411e-05,9.24369313968149e-06,8.39698447991387e-06,3.13566410347603e-05,2.59920685475992e-07,1.96305504422431e-08,1.2534519649677e-08
"north_west","mu_D",3.05864202749652e-06,-0.000315245591907726,1.65969562333524e-06,-6.27163449451236e-06,3.2659288891613e-05,-1.26596614325862e-08,2.48496743880826e-06,8.1452935724983e-07,-2.92549704723518e-07,1.50900392381051e-06,-1.81254400406703e-06,-7.72234872804333e-08,-6.8958113699791e-07,-9.55939340486738e-07,1.86091851386386e-06,-3.58747633563284e-05,5.47837131062434e-07,-1.7850127568558e-06,3.17888307524416e-06,-1.78085771532621e-07,-6.2181667822154e-07,8.83998423394703e-07,-4.87361218180402e-07,1.19459666680263e-06,-1.18046380105772e-06,3.45129901905007e-06,1.94593077607052e-06,-1.21064421975701e-06,1.20875854078172e-06,-9.30889553798785e-07,8.47060979300632e-07,1.11966656133982e-06,1.60400682472367e-06,-6.81551814425994e-06,-1.1705019184467e-06,9.13265504536714e-07,1.69180300362049e-07,-4.25210997849549e-07,1.23289547558813e-06,7.79007823525693e-07,0.000471528676316065,0.000152239557958815,0.000118505044748907,-1.04657578240725e-05,4.62581421777813e-06,-0.000107302245971864,6.18442022117049e-05,-1.98630446746592e-05,-2.73547001443882e-06,-1.09364165061183e-05,-2.95131167719598e-05,-5.59337773731387e-05,-6.01297951263314e-05,-0.000140454568910665,1.36522824757795e-05,2.42595740232163e-06,-9.23834203720516e-05,1.44180338723947e-07,1.30347696856265e-07,2.67991514187562e-07,1.92886366946525e-07,3.08668928643343e-07,1.00338572931829e-07,-6.01360957952371e-08,1.11135229665899e-07,-2.19172055971168e-08,2.45314966937546e-09,6.97011952950633e-05,5.55497671657647e-05,0.000327226716033463,1.25698209368365e-05,0.00013791374611966,-5.9137397724e-05,-3.29171191006318e-05,-2.61609667850925e-05,-9.37157008923711e-06,4.32671016522167e-06,4.64767463075586e-09,0.00320642841359464,0.00151007731028242,-0.000214670672690872,0.00957611139201136,4.02765561460401e-05,-1.8373074944508e-05,-1.91259973116871e-05
"north_west","mu_D_2",-2.42892601614156e-07,-0.000263277791654345,7.09024397988841e-06,-1.42449949033577e-06,4.0602674873014e-07,-3.16598561843589e-07,2.24211065706944e-07,2.09566678157588e-07,-7.11518159997501e-08,3.90314654616771e-07,-1.73636142378474e-06,2.64700593477262e-07,-1.32436774666664e-07,-4.25502128016236e-07,3.03150348420843e-07,1.7725951180768e-06,1.89972430549149e-07,-3.59072611556761e-07,3.0242436796277e-07,-6.44365997592959e-07,1.45667173957223e-07,-2.8526322920224e-07,1.55558562174173e-07,-1.11361213118271e-06,6.96471723618568e-07,-1.00024835770793e-06,9.56689575308196e-07,2.45416503181613e-07,-3.19655334616882e-07,-2.23077739281347e-06,-2.55034027228385e-07,-1.39498167686528e-06,-1.21907346097005e-08,-2.67493025538013e-06,-1.0873815436282e-06,1.29810637966227e-06,-1.02946852067919e-06,4.3191747393185e-07,-2.74802016905658e-08,6.81396645379352e-07,0.000152239557958815,0.000281072498123524,-2.64314599614385e-05,2.6998691038338e-05,7.46895490642395e-08,0.000140868994020435,-7.67297602972774e-05,1.40095503929464e-05,-2.4511710964167e-06,-7.25748351595071e-06,-7.98209779359706e-06,-1.15550553529096e-05,-5.68268549949648e-05,-0.000120796456520588,-3.38166914421597e-06,4.45471878962118e-06,-0.000129717811210395,1.3655050093453e-07,-1.54099646448924e-07,5.88467486346089e-08,1.33032590690202e-08,2.88171448245408e-08,3.06886117050409e-08,-9.9865576649606e-08,-8.56517693395091e-09,-7.29810774609745e-08,2.39935721033806e-08,0.000139872489640921,0.000120545027784703,-5.19788073885882e-05,7.53202382570036e-05,4.13585568686906e-05,8.37119589407573e-06,4.3231913541717e-05,-5.45601573150273e-05,-1.27882030029393e-05,1.45837049030082e-05,-2.97649140727016e-07,0.000190769378694983,0.000516753773249257,0.000256477762513409,7.15825295358642e-05,2.30282507276251e-07,-5.41948815979267e-07,2.15251687081083e-05
"north_west","mu_D_3",-9.79742736709923e-06,9.80420173089844e-05,-3.58221231436587e-05,3.01685467635287e-06,7.11329027022407e-05,-1.65886506869848e-06,9.83236239336562e-06,-6.80163851618589e-06,9.13867703252983e-06,-1.03650461624974e-05,1.7166138165639e-05,-3.13892731736288e-06,1.78232082208396e-06,-3.06985022934573e-06,1.39508661996145e-06,-7.63913516762649e-05,-2.60978616903165e-06,9.5023390927685e-07,-3.50749858988045e-06,6.01637766298296e-06,-2.56843579691798e-06,-6.27470161975679e-07,2.33902385618479e-06,4.27689448297321e-06,-9.63368262612102e-06,8.54884144280196e-06,-6.85582652907762e-07,-1.03603481888329e-06,-4.4329462944738e-07,9.66363316566883e-06,3.14521087759382e-06,5.83567852009963e-06,3.04155869005978e-06,-3.63233336640717e-07,1.72676403615054e-06,2.75298800724793e-07,-2.19094889598177e-06,3.39887430562472e-06,-6.95444857425277e-07,1.45075825283215e-06,0.000118505044748907,-2.64314599614385e-05,0.00251931215364559,0.000539822984110631,5.61887759128124e-05,-0.000345957331571779,0.000359802868721093,-5.1536611312453e-05,0.00012368972204434,1.96125639166139e-05,0.000281833173562566,3.01099806594269e-05,0.000545110346769494,-3.05535849853859e-05,-3.04422996326808e-06,-2.06654322253759e-05,8.99765368627947e-05,-1.44008002162983e-07,6.55489397983672e-07,-1.76878928505664e-07,6.88088212406421e-07,2.01287381784062e-06,-1.65552321490246e-07,2.53881681940308e-07,7.06490900414006e-08,3.97930046328979e-07,1.76649935642129e-07,-9.58188321633722e-05,-0.0035598076813609,0.00266515605085475,0.000838530776852928,-0.000280428320247041,-6.59589345030519e-05,-0.000361700535524756,0.000279701195288291,0.000146496065511533,-7.94000364164904e-05,1.18006742484932e-06,0.00934093983135938,0.000753050384249136,-0.00201519991736874,0.0201447859202741,0.000109911204969218,1.83199428404044e-05,-0.000175991452043325
"north_west","mu_D_4",1.07146050285297e-06,-2.97208640363454e-05,-7.9518613962167e-06,8.667105265554e-07,-1.26728565324756e-05,1.13369359234267e-07,-2.25192829589787e-07,-2.39212612228531e-06,2.22157373107345e-06,-2.25947825832639e-06,3.08091340060908e-06,-3.62604208249563e-07,4.8339420771125e-07,1.62047546572092e-06,-2.15037601378986e-06,1.15753531931645e-05,-8.35835332591264e-08,2.93349721281361e-07,-1.33222184400671e-06,-5.44585499679825e-07,-6.79517728541561e-08,-9.53100660758901e-07,2.5218044541148e-07,-1.33390728944374e-06,1.73034716068881e-08,-2.19326151222626e-06,-1.96578803529359e-06,7.45726200801926e-07,-2.16205530936114e-06,2.4100796373986e-06,-4.89070923159447e-07,-8.41124752904361e-08,5.61509130803173e-07,1.03298040828695e-06,1.18391381748312e-06,-2.64871895024302e-07,-1.00114275269413e-06,1.12263605439551e-06,-1.20345501748985e-06,-1.55058725688817e-07,-1.04657578240725e-05,2.6998691038338e-05,0.000539822984110631,0.000300342688376837,0.000121450532466725,-1.21308163870613e-05,7.117475140003e-05,1.61478922283117e-05,2.17844518124816e-05,7.93357989021922e-06,9.78964236909969e-05,6.08562163385641e-05,8.1458954249026e-05,-2.22003748451691e-05,-2.31962863353863e-05,-2.08741466146392e-06,2.49535578605848e-05,-1.53837741519032e-07,-5.94618072197147e-08,-2.27703823038746e-07,-3.3980061465828e-08,4.03944565455785e-08,-8.87824701856437e-08,-5.19056734007846e-08,-1.22927806566398e-07,5.00318498211345e-08,-1.98221820109115e-07,-0.000230583064383237,-0.000852247565219073,-0.000153000137620394,0.000145597055486776,-0.00017714382454123,1.28975220620138e-05,-2.39579586386834e-06,8.98399057968372e-05,-1.19793728568123e-05,-1.18401364754259e-05,1.94783641405403e-07,-0.00140112279383469,-0.000605614184690769,-0.000394944298102413,-0.0042626304276121,-1.68020854340024e-05,2.99591278284526e-05,-1.22302036177424e-05
"north_west","mu_D_5",1.58305042765904e-05,1.74449951712669e-05,-9.80668474199427e-06,-5.33138449456036e-06,-1.67569046199023e-05,-9.2762667668734e-07,-9.73972654314299e-07,2.97702353512691e-07,-1.73597881372545e-06,2.93392912263453e-06,-2.68449964041049e-06,-2.24702620021464e-07,-2.22873301749507e-07,2.31170263151108e-06,-2.70748351774323e-06,2.30501863990236e-05,1.40668452668552e-07,-4.92700741074168e-07,-1.63442901429461e-06,-1.61872021373372e-06,-1.00778783314291e-06,-7.32072720794854e-07,-2.17183695704959e-06,-2.94697238201172e-06,1.37567361290932e-06,-5.84810620014993e-06,-2.37911123302813e-06,-4.81213471670504e-08,-4.36264323443859e-06,7.00708347885965e-07,-2.77534717834711e-06,-5.32872979184968e-07,-2.41126969987112e-06,4.01244511908322e-06,1.16449506385648e-06,-4.97878167962367e-07,-2.27639249089004e-06,2.4798923716682e-06,-2.14553267245264e-06,2.55782549029807e-07,4.62581421777813e-06,7.46895490642395e-08,5.61887759128124e-05,0.000121450532466725,0.000480228077896482,-7.1634610589429e-05,2.12974562404737e-05,-1.84064860343704e-05,-3.47286750549067e-05,-1.17203021388786e-05,7.10081168669179e-06,4.79756615725583e-05,-0.000150981496102248,-3.1700685176376e-05,-2.64986190305279e-05,7.91536417406289e-06,7.98235788779796e-05,-2.38969466948415e-07,-1.16998414134932e-07,-3.15412849067254e-07,-2.64551021858057e-07,-8.3505203573653e-07,-2.88244824158609e-07,-1.3671809546381e-07,-1.32269967035672e-07,-6.33559710584819e-08,-3.96947910332204e-07,-0.000249958958778562,-7.24461338431822e-05,-0.000857092846495577,-0.000750293943745249,-9.97471520749419e-05,7.30598224621626e-05,5.92229167566035e-05,3.79612571063262e-05,-0.000120056857712498,2.21739558921196e-05,-1.67436166620045e-07,-0.00148801659921138,0.000171723711330043,0.000140082144917878,-0.00474447997915061,-2.27452529320318e-05,2.99206147183505e-05,3.84067772336709e-05
"north_west","mu_gamma_H",-4.98533420463417e-06,-2.89224967770996e-05,2.23908396702331e-05,5.00437156951064e-07,-3.12149081798478e-05,-8.46565818758481e-08,-2.73386951023789e-06,4.69745222418046e-07,-5.18352584516618e-07,-1.722058856356e-06,2.79236536371957e-07,4.01421208889979e-07,9.16341570742831e-07,-4.00391529742332e-07,-9.39522633955608e-07,3.61373573019557e-05,1.10576087471894e-07,5.00535625745745e-07,-2.19828274815889e-06,9.89120646976336e-07,3.75435052824921e-07,-3.6029393380778e-07,1.10453093635029e-07,-2.66504288442045e-06,4.40097167800941e-06,-4.63099720162093e-06,3.24070264278773e-07,1.18713978335685e-06,1.13691292372395e-08,-2.5655294695041e-06,-1.34613446640422e-08,-2.57167431565073e-06,-6.61597928913413e-07,1.51367736837929e-06,-8.59764060603087e-07,1.29188486352482e-06,-1.30492250734364e-06,-4.17835307530749e-07,-4.52174073142708e-07,5.2758266517691e-07,-0.000107302245971864,0.000140868994020435,-0.000345957331571779,-1.21308163870613e-05,-7.1634610589429e-05,0.000966384523137528,-0.0003138598340529,8.04356159409854e-05,7.48301737210334e-06,-4.10031180804025e-07,2.51782877358594e-06,2.30239551881657e-05,-5.49095562262206e-05,3.82229377738404e-06,-1.31845613147395e-05,2.51694783194434e-06,-4.30618861418087e-05,1.20786871108511e-07,-5.0213092565811e-07,-9.59879465932544e-08,-9.47674402556541e-08,-3.28434946569753e-07,2.16018688755224e-08,-9.22909352038531e-08,-5.08644720659115e-08,-1.32114883363372e-07,2.10022236998445e-07,-5.75584762358969e-06,0.000429370026758313,-0.000551842382653439,0.000142960494778423,-0.000112848072554867,8.78848375390143e-05,0.000127772576302147,3.60034375514784e-05,-2.81543766254345e-05,1.95669725773479e-05,-4.28238203809446e-08,-0.00340241199780193,-0.00103375355478583,0.00031141414181845,-0.00909739994232802,-4.59147997045898e-05,1.52776423372469e-05,3.35101976503964e-05
"north_west","mu_gamma_H_2",2.27581469254216e-06,0.000157440884345849,-1.59603197616935e-05,-1.94381269169343e-06,4.45274750780626e-06,-4.50531337435038e-07,2.90512866763717e-06,-2.14702486243871e-06,2.24535440697898e-06,4.760656157097e-08,1.6535230688267e-06,-6.241586179193e-07,-6.5867685636513e-07,1.99008214014542e-06,1.55631164018247e-07,-5.30731682781139e-06,-1.60172379242355e-06,-3.86827664714083e-07,4.06044572275167e-07,-4.06847855348046e-06,1.37000105379352e-06,-2.47642474306599e-06,1.20842310290281e-06,-1.90417227919439e-06,-1.06789562583369e-06,3.00795886456691e-07,-1.39170722797447e-06,-1.14709048030939e-06,-1.26138997325203e-06,5.31959699936502e-08,3.5173653313905e-08,-1.43258509810463e-06,3.02461512131351e-06,-7.77878359881377e-06,1.18643085536939e-06,-9.5098944223775e-07,7.46257138606403e-07,6.47112608008652e-07,-2.46875549500987e-07,2.427156623335e-07,6.18442022117049e-05,-7.67297602972774e-05,0.000359802868721093,7.117475140003e-05,2.12974562404737e-05,-0.0003138598340529,0.000622596141281406,-0.000142874004150494,2.62654636579704e-05,1.07144186346763e-05,3.97576456899471e-05,-4.34093925553564e-07,0.000104026449193463,-2.36124872447853e-05,-7.18045901136944e-06,-1.38364951366228e-06,5.50152088522854e-05,-8.97714136974164e-08,4.19191460257778e-07,-5.47475704408485e-08,1.91907496485344e-08,1.75047152982271e-07,3.78617950952285e-08,-2.3553517843216e-08,-3.4260224282599e-08,5.90383455800505e-08,-1.13147991858872e-07,-0.000266936439168679,-0.000348514569661607,0.000367246857391498,1.40290495769714e-05,-0.000102275890808783,7.85017671156327e-05,-0.000114017113429651,0.000195379636649032,-0.000156384089291731,-1.86742264969602e-05,2.51055916987113e-07,0.00265558363752956,0.00119769330474289,0.000128534917935669,0.000773133964616536,2.65622258249686e-05,3.27667169081816e-05,-1.18175456918759e-05
"north_west","mu_gamma_H_3",-3.28552102033912e-06,5.26561781925739e-05,3.02672966969782e-06,4.47579641528065e-06,-4.53355870078801e-06,-4.93777184195031e-07,-1.1526951733816e-07,-6.72021239642912e-07,5.70580341323063e-07,-1.70778963994426e-06,4.01030416447292e-07,2.57277021865787e-07,1.66005139551479e-07,-1.56392636025518e-06,-2.78315713066174e-07,2.06821754105433e-06,5.71950996604023e-07,3.64956930100878e-07,-3.46999163996008e-07,1.02004838992114e-06,-6.04023101307972e-07,7.60735265071362e-07,-1.89181654528583e-07,-2.14945899943294e-07,2.95515375314826e-07,-9.45042692560852e-08,2.5147490320029e-07,1.25004009571312e-08,4.23449372487265e-07,1.50487400755593e-07,1.88008222860161e-07,-1.66598281956249e-07,-9.12780380053568e-07,3.83407167959895e-06,-3.97812471780035e-07,3.92295328791182e-07,-5.5046181751104e-07,6.17463559329612e-07,-1.69804431702794e-06,7.81741323339111e-07,-1.98630446746592e-05,1.40095503929464e-05,-5.1536611312453e-05,1.61478922283117e-05,-1.84064860343704e-05,8.04356159409854e-05,-0.000142874004150494,0.000208866399847553,-7.05631597312673e-06,-1.21344887978521e-06,-4.86798491520767e-06,1.83788014612319e-05,3.80798447238387e-05,9.12878035919971e-06,-1.89398725194904e-07,2.28909220675321e-06,-1.80565134923998e-05,2.47412843873486e-08,-1.57364776059288e-07,-5.23834286562003e-08,-1.72351484430885e-08,2.21011289762079e-07,-5.80737347297714e-08,2.42781338951629e-08,-3.91087690821053e-08,-1.07333491787562e-08,9.97741308438313e-08,4.37460972404839e-05,6.46450987047052e-05,-0.000191643980744312,5.05092065136439e-05,-8.22968461065724e-05,1.06258272437462e-05,3.19427650793465e-05,-6.74909271352881e-05,7.08174107262692e-05,-4.15244483477166e-06,-1.49341817242738e-07,-0.000718016973503563,-0.000239885788794473,4.03912309191649e-05,-0.00128856983885521,-9.71558289091241e-06,-1.13014328979509e-05,3.62789234665293e-06
"north_west","mu_gamma_H_4",-1.88129137269525e-06,9.77643355815445e-05,-1.47862028223702e-06,1.00214863793463e-06,2.15466664784922e-06,-4.79497652875098e-07,1.62341807201967e-06,-1.3405465060105e-06,1.53205499287144e-06,-1.86723211717188e-06,2.23213176653175e-06,-3.12665309091576e-07,3.54889684384649e-07,-1.58589574906097e-07,1.43608461812364e-07,-8.14120607156353e-07,-6.03935310770442e-07,4.43379081371992e-07,-1.1615367417465e-06,9.96141774664606e-07,-4.0159489486907e-07,-1.31656551205769e-07,8.29259939230174e-08,4.43732923562434e-07,-1.07432751987208e-06,2.10484619320548e-07,-2.21429134262074e-07,2.76860468234118e-07,-5.41492179739866e-07,1.14327038700604e-06,1.11334226622445e-07,2.2429613434791e-07,1.19259480571015e-07,1.13051207162331e-06,1.20556354981595e-07,6.16939892439364e-07,-1.14132181957202e-06,5.44102714309321e-07,6.00237683316922e-08,2.17152440602799e-07,-2.73547001443882e-06,-2.4511710964167e-06,0.00012368972204434,2.17844518124816e-05,-3.47286750549067e-05,7.48301737210334e-06,2.62654636579704e-05,-7.05631597312673e-06,8.66847652632905e-05,3.89192957332679e-06,1.66850535118635e-05,3.66472920539341e-07,2.8591131883129e-05,9.98958114076374e-07,-1.88423972287273e-06,-1.13127145439241e-06,1.24139599048325e-05,1.40751429609221e-08,7.9476224029592e-09,-1.75393952975735e-08,5.44860430342728e-08,1.48522464328685e-07,-2.27151328059778e-08,6.26054132110055e-08,3.3726698199337e-08,3.74048797062906e-08,4.65803622892042e-08,1.81891720890111e-05,-0.000155563061712843,0.000201463638035502,0.000107294438008564,-3.40094326802629e-05,-1.47643182155891e-05,-2.02798307542398e-05,1.59388969463974e-06,5.47638635229991e-05,-6.02077697838826e-06,1.28974097043949e-07,0.000459965331018472,-3.14602971793929e-05,-0.000247166455746956,0.000588951129600135,5.80104781011594e-06,9.82981185009795e-06,-1.61597768041379e-05
"north_west","p_G_D",-3.6535062604706e-07,1.73341799834759e-05,-1.03456751205679e-06,5.28438390344138e-07,-1.85050038462697e-07,-8.67511622509202e-08,2.65984730819445e-07,-2.50383947815966e-07,3.95080705331111e-07,-3.30802600426653e-07,4.43299155384642e-07,-4.66805150107575e-08,7.09161485049425e-08,-9.11558506815684e-08,1.40848613259062e-07,-8.58631650748318e-07,-1.43732656822318e-07,1.53768341354951e-07,-3.76451148900616e-07,4.55776725777065e-07,-5.03380853978455e-08,-1.81204320004042e-08,7.25870461369695e-08,1.35617391588407e-08,-6.04673323458722e-08,1.72691801102702e-07,-2.9432193152883e-08,-2.07784383157779e-09,6.30565345652437e-08,3.9587117131004e-09,4.11822057447055e-08,-5.24444904322659e-08,-3.25532302234864e-08,2.0351077908333e-07,5.50438518088794e-08,2.6760753911202e-08,2.14131264817214e-08,9.99245473902172e-09,-1.16534652242559e-08,1.41828228877186e-07,-1.09364165061183e-05,-7.25748351595071e-06,1.96125639166139e-05,7.93357989021922e-06,-1.17203021388786e-05,-4.10031180804025e-07,1.07144186346763e-05,-1.21344887978521e-06,3.89192957332679e-06,1.14344376168454e-05,5.4563759871009e-06,1.9805444380636e-07,4.40934392765327e-06,4.39476617836449e-06,2.65249852733973e-07,-4.49647772018391e-08,1.27615294671209e-05,-8.02234998730632e-09,-7.34021354638631e-09,-1.8766226904538e-09,1.0933471121948e-08,1.80855123717036e-08,8.89911598708006e-10,2.28461841119906e-08,-2.55398718587293e-09,1.28400687687033e-08,1.62317670340931e-08,-4.35462892528948e-07,-3.77347280742858e-05,2.33297824317028e-05,3.7226194220557e-05,-2.78506033808715e-06,-3.67840817190363e-07,3.89893568201108e-06,-3.66768131542972e-07,6.2901181250712e-06,-2.57144219972631e-06,4.81040239740675e-08,0.000248042687508257,3.35196921330558e-05,1.5851003071059e-05,-0.000167299732202162,2.00395836272754e-06,6.02351619111781e-07,-1.99740184664648e-06
"north_west","p_G_D_2",-2.65997074493689e-06,-7.84288611095421e-05,3.27219263165388e-07,3.36551149502871e-07,-3.05727760691504e-06,3.7166293033864e-07,-3.53811783166639e-07,-6.03313951540631e-07,9.06237828058911e-07,-8.38280857103975e-07,1.72198091485232e-06,-1.85390858566103e-07,9.05179712938431e-08,8.55323046308875e-07,-5.5432003616684e-07,3.55511332305866e-07,-3.16459014663146e-07,-1.01163337642525e-07,2.62375829666842e-09,-1.02843614952157e-06,3.00601107784112e-07,-5.69252061531419e-07,2.40778134322995e-07,-1.90195109490134e-07,-4.86199937216415e-07,2.55769575716858e-07,-5.36702926470687e-07,-3.76465382036192e-07,1.74175328349697e-07,5.64085190714295e-07,4.05034105611793e-07,-2.15690913593754e-07,1.30501707663766e-06,-8.79645179843699e-07,5.42227064386993e-07,-3.55341960881182e-07,3.52833945189e-07,1.38933451034758e-07,-6.68111256620773e-07,-1.60302354227078e-07,-2.95131167719598e-05,-7.98209779359706e-06,0.000281833173562566,9.78964236909969e-05,7.10081168669179e-06,2.51782877358594e-06,3.97576456899471e-05,-4.86798491520767e-06,1.66850535118635e-05,5.4563759871009e-06,7.65746295359251e-05,1.55917787997954e-05,6.54666411827487e-05,2.42772291689438e-05,-2.53028114520274e-06,-2.67123763269604e-06,-1.63998651386251e-05,2.19257884606591e-08,6.33571450847685e-08,9.95903665589762e-08,6.20104258378166e-08,1.81175100631182e-07,5.22239208628327e-08,1.09551210281543e-08,-2.57666436575052e-08,5.42570148959904e-08,3.51536774796347e-08,-7.99440058214538e-05,-0.000493849338392621,0.000235135297230219,0.000133919826764253,-6.61682682306842e-05,1.84411867354862e-05,-2.30847973645718e-05,4.698548551421e-05,-1.28370124886965e-05,-9.51640147622992e-06,9.41163761958273e-08,0.000167197086198883,0.000126736243070795,-0.000207028464057135,-0.00113722612861299,3.00159802512901e-06,1.86790882902048e-05,-2.14413206133575e-05
"north_west","p_H",-5.06975842351663e-07,-1.6240185057556e-05,-3.34562095691356e-06,1.42902227362675e-06,-1.46681148680885e-05,-5.72973904246916e-07,-8.50186863024277e-07,-1.29823639976278e-06,2.18474042668568e-07,-1.84868852792666e-06,9.32997387971589e-07,-3.22370624035632e-07,-1.28202472694225e-07,-1.15913527343671e-07,-1.46264694871245e-06,1.33285869426556e-05,-7.08529950040869e-07,2.05984831457665e-07,-2.03950857307116e-06,-1.14364054365546e-07,-7.65999828825879e-07,-9.79395105466851e-07,-9.17639254166071e-07,-1.75821510449503e-06,-4.94634497333833e-07,-3.02851326338125e-06,-9.5145824263924e-07,-3.04631897826861e-07,-2.696402288339e-06,-2.22050190686193e-07,-1.15619174793842e-06,-1.10972006700262e-06,-2.02795026196259e-06,2.76379266015922e-06,3.04674728333604e-07,-3.2258232600488e-07,-9.98133357046068e-07,4.28212862989122e-07,-1.00969767533865e-06,-2.81105649416339e-07,-5.59337773731387e-05,-1.15550553529096e-05,3.01099806594269e-05,6.08562163385641e-05,4.79756615725583e-05,2.30239551881657e-05,-4.34093925553564e-07,1.83788014612319e-05,3.66472920539341e-07,1.9805444380636e-07,1.55917787997954e-05,7.53824923239545e-05,5.08780970392139e-05,1.80648698715455e-06,-1.0906208991164e-05,-2.26235746470332e-06,1.63742436684971e-05,-1.19098169515973e-07,-2.34354092249599e-07,-2.81402899981435e-07,-1.8254431453275e-07,-3.04261507015413e-07,-1.51004585018612e-07,-9.21894137198678e-08,-1.32851379353437e-07,-5.60411451844511e-08,-1.57033849574137e-07,-6.4292353499798e-05,-5.69465696650854e-05,-0.000271761637264336,-3.41200774674182e-05,-0.000165379226823588,4.56682534074883e-05,3.39558932658903e-05,2.83530854541279e-05,2.90471271739242e-06,4.08029021726509e-06,-2.71801251205648e-08,-0.000941921330528124,-0.0005505928184537,-1.06819093969281e-05,-0.00424124493536597,-1.68245840614694e-05,1.29906257413137e-05,2.59513895413859e-05
"north_west","p_H_2",-8.01258358397294e-06,0.000178747064000008,-6.62495908889542e-06,3.54564476876924e-06,5.87207148519498e-06,-1.11635755788621e-06,1.56942380372325e-06,-2.08314278292619e-06,2.45348440625072e-06,-2.88989270016662e-06,5.03303175863081e-06,-1.35576569114025e-06,7.47196713378367e-07,-2.6068690829029e-06,8.95064647410437e-07,-6.02366057055739e-06,2.61243188973629e-08,1.60526135403837e-07,1.83900689071215e-06,-1.94864583611362e-06,2.52292706396869e-06,-1.02668821187588e-06,3.36722347466074e-06,7.18710843218755e-07,-7.31583510665513e-07,5.17076300817824e-06,-7.20798654823012e-07,-3.03926015364167e-06,2.40424861399112e-06,3.41053871423404e-06,2.35430472980928e-06,4.93989842844908e-07,4.43407460247816e-06,-3.81547968733423e-06,9.00598109475937e-07,-1.09029695680274e-06,1.1450975758022e-06,-9.64818124066951e-07,-2.20000525766914e-07,8.47662831098977e-07,-6.01297951263314e-05,-5.68268549949648e-05,0.000545110346769494,8.1458954249026e-05,-0.000150981496102248,-5.49095562262206e-05,0.000104026449193463,3.80798447238387e-05,2.8591131883129e-05,4.40934392765327e-06,6.54666411827487e-05,5.08780970392139e-05,0.0010340957470592,2.76428262091555e-05,1.33369771101789e-06,-9.91106673334855e-06,3.38085428286142e-05,-1.82882757712193e-07,-4.70657041478737e-09,-1.2060943259507e-08,2.08621158781168e-07,8.24026313724595e-07,-4.2205042182837e-08,-1.07109605263498e-08,-7.84048921209814e-08,2.91018871750774e-09,1.46506086160378e-07,-5.42756850239688e-05,-0.000771632111201001,0.000887278857700162,0.000441901888143977,-0.000137901867241913,-0.000120021253809381,-0.000711004561444023,0.000151691437724367,3.79454220093366e-05,-6.58852732711341e-05,6.66917580493943e-07,0.00199115001053505,-0.000293262551177834,-0.000369991718616542,0.00144527827631269,1.20379639928298e-05,-2.05512722850899e-05,-5.16665625738053e-05
"north_west","p_H_D",-1.7624876188216e-06,5.71127719101643e-05,4.49563010975839e-06,2.40693362679374e-06,6.34848485071452e-07,-1.37322787795762e-08,-3.56814727237876e-07,4.53038844537103e-07,-8.00082620701392e-07,1.24702578301643e-07,5.43248894935581e-07,-2.02529402335376e-07,-8.15451365748466e-08,-5.80227175971158e-07,-1.57795216392933e-07,-6.5816573504344e-06,-1.73231014894721e-07,1.81524975569606e-07,-3.1516176783241e-07,-3.5925496223735e-07,9.2743960837278e-08,-6.96927212098818e-08,-2.06849863529788e-07,3.15969531691172e-07,-7.59563038801996e-07,8.69474366474343e-07,5.64338525356969e-07,-7.31557104370024e-07,5.52105521398118e-07,5.30256054583692e-09,3.15052304718256e-07,2.67381661610253e-07,-5.11538154851263e-07,2.1145679224711e-06,-4.45716564851102e-08,-2.95754512301401e-07,5.54198647339978e-07,-5.80730800523024e-07,-4.32398779599583e-08,-5.5526454776406e-07,-0.000140454568910665,-0.000120796456520588,-3.05535849853859e-05,-2.22003748451691e-05,-3.1700685176376e-05,3.82229377738404e-06,-2.36124872447853e-05,9.12878035919971e-06,9.98958114076374e-07,4.39476617836449e-06,2.42772291689438e-05,1.80648698715455e-06,2.76428262091555e-05,0.00012615474862555,1.08966940816258e-05,-4.17880680509695e-06,5.1438896362414e-07,1.01438308402318e-08,1.7030309765908e-08,7.86502991786342e-08,2.9813554204685e-09,1.10518743405921e-08,-7.51352440223198e-09,6.24930681197555e-08,-7.3951537220292e-09,4.17774497948743e-08,8.68301099116706e-08,-1.37334461285723e-05,-0.000140531890184874,6.07352308812659e-05,3.84750539720389e-05,6.62247428710739e-06,-1.43701354707303e-05,-5.19843917044654e-06,-1.52989597537251e-06,3.0353690645044e-05,-7.07398892238234e-06,-2.03854958984719e-08,0.000435218785755001,-0.000144197276500966,-6.82418961716657e-05,0.000390158478818075,5.0404535629954e-06,-3.76702810519072e-06,-8.31950155950335e-06
"north_west","p_ICU",-1.1554757116071e-06,-1.53382189081767e-05,-3.3354994069921e-07,1.10213203951231e-06,9.39013317055936e-06,-1.86972815601523e-07,5.33273633570161e-07,3.72282323139087e-07,-4.25920694241705e-07,4.27510015775346e-07,-3.33869130257132e-07,-9.17211224930866e-08,-1.34692065991626e-07,-9.39215472073881e-07,7.23266705558228e-07,-1.47020146565701e-05,-9.9007870989201e-08,-5.50975624041948e-08,6.16824381547752e-08,5.38546545206573e-07,-3.30687401624544e-07,4.34525847981883e-07,-1.60254130730196e-07,4.72036336182715e-07,-4.31411445527593e-07,1.27470542935986e-06,9.50978942223792e-07,-4.46936080778318e-07,7.61514311050729e-07,-3.72014530937916e-07,1.06440411457491e-07,4.56100686109714e-07,-1.42910444536509e-07,-1.80654494504098e-07,-4.81471327858778e-07,1.79201853925385e-07,3.16493745698199e-07,-4.0453468037961e-07,2.81180825950508e-07,-5.207269177937e-08,1.36522824757795e-05,-3.38166914421597e-06,-3.04422996326808e-06,-2.31962863353863e-05,-2.64986190305279e-05,-1.31845613147395e-05,-7.18045901136944e-06,-1.89398725194904e-07,-1.88423972287273e-06,2.65249852733973e-07,-2.53028114520274e-06,-1.0906208991164e-05,1.33369771101789e-06,1.08966940816258e-05,2.43796277875822e-05,-2.34319361593657e-06,-1.12511297626735e-05,6.64861700434245e-08,4.80878162962674e-08,5.65520818415075e-08,6.16899602426933e-08,1.04326117512764e-07,1.52547135529035e-08,7.69257495697058e-08,4.68715368911037e-08,2.21961095563847e-08,1.21428325833021e-07,8.15805877360144e-05,-8.97626477447405e-06,0.000111615212294692,3.69578255608e-05,3.1886090882464e-05,-2.08706583025835e-05,-5.71833184038373e-06,-1.02862945094172e-05,2.46469393479128e-05,-1.76749754685043e-06,-8.29607932687299e-08,0.00114085741307539,0.000339698354161379,8.15275442871459e-05,0.0028499351470259,1.29267971783971e-05,-9.4990491326421e-06,-3.87483531667014e-06
"north_west","p_ICU_2",6.50730588379983e-07,-1.05893834437372e-06,1.09738526293823e-07,-3.86257942166908e-07,-2.05440267496299e-06,-2.22527745271684e-08,-8.50670314603337e-08,9.14962032698792e-09,-5.17954184893408e-09,1.23670457289063e-07,-2.16884801994243e-07,7.84893829601566e-08,-1.66162835759252e-08,2.99517260396015e-07,-1.69618557957542e-07,2.55380585442629e-06,1.42344420586785e-07,-1.08467992473645e-08,1.58193470685465e-07,-1.97395017050329e-07,8.10782309595929e-08,6.61395645958677e-08,-2.76462171625276e-09,-7.16073165527778e-08,2.58740528708087e-07,-1.49952030506176e-07,-1.57794792342779e-07,8.84620061758079e-08,-2.33352136940378e-09,1.9973662240589e-09,-5.87959625230477e-08,-1.03098102634807e-07,1.32557104661541e-07,-1.82602215555776e-07,6.55103938727846e-08,-1.08727082906314e-08,-5.72696649670285e-08,1.01552679782027e-07,-1.14042105850555e-07,1.29356869438154e-07,2.42595740232163e-06,4.45471878962118e-06,-2.06654322253759e-05,-2.08741466146392e-06,7.91536417406289e-06,2.51694783194434e-06,-1.38364951366228e-06,2.28909220675321e-06,-1.13127145439241e-06,-4.49647772018391e-08,-2.67123763269604e-06,-2.26235746470332e-06,-9.91106673334855e-06,-4.17880680509695e-06,-2.34319361593657e-06,3.14088991566604e-06,2.656122263081e-06,-9.25936165801075e-09,-8.36979322746809e-09,2.0034928834925e-09,-1.00901070847014e-08,-4.15816476088367e-08,4.8210311317295e-09,-1.4261953948229e-08,-5.12817816516135e-09,-6.13217913417028e-09,-2.53438948501383e-08,3.71289157984463e-06,3.33779582312787e-05,-3.77353929878496e-05,-2.2549566629365e-05,4.5582997230954e-06,3.03117991199558e-06,3.37060771710385e-06,-2.04245147107228e-05,-8.66335113798919e-06,7.47633887243303e-07,-1.33705112390606e-08,-0.000300449991312997,-5.51539173358851e-05,3.43916144103158e-05,-0.000657255910816215,-3.35408070259053e-06,7.18257398969044e-07,2.39472921929298e-06
"north_west","p_ICU_D",2.59537308780698e-06,0.000259891552883776,-1.76931408449795e-05,9.93005362285747e-07,-2.29269687023481e-06,-3.06435160034406e-07,-7.39580686467488e-08,3.53166105581419e-07,-2.81155308064893e-07,-4.3916851632469e-08,6.9364005469395e-08,6.45467020899624e-08,8.89075825897494e-07,3.95062148214698e-07,2.83887618948959e-07,3.6168721924144e-06,-3.97025727574537e-07,1.12689611343856e-06,-1.55775444088554e-06,1.87795530371556e-06,-6.20089762246751e-07,5.09170645836151e-07,1.71073748937027e-07,1.38360847515128e-07,1.27281057968504e-06,-2.14946008261264e-06,-1.02656748585949e-06,1.87070345299941e-06,-1.77850234676324e-06,2.52451618627381e-06,-9.48822376232344e-07,7.78207441407699e-07,-1.73671477366971e-06,5.49184831937332e-06,5.97059909062512e-07,-2.48495340245514e-07,-4.77934590324581e-07,4.43026826180692e-07,4.317978999495e-07,-3.4408072853199e-07,-9.23834203720516e-05,-0.000129717811210395,8.99765368627947e-05,2.49535578605848e-05,7.98235788779796e-05,-4.30618861418087e-05,5.50152088522854e-05,-1.80565134923998e-05,1.24139599048325e-05,1.27615294671209e-05,-1.63998651386251e-05,1.63742436684971e-05,3.38085428286142e-05,5.1438896362414e-07,-1.12511297626735e-05,2.656122263081e-06,0.000576274853593172,-2.04139234321677e-07,3.51351706840724e-08,-2.73869121101401e-07,-3.09544212667038e-08,-1.32557836347531e-07,-7.09493724310706e-08,1.30523033546281e-07,3.00632025496652e-08,4.74803795780541e-08,-1.46570979976941e-07,-0.00026588810226474,-0.000145286552435105,-9.90565393137292e-05,-0.000165078315437871,-7.07004643743672e-05,2.46590276428328e-05,-4.9673881654775e-05,8.66622608142767e-05,-4.89949664807845e-05,-2.75020961490818e-06,2.18512305281027e-07,-0.00262422422447488,-0.000143822200172198,5.61981710190461e-05,-0.000759037011043435,-2.7002770929475e-05,1.38074314768687e-05,9.48673315980524e-06
"north_west","p_NC_15_24",-9.12513811924084e-09,-4.21572808719674e-07,3.6905806657192e-08,-4.31825126216146e-10,3.47251172625874e-08,1.84211810831118e-09,-1.09715853614109e-09,5.77949711845691e-09,-3.59651837678252e-09,5.64066296805147e-09,-4.70932410075196e-09,1.09947085109473e-09,-9.30397023157235e-10,-1.42595209142004e-09,3.31636906868736e-09,-5.19860225130089e-08,1.31924538613678e-09,-1.84024847230464e-09,5.57714055889726e-09,-6.19881804660462e-10,1.21026138450595e-09,2.64126585693198e-09,1.68014477133681e-09,2.61745989663955e-09,2.63285507041044e-09,7.15285159566687e-09,5.82265271420522e-09,8.49219728094107e-10,9.12807216660461e-09,-4.38213930172934e-09,3.48544105215677e-09,1.14023867956759e-09,3.39918688435596e-09,-1.58845456082294e-09,-3.27497343435014e-09,1.50144892068951e-09,1.77632931180626e-09,-8.87445342091325e-10,2.69342483040926e-10,5.77265994270873e-10,1.44180338723947e-07,1.3655050093453e-07,-1.44008002162983e-07,-1.53837741519032e-07,-2.38969466948415e-07,1.20786871108511e-07,-8.97714136974164e-08,2.47412843873486e-08,1.40751429609221e-08,-8.02234998730632e-09,2.19257884606591e-08,-1.19098169515973e-07,-1.82882757712193e-07,1.01438308402318e-08,6.64861700434245e-08,-9.25936165801075e-09,-2.04139234321677e-07,1.7097252741147e-09,5.96009667670626e-10,1.22918614397876e-09,4.75225916168814e-10,1.13629034958998e-09,6.53546642560165e-10,3.24625714080926e-10,3.83853437100084e-10,1.81571810667669e-10,7.87187353004426e-10,4.45160977201013e-07,-2.68425051255803e-09,9.2957794891102e-07,3.1971305186785e-07,1.65988573143941e-07,-4.02278866477327e-08,1.12154539596608e-07,-1.43837696221833e-07,1.04896183248384e-07,1.51337378313062e-08,-8.25379651994323e-10,5.20932239527376e-06,1.84871049775448e-06,3.14699603143911e-07,1.07079655052606e-05,6.79410301740705e-08,-3.36620470454267e-08,-6.00256379147864e-08
"north_west","p_NC_25_49",-6.98390572041109e-09,1.40115246687833e-07,-3.75319692472313e-08,-8.38436720550544e-09,8.99661552279641e-08,3.01901131340462e-09,3.99669214516675e-09,6.04333114264439e-09,-1.28253803013625e-09,1.37866290766854e-08,-2.8778435886689e-09,7.15790619811113e-10,3.48853953195852e-10,3.32295735753703e-09,6.18176878268165e-09,-9.03710444728181e-08,1.09324738665173e-09,-1.03985954642596e-09,9.57959603352517e-09,3.28750448256774e-10,3.0261990406034e-09,4.70468767118785e-09,6.35694653026418e-09,1.21756075635088e-08,2.57934580450239e-09,1.64020074455217e-08,1.8969410345089e-09,4.0203925046128e-09,1.60913137486759e-08,1.0147356853148e-08,7.17167867340099e-09,1.00920132663453e-08,1.46327870538379e-08,-1.12402895673428e-08,1.09998797607963e-09,-9.13233290943163e-10,5.57022532713479e-09,-1.24915559959589e-09,3.47917233223831e-09,-3.37460178034631e-10,1.30347696856265e-07,-1.54099646448924e-07,6.55489397983672e-07,-5.94618072197147e-08,-1.16998414134932e-07,-5.0213092565811e-07,4.19191460257778e-07,-1.57364776059288e-07,7.9476224029592e-09,-7.34021354638631e-09,6.33571450847685e-08,-2.34354092249599e-07,-4.70657041478737e-09,1.7030309765908e-08,4.80878162962674e-08,-8.36979322746809e-09,3.51351706840724e-08,5.96009667670626e-10,4.25533297365201e-09,1.38153842051989e-09,1.24244409420989e-09,3.01663329241798e-09,9.58220319780827e-10,5.84245907192597e-10,7.99581359917155e-10,6.95290053642953e-10,9.92339788251118e-10,-4.97866893852688e-08,-8.32536410493495e-07,2.00564496985047e-06,1.78083230607231e-07,1.51812766967678e-07,-1.23362156646325e-07,-1.71882344759118e-07,1.85812238609204e-07,-4.66308023743353e-08,-7.53708119774959e-08,5.34554592160775e-10,8.65988822138887e-06,2.78785049047437e-06,-8.59133200712437e-07,2.63620571953413e-05,1.2208074862459e-07,9.84896349832534e-09,-2.79499500155284e-07
"north_west","p_NC_50_64",-9.31290685341264e-09,-8.95789037868067e-07,4.24508073412653e-08,-1.33021810668413e-08,3.57372548928995e-08,6.12847866767769e-09,-3.46555261525913e-09,1.01461968445386e-08,-4.72576754964322e-09,1.54312970700716e-08,-8.98067739750954e-09,3.11639103634589e-09,-1.92637228560566e-09,4.21863165282931e-09,4.32563608873724e-09,-4.75693697626479e-08,6.84724347867406e-09,-6.67599882805128e-09,1.94779071033432e-08,-9.29117926262251e-09,8.6070428916909e-09,2.72411941110961e-09,6.62708546944962e-09,8.09062840393742e-09,8.31171109143519e-09,1.74099170958357e-08,6.98185206197639e-09,-9.95728650607781e-10,2.21472749380668e-08,-4.73107406718577e-09,9.52054394220352e-09,2.70246716357775e-09,1.66569350942459e-08,-2.01963311312701e-08,-2.73138010818447e-09,-1.85272538618269e-09,1.32118369856822e-08,-6.92363836139949e-09,3.76640678101993e-09,-6.20486867539858e-10,2.67991514187562e-07,5.88467486346089e-08,-1.76878928505664e-07,-2.27703823038746e-07,-3.15412849067254e-07,-9.59879465932544e-08,-5.47475704408485e-08,-5.23834286562003e-08,-1.75393952975735e-08,-1.8766226904538e-09,9.95903665589762e-08,-2.81402899981435e-07,-1.2060943259507e-08,7.86502991786342e-08,5.65520818415075e-08,2.0034928834925e-09,-2.73869121101401e-07,1.22918614397876e-09,1.38153842051989e-09,4.51398015751581e-09,1.25918981980562e-09,1.79932543517802e-09,1.70909240307276e-09,2.42962268436328e-10,7.72117799040648e-10,4.50654765675623e-10,1.65426170404444e-09,1.02617093968679e-07,-1.53633626926104e-07,1.79984658967133e-06,3.60712484755185e-07,5.74232077500761e-07,-2.46044770634459e-07,-1.69303839199697e-07,-1.44311997033007e-07,-8.99303618427497e-08,6.8946400819001e-09,-4.64740336764488e-10,6.85338126116314e-06,4.49272288607963e-06,5.65732139795652e-07,9.85245145114516e-06,8.48957044640439e-08,-2.00976926357503e-08,-1.72914951524019e-07
"north_west","p_NC_65_79",-1.26965500201303e-08,-4.26799032122977e-07,-8.57324247768241e-10,-2.35453889087771e-09,7.88930371143965e-08,6.83398597897139e-10,6.06454474963226e-09,2.6994262205324e-09,1.07960849485354e-09,4.36776080920658e-09,3.2103870606177e-09,-2.78066123753878e-10,4.02427585395689e-10,-3.05340684883122e-09,7.59079739078075e-09,-8.46145987266175e-08,-4.29415623720089e-10,2.89868180548023e-10,4.68010764338529e-09,3.00128942771376e-09,1.84834024782457e-09,3.01222824469268e-09,4.30197804641098e-09,1.06541736714234e-08,-2.88925650218894e-09,1.55290351368576e-08,4.3754652213017e-09,6.0035618977636e-10,1.18329526053352e-08,4.58690170442378e-09,6.5379639370125e-09,5.12828232089428e-09,9.61509393276899e-09,-9.29864284782223e-09,-1.23510907377896e-09,1.45804513564297e-09,3.20130522793583e-09,-1.28313091497171e-09,1.63270910454131e-09,1.95064677760441e-09,1.92886366946525e-07,1.33032590690202e-08,6.88088212406421e-07,-3.3980061465828e-08,-2.64551021858057e-07,-9.47674402556541e-08,1.91907496485344e-08,-1.72351484430885e-08,5.44860430342728e-08,1.0933471121948e-08,6.20104258378166e-08,-1.8254431453275e-07,2.08621158781168e-07,2.9813554204685e-09,6.16899602426933e-08,-1.00901070847014e-08,-3.09544212667038e-08,4.75225916168814e-10,1.24244409420989e-09,1.25918981980562e-09,1.94424640678353e-09,2.31427082446281e-09,5.50871893878786e-10,7.04772724409159e-10,6.81961402014807e-10,5.17183601477668e-10,1.10675070059438e-09,3.45390793210776e-07,-9.84879005176611e-07,2.00667863548482e-06,6.22956119330001e-07,2.13545612333219e-07,-1.89462045850444e-07,-2.13105910620208e-07,9.05296438874252e-09,1.47845465978154e-07,-5.24463635044061e-08,1.00667642480209e-10,9.97198701722504e-06,2.72321475119268e-06,-6.5964928515343e-07,2.29230820957588e-05,1.24645757193675e-07,-4.13365547139695e-08,-1.91547798085412e-07
"north_west","p_NC_80_plus",-7.10305403464245e-08,4.79899628280538e-07,-4.17982799198036e-08,2.3538335231281e-08,1.92008420047311e-07,1.12800429818703e-10,2.47606615566168e-08,-1.03178062467167e-08,1.90769749340181e-08,-1.32721170608762e-08,2.38989733054601e-08,-2.32121939376064e-09,3.60463263224386e-09,-1.19365183882004e-08,1.55687219305192e-08,-1.95275667640095e-07,-5.3010096234895e-09,6.16261781986849e-09,2.7481628963117e-09,1.68487543764554e-08,-2.64967085800745e-09,1.04763950887098e-08,1.12597889193597e-08,1.83912950358556e-08,-8.5427437935429e-10,2.87200794244489e-08,5.25992728904439e-09,8.37547074455082e-09,2.25938653598543e-08,2.44950759360672e-08,1.77750097657881e-08,1.78745956887308e-08,2.07923593176205e-08,6.69103615778002e-09,-2.81444838155632e-10,5.3770479376139e-09,-3.03586454146032e-09,7.57752504126551e-09,-4.2233379244795e-09,3.46519999696847e-09,3.08668928643343e-07,2.88171448245408e-08,2.01287381784062e-06,4.03944565455785e-08,-8.3505203573653e-07,-3.28434946569753e-07,1.75047152982271e-07,2.21011289762079e-07,1.48522464328685e-07,1.80855123717036e-08,1.81175100631182e-07,-3.04261507015413e-07,8.24026313724595e-07,1.10518743405921e-08,1.04326117512764e-07,-4.15816476088367e-08,-1.32557836347531e-07,1.13629034958998e-09,3.01663329241798e-09,1.79932543517802e-09,2.31427082446281e-09,1.94085290386543e-08,1.00085327576639e-09,2.00020859875668e-09,1.24548699429026e-09,1.61411463630407e-09,3.44626242362939e-09,2.19198540251943e-07,-2.79224258747425e-06,4.66948248819415e-06,2.24088079406258e-06,1.30003126301168e-07,-4.02769951219938e-07,-6.30374610104572e-07,-1.24445709133938e-07,7.56748607698999e-07,-1.94742358765104e-07,1.20101383387987e-09,2.06581989988721e-05,2.62519996860244e-07,-5.70870097334748e-06,5.61257405895733e-05,2.90170965590168e-07,-7.7205012528879e-08,-6.12473412413788e-07
"north_west","p_NC_weekend_15_24",-1.05763776529041e-08,-3.39332267714182e-07,1.69397664297021e-08,-4.93396722855671e-09,-6.55092568533165e-09,4.82003560196575e-09,-5.85135099278129e-09,7.42728533374872e-09,-4.24870733131853e-09,9.79558423880406e-09,-5.76952131995675e-09,3.0748438106289e-09,3.45836996663231e-12,6.04816972814823e-09,2.83894861038173e-09,-2.90093912065433e-09,5.16912288424058e-09,-2.57276967177309e-09,1.18304604754412e-08,-3.06966615480148e-09,6.67891983147046e-09,3.2681595672659e-09,6.02996973015986e-09,4.9629470019934e-09,1.01422024077896e-08,9.18878116180786e-09,1.60989545513981e-09,3.63757339234489e-09,1.4599074383287e-08,-1.87896896999528e-09,5.57811734511138e-09,-1.942431854028e-10,1.18811441080354e-08,-1.05001105854296e-08,-3.24212650996002e-10,-1.94052278298262e-09,9.37687310777866e-09,-6.26041614394596e-09,4.3162946357834e-09,-9.27132943847391e-10,1.00338572931829e-07,3.06886117050409e-08,-1.65552321490246e-07,-8.87824701856437e-08,-2.88244824158609e-07,2.16018688755224e-08,3.78617950952285e-08,-5.80737347297714e-08,-2.27151328059778e-08,8.89911598708006e-10,5.22239208628327e-08,-1.51004585018612e-07,-4.2205042182837e-08,-7.51352440223198e-09,1.52547135529035e-08,4.8210311317295e-09,-7.09493724310706e-08,6.53546642560165e-10,9.58220319780827e-10,1.70909240307276e-09,5.50871893878786e-10,1.00085327576639e-09,1.85815338123909e-09,1.21179875173253e-10,4.4718598122894e-10,1.8019499061588e-10,4.49744667716528e-10,-4.14221008420396e-08,1.10845100801861e-07,6.59589843122342e-07,3.96522426996526e-07,2.51052396708244e-07,-6.31040568875833e-08,-4.52763993234962e-08,1.0373123257648e-08,-1.77664241706281e-07,4.23191145937316e-09,-2.61183419628961e-11,-4.27801544492348e-06,1.33383407770446e-06,1.07783498174225e-06,-3.22903503601343e-06,-3.07500218453877e-08,-5.42533225925102e-09,-6.34421722531298e-08
"north_west","p_NC_weekend_25_49",-2.44592741760975e-08,1.60800399659839e-07,-3.16308893649895e-09,9.94236428575153e-09,7.28685654645789e-08,-1.50739768163094e-09,8.26552745608309e-09,-1.6060793010912e-09,3.34645628559782e-09,-1.35108898756328e-09,3.83657252808689e-09,-9.6604112446361e-10,1.93259843032753e-09,-6.96503164834294e-09,7.31987846137219e-09,-9.53984576765935e-08,-2.84769980417897e-09,4.04286030026125e-09,-3.19390386615617e-09,8.42234933555887e-09,-2.51956096732446e-09,4.167442058348e-09,2.40326074955521e-09,7.74752985953522e-09,-4.61932025258599e-09,8.6478391415531e-09,4.77909261157306e-09,2.54604019961732e-09,5.76222992581018e-09,6.95972117930934e-09,3.34969701061315e-09,7.26827424123939e-09,4.23172334837183e-11,1.13650605146624e-08,-1.84690758440671e-09,3.00187001183695e-09,-2.35394390022537e-09,1.59688906301132e-09,3.06544619032845e-10,7.0203997148161e-10,-6.01360957952371e-08,-9.9865576649606e-08,2.53881681940308e-07,-5.19056734007846e-08,-1.3671809546381e-07,-9.22909352038531e-08,-2.3553517843216e-08,2.42781338951629e-08,6.26054132110055e-08,2.28461841119906e-08,1.09551210281543e-08,-9.21894137198678e-08,-1.07109605263498e-08,6.24930681197555e-08,7.69257495697058e-08,-1.4261953948229e-08,1.30523033546281e-07,3.24625714080926e-10,5.84245907192597e-10,2.42962268436328e-10,7.04772724409159e-10,2.00020859875668e-09,1.21179875173253e-10,2.15575831547607e-09,5.39440253129055e-10,4.94465625963219e-10,1.21584008050313e-09,3.77623626360887e-07,-4.28023057761905e-07,6.72799585558408e-07,4.03083210177908e-07,-7.35531495744468e-09,-6.36964056980187e-08,-3.45622868828447e-09,-1.00738448902309e-07,2.79619924680688e-07,-1.80041429652138e-08,-1.0941019080509e-10,7.05871241204563e-06,6.27873788334045e-07,-1.25166900102645e-06,2.16636202324072e-05,9.50529374522449e-08,-5.25773882562611e-08,-1.54356110909276e-07
"north_west","p_NC_weekend_50_64",-1.37292928681376e-08,-1.63058953142418e-07,-1.37556967722051e-08,3.22839077448772e-10,5.22658314960928e-08,1.4136646059588e-09,2.96198028256566e-09,2.52432984693064e-09,-1.56920938159622e-10,4.26474867152392e-09,1.28761459912692e-09,2.61085173521674e-10,1.07868474551726e-09,-2.59970804614739e-09,5.8240593956476e-09,-4.22538197911769e-08,-2.44734628878675e-10,1.35475359560506e-09,2.85848065025349e-09,4.73037263542752e-09,2.00173163746566e-10,3.52400525280183e-09,4.0793302851914e-09,5.90592807527077e-09,1.2586344577739e-09,8.37826469871202e-09,3.12997312615295e-09,2.8001331467363e-09,8.26111379316998e-09,3.80468624556791e-09,4.09879312656395e-09,4.88244872188769e-09,6.13950797440732e-09,-3.603916843014e-09,-1.29064739949662e-09,1.68697137657406e-09,2.02339305120741e-10,-7.7042021685361e-10,4.44109979244125e-09,-1.20918144707351e-09,1.11135229665899e-07,-8.56517693395091e-09,7.06490900414006e-08,-1.22927806566398e-07,-1.32269967035672e-07,-5.08644720659115e-08,-3.4260224282599e-08,-3.91087690821053e-08,3.3726698199337e-08,-2.55398718587293e-09,-2.57666436575052e-08,-1.32851379353437e-07,-7.84048921209814e-08,-7.3951537220292e-09,4.68715368911037e-08,-5.12817816516135e-09,3.00632025496652e-08,3.83853437100084e-10,7.99581359917155e-10,7.72117799040648e-10,6.81961402014807e-10,1.24548699429026e-09,4.4718598122894e-10,5.39440253129055e-10,1.54838247585549e-09,3.62127951426325e-10,1.01780385546006e-09,2.47038584048789e-07,-7.15952891139551e-08,7.52134870933166e-07,1.39490436591206e-07,7.62487727843599e-08,-6.83994468088041e-09,-5.67633085606089e-08,-9.44017128842112e-08,1.31147630942307e-07,-6.15826882318425e-09,1.42309170848006e-10,5.59836768093514e-06,6.87900972972467e-07,-3.226569422054e-07,1.61470687512077e-05,7.25807670281952e-08,-4.37461852314921e-08,-1.17727056401419e-07
"north_west","p_NC_weekend_65_79",-8.31360310198649e-09,7.60890295738171e-08,-1.20400352408618e-08,2.05461229355686e-09,3.38467808101787e-08,-2.37092259464493e-11,4.35665531934186e-09,-1.72528116001419e-09,3.7674809514378e-09,-1.06520328821672e-09,4.88380873036237e-09,-6.69480819322842e-10,1.03311125043653e-09,-1.05705215254811e-09,3.19879352443194e-09,-3.4366974640097e-08,-1.829081106045e-09,1.71456429359728e-09,-1.37328610008869e-10,1.86750991325037e-09,4.09596935991957e-10,1.69970040340193e-09,2.16223831261695e-09,3.55434339768635e-09,1.64372141691451e-10,6.97433138795454e-09,1.15191887248936e-10,7.3905244721801e-10,5.52758958398176e-09,6.74810358107892e-09,3.22310714096201e-09,5.92699956474419e-09,4.76525024244178e-09,4.16916926779559e-09,9.03305452458415e-10,-1.80258446749085e-10,3.72800748564782e-10,1.03861519661509e-09,6.35167387853699e-11,5.59806658090356e-10,-2.19172055971168e-08,-7.29810774609745e-08,3.97930046328979e-07,5.00318498211345e-08,-6.33559710584819e-08,-1.32114883363372e-07,5.90383455800505e-08,-1.07333491787562e-08,3.74048797062906e-08,1.28400687687033e-08,5.42570148959904e-08,-5.60411451844511e-08,2.91018871750774e-09,4.17774497948743e-08,2.21961095563847e-08,-6.13217913417028e-09,4.74803795780541e-08,1.81571810667669e-10,6.95290053642953e-10,4.50654765675623e-10,5.17183601477668e-10,1.61411463630407e-09,1.8019499061588e-10,4.94465625963219e-10,3.62127951426325e-10,8.51760493886671e-10,3.01725706819999e-10,-9.00639472731369e-08,-5.74967933116912e-07,6.48257558287133e-07,2.5268717240955e-07,-4.84412620666899e-08,-4.1085314518004e-08,-4.46193216548404e-08,1.13581059003248e-09,1.19994755685821e-07,-4.5063211795372e-08,6.19446645231617e-10,4.28451172512371e-06,1.93985849764649e-07,-1.35497805017782e-06,9.84440802182378e-06,5.72030380418073e-08,4.10969857664676e-09,-1.49502927621002e-07
"north_west","p_NC_weekend_80_plus",-3.35747328324292e-08,-3.09325285197771e-08,2.5072637907343e-08,2.01915905432328e-08,7.25696971938386e-08,6.14921174279135e-10,4.18969428253878e-09,5.36813119332782e-10,4.32998602376231e-09,-3.58348170073005e-09,2.44161922246063e-09,5.1648500423062e-10,6.0720296419735e-10,-7.03776636783036e-09,7.43756217375764e-09,-9.42185095101218e-08,-2.56697337477551e-09,1.72378950651172e-09,-2.1052542410892e-09,7.67062865768253e-09,-2.13850604464316e-09,4.59580822223445e-09,5.09548933661138e-09,3.81399004560019e-09,3.25780038905624e-09,1.0228482930964e-08,1.03192924167158e-08,-3.92723626884198e-11,1.26273008303419e-08,2.38331683668074e-09,7.42681950518624e-09,4.45673934848616e-09,1.12691771982614e-09,1.16093840610901e-08,-6.12911249111046e-09,6.63986142674309e-09,-2.13749133361223e-09,-1.00598974223357e-10,-7.31284272814629e-10,2.18558117396326e-09,2.45314966937546e-09,2.39935721033806e-08,1.76649935642129e-07,-1.98221820109115e-07,-3.96947910332204e-07,2.10022236998445e-07,-1.13147991858872e-07,9.97741308438313e-08,4.65803622892042e-08,1.62317670340931e-08,3.51536774796347e-08,-1.57033849574137e-07,1.46506086160378e-07,8.68301099116706e-08,1.21428325833021e-07,-2.53438948501383e-08,-1.46570979976941e-07,7.87187353004426e-10,9.92339788251118e-10,1.65426170404444e-09,1.10675070059438e-09,3.44626242362939e-09,4.49744667716528e-10,1.21584008050313e-09,1.01780385546006e-09,3.01725706819999e-10,7.52808084023805e-09,9.07675611952488e-07,-4.37455835135074e-07,1.60397491524646e-06,6.61352033765497e-07,1.02099764240849e-07,-1.98161945054955e-07,5.00499141488588e-08,-1.18017247057668e-07,3.72406617599896e-07,-2.1553938970745e-08,-8.30436806256626e-10,1.01182378823419e-05,2.67165109198763e-06,-4.18329238990523e-07,2.222335449776e-05,1.20400794760128e-07,-7.8311072342999e-09,-2.13381407709857e-07
"north_west","p_W_D",-1.2411978140812e-05,-0.0002909363765333,9.78166298238486e-06,7.38087134527592e-06,6.32588327380251e-05,-2.9833508135898e-06,5.87771712718217e-06,2.49445207591351e-06,-3.15120591944008e-06,2.49520196397757e-06,-3.10376091077849e-06,-9.00183762105472e-07,-9.64121740662173e-07,-9.23387870009475e-06,5.24858886066933e-06,-8.17063659856021e-05,-1.49468754186745e-06,2.14153195435755e-07,-3.92346369000675e-06,8.64470835978224e-06,-2.87733613528684e-06,1.26353266988481e-06,-1.12052751659813e-07,1.53214004446368e-06,-4.89629127392627e-06,7.40991831605109e-06,7.39449209770333e-06,-3.4436460316609e-06,3.93240389883699e-06,-4.56307375899828e-06,3.28622195713923e-07,1.1382266686383e-06,-6.45433349102836e-06,2.64328874883061e-06,-4.05268519029416e-06,1.7152450978652e-06,7.81386740770604e-07,-2.6656033582919e-06,2.41001104046121e-06,2.32764240584198e-06,6.97011952950633e-05,0.000139872489640921,-9.58188321633722e-05,-0.000230583064383237,-0.000249958958778562,-5.75584762358969e-06,-0.000266936439168679,4.37460972404839e-05,1.81891720890111e-05,-4.35462892528948e-07,-7.99440058214538e-05,-6.4292353499798e-05,-5.42756850239688e-05,-1.37334461285723e-05,8.15805877360144e-05,3.71289157984463e-06,-0.00026588810226474,4.45160977201013e-07,-4.97866893852688e-08,1.02617093968679e-07,3.45390793210776e-07,2.19198540251943e-07,-4.14221008420396e-08,3.77623626360887e-07,2.47038584048789e-07,-9.00639472731369e-08,9.07675611952488e-07,0.00228029771494709,3.99368050027295e-05,0.00101404217827591,0.000343544815263927,0.000222008357365127,-0.000153292026338529,0.000122408365299054,-0.000266466571420799,0.00026629231212418,1.45376201490896e-05,-8.21596174233729e-07,0.0103069320510191,0.00165663869197515,0.00101379181880893,0.0196989845877797,0.000102875772166233,-9.20835751185843e-05,2.82467546416787e-06
"north_west","rel_p_D_alpha",1.72160677124506e-05,0.000163558419524037,3.3448820082657e-05,-4.95999452637762e-06,-8.9906909168783e-05,9.92151290132729e-07,-1.02691565646967e-05,6.93031351998326e-06,-1.010104061614e-05,1.23907808823823e-05,-2.21335121472419e-05,4.03772386902972e-06,-1.54996070103026e-06,3.99796111094146e-06,-1.59679668870983e-06,0.000111693272104233,3.26614640428022e-06,-8.8087716523698e-07,1.99973359613081e-06,-5.4473812890024e-06,3.06211488274474e-06,1.03794260227169e-07,-2.38476550736687e-06,-5.94287905688035e-06,1.16800731423852e-05,-1.21916017402231e-05,-8.45181952834912e-07,2.20237207218486e-06,-1.21185203070801e-06,-1.30140881917602e-05,-4.82175862104497e-06,-8.77814475851125e-06,-5.08046165715729e-06,1.33029170634389e-06,-1.84819946195636e-06,2.20177989095723e-07,9.9421869336059e-07,-2.38881195331622e-06,1.26462624573656e-07,1.33673340093146e-07,5.55497671657647e-05,0.000120545027784703,-0.0035598076813609,-0.000852247565219073,-7.24461338431822e-05,0.000429370026758313,-0.000348514569661607,6.46450987047052e-05,-0.000155563061712843,-3.77347280742858e-05,-0.000493849338392621,-5.69465696650854e-05,-0.000771632111201001,-0.000140531890184874,-8.97626477447405e-06,3.33779582312787e-05,-0.000145286552435105,-2.68425051255803e-09,-8.32536410493495e-07,-1.53633626926104e-07,-9.84879005176611e-07,-2.79224258747425e-06,1.10845100801861e-07,-4.28023057761905e-07,-7.15952891139551e-08,-5.74967933116912e-07,-4.37455835135074e-07,3.99368050027295e-05,0.0058925185812784,-0.00408564392460712,-0.00134740434908089,0.000314157083649674,0.000178366620496016,0.000449816909557387,-0.000307985071931492,-0.000266408102210248,0.000108508830192677,-1.54434247545971e-06,-0.0133409329182031,-0.000947832594588838,0.00321714097661935,-0.0255073770191511,-0.000153969364171657,-1.01313703564013e-05,0.000261871812757813
"north_west","rel_p_D_delta",-3.41867378990835e-05,-0.000384975228881706,-6.91462157547194e-06,-3.97348174353253e-06,0.000206685676133966,-9.9489386249293e-08,1.71249442036839e-05,-1.27286639534626e-07,8.264667573474e-06,-8.44513456727559e-06,1.7857318756302e-05,-3.31115298495714e-06,-8.06392499067982e-07,-1.1547112319292e-05,1.44639220633471e-05,-0.000218609510399604,-3.62190324259836e-06,-2.15730144459829e-06,9.52219773744065e-06,7.1274071288639e-06,-9.55014572992237e-07,3.25275598545695e-06,5.12656128729387e-06,1.67082455564445e-05,-1.70280127682374e-05,3.29665399793737e-05,1.05177232442351e-05,-6.64988584549492e-06,1.59844509705199e-05,6.52507269198456e-06,1.21072492248854e-05,1.36462247694691e-05,1.28468088478648e-05,-2.78514786879037e-05,-2.96780962043286e-06,1.14670057728294e-06,6.47369984734963e-06,-4.80413346535252e-06,9.23121255143453e-06,1.34484984210912e-06,0.000327226716033463,-5.19788073885882e-05,0.00266515605085475,-0.000153000137620394,-0.000857092846495577,-0.000551842382653439,0.000367246857391498,-0.000191643980744312,0.000201463638035502,2.33297824317028e-05,0.000235135297230219,-0.000271761637264336,0.000887278857700162,6.07352308812659e-05,0.000111615212294692,-3.77353929878496e-05,-9.90565393137292e-05,9.2957794891102e-07,2.00564496985047e-06,1.79984658967133e-06,2.00667863548482e-06,4.66948248819415e-06,6.59589843122342e-07,6.72799585558408e-07,7.52134870933166e-07,6.48257558287133e-07,1.60397491524646e-06,0.00101404217827591,-0.00408564392460712,0.00773852672904646,0.00190056850488056,0.000497879574861741,-0.000426877399047592,-0.000754273543090035,0.000100133884812796,0.000461477881526228,-0.000144644475124688,1.89894334191267e-06,0.0282848531082803,0.00521867805350857,-0.00304096193212653,0.0612564421879628,0.000335242653181661,-0.000125754871797336,-0.000372187228506171
"north_west","rel_p_D_omicron",-3.51011740622186e-05,3.82895268966892e-06,1.45171393258223e-05,1.5056624601442e-05,4.22557774647668e-05,1.19536674309485e-06,4.22541394723855e-06,-4.43214206605275e-06,7.22876450831394e-06,-1.0246157766672e-05,1.11532030768737e-05,-5.97546096568469e-07,1.38884133688875e-06,-4.61854711235452e-06,3.89966737489031e-06,-6.37375952340677e-05,-1.35766853223888e-06,1.77682619969687e-06,3.47278082389813e-07,4.93361888547888e-06,6.53096761661588e-07,3.61241260418553e-07,4.74668137876921e-06,4.94611006751338e-06,-5.37303091327932e-06,1.09430294152606e-05,4.16003208152944e-06,3.67950358520787e-07,5.87145374373571e-06,1.33425132543301e-06,5.41981266664411e-06,9.13951551192044e-07,5.09667766260078e-06,-6.85217641695131e-06,-1.65858721743323e-06,1.04299453511436e-06,3.66247189328555e-06,-3.55861808219881e-06,2.29376956522181e-06,1.91224061618526e-07,1.25698209368365e-05,7.53202382570036e-05,0.000838530776852928,0.000145597055486776,-0.000750293943745249,0.000142960494778423,1.40290495769714e-05,5.05092065136439e-05,0.000107294438008564,3.7226194220557e-05,0.000133919826764253,-3.41200774674182e-05,0.000441901888143977,3.84750539720389e-05,3.69578255608e-05,-2.2549566629365e-05,-0.000165078315437871,3.1971305186785e-07,1.78083230607231e-07,3.60712484755185e-07,6.22956119330001e-07,2.24088079406258e-06,3.96522426996526e-07,4.03083210177908e-07,1.39490436591206e-07,2.5268717240955e-07,6.61352033765497e-07,0.000343544815263927,-0.00134740434908089,0.00190056850488056,0.00187937915921632,6.17558271067979e-06,-0.000156487561302519,-0.000175078597542777,-8.80601097805077e-06,0.000313095350881619,-5.40144757374635e-05,5.80659468398927e-07,0.00325859423052,-0.000650742966846708,-0.000840938397692338,0.0115310862077706,5.07471121792436e-05,-2.6679556352155e-05,-0.000106206818889709
"north_west","rel_p_H_alpha",5.03181807770641e-06,-0.000272376217718933,1.7084938246282e-05,-5.7989072324199e-06,3.42775358872982e-05,2.09827242611833e-06,-2.49160847548599e-07,4.9606789645625e-06,-3.76681035058165e-06,4.90591871653078e-06,-4.53239009051461e-06,5.4529263197259e-07,-9.01887977676996e-07,-7.56053492602055e-07,2.67128636561599e-06,-4.22348507996989e-05,3.20416760874492e-06,-2.19616579345499e-06,6.0043126520679e-06,-1.81165118440793e-07,1.83036160772539e-06,1.89477398426558e-06,5.12478933859757e-07,3.4431401547319e-06,-2.82738523548504e-07,7.32580165519211e-06,4.41682135157244e-06,-7.66279098380187e-07,4.83606181816564e-06,-1.6664554949602e-06,1.59503383874795e-06,2.00669665084875e-06,2.37558605577479e-06,-7.07111591329342e-06,-2.09570781907673e-06,7.64202424497517e-07,2.90699456914846e-06,-2.35167819646053e-06,3.39514913435266e-06,-3.80332678142931e-07,0.00013791374611966,4.13585568686906e-05,-0.000280428320247041,-0.00017714382454123,-9.97471520749419e-05,-0.000112848072554867,-0.000102275890808783,-8.22968461065724e-05,-3.40094326802629e-05,-2.78506033808715e-06,-6.61682682306842e-05,-0.000165379226823588,-0.000137901867241913,6.62247428710739e-06,3.1886090882464e-05,4.5582997230954e-06,-7.07004643743672e-05,1.65988573143941e-07,1.51812766967678e-07,5.74232077500761e-07,2.13545612333219e-07,1.30003126301168e-07,2.51052396708244e-07,-7.35531495744468e-09,7.62487727843599e-08,-4.84412620666899e-08,1.02099764240849e-07,0.000222008357365127,0.000314157083649674,0.000497879574861741,6.17558271067979e-06,0.000838821215830184,-0.000462276500520229,-6.35423913907141e-05,-0.000251516174733724,0.000113258875231602,5.8512474156566e-06,-2.61503123358793e-07,0.00130540141273779,0.00139896001201169,7.27239489493797e-05,0.0100198269390448,3.00242576511013e-05,-7.24777383949128e-05,-7.02612042133689e-06
"north_west","rel_p_H_delta",2.46868906756307e-06,0.000233134982081081,-2.84775705278445e-06,3.01534907879991e-07,-2.58601192069825e-05,-4.16689577523225e-07,-1.37566870789513e-06,-1.09185749417129e-06,9.37574755979132e-07,-1.08865974314189e-07,-3.57010773469416e-07,3.75640687377579e-07,5.81965631345563e-07,2.28649126372801e-06,-1.59007655267437e-06,3.38832105807133e-05,-1.49412131347039e-06,1.01869252062926e-06,-2.3632370755203e-06,-2.00722482918578e-06,-2.22802914710262e-08,-1.78875938061153e-06,-6.94609009220878e-07,-2.90915027729039e-06,8.04125788792195e-07,-5.80121665073479e-06,-3.10994598651366e-06,8.16457629106355e-08,-3.25207054730801e-06,-1.32453060924003e-06,-1.31087891512326e-06,-2.42363231456788e-06,-1.48168763039509e-06,1.26545656586385e-06,1.63612202609279e-06,-8.26778469323774e-07,-9.13221412966198e-07,1.642442289644e-06,-2.35255932729356e-06,3.40491228443572e-07,-5.9137397724e-05,8.37119589407573e-06,-6.59589345030519e-05,1.28975220620138e-05,7.30598224621626e-05,8.78848375390143e-05,7.85017671156327e-05,1.06258272437462e-05,-1.47643182155891e-05,-3.67840817190363e-07,1.84411867354862e-05,4.56682534074883e-05,-0.000120021253809381,-1.43701354707303e-05,-2.08706583025835e-05,3.03117991199558e-06,2.46590276428328e-05,-4.02278866477327e-08,-1.23362156646325e-07,-2.46044770634459e-07,-1.89462045850444e-07,-4.02769951219938e-07,-6.31040568875833e-08,-6.36964056980187e-08,-6.83994468088041e-09,-4.1085314518004e-08,-1.98161945054955e-07,-0.000153292026338529,0.000178366620496016,-0.000426877399047592,-0.000156487561302519,-0.000462276500520229,0.00050328263039396,6.97431914515778e-05,0.00019346358936467,-0.000236471189342372,1.53444968327738e-05,7.74973584093419e-08,-0.00238472012764953,-0.000369974821830326,0.000382887297380757,-0.00773327229424168,-2.90926519338061e-05,5.51822436685088e-05,3.35778382730585e-05
"north_west","rel_p_H_omicron",5.5907492230162e-07,-0.000197668822257233,5.22472727744544e-06,8.18284509781694e-07,-1.83878096107747e-05,4.93501178339809e-07,-1.94003646729047e-06,9.37052530460093e-09,-6.52095729606002e-07,-1.00955826979716e-06,-1.65812906520365e-06,6.89655759370566e-07,-8.61041523722844e-07,7.62248099534112e-07,-1.69094230999111e-06,1.56476577765043e-05,-9.79819559631865e-07,2.787889299431e-07,-4.21342360577414e-06,3.01859607462996e-06,-3.0441768148265e-06,3.10759162633186e-07,-3.17178276815368e-06,-1.47907982705921e-06,2.04248970556369e-07,-5.56626436958815e-06,5.35811379275918e-07,2.33440202608012e-06,-3.14820440944523e-06,-3.74324736977607e-06,-2.24948957305753e-06,-2.77601552549926e-06,-4.75104760464975e-06,3.61950335074008e-06,-1.01934259066377e-06,9.67854075583174e-07,-1.37552402720058e-06,2.2505323342931e-07,2.91466531618863e-08,-1.06096248346999e-06,-3.29171191006318e-05,4.3231913541717e-05,-0.000361700535524756,-2.39579586386834e-06,5.92229167566035e-05,0.000127772576302147,-0.000114017113429651,3.19427650793465e-05,-2.02798307542398e-05,3.89893568201108e-06,-2.30847973645718e-05,3.39558932658903e-05,-0.000711004561444023,-5.19843917044654e-06,-5.71833184038373e-06,3.37060771710385e-06,-4.9673881654775e-05,1.12154539596608e-07,-1.71882344759118e-07,-1.69303839199697e-07,-2.13105910620208e-07,-6.30374610104572e-07,-4.52763993234962e-08,-3.45622868828447e-09,-5.67633085606089e-08,-4.46193216548404e-08,5.00499141488588e-08,0.000122408365299054,0.000449816909557387,-0.000754273543090035,-0.000175078597542777,-6.35423913907141e-05,6.97431914515778e-05,0.000699811427042743,-0.000118325371143523,4.05853749686377e-05,4.51058284922454e-05,-5.15730860843504e-07,-0.000380227922741316,-0.000245709797167329,0.000240828179095606,-0.00511622328380272,-7.46747062939757e-06,2.19277641462024e-05,4.6260614031666e-05
"north_west","rel_p_ICU_alpha",4.74524169748967e-06,0.000405565826350884,-1.43028341493035e-05,-3.3548147092118e-06,-8.40089008564545e-06,7.73614880468591e-07,-6.33619181249459e-07,-1.22754608487646e-06,1.43966476383225e-06,6.34612926355432e-07,1.24876642824547e-06,-7.24525917218002e-07,3.04246333067179e-07,7.09721121423754e-07,-7.35648169202125e-07,9.37276526722538e-06,-7.94173725411202e-07,-4.89566407231603e-07,-3.60126505882956e-07,-3.00628842121449e-06,1.55575279516067e-06,-2.93967223094156e-06,4.02790854801235e-07,-8.254738900257e-07,-8.31533987057063e-07,-8.7070423305065e-07,-1.85470325340453e-06,-2.0750107091243e-06,1.08945129016854e-07,-1.80334983913662e-06,2.58603045803362e-07,-1.61373603015881e-06,1.5041175916959e-06,-4.28922908003588e-06,1.60275153648285e-06,-2.13293135805578e-06,3.35313199724548e-06,-2.05987074889119e-06,1.18075556749842e-06,-8.75655019908541e-07,-2.61609667850925e-05,-5.45601573150273e-05,0.000279701195288291,8.98399057968372e-05,3.79612571063262e-05,3.60034375514784e-05,0.000195379636649032,-6.74909271352881e-05,1.59388969463974e-06,-3.66768131542972e-07,4.698548551421e-05,2.83530854541279e-05,0.000151691437724367,-1.52989597537251e-06,-1.02862945094172e-05,-2.04245147107228e-05,8.66622608142767e-05,-1.43837696221833e-07,1.85812238609204e-07,-1.44311997033007e-07,9.05296438874252e-09,-1.24445709133938e-07,1.0373123257648e-08,-1.00738448902309e-07,-9.44017128842112e-08,1.13581059003248e-09,-1.18017247057668e-07,-0.000266466571420799,-0.000307985071931492,0.000100133884812796,-8.80601097805077e-06,-0.000251516174733724,0.00019346358936467,-0.000118325371143523,0.000768568648542707,-0.000469182596694207,-1.90240426382273e-05,6.2480983983501e-07,0.00142781065375982,0.000796307970389559,0.000401122189941048,-0.00281550088392779,6.78068992078613e-06,3.40208850910304e-05,2.64896564458039e-06
"north_west","rel_p_ICU_delta",-1.14921314346263e-05,-0.000186332281872182,1.31736247012345e-06,9.12311827206856e-06,3.09703809885663e-05,-1.56196630839082e-06,3.96692254879705e-06,-1.17061455274807e-06,1.19333503488387e-06,-3.8840862234221e-06,2.99203973242233e-06,-5.71600092174565e-07,2.34961488552809e-07,-4.56851166361515e-06,2.2235324567895e-06,-3.40415752154245e-05,-1.17525494647643e-06,1.38352720507155e-06,-2.52555606613135e-06,5.90000553079871e-06,-2.88462002696703e-06,2.21806221010486e-06,-2.19440345411958e-07,1.60353726351463e-06,-2.4840673798382e-06,2.46222611224786e-06,2.4280940921869e-06,1.45433034517807e-06,-1.30846675122408e-06,3.42599615649705e-06,1.33420155183698e-07,3.1577425607265e-06,-2.90707724249173e-06,6.67134652387935e-06,-1.73386607630334e-06,2.43692939094929e-06,-3.5884784332192e-06,1.6537623650287e-06,2.07597948106237e-07,1.62135310520741e-07,-9.37157008923711e-06,-1.27882030029393e-05,0.000146496065511533,-1.19793728568123e-05,-0.000120056857712498,-2.81543766254345e-05,-0.000156384089291731,7.08174107262692e-05,5.47638635229991e-05,6.2901181250712e-06,-1.28370124886965e-05,2.90471271739242e-06,3.79454220093366e-05,3.0353690645044e-05,2.46469393479128e-05,-8.66335113798919e-06,-4.89949664807845e-05,1.04896183248384e-07,-4.66308023743353e-08,-8.99303618427497e-08,1.47845465978154e-07,7.56748607698999e-07,-1.77664241706281e-07,2.79619924680688e-07,1.31147630942307e-07,1.19994755685821e-07,3.72406617599896e-07,0.00026629231212418,-0.000266408102210248,0.000461477881526228,0.000313095350881619,0.000113258875231602,-0.000236471189342372,4.05853749686377e-05,-0.000469182596694207,0.000631411049983626,-2.24275914131285e-05,-1.47628476045212e-07,0.00305157412721492,-0.000685679332821834,-0.000971221046040669,0.00971714967217527,3.98537990781646e-05,-4.31815707649962e-05,-3.70212823147726e-05
"north_west","rel_p_ICU_omicron",5.94121359476096e-07,-8.0742124601127e-06,3.59838241437525e-06,-5.93791024009919e-07,-3.9527562681108e-06,-6.89865244236973e-08,-2.60127237995067e-07,1.07810987874076e-08,-3.26184999635618e-07,5.80471915095862e-08,-5.39741815883441e-07,1.00015442715048e-07,-2.25698619260289e-07,1.65671705796669e-07,-3.00167201605389e-07,3.73223185042506e-06,6.81869861940244e-08,-3.58705439750208e-07,3.9028434743558e-08,-3.26614033257443e-07,-1.39962537396292e-07,-1.16836571940169e-07,-5.10277980864319e-07,-4.05937711281347e-07,-6.24479294658868e-08,-6.96174711312132e-07,1.74133879506463e-07,-1.81114034084315e-07,-3.76501375451654e-07,-1.15827357611218e-06,-3.52120606472721e-07,-7.42838876794566e-07,-6.22780856144301e-07,2.39419030120443e-07,-2.48654239449004e-07,8.89471813872186e-08,6.16065778978091e-08,-1.50269057067795e-07,-1.88265865107557e-07,1.02463852181292e-07,4.32671016522167e-06,1.45837049030082e-05,-7.94000364164904e-05,-1.18401364754259e-05,2.21739558921196e-05,1.95669725773479e-05,-1.86742264969602e-05,-4.15244483477166e-06,-6.02077697838826e-06,-2.57144219972631e-06,-9.51640147622992e-06,4.08029021726509e-06,-6.58852732711341e-05,-7.07398892238234e-06,-1.76749754685043e-06,7.47633887243303e-07,-2.75020961490818e-06,1.51337378313062e-08,-7.53708119774959e-08,6.8946400819001e-09,-5.24463635044061e-08,-1.94742358765104e-07,4.23191145937316e-09,-1.80041429652138e-08,-6.15826882318425e-09,-4.5063211795372e-08,-2.1553938970745e-08,1.45376201490896e-05,0.000108508830192677,-0.000144644475124688,-5.40144757374635e-05,5.8512474156566e-06,1.53444968327738e-05,4.51058284922454e-05,-1.90240426382273e-05,-2.24275914131285e-05,2.99494572496665e-05,-1.59519138807523e-07,-0.000179153959738133,8.15144782986614e-05,0.00019061574793071,-0.00108117469203216,-2.77581673613249e-06,1.56799870379495e-06,1.57741524231079e-05
"north_west","rho_pillar2_tests",1.12526406064963e-09,1.25907710942429e-06,-5.01627358299073e-08,-1.4704222192539e-08,-4.84307583993433e-09,4.7350297623301e-09,1.87000012366515e-09,-9.01048605693625e-09,1.59464850263098e-08,-1.01456497035304e-08,1.11943630092142e-08,-2.04212646572757e-09,2.25384334477144e-09,6.8663472288525e-09,-6.43738535751256e-09,5.06748891800721e-08,-2.72233639624953e-09,-3.91192865987577e-10,2.07610851781065e-09,-9.75384286116606e-09,1.76492362525453e-09,-5.79656488326442e-09,4.80794339252366e-09,-6.55012897342844e-09,-2.00060778714222e-09,2.8070226992035e-10,-1.14169774057763e-08,-2.87405576050448e-09,-4.76939401428577e-09,3.19559413867017e-09,-4.63246232617078e-10,3.13317388295523e-09,4.13964078740539e-09,-9.37832541997658e-09,8.63324713811732e-09,-3.93364258640614e-09,2.9783738156653e-09,-3.19387991993906e-09,8.08028705112867e-09,-2.18152749840086e-09,4.64767463075586e-09,-2.97649140727016e-07,1.18006742484932e-06,1.94783641405403e-07,-1.67436166620045e-07,-4.28238203809446e-08,2.51055916987113e-07,-1.49341817242738e-07,1.28974097043949e-07,4.81040239740675e-08,9.41163761958273e-08,-2.71801251205648e-08,6.66917580493943e-07,-2.03854958984719e-08,-8.29607932687299e-08,-1.33705112390606e-08,2.18512305281027e-07,-8.25379651994323e-10,5.34554592160775e-10,-4.64740336764488e-10,1.00667642480209e-10,1.20101383387987e-09,-2.61183419628961e-11,-1.0941019080509e-10,1.42309170848006e-10,6.19446645231617e-10,-8.30436806256626e-10,-8.21596174233729e-07,-1.54434247545971e-06,1.89894334191267e-06,5.80659468398927e-07,-2.61503123358793e-07,7.74973584093419e-08,-5.15730860843504e-07,6.2480983983501e-07,-1.47628476045212e-07,-1.59519138807523e-07,9.77978444323605e-09,6.19213832113405e-06,-3.20485879569154e-06,-1.56244258081985e-06,-3.60454008967449e-06,8.32103078615799e-08,1.35269412059085e-07,-1.20004927300426e-07
"north_west","seed_date_alpha",-0.00028848080888604,-0.00288684518000082,-0.000119426311293533,-0.000140547620085053,0.00169725548477935,-9.52904429492997e-05,0.000257927257395285,-2.69005685678933e-06,4.97444572771368e-05,3.64903385525474e-05,6.38203602419753e-05,-0.000115942573700375,-0.0001591760368616,-0.000259190156289808,-3.51602315848832e-05,-0.00187699995339341,-0.000188534349951828,-0.000122368739730578,-0.000214486542134068,-2.1160714302054e-05,-0.000136352056699877,-0.000195358020855543,-0.000144299039591593,-0.000112374177318089,-0.000364790099121905,-2.58809767646044e-05,0.000124990403899105,-0.000256234664342471,-0.000211102354253349,-0.000220078320606195,-5.72605654279293e-05,-0.000109520466198327,-0.000121344029016853,-0.000360020409330107,-6.52372452269594e-05,5.6118301830217e-05,-1.85408299737199e-05,-3.5214303285309e-05,7.43759307104587e-05,4.43326629827411e-05,0.00320642841359464,0.000190769378694983,0.00934093983135938,-0.00140112279383469,-0.00148801659921138,-0.00340241199780193,0.00265558363752956,-0.000718016973503563,0.000459965331018472,0.000248042687508257,0.000167197086198883,-0.000941921330528124,0.00199115001053505,0.000435218785755001,0.00114085741307539,-0.000300449991312997,-0.00262422422447488,5.20932239527376e-06,8.65988822138887e-06,6.85338126116314e-06,9.97198701722504e-06,2.06581989988721e-05,-4.27801544492348e-06,7.05871241204563e-06,5.59836768093514e-06,4.28451172512371e-06,1.01182378823419e-05,0.0103069320510191,-0.0133409329182031,0.0282848531082803,0.00325859423052,0.00130540141273779,-0.00238472012764953,-0.000380227922741316,0.00142781065375982,0.00305157412721492,-0.000179153959738133,6.19213832113405e-06,1.00952623674767,0.0439975129757623,-0.00606725513395343,0.521920811002369,0.00949384316362378,-0.00134390499766477,-0.00104457779513237
"north_west","seed_date_delta",7.51240611314048e-05,-0.00425619454449074,2.58680591764715e-05,-5.31830909290411e-05,0.000337158424560768,-9.83359747838371e-06,1.19484198224994e-05,3.06053902127734e-05,-1.75907087197549e-05,2.78113260375915e-05,-2.1153998229434e-05,-2.15740353573279e-07,-8.66954653078121e-06,-1.97429702530914e-05,4.213910720527e-05,-0.000348801927510696,-1.39048867535937e-05,-2.60865722030208e-05,5.28807546311837e-06,-2.76640556431598e-05,-3.13986118752894e-07,-2.38881098567917e-05,-1.0750865138159e-05,-8.24561163671014e-06,-3.9222390291619e-05,2.8266181336345e-05,2.53799130662982e-05,-4.77031401452375e-05,7.42945309672501e-06,-5.534963926119e-05,5.41932111141521e-06,-2.5707107498544e-05,1.99329209482853e-05,-0.000129218625318871,-9.88909298951394e-06,-2.20552161738182e-06,2.6112380394524e-05,-2.88933474765764e-05,3.11621939232511e-05,9.24369313968149e-06,0.00151007731028242,0.000516753773249257,0.000753050384249136,-0.000605614184690769,0.000171723711330043,-0.00103375355478583,0.00119769330474289,-0.000239885788794473,-3.14602971793929e-05,3.35196921330558e-05,0.000126736243070795,-0.0005505928184537,-0.000293262551177834,-0.000144197276500966,0.000339698354161379,-5.51539173358851e-05,-0.000143822200172198,1.84871049775448e-06,2.78785049047437e-06,4.49272288607963e-06,2.72321475119268e-06,2.62519996860244e-07,1.33383407770446e-06,6.27873788334045e-07,6.87900972972467e-07,1.93985849764649e-07,2.67165109198763e-06,0.00165663869197515,-0.000947832594588838,0.00521867805350857,-0.000650742966846708,0.00139896001201169,-0.000369974821830326,-0.000245709797167329,0.000796307970389559,-0.000685679332821834,8.15144782986614e-05,-3.20485879569154e-06,0.0439975129757623,0.0659214229944961,0.00476027673092243,0.10442969756581,0.000440600421941881,0.00053007206693783,-9.77348545274921e-05
"north_west","seed_date_omicron",-9.67316397205993e-07,-0.000261151736390214,8.36974504075521e-05,-2.91933759575306e-05,-8.50681010810838e-05,-2.24263654733538e-06,-4.22480784039616e-06,5.47068008782295e-06,-1.74541379156486e-05,2.5912355576135e-05,-3.30573679638553e-05,1.48045772848207e-06,-3.80068758990765e-06,4.88185909066028e-06,-9.34663072942472e-06,8.42597359522996e-05,2.82111222217944e-06,-1.08143666766797e-05,1.58078889246823e-05,-2.99786229386239e-05,7.31567724132553e-06,-1.65364203182006e-05,9.31014229768538e-06,-3.30204473937602e-05,1.17831083147412e-05,-1.5130237294929e-05,9.52279557984971e-06,-1.46301344662957e-05,2.55624433141591e-06,-0.000111606156107889,-3.7958343864767e-05,-7.19807546834602e-05,-4.79639709404315e-05,-6.90491456649249e-05,-7.82876931833638e-06,7.89157659176607e-07,3.74566509366789e-06,-2.03149290075813e-06,-1.14752085629756e-05,8.39698447991387e-06,-0.000214670672690872,0.000256477762513409,-0.00201519991736874,-0.000394944298102413,0.000140082144917878,0.00031141414181845,0.000128534917935669,4.03912309191649e-05,-0.000247166455746956,1.5851003071059e-05,-0.000207028464057135,-1.06819093969281e-05,-0.000369991718616542,-6.82418961716657e-05,8.15275442871459e-05,3.43916144103158e-05,5.61981710190461e-05,3.14699603143911e-07,-8.59133200712437e-07,5.65732139795652e-07,-6.5964928515343e-07,-5.70870097334748e-06,1.07783498174225e-06,-1.25166900102645e-06,-3.226569422054e-07,-1.35497805017782e-06,-4.18329238990523e-07,0.00101379181880893,0.00321714097661935,-0.00304096193212653,-0.000840938397692338,7.27239489493797e-05,0.000382887297380757,0.000240828179095606,0.000401122189941048,-0.000971221046040669,0.00019061574793071,-1.56244258081985e-06,-0.00606725513395343,0.00476027673092243,0.0481194622247972,-0.0217212581180576,-5.9996667705606e-05,0.000100748105784779,0.00186870294480946
"north_west","start_date",-0.000349443933013681,-0.014965882591298,-0.000171832376178658,-9.97028803924939e-05,0.00481376970106438,-8.9529667309668e-05,0.000382989227905356,7.73703959963889e-05,-5.47999378943132e-05,6.22606682535273e-05,3.00178888401803e-05,-7.92658879191996e-05,-1.73360426858441e-05,-0.000361957410285047,0.000281797739198224,-0.0047589978623027,-8.98383793707288e-05,-3.13953944190928e-06,-5.10184604396683e-05,0.000329889552667251,-0.000181070702833878,9.73268893843238e-05,-1.32968028222189e-05,0.000226158777104703,-0.000390161490241515,0.00047854055414126,0.000280196492883696,-0.000147121212935996,0.000131832917805174,4.03635054226631e-05,9.57822263495187e-05,0.000228148339894283,-7.9915623045567e-05,-5.55488592957e-05,-0.000131530400742392,0.000105897724849029,-5.56175335275317e-05,-3.0031031650328e-05,0.000167177728477807,3.13566410347603e-05,0.00957611139201136,7.15825295358642e-05,0.0201447859202741,-0.0042626304276121,-0.00474447997915061,-0.00909739994232802,0.000773133964616536,-0.00128856983885521,0.000588951129600135,-0.000167299732202162,-0.00113722612861299,-0.00424124493536597,0.00144527827631269,0.000390158478818075,0.0028499351470259,-0.000657255910816215,-0.000759037011043435,1.07079655052606e-05,2.63620571953413e-05,9.85245145114516e-06,2.29230820957588e-05,5.61257405895733e-05,-3.22903503601343e-06,2.16636202324072e-05,1.61470687512077e-05,9.84440802182378e-06,2.222335449776e-05,0.0196989845877797,-0.0255073770191511,0.0612564421879628,0.0115310862077706,0.0100198269390448,-0.00773327229424168,-0.00511622328380272,-0.00281550088392779,0.00971714967217527,-0.00108117469203216,-3.60454008967449e-06,0.521920811002369,0.10442969756581,-0.0217212581180576,1.50707138577421,0.00620823049178474,-0.003454063686307,-0.00352744816347213
"north_west","ta_alpha",-3.26754390320348e-06,-5.00981710118105e-05,-1.09624725956106e-06,-1.5605659824833e-06,2.01967065456278e-05,-6.40506844695956e-07,2.71733564919036e-06,-2.05609559288521e-07,6.46966227201344e-07,1.92490552381417e-07,3.34855785034181e-07,-1.16031849978583e-06,-1.50815428058286e-06,-2.56368737078949e-06,-1.49962629074286e-07,-2.20362070996615e-05,-1.8364467287859e-06,-1.131768754779e-06,-1.87977425548377e-06,1.2466765044415e-08,-1.47268875602711e-06,-1.64721873831501e-06,-1.39644409999846e-06,-7.47928786935334e-07,-3.69925494352491e-06,1.8549824983492e-07,1.45100270289093e-06,-2.48796425500627e-06,-1.73560867637118e-06,-2.00972009538879e-06,-4.25035546864777e-07,-8.03384105520722e-07,-1.09978087249011e-06,-3.29733174414608e-06,-7.3870332892649e-07,6.8129962947779e-07,-2.3867752360661e-07,-3.05399662794092e-07,8.59160366056425e-07,2.59920685475992e-07,4.02765561460401e-05,2.30282507276251e-07,0.000109911204969218,-1.68020854340024e-05,-2.27452529320318e-05,-4.59147997045898e-05,2.65622258249686e-05,-9.71558289091241e-06,5.80104781011594e-06,2.00395836272754e-06,3.00159802512901e-06,-1.68245840614694e-05,1.20379639928298e-05,5.0404535629954e-06,1.29267971783971e-05,-3.35408070259053e-06,-2.7002770929475e-05,6.79410301740705e-08,1.2208074862459e-07,8.48957044640439e-08,1.24645757193675e-07,2.90170965590168e-07,-3.07500218453877e-08,9.50529374522449e-08,7.25807670281952e-08,5.72030380418073e-08,1.20400794760128e-07,0.000102875772166233,-0.000153969364171657,0.000335242653181661,5.07471121792436e-05,3.00242576511013e-05,-2.90926519338061e-05,-7.46747062939757e-06,6.78068992078613e-06,3.98537990781646e-05,-2.77581673613249e-06,8.32103078615799e-08,0.00949384316362378,0.000440600421941881,-5.9996667705606e-05,0.00620823049178474,9.5753540543092e-05,-1.53689544175851e-05,-1.43104887576416e-05
"north_west","ta_delta",2.16645248515826e-06,4.33617631125826e-05,-1.14318343325915e-06,3.61819289449788e-08,-1.16561035232036e-05,-5.51683648838556e-08,-7.66364475178779e-07,-3.57905167097397e-07,6.34530317947396e-07,-5.27177622289352e-07,1.98291291209237e-07,2.33949927889007e-07,7.24717014668012e-08,2.43869456118386e-06,-1.93539551746318e-06,1.77745544492976e-05,-7.1582580250832e-07,-9.36601057266832e-07,-1.02760809750109e-06,-1.78519866496583e-06,-2.97488651287474e-07,-1.79883002257946e-06,-8.60255028575352e-07,-1.65466043599194e-06,-6.80312605252651e-07,-3.00412416673841e-06,-1.20795976441565e-06,-7.08318571533823e-07,-2.1395098739089e-06,-1.0992003408712e-06,-9.49648115088303e-07,-1.52083707078705e-06,-2.42495637245152e-07,-1.52108411173332e-06,5.38960408208752e-07,-8.95600739306508e-08,-2.26886688728579e-07,3.47403804734685e-07,-3.92228388244632e-07,1.96305504422431e-08,-1.8373074944508e-05,-5.41948815979267e-07,1.83199428404044e-05,2.99591278284526e-05,2.99206147183505e-05,1.52776423372469e-05,3.27667169081816e-05,-1.13014328979509e-05,9.82981185009795e-06,6.02351619111781e-07,1.86790882902048e-05,1.29906257413137e-05,-2.05512722850899e-05,-3.76702810519072e-06,-9.4990491326421e-06,7.18257398969044e-07,1.38074314768687e-05,-3.36620470454267e-08,9.84896349832534e-09,-2.00976926357503e-08,-4.13365547139695e-08,-7.7205012528879e-08,-5.42533225925102e-09,-5.25773882562611e-08,-4.37461852314921e-08,4.10969857664676e-09,-7.8311072342999e-09,-9.20835751185843e-05,-1.01313703564013e-05,-0.000125754871797336,-2.6679556352155e-05,-7.24777383949128e-05,5.51822436685088e-05,2.19277641462024e-05,3.40208850910304e-05,-4.31815707649962e-05,1.56799870379495e-06,1.35269412059085e-07,-0.00134390499766477,0.00053007206693783,0.000100748105784779,-0.003454063686307,-1.53689544175851e-05,6.74641884201736e-05,3.64167994303912e-06
"north_west","ta_omicron",1.98961817189395e-06,-4.15850454230172e-06,5.90374157262474e-06,-1.2518339775586e-06,-1.26281577972566e-05,-2.7578889718436e-07,-1.10402227992896e-06,2.00422341212242e-07,-1.32828119279129e-06,8.04135840817399e-07,-2.43228164979029e-06,6.89467175981501e-08,-4.62996492177311e-07,1.86643452869377e-07,-1.4070456145848e-06,1.20555312080163e-05,1.11371080865144e-07,-5.50312864436418e-07,-3.23980098021826e-07,-1.63824078442291e-06,-1.66173574742787e-07,-1.24835884008771e-06,-6.87409182590727e-07,-2.75970054818438e-06,1.01366250648609e-07,-3.18465172546086e-06,9.70360393491219e-08,-5.22006667541247e-07,-2.76321770341108e-06,-6.04444826361975e-06,-2.6486408061241e-06,-4.19288624949247e-06,-3.71288151103379e-06,-2.4207136489809e-06,-3.96287396333168e-07,-7.66756696946284e-09,-3.38773542868987e-07,-1.03727051560807e-07,-4.62357900304492e-07,1.2534519649677e-08,-1.91259973116871e-05,2.15251687081083e-05,-0.000175991452043325,-1.22302036177424e-05,3.84067772336709e-05,3.35101976503964e-05,-1.18175456918759e-05,3.62789234665293e-06,-1.61597768041379e-05,-1.99740184664648e-06,-2.14413206133575e-05,2.59513895413859e-05,-5.16665625738053e-05,-8.31950155950335e-06,-3.87483531667014e-06,2.39472921929298e-06,9.48673315980524e-06,-6.00256379147864e-08,-2.79499500155284e-07,-1.72914951524019e-07,-1.91547798085412e-07,-6.12473412413788e-07,-6.34421722531298e-08,-1.54356110909276e-07,-1.17727056401419e-07,-1.49502927621002e-07,-2.13381407709857e-07,2.82467546416787e-06,0.000261871812757813,-0.000372187228506171,-0.000106206818889709,-7.02612042133689e-06,3.35778382730585e-05,4.6260614031666e-05,2.64896564458039e-06,-3.70212823147726e-05,1.57741524231079e-05,-1.20004927300426e-07,-0.00104457779513237,-9.77348545274921e-05,0.00186870294480946,-0.00352744816347213,-1.43104887576416e-05,3.64167994303912e-06,0.00011509932992835
