"region","name","alpha_admission","alpha_D","alpha_death_hosp","alpha_H","beta1","beta10","beta11","beta12","beta13","beta14","beta15","beta16","beta17","beta18","beta19","beta2","beta20","beta21","beta22","beta23","beta24","beta25","beta26","beta27","beta28","beta29","beta3","beta30","beta31","beta32","beta33","beta34","beta35","beta36","beta4","beta5","beta6","beta7","beta8","beta9","mu_D","mu_D_2","mu_D_3","mu_D_4","mu_D_5","mu_gamma_H","mu_gamma_H_2","mu_gamma_H_3","mu_gamma_H_4","p_G_D","p_G_D_2","p_H","p_H_2","p_H_D","p_ICU","p_ICU_2","p_ICU_D","p_NC_15_24","p_NC_25_49","p_NC_50_64","p_NC_65_79","p_NC_80_plus","p_NC_weekend_15_24","p_NC_weekend_25_49","p_NC_weekend_50_64","p_NC_weekend_65_79","p_NC_weekend_80_plus","p_W_D","rel_p_D_alpha","rel_p_D_delta","rel_p_D_omicron","rel_p_H_alpha","rel_p_H_delta","rel_p_H_omicron","rel_p_ICU_alpha","rel_p_ICU_delta","rel_p_ICU_omicron","rho_pillar2_tests","seed_date_alpha","seed_date_delta","seed_date_omicron","start_date","ta_alpha","ta_delta","ta_omicron"
"north_west","alpha_admission",1.26396901561479e-05,4.74651776314972e-06,2.49539527984695e-05,-1.64369650300455e-07,4.07256077731298e-07,-3.72021866720916e-07,6.44611277590639e-07,1.18525505024873e-07,-8.38765922114254e-07,4.439310036496e-07,-7.65250639043113e-07,-3.46856915361864e-07,-1.64730905773531e-07,-8.0022560508763e-07,-6.20041614041933e-07,-1.53148217021978e-06,9.60638650306942e-07,7.77986904178239e-07,1.01001843273062e-06,1.14210548866545e-06,7.26973003415905e-07,1.08292212428473e-06,1.34956984387078e-06,4.02139610593012e-07,1.79345909387076e-06,7.96103428083414e-07,6.06069357101958e-08,1.76288197164914e-06,6.31669805200684e-07,6.5977741352873e-07,-5.9477178345644e-08,1.0682186150516e-06,3.28199944216028e-08,3.17563055290519e-07,-1.02282073557163e-07,1.49545312505774e-07,6.50547873102303e-07,-1.70151719516104e-07,-6.7869720326911e-07,4.10148802123204e-07,0.000113893174948296,6.82438692603964e-05,-7.4055651946585e-05,2.06437606466596e-05,5.34981351930933e-05,-0.000372559071668965,7.45917744109583e-06,-5.86569293541116e-06,-2.34855334345344e-05,3.06597711500026e-06,-2.64403865841487e-06,-9.60618095912714e-06,1.8794887958016e-05,-3.41366910321693e-05,1.18483464860578e-06,4.02586645742949e-06,-1.10855880026413e-05,2.6498957116167e-08,-2.87680104360444e-08,-2.47002444597388e-08,-1.49680120417379e-08,-3.46813098233118e-08,1.99634733774754e-09,2.92622455397933e-08,-1.12528043520279e-08,-3.69564838940514e-08,-6.41486761874723e-08,8.66286358283169e-05,7.36106717909914e-06,2.13528389910055e-05,-3.56811694667283e-05,4.99428571114281e-05,3.08367826264637e-06,-5.53630326906872e-05,-8.2109552366827e-05,3.09602384342913e-05,6.54427522665326e-07,-5.49517211232336e-08,8.54029109887011e-05,-0.00235594643928324,0.000268278109719075,3.76587891255206e-05,9.03463999123976e-06,-6.13085399547636e-05,1.9265051522826e-05
"north_west","alpha_D",4.74651776314972e-06,0.000596449087144803,0.000120167424395558,-2.92510153915194e-07,1.79257578187887e-06,1.24599041262529e-06,-8.61758469571179e-07,-1.38493832585559e-06,-1.39311985111104e-07,2.11060764728852e-06,-5.11563622725376e-06,-8.99741459900417e-07,-1.31338976185279e-07,-2.96305264908509e-06,3.29484394831539e-07,-1.59425362279081e-05,1.56368569916063e-07,8.48281571368218e-07,1.02288951606059e-06,2.71691687066469e-06,-9.87523947393261e-08,2.10182207601417e-06,1.1549397765014e-06,1.0443913225531e-06,4.11172113891082e-06,-4.16933460369299e-07,-6.0882770923878e-08,3.48913827647533e-07,2.67380945414176e-06,-5.30910968909078e-06,-1.47495464785375e-06,5.9612870873143e-08,-4.05663355796313e-06,-3.88120635518304e-06,-3.30467224734692e-07,1.68946819627648e-06,-3.49139155807187e-06,1.09818589069989e-06,1.83531879294758e-06,-3.66509036356276e-06,-2.25277804437326e-05,8.22308533175569e-05,-5.1763080284958e-06,-5.22522614035599e-05,0.000334990727694648,0.000317950260003311,-8.25495652121128e-05,-4.82477249511126e-05,0.000239241259869544,-4.98710636509004e-05,1.79588867570294e-05,-4.32697248624308e-06,0.000220904050386581,3.03455160813693e-05,1.25706956581991e-05,9.60843415368781e-06,-7.2057232043643e-05,9.71684951113995e-08,-1.51807912698661e-07,1.00723721701151e-08,-1.84611883090564e-09,-3.84473495981822e-08,-9.89469523945717e-09,6.29885222874918e-08,-7.47864255597659e-08,-3.03068901738931e-08,-2.25347139721887e-07,0.00020442185884591,-0.000500916274903657,9.62312556533032e-05,0.000202283108628182,1.15535663611031e-05,-4.95263416095027e-06,-0.000418824798435499,-0.000206370771567795,6.48429896938993e-05,2.71536243574917e-05,-9.18104274768745e-08,0.000244204739379922,-0.0031606786803742,0.00303258190763864,0.000180820561665119,1.69502460831199e-05,-7.56871310126731e-05,0.000101778401367873
"north_west","alpha_death_hosp",2.49539527984695e-05,0.000120167424395558,0.0021738167533249,-5.56894142421957e-06,1.32224731127695e-05,-4.57291222608098e-06,3.78351091981289e-06,-1.16933089231206e-06,-1.36709578172625e-05,-8.45827522326772e-06,-1.2033571528278e-05,-8.04749901240195e-06,-6.63968590095055e-06,-3.13983454490129e-06,-2.23231226297666e-05,9.84323397676254e-06,9.08249643204683e-06,1.42361616703652e-05,-7.21239183921183e-06,2.09395266480077e-05,9.48780313563609e-06,9.98749585577101e-06,1.07054152060065e-05,1.35974467870678e-05,6.4783063703193e-06,2.00873853096697e-05,1.37044299109889e-07,1.71080323588851e-05,9.17224584917091e-06,3.76353464259448e-05,9.04474747335043e-07,3.31643429783312e-05,1.89076561359429e-06,4.7072789379855e-05,-1.16421640598078e-06,-6.05270890950449e-06,1.98517725205734e-05,-5.22350502136902e-06,-1.58730453992549e-05,1.00438881430498e-05,0.000126475803491634,-5.61482236958514e-05,-0.00218443904563608,0.000519123766491573,-0.00329580686033577,0.000308768517819733,-0.00172279551395827,-4.85710866628593e-05,-0.00138480086989231,1.26723248273206e-05,-0.000105447256307585,4.60286165278335e-05,-0.000121052386449024,0.000301038703204998,-1.53472996589428e-05,-2.210890177348e-05,-3.40665320888907e-05,-1.82691941203603e-08,8.78326451212476e-08,2.7719741468545e-07,-3.39746538244381e-07,-1.42404822387078e-06,-2.0779912109948e-07,-3.07528068253203e-07,1.51510640709214e-07,-1.05031942921516e-07,-1.41182364617316e-07,-1.37385016535195e-05,0.00200760994002162,0.000417420001579605,-1.42862663412902e-05,0.000302151268690457,-0.000176608858814986,0.000350574767514874,-0.00024620480013353,0.000444616756837955,-0.000141194868520773,-5.54441957828056e-07,0.001493641816834,-0.0404579428267278,-0.00663331881002041,0.00636955795174975,0.000202958389716182,-0.000851236814563706,-0.000177699527497146
"north_west","alpha_H",-1.64369650300455e-07,-2.92510153915194e-07,-5.56894142421957e-06,5.54446280541951e-07,8.89801697536968e-09,-1.6377498082661e-08,6.77312495784151e-08,-3.19880786027984e-08,5.69931566565075e-08,-1.17020831813731e-08,-8.44673825207133e-09,1.35433158305899e-09,4.20016450853776e-08,-1.11495274819377e-08,6.23050876007705e-08,-9.20408946847798e-07,2.36195313058428e-08,-3.41611909860226e-08,-3.5584854076403e-08,1.68432196524084e-08,2.40683391112102e-08,-6.39051156888495e-08,4.7033562102761e-08,-1.03386881234904e-07,1.6152041028937e-07,-1.43514958786044e-07,-4.35313533661396e-08,-4.15455690855424e-09,-1.69881966013817e-08,-1.45927855289245e-07,1.48228145610435e-07,-9.52197843751844e-08,1.53756717660883e-08,-1.4954335049039e-07,4.3816661941114e-08,-4.73479547085588e-09,-6.34864416841817e-08,2.3983780376271e-08,7.56730950346313e-08,-1.89967427629946e-08,1.28625888728123e-05,1.87574274811827e-05,1.43238661947467e-05,-6.38878546094887e-06,1.71065906538322e-05,-2.69584449894816e-05,2.01176682121259e-05,1.46315986309643e-06,4.06412501576592e-06,6.67042107462733e-08,6.38927552994991e-07,-8.9471302721633e-07,4.80469594225585e-07,-1.35342807730103e-06,-3.23789325913954e-07,6.07643019311263e-07,-1.0720894762994e-06,3.67022482030311e-10,4.17597060035574e-10,3.65308777551663e-10,8.39352823077478e-10,1.19970043314745e-08,5.13838758302782e-09,3.94165350584223e-09,3.81998172405674e-09,3.05649132177457e-09,3.3386153341214e-10,1.14726274996812e-06,-8.17431559283803e-06,-5.76259644858324e-06,5.86589275203612e-06,-1.02255886753356e-06,9.36913957021768e-07,1.71411822107613e-07,-4.2082841391234e-06,-1.59427142918623e-06,1.70168226694712e-07,-1.13293744604029e-09,-1.74176167673538e-05,0.000152867117659445,-5.73436315748764e-05,-6.67267059551677e-05,-9.93344658870468e-09,1.73446035800824e-06,-1.47417285220238e-06
"north_west","beta1",4.07256077731298e-07,1.79257578187887e-06,1.32224731127695e-05,8.89801697536968e-09,1.04476584046746e-06,-2.97742826925255e-09,7.76965580589639e-08,-1.86487783762472e-08,-7.64536986572689e-08,-5.36616325034234e-08,1.64146581052636e-08,-3.22200145943352e-08,-1.51382525083852e-08,-1.25971728921957e-08,-1.67794230059182e-07,-1.00046144786669e-06,6.43619409686648e-08,6.59088418872546e-08,1.54947584144272e-08,8.66506593703929e-08,7.82306815978494e-08,6.36392512342358e-08,8.77938585215402e-08,5.49023419221834e-08,8.57920857564915e-08,7.8116770263774e-08,4.86082169957364e-08,1.98469073864577e-07,-4.28612086111e-08,2.48322014265791e-07,-1.79926012226177e-08,2.49513335983228e-07,-2.39607386901455e-08,3.8949003677314e-07,-3.92305652626625e-08,-4.48543246425517e-09,1.63823950025638e-07,-7.29085241983277e-08,-4.3930055615209e-08,7.38559688214228e-08,-9.26879365625427e-07,-1.07063228616362e-05,-1.21118234985537e-05,4.27635484557303e-06,-2.649803168641e-05,-1.07277455866643e-05,-1.10248965882317e-05,1.01853271770904e-07,-1.70233327438783e-05,2.81232057063625e-07,-6.13353711559889e-07,-9.98194534968345e-07,1.24409504990569e-06,5.48251331908921e-07,-4.36443839316588e-07,-1.16833115730647e-07,2.97737118851607e-06,1.65355364449799e-09,3.98320937942215e-09,9.91512279636064e-10,-5.96128057633101e-09,4.23938310543212e-09,-1.92283042038216e-09,-4.48627587891483e-10,3.07627788077282e-10,6.77121206883418e-10,1.01177730892819e-08,-1.1456870067818e-06,1.54285271354815e-05,2.88024139701503e-06,-2.64406835207999e-06,8.3242037844889e-06,-4.53385138670431e-06,-4.18697070133432e-07,-3.15492490017098e-06,4.21234189252436e-06,-1.46199023935721e-06,-1.19159796790291e-08,-1.905836072524e-05,-0.000300480612613396,-8.21989164362744e-05,0.000362818837717922,8.00122382414926e-07,-4.38137325875416e-06,-1.23113865995054e-06
"north_west","beta10",-3.72021866720916e-07,1.24599041262529e-06,-4.57291222608098e-06,-1.6377498082661e-08,-2.97742826925255e-09,1.63783675245572e-07,-1.97635047765241e-07,4.90842715441971e-08,-4.62105724491328e-09,4.62567422068641e-08,1.11139505490283e-08,1.1008060039657e-08,1.27100286054403e-08,-4.94639317962108e-09,2.23351811401969e-08,2.90898222585447e-08,-8.65943950953531e-08,-6.10446365286567e-08,-1.4713352308653e-09,-1.24924860526619e-07,-6.49769660081074e-08,-3.95606887315344e-08,-1.21122988360268e-07,3.19229228661909e-09,-1.62073454717299e-07,-2.01881404507072e-08,8.65864208643763e-09,-1.61084314730922e-07,-1.98861073030097e-08,-1.22902608196114e-07,-7.17940288036056e-08,-8.35157439254574e-08,-9.35137138005406e-08,-6.34181473300294e-08,-1.91607417586057e-09,1.33120442694987e-08,-7.46418758986631e-08,-6.524907455108e-09,1.61288053875562e-07,-2.10468178217475e-07,-1.04352170935228e-05,-1.58540201547076e-06,3.92349224218484e-07,7.65293172746829e-07,2.29691843842484e-06,3.02145734783996e-05,-2.35846849146463e-06,2.38355965258877e-08,3.08115506125619e-06,-1.06816237797835e-06,8.6075992806875e-08,2.76268966085177e-07,3.31783209847259e-06,2.03383742302685e-06,-1.34727900890522e-08,-4.76532421196975e-08,-4.82261326435047e-07,-1.16877089252938e-11,2.27301597791238e-10,-1.45628982199945e-09,1.72014623319525e-09,1.39892856453532e-09,-2.23747535510659e-09,-3.15687375145003e-09,-3.26690952669011e-09,1.48035420538793e-10,2.07971341948391e-09,2.37788526618834e-08,-3.2991953418422e-06,4.52103882717267e-07,1.74736719105738e-06,-2.96771212016659e-06,4.02744600371786e-07,-5.45762793834699e-06,2.02540214179598e-06,-4.95283574108473e-07,4.75686574440301e-07,2.25048367341814e-09,1.29015359802555e-05,7.69998552580383e-05,6.35975231707933e-05,6.45359401388812e-06,-4.20926888117094e-07,3.64889485411607e-06,1.09412035672545e-06
"north_west","beta11",6.44611277590639e-07,-8.61758469571179e-07,3.78351091981289e-06,6.77312495784151e-08,7.76965580589639e-08,-1.97635047765241e-07,4.92829802522362e-07,-2.21243205183779e-07,1.20972881826015e-07,-1.20862996398282e-07,2.06001231109642e-09,1.33213553253691e-08,5.26196057553072e-09,1.89879270512926e-08,-6.05689989765832e-08,-2.85829343826998e-07,6.49701094011562e-08,6.42704707766497e-08,-4.26521802274614e-08,1.47266087202886e-07,7.85121938240539e-08,2.68452030067354e-08,1.44195905044158e-07,-6.73632177921404e-08,2.89960139424235e-07,-7.60932281448588e-08,1.03467357866727e-09,2.0510542678108e-07,-4.98146964756006e-08,1.13203063145232e-07,1.37461090485679e-07,1.16421079473736e-07,5.02506759705113e-08,1.70989049945779e-07,-2.41592594748238e-09,4.1445653955492e-09,9.42102989983158e-08,-3.41185250365319e-09,-1.05070436170065e-07,2.11327763870839e-07,2.65076846625359e-05,1.3883409783794e-05,8.34690107529959e-06,-3.42867793155924e-06,-4.85244031153637e-06,-5.225016581515e-05,1.64743342885058e-05,-1.46885260628697e-07,-1.28662761212663e-05,1.8581743681973e-06,1.29468115872413e-07,-2.02192076114635e-06,-2.9373854505108e-06,-4.80004742188795e-06,-4.29995870527202e-07,5.19980167869983e-07,-1.43872815492342e-07,2.1004381936321e-09,1.57298169458454e-09,4.54917325679652e-09,1.34343749586869e-09,8.32707269190222e-09,4.34496235501595e-09,7.73230207725599e-09,6.10586750534649e-09,3.43510094163419e-09,-2.90050284303132e-09,1.15313172160673e-06,4.40464571478359e-06,-3.74153412530432e-06,-2.48171439006182e-08,6.51960066644112e-06,2.83531878285774e-07,4.63387004881566e-06,-5.00877464209082e-06,-1.85902853180573e-06,-8.6322588001435e-07,2.55984482372071e-09,-4.31610848599507e-06,-0.000128830154002532,-0.000136350661052544,-1.11049681763706e-05,5.83911365451631e-07,-2.47487123979474e-06,-2.79724647705501e-06
"north_west","beta12",1.18525505024873e-07,-1.38493832585559e-06,-1.16933089231206e-06,-3.19880786027984e-08,-1.86487783762472e-08,4.90842715441971e-08,-2.21243205183779e-07,2.61000867959724e-07,-2.04995556090659e-07,1.71917435249946e-07,-4.45309750571466e-08,-5.83404020676767e-09,-6.79357821676103e-09,-3.31461765760044e-08,3.39082682629685e-08,7.70538760839418e-08,6.15910140117633e-08,4.82829764244257e-09,1.08291572487348e-07,9.67313460440132e-09,1.47961471535872e-08,5.79426372352615e-08,2.20339281354979e-08,8.60553198912143e-08,-2.25503566087911e-08,1.07952810018219e-07,1.20107352072434e-08,2.66852953917014e-08,6.67970569908687e-08,2.08647948987399e-09,-1.69935078502306e-08,-8.6905885650573e-09,3.94311843450341e-08,-9.16815228887582e-08,-7.64963725017815e-09,2.82775653570908e-08,-3.69943682472166e-08,2.1063155543056e-08,-1.53396888246235e-08,-3.1855297326952e-08,-4.22800824964603e-06,2.14908428049595e-06,-6.5757239779847e-06,3.51110864136657e-06,4.11063740437877e-06,4.75699913682362e-07,-2.12702556915639e-06,-3.28592410155117e-07,3.64866988357991e-06,-1.77269150917603e-07,-3.18583760126224e-07,-6.45751733768897e-08,1.03977289131562e-06,-2.18429335040976e-07,7.3446068794131e-08,3.16414387193985e-08,-2.63418200583088e-07,1.37538075951055e-09,-1.55858672284479e-09,-3.01890037744069e-09,-2.18822229234781e-09,-6.5702474733036e-09,1.86793848685596e-09,1.6112531328229e-10,-1.51523005080592e-09,-2.05884299161661e-09,2.46868343858136e-09,4.63840609869102e-06,4.38009448870079e-06,8.45654818614362e-07,-2.96005618904254e-06,-5.43083945973448e-07,1.19648347977198e-06,-2.62872823089991e-06,-7.33435264400047e-07,1.25067897834307e-06,3.13527559172788e-07,-1.3819230647331e-09,1.53844314841756e-05,-8.19950518428125e-06,4.82182866007979e-05,3.11190030096588e-07,1.60341692893945e-07,-2.18178765254619e-06,1.44346310400003e-06
"north_west","beta13",-8.38765922114254e-07,-1.39311985111104e-07,-1.36709578172625e-05,5.69931566565075e-08,-7.64536986572689e-08,-4.62105724491328e-09,1.20972881826015e-07,-2.04995556090659e-07,4.3703634561025e-07,-1.65220326851739e-07,3.7044338854155e-07,1.24642937499466e-07,9.15017537198952e-08,1.46929462823484e-07,2.81722384076979e-07,1.18823680144412e-07,-1.24694645537522e-07,-1.43436491468158e-07,-8.21810049366385e-08,-1.9637147971723e-07,-1.03279424718834e-07,-1.76656282320566e-07,-1.31475053428932e-07,-1.98949791604883e-07,-7.7604912201164e-08,-2.9794188119859e-07,-7.81698189094899e-09,-1.39623009974095e-07,-1.85204628509782e-07,-1.49529342539709e-07,5.51269031432663e-08,-2.27831152740184e-07,7.55386596421585e-08,-2.64457233180057e-07,1.3263712391444e-08,2.28249782514337e-08,-1.1060749798703e-07,2.60296943374458e-08,8.01964887571518e-08,3.32151089954222e-08,-9.69492110012312e-07,-1.00921797965027e-05,2.54959563273112e-05,-7.48909298504635e-06,6.32406343307992e-06,1.32554304405481e-05,1.08609219318203e-05,2.19046049325895e-06,5.91679331982348e-06,7.01582659627704e-07,1.18632244144442e-06,2.26400303414159e-07,-7.16044629633661e-06,-1.06913067834066e-06,-1.53740188205117e-07,-2.6211960517583e-07,3.26623326069701e-06,-1.69689096476265e-09,7.57785266045696e-09,4.54113532131587e-09,6.27617106190378e-09,2.17976838409281e-08,2.22558214851618e-09,4.0816217048606e-09,4.37899380382087e-09,5.88230192185411e-09,1.3571117530007e-09,-1.17392050955976e-05,-1.30373806240483e-05,-6.27101832919237e-06,5.4964821399164e-06,-2.64158999790204e-06,-1.63000217706609e-06,1.33329471632329e-05,9.9446314827745e-06,-6.95087925530461e-06,1.60584830363429e-07,1.43980212661634e-08,1.33226026447042e-05,0.000593042006502067,-8.6698862185636e-05,-3.41404354162e-05,-3.17012177515241e-06,1.23019737662242e-05,-3.46189787629299e-06
"north_west","beta14",4.439310036496e-07,2.11060764728852e-06,-8.45827522326772e-06,-1.17020831813731e-08,-5.36616325034234e-08,4.62567422068641e-08,-1.20862996398282e-07,1.71917435249946e-07,-1.65220326851739e-07,6.41168671588878e-07,-3.56720573444187e-07,7.01012088813682e-08,3.0200214861894e-08,-8.6834543851963e-09,2.22348715094874e-07,-2.53928077167152e-07,1.01549727627086e-07,1.21062551717908e-09,2.72701035407059e-07,-1.94753684107566e-08,3.15156884988615e-08,1.26075592873911e-07,8.46464645947846e-08,6.58666946455728e-08,1.77842509194368e-07,8.31101958953519e-08,1.72233476595825e-08,8.55940649017857e-08,1.19653394794017e-07,-2.33468823878114e-07,-3.5465521052319e-08,-7.71282397096579e-08,-2.44130115591273e-08,-2.56696900958454e-07,-7.0211275587388e-09,7.59630959025809e-08,-1.82136216512298e-07,8.56401185133445e-08,9.16287897607113e-09,-5.59467413509224e-08,-1.61155909405401e-06,2.27485289604871e-06,-3.66711625046169e-07,2.5338060133108e-06,1.76683472071491e-05,-2.08724549072498e-05,2.21261385381193e-06,-1.83825071922284e-06,1.13341374953833e-05,9.14085799186072e-07,8.36383588625394e-07,-5.5031147163858e-07,3.48051236215126e-06,-4.71307260707208e-07,4.08112005610088e-07,4.87042315124956e-07,4.33305328693635e-08,4.2410942036511e-09,-5.09040967209001e-09,-3.40081965648618e-09,9.07817908329072e-10,1.7044777397452e-10,4.84840463719342e-09,2.42114100866623e-09,-4.03862100536443e-09,-1.43121466271634e-09,-5.06511777716523e-09,7.04851586282143e-06,-2.32989170137342e-05,-3.76564495873521e-07,9.81761069724686e-07,5.68075964539547e-07,1.50486094959827e-06,-9.66259951913714e-06,-8.10904457647293e-06,1.61036742129407e-06,1.14314424858441e-06,1.19788097955452e-09,-1.70429257771674e-05,0.000150034039001848,0.000121987340668841,-3.0018333713149e-05,-1.62228632017128e-06,-1.38369167259336e-06,4.78171257903792e-06
"north_west","beta15",-7.65250639043113e-07,-5.11563622725376e-06,-1.2033571528278e-05,-8.44673825207133e-09,1.64146581052636e-08,1.11139505490283e-08,2.06001231109642e-09,-4.45309750571466e-08,3.7044338854155e-07,-3.56720573444187e-07,1.07222300965917e-06,1.08593002687341e-07,1.30603427200044e-07,1.8937641928239e-07,3.31764388983313e-07,5.05758380021899e-07,-5.40080677991507e-08,-1.5567057258274e-07,2.38642196426833e-08,-2.00482071487014e-07,-8.42328128557266e-08,-1.62345749320077e-07,-1.03522950745825e-07,-1.26132877756613e-07,-2.13740323047425e-07,-1.86332702473759e-07,5.22363453622191e-09,-4.11121872362332e-08,-1.65913292397776e-07,1.81016977363364e-07,7.53331365578154e-08,-1.36823762058197e-07,1.96664978349679e-07,4.22993261111209e-08,-7.77945206101073e-09,3.68162098281812e-08,-5.49905586868631e-08,4.16492728240135e-08,-1.0044686701489e-07,1.60109735175668e-07,-6.5852357071809e-06,-1.73414314474569e-05,1.6856910389622e-05,-4.81863633656683e-06,-1.58845037468546e-05,8.16656405269203e-06,5.57289751042252e-06,3.78082323253023e-06,-2.83714346826902e-06,1.81673181851086e-06,2.69313023295251e-07,8.78591690362849e-07,-1.41371291643246e-05,-3.97224144085703e-06,-3.4259436981237e-07,-7.97640505941097e-07,7.22814033659201e-06,-1.16466503067137e-09,1.5253093498477e-08,9.60323257283751e-10,3.23398806168641e-09,1.94787547830519e-08,-4.1588503590822e-10,3.59420415962835e-09,6.56697594333575e-09,3.22456244418264e-09,5.9022582302819e-09,-1.61051407171009e-05,1.09813626575208e-05,-5.13206769749111e-06,-3.79545596091434e-06,-1.29173454675496e-06,-3.02929179438692e-06,2.7226491569931e-05,1.76926697911581e-05,-7.65595349396256e-06,-8.29658725302486e-07,1.51601676720838e-08,2.4567549449198e-05,0.0006684125543307,-0.000143173330956309,2.45870128941908e-05,-4.36070537461189e-06,1.21867562514782e-05,-6.19185075106469e-06
"north_west","beta16",-3.46856915361864e-07,-8.99741459900417e-07,-8.04749901240195e-06,1.35433158305899e-09,-3.22200145943352e-08,1.1008060039657e-08,1.33213553253691e-08,-5.83404020676767e-09,1.24642937499466e-07,7.01012088813682e-08,1.08593002687341e-07,1.04485672653487e-07,4.12692827927496e-08,1.17401018739703e-07,1.82216666496152e-07,5.49080783938834e-08,-2.57530267037853e-08,-7.86198055871285e-08,1.49433130655375e-08,-1.01237952461018e-07,-4.63774971580905e-08,-6.22462083448828e-08,-5.66908904658455e-08,-7.35830478373446e-08,-1.78924649755891e-08,-1.31215728015923e-07,5.24681110750455e-09,-3.31575722676917e-08,-1.03087885477397e-07,-8.91927248758314e-08,2.89414070532486e-08,-1.10788497364998e-07,3.66036456973741e-08,-1.49616908708706e-07,-2.10718825212114e-09,3.59196949835249e-08,-8.50889528191453e-08,2.94542700005378e-08,3.02954411964757e-08,5.83233215227861e-09,-8.82465418872153e-07,-1.26927804601663e-06,1.29971380940407e-05,-2.05446119109363e-06,2.81502259851864e-06,3.30550272277658e-06,7.09489678248114e-06,4.90920898908192e-07,3.14557315660932e-06,6.98763721392717e-07,5.18081369841001e-07,8.17561976207464e-08,-3.14903273029911e-06,-1.03359437784007e-06,-1.28672743307937e-07,-4.85681227638805e-08,1.77709711671046e-06,-1.80645364791266e-10,4.39442358951835e-09,2.12431459257338e-10,2.51553219082879e-09,1.2374432061522e-08,3.8235792990395e-09,3.38479303695511e-09,2.280167397225e-09,3.07171208797911e-09,1.29997445137197e-10,-4.24809464445495e-06,-5.49307317807689e-06,-3.27573648269771e-06,1.90022542864213e-06,-1.96534713076834e-06,3.59229646094287e-07,5.81667103944939e-06,4.99853475271957e-06,-3.99569602938549e-06,1.11154066655814e-07,7.24627123313543e-09,-2.98238606896571e-05,0.000354058088480047,-4.57702333305919e-05,-1.45620734411641e-05,-2.24934944678536e-06,6.38938150935216e-06,-1.27971782715627e-06
"north_west","beta17",-1.64730905773531e-07,-1.31338976185279e-07,-6.63968590095055e-06,4.20016450853776e-08,-1.51382525083852e-08,1.27100286054403e-08,5.26196057553072e-09,-6.79357821676103e-09,9.15017537198952e-08,3.0200214861894e-08,1.30603427200044e-07,4.12692827927496e-08,6.64781852624858e-08,6.88581199800635e-09,1.43846744907168e-07,-7.70510369704526e-08,-1.48997478397687e-08,-4.57106253219143e-08,3.23014385745958e-08,-5.26500034128916e-08,-2.73840773228428e-08,-1.97056847503492e-08,-2.31911331531241e-08,-4.10610255697808e-08,2.08630324111154e-08,-7.63009444203641e-08,1.09605953778348e-09,-2.41132818725492e-08,-1.20044874730111e-08,-7.55782327756738e-08,3.31409165204084e-08,-8.57188687198729e-08,3.96417865067857e-08,-1.37315613650632e-07,4.9716630574961e-09,3.02359699173122e-08,-8.31439869961425e-08,3.56663863337176e-08,2.64246639859782e-08,7.86619950554962e-09,2.08446616032199e-06,6.01877563046296e-07,9.50958562733051e-06,-1.99728417459673e-06,8.41592335886773e-06,-1.88977059008703e-06,6.63756434146065e-06,3.45402955698742e-07,3.15529829572686e-06,4.20132602758666e-07,4.65138954652238e-07,-5.25844917693351e-07,-2.14933931232886e-06,-1.0944314065811e-06,-7.52110475270669e-08,1.05558020307155e-07,9.13207264122743e-07,1.47722217236921e-09,2.1067341296392e-09,1.48992009498387e-09,2.66983253817886e-09,7.33044900191189e-09,1.82372882944388e-09,2.43926045632128e-09,1.16576851583151e-09,1.78157668346387e-09,1.4521538583434e-09,-1.21688185379317e-06,-5.86957068352804e-06,-2.76980738094643e-06,1.59675115203173e-06,-5.5595473725752e-07,4.7214716078379e-07,2.74655931761244e-06,1.48569021801378e-06,-2.3846400164134e-06,3.06783638699501e-07,4.44746340591995e-09,-2.66403543510249e-05,0.000212099949178232,-7.46478161018536e-06,-1.7739317953441e-05,-1.40700475865024e-06,3.83614151746999e-06,-6.67300029780029e-07
"north_west","beta18",-8.0022560508763e-07,-2.96305264908509e-06,-3.13983454490129e-06,-1.11495274819377e-08,-1.25971728921957e-08,-4.94639317962108e-09,1.89879270512926e-08,-3.31461765760044e-08,1.46929462823484e-07,-8.6834543851963e-09,1.8937641928239e-07,1.17401018739703e-07,6.88581199800635e-09,3.76979542263286e-07,3.1243169630139e-08,2.82222490493697e-07,-6.34202017155949e-08,-1.52663477110162e-07,-1.16552207979195e-07,-1.95780243175612e-07,-1.11047051440743e-07,-1.81112056307353e-07,-1.76169493101621e-07,-1.22984359147191e-07,-2.05278892904435e-07,-2.41525172648897e-07,3.74732264995283e-09,-1.18707817669342e-07,-2.69499396882873e-07,3.07584477150112e-10,3.20599217912466e-08,-9.32453248759584e-08,5.00486121045887e-08,-4.33569645782538e-08,-4.90601574229725e-09,-1.46564800285434e-08,-2.7383533207335e-09,9.26056900756691e-09,-2.50125379565421e-08,5.20291783961375e-08,-8.9894154727764e-06,-5.26529200222582e-06,9.52464239072321e-06,9.52719491841144e-07,-1.62395068965296e-05,1.8477973701349e-05,-3.05193783419205e-06,1.40448463712457e-06,-5.93622218245237e-06,7.22917868644564e-07,1.5830507454514e-07,1.20803673488578e-06,-6.37878827488507e-06,1.55255324212035e-06,-2.16366447795403e-07,-5.19137035787924e-07,3.63767329724205e-06,-4.94751766870895e-09,9.79838006907029e-09,1.35250616971368e-09,1.3285780683271e-10,1.41482407984473e-08,4.51168441765285e-09,1.4096968889037e-09,4.67818360073385e-09,6.53921032601514e-09,5.70853512858256e-09,-1.2859325249224e-05,9.54845303078346e-06,-5.10592478326008e-06,1.76807161081286e-06,-4.46273907477092e-06,-3.51607551533902e-07,1.51611777900182e-05,1.29362988649653e-05,-6.20445087893518e-06,-8.63608040934659e-07,1.22417537601549e-08,-4.51710275910177e-05,0.000463337202546345,-0.000150594171068931,1.40128601148633e-05,-2.59098655080954e-06,1.11304433231409e-05,-4.61956398209162e-06
"north_west","beta19",-6.20041614041933e-07,3.29484394831539e-07,-2.23231226297666e-05,6.23050876007705e-08,-1.67794230059182e-07,2.23351811401969e-08,-6.05689989765832e-08,3.39082682629685e-08,2.81722384076979e-07,2.22348715094874e-07,3.31764388983313e-07,1.82216666496152e-07,1.43846744907168e-07,3.1243169630139e-08,9.27247762067868e-07,-3.88206504723054e-08,-1.10214654979816e-08,-9.80838745704263e-08,1.80410434226204e-07,-1.24075952294576e-07,-5.88665277757396e-08,-1.39242469038809e-08,-3.82399978113924e-08,-9.03504493986623e-08,1.00528340045432e-07,-1.4840168653583e-07,-1.29387264285491e-08,-5.46726763419987e-08,4.8251464556905e-08,-2.54779139287464e-07,5.94296016627992e-08,-2.7924958209331e-07,8.63850329125022e-08,-3.49786349704201e-07,3.43725938090616e-08,7.98724320240104e-08,-3.12465004736928e-07,9.19719693343222e-08,9.24299745086723e-08,2.62792887432149e-09,-7.66942401742236e-06,-7.48858243366111e-06,2.91188320848195e-05,-7.12531697128954e-06,2.59616024806382e-05,1.80362837766288e-05,1.43952771326111e-05,2.09892929418727e-06,2.94828530663283e-05,1.88548951607841e-06,1.94406378979246e-06,6.85954593547915e-07,-6.828070464077e-06,-1.30789764221309e-06,1.85891127073253e-07,3.15997085190926e-08,4.60069552025716e-06,-1.25255463349053e-09,2.24417415384001e-10,-3.64539750982418e-09,5.16848563405701e-09,7.13848199188552e-09,5.6855036122003e-09,2.74388578823845e-09,-2.02922808039523e-09,2.91156238124098e-09,-2.22732880578607e-09,-2.07614305045549e-06,-3.78599263555078e-05,-5.57124482612892e-06,1.03401529101805e-05,-6.21607632261904e-06,-1.50955020742445e-07,9.34667057832966e-06,5.63610919710705e-06,-4.81355460410248e-06,1.10786841562929e-06,1.50079713344369e-08,-4.66970603120504e-05,0.00115134731216934,4.51820195163588e-05,-7.11482356120836e-05,-5.40210983993315e-06,9.57696640300172e-06,4.78912857458089e-07
"north_west","beta2",-1.53148217021978e-06,-1.59425362279081e-05,9.84323397676254e-06,-9.20408946847798e-07,-1.00046144786669e-06,2.90898222585447e-08,-2.85829343826998e-07,7.70538760839418e-08,1.18823680144412e-07,-2.53928077167152e-07,5.05758380021899e-07,5.49080783938834e-08,-7.70510369704526e-08,2.82222490493697e-07,-3.88206504723054e-08,1.13770876415954e-05,-9.47371181978364e-08,3.84248289760866e-09,-3.25299602228449e-07,5.05306824703717e-08,-2.20328968911058e-07,-3.67541566233413e-08,-3.05074854761936e-07,1.5363232585051e-07,-6.82250712564099e-07,1.6098950214569e-07,-6.35300393153688e-07,-9.46076477371962e-08,-1.2647135056468e-07,7.67808744711903e-07,-1.03436756618348e-07,1.69627396063146e-07,2.00067132523564e-07,3.90610670073096e-07,2.61159666802364e-07,-4.11219282022252e-07,4.27105883693539e-07,-5.87868826858081e-08,-2.94918149232999e-07,2.52359055643344e-07,-6.04060648218221e-05,-5.86953185294626e-05,-5.1770839500717e-06,1.84964755154529e-06,-3.94529986802786e-05,9.8061438907007e-05,-6.75598467178044e-05,8.55253763818053e-06,-7.73733329553104e-06,1.15202681442505e-06,-1.7224467596734e-06,7.10860386650128e-06,-1.5941033618481e-05,3.50520717613362e-06,-1.7837371397478e-06,-2.75129110626948e-06,4.51574944994941e-07,-1.46748469363432e-08,1.31868629096953e-08,-7.77203292508407e-09,7.06971593433301e-09,-1.27355626537195e-08,-1.60625808384902e-08,-2.16219313589158e-08,-1.42887681126342e-09,-2.95273520457845e-09,-7.14063644069796e-09,-4.00823274496831e-05,5.60955189339813e-05,3.75886273602601e-06,-2.64360346266304e-05,-1.04261656979954e-05,-9.09202190061788e-06,3.85871184929011e-05,3.97846557473241e-05,-8.76427286731684e-06,-1.60129806145805e-06,-5.9018240823345e-09,0.000152982576294204,0.000295185789495396,-9.35318371494107e-05,6.67005049478765e-05,-1.83362421321257e-06,5.45087809948515e-06,-6.91856437551599e-06
"north_west","beta20",9.60638650306942e-07,1.56368569916063e-07,9.08249643204683e-06,2.36195313058428e-08,6.43619409686648e-08,-8.65943950953531e-08,6.49701094011562e-08,6.15910140117633e-08,-1.24694645537522e-07,1.01549727627086e-07,-5.40080677991507e-08,-2.57530267037853e-08,-1.48997478397687e-08,-6.34202017155949e-08,-1.10214654979816e-08,-9.47371181978364e-08,6.17140719669089e-07,2.44491255809313e-07,4.25071187013514e-07,5.44694074062244e-07,3.37831168628241e-07,4.32833073656594e-07,5.43801990027636e-07,3.19707331701971e-07,6.88513729013717e-07,4.7571994216067e-07,-1.22960745187237e-09,6.9927554520405e-07,4.24232571415449e-07,4.0595657662177e-07,1.94647027753648e-07,3.50790438690863e-07,3.53040902785111e-07,3.6367067296786e-07,-1.15111980676928e-09,-3.73330268106346e-08,1.90700868049547e-07,-4.32242532563994e-08,-2.33761866624152e-07,2.21726048705456e-07,2.52420744327305e-05,1.4869141046117e-05,-7.11019227916389e-06,5.19593163338975e-07,1.28682369111698e-06,-4.75323389320687e-05,-5.73271111875624e-06,-5.02987457538851e-07,5.10763913682528e-06,1.81261693836585e-06,2.56766497222919e-09,-6.87312226062663e-07,-5.33460008694686e-06,-6.93588453758478e-06,4.15867525874203e-08,4.45379662793955e-07,1.70347369679146e-06,3.56436915221189e-09,-5.29895000934753e-09,-6.2506632630159e-10,-6.51283776952897e-09,-8.50242952559104e-09,3.44842142854152e-12,3.70729530025812e-09,-1.15783554757912e-09,-4.67002588582173e-09,-1.28100780740686e-08,6.67540107174389e-06,-7.34607561690129e-06,3.47335225577016e-06,1.10626637145981e-06,8.87172469887202e-06,-8.93764592380747e-07,4.42975280626116e-06,-1.14487171997343e-05,4.47605317834236e-06,2.65681934683088e-07,-8.12507122751373e-09,-2.06468897169308e-06,-0.000385888786688653,-5.42881079012492e-05,1.13317051189627e-05,4.66131390031333e-07,-2.15479096823652e-05,1.86445722072036e-06
"north_west","beta21",7.77986904178239e-07,8.48281571368218e-07,1.42361616703652e-05,-3.41611909860226e-08,6.59088418872546e-08,-6.10446365286567e-08,6.42704707766497e-08,4.82829764244257e-09,-1.43436491468158e-07,1.21062551717908e-09,-1.5567057258274e-07,-7.86198055871285e-08,-4.57106253219143e-08,-1.52663477110162e-07,-9.80838745704263e-08,3.84248289760866e-09,2.44491255809313e-07,3.22994591699023e-07,4.85051970021261e-08,4.68751350123933e-07,2.22501499703383e-07,3.12267179387571e-07,3.42469684107803e-07,2.86091924278263e-07,3.60956636853983e-07,4.11147606075053e-07,-6.52001093869094e-09,4.33423635898372e-07,3.2302767135041e-07,3.37989842656661e-07,9.57831072472357e-08,3.08165818427586e-07,1.66244874008922e-07,3.34568036916806e-07,3.362077167834e-09,-4.67059998765266e-08,1.87464947284169e-07,-3.8902179031316e-08,-1.92579325096287e-07,1.45430453847425e-07,1.2387960410215e-05,3.25056208523132e-06,-1.97336580014015e-05,3.32771470181322e-06,-1.18776149747825e-05,-2.7921420152065e-05,-1.11785672844883e-05,-9.13305463359728e-07,-2.6306945411528e-06,8.31656326232634e-07,-6.71401213106843e-07,-8.47989041654312e-07,-1.99374690966198e-07,-2.6200979100686e-06,8.62883522087208e-08,1.89850838470909e-07,-6.86465741853597e-07,3.07378029973993e-09,-3.95978187339132e-09,2.23002346999391e-09,-3.84839928394952e-09,-1.20277181064232e-08,-2.54340847657051e-09,7.58487232292571e-10,-1.00550976147406e-09,-4.13095350463785e-09,-9.58596872432586e-09,7.14277897974945e-06,3.81857378318179e-06,5.79090810236071e-06,-1.92256600546732e-06,7.74471037499843e-06,-1.72597319224458e-06,-2.12111186654554e-06,-1.10065989008538e-05,7.19024099352311e-06,-4.86824344662248e-07,-1.08614377019324e-08,6.98758366158801e-06,-0.000572187973761093,1.52054148353636e-06,2.00286072920624e-05,1.93068427712838e-06,-1.70483286971306e-05,1.71288167389765e-06
"north_west","beta22",1.01001843273062e-06,1.02288951606059e-06,-7.21239183921183e-06,-3.5584854076403e-08,1.54947584144272e-08,-1.4713352308653e-09,-4.26521802274614e-08,1.08291572487348e-07,-8.21810049366385e-08,2.72701035407059e-07,2.38642196426833e-08,1.49433130655375e-08,3.23014385745958e-08,-1.16552207979195e-07,1.80410434226204e-07,-3.25299602228449e-07,4.25071187013514e-07,4.85051970021261e-08,9.41136170533198e-07,-1.69266650382398e-07,3.11354341773988e-07,3.11966711054199e-07,4.37001293024961e-07,1.64236214110418e-07,5.1949603726777e-07,3.78141807186095e-07,3.94141023205364e-08,4.46694748208932e-07,4.12834236324932e-07,3.20192830488819e-08,5.72023498785967e-09,2.94289040587813e-08,1.29280540055544e-07,1.21357121487252e-07,-1.48364710750085e-08,5.36926569321902e-08,-3.23733939290011e-08,6.01162057958707e-08,-1.81458299867397e-07,9.08644354593096e-08,7.814730279242e-06,-5.19126664712914e-06,-9.50743562371105e-06,-1.69005591059663e-06,2.88884503660581e-05,-4.61369375252264e-05,-4.45295790128042e-06,-9.46104794820928e-07,1.97528208343284e-05,9.73819678083363e-07,4.89627444508744e-07,-9.14907674566556e-07,1.77329373971827e-06,-1.00654644634071e-05,5.80795394291241e-07,3.20157353959694e-07,4.78716354055201e-06,9.77116303577526e-09,-1.03184672128897e-08,-3.3387105069928e-09,-2.05885636277186e-09,-8.74997241559539e-09,-9.97714283770513e-10,7.01146802018103e-09,-5.57481293759736e-09,-9.23505639568775e-09,-1.16679095216245e-08,1.279654867864e-05,-2.41036081561413e-05,5.88830935900479e-06,-5.47576755301893e-06,6.94121876092475e-06,-1.09743385626691e-06,-9.48338510267755e-06,-1.12785465831175e-05,5.92807892868221e-06,1.66901264562263e-06,-8.43982704706957e-09,1.89389388179069e-06,-0.000173831221220377,0.000180143945590815,-6.54774418059538e-06,-1.06982416291386e-06,-1.40765019511561e-05,7.17730659785301e-06
"north_west","beta23",1.14210548866545e-06,2.71691687066469e-06,2.09395266480077e-05,1.68432196524084e-08,8.66506593703929e-08,-1.24924860526619e-07,1.47266087202886e-07,9.67313460440132e-09,-1.9637147971723e-07,-1.94753684107566e-08,-2.00482071487014e-07,-1.01237952461018e-07,-5.26500034128916e-08,-1.95780243175612e-07,-1.24075952294576e-07,5.05306824703717e-08,5.44694074062244e-07,4.68751350123933e-07,-1.69266650382398e-07,1.44443710982846e-06,1.76431950701291e-07,6.10912972430587e-07,5.36900266293386e-07,5.13251466145863e-07,7.07959584662289e-07,6.38548688262872e-07,-2.67139219857674e-08,7.71298089300436e-07,5.26231004566139e-07,6.01100067485083e-07,2.49870168133487e-07,5.7655088691154e-07,4.25823223309136e-07,3.6123789226556e-07,7.98495238140015e-09,-7.68514789552731e-08,2.77797808048768e-07,-4.67736636614822e-08,-2.81037947739922e-07,2.49102518605384e-07,3.93245884907676e-05,2.54405164366207e-05,-1.49360369285857e-05,3.50377826044681e-06,-2.47292146393997e-05,-4.94497641732259e-05,-6.11097349587142e-06,-1.507149879311e-06,-1.04601799091889e-05,2.04061668085663e-06,-7.70478356299255e-07,-1.49508465916867e-06,-4.75556047329287e-06,-2.6370843987719e-06,-4.56125954318628e-08,6.9839422866135e-07,-2.87207168185371e-06,2.67521479523467e-09,-4.70826924244469e-10,2.73424103279773e-09,-5.97908446452509e-09,-1.11379436388827e-08,4.93545892905161e-10,7.26890473640326e-10,-1.54128937903841e-10,-3.40952182640636e-09,-1.57839674001045e-08,8.6336033396423e-06,6.45844745143006e-06,5.01865740965447e-06,5.59593842129932e-06,1.2689850816902e-05,-1.45391633443456e-06,3.48253562185594e-06,-1.73816841720322e-05,6.82140762497832e-06,-7.86773122914232e-07,-1.39895027179765e-08,-1.99084496558829e-06,-0.000771629709378279,-9.718732657064e-05,1.75751675743129e-05,2.58841645860301e-06,-2.74097017008449e-05,2.49303773431617e-07
"north_west","beta24",7.26973003415905e-07,-9.87523947393261e-08,9.48780313563609e-06,2.40683391112102e-08,7.82306815978494e-08,-6.49769660081074e-08,7.85121938240539e-08,1.47961471535872e-08,-1.03279424718834e-07,3.15156884988615e-08,-8.42328128557266e-08,-4.63774971580905e-08,-2.73840773228428e-08,-1.11047051440743e-07,-5.88665277757396e-08,-2.20328968911058e-07,3.37831168628241e-07,2.22501499703383e-07,3.11354341773988e-07,1.76431950701291e-07,3.79699904139639e-07,2.06063540733683e-07,4.53037466583209e-07,1.91061895393152e-07,4.54061414216721e-07,3.7625724886787e-07,1.0498168939113e-09,4.67542363234497e-07,3.40321259529462e-07,3.2385245708494e-07,1.24772292637815e-07,2.51085611670005e-07,1.76016883653885e-07,4.04933675931698e-07,1.96904176001937e-09,-3.0933336478138e-08,1.4758436889675e-07,-1.74443711478559e-08,-1.95725821611516e-07,1.62364808925007e-07,1.42581561339874e-05,3.92890715488524e-06,-1.37319180252039e-05,5.49116956129215e-07,-3.76352590092312e-06,-3.51071267937585e-05,-7.35345312398751e-06,-5.63019092328907e-07,2.3659839783637e-06,9.71579746096329e-07,-2.93667007476362e-07,-9.34753755084235e-07,-2.42225076299598e-06,-6.15123705633243e-06,7.81184400647278e-08,2.29036144264346e-07,1.06701202886744e-06,4.61830511769013e-09,-5.14004670781894e-09,3.3964323407831e-09,-3.37854701229101e-09,-5.73188781236414e-09,-6.96188067269743e-10,2.903373647338e-09,2.74037402507647e-10,-3.84698089589975e-09,-1.08519891442975e-08,6.22322305690198e-06,-9.60840430147379e-08,3.23337323032885e-06,-1.95139705169533e-06,7.66415795822257e-06,-2.12636467074713e-06,1.31754255349129e-06,-9.96309892044257e-06,5.65438345023882e-06,-9.69929464200792e-08,-1.00335497987786e-08,1.50921900393355e-05,-0.000456789841938862,2.67102354318853e-06,1.23022044515698e-05,1.20495768374688e-06,-1.62434079259086e-05,1.5703187542461e-06
"north_west","beta25",1.08292212428473e-06,2.10182207601417e-06,9.98749585577101e-06,-6.39051156888495e-08,6.36392512342358e-08,-3.95606887315344e-08,2.68452030067354e-08,5.79426372352615e-08,-1.76656282320566e-07,1.26075592873911e-07,-1.62345749320077e-07,-6.22462083448828e-08,-1.97056847503492e-08,-1.81112056307353e-07,-1.39242469038809e-08,-3.67541566233413e-08,4.32833073656594e-07,3.12267179387571e-07,3.11966711054199e-07,6.10912972430587e-07,2.06063540733683e-07,5.43804900873773e-07,3.8226905222823e-07,4.47745537081914e-07,5.33231610339205e-07,5.65305405324279e-07,5.51126626232949e-09,5.77122420669966e-07,4.84335776968034e-07,3.24688458730518e-07,1.047656923183e-07,3.3180099469379e-07,2.56724638979042e-07,3.04993344889905e-07,-4.30355255939686e-09,-1.41261216899576e-08,1.32676602872569e-07,-6.74310386956392e-09,-2.10123277184533e-07,1.34409251576795e-07,1.75160438882361e-05,6.5881721685752e-06,-1.56657420950181e-05,2.41606441380577e-06,3.83747547952795e-06,-3.91963536174037e-05,-1.03366997475176e-05,-1.4244760962129e-06,4.9923467012663e-06,1.15416957275523e-06,-2.23313647841996e-07,-1.1851441490454e-06,1.44504440035461e-06,-3.82868780843901e-06,2.58163861216953e-07,3.91516847451377e-07,-1.4594892096577e-07,7.36652031370528e-09,-5.34244014715599e-09,2.18502793362812e-09,-3.31921642434337e-09,-1.21764695352592e-08,-1.96846060322471e-09,4.20710201119965e-09,-3.94434501720724e-09,-5.85621795673612e-09,-9.68105849834614e-09,1.12058120652733e-05,-1.09858608485051e-05,8.02616178528115e-06,-7.03895058604549e-07,8.87961720076762e-06,-1.57555368008464e-06,-7.26234149009972e-06,-1.43941413542867e-05,7.96220870860358e-06,4.34750548456669e-07,-1.39682087248124e-08,-9.10769860702109e-06,-0.000561810198851834,5.36061612301762e-05,1.766044167083e-05,1.257657115446e-06,-2.11621485891074e-05,3.84590653222486e-06
"north_west","beta26",1.34956984387078e-06,1.1549397765014e-06,1.07054152060065e-05,4.7033562102761e-08,8.77938585215402e-08,-1.21122988360268e-07,1.44195905044158e-07,2.20339281354979e-08,-1.31475053428932e-07,8.46464645947846e-08,-1.03522950745825e-07,-5.66908904658455e-08,-2.31911331531241e-08,-1.76169493101621e-07,-3.82399978113924e-08,-3.05074854761936e-07,5.43801990027636e-07,3.42469684107803e-07,4.37001293024961e-07,5.36900266293386e-07,4.53037466583209e-07,3.8226905222823e-07,7.94600511635594e-07,1.52181757991325e-07,8.5715960889681e-07,5.06797463941362e-07,3.31989182329325e-09,7.78666420399755e-07,5.05323041730354e-07,4.12498263569475e-07,1.86891697483246e-07,3.46004543128625e-07,3.16656609054312e-07,3.21974078342144e-07,-3.29952440645684e-09,-2.1757571942404e-08,2.12936888772726e-07,-4.11965204043087e-08,-2.75267861542965e-07,2.67902932180767e-07,3.02295049098806e-05,1.32228483151687e-05,-1.65062893328706e-05,5.10157781218972e-08,-1.21605172693696e-06,-6.95530833443939e-05,-3.4575462685654e-06,-1.48831122473032e-06,3.09979015918885e-06,1.67840541721937e-06,-2.74986992742189e-07,-1.64007240331832e-06,-2.90481463147526e-06,-1.06472501823427e-05,8.85542509989411e-08,6.37524572597713e-07,1.41513053756892e-06,8.17315678880324e-09,-7.61702134480605e-09,2.33440956528314e-09,-4.33226176745771e-09,-7.8411089079061e-09,1.0102043120933e-09,6.40441981269336e-09,1.5803510615435e-09,-6.87559930524316e-09,-1.73685634822999e-08,1.22475945101501e-05,-2.68148827488333e-06,3.09798140267783e-06,-1.39470726925704e-06,1.18253817554925e-05,-1.59337950235283e-06,-1.60352181184229e-07,-1.72935334633911e-05,6.96751685043156e-06,1.59135191860531e-07,-1.25408303485672e-08,1.93994733906012e-05,-0.000652412135643369,1.79958162788486e-05,2.88668321420574e-06,1.44945232894342e-06,-2.47189106837246e-05,3.51041970287373e-06
"north_west","beta27",4.02139610593012e-07,1.0443913225531e-06,1.35974467870678e-05,-1.03386881234904e-07,5.49023419221834e-08,3.19229228661909e-09,-6.73632177921404e-08,8.60553198912143e-08,-1.98949791604883e-07,6.58666946455728e-08,-1.26132877756613e-07,-7.35830478373446e-08,-4.10610255697808e-08,-1.22984359147191e-07,-9.03504493986623e-08,1.5363232585051e-07,3.19707331701971e-07,2.86091924278263e-07,1.64236214110418e-07,5.13251466145863e-07,1.91061895393152e-07,4.47745537081914e-07,1.52181757991325e-07,7.56042324964888e-07,1.64283139984725e-08,7.1152367086463e-07,1.21165838130633e-08,3.91911518173384e-07,4.90798814443691e-07,4.16095185852326e-07,7.93678581162989e-08,3.53873471874186e-07,2.09395646454075e-07,5.37579680802909e-07,-6.74605156922353e-10,-4.63867226769862e-08,1.30407620989605e-07,1.48130405887928e-08,-2.21274284285743e-07,1.00554826651704e-07,3.18231920115285e-06,-4.86785385483256e-06,-2.31428925693773e-05,4.7317499790872e-06,-1.10727850903654e-05,2.20145691040216e-06,-2.45001505453078e-05,-5.31253019665264e-08,3.21224656317286e-06,5.31428832766248e-07,-8.84193917231908e-07,-7.92181048225259e-07,-2.62723497633571e-07,1.64538157469505e-06,5.86839174343538e-07,-1.27920049342918e-07,5.24431536771099e-07,5.63967273427566e-09,2.1346856337329e-09,7.37136590855916e-09,-3.89855222752704e-09,-1.1971099135269e-08,-3.12003935713876e-09,2.08000752745327e-10,-4.57187391550551e-09,-2.91360682150352e-09,-2.5285044938058e-10,6.10103174171206e-06,-6.33384318556942e-07,1.08256721893969e-05,-1.43008217270701e-06,7.61575749426072e-06,-4.73697935755267e-06,-2.40913033538652e-06,-7.97946425917158e-06,9.04524370655001e-06,-1.74708361917839e-07,-1.65883782116848e-08,-2.58064892291646e-06,-0.000554595948163571,5.27690359453061e-05,3.75983941473622e-05,1.49564060933076e-06,-1.78618896714993e-05,1.66392503560358e-06
"north_west","beta28",1.79345909387076e-06,4.11172113891082e-06,6.4783063703193e-06,1.6152041028937e-07,8.57920857564915e-08,-1.62073454717299e-07,2.89960139424235e-07,-2.25503566087911e-08,-7.7604912201164e-08,1.77842509194368e-07,-2.13740323047425e-07,-1.78924649755891e-08,2.08630324111154e-08,-2.05278892904435e-07,1.00528340045432e-07,-6.82250712564099e-07,6.88513729013717e-07,3.60956636853983e-07,5.1949603726777e-07,7.07959584662289e-07,4.54061414216721e-07,5.33231610339205e-07,8.5715960889681e-07,1.64283139984725e-08,1.57672357369556e-06,1.3675900825467e-07,-2.54152168112093e-08,1.02661166345034e-06,4.40250065969597e-07,2.83753745183825e-07,3.16222094847345e-07,3.57289673950579e-07,3.67790082702883e-07,2.03644550774932e-07,1.12410546561661e-08,6.80658736563756e-09,1.73381998252639e-07,-2.91428287356171e-08,-2.31869943000284e-07,2.57788444740564e-07,5.18256037262403e-05,3.46742819545174e-05,4.9585944225654e-06,-4.4031057293273e-06,2.51820529059398e-05,-0.00011289173644381,1.90403255197441e-05,-3.28849581616618e-06,6.27531451037069e-06,2.04172341924425e-06,1.10969509705973e-06,-2.87427999727278e-06,2.60937762685241e-08,-1.52554884538629e-05,-3.21374394724103e-07,1.43978555786656e-06,-8.52585908542402e-07,9.76649567211885e-09,-1.14603247209704e-08,6.57534306608191e-12,-6.33662910606965e-10,1.72170612904392e-09,7.80816260914431e-09,1.47224646765231e-08,3.15287897014498e-09,-5.08790302849494e-09,-2.51321617725866e-08,1.55199932418581e-05,-2.46011743271328e-05,-8.126427497786e-07,4.46150143968561e-06,1.28935115581251e-05,2.19622814459452e-06,-6.38500184997216e-06,-2.51979551728081e-05,4.09788698102668e-06,1.08367756501802e-06,-1.37493773603064e-08,-1.17358949861849e-05,-0.00051608736084764,-8.72773777110503e-05,-4.09647426223728e-05,8.26657020775071e-07,-2.65761990260072e-05,3.38356585129458e-06
"north_west","beta29",7.96103428083414e-07,-4.16933460369299e-07,2.00873853096697e-05,-1.43514958786044e-07,7.8116770263774e-08,-2.01881404507072e-08,-7.60932281448588e-08,1.07952810018219e-07,-2.9794188119859e-07,8.31101958953519e-08,-1.86332702473759e-07,-1.31215728015923e-07,-7.63009444203641e-08,-2.41525172648897e-07,-1.4840168653583e-07,1.6098950214569e-07,4.7571994216067e-07,4.11147606075053e-07,3.78141807186095e-07,6.38548688262872e-07,3.7625724886787e-07,5.65305405324279e-07,5.06797463941362e-07,7.1152367086463e-07,1.3675900825467e-07,1.26698159637716e-06,3.07833189360594e-08,4.42524489210934e-07,9.0939073577565e-07,6.59216708041228e-07,5.78058535958509e-08,4.86349722332728e-07,3.43834131291324e-07,6.10335075178166e-07,-1.22502037729728e-08,-5.90776089918417e-08,1.95642299704038e-07,1.86331824645217e-08,-3.54184834281547e-07,2.03364769413941e-07,3.13931629435874e-06,-8.16230049556767e-06,-4.04566663445142e-05,7.23319130493449e-06,-1.98002274460292e-05,1.00084146856785e-06,-3.62887473910594e-05,-3.0366740277282e-07,4.61799752624777e-06,1.14635321010666e-06,-1.56131368637603e-06,-3.4125591809359e-07,-5.31714526462461e-07,-2.3992965762018e-06,5.83231354417418e-07,-2.85878549714726e-07,3.81872291650511e-07,7.09220242327704e-09,-5.55091653933006e-09,9.94150392196293e-09,-5.22302457896105e-09,-2.42483031745007e-08,-7.97419513828091e-09,-2.72674151559098e-09,-6.4007807406435e-09,-7.55164170783e-09,-6.52742504372451e-09,1.23927265838078e-05,5.96398058042469e-06,1.37642264726593e-05,-4.7248018347766e-06,1.05831440603129e-05,-6.89285783347997e-06,-3.9620254894164e-06,-1.16013730229739e-05,1.36057828458189e-05,-3.51807687602997e-07,-2.51102712798837e-08,3.21818228142016e-05,-0.000922195555198527,0.000203115646441249,5.2069054284916e-05,2.75315013179602e-06,-2.84363105605973e-05,4.12075002390029e-06
"north_west","beta3",6.06069357101958e-08,-6.0882770923878e-08,1.37044299109889e-07,-4.35313533661396e-08,4.86082169957364e-08,8.65864208643763e-09,1.03467357866727e-09,1.20107352072434e-08,-7.81698189094899e-09,1.72233476595825e-08,5.22363453622191e-09,5.24681110750455e-09,1.09605953778348e-09,3.74732264995283e-09,-1.29387264285491e-08,-6.35300393153688e-07,-1.22960745187237e-09,-6.52001093869094e-09,3.94141023205364e-08,-2.67139219857674e-08,1.0498168939113e-09,5.51126626232949e-09,3.31989182329325e-09,1.21165838130633e-08,-2.54152168112093e-08,3.07833189360594e-08,1.28198919734694e-07,-5.77027813273161e-10,-1.49379845297974e-09,3.73615196587377e-09,-1.15489180843456e-08,2.0274052745086e-09,1.82998769899216e-08,2.24452839828562e-08,-8.02127041361101e-08,7.43006831017732e-08,-1.55850139128955e-08,-3.15209832080054e-09,-2.80205764822899e-09,-4.32303075132317e-09,1.33491049581623e-06,1.47126711683776e-07,-3.1046099427879e-06,2.09774539659876e-06,-6.88092198624387e-06,6.29254407693646e-06,9.47619820976837e-07,1.22195870472518e-08,-2.80994259080868e-06,-9.89666567828681e-08,-2.16728454863378e-07,-3.29237989271343e-07,-1.73034819886768e-07,6.18333223629716e-07,6.33786846455868e-08,3.87016343558497e-09,1.7296687064484e-06,4.94987915315138e-10,-5.37777122269884e-10,1.05804360399877e-09,-7.83210224150034e-10,-1.18107561326763e-09,3.12000423139316e-10,1.51437206522031e-09,-9.63459725483543e-10,-4.05414854865248e-10,2.78759709773433e-09,1.68255033110441e-06,7.13983063275856e-07,1.37723159621075e-06,-3.88209589591444e-07,7.17651448832984e-09,6.51640466515307e-07,-3.08684485543392e-07,5.70419127276014e-07,4.18783082039091e-07,-1.67527981754965e-07,2.57469075952661e-09,5.40504363198049e-06,-3.07832900648467e-05,-9.03960421826978e-07,1.13992098757114e-05,-3.13583182546662e-09,2.69353592770324e-08,6.8458899535752e-08
"north_west","beta30",1.76288197164914e-06,3.48913827647533e-07,1.71080323588851e-05,-4.15455690855424e-09,1.98469073864577e-07,-1.61084314730922e-07,2.0510542678108e-07,2.66852953917014e-08,-1.39623009974095e-07,8.55940649017857e-08,-4.11121872362332e-08,-3.31575722676917e-08,-2.41132818725492e-08,-1.18707817669342e-07,-5.46726763419987e-08,-9.46076477371962e-08,6.9927554520405e-07,4.33423635898372e-07,4.46694748208932e-07,7.71298089300436e-07,4.67542363234497e-07,5.77122420669966e-07,7.78666420399755e-07,3.91911518173384e-07,1.02661166345034e-06,4.42524489210934e-07,-5.77027813273161e-10,1.2246168476588e-06,2.94040477344396e-07,6.14090301098154e-07,2.76294679237135e-07,5.35143418680928e-07,4.40973761046758e-07,6.44773326132915e-07,-1.29590071255382e-08,-2.8895100411855e-08,3.15245211774675e-07,-6.02824431717572e-08,-4.08687282562486e-07,3.66172139152982e-07,3.80713830636394e-05,1.35674859040397e-05,-2.05786370707794e-05,1.20451285774805e-06,-1.54742595993544e-05,-9.46024097003064e-05,-3.9286694854391e-06,-1.58610446296989e-06,-4.69061917706434e-06,3.02873381329384e-06,-5.37133402910528e-07,-1.72738728132127e-06,-7.76256675079434e-06,-1.03397688610012e-05,6.64383965797007e-08,5.35189081688387e-07,3.6100183240798e-06,1.17431621194688e-08,7.93239071670142e-10,2.56870619817613e-09,-6.15744913869817e-09,-9.08488855023233e-09,1.99433195576651e-09,1.09229433516444e-08,4.39170052473757e-09,-6.60608771710237e-09,-2.07349009818815e-08,6.97602089727706e-06,5.13606103802557e-06,4.64670680958443e-06,-2.63778746334529e-06,1.44438267548903e-05,-1.64192957452997e-06,8.79900561806421e-06,-1.73426374544414e-05,7.53565891632131e-06,-3.69419566018758e-07,-1.03978525683518e-08,5.53862252200434e-06,-0.000712564536163142,-0.000200821174516646,5.50997724532938e-05,9.18268099563695e-07,-2.90336035797629e-05,1.48918827863406e-06
"north_west","beta31",6.31669805200684e-07,2.67380945414176e-06,9.17224584917091e-06,-1.69881966013817e-08,-4.28612086111e-08,-1.98861073030097e-08,-4.98146964756006e-08,6.67970569908687e-08,-1.85204628509782e-07,1.19653394794017e-07,-1.65913292397776e-07,-1.03087885477397e-07,-1.20044874730111e-08,-2.69499396882873e-07,4.8251464556905e-08,-1.2647135056468e-07,4.24232571415449e-07,3.2302767135041e-07,4.12834236324932e-07,5.26231004566139e-07,3.40321259529462e-07,4.84335776968034e-07,5.05323041730354e-07,4.90798814443691e-07,4.40250065969597e-07,9.0939073577565e-07,-1.49379845297974e-09,2.94040477344396e-07,1.12877380664749e-06,5.02632004397629e-07,8.74948154659555e-08,3.52161608972672e-07,2.99009589265957e-07,3.08857502361421e-07,3.04037153713523e-08,-7.52491176109662e-08,1.1091055105876e-07,2.96685802429373e-08,-2.29608495679572e-07,1.54585651199509e-07,9.82389023663569e-06,-4.79652562749781e-06,-1.77014654295797e-05,2.52704790957073e-06,7.49119884120628e-06,-7.68483366247129e-06,-2.76522001106811e-05,1.09207178729295e-07,1.31379186682055e-05,2.45977012404247e-07,-7.43949820410593e-08,-1.08916522540316e-06,-1.5177265217761e-06,-3.92731580809622e-06,5.59387920791708e-07,2.02031877724432e-07,8.90271744863261e-07,6.31486544460193e-09,-9.6226271931871e-09,9.05063306016061e-09,-7.33222194603899e-10,-4.85840475875925e-09,-4.30306200034983e-10,7.2550245071331e-10,-4.63191931357153e-09,-4.99828442501045e-09,-1.44954053450217e-10,1.55815545224296e-05,-2.12435429877688e-05,1.07555522430459e-05,-8.68255183632218e-07,9.40839694550608e-06,-6.35235548706317e-06,-5.3457197184357e-06,-1.43003805826214e-05,1.07688404945625e-05,1.73721860813419e-07,-2.24866159134516e-08,7.04629656879004e-06,-0.000616050911406072,0.000344511931962847,-2.33348651463455e-05,1.78231116571369e-06,-2.33486575671377e-05,3.98580624324035e-06
"north_west","beta32",6.5977741352873e-07,-5.30910968909078e-06,3.76353464259448e-05,-1.45927855289245e-07,2.48322014265791e-07,-1.22902608196114e-07,1.13203063145232e-07,2.08647948987399e-09,-1.49529342539709e-07,-2.33468823878114e-07,1.81016977363364e-07,-8.91927248758314e-08,-7.55782327756738e-08,3.07584477150112e-10,-2.54779139287464e-07,7.67808744711903e-07,4.0595657662177e-07,3.37989842656661e-07,3.20192830488819e-08,6.01100067485083e-07,3.2385245708494e-07,3.24688458730518e-07,4.12498263569475e-07,4.16095185852326e-07,2.83753745183825e-07,6.59216708041228e-07,3.73615196587377e-09,6.14090301098154e-07,5.02632004397629e-07,2.0083984487451e-06,1.54274038412451e-07,1.34285277805377e-06,5.26529378316558e-07,1.7387485319781e-06,-1.6588540944647e-08,-2.0653637447731e-07,5.57846652133383e-07,-1.42973516990707e-07,-4.63855706429742e-07,4.21956388112189e-07,5.92216514794997e-06,-1.26955558838795e-05,-4.43116326790435e-05,1.18421078984724e-05,-8.34105689002661e-05,1.74325712115926e-05,-4.80237279331028e-05,3.43379351889691e-06,-3.38137266438277e-05,2.88399411614153e-06,-2.38675852425066e-06,1.62563363953482e-06,-1.67687094751864e-05,5.10775863821321e-07,-4.13672841719958e-07,-1.03380121962034e-06,6.85956659047043e-06,1.47844331400338e-09,7.67521024844447e-09,6.93106151898717e-09,-4.94440612020107e-09,-1.96510570646199e-08,-6.79855423216271e-09,-1.00764809509122e-09,1.03763131895414e-08,-5.56837262266757e-10,3.35349359136898e-09,-9.09333901989922e-06,5.65109296047065e-05,8.70560434177162e-06,-1.16032204124276e-05,8.77367103350159e-06,-8.7563027156699e-06,3.29161596503836e-05,5.73021453297411e-06,7.12525538182e-06,-4.79822344653435e-06,-5.09593000173223e-09,6.59773631725514e-05,-0.000677221260672091,-0.000364919581483813,0.000142262958420138,1.75608066346928e-06,-2.07798818807075e-05,-1.67652851814014e-05
"north_west","beta33",-5.9477178345644e-08,-1.47495464785375e-06,9.04474747335043e-07,1.48228145610435e-07,-1.79926012226177e-08,-7.17940288036056e-08,1.37461090485679e-07,-1.69935078502306e-08,5.51269031432663e-08,-3.5465521052319e-08,7.53331365578154e-08,2.89414070532486e-08,3.31409165204084e-08,3.20599217912466e-08,5.94296016627992e-08,-1.03436756618348e-07,1.94647027753648e-07,9.57831072472357e-08,5.72023498785967e-09,2.49870168133487e-07,1.24772292637815e-07,1.047656923183e-07,1.86891697483246e-07,7.93678581162989e-08,3.16222094847345e-07,5.78058535958509e-08,-1.15489180843456e-08,2.76294679237135e-07,8.74948154659555e-08,1.54274038412451e-07,3.84655511936136e-07,2.66996646049218e-08,3.3524390088096e-07,1.34171298475433e-07,4.99928080653081e-09,1.80517527598245e-09,5.82390237698001e-08,-3.06562339819475e-08,-5.04572103497637e-08,1.39154471098446e-07,2.15471496470206e-05,1.22664581611848e-05,1.17663352922509e-05,-4.48711694882038e-06,-1.31612631583008e-06,-3.55792682629064e-05,1.32685767203409e-05,-4.74939365062765e-07,-2.01684964811959e-06,1.62993197588312e-06,3.17410290704027e-07,-6.73371432762028e-07,-5.77189181673241e-06,-3.41045007217924e-06,-4.32977718372958e-07,2.78081737929282e-07,6.14439609674204e-07,6.39271533331942e-10,2.2204334198591e-09,4.0165688031758e-09,2.44010833266878e-09,5.35107462864106e-09,6.61076402819992e-09,7.57026799954707e-09,5.19657734353432e-09,2.99348436126333e-09,-1.74330067586547e-09,-2.19074858161468e-06,2.87910169068978e-06,-4.92764101397096e-06,3.23419799816673e-06,2.07522118551056e-06,4.23203860163822e-07,1.01797713073073e-05,-8.25080649566121e-07,-2.97635875734184e-06,-3.35422535567446e-07,3.96213368540909e-09,-1.68935058675738e-07,1.39562590242541e-05,-0.000225454304104924,-3.25421324229307e-05,-4.35135064737358e-07,-4.642290092043e-06,-5.35109985286121e-06
"north_west","beta34",1.0682186150516e-06,5.9612870873143e-08,3.31643429783312e-05,-9.52197843751844e-08,2.49513335983228e-07,-8.35157439254574e-08,1.16421079473736e-07,-8.6905885650573e-09,-2.27831152740184e-07,-7.71282397096579e-08,-1.36823762058197e-07,-1.10788497364998e-07,-8.57188687198729e-08,-9.32453248759584e-08,-2.7924958209331e-07,1.69627396063146e-07,3.50790438690863e-07,3.08165818427586e-07,2.94289040587813e-08,5.7655088691154e-07,2.51085611670005e-07,3.3180099469379e-07,3.46004543128625e-07,3.53873471874186e-07,3.57289673950579e-07,4.86349722332728e-07,2.0274052745086e-09,5.35143418680928e-07,3.52161608972672e-07,1.34285277805377e-06,2.66996646049218e-08,1.41613475234624e-06,-4.99303218804402e-08,1.81980966493289e-06,-1.67193464084959e-08,-1.63895340097764e-07,4.59397478241429e-07,-1.1664555716492e-07,-3.23546999617405e-07,2.31505249421101e-07,1.46565988704083e-05,4.23172451383059e-06,-3.56422147586066e-05,9.07660599234853e-06,-5.38640852666334e-05,7.21427874112382e-06,-3.63666862820845e-05,1.42902299231561e-06,-2.3934839488618e-05,1.66284243629009e-06,-1.97491700957434e-06,4.39123518454679e-07,-5.65629196300864e-06,2.71615950999534e-06,-2.55301143426988e-07,-2.96994724446827e-07,1.34130369681066e-06,9.28507536932854e-10,-8.31420552392715e-10,2.94500986954082e-10,-5.68645390273978e-09,-2.71525209762298e-08,-6.6374042389062e-09,-5.01632065639219e-09,4.13519185589717e-09,-6.36444464966927e-10,-1.82112145459113e-09,-1.64384728220633e-06,3.95014935735451e-05,8.37518381796263e-06,-4.32663555362198e-06,9.11501572239915e-06,-5.0114735009117e-06,1.01551415233501e-05,-4.5353636968159e-06,7.87932179106182e-06,-3.00466528852161e-06,-4.687232360959e-09,3.66844613776051e-05,-0.000724383542536259,-0.000286979926348537,0.000111141045055144,2.62335568868113e-06,-2.02357097498934e-05,-9.96274503376081e-06
"north_west","beta35",3.28199944216028e-08,-4.05663355796313e-06,1.89076561359429e-06,1.53756717660883e-08,-2.39607386901455e-08,-9.35137138005406e-08,5.02506759705113e-08,3.94311843450341e-08,7.55386596421585e-08,-2.44130115591273e-08,1.96664978349679e-07,3.66036456973741e-08,3.96417865067857e-08,5.00486121045887e-08,8.63850329125022e-08,2.00067132523564e-07,3.53040902785111e-07,1.66244874008922e-07,1.29280540055544e-07,4.25823223309136e-07,1.76016883653885e-07,2.56724638979042e-07,3.16656609054312e-07,2.09395646454075e-07,3.67790082702883e-07,3.43834131291324e-07,1.82998769899216e-08,4.40973761046758e-07,2.99009589265957e-07,5.26529378316558e-07,3.3524390088096e-07,-4.99303218804402e-08,1.12556095147973e-06,-9.0762270008339e-07,-8.83089244870414e-09,1.44696774350507e-08,3.75814497649959e-08,3.56337916860291e-08,-2.54920129948279e-07,2.82253879854541e-07,1.26719625064963e-05,-4.87074296256797e-06,3.54133455504472e-06,-9.66733606144898e-07,-2.03865354125232e-06,-2.20523986120459e-05,-3.67620646319137e-06,1.71548374097387e-06,5.29385586467256e-06,1.98173509890265e-06,1.22044480795428e-07,1.56639278835328e-07,-1.3300226504351e-05,-6.33449568611804e-06,6.83653437632561e-08,-2.55764956965317e-07,4.56882236241324e-06,5.93354649417223e-09,7.01527187792473e-09,9.58424303233644e-09,2.749575325184e-09,1.35224040446864e-08,3.69073670302411e-09,1.21153636857935e-08,6.12582997741568e-09,8.63151888067261e-10,3.72951976443143e-09,-2.03328390326447e-06,3.92722439473274e-06,-5.82774304692166e-07,-3.68166671278934e-06,1.12473232472298e-06,-1.24946201079703e-06,2.05435547258121e-05,4.49855186037417e-06,-9.79778397096037e-07,-3.00224414027262e-07,-1.9910203921553e-09,2.6310693244178e-05,-5.66944431798524e-05,-0.000186381898038859,-2.64803356054297e-06,-1.10530171309252e-06,-9.66468306752853e-06,-5.62335552304875e-06
"north_west","beta36",3.17563055290519e-07,-3.88120635518304e-06,4.7072789379855e-05,-1.4954335049039e-07,3.8949003677314e-07,-6.34181473300294e-08,1.70989049945779e-07,-9.16815228887582e-08,-2.64457233180057e-07,-2.56696900958454e-07,4.22993261111209e-08,-1.49616908708706e-07,-1.37315613650632e-07,-4.33569645782538e-08,-3.49786349704201e-07,3.90610670073096e-07,3.6367067296786e-07,3.34568036916806e-07,1.21357121487252e-07,3.6123789226556e-07,4.04933675931698e-07,3.04993344889905e-07,3.21974078342144e-07,5.37579680802909e-07,2.03644550774932e-07,6.10335075178166e-07,2.24452839828562e-08,6.44773326132915e-07,3.08857502361421e-07,1.7387485319781e-06,1.34171298475433e-07,1.81980966493289e-06,-9.0762270008339e-07,5.34275228633295e-06,-2.21888922474459e-08,-3.17673670911586e-07,8.3900775020699e-07,-3.96168264016967e-07,-1.97232707113736e-07,2.33254541969555e-07,2.62324432091826e-06,-8.45662317488314e-06,-6.50204907524349e-05,1.33044609376292e-05,-0.000112282672725865,2.45298817477702e-05,-4.41083225092328e-05,-1.33846286034597e-06,-4.60345601146527e-05,2.34283829080316e-06,-3.29570590674102e-06,1.51818177734911e-06,-7.65172777039418e-06,6.14506327926599e-06,-7.61216262634225e-07,-1.16788474865882e-06,5.57969189685362e-06,-9.48293446178938e-10,3.42722850310422e-09,2.05312498730475e-10,-1.07148376373086e-08,-6.83571601053993e-08,-1.10997364821908e-08,-1.46183115248883e-08,2.72188450714194e-09,-2.18388816686762e-09,-1.3332183197267e-08,-1.75823867458382e-05,6.96341555133407e-05,8.69818533113394e-06,-5.29849521058013e-06,1.24916071795263e-05,-9.13398652630253e-06,1.81911900188401e-05,1.50111856516634e-07,1.06201642264041e-05,-4.98905787769e-06,9.83853570648888e-10,3.7985700280043e-05,-0.000870480623400981,-0.000464825856585414,0.000192226371621058,3.3326023319878e-06,-2.33679994706552e-05,-1.5062309423216e-05
"north_west","beta4",-1.02282073557163e-07,-3.30467224734692e-07,-1.16421640598078e-06,4.3816661941114e-08,-3.92305652626625e-08,-1.91607417586057e-09,-2.41592594748238e-09,-7.64963725017815e-09,1.3263712391444e-08,-7.0211275587388e-09,-7.77945206101073e-09,-2.10718825212114e-09,4.9716630574961e-09,-4.90601574229725e-09,3.43725938090616e-08,2.61159666802364e-07,-1.15111980676928e-09,3.362077167834e-09,-1.48364710750085e-08,7.98495238140015e-09,1.96904176001937e-09,-4.30355255939686e-09,-3.29952440645684e-09,-6.74605156922353e-10,1.12410546561661e-08,-1.22502037729728e-08,-8.02127041361101e-08,-1.29590071255382e-08,3.04037153713523e-08,-1.6588540944647e-08,4.99928080653081e-09,-1.67193464084959e-08,-8.83089244870414e-09,-2.21888922474459e-08,7.26636524044387e-08,-8.21640156145928e-08,1.91281969905971e-08,7.91722897221304e-10,1.24024712955993e-08,-2.77995417027589e-09,-7.43776436428053e-07,-1.3369114391018e-06,8.87025899341277e-07,-9.40077654090335e-07,3.91903781853821e-06,-2.86246365923879e-06,-3.10728921136784e-07,-2.8809925861402e-07,2.43685723983582e-06,2.88061519798198e-08,2.02676828042455e-07,1.89454306541368e-09,-8.48414952390105e-07,-3.74060068006048e-07,8.07832025482057e-08,-6.15609663500594e-09,9.69944851969676e-09,-5.60220419013175e-11,9.12201780891894e-10,-2.43978547756774e-10,7.65761606469903e-10,2.04645639343459e-09,2.82865086343897e-10,-1.01220223439152e-09,7.50464596548171e-10,5.7683800313532e-10,-1.86440871162206e-09,-1.23069470179101e-06,-1.47372415076923e-06,-1.39216191082118e-06,1.19654464408814e-06,3.01354429537956e-07,-2.70369761303645e-07,9.05672507409635e-07,-4.85746402715847e-07,-6.49221637192974e-08,8.67174511140104e-08,-6.79968230397439e-10,-6.65539129492025e-06,4.46991224341437e-05,1.7362088962341e-05,-1.48645519700177e-05,-3.96203711623046e-08,1.22568059054586e-07,1.03610071420065e-07
"north_west","beta5",1.49545312505774e-07,1.68946819627648e-06,-6.05270890950449e-06,-4.73479547085588e-09,-4.48543246425517e-09,1.33120442694987e-08,4.1445653955492e-09,2.82775653570908e-08,2.28249782514337e-08,7.59630959025809e-08,3.68162098281812e-08,3.59196949835249e-08,3.02359699173122e-08,-1.46564800285434e-08,7.98724320240104e-08,-4.11219282022252e-07,-3.73330268106346e-08,-4.67059998765266e-08,5.36926569321902e-08,-7.68514789552731e-08,-3.0933336478138e-08,-1.41261216899576e-08,-2.1757571942404e-08,-4.63867226769862e-08,6.80658736563756e-09,-5.90776089918417e-08,7.43006831017732e-08,-2.8895100411855e-08,-7.52491176109662e-08,-2.0653637447731e-07,1.80517527598245e-09,-1.63895340097764e-07,1.44696774350507e-08,-3.17673670911586e-07,-8.21640156145928e-08,2.21773490756784e-07,-2.75980174330081e-07,1.06658959695233e-07,2.38984625452765e-08,-3.89028207782909e-08,2.88982700878712e-06,5.13661818204306e-06,1.11713750436323e-05,-2.5135753734828e-06,1.76623035721132e-05,-7.99521713062712e-06,1.22197599469248e-05,1.81981953695719e-07,4.2997274603205e-06,-2.53085643393846e-07,3.67509044599407e-07,-7.15702275551128e-07,2.99727060017882e-06,-1.0043762585823e-06,-5.19339164137846e-08,2.42084200895888e-07,-1.30439314043297e-06,4.01208120885974e-09,-2.32767875771753e-09,1.92191302770102e-09,1.74302017480169e-09,4.87470046098027e-09,2.23268109458102e-09,5.91879446418126e-09,-9.13435180967242e-10,-2.49637758918867e-11,3.07889310794723e-09,5.01930028693766e-06,-1.15486560504422e-05,-8.06983527579312e-07,1.25636073976087e-06,-1.59484618630015e-06,2.35400986303036e-06,-6.57473262928049e-06,-6.74562604465045e-07,-1.98337235710941e-06,1.02559374295724e-06,5.61706445170268e-10,-8.35134632928711e-06,0.000102785693017424,2.42224089611679e-05,-2.0321908759223e-05,-6.84552850054699e-07,3.03748117760403e-06,1.51640641310544e-06
"north_west","beta6",6.50547873102303e-07,-3.49139155807187e-06,1.98517725205734e-05,-6.34864416841817e-08,1.63823950025638e-07,-7.46418758986631e-08,9.42102989983158e-08,-3.69943682472166e-08,-1.1060749798703e-07,-1.82136216512298e-07,-5.49905586868631e-08,-8.50889528191453e-08,-8.31439869961425e-08,-2.7383533207335e-09,-3.12465004736928e-07,4.27105883693539e-07,1.90700868049547e-07,1.87464947284169e-07,-3.23733939290011e-08,2.77797808048768e-07,1.4758436889675e-07,1.32676602872569e-07,2.12936888772726e-07,1.30407620989605e-07,1.73381998252639e-07,1.95642299704038e-07,-1.55850139128955e-08,3.15245211774675e-07,1.1091055105876e-07,5.57846652133383e-07,5.82390237698001e-08,4.59397478241429e-07,3.75814497649959e-08,8.3900775020699e-07,1.91281969905971e-08,-2.75980174330081e-07,7.4908682595613e-07,-3.90959875985954e-07,-7.67668172103307e-08,1.78930873381298e-07,1.15006574067299e-05,3.56251592475159e-06,-2.70153829912563e-05,8.18610888937438e-06,-4.12321766475711e-05,-2.58875829988393e-05,-1.77713386990807e-05,-1.16353293918425e-07,-1.82299580327963e-05,9.589558669844e-07,-1.51511854388348e-06,-7.52428841020112e-08,-4.93047980987961e-06,-2.06209600112226e-06,-2.22742508344045e-07,-5.92239887181721e-08,2.27343438844132e-06,-3.81650252368218e-09,2.71476639203932e-09,-4.02339305563139e-09,-6.68846758410611e-09,-1.37297622806778e-08,-3.06654900312199e-09,-6.29985339527747e-09,2.15978033938444e-09,-2.52744436566216e-09,-3.42699723753036e-09,-1.48774136042292e-06,3.40763686253016e-05,6.25518690524853e-06,-1.16691443192488e-05,8.39713949672478e-06,-3.63113157864488e-06,1.08350018637419e-05,-3.00783804321709e-06,4.99447756136547e-06,-2.27011698644681e-06,-3.20077028084283e-09,4.48781604596983e-05,-0.000526476613991671,-0.000132738405320848,8.22025595207444e-05,2.37026372195562e-06,-1.21855621465525e-05,-3.1719985347153e-06
"north_west","beta7",-1.70151719516104e-07,1.09818589069989e-06,-5.22350502136902e-06,2.3983780376271e-08,-7.29085241983277e-08,-6.524907455108e-09,-3.41185250365319e-09,2.1063155543056e-08,2.60296943374458e-08,8.56401185133445e-08,4.16492728240135e-08,2.94542700005378e-08,3.56663863337176e-08,9.26056900756691e-09,9.19719693343222e-08,-5.87868826858081e-08,-4.32242532563994e-08,-3.8902179031316e-08,6.01162057958707e-08,-4.67736636614822e-08,-1.74443711478559e-08,-6.74310386956392e-09,-4.11965204043087e-08,1.48130405887928e-08,-2.91428287356171e-08,1.86331824645217e-08,-3.15209832080054e-09,-6.02824431717572e-08,2.96685802429373e-08,-1.42973516990707e-07,-3.06562339819475e-08,-1.1664555716492e-07,3.56337916860291e-08,-3.96168264016967e-07,7.91722897221304e-10,1.06658959695233e-07,-3.90959875985954e-07,4.24714664859767e-07,-3.28020995018281e-07,7.13208829227821e-08,-5.08609008420962e-06,-6.78439213007125e-06,3.89969138875205e-07,-1.69487074749936e-06,1.83038107230085e-06,5.55005823931329e-06,-7.51439324242273e-07,1.74799392016178e-07,1.2568426396517e-06,2.64277287413634e-07,2.64655568171124e-07,-8.22068077031364e-07,3.77407932667103e-07,5.56275184873842e-07,-2.82184756223821e-08,-4.04330573215902e-08,-2.08918165070734e-08,4.02991381067536e-09,2.12683516435619e-10,6.11757650585501e-09,3.14357368178535e-09,1.11468862950666e-08,2.19050534434442e-10,6.21361611810623e-09,2.28204832121175e-10,8.17643284356521e-10,-3.94850019221294e-09,7.29549994515342e-07,-5.87281745695493e-06,-2.70214897910994e-06,6.72966630382688e-06,1.57227674442235e-06,-5.25229645621763e-07,-3.25675573077451e-06,-1.65745148581522e-06,3.05686883284161e-07,4.22011768630975e-07,2.79727729760305e-09,-2.98660115551707e-05,0.000101356455003177,7.62187436822232e-05,-4.13476233330672e-05,-9.10713919113709e-07,2.87362681515626e-06,1.55717661043444e-06
"north_west","beta8",-6.7869720326911e-07,1.83531879294758e-06,-1.58730453992549e-05,7.56730950346313e-08,-4.3930055615209e-08,1.61288053875562e-07,-1.05070436170065e-07,-1.53396888246235e-08,8.01964887571518e-08,9.16287897607113e-09,-1.0044686701489e-07,3.02954411964757e-08,2.64246639859782e-08,-2.50125379565421e-08,9.24299745086723e-08,-2.94918149232999e-07,-2.33761866624152e-07,-1.92579325096287e-07,-1.81458299867397e-07,-2.81037947739922e-07,-1.95725821611516e-07,-2.10123277184533e-07,-2.75267861542965e-07,-2.21274284285743e-07,-2.31869943000284e-07,-3.54184834281547e-07,-2.80205764822899e-09,-4.08687282562486e-07,-2.29608495679572e-07,-4.63855706429742e-07,-5.04572103497637e-08,-3.23546999617405e-07,-2.54920129948279e-07,-1.97232707113736e-07,1.24024712955993e-08,2.38984625452765e-08,-7.67668172103307e-08,-3.28020995018281e-07,8.60778582386471e-07,-5.10375405821702e-07,-5.07442127334258e-06,1.41678157816746e-05,3.11395611263668e-05,-6.09045694992541e-06,4.44153223318582e-05,3.00775758232442e-05,2.38185720255152e-05,-1.34120654108592e-08,1.45664478093393e-05,-2.28316054209808e-06,1.15356833502504e-06,5.91501643837858e-07,8.57917162073545e-06,3.5296183056298e-06,-1.90529917361114e-07,3.61663640935114e-07,-5.83215710142374e-06,-6.02559998673866e-09,-1.18805346875791e-09,-6.11922022138116e-09,3.61444832350252e-09,2.19757739174937e-09,2.31110131181394e-09,-6.58298256786664e-09,-3.69187373261025e-09,3.82150032626148e-09,8.61066091275641e-09,4.92775970499053e-07,-2.16880246012197e-05,-4.10281882403063e-06,2.57960022441239e-06,-1.15822456142146e-05,4.79708689128622e-06,-1.19575065517028e-05,5.37665843795808e-06,-6.57008174793525e-06,1.71050936723779e-06,-3.63734749776595e-09,-6.66910397854046e-06,0.000375595058330377,3.51215913286415e-05,-2.81828432263903e-05,-2.40058915966001e-07,1.1671836872171e-05,4.36168930792226e-07
"north_west","beta9",4.10148802123204e-07,-3.66509036356276e-06,1.00438881430498e-05,-1.89967427629946e-08,7.38559688214228e-08,-2.10468178217475e-07,2.11327763870839e-07,-3.1855297326952e-08,3.32151089954222e-08,-5.59467413509224e-08,1.60109735175668e-07,5.83233215227861e-09,7.86619950554962e-09,5.20291783961375e-08,2.62792887432149e-09,2.52359055643344e-07,2.21726048705456e-07,1.45430453847425e-07,9.08644354593096e-08,2.49102518605384e-07,1.62364808925007e-07,1.34409251576795e-07,2.67902932180767e-07,1.00554826651704e-07,2.57788444740564e-07,2.03364769413941e-07,-4.32303075132317e-09,3.66172139152982e-07,1.54585651199509e-07,4.21956388112189e-07,1.39154471098446e-07,2.31505249421101e-07,2.82253879854541e-07,2.33254541969555e-07,-2.77995417027589e-09,-3.89028207782909e-08,1.78930873381298e-07,7.13208829227821e-08,-5.10375405821702e-07,5.18605514593923e-07,1.30821575447226e-05,-8.48128305365486e-06,-1.30014870457963e-05,2.23756774033587e-06,-2.78126263732089e-05,-3.76769476616568e-05,-9.60227419603645e-06,6.89424138344076e-07,-9.54250080569354e-06,3.04143166642434e-06,-6.29046089208837e-07,-8.07812856598436e-07,-1.10721984064578e-05,-4.66878362456639e-06,-1.16340846102936e-07,-2.10328339549625e-07,5.48135444055347e-06,3.74570005124976e-09,1.28832585633052e-09,5.96044013544544e-09,-3.38275775920779e-09,1.00785153261314e-09,1.27155659596629e-09,5.83722879919703e-09,5.96609529635319e-09,-8.46578696734519e-10,-7.42914913855462e-10,-3.25190255132584e-06,1.72130271802831e-05,6.45632548253121e-07,-4.60865035290235e-06,8.92389924191847e-06,-3.71340539774101e-06,1.7295219726146e-05,-8.84798999850169e-07,1.97342578984072e-06,-1.61928034124851e-06,6.08533824085059e-09,1.32840533381049e-05,-0.000138404183278274,-0.000110945778414145,2.50587337925644e-05,-2.21208200051599e-07,-7.76267550476776e-06,-3.01130254349587e-06
"north_west","mu_D",0.000113893174948296,-2.25277804437326e-05,0.000126475803491634,1.28625888728123e-05,-9.26879365625427e-07,-1.04352170935228e-05,2.65076846625359e-05,-4.22800824964603e-06,-9.69492110012312e-07,-1.61155909405401e-06,-6.5852357071809e-06,-8.82465418872153e-07,2.08446616032199e-06,-8.9894154727764e-06,-7.66942401742236e-06,-6.04060648218221e-05,2.52420744327305e-05,1.2387960410215e-05,7.814730279242e-06,3.93245884907676e-05,1.42581561339874e-05,1.75160438882361e-05,3.02295049098806e-05,3.18231920115285e-06,5.18256037262403e-05,3.13931629435874e-06,1.33491049581623e-06,3.80713830636394e-05,9.82389023663569e-06,5.92216514794997e-06,2.15471496470206e-05,1.46565988704083e-05,1.26719625064963e-05,2.62324432091826e-06,-7.43776436428053e-07,2.88982700878712e-06,1.15006574067299e-05,-5.08609008420962e-06,-5.07442127334258e-06,1.30821575447226e-05,0.00669190816412906,0.00362125287886016,0.00146425201242463,-0.000347393174899538,0.00140695246324763,-0.00883895043998867,0.00293606006055874,-0.000246072217559764,-0.000924719998343981,0.000182704318858268,2.83762293404847e-05,-0.000257300512007657,-0.000289834651899955,-0.00112177764671005,-4.75955064109555e-05,0.000141022635754682,-0.000182718909138943,4.90613828943992e-07,-7.82656018753538e-07,2.27419066441028e-07,-1.10906632429635e-07,3.83005207889941e-07,9.45654531588978e-07,9.7476480262896e-07,2.785722110408e-07,-8.11234198658655e-08,-7.15633376606447e-07,0.00133047271189589,3.59105933035105e-05,-0.000422703212561452,1.5176593386008e-05,0.000870984726842166,0.000347612993893092,0.000164150253837591,-0.00141129616717971,-0.000188726033137484,1.28539417495483e-05,1.31622516410992e-06,0.00103148610622523,-0.0301910714897428,-0.0115789702714072,-0.00672141469432772,0.000101750077850269,-0.0009248674683909,-7.17050013919441e-05
"north_west","mu_D_2",6.82438692603964e-05,8.22308533175569e-05,-5.61482236958514e-05,1.87574274811827e-05,-1.07063228616362e-05,-1.58540201547076e-06,1.3883409783794e-05,2.14908428049595e-06,-1.00921797965027e-05,2.27485289604871e-06,-1.73414314474569e-05,-1.26927804601663e-06,6.01877563046296e-07,-5.26529200222582e-06,-7.48858243366111e-06,-5.86953185294626e-05,1.4869141046117e-05,3.25056208523132e-06,-5.19126664712914e-06,2.54405164366207e-05,3.92890715488524e-06,6.5881721685752e-06,1.32228483151687e-05,-4.86785385483256e-06,3.46742819545174e-05,-8.16230049556767e-06,1.47126711683776e-07,1.35674859040397e-05,-4.79652562749781e-06,-1.26955558838795e-05,1.22664581611848e-05,4.23172451383059e-06,-4.87074296256797e-06,-8.45662317488314e-06,-1.3369114391018e-06,5.13661818204306e-06,3.56251592475159e-06,-6.78439213007125e-06,1.41678157816746e-05,-8.48128305365486e-06,0.00362125287886016,0.00648852327313167,0.00155237109271741,-6.69365941089884e-05,0.000951640822244537,-0.0049175104594588,0.00390255451225913,-0.000155690349567102,-0.000809640284686535,-1.50206189234823e-05,9.03615338083231e-06,-0.000162378587182041,0.000521251727361494,-0.000768075211135576,-8.70366603687735e-05,0.000143129347421655,-0.000668448168400026,7.26915340266736e-08,-5.84262742098687e-07,-4.92051564278564e-07,-1.70284442372262e-07,3.08271297169496e-07,9.4592755150331e-07,3.00541702604155e-07,5.70884854810257e-08,2.88818378916676e-07,1.67164271778672e-07,0.00123968343679024,-0.000239124189313443,-0.000413823984723486,0.000637600196095565,3.41029517774531e-05,0.000631592079139695,-0.000809098888391113,-0.00102097332363721,-0.000404678679553579,4.14214816914907e-05,-2.87466840920855e-07,-0.00273255927759718,-0.00951710385758733,-0.00802931216362925,-0.00997643364502551,0.000117848554564698,-0.000370461679947284,2.0359753988835e-05
"north_west","mu_D_3",-7.4055651946585e-05,-5.1763080284958e-06,-0.00218443904563608,1.43238661947467e-05,-1.21118234985537e-05,3.92349224218484e-07,8.34690107529959e-06,-6.5757239779847e-06,2.54959563273112e-05,-3.66711625046169e-07,1.6856910389622e-05,1.29971380940407e-05,9.50958562733051e-06,9.52464239072321e-06,2.91188320848195e-05,-5.1770839500717e-06,-7.11019227916389e-06,-1.97336580014015e-05,-9.50743562371105e-06,-1.49360369285857e-05,-1.37319180252039e-05,-1.56657420950181e-05,-1.65062893328706e-05,-2.31428925693773e-05,4.9585944225654e-06,-4.04566663445142e-05,-3.1046099427879e-06,-2.05786370707794e-05,-1.77014654295797e-05,-4.43116326790435e-05,1.17663352922509e-05,-3.56422147586066e-05,3.54133455504472e-06,-6.50204907524349e-05,8.87025899341277e-07,1.11713750436323e-05,-2.70153829912563e-05,3.89969138875205e-07,3.11395611263668e-05,-1.30014870457963e-05,0.00146425201242463,0.00155237109271741,0.00636470608302558,-0.00115565823569281,0.0056043869636447,-0.000476194995629653,0.00345600627250176,-2.25975140295681e-05,0.00175695584371992,-7.52600718588842e-05,0.000255444474769205,3.55922471580285e-05,-0.00022950257034936,-0.000276231047887685,-3.58850526478008e-05,4.80929606970514e-05,-0.000241375502988442,-3.44703355544241e-07,1.06636467496494e-08,-6.10728080607125e-08,6.26324165345839e-07,2.71927715396201e-06,9.437202242911e-07,5.57538845751658e-07,2.46321035463764e-07,7.09499959572341e-07,5.77138266565473e-07,-0.000155707504058927,-0.004639065664161,-0.000774241988198451,0.000653473737882216,-0.000940625599522753,0.000440697197950519,0.000483140812367181,0.000682361953193155,-0.00113031324397181,0.000192455738790618,1.14340643311245e-06,-0.00416780262974036,0.0672961200057254,-0.0061502751360429,-0.0068509690228808,-0.00028198840491432,0.00129711851589917,-0.000184929842675739
"north_west","mu_D_4",2.06437606466596e-05,-5.22522614035599e-05,0.000519123766491573,-6.38878546094887e-06,4.27635484557303e-06,7.65293172746829e-07,-3.42867793155924e-06,3.51110864136657e-06,-7.48909298504635e-06,2.5338060133108e-06,-4.81863633656683e-06,-2.05446119109363e-06,-1.99728417459673e-06,9.52719491841144e-07,-7.12531697128954e-06,1.84964755154529e-06,5.19593163338975e-07,3.32771470181322e-06,-1.69005591059663e-06,3.50377826044681e-06,5.49116956129215e-07,2.41606441380577e-06,5.10157781218972e-08,4.7317499790872e-06,-4.4031057293273e-06,7.23319130493449e-06,2.09774539659876e-06,1.20451285774805e-06,2.52704790957073e-06,1.18421078984724e-05,-4.48711694882038e-06,9.07660599234853e-06,-9.66733606144898e-07,1.33044609376292e-05,-9.40077654090335e-07,-2.5135753734828e-06,8.18610888937438e-06,-1.69487074749936e-06,-6.09045694992541e-06,2.23756774033587e-06,-0.000347393174899538,-6.69365941089884e-05,-0.00115565823569281,0.00120498040603591,-0.00123481107937612,0.000483645911636304,-0.000837344929921361,-7.56166078615379e-05,-0.000649394534702217,-1.84799402167582e-07,-3.97848451475355e-05,-8.21521715427669e-06,-7.46884326603609e-05,6.98054036555211e-05,4.22522843512286e-06,-3.78388043337474e-06,0.00011931005659713,-2.38970467929088e-08,7.80851876376765e-08,-7.97084925706826e-08,-2.79440773414513e-07,-6.88485471549381e-07,-1.62595187924608e-07,-1.97382399984444e-07,-7.48159030268865e-08,-1.07878280709512e-07,-8.64255199677757e-08,0.000166787435510533,0.000649573973085623,0.000182613319327874,-0.000208746116154269,7.20901078264169e-05,7.08164380877963e-05,3.54399316791079e-05,-6.78346138602296e-05,0.000195736798183385,-5.23644157472125e-05,-1.20821556770854e-07,0.000136427934552805,-0.01156334283454,0.00098395266882707,0.00241292134146482,5.14541801064234e-05,-0.000175968773807824,-4.80201703096188e-06
"north_west","mu_D_5",5.34981351930933e-05,0.000334990727694648,-0.00329580686033577,1.71065906538322e-05,-2.649803168641e-05,2.29691843842484e-06,-4.85244031153637e-06,4.11063740437877e-06,6.32406343307992e-06,1.76683472071491e-05,-1.58845037468546e-05,2.81502259851864e-06,8.41592335886773e-06,-1.62395068965296e-05,2.59616024806382e-05,-3.94529986802786e-05,1.28682369111698e-06,-1.18776149747825e-05,2.88884503660581e-05,-2.47292146393997e-05,-3.76352590092312e-06,3.83747547952795e-06,-1.21605172693696e-06,-1.10727850903654e-05,2.51820529059398e-05,-1.98002274460292e-05,-6.88092198624387e-06,-1.54742595993544e-05,7.49119884120628e-06,-8.34105689002661e-05,-1.31612631583008e-06,-5.38640852666334e-05,-2.03865354125232e-06,-0.000112282672725865,3.91903781853821e-06,1.76623035721132e-05,-4.12321766475711e-05,1.83038107230085e-06,4.44153223318582e-05,-2.78126263732089e-05,0.00140695246324763,0.000951640822244537,0.0056043869636447,-0.00123481107937612,0.0164636681841849,-0.00367122551307142,0.00228913467934828,-0.000105042229826338,0.00555447824127771,-0.000236728987360107,0.000336517740072127,-0.00020256466170964,0.00117790915775534,-0.000657404874215447,9.69806456210647e-05,0.00011488893736534,-0.000937382628709761,3.39988641479847e-07,-1.4865926199039e-06,-1.54666750797887e-08,6.91966385305094e-07,5.01456571282357e-07,6.86974340373622e-07,9.98906667177536e-07,-7.08674791567609e-07,-2.04587702003402e-07,-2.65956071975416e-08,0.00207726070946879,-0.00803722677308365,-0.000103447856299069,-0.00100009057018258,-0.000656323582289848,0.000775190177152422,-0.0029660548007296,-0.00120671996395464,-0.000216447666052738,0.000625987038451147,-1.33553980451083e-06,-0.00659744149136399,0.0297287263698789,0.024462188125291,-0.0145674468193496,-6.81085150612319e-05,0.00035123491343519,0.000845609933937926
"north_west","mu_gamma_H",-0.000372559071668965,0.000317950260003311,0.000308768517819733,-2.69584449894816e-05,-1.07277455866643e-05,3.02145734783996e-05,-5.225016581515e-05,4.75699913682362e-07,1.32554304405481e-05,-2.08724549072498e-05,8.16656405269203e-06,3.30550272277658e-06,-1.88977059008703e-06,1.8477973701349e-05,1.80362837766288e-05,9.8061438907007e-05,-4.75323389320687e-05,-2.7921420152065e-05,-4.61369375252264e-05,-4.94497641732259e-05,-3.51071267937585e-05,-3.91963536174037e-05,-6.95530833443939e-05,2.20145691040216e-06,-0.00011289173644381,1.00084146856785e-06,6.29254407693646e-06,-9.46024097003064e-05,-7.68483366247129e-06,1.74325712115926e-05,-3.55792682629064e-05,7.21427874112382e-06,-2.20523986120459e-05,2.45298817477702e-05,-2.86246365923879e-06,-7.99521713062712e-06,-2.58875829988393e-05,5.55005823931329e-06,3.00775758232442e-05,-3.76769476616568e-05,-0.00883895043998867,-0.0049175104594588,-0.000476194995629653,0.000483645911636304,-0.00367122551307142,0.0460577861776836,-0.00870910909175298,0.000648907802858775,0.00169460202655435,-0.000458923686564286,-4.07066173507338e-05,0.000632003718025993,-0.000394009557940908,0.00249165460547294,-2.9347438163339e-05,-0.000251456304138371,0.000200937555335696,-1.7906378016051e-06,1.06642567942328e-06,2.3815716177309e-09,-2.25231703987374e-07,-3.21120996479441e-06,-2.03280312254511e-06,-3.19843678146005e-06,-6.01054217819966e-07,1.07504394479288e-06,3.57552192779617e-06,-0.00348328965789687,0.00175032441402443,7.44261201923376e-05,0.00272577385699999,-0.00301075284439853,-0.000193697607570607,0.00150586651902455,0.00456150482146258,-0.000830052737724883,-0.000108616675754996,4.14796122471136e-07,0.00369132156048458,0.0755664358414742,0.00199609651666833,0.00913536360584078,-0.00016831035583798,0.00201055468096176,-0.000720060389673593
"north_west","mu_gamma_H_2",7.45917744109583e-06,-8.25495652121128e-05,-0.00172279551395827,2.01176682121259e-05,-1.10248965882317e-05,-2.35846849146463e-06,1.64743342885058e-05,-2.12702556915639e-06,1.08609219318203e-05,2.21261385381193e-06,5.57289751042252e-06,7.09489678248114e-06,6.63756434146065e-06,-3.05193783419205e-06,1.43952771326111e-05,-6.75598467178044e-05,-5.73271111875624e-06,-1.11785672844883e-05,-4.45295790128042e-06,-6.11097349587142e-06,-7.35345312398751e-06,-1.03366997475176e-05,-3.4575462685654e-06,-2.45001505453078e-05,1.90403255197441e-05,-3.62887473910594e-05,9.47619820976837e-07,-3.9286694854391e-06,-2.76522001106811e-05,-4.80237279331028e-05,1.32685767203409e-05,-3.63666862820845e-05,-3.67620646319137e-06,-4.41083225092328e-05,-3.10728921136784e-07,1.22197599469248e-05,-1.77713386990807e-05,-7.51439324242273e-07,2.38185720255152e-05,-9.60227419603645e-06,0.00293606006055874,0.00390255451225913,0.00345600627250176,-0.000837344929921361,0.00228913467934828,-0.00870910909175298,0.0069597628822852,-0.000293337099353747,-1.1813916261982e-05,4.07249433660511e-06,8.10174388017733e-05,-0.000138616166507548,0.000407341406978021,-0.000783644896490327,-6.25820731457671e-05,0.000112956346136346,-0.000254652516381799,2.93471584234111e-07,-3.97041495632187e-07,-1.97306109677551e-07,2.74296681188567e-07,2.12533238614597e-06,1.09567617356479e-06,6.23310923227466e-07,2.85647822985605e-07,5.30523993480529e-07,-4.44872665711308e-07,0.000672103532265556,-0.00137321685974458,-0.000840641868669573,0.000489910090047898,-0.000267916791841809,0.000683962903825185,-0.000625069385442448,-0.000352339451191606,-0.00083685341047385,0.000124643638849549,6.70862386851242e-07,-0.001689463840653,0.0304539899598148,-0.00750878645344588,-0.010475078133437,-9.29674375482059e-05,0.000731436417599306,5.67056791207903e-05
"north_west","mu_gamma_H_3",-5.86569293541116e-06,-4.82477249511126e-05,-4.85710866628593e-05,1.46315986309643e-06,1.01853271770904e-07,2.38355965258877e-08,-1.46885260628697e-07,-3.28592410155117e-07,2.19046049325895e-06,-1.83825071922284e-06,3.78082323253023e-06,4.90920898908192e-07,3.45402955698742e-07,1.40448463712457e-06,2.09892929418727e-06,8.55253763818053e-06,-5.02987457538851e-07,-9.13305463359728e-07,-9.46104794820928e-07,-1.507149879311e-06,-5.63019092328907e-07,-1.4244760962129e-06,-1.48831122473032e-06,-5.31253019665264e-08,-3.28849581616618e-06,-3.0366740277282e-07,1.22195870472518e-08,-1.58610446296989e-06,1.09207178729295e-07,3.43379351889691e-06,-4.74939365062765e-07,1.42902299231561e-06,1.71548374097387e-06,-1.33846286034597e-06,-2.8809925861402e-07,1.81981953695719e-07,-1.16353293918425e-07,1.74799392016178e-07,-1.34120654108592e-08,6.89424138344076e-07,-0.000246072217559764,-0.000155690349567102,-2.25975140295681e-05,-7.56166078615379e-05,-0.000105042229826338,0.000648907802858775,-0.000293337099353747,0.000357777443534231,7.16475840491872e-05,-3.30213555995734e-07,-9.76603929621111e-06,8.60514147474506e-06,-4.05051990281418e-05,5.45314866318013e-05,-7.19735389238605e-06,-8.7403853659559e-06,2.22922253810378e-05,-1.32493701061638e-08,7.10696762641852e-08,4.46141596229205e-08,5.31707208419245e-10,5.22852909320875e-08,-7.22019040489471e-08,-1.13160353617878e-08,2.11233751861842e-08,3.62026100357052e-08,1.06637100656324e-07,-0.000151651430742013,0.00024357607278102,1.97220871995537e-05,-2.8791344456203e-05,-9.22569251942587e-05,-8.56196697250447e-05,0.000173803028460109,0.000175946797592711,1.85453558821863e-05,-1.85156925225177e-05,-9.79105037727293e-08,0.000463477639801103,0.00546069075643954,-0.000556337524629902,0.000387857370611148,-1.52268760472756e-05,7.28485722275713e-05,-5.86522680365115e-05
"north_west","mu_gamma_H_4",-2.34855334345344e-05,0.000239241259869544,-0.00138480086989231,4.06412501576592e-06,-1.70233327438783e-05,3.08115506125619e-06,-1.28662761212663e-05,3.64866988357991e-06,5.91679331982348e-06,1.13341374953833e-05,-2.83714346826902e-06,3.14557315660932e-06,3.15529829572686e-06,-5.93622218245237e-06,2.94828530663283e-05,-7.73733329553104e-06,5.10763913682528e-06,-2.6306945411528e-06,1.97528208343284e-05,-1.04601799091889e-05,2.3659839783637e-06,4.9923467012663e-06,3.09979015918885e-06,3.21224656317286e-06,6.27531451037069e-06,4.61799752624777e-06,-2.80994259080868e-06,-4.69061917706434e-06,1.31379186682055e-05,-3.38137266438277e-05,-2.01684964811959e-06,-2.3934839488618e-05,5.29385586467256e-06,-4.60345601146527e-05,2.43685723983582e-06,4.2997274603205e-06,-1.82299580327963e-05,1.2568426396517e-06,1.45664478093393e-05,-9.54250080569354e-06,-0.000924719998343981,-0.000809640284686535,0.00175695584371992,-0.000649394534702217,0.00555447824127771,0.00169460202655435,-1.1813916261982e-05,7.16475840491872e-05,0.00372211186486645,-8.3937925985143e-05,0.000147341060542854,5.44759373020923e-05,0.000310510276841757,-0.00010302295982293,6.41283509327703e-05,5.49558026618608e-06,-0.000144052144187497,5.34152703616507e-08,-6.98403765546596e-07,-2.14755624897999e-07,8.6530670534414e-08,-2.04674984223319e-07,-4.10812970870259e-08,-1.45507287953381e-07,-5.54140422748444e-07,-1.63044683142516e-07,1.37383960170306e-07,0.000479626181712774,-0.00386731142073114,0.00020844105443795,0.0001411098232852,-0.000465891776094491,-3.31896803153786e-05,-0.00087668330355121,-0.0001993214812768,0.000134135640226996,0.000242511616861018,-7.84092323015303e-07,-0.00193001368010996,0.030074361453475,0.0144309867281257,-0.00644372642827785,-0.000119664497626266,-1.83252292176354e-07,0.000473109445410668
"north_west","p_G_D",3.06597711500026e-06,-4.98710636509004e-05,1.26723248273206e-05,6.67042107462733e-08,2.81232057063625e-07,-1.06816237797835e-06,1.8581743681973e-06,-1.77269150917603e-07,7.01582659627704e-07,9.14085799186072e-07,1.81673181851086e-06,6.98763721392717e-07,4.20132602758666e-07,7.22917868644564e-07,1.88548951607841e-06,1.15202681442505e-06,1.81261693836585e-06,8.31656326232634e-07,9.73819678083363e-07,2.04061668085663e-06,9.71579746096329e-07,1.15416957275523e-06,1.67840541721937e-06,5.31428832766248e-07,2.04172341924425e-06,1.14635321010666e-06,-9.89666567828681e-08,3.02873381329384e-06,2.45977012404247e-07,2.88399411614153e-06,1.62993197588312e-06,1.66284243629009e-06,1.98173509890265e-06,2.34283829080316e-06,2.88061519798198e-08,-2.53085643393846e-07,9.589558669844e-07,2.64277287413634e-07,-2.28316054209808e-06,3.04143166642434e-06,0.000182704318858268,-1.50206189234823e-05,-7.52600718588842e-05,-1.84799402167582e-07,-0.000236728987360107,-0.000458923686564286,4.07249433660511e-06,-3.30213555995734e-07,-8.3937925985143e-05,7.57785735037977e-05,-3.65860528258486e-06,-9.36971522820169e-06,-8.78506156578929e-05,-2.50622397309514e-05,-4.99119209700224e-06,2.35130223235434e-06,3.03530564394846e-05,-5.22633717443118e-09,6.9366117310122e-10,5.81294383665886e-09,-8.57919729117202e-09,3.70031434003521e-08,3.88388113853464e-09,2.78874848596103e-08,3.36640140391019e-08,-4.07830103473775e-09,1.12478470346605e-08,-4.36029622671129e-05,0.0001830148239303,-3.36598552290858e-05,-3.65280466031307e-05,9.81227189603213e-05,-4.38183589535865e-05,0.000140267298240041,-4.16222395485188e-05,9.77070997190077e-06,-1.42148158558525e-05,1.2602104769121e-07,-1.93837869828182e-05,0.00142180967940596,-0.00153288483106016,-0.000112326588246327,-1.82230505775485e-05,-3.46097802441543e-05,-3.09787767650583e-05
"north_west","p_G_D_2",-2.64403865841487e-06,1.79588867570294e-05,-0.000105447256307585,6.38927552994991e-07,-6.13353711559889e-07,8.6075992806875e-08,1.29468115872413e-07,-3.18583760126224e-07,1.18632244144442e-06,8.36383588625394e-07,2.69313023295251e-07,5.18081369841001e-07,4.65138954652238e-07,1.5830507454514e-07,1.94406378979246e-06,-1.7224467596734e-06,2.56766497222919e-09,-6.71401213106843e-07,4.89627444508744e-07,-7.70478356299255e-07,-2.93667007476362e-07,-2.23313647841996e-07,-2.74986992742189e-07,-8.84193917231908e-07,1.10969509705973e-06,-1.56131368637603e-06,-2.16728454863378e-07,-5.37133402910528e-07,-7.43949820410593e-08,-2.38675852425066e-06,3.17410290704027e-07,-1.97491700957434e-06,1.22044480795428e-07,-3.29570590674102e-06,2.02676828042455e-07,3.67509044599407e-07,-1.51511854388348e-06,2.64655568171124e-07,1.15356833502504e-06,-6.29046089208837e-07,2.83762293404847e-05,9.03615338083231e-06,0.000255444474769205,-3.97848451475355e-05,0.000336517740072127,-4.07066173507338e-05,8.10174388017733e-05,-9.76603929621111e-06,0.000147341060542854,-3.65860528258486e-06,2.44689580974053e-05,1.31546460220471e-06,-6.75805351757033e-06,-9.64484617347764e-06,1.9296260210983e-06,3.01857136604054e-06,2.90270463733623e-06,-9.16058937604156e-09,-2.05904596070075e-08,-1.03248690530401e-08,3.36102459142636e-08,7.41444557471336e-08,3.68410358299368e-08,2.77935018872376e-08,2.99825797183004e-09,1.58904396788239e-08,-6.27065122253896e-09,-2.41186750697064e-06,-0.000427515812429038,-4.34609379432881e-05,5.97537611461295e-05,-2.56569122405759e-05,1.33150973987149e-05,-4.07195048438705e-06,-2.07203909885538e-05,-3.17535690267288e-05,1.28923047156942e-05,3.21676273525271e-08,-4.67046073735223e-05,0.00300662347632254,0.0003129146144155,-0.000356692159472634,-1.42189579997733e-05,3.83766383125513e-05,1.05613848515268e-05
"north_west","p_H",-9.60618095912714e-06,-4.32697248624308e-06,4.60286165278335e-05,-8.9471302721633e-07,-9.98194534968345e-07,2.76268966085177e-07,-2.02192076114635e-06,-6.45751733768897e-08,2.26400303414159e-07,-5.5031147163858e-07,8.78591690362849e-07,8.17561976207464e-08,-5.25844917693351e-07,1.20803673488578e-06,6.85954593547915e-07,7.10860386650128e-06,-6.87312226062663e-07,-8.47989041654312e-07,-9.14907674566556e-07,-1.49508465916867e-06,-9.34753755084235e-07,-1.1851441490454e-06,-1.64007240331832e-06,-7.92181048225259e-07,-2.87427999727278e-06,-3.4125591809359e-07,-3.29237989271343e-07,-1.72738728132127e-06,-1.08916522540316e-06,1.62563363953482e-06,-6.73371432762028e-07,4.39123518454679e-07,1.56639278835328e-07,1.51818177734911e-06,1.89454306541368e-09,-7.15702275551128e-07,-7.52428841020112e-08,-8.22068077031364e-07,5.91501643837858e-07,-8.07812856598436e-07,-0.000257300512007657,-0.000162378587182041,3.55922471580285e-05,-8.21521715427669e-06,-0.00020256466170964,0.000632003718025993,-0.000138616166507548,8.60514147474506e-06,5.44759373020923e-05,-9.36971522820169e-06,1.31546460220471e-06,7.56488413902475e-05,-1.1245811548925e-05,3.87817871245376e-05,-1.71361925098687e-06,-1.36349002860614e-05,1.99810527709674e-05,-1.26331890310301e-07,6.55011624810419e-09,-8.60762955738907e-08,-2.59444540074795e-08,-2.40661031414758e-07,-4.76732870360015e-08,-1.23389600113207e-07,-1.68567277100699e-08,-1.15738979971776e-08,3.26640648397968e-08,-0.000146817008531672,-4.62542641311664e-05,1.46823420671093e-05,2.54056738416745e-05,-0.000173998340550023,-8.39557698566204e-06,0.000126717071177166,0.000174765081836488,-2.55320664213086e-05,-6.80653885097746e-06,-1.37663914825689e-09,0.000126183016980756,0.00319016375389539,-0.000654419800755027,0.000473799944114312,-1.38754143293354e-05,4.22499623971897e-05,-2.51975217698001e-05
"north_west","p_H_2",1.8794887958016e-05,0.000220904050386581,-0.000121052386449024,4.80469594225585e-07,1.24409504990569e-06,3.31783209847259e-06,-2.9373854505108e-06,1.03977289131562e-06,-7.16044629633661e-06,3.48051236215126e-06,-1.41371291643246e-05,-3.14903273029911e-06,-2.14933931232886e-06,-6.37878827488507e-06,-6.828070464077e-06,-1.5941033618481e-05,-5.33460008694686e-06,-1.99374690966198e-07,1.77329373971827e-06,-4.75556047329287e-06,-2.42225076299598e-06,1.44504440035461e-06,-2.90481463147526e-06,-2.62723497633571e-07,2.60937762685241e-08,-5.31714526462461e-07,-1.73034819886768e-07,-7.76256675079434e-06,-1.5177265217761e-06,-1.67687094751864e-05,-5.77189181673241e-06,-5.65629196300864e-06,-1.3300226504351e-05,-7.65172777039418e-06,-8.48414952390105e-07,2.99727060017882e-06,-4.93047980987961e-06,3.77407932667103e-07,8.57917162073545e-06,-1.10721984064578e-05,-0.000289834651899955,0.000521251727361494,-0.00022950257034936,-7.46884326603609e-05,0.00117790915775534,-0.000394009557940908,0.000407341406978021,-4.05051990281418e-05,0.000310510276841757,-8.78506156578929e-05,-6.75805351757033e-06,-1.1245811548925e-05,0.00121711040397578,5.1769580334069e-05,-4.69142816400099e-06,1.89959733927682e-05,-0.000296571439659161,4.43996279398539e-08,-3.77145049391216e-07,-1.41523121971951e-07,1.47388945898845e-07,-1.83419623801444e-07,-1.65274685784593e-07,-2.64534782528325e-08,-2.92339494561782e-07,-1.58468961917446e-07,7.41087468882902e-08,0.000546636125568985,-0.000466330704403662,0.000164066897149969,3.60070722285199e-05,-0.000141633838061991,5.6127117921474e-05,-0.00173205486416528,-0.000371063913020355,0.000137694056983843,5.90057391948085e-05,-8.62120972456288e-07,-0.000514063874655913,-0.0123425795516952,0.00762814919373412,-0.000361646118379589,9.10558278049228e-05,-5.2352989399878e-05,0.000272519326498933
"north_west","p_H_D",-3.41366910321693e-05,3.03455160813693e-05,0.000301038703204998,-1.35342807730103e-06,5.48251331908921e-07,2.03383742302685e-06,-4.80004742188795e-06,-2.18429335040976e-07,-1.06913067834066e-06,-4.71307260707208e-07,-3.97224144085703e-06,-1.03359437784007e-06,-1.0944314065811e-06,1.55255324212035e-06,-1.30789764221309e-06,3.50520717613362e-06,-6.93588453758478e-06,-2.6200979100686e-06,-1.00654644634071e-05,-2.6370843987719e-06,-6.15123705633243e-06,-3.82868780843901e-06,-1.06472501823427e-05,1.64538157469505e-06,-1.52554884538629e-05,-2.3992965762018e-06,6.18333223629716e-07,-1.03397688610012e-05,-3.92731580809622e-06,5.10775863821321e-07,-3.41045007217924e-06,2.71615950999534e-06,-6.33449568611804e-06,6.14506327926599e-06,-3.74060068006048e-07,-1.0043762585823e-06,-2.06209600112226e-06,5.56275184873842e-07,3.5296183056298e-06,-4.66878362456639e-06,-0.00112177764671005,-0.000768075211135576,-0.000276231047887685,6.98054036555211e-05,-0.000657404874215447,0.00249165460547294,-0.000783644896490327,5.45314866318013e-05,-0.00010302295982293,-2.50622397309514e-05,-9.64484617347764e-06,3.87817871245376e-05,5.1769580334069e-05,0.000785579788786582,1.18647830963404e-05,-2.50061006361867e-05,-9.6950682086292e-05,-1.66461148149878e-07,2.31644140372869e-07,1.38710274654044e-07,3.45494628697943e-08,-2.84561947114161e-07,-1.73305210521757e-07,-2.6942482541343e-07,-4.78121584545446e-08,1.63348877506066e-07,2.91274464260983e-07,-0.00034267391736144,5.93306895622746e-05,8.98109549717008e-05,0.000250511284479697,-0.0001819267933307,-7.21250855565432e-05,7.73852813519553e-07,0.000217971422209188,7.49918930135864e-05,-2.06555729513467e-05,-2.3158511295333e-07,-0.000474377292331369,0.00558170019261704,-0.000561662145899125,0.00139360401401222,1.73570110271881e-05,0.000226977979095118,-8.48887864361552e-05
"north_west","p_ICU",1.18483464860578e-06,1.25706956581991e-05,-1.53472996589428e-05,-3.23789325913954e-07,-4.36443839316588e-07,-1.34727900890522e-08,-4.29995870527202e-07,7.3446068794131e-08,-1.53740188205117e-07,4.08112005610088e-07,-3.4259436981237e-07,-1.28672743307937e-07,-7.52110475270669e-08,-2.16366447795403e-07,1.85891127073253e-07,-1.7837371397478e-06,4.15867525874203e-08,8.62883522087208e-08,5.80795394291241e-07,-4.56125954318628e-08,7.81184400647278e-08,2.58163861216953e-07,8.85542509989411e-08,5.86839174343538e-07,-3.21374394724103e-07,5.83231354417418e-07,6.33786846455868e-08,6.64383965797007e-08,5.59387920791708e-07,-4.13672841719958e-07,-4.32977718372958e-07,-2.55301143426988e-07,6.83653437632561e-08,-7.61216262634225e-07,8.07832025482057e-08,-5.19339164137846e-08,-2.22742508344045e-07,-2.82184756223821e-08,-1.90529917361114e-07,-1.16340846102936e-07,-4.75955064109555e-05,-8.70366603687735e-05,-3.58850526478008e-05,4.22522843512286e-06,9.69806456210647e-05,-2.9347438163339e-05,-6.25820731457671e-05,-7.19735389238605e-06,6.41283509327703e-05,-4.99119209700224e-06,1.9296260210983e-06,-1.71361925098687e-06,-4.69142816400099e-06,1.18647830963404e-05,1.30563419865404e-05,-8.79682446129309e-07,1.44690743575613e-05,2.78828101647221e-08,5.96581680835949e-09,-2.59726128429382e-10,6.11668824784353e-09,1.20571444547118e-08,-5.28930487205779e-09,7.70849229170963e-09,-9.06814829452984e-09,-1.19113112003048e-08,-1.33297294638742e-08,2.86942929093701e-05,-8.53882802090776e-05,1.96994608779005e-05,-1.35514788478721e-05,1.15771543645271e-05,-6.22522296562147e-06,-1.54078240551022e-05,-1.91079860221014e-05,2.18741918685423e-05,4.71185823455805e-06,-1.93368667061543e-08,1.84144309328561e-05,-0.000335082006929543,0.000581391240495019,-7.10292459331924e-05,1.45042507181052e-07,-1.22541000976895e-05,1.74483443583258e-05
"north_west","p_ICU_2",4.02586645742949e-06,9.60843415368781e-06,-2.210890177348e-05,6.07643019311263e-07,-1.16833115730647e-07,-4.76532421196975e-08,5.19980167869983e-07,3.16414387193985e-08,-2.6211960517583e-07,4.87042315124956e-07,-7.97640505941097e-07,-4.85681227638805e-08,1.05558020307155e-07,-5.19137035787924e-07,3.15997085190926e-08,-2.75129110626948e-06,4.45379662793955e-07,1.89850838470909e-07,3.20157353959694e-07,6.9839422866135e-07,2.29036144264346e-07,3.91516847451377e-07,6.37524572597713e-07,-1.27920049342918e-07,1.43978555786656e-06,-2.85878549714726e-07,3.87016343558497e-09,5.35189081688387e-07,2.02031877724432e-07,-1.03380121962034e-06,2.78081737929282e-07,-2.96994724446827e-07,-2.55764956965317e-07,-1.16788474865882e-06,-6.15609663500594e-09,2.42084200895888e-07,-5.92239887181721e-08,-4.04330573215902e-08,3.61663640935114e-07,-2.10328339549625e-07,0.000141022635754682,0.000143129347421655,4.80929606970514e-05,-3.78388043337474e-06,0.00011488893736534,-0.000251456304138371,0.000112956346136346,-8.7403853659559e-06,5.49558026618608e-06,2.35130223235434e-06,3.01857136604054e-06,-1.36349002860614e-05,1.89959733927682e-05,-2.50061006361867e-05,-8.79682446129309e-07,7.53488205859095e-06,-9.6315748999723e-06,1.00652568465613e-08,-4.22604921750949e-08,-1.45868267554502e-08,-3.28826597486769e-09,2.71733467103004e-08,2.34092166469396e-08,2.02388670889634e-08,-2.64364411265227e-09,-5.8975580623576e-09,-2.66290768015414e-08,7.70769557791441e-05,-7.21602250152206e-05,-7.83652747955241e-06,1.46857033397461e-05,2.67903012869019e-05,1.71519777232868e-05,-5.21899482688146e-05,-7.82668477941119e-05,-1.9782789772608e-07,3.98922228697712e-06,-4.5983395822182e-09,-3.51648167845102e-05,-0.000560616100937757,0.000193934421948934,-0.000322199153541222,3.79722177739518e-06,-1.83055063620113e-05,1.41835633021837e-05
"north_west","p_ICU_D",-1.10855880026413e-05,-7.2057232043643e-05,-3.40665320888907e-05,-1.0720894762994e-06,2.97737118851607e-06,-4.82261326435047e-07,-1.43872815492342e-07,-2.63418200583088e-07,3.26623326069701e-06,4.33305328693635e-08,7.22814033659201e-06,1.77709711671046e-06,9.13207264122743e-07,3.63767329724205e-06,4.60069552025716e-06,4.51574944994941e-07,1.70347369679146e-06,-6.86465741853597e-07,4.78716354055201e-06,-2.87207168185371e-06,1.06701202886744e-06,-1.4594892096577e-07,1.41513053756892e-06,5.24431536771099e-07,-8.52585908542402e-07,3.81872291650511e-07,1.7296687064484e-06,3.6100183240798e-06,8.90271744863261e-07,6.85956659047043e-06,6.14439609674204e-07,1.34130369681066e-06,4.56882236241324e-06,5.57969189685362e-06,9.69944851969676e-09,-1.30439314043297e-06,2.27343438844132e-06,-2.08918165070734e-08,-5.83215710142374e-06,5.48135444055347e-06,-0.000182718909138943,-0.000668448168400026,-0.000241375502988442,0.00011931005659713,-0.000937382628709761,0.000200937555335696,-0.000254652516381799,2.22922253810378e-05,-0.000144052144187497,3.03530564394846e-05,2.90270463733623e-06,1.99810527709674e-05,-0.000296571439659161,-9.6950682086292e-05,1.44690743575613e-05,-9.6315748999723e-06,0.00079042423786351,2.08549911405755e-08,1.86433528796513e-07,1.18928488365017e-08,-3.50397224476251e-09,2.86665728171051e-07,-5.39799786533616e-08,3.41584106235087e-08,1.31848541562055e-07,4.94339435826165e-09,3.0227857129896e-07,-0.000280446581400997,3.70939309792512e-05,2.26301531375616e-05,-3.77304717377771e-05,4.50838281102984e-05,-7.87201506254744e-05,0.000530568675326644,0.000249011451636291,-3.94664715888938e-05,-4.88348900283461e-05,3.39183544873512e-07,0.000884848906066109,0.00644381653344767,-0.00152178003814915,0.00183968979994713,-5.29917191708552e-05,3.33015918346697e-05,-6.92394297282158e-05
"north_west","p_NC_15_24",2.6498957116167e-08,9.71684951113995e-08,-1.82691941203603e-08,3.67022482030311e-10,1.65355364449799e-09,-1.16877089252938e-11,2.1004381936321e-09,1.37538075951055e-09,-1.69689096476265e-09,4.2410942036511e-09,-1.16466503067137e-09,-1.80645364791266e-10,1.47722217236921e-09,-4.94751766870895e-09,-1.25255463349053e-09,-1.46748469363432e-08,3.56436915221189e-09,3.07378029973993e-09,9.77116303577526e-09,2.67521479523467e-09,4.61830511769013e-09,7.36652031370528e-09,8.17315678880324e-09,5.63967273427566e-09,9.76649567211885e-09,7.09220242327704e-09,4.94987915315138e-10,1.17431621194688e-08,6.31486544460193e-09,1.47844331400338e-09,6.39271533331942e-10,9.28507536932854e-10,5.93354649417223e-09,-9.48293446178938e-10,-5.60220419013175e-11,4.01208120885974e-09,-3.81650252368218e-09,4.02991381067536e-09,-6.02559998673866e-09,3.74570005124976e-09,4.90613828943992e-07,7.26915340266736e-08,-3.44703355544241e-07,-2.38970467929088e-08,3.39988641479847e-07,-1.7906378016051e-06,2.93471584234111e-07,-1.32493701061638e-08,5.34152703616507e-08,-5.22633717443118e-09,-9.16058937604156e-09,-1.26331890310301e-07,4.43996279398539e-08,-1.66461148149878e-07,2.78828101647221e-08,1.00652568465613e-08,2.08549911405755e-08,1.5270913564996e-09,2.95944507846939e-10,4.40221569934779e-10,3.32080273992062e-10,5.56003844064789e-10,1.99214927708109e-10,5.66399892299918e-10,8.62024577804163e-11,-1.98841874172966e-11,7.50991456356522e-11,5.26947455057567e-07,-1.61255545155941e-07,1.48279583469814e-07,-1.82110837166513e-07,2.76891620391863e-07,-6.92947118238412e-08,-3.00563306969685e-07,-2.97958429453422e-07,1.70272199830773e-07,3.28610959702982e-08,-1.37953971588361e-10,1.30103932155594e-07,-1.30625583152889e-05,2.63784109498352e-06,-7.14158371289871e-07,2.2426631307416e-08,-2.0923675068417e-07,7.98103258829455e-08
"north_west","p_NC_25_49",-2.87680104360444e-08,-1.51807912698661e-07,8.78326451212476e-08,4.17597060035574e-10,3.98320937942215e-09,2.27301597791238e-10,1.57298169458454e-09,-1.55858672284479e-09,7.57785266045696e-09,-5.09040967209001e-09,1.5253093498477e-08,4.39442358951835e-09,2.1067341296392e-09,9.79838006907029e-09,2.24417415384001e-10,1.31868629096953e-08,-5.29895000934753e-09,-3.95978187339132e-09,-1.03184672128897e-08,-4.70826924244469e-10,-5.14004670781894e-09,-5.34244014715599e-09,-7.61702134480605e-09,2.1346856337329e-09,-1.14603247209704e-08,-5.55091653933006e-09,-5.37777122269884e-10,7.93239071670142e-10,-9.6226271931871e-09,7.67521024844447e-09,2.2204334198591e-09,-8.31420552392715e-10,7.01527187792473e-09,3.42722850310422e-09,9.12201780891894e-10,-2.32767875771753e-09,2.71476639203932e-09,2.12683516435619e-10,-1.18805346875791e-09,1.28832585633052e-09,-7.82656018753538e-07,-5.84262742098687e-07,1.06636467496494e-08,7.80851876376765e-08,-1.4865926199039e-06,1.06642567942328e-06,-3.97041495632187e-07,7.10696762641852e-08,-6.98403765546596e-07,6.9366117310122e-10,-2.05904596070075e-08,6.55011624810419e-09,-3.77145049391216e-07,2.31644140372869e-07,5.96581680835949e-09,-4.22604921750949e-08,1.86433528796513e-07,2.95944507846939e-10,2.4997858878473e-09,6.82057594863569e-10,5.44025798059319e-10,1.48644679425692e-09,4.07079136047552e-10,3.83072603248854e-10,5.59085106361002e-10,4.0764700285001e-10,5.25051321801467e-10,-5.65711706774682e-07,1.08964679660994e-06,-2.7547913611302e-07,1.90901625046064e-07,-2.76974624328091e-07,-9.31522964096152e-09,8.81879447421009e-07,7.92395094733744e-07,-2.95056223760857e-07,-5.16068853527786e-08,2.80039875654035e-11,-8.9004281845992e-07,1.20879270721127e-05,-7.84169698013716e-06,2.51715344364688e-06,-8.70310405548867e-08,4.72445019109984e-07,-2.97201192178484e-07
"north_west","p_NC_50_64",-2.47002444597388e-08,1.00723721701151e-08,2.7719741468545e-07,3.65308777551663e-10,9.91512279636064e-10,-1.45628982199945e-09,4.54917325679652e-09,-3.01890037744069e-09,4.54113532131587e-09,-3.40081965648618e-09,9.60323257283751e-10,2.12431459257338e-10,1.48992009498387e-09,1.35250616971368e-09,-3.64539750982418e-09,-7.77203292508407e-09,-6.2506632630159e-10,2.23002346999391e-09,-3.3387105069928e-09,2.73424103279773e-09,3.3964323407831e-09,2.18502793362812e-09,2.33440956528314e-09,7.37136590855916e-09,6.57534306608191e-12,9.94150392196293e-09,1.05804360399877e-09,2.56870619817613e-09,9.05063306016061e-09,6.93106151898717e-09,4.0165688031758e-09,2.94500986954082e-10,9.58424303233644e-09,2.05312498730475e-10,-2.43978547756774e-10,1.92191302770102e-09,-4.02339305563139e-09,6.11757650585501e-09,-6.11922022138116e-09,5.96044013544544e-09,2.27419066441028e-07,-4.92051564278564e-07,-6.10728080607125e-08,-7.97084925706826e-08,-1.54666750797887e-08,2.3815716177309e-09,-1.97306109677551e-07,4.46141596229205e-08,-2.14755624897999e-07,5.81294383665886e-09,-1.03248690530401e-08,-8.60762955738907e-08,-1.41523121971951e-07,1.38710274654044e-07,-2.59726128429382e-10,-1.45868267554502e-08,1.18928488365017e-08,4.40221569934779e-10,6.82057594863569e-10,2.96763206921825e-09,5.49126004878015e-10,9.68582956323564e-10,3.92285299733873e-10,6.34553500807691e-10,4.24738491754362e-10,4.28756526330127e-10,5.4570197044362e-10,-1.3578196639974e-07,4.5807385091673e-07,-9.56684175440105e-08,1.28850495599076e-07,1.41337187334499e-08,-1.17978448142211e-07,2.24720285757596e-07,1.61442924951823e-07,-2.83853302059702e-08,1.57719162805564e-09,-1.2260123588017e-10,3.09796279914298e-07,-7.24490424120851e-06,-2.47176344146206e-07,-6.25999878439935e-07,2.62214327564589e-08,1.18507310656547e-08,-1.37010108637361e-07
"north_west","p_NC_65_79",-1.49680120417379e-08,-1.84611883090564e-09,-3.39746538244381e-07,8.39352823077478e-10,-5.96128057633101e-09,1.72014623319525e-09,1.34343749586869e-09,-2.18822229234781e-09,6.27617106190378e-09,9.07817908329072e-10,3.23398806168641e-09,2.51553219082879e-09,2.66983253817886e-09,1.3285780683271e-10,5.16848563405701e-09,7.06971593433301e-09,-6.51283776952897e-09,-3.84839928394952e-09,-2.05885636277186e-09,-5.97908446452509e-09,-3.37854701229101e-09,-3.31921642434337e-09,-4.33226176745771e-09,-3.89855222752704e-09,-6.33662910606965e-10,-5.22302457896105e-09,-7.83210224150034e-10,-6.15744913869817e-09,-7.33222194603899e-10,-4.94440612020107e-09,2.44010833266878e-09,-5.68645390273978e-09,2.749575325184e-09,-1.07148376373086e-08,7.65761606469903e-10,1.74302017480169e-09,-6.68846758410611e-09,3.14357368178535e-09,3.61444832350252e-09,-3.38275775920779e-09,-1.10906632429635e-07,-1.70284442372262e-07,6.26324165345839e-07,-2.79440773414513e-07,6.91966385305094e-07,-2.25231703987374e-07,2.74296681188567e-07,5.31707208419245e-10,8.6530670534414e-08,-8.57919729117202e-09,3.36102459142636e-08,-2.59444540074795e-08,1.47388945898845e-07,3.45494628697943e-08,6.11668824784353e-09,-3.28826597486769e-09,-3.50397224476251e-09,3.32080273992062e-10,5.44025798059319e-10,5.49126004878015e-10,1.32267480313292e-09,8.36955971542237e-10,2.7935953304127e-10,4.9585893305608e-10,3.20435928588496e-10,2.15567905547083e-10,4.90598555428372e-10,-2.07133594123719e-08,-5.11354056869374e-07,-1.84426997068823e-07,1.73903581560817e-07,-1.40801951512455e-07,-4.18919254531062e-08,-1.60161347462113e-07,1.08584795545752e-07,-1.36751478294574e-07,2.76189180273303e-08,-3.52806804012314e-10,1.37899379200419e-07,9.67022978414272e-06,-5.40504808192159e-07,-2.3379319845676e-06,-4.73283681376044e-08,3.540389185904e-07,-1.10369677143274e-07
"north_west","p_NC_80_plus",-3.46813098233118e-08,-3.84473495981822e-08,-1.42404822387078e-06,1.19970043314745e-08,4.23938310543212e-09,1.39892856453532e-09,8.32707269190222e-09,-6.5702474733036e-09,2.17976838409281e-08,1.7044777397452e-10,1.94787547830519e-08,1.2374432061522e-08,7.33044900191189e-09,1.41482407984473e-08,7.13848199188552e-09,-1.27355626537195e-08,-8.50242952559104e-09,-1.20277181064232e-08,-8.74997241559539e-09,-1.11379436388827e-08,-5.73188781236414e-09,-1.21764695352592e-08,-7.8411089079061e-09,-1.1971099135269e-08,1.72170612904392e-09,-2.42483031745007e-08,-1.18107561326763e-09,-9.08488855023233e-09,-4.85840475875925e-09,-1.96510570646199e-08,5.35107462864106e-09,-2.71525209762298e-08,1.35224040446864e-08,-6.83571601053993e-08,2.04645639343459e-09,4.87470046098027e-09,-1.37297622806778e-08,1.11468862950666e-08,2.19757739174937e-09,1.00785153261314e-09,3.83005207889941e-07,3.08271297169496e-07,2.71927715396201e-06,-6.88485471549381e-07,5.01456571282357e-07,-3.21120996479441e-06,2.12533238614597e-06,5.22852909320875e-08,-2.04674984223319e-07,3.70031434003521e-08,7.41444557471336e-08,-2.40661031414758e-07,-1.83419623801444e-07,-2.84561947114161e-07,1.20571444547118e-08,2.71733467103004e-08,2.86665728171051e-07,5.56003844064789e-10,1.48644679425692e-09,9.68582956323564e-10,8.36955971542237e-10,1.26495485111535e-08,1.07161733916985e-09,1.21453910367442e-09,9.09920197773016e-10,8.34435024821448e-10,1.12392727115924e-09,4.54524562944083e-08,-8.10485451291693e-07,-7.84940925978178e-07,2.87280107921532e-07,3.04722532487305e-07,-2.9314715193142e-07,4.86045311783153e-07,3.454342109958e-07,-5.98696764189729e-07,-7.24512968713655e-08,-9.01483281220587e-10,-4.64556225210768e-06,2.99311868707379e-05,2.46528055493221e-06,-1.58069417171821e-06,-2.14998496400899e-07,1.05571780326321e-06,-1.59179089617675e-07
"north_west","p_NC_weekend_15_24",1.99634733774754e-09,-9.89469523945717e-09,-2.0779912109948e-07,5.13838758302782e-09,-1.92283042038216e-09,-2.23747535510659e-09,4.34496235501595e-09,1.86793848685596e-09,2.22558214851618e-09,4.84840463719342e-09,-4.1588503590822e-10,3.8235792990395e-09,1.82372882944388e-09,4.51168441765285e-09,5.6855036122003e-09,-1.60625808384902e-08,3.44842142854152e-12,-2.54340847657051e-09,-9.97714283770513e-10,4.93545892905161e-10,-6.96188067269743e-10,-1.96846060322471e-09,1.0102043120933e-09,-3.12003935713876e-09,7.80816260914431e-09,-7.97419513828091e-09,3.12000423139316e-10,1.99433195576651e-09,-4.30306200034983e-10,-6.79855423216271e-09,6.61076402819992e-09,-6.6374042389062e-09,3.69073670302411e-09,-1.10997364821908e-08,2.82865086343897e-10,2.23268109458102e-09,-3.06654900312199e-09,2.19050534434442e-10,2.31110131181394e-09,1.27155659596629e-09,9.45654531588978e-07,9.4592755150331e-07,9.437202242911e-07,-1.62595187924608e-07,6.86974340373622e-07,-2.03280312254511e-06,1.09567617356479e-06,-7.22019040489471e-08,-4.10812970870259e-08,3.88388113853464e-09,3.68410358299368e-08,-4.76732870360015e-08,-1.65274685784593e-07,-1.73305210521757e-07,-5.28930487205779e-09,2.34092166469396e-08,-5.39799786533616e-08,1.99214927708109e-10,4.07079136047552e-10,3.92285299733873e-10,2.7935953304127e-10,1.07161733916985e-09,1.35330464279041e-09,5.66901413120151e-10,4.38579389788587e-10,3.55130790280784e-10,3.38469211780141e-10,9.32690711043591e-08,-3.5914618097793e-07,-3.10981206376274e-07,2.05002862960933e-07,-4.20243067373033e-08,7.73769245790268e-08,2.78063880183595e-07,-8.82414014795894e-08,-2.08210269493812e-07,2.69098275713136e-08,-2.49953594311294e-10,-1.37210990490518e-06,1.1741762175505e-05,-2.22563761645167e-06,-1.96003386048661e-06,-5.27383514845028e-08,2.28305224714288e-07,-9.74658383649834e-08
"north_west","p_NC_weekend_25_49",2.92622455397933e-08,6.29885222874918e-08,-3.07528068253203e-07,3.94165350584223e-09,-4.48627587891483e-10,-3.15687375145003e-09,7.73230207725599e-09,1.6112531328229e-10,4.0816217048606e-09,2.42114100866623e-09,3.59420415962835e-09,3.38479303695511e-09,2.43926045632128e-09,1.4096968889037e-09,2.74388578823845e-09,-2.16219313589158e-08,3.70729530025812e-09,7.58487232292571e-10,7.01146802018103e-09,7.26890473640326e-10,2.903373647338e-09,4.20710201119965e-09,6.40441981269336e-09,2.08000752745327e-10,1.47224646765231e-08,-2.72674151559098e-09,1.51437206522031e-09,1.09229433516444e-08,7.2550245071331e-10,-1.00764809509122e-09,7.57026799954707e-09,-5.01632065639219e-09,1.21153636857935e-08,-1.46183115248883e-08,-1.01220223439152e-09,5.91879446418126e-09,-6.29985339527747e-09,6.21361611810623e-09,-6.58298256786664e-09,5.83722879919703e-09,9.7476480262896e-07,3.00541702604155e-07,5.57538845751658e-07,-1.97382399984444e-07,9.98906667177536e-07,-3.19843678146005e-06,6.23310923227466e-07,-1.13160353617878e-08,-1.45507287953381e-07,2.78874848596103e-08,2.77935018872376e-08,-1.23389600113207e-07,-2.64534782528325e-08,-2.6942482541343e-07,7.70849229170963e-09,2.02388670889634e-08,3.41584106235087e-08,5.66399892299918e-10,3.83072603248854e-10,6.34553500807691e-10,4.9585893305608e-10,1.21453910367442e-09,5.66901413120151e-10,1.85253795225182e-09,3.63757841531493e-10,1.82977692630527e-10,-2.93311551035502e-10,2.65307558776083e-07,-5.63604269609398e-07,-1.50605193043519e-07,5.57880455799769e-09,1.74127645098001e-07,6.45587499056598e-08,-5.27097084785233e-08,-2.4944322956059e-07,-9.43082494045563e-08,3.37748762753971e-08,8.33338792086214e-11,-2.14317142328063e-07,3.03024036086941e-07,-3.14386821969185e-06,-2.23474133471259e-06,-3.4830675758956e-08,1.76768103030618e-08,-6.98231106718291e-08
"north_west","p_NC_weekend_50_64",-1.12528043520279e-08,-7.47864255597659e-08,1.51510640709214e-07,3.81998172405674e-09,3.07627788077282e-10,-3.26690952669011e-09,6.10586750534649e-09,-1.51523005080592e-09,4.37899380382087e-09,-4.03862100536443e-09,6.56697594333575e-09,2.280167397225e-09,1.16576851583151e-09,4.67818360073385e-09,-2.02922808039523e-09,-1.42887681126342e-09,-1.15783554757912e-09,-1.00550976147406e-09,-5.57481293759736e-09,-1.54128937903841e-10,2.74037402507647e-10,-3.94434501720724e-09,1.5803510615435e-09,-4.57187391550551e-09,3.15287897014498e-09,-6.4007807406435e-09,-9.63459725483543e-10,4.39170052473757e-09,-4.63191931357153e-09,1.03763131895414e-08,5.19657734353432e-09,4.13519185589717e-09,6.12582997741568e-09,2.72188450714194e-09,7.50464596548171e-10,-9.13435180967242e-10,2.15978033938444e-09,2.28204832121175e-10,-3.69187373261025e-09,5.96609529635319e-09,2.785722110408e-07,5.70884854810257e-08,2.46321035463764e-07,-7.48159030268865e-08,-7.08674791567609e-07,-6.01054217819966e-07,2.85647822985605e-07,2.11233751861842e-08,-5.54140422748444e-07,3.36640140391019e-08,2.99825797183004e-09,-1.68567277100699e-08,-2.92339494561782e-07,-4.78121584545446e-08,-9.06814829452984e-09,-2.64364411265227e-09,1.31848541562055e-07,8.62024577804163e-11,5.59085106361002e-10,4.24738491754362e-10,3.20435928588496e-10,9.09920197773016e-10,4.38579389788587e-10,3.63757841531493e-10,1.23028238662117e-09,3.15884836261988e-10,1.67837804654271e-10,-3.54841531258261e-07,5.40398788378545e-07,-2.73034634724745e-07,1.02890137663111e-07,9.05260442197915e-10,-4.96281252489407e-08,6.17162670855299e-07,1.63738197364155e-07,-1.7350355376682e-07,-4.73981666858435e-08,7.48097186057194e-11,4.74278642734276e-07,3.26912630804018e-06,-7.2748607925649e-06,-5.38676463314035e-07,-2.80330118093023e-08,1.93743037658508e-07,-2.68831587228027e-07
"north_west","p_NC_weekend_65_79",-3.69564838940514e-08,-3.03068901738931e-08,-1.05031942921516e-07,3.05649132177457e-09,6.77121206883418e-10,1.48035420538793e-10,3.43510094163419e-09,-2.05884299161661e-09,5.88230192185411e-09,-1.43121466271634e-09,3.22456244418264e-09,3.07171208797911e-09,1.78157668346387e-09,6.53921032601514e-09,2.91156238124098e-09,-2.95273520457845e-09,-4.67002588582173e-09,-4.13095350463785e-09,-9.23505639568775e-09,-3.40952182640636e-09,-3.84698089589975e-09,-5.85621795673612e-09,-6.87559930524316e-09,-2.91360682150352e-09,-5.08790302849494e-09,-7.55164170783e-09,-4.05414854865248e-10,-6.60608771710237e-09,-4.99828442501045e-09,-5.56837262266757e-10,2.99348436126333e-09,-6.36444464966927e-10,8.63151888067261e-10,-2.18388816686762e-09,5.7683800313532e-10,-2.49637758918867e-11,-2.52744436566216e-09,8.17643284356521e-10,3.82150032626148e-09,-8.46578696734519e-10,-8.11234198658655e-08,2.88818378916676e-07,7.09499959572341e-07,-1.07878280709512e-07,-2.04587702003402e-07,1.07504394479288e-06,5.30523993480529e-07,3.62026100357052e-08,-1.63044683142516e-07,-4.07830103473775e-09,1.58904396788239e-08,-1.15738979971776e-08,-1.58468961917446e-07,1.63348877506066e-07,-1.19113112003048e-08,-5.8975580623576e-09,4.94339435826165e-09,-1.98841874172966e-11,4.0764700285001e-10,4.28756526330127e-10,2.15567905547083e-10,8.34435024821448e-10,3.55130790280784e-10,1.82977692630527e-10,3.15884836261988e-10,8.88694147738848e-10,3.2829411192336e-10,-4.67527564540893e-07,1.82037731935396e-07,-2.09364779489761e-07,2.65072705827356e-07,-2.04919589524263e-07,2.40969108916095e-08,3.8125686800075e-07,3.64257139652289e-07,-2.56046688013394e-07,-2.81560779763807e-08,3.008976473494e-10,-6.33190895976711e-07,1.47513250441689e-05,-4.99597932283044e-06,-2.61196638285824e-07,-4.94939854610927e-08,4.06853862429953e-07,-2.2386121739264e-07
"north_west","p_NC_weekend_80_plus",-6.41486761874723e-08,-2.25347139721887e-07,-1.41182364617316e-07,3.3386153341214e-10,1.01177730892819e-08,2.07971341948391e-09,-2.90050284303132e-09,2.46868343858136e-09,1.3571117530007e-09,-5.06511777716523e-09,5.9022582302819e-09,1.29997445137197e-10,1.4521538583434e-09,5.70853512858256e-09,-2.22732880578607e-09,-7.14063644069796e-09,-1.28100780740686e-08,-9.58596872432586e-09,-1.16679095216245e-08,-1.57839674001045e-08,-1.08519891442975e-08,-9.68105849834614e-09,-1.73685634822999e-08,-2.5285044938058e-10,-2.51321617725866e-08,-6.52742504372451e-09,2.78759709773433e-09,-2.07349009818815e-08,-1.44954053450217e-10,3.35349359136898e-09,-1.74330067586547e-09,-1.82112145459113e-09,3.72951976443143e-09,-1.3332183197267e-08,-1.86440871162206e-09,3.07889310794723e-09,-3.42699723753036e-09,-3.94850019221294e-09,8.61066091275641e-09,-7.42914913855462e-10,-7.15633376606447e-07,1.67164271778672e-07,5.77138266565473e-07,-8.64255199677757e-08,-2.65956071975416e-08,3.57552192779617e-06,-4.44872665711308e-07,1.06637100656324e-07,1.37383960170306e-07,1.12478470346605e-08,-6.27065122253896e-09,3.26640648397968e-08,7.41087468882902e-08,2.91274464260983e-07,-1.33297294638742e-08,-2.66290768015414e-08,3.0227857129896e-07,7.50991456356522e-11,5.25051321801467e-10,5.4570197044362e-10,4.90598555428372e-10,1.12392727115924e-09,3.38469211780141e-10,-2.93311551035502e-10,1.67837804654271e-10,3.2829411192336e-10,7.92633694081077e-09,-5.2211346403706e-07,1.63248000883198e-07,8.01786563508452e-08,-2.44768574775904e-07,-6.86045503464347e-07,9.19730031112962e-08,1.31598773726603e-07,9.20271240919691e-07,-3.53143955975434e-07,-5.00255857592882e-08,-6.72282916794026e-10,2.51334293828225e-06,1.73206106765199e-05,3.43394267292095e-07,4.61254159803089e-06,1.48190529769456e-08,6.76794048705926e-07,-3.32550937255925e-07
"north_west","p_W_D",8.66286358283169e-05,0.00020442185884591,-1.37385016535195e-05,1.14726274996812e-06,-1.1456870067818e-06,2.37788526618834e-08,1.15313172160673e-06,4.63840609869102e-06,-1.17392050955976e-05,7.04851586282143e-06,-1.61051407171009e-05,-4.24809464445495e-06,-1.21688185379317e-06,-1.2859325249224e-05,-2.07614305045549e-06,-4.00823274496831e-05,6.67540107174389e-06,7.14277897974945e-06,1.279654867864e-05,8.6336033396423e-06,6.22322305690198e-06,1.12058120652733e-05,1.22475945101501e-05,6.10103174171206e-06,1.55199932418581e-05,1.23927265838078e-05,1.68255033110441e-06,6.97602089727706e-06,1.55815545224296e-05,-9.09333901989922e-06,-2.19074858161468e-06,-1.64384728220633e-06,-2.03328390326447e-06,-1.75823867458382e-05,-1.23069470179101e-06,5.01930028693766e-06,-1.48774136042292e-06,7.29549994515342e-07,4.92775970499053e-07,-3.25190255132584e-06,0.00133047271189589,0.00123968343679024,-0.000155707504058927,0.000166787435510533,0.00207726070946879,-0.00348328965789687,0.000672103532265556,-0.000151651430742013,0.000479626181712774,-4.36029622671129e-05,-2.41186750697064e-06,-0.000146817008531672,0.000546636125568985,-0.00034267391736144,2.86942929093701e-05,7.70769557791441e-05,-0.000280446581400997,5.26947455057567e-07,-5.65711706774682e-07,-1.3578196639974e-07,-2.07133594123719e-08,4.54524562944083e-08,9.32690711043591e-08,2.65307558776083e-07,-3.54841531258261e-07,-4.67527564540893e-07,-5.2211346403706e-07,0.00261441809686993,-0.0010808850084325,0.000334212038036291,-0.00019553922864258,0.000333488519714865,0.000188383282472623,-0.00134820475550636,-0.0010539801333883,0.000312227441376264,9.0633143017325e-05,-6.51765787594925e-07,-0.00011956012823917,-0.0219504557439225,0.0123924078962701,-0.00326925745203707,0.000132932827517229,-0.000590505104132481,0.000392006093734646
"north_west","rel_p_D_alpha",7.36106717909914e-06,-0.000500916274903657,0.00200760994002162,-8.17431559283803e-06,1.54285271354815e-05,-3.2991953418422e-06,4.40464571478359e-06,4.38009448870079e-06,-1.30373806240483e-05,-2.32989170137342e-05,1.09813626575208e-05,-5.49307317807689e-06,-5.86957068352804e-06,9.54845303078346e-06,-3.78599263555078e-05,5.60955189339813e-05,-7.34607561690129e-06,3.81857378318179e-06,-2.41036081561413e-05,6.45844745143006e-06,-9.60840430147379e-08,-1.09858608485051e-05,-2.68148827488333e-06,-6.33384318556942e-07,-2.46011743271328e-05,5.96398058042469e-06,7.13983063275856e-07,5.13606103802557e-06,-2.12435429877688e-05,5.65109296047065e-05,2.87910169068978e-06,3.95014935735451e-05,3.92722439473274e-06,6.96341555133407e-05,-1.47372415076923e-06,-1.15486560504422e-05,3.40763686253016e-05,-5.87281745695493e-06,-2.16880246012197e-05,1.72130271802831e-05,3.59105933035105e-05,-0.000239124189313443,-0.004639065664161,0.000649573973085623,-0.00803722677308365,0.00175032441402443,-0.00137321685974458,0.00024357607278102,-0.00386731142073114,0.0001830148239303,-0.000427515812429038,-4.62542641311664e-05,-0.000466330704403662,5.93306895622746e-05,-8.53882802090776e-05,-7.21602250152206e-05,3.70939309792512e-05,-1.61255545155941e-07,1.08964679660994e-06,4.5807385091673e-07,-5.11354056869374e-07,-8.10485451291693e-07,-3.5914618097793e-07,-5.63604269609398e-07,5.40398788378545e-07,1.82037731935396e-07,1.63248000883198e-07,-0.0010808850084325,0.0111749759783072,-0.000321509269441557,-0.00100230295873967,0.000528579119068991,-0.000265027189921794,0.00136538113695498,0.00124722171367041,-4.43936353543067e-05,-0.000352443303002556,4.98706853394779e-07,0.00297665946722585,-0.0361922472290946,-0.025309176141335,0.00778183664859755,0.000184172318039734,-5.57628438851756e-05,-0.000791216269240371
"north_west","rel_p_D_delta",2.13528389910055e-05,9.62312556533032e-05,0.000417420001579605,-5.76259644858324e-06,2.88024139701503e-06,4.52103882717267e-07,-3.74153412530432e-06,8.45654818614362e-07,-6.27101832919237e-06,-3.76564495873521e-07,-5.13206769749111e-06,-3.27573648269771e-06,-2.76980738094643e-06,-5.10592478326008e-06,-5.57124482612892e-06,3.75886273602601e-06,3.47335225577016e-06,5.79090810236071e-06,5.88830935900479e-06,5.01865740965447e-06,3.23337323032885e-06,8.02616178528115e-06,3.09798140267783e-06,1.08256721893969e-05,-8.126427497786e-07,1.37642264726593e-05,1.37723159621075e-06,4.64670680958443e-06,1.07555522430459e-05,8.70560434177162e-06,-4.92764101397096e-06,8.37518381796263e-06,-5.82774304692166e-07,8.69818533113394e-06,-1.39216191082118e-06,-8.06983527579312e-07,6.25518690524853e-06,-2.70214897910994e-06,-4.10281882403063e-06,6.45632548253121e-07,-0.000422703212561452,-0.000413823984723486,-0.000774241988198451,0.000182613319327874,-0.000103447856299069,7.44261201923376e-05,-0.000840641868669573,1.97220871995537e-05,0.00020844105443795,-3.36598552290858e-05,-4.34609379432881e-05,1.46823420671093e-05,0.000164066897149969,8.98109549717008e-05,1.96994608779005e-05,-7.83652747955241e-06,2.26301531375616e-05,1.48279583469814e-07,-2.7547913611302e-07,-9.56684175440105e-08,-1.84426997068823e-07,-7.84940925978178e-07,-3.10981206376274e-07,-1.50605193043519e-07,-2.73034634724745e-07,-2.09364779489761e-07,8.01786563508452e-08,0.000334212038036291,-0.000321509269441557,0.000928055997302317,-0.000683925202216557,0.000155639373274327,-0.000172478706393255,-0.000351420554055957,-0.000273845907011507,0.000457820328390751,-5.96236159467327e-06,-5.94270979175453e-07,2.57607446175686e-05,-0.0180372535513711,0.00603414696327296,0.00217750326478953,6.80605725520302e-05,-0.000416893476917579,0.000153927482883007
"north_west","rel_p_D_omicron",-3.56811694667283e-05,0.000202283108628182,-1.42862663412902e-05,5.86589275203612e-06,-2.64406835207999e-06,1.74736719105738e-06,-2.48171439006182e-08,-2.96005618904254e-06,5.4964821399164e-06,9.81761069724686e-07,-3.79545596091434e-06,1.90022542864213e-06,1.59675115203173e-06,1.76807161081286e-06,1.03401529101805e-05,-2.64360346266304e-05,1.10626637145981e-06,-1.92256600546732e-06,-5.47576755301893e-06,5.59593842129932e-06,-1.95139705169533e-06,-7.03895058604549e-07,-1.39470726925704e-06,-1.43008217270701e-06,4.46150143968561e-06,-4.7248018347766e-06,-3.88209589591444e-07,-2.63778746334529e-06,-8.68255183632218e-07,-1.16032204124276e-05,3.23419799816673e-06,-4.32663555362198e-06,-3.68166671278934e-06,-5.29849521058013e-06,1.19654464408814e-06,1.25636073976087e-06,-1.16691443192488e-05,6.72966630382688e-06,2.57960022441239e-06,-4.60865035290235e-06,1.5176593386008e-05,0.000637600196095565,0.000653473737882216,-0.000208746116154269,-0.00100009057018258,0.00272577385699999,0.000489910090047898,-2.8791344456203e-05,0.0001411098232852,-3.65280466031307e-05,5.97537611461295e-05,2.54056738416745e-05,3.60070722285199e-05,0.000250511284479697,-1.35514788478721e-05,1.46857033397461e-05,-3.77304717377771e-05,-1.82110837166513e-07,1.90901625046064e-07,1.28850495599076e-07,1.73903581560817e-07,2.87280107921532e-07,2.05002862960933e-07,5.57880455799769e-09,1.02890137663111e-07,2.65072705827356e-07,-2.44768574775904e-07,-0.00019553922864258,-0.00100230295873967,-0.000683925202216557,0.00222900070918781,-0.000339133494076244,0.000192683855959891,-4.38790909963186e-05,2.96495840686886e-05,-0.000332682345877607,1.8055375988328e-05,-6.40235743083309e-09,-0.00135716858228683,0.0171330776053449,-0.00139094958043704,-0.00231204797578551,-4.71733500964528e-05,0.000148302480740367,7.14696260766596e-07
"north_west","rel_p_H_alpha",4.99428571114281e-05,1.15535663611031e-05,0.000302151268690457,-1.02255886753356e-06,8.3242037844889e-06,-2.96771212016659e-06,6.51960066644112e-06,-5.43083945973448e-07,-2.64158999790204e-06,5.68075964539547e-07,-1.29173454675496e-06,-1.96534713076834e-06,-5.5595473725752e-07,-4.46273907477092e-06,-6.21607632261904e-06,-1.04261656979954e-05,8.87172469887202e-06,7.74471037499843e-06,6.94121876092475e-06,1.2689850816902e-05,7.66415795822257e-06,8.87961720076762e-06,1.18253817554925e-05,7.61575749426072e-06,1.28935115581251e-05,1.05831440603129e-05,7.17651448832984e-09,1.44438267548903e-05,9.40839694550608e-06,8.77367103350159e-06,2.07522118551056e-06,9.11501572239915e-06,1.12473232472298e-06,1.24916071795263e-05,3.01354429537956e-07,-1.59484618630015e-06,8.39713949672478e-06,1.57227674442235e-06,-1.15822456142146e-05,8.92389924191847e-06,0.000870984726842166,3.41029517774531e-05,-0.000940625599522753,7.20901078264169e-05,-0.000656323582289848,-0.00301075284439853,-0.000267916791841809,-9.22569251942587e-05,-0.000465891776094491,9.81227189603213e-05,-2.56569122405759e-05,-0.000173998340550023,-0.000141633838061991,-0.0001819267933307,1.15771543645271e-05,2.67903012869019e-05,4.50838281102984e-05,2.76891620391863e-07,-2.76974624328091e-07,1.41337187334499e-08,-1.40801951512455e-07,3.04722532487305e-07,-4.20243067373033e-08,1.74127645098001e-07,9.05260442197915e-10,-2.04919589524263e-07,-6.86045503464347e-07,0.000333488519714865,0.000528579119068991,0.000155639373274327,-0.000339133494076244,0.00116656060346307,-0.000433713636413616,-8.66661644944476e-05,-0.000852733288350476,0.000400459572987527,-2.66316277163712e-05,-2.49939725465472e-08,0.000908265557158442,-0.0219235336934719,0.00163776571687449,0.00151210134748612,5.45708285757393e-05,-0.000519016697259195,0.000103035003069474
"north_west","rel_p_H_delta",3.08367826264637e-06,-4.95263416095027e-06,-0.000176608858814986,9.36913957021768e-07,-4.53385138670431e-06,4.02744600371786e-07,2.83531878285774e-07,1.19648347977198e-06,-1.63000217706609e-06,1.50486094959827e-06,-3.02929179438692e-06,3.59229646094287e-07,4.7214716078379e-07,-3.51607551533902e-07,-1.50955020742445e-07,-9.09202190061788e-06,-8.93764592380747e-07,-1.72597319224458e-06,-1.09743385626691e-06,-1.45391633443456e-06,-2.12636467074713e-06,-1.57555368008464e-06,-1.59337950235283e-06,-4.73697935755267e-06,2.19622814459452e-06,-6.89285783347997e-06,6.51640466515307e-07,-1.64192957452997e-06,-6.35235548706317e-06,-8.7563027156699e-06,4.23203860163822e-07,-5.0114735009117e-06,-1.24946201079703e-06,-9.13398652630253e-06,-2.70369761303645e-07,2.35400986303036e-06,-3.63113157864488e-06,-5.25229645621763e-07,4.79708689128622e-06,-3.71340539774101e-06,0.000347612993893092,0.000631592079139695,0.000440697197950519,7.08164380877963e-05,0.000775190177152422,-0.000193697607570607,0.000683962903825185,-8.56196697250447e-05,-3.31896803153786e-05,-4.38183589535865e-05,1.33150973987149e-05,-8.39557698566204e-06,5.6127117921474e-05,-7.21250855565432e-05,-6.22522296562147e-06,1.71519777232868e-05,-7.87201506254744e-05,-6.92947118238412e-08,-9.31522964096152e-09,-1.17978448142211e-07,-4.18919254531062e-08,-2.9314715193142e-07,7.73769245790268e-08,6.45587499056598e-08,-4.96281252489407e-08,2.40969108916095e-08,9.19730031112962e-08,0.000188383282472623,-0.000265027189921794,-0.000172478706393255,0.000192683855959891,-0.000433713636413616,0.000579159410112479,-0.000244428482864751,9.53621831738253e-05,-0.000288137488361936,4.45836840865913e-05,3.3509994267809e-07,-0.00098481860641251,0.00235026920105572,-0.00142287240325056,-0.00224458907412153,8.11109299059174e-06,8.86961723522011e-05,3.36742441396663e-05
"north_west","rel_p_H_omicron",-5.53630326906872e-05,-0.000418824798435499,0.000350574767514874,1.71411822107613e-07,-4.18697070133432e-07,-5.45762793834699e-06,4.63387004881566e-06,-2.62872823089991e-06,1.33329471632329e-05,-9.66259951913714e-06,2.7226491569931e-05,5.81667103944939e-06,2.74655931761244e-06,1.51611777900182e-05,9.34667057832966e-06,3.85871184929011e-05,4.42975280626116e-06,-2.12111186654554e-06,-9.48338510267755e-06,3.48253562185594e-06,1.31754255349129e-06,-7.26234149009972e-06,-1.60352181184229e-07,-2.40913033538652e-06,-6.38500184997216e-06,-3.9620254894164e-06,-3.08684485543392e-07,8.79900561806421e-06,-5.3457197184357e-06,3.29161596503836e-05,1.01797713073073e-05,1.01551415233501e-05,2.05435547258121e-05,1.81911900188401e-05,9.05672507409635e-07,-6.57473262928049e-06,1.08350018637419e-05,-3.25675573077451e-06,-1.19575065517028e-05,1.7295219726146e-05,0.000164150253837591,-0.000809098888391113,0.000483140812367181,3.54399316791079e-05,-0.0029660548007296,0.00150586651902455,-0.000625069385442448,0.000173803028460109,-0.00087668330355121,0.000140267298240041,-4.07195048438705e-06,0.000126717071177166,-0.00173205486416528,7.73852813519553e-07,-1.54078240551022e-05,-5.21899482688146e-05,0.000530568675326644,-3.00563306969685e-07,8.81879447421009e-07,2.24720285757596e-07,-1.60161347462113e-07,4.86045311783153e-07,2.78063880183595e-07,-5.27097084785233e-08,6.17162670855299e-07,3.8125686800075e-07,1.31598773726603e-07,-0.00134820475550636,0.00136538113695498,-0.000351420554055957,-4.38790909963186e-05,-8.66661644944476e-05,-0.000244428482864751,0.00312187851444173,0.00104648326011674,-0.000337289984626481,-0.000170790308138021,1.35009661866149e-06,0.00156791625062114,0.0264140261310698,-0.0178434548480081,0.00221318102025403,-0.00016921795697772,0.000307520133543266,-0.000624698876344339
"north_west","rel_p_ICU_alpha",-8.2109552366827e-05,-0.000206370771567795,-0.00024620480013353,-4.2082841391234e-06,-3.15492490017098e-06,2.02540214179598e-06,-5.00877464209082e-06,-7.33435264400047e-07,9.9446314827745e-06,-8.10904457647293e-06,1.76926697911581e-05,4.99853475271957e-06,1.48569021801378e-06,1.29362988649653e-05,5.63610919710705e-06,3.97846557473241e-05,-1.14487171997343e-05,-1.10065989008538e-05,-1.12785465831175e-05,-1.73816841720322e-05,-9.96309892044257e-06,-1.43941413542867e-05,-1.72935334633911e-05,-7.97946425917158e-06,-2.51979551728081e-05,-1.16013730229739e-05,5.70419127276014e-07,-1.73426374544414e-05,-1.43003805826214e-05,5.73021453297411e-06,-8.25080649566121e-07,-4.5353636968159e-06,4.49855186037417e-06,1.50111856516634e-07,-4.85746402715847e-07,-6.74562604465045e-07,-3.00783804321709e-06,-1.65745148581522e-06,5.37665843795808e-06,-8.84798999850169e-07,-0.00141129616717971,-0.00102097332363721,0.000682361953193155,-6.78346138602296e-05,-0.00120671996395464,0.00456150482146258,-0.000352339451191606,0.000175946797592711,-0.0001993214812768,-4.16222395485188e-05,-2.07203909885538e-05,0.000174765081836488,-0.000371063913020355,0.000217971422209188,-1.91079860221014e-05,-7.82668477941119e-05,0.000249011451636291,-2.97958429453422e-07,7.92395094733744e-07,1.61442924951823e-07,1.08584795545752e-07,3.454342109958e-07,-8.82414014795894e-08,-2.4944322956059e-07,1.63738197364155e-07,3.64257139652289e-07,9.20271240919691e-07,-0.0010539801333883,0.00124722171367041,-0.000273845907011507,2.96495840686886e-05,-0.000852733288350476,9.53621831738253e-05,0.00104648326011674,0.00172122424551568,-0.000610902288501975,-5.85953773397669e-05,6.24092997878069e-07,5.242730165992e-05,0.0308665217115951,-0.00827981438372783,0.00188897613433678,-0.000130790446491977,0.000813191717580576,-0.000387169605680326
"north_west","rel_p_ICU_delta",3.09602384342913e-05,6.48429896938993e-05,0.000444616756837955,-1.59427142918623e-06,4.21234189252436e-06,-4.95283574108473e-07,-1.85902853180573e-06,1.25067897834307e-06,-6.95087925530461e-06,1.61036742129407e-06,-7.65595349396256e-06,-3.99569602938549e-06,-2.3846400164134e-06,-6.20445087893518e-06,-4.81355460410248e-06,-8.76427286731684e-06,4.47605317834236e-06,7.19024099352311e-06,5.92807892868221e-06,6.82140762497832e-06,5.65438345023882e-06,7.96220870860358e-06,6.96751685043156e-06,9.04524370655001e-06,4.09788698102668e-06,1.36057828458189e-05,4.18783082039091e-07,7.53565891632131e-06,1.07688404945625e-05,7.12525538182e-06,-2.97635875734184e-06,7.87932179106182e-06,-9.79778397096037e-07,1.06201642264041e-05,-6.49221637192974e-08,-1.98337235710941e-06,4.99447756136547e-06,3.05686883284161e-07,-6.57008174793525e-06,1.97342578984072e-06,-0.000188726033137484,-0.000404678679553579,-0.00113031324397181,0.000195736798183385,-0.000216447666052738,-0.000830052737724883,-0.00083685341047385,1.85453558821863e-05,0.000134135640226996,9.77070997190077e-06,-3.17535690267288e-05,-2.55320664213086e-05,0.000137694056983843,7.49918930135864e-05,2.18741918685423e-05,-1.9782789772608e-07,-3.94664715888938e-05,1.70272199830773e-07,-2.95056223760857e-07,-2.83853302059702e-08,-1.36751478294574e-07,-5.98696764189729e-07,-2.08210269493812e-07,-9.43082494045563e-08,-1.7350355376682e-07,-2.56046688013394e-07,-3.53143955975434e-07,0.000312227441376264,-4.43936353543067e-05,0.000457820328390751,-0.000332682345877607,0.000400459572987527,-0.000288137488361936,-0.000337289984626481,-0.000610902288501975,0.000582860682316664,-1.5305539922153e-05,-6.49143963781269e-07,0.000396352485458394,-0.0195451906886532,0.00547030460729441,0.00163770885612447,8.41029311668258e-05,-0.000491121149305813,0.000167834786356635
"north_west","rel_p_ICU_omicron",6.54427522665326e-07,2.71536243574917e-05,-0.000141194868520773,1.70168226694712e-07,-1.46199023935721e-06,4.75686574440301e-07,-8.6322588001435e-07,3.13527559172788e-07,1.60584830363429e-07,1.14314424858441e-06,-8.29658725302486e-07,1.11154066655814e-07,3.06783638699501e-07,-8.63608040934659e-07,1.10786841562929e-06,-1.60129806145805e-06,2.65681934683088e-07,-4.86824344662248e-07,1.66901264562263e-06,-7.86773122914232e-07,-9.69929464200792e-08,4.34750548456669e-07,1.59135191860531e-07,-1.74708361917839e-07,1.08367756501802e-06,-3.51807687602997e-07,-1.67527981754965e-07,-3.69419566018758e-07,1.73721860813419e-07,-4.79822344653435e-06,-3.35422535567446e-07,-3.00466528852161e-06,-3.00224414027262e-07,-4.98905787769e-06,8.67174511140104e-08,1.02559374295724e-06,-2.27011698644681e-06,4.22011768630975e-07,1.71050936723779e-06,-1.61928034124851e-06,1.28539417495483e-05,4.14214816914907e-05,0.000192455738790618,-5.23644157472125e-05,0.000625987038451147,-0.000108616675754996,0.000124643638849549,-1.85156925225177e-05,0.000242511616861018,-1.42148158558525e-05,1.28923047156942e-05,-6.80653885097746e-06,5.90057391948085e-05,-2.06555729513467e-05,4.71185823455805e-06,3.98922228697712e-06,-4.88348900283461e-05,3.28610959702982e-08,-5.16068853527786e-08,1.57719162805564e-09,2.76189180273303e-08,-7.24512968713655e-08,2.69098275713136e-08,3.37748762753971e-08,-4.73981666858435e-08,-2.81560779763807e-08,-5.00255857592882e-08,9.0633143017325e-05,-0.000352443303002556,-5.96236159467327e-06,1.8055375988328e-05,-2.66316277163712e-05,4.45836840865913e-05,-0.000170790308138021,-5.85953773397669e-05,-1.5305539922153e-05,4.20763246297312e-05,-9.76564811727065e-08,-0.000285016729583898,0.000831205507904145,0.00138101677008936,-0.000685687218082917,-3.95716714897253e-06,4.79603932737175e-06,5.95879926761389e-05
"north_west","rho_pillar2_tests",-5.49517211232336e-08,-9.18104274768745e-08,-5.54441957828056e-07,-1.13293744604029e-09,-1.19159796790291e-08,2.25048367341814e-09,2.55984482372071e-09,-1.3819230647331e-09,1.43980212661634e-08,1.19788097955452e-09,1.51601676720838e-08,7.24627123313543e-09,4.44746340591995e-09,1.22417537601549e-08,1.50079713344369e-08,-5.9018240823345e-09,-8.12507122751373e-09,-1.08614377019324e-08,-8.43982704706957e-09,-1.39895027179765e-08,-1.00335497987786e-08,-1.39682087248124e-08,-1.25408303485672e-08,-1.65883782116848e-08,-1.37493773603064e-08,-2.51102712798837e-08,2.57469075952661e-09,-1.03978525683518e-08,-2.24866159134516e-08,-5.09593000173223e-09,3.96213368540909e-09,-4.687232360959e-09,-1.9910203921553e-09,9.83853570648888e-10,-6.79968230397439e-10,5.61706445170268e-10,-3.20077028084283e-09,2.79727729760305e-09,-3.63734749776595e-09,6.08533824085059e-09,1.31622516410992e-06,-2.87466840920855e-07,1.14340643311245e-06,-1.20821556770854e-07,-1.33553980451083e-06,4.14796122471136e-07,6.70862386851242e-07,-9.79105037727293e-08,-7.84092323015303e-07,1.2602104769121e-07,3.21676273525271e-08,-1.37663914825689e-09,-8.62120972456288e-07,-2.3158511295333e-07,-1.93368667061543e-08,-4.5983395822182e-09,3.39183544873512e-07,-1.37953971588361e-10,2.80039875654035e-11,-1.2260123588017e-10,-3.52806804012314e-10,-9.01483281220587e-10,-2.49953594311294e-10,8.33338792086214e-11,7.48097186057194e-11,3.008976473494e-10,-6.72282916794026e-10,-6.51765787594925e-07,4.98706853394779e-07,-5.94270979175453e-07,-6.40235743083309e-09,-2.49939725465472e-08,3.3509994267809e-07,1.35009661866149e-06,6.24092997878069e-07,-6.49143963781269e-07,-9.76564811727065e-08,8.92290754224877e-09,4.59289228663456e-06,3.84442356199183e-05,-1.36660290723497e-05,-5.34590734006154e-06,-1.65524901315782e-07,7.95803102649379e-07,-3.62067545294957e-07
"north_west","seed_date_alpha",8.54029109887011e-05,0.000244204739379922,0.001493641816834,-1.74176167673538e-05,-1.905836072524e-05,1.29015359802555e-05,-4.31610848599507e-06,1.53844314841756e-05,1.33226026447042e-05,-1.70429257771674e-05,2.4567549449198e-05,-2.98238606896571e-05,-2.66403543510249e-05,-4.51710275910177e-05,-4.66970603120504e-05,0.000152982576294204,-2.06468897169308e-06,6.98758366158801e-06,1.89389388179069e-06,-1.99084496558829e-06,1.50921900393355e-05,-9.10769860702109e-06,1.93994733906012e-05,-2.58064892291646e-06,-1.17358949861849e-05,3.21818228142016e-05,5.40504363198049e-06,5.53862252200434e-06,7.04629656879004e-06,6.59773631725514e-05,-1.68935058675738e-07,3.66844613776051e-05,2.6310693244178e-05,3.7985700280043e-05,-6.65539129492025e-06,-8.35134632928711e-06,4.48781604596983e-05,-2.98660115551707e-05,-6.66910397854046e-06,1.32840533381049e-05,0.00103148610622523,-0.00273255927759718,-0.00416780262974036,0.000136427934552805,-0.00659744149136399,0.00369132156048458,-0.001689463840653,0.000463477639801103,-0.00193001368010996,-1.93837869828182e-05,-4.67046073735223e-05,0.000126183016980756,-0.000514063874655913,-0.000474377292331369,1.84144309328561e-05,-3.51648167845102e-05,0.000884848906066109,1.30103932155594e-07,-8.9004281845992e-07,3.09796279914298e-07,1.37899379200419e-07,-4.64556225210768e-06,-1.37210990490518e-06,-2.14317142328063e-07,4.74278642734276e-07,-6.33190895976711e-07,2.51334293828225e-06,-0.00011956012823917,0.00297665946722585,2.57607446175686e-05,-0.00135716858228683,0.000908265557158442,-0.00098481860641251,0.00156791625062114,5.242730165992e-05,0.000396352485458394,-0.000285016729583898,4.59289228663456e-06,0.163883322275472,-0.0810653418371295,-0.014949542163424,0.00228868968308215,0.00123533467573902,-0.00184700841740545,-0.000668884047668974
"north_west","seed_date_delta",-0.00235594643928324,-0.0031606786803742,-0.0404579428267278,0.000152867117659445,-0.000300480612613396,7.69998552580383e-05,-0.000128830154002532,-8.19950518428125e-06,0.000593042006502067,0.000150034039001848,0.0006684125543307,0.000354058088480047,0.000212099949178232,0.000463337202546345,0.00115134731216934,0.000295185789495396,-0.000385888786688653,-0.000572187973761093,-0.000173831221220377,-0.000771629709378279,-0.000456789841938862,-0.000561810198851834,-0.000652412135643369,-0.000554595948163571,-0.00051608736084764,-0.000922195555198527,-3.07832900648467e-05,-0.000712564536163142,-0.000616050911406072,-0.000677221260672091,1.39562590242541e-05,-0.000724383542536259,-5.66944431798524e-05,-0.000870480623400981,4.46991224341437e-05,0.000102785693017424,-0.000526476613991671,0.000101356455003177,0.000375595058330377,-0.000138404183278274,-0.0301910714897428,-0.00951710385758733,0.0672961200057254,-0.01156334283454,0.0297287263698789,0.0755664358414742,0.0304539899598148,0.00546069075643954,0.030074361453475,0.00142180967940596,0.00300662347632254,0.00319016375389539,-0.0123425795516952,0.00558170019261704,-0.000335082006929543,-0.000560616100937757,0.00644381653344767,-1.30625583152889e-05,1.20879270721127e-05,-7.24490424120851e-06,9.67022978414272e-06,2.99311868707379e-05,1.1741762175505e-05,3.03024036086941e-07,3.26912630804018e-06,1.47513250441689e-05,1.73206106765199e-05,-0.0219504557439225,-0.0361922472290946,-0.0180372535513711,0.0171330776053449,-0.0219235336934719,0.00235026920105572,0.0264140261310698,0.0308665217115951,-0.0195451906886532,0.000831205507904145,3.84442356199183e-05,-0.0810653418371295,2.38004818099493,-0.132785458318723,-0.100342341503498,-0.00949781162093618,0.0400736270431204,-0.00667439001136852
"north_west","seed_date_omicron",0.000268278109719075,0.00303258190763864,-0.00663331881002041,-5.73436315748764e-05,-8.21989164362744e-05,6.35975231707933e-05,-0.000136350661052544,4.82182866007979e-05,-8.6698862185636e-05,0.000121987340668841,-0.000143173330956309,-4.57702333305919e-05,-7.46478161018536e-06,-0.000150594171068931,4.51820195163588e-05,-9.35318371494107e-05,-5.42881079012492e-05,1.52054148353636e-06,0.000180143945590815,-9.718732657064e-05,2.67102354318853e-06,5.36061612301762e-05,1.79958162788486e-05,5.27690359453061e-05,-8.72773777110503e-05,0.000203115646441249,-9.03960421826978e-07,-0.000200821174516646,0.000344511931962847,-0.000364919581483813,-0.000225454304104924,-0.000286979926348537,-0.000186381898038859,-0.000464825856585414,1.7362088962341e-05,2.42224089611679e-05,-0.000132738405320848,7.62187436822232e-05,3.51215913286415e-05,-0.000110945778414145,-0.0115789702714072,-0.00802931216362925,-0.0061502751360429,0.00098395266882707,0.024462188125291,0.00199609651666833,-0.00750878645344588,-0.000556337524629902,0.0144309867281257,-0.00153288483106016,0.0003129146144155,-0.000654419800755027,0.00762814919373412,-0.000561662145899125,0.000581391240495019,0.000193934421948934,-0.00152178003814915,2.63784109498352e-06,-7.84169698013716e-06,-2.47176344146206e-07,-5.40504808192159e-07,2.46528055493221e-06,-2.22563761645167e-06,-3.14386821969185e-06,-7.2748607925649e-06,-4.99597932283044e-06,3.43394267292095e-07,0.0123924078962701,-0.025309176141335,0.00603414696327296,-0.00139094958043704,0.00163776571687449,-0.00142287240325056,-0.0178434548480081,-0.00827981438372783,0.00547030460729441,0.00138101677008936,-1.36660290723497e-05,-0.014949542163424,-0.132785458318723,0.432534489357133,-0.0310547352001074,0.000733922030032479,-0.00218501493916076,0.00985986728501097
"north_west","start_date",3.76587891255206e-05,0.000180820561665119,0.00636955795174975,-6.67267059551677e-05,0.000362818837717922,6.45359401388812e-06,-1.11049681763706e-05,3.11190030096588e-07,-3.41404354162e-05,-3.0018333713149e-05,2.45870128941908e-05,-1.45620734411641e-05,-1.7739317953441e-05,1.40128601148633e-05,-7.11482356120836e-05,6.67005049478765e-05,1.13317051189627e-05,2.00286072920624e-05,-6.54774418059538e-06,1.75751675743129e-05,1.23022044515698e-05,1.766044167083e-05,2.88668321420574e-06,3.75983941473622e-05,-4.09647426223728e-05,5.2069054284916e-05,1.13992098757114e-05,5.50997724532938e-05,-2.33348651463455e-05,0.000142262958420138,-3.25421324229307e-05,0.000111141045055144,-2.64803356054297e-06,0.000192226371621058,-1.48645519700177e-05,-2.0321908759223e-05,8.22025595207444e-05,-4.13476233330672e-05,-2.81828432263903e-05,2.50587337925644e-05,-0.00672141469432772,-0.00997643364502551,-0.0068509690228808,0.00241292134146482,-0.0145674468193496,0.00913536360584078,-0.010475078133437,0.000387857370611148,-0.00644372642827785,-0.000112326588246327,-0.000356692159472634,0.000473799944114312,-0.000361646118379589,0.00139360401401222,-7.10292459331924e-05,-0.000322199153541222,0.00183968979994713,-7.14158371289871e-07,2.51715344364688e-06,-6.25999878439935e-07,-2.3379319845676e-06,-1.58069417171821e-06,-1.96003386048661e-06,-2.23474133471259e-06,-5.38676463314035e-07,-2.61196638285824e-07,4.61254159803089e-06,-0.00326925745203707,0.00778183664859755,0.00217750326478953,-0.00231204797578551,0.00151210134748612,-0.00224458907412153,0.00221318102025403,0.00188897613433678,0.00163770885612447,-0.000685687218082917,-5.34590734006154e-06,0.00228868968308215,-0.100342341503498,-0.0310547352001074,0.155430335908817,0.000207475049621682,-0.00137644281779773,-0.000689082523886816
"north_west","ta_alpha",9.03463999123976e-06,1.69502460831199e-05,0.000202958389716182,-9.93344658870468e-09,8.00122382414926e-07,-4.20926888117094e-07,5.83911365451631e-07,1.60341692893945e-07,-3.17012177515241e-06,-1.62228632017128e-06,-4.36070537461189e-06,-2.24934944678536e-06,-1.40700475865024e-06,-2.59098655080954e-06,-5.40210983993315e-06,-1.83362421321257e-06,4.66131390031333e-07,1.93068427712838e-06,-1.06982416291386e-06,2.58841645860301e-06,1.20495768374688e-06,1.257657115446e-06,1.44945232894342e-06,1.49564060933076e-06,8.26657020775071e-07,2.75315013179602e-06,-3.13583182546662e-09,9.18268099563695e-07,1.78231116571369e-06,1.75608066346928e-06,-4.35135064737358e-07,2.62335568868113e-06,-1.10530171309252e-06,3.3326023319878e-06,-3.96203711623046e-08,-6.84552850054699e-07,2.37026372195562e-06,-9.10713919113709e-07,-2.40058915966001e-07,-2.21208200051599e-07,0.000101750077850269,0.000117848554564698,-0.00028198840491432,5.14541801064234e-05,-6.81085150612319e-05,-0.00016831035583798,-9.29674375482059e-05,-1.52268760472756e-05,-0.000119664497626266,-1.82230505775485e-05,-1.42189579997733e-05,-1.38754143293354e-05,9.10558278049228e-05,1.73570110271881e-05,1.45042507181052e-07,3.79722177739518e-06,-5.29917191708552e-05,2.2426631307416e-08,-8.70310405548867e-08,2.62214327564589e-08,-4.73283681376044e-08,-2.14998496400899e-07,-5.27383514845028e-08,-3.4830675758956e-08,-2.80330118093023e-08,-4.94939854610927e-08,1.48190529769456e-08,0.000132932827517229,0.000184172318039734,6.80605725520302e-05,-4.71733500964528e-05,5.45708285757393e-05,8.11109299059174e-06,-0.00016921795697772,-0.000130790446491977,8.41029311668258e-05,-3.95716714897253e-06,-1.65524901315782e-07,0.00123533467573902,-0.00949781162093618,0.000733922030032479,0.000207475049621682,6.59359700619869e-05,-0.000153483759280749,2.4271634012034e-05
"north_west","ta_delta",-6.13085399547636e-05,-7.56871310126731e-05,-0.000851236814563706,1.73446035800824e-06,-4.38137325875416e-06,3.64889485411607e-06,-2.47487123979474e-06,-2.18178765254619e-06,1.23019737662242e-05,-1.38369167259336e-06,1.21867562514782e-05,6.38938150935216e-06,3.83614151746999e-06,1.11304433231409e-05,9.57696640300172e-06,5.45087809948515e-06,-2.15479096823652e-05,-1.70483286971306e-05,-1.40765019511561e-05,-2.74097017008449e-05,-1.62434079259086e-05,-2.11621485891074e-05,-2.47189106837246e-05,-1.78618896714993e-05,-2.65761990260072e-05,-2.84363105605973e-05,2.69353592770324e-08,-2.90336035797629e-05,-2.33486575671377e-05,-2.07798818807075e-05,-4.642290092043e-06,-2.02357097498934e-05,-9.66468306752853e-06,-2.33679994706552e-05,1.22568059054586e-07,3.03748117760403e-06,-1.21855621465525e-05,2.87362681515626e-06,1.1671836872171e-05,-7.76267550476776e-06,-0.0009248674683909,-0.000370461679947284,0.00129711851589917,-0.000175968773807824,0.00035123491343519,0.00201055468096176,0.000731436417599306,7.28485722275713e-05,-1.83252292176354e-07,-3.46097802441543e-05,3.83766383125513e-05,4.22499623971897e-05,-5.2352989399878e-05,0.000226977979095118,-1.22541000976895e-05,-1.83055063620113e-05,3.33015918346697e-05,-2.0923675068417e-07,4.72445019109984e-07,1.18507310656547e-08,3.540389185904e-07,1.05571780326321e-06,2.28305224714288e-07,1.76768103030618e-08,1.93743037658508e-07,4.06853862429953e-07,6.76794048705926e-07,-0.000590505104132481,-5.57628438851756e-05,-0.000416893476917579,0.000148302480740367,-0.000519016697259195,8.86961723522011e-05,0.000307520133543266,0.000813191717580576,-0.000491121149305813,4.79603932737175e-06,7.95803102649379e-07,-0.00184700841740545,0.0400736270431204,-0.00218501493916076,-0.00137644281779773,-0.000153483759280749,0.00124075769211812,-0.00019146437667736
"north_west","ta_omicron",1.9265051522826e-05,0.000101778401367873,-0.000177699527497146,-1.47417285220238e-06,-1.23113865995054e-06,1.09412035672545e-06,-2.79724647705501e-06,1.44346310400003e-06,-3.46189787629299e-06,4.78171257903792e-06,-6.19185075106469e-06,-1.27971782715627e-06,-6.67300029780029e-07,-4.61956398209162e-06,4.78912857458089e-07,-6.91856437551599e-06,1.86445722072036e-06,1.71288167389765e-06,7.17730659785301e-06,2.49303773431617e-07,1.5703187542461e-06,3.84590653222486e-06,3.51041970287373e-06,1.66392503560358e-06,3.38356585129458e-06,4.12075002390029e-06,6.8458899535752e-08,1.48918827863406e-06,3.98580624324035e-06,-1.67652851814014e-05,-5.35109985286121e-06,-9.96274503376081e-06,-5.62335552304875e-06,-1.5062309423216e-05,1.03610071420065e-07,1.51640641310544e-06,-3.1719985347153e-06,1.55717661043444e-06,4.36168930792226e-07,-3.01130254349587e-06,-7.17050013919441e-05,2.0359753988835e-05,-0.000184929842675739,-4.80201703096188e-06,0.000845609933937926,-0.000720060389673593,5.67056791207903e-05,-5.86522680365115e-05,0.000473109445410668,-3.09787767650583e-05,1.05613848515268e-05,-2.51975217698001e-05,0.000272519326498933,-8.48887864361552e-05,1.74483443583258e-05,1.41835633021837e-05,-6.92394297282158e-05,7.98103258829455e-08,-2.97201192178484e-07,-1.37010108637361e-07,-1.10369677143274e-07,-1.59179089617675e-07,-9.74658383649834e-08,-6.98231106718291e-08,-2.68831587228027e-07,-2.2386121739264e-07,-3.32550937255925e-07,0.000392006093734646,-0.000791216269240371,0.000153927482883007,7.14696260766596e-07,0.000103035003069474,3.36742441396663e-05,-0.000624698876344339,-0.000387169605680326,0.000167834786356635,5.95879926761389e-05,-3.62067545294957e-07,-0.000668884047668974,-0.00667439001136852,0.00985986728501097,-0.000689082523886816,2.4271634012034e-05,-0.00019146437667736,0.00037797414829918
