"region","name","alpha_admission","alpha_D","alpha_death_hosp","alpha_H","beta1","beta10","beta11","beta12","beta13","beta14","beta15","beta16","beta17","beta18","beta19","beta2","beta20","beta21","beta22","beta23","beta24","beta25","beta26","beta27","beta28","beta29","beta3","beta30","beta31","beta32","beta33","beta34","beta35","beta36","beta4","beta5","beta6","beta7","beta8","beta9","mu_D","mu_D_2","mu_D_3","mu_D_4","mu_D_5","mu_gamma_H","mu_gamma_H_2","mu_gamma_H_3","mu_gamma_H_4","p_G_D","p_G_D_2","p_H","p_H_2","p_H_D","p_ICU","p_ICU_2","p_ICU_D","p_NC_15_24","p_NC_25_49","p_NC_50_64","p_NC_65_79","p_NC_80_plus","p_NC_weekend_15_24","p_NC_weekend_25_49","p_NC_weekend_50_64","p_NC_weekend_65_79","p_NC_weekend_80_plus","p_W_D","rel_p_D_alpha","rel_p_D_delta","rel_p_D_omicron","rel_p_H_alpha","rel_p_H_delta","rel_p_H_omicron","rel_p_ICU_alpha","rel_p_ICU_delta","rel_p_ICU_omicron","rho_pillar2_tests","seed_date_alpha","seed_date_delta","seed_date_omicron","start_date","ta_alpha","ta_delta","ta_omicron"
"north_west","alpha_admission",4.73737931779394e-06,-5.83023252826305e-06,1.00528476718989e-06,1.68514067652588e-07,-6.32942574308144e-07,-4.8765705582678e-08,9.92646786274524e-08,7.65696314095008e-08,-1.68673876168843e-08,5.40060973643837e-08,7.03809163822087e-08,-1.66768312582551e-10,6.22364662356895e-08,3.14396887241949e-08,1.90299544528053e-08,1.20699646972013e-06,-3.02434535096102e-08,-1.40114736286221e-08,5.06775037169027e-08,8.88098009852032e-08,-3.9428675809373e-08,1.3401971779922e-08,-3.44420728380099e-09,7.95436153483908e-08,-2.46813337611928e-08,1.20801741291074e-07,1.15914174604402e-08,-2.51589572448071e-08,2.50727718378979e-08,1.62211258222296e-08,-2.1525520210279e-09,2.287132050203e-07,-1.1776401065944e-07,1.67289809859691e-07,-2.04467402973781e-11,7.06150734807942e-08,-7.11315106893595e-08,3.72149853375816e-08,7.28202971360424e-09,1.39355142955966e-07,-3.63348298324789e-06,2.86143791137456e-07,-1.04916931630124e-06,3.08336069156083e-06,1.08662157410371e-06,5.86465463692961e-06,-4.70912882999901e-06,2.89187379548949e-06,1.09487833246796e-06,4.64945371761328e-07,-2.38467040820998e-07,-3.78959594026958e-06,-1.07856810343732e-07,-8.13545338135116e-07,4.44008881036624e-07,6.0396171874821e-07,5.26825840865489e-06,9.04272444579847e-09,1.12076681782358e-08,2.59383191299979e-08,1.40654751866714e-08,9.67475044531683e-09,1.82244042375257e-09,9.02460294683119e-09,4.82275399638327e-09,3.94598582839257e-09,3.01183846983587e-08,-8.84610611296056e-06,1.17647713876459e-06,-2.83397955012652e-06,-2.3417631729146e-06,4.90917822321855e-06,-1.60793675453665e-06,-2.47393969924502e-06,-1.11612942678641e-05,7.12385789583893e-06,-1.86465072443308e-06,-1.94516045284455e-08,-4.01405046763791e-05,8.55081581045741e-06,-2.95534967936055e-06,-0.000220701078543853,1.55350753917787e-08,2.24242448358302e-06,-1.54853044240973e-06
"north_west","alpha_D",-5.83023252826305e-06,0.000705445128959804,-1.29826643000121e-05,4.26317668151265e-06,-1.56703095420833e-07,1.41448075075422e-07,-9.45340429398926e-07,-3.47919225417038e-07,1.77919770584311e-08,-7.49053644571286e-07,4.62079363846555e-07,1.3957668803857e-09,-1.34973482777469e-07,-8.09079733425299e-07,1.07324827821098e-06,-1.23176071018866e-05,6.17318357015675e-07,1.10345586699786e-06,-1.86374433005001e-06,-8.86232964104384e-07,1.95518735421812e-06,-1.28509289630187e-07,1.2323321976423e-06,-8.39605562798068e-07,1.90227223580732e-06,7.66867696169093e-07,1.91656126373732e-08,1.59200982755245e-08,1.44250591216552e-06,-2.49461781451275e-06,3.07780784342236e-07,-1.37551551373431e-06,-2.28215138771793e-06,7.63300285986466e-07,-8.13894169846238e-09,-2.45437340912395e-07,1.19169970544946e-06,-1.35949662202269e-06,4.14337521395402e-07,-4.91568865696634e-07,5.7872236875586e-05,-3.07995813770582e-06,0.000151999065689893,-3.03573807410011e-05,2.73875413395897e-05,-0.000232438702688154,-1.591759872266e-05,-8.5140113177387e-05,1.01627721401695e-05,-6.25775977753056e-05,1.62926314538521e-05,6.62252963408332e-06,1.93092543317226e-05,-1.00753819636373e-05,-1.42795980145101e-05,6.16033733377892e-06,-3.79481898436886e-05,-8.51301169893449e-10,-2.28763417738118e-07,-1.2200250904337e-07,-5.82314307304655e-08,-3.50654795458936e-07,-2.18114614489738e-07,-9.99503873221563e-09,3.22854526743173e-08,-1.16726196799701e-08,-1.04171354729134e-07,8.80450560181096e-05,-0.000254255425041983,0.00016498322161545,-7.14238828181806e-05,8.71091616820839e-05,-6.13615711073255e-05,-2.57717983854499e-06,-0.000107868210552807,2.96158314718368e-05,1.24945764233677e-05,5.82551734917697e-07,-0.000427133101104019,0.000467594264281594,0.0010873857846774,-0.000417232098033329,-6.37179772629066e-06,-3.02756210676379e-05,4.51547324902446e-05
"north_west","alpha_death_hosp",1.00528476718989e-06,-1.29826643000121e-05,1.20476853667223e-05,9.95402171844854e-08,-4.00237383254955e-07,8.73488881391468e-08,-4.76551626299001e-09,-6.30826548428559e-08,9.93026836827227e-08,-2.22071915238335e-07,3.45468330769109e-08,-2.58277204612514e-08,-1.84710924829704e-09,7.2303301690474e-08,-6.75198404578783e-08,-4.22552653700724e-07,-1.5883868160193e-07,-4.66393128118752e-08,-6.8999504994177e-08,-2.764967714252e-08,-1.36022112500942e-07,-1.25631443323028e-07,-9.34190650763285e-08,-5.0035879979118e-08,-3.36469272080749e-07,-8.33960420695309e-08,1.87588017686741e-07,-1.35929570089626e-07,-2.95096846289526e-07,1.98736401146266e-09,-1.17426767748557e-07,-2.70894041117121e-08,-8.47369146085576e-08,4.54119699133952e-08,-1.34885245543934e-07,6.02618552574314e-08,3.04196184314947e-08,-5.21036636660116e-08,1.20415109300234e-07,-1.26659932742849e-07,-1.58058683607845e-06,7.37671173316533e-06,-1.05623802980092e-06,1.37327102076711e-05,1.26946758753789e-05,2.28950163304145e-05,-9.34569426972624e-06,5.68908497868457e-06,2.76806113433019e-06,6.91528982310574e-07,-2.48423787936712e-07,4.72672234635738e-07,5.37645381764881e-07,-1.69690222818258e-06,-2.52118404064261e-07,-2.97533258457938e-08,1.32915316314666e-05,1.10391294493692e-08,-2.2457290842914e-10,1.04741158393649e-08,6.47925893638505e-09,1.0355561395521e-08,6.64234720728274e-09,4.89780112799245e-09,4.75673398348252e-09,-2.14299771929753e-09,3.2107168891936e-08,-1.02000575146703e-05,-8.49217244203757e-06,-8.47084912741076e-06,-1.2402608427705e-06,4.81854225778204e-07,-3.3732929744351e-06,2.88530886844531e-06,-2.83289345451233e-06,4.65507893349179e-06,-1.16873428263937e-06,-2.61049064361822e-08,-2.43352177080969e-05,-2.02659708525935e-05,-4.91575583119925e-05,-0.000149042826973103,5.13224193477198e-07,3.57258061186217e-06,-2.06690598453306e-07
"north_west","alpha_H",1.68514067652588e-07,4.26317668151265e-06,9.95402171844854e-08,1.41545107556303e-06,-1.44175134471631e-07,-3.36632108939296e-08,4.45633386605074e-08,-2.34196023987863e-08,-2.2091902306603e-08,8.50389230787501e-08,-8.23034240962212e-08,2.59188201398121e-08,2.11404909057542e-09,1.1523906469873e-08,-1.86699899242325e-09,-4.78709104406438e-07,5.65128492918187e-08,-2.98290268240732e-08,7.44062649460747e-08,1.8038057484092e-10,8.24814233336564e-09,3.12557355320554e-08,-2.44855395666786e-10,8.99128929432789e-09,5.37308573495132e-08,1.93077010226369e-08,9.63730548883662e-09,7.26794907984684e-09,3.56411995692113e-08,-3.93532958704285e-08,3.66090395319902e-08,-3.53236312668136e-08,-2.25859687880603e-08,-6.01670170246796e-08,-2.6980086516558e-08,2.1018359278436e-08,2.950270069009e-08,9.65592673800552e-08,-1.76863623569074e-07,3.08957183538844e-08,-1.83943724979407e-06,2.38789285182035e-06,1.53303922232145e-06,3.43156881535216e-06,8.49022812860081e-07,-5.98734185028378e-07,-1.46960896465859e-06,2.84593743622562e-07,-8.29580748440565e-07,-4.68416909811865e-07,6.01358085458528e-07,-1.48222254614829e-06,-7.68976373990205e-07,1.34903983785257e-06,5.7219630915268e-07,2.58922705717679e-07,1.25609151125365e-06,-1.12495334158427e-09,-4.2389661425254e-09,-3.39117323617262e-09,5.24028477943481e-11,5.91656880382745e-09,-2.25216848868936e-09,-2.48761787652492e-09,-8.7110327335077e-10,-3.1861287711135e-09,2.831717716359e-09,-2.25607565616556e-06,-9.00325373635056e-06,-1.16771893507251e-06,1.1018035551065e-06,5.41378129800531e-06,-1.12842002027003e-06,7.25052052092233e-07,-5.05054711638847e-06,2.67253208556661e-06,-4.54957735739643e-07,-6.97701269661809e-09,-9.01269502922278e-05,6.17879415325507e-06,1.08134416695726e-05,-9.12590217571246e-05,-1.0305610193124e-06,-1.12620242841623e-07,4.66258603369393e-07
"north_west","beta1",-6.32942574308144e-07,-1.56703095420833e-07,-4.00237383254955e-07,-1.44175134471631e-07,2.14274162076239e-06,4.18357854165254e-08,-1.75087508752336e-07,1.55856790757541e-08,-8.57113929068344e-08,1.8087923547472e-07,-1.3525074929101e-07,-4.11892634652818e-08,-2.89076647493514e-08,-1.11013342168382e-07,-1.19063806800474e-07,-2.35657736793683e-06,-2.53572873831124e-08,-2.24005261368029e-08,6.71496633224362e-08,-3.00171769200465e-07,1.60401465373106e-08,-9.08002778988942e-08,-4.026633593592e-08,-1.17030379912069e-07,-2.9271657041804e-08,-2.21749344505819e-07,5.20226672947863e-08,2.97249244149852e-08,-1.70439295538396e-07,2.49186848288806e-08,-8.90195409894322e-08,-3.95447058756739e-08,-8.3613724207327e-08,2.33878269240589e-07,-3.34445208075935e-08,-6.99313135556209e-09,-4.29212808939194e-08,6.06856727021752e-08,-1.52354963518718e-07,4.28314472151881e-08,1.14396558197408e-06,3.40027192977906e-07,7.64646500712984e-06,-3.77731453006321e-07,6.09499152575816e-06,-4.52459749595497e-06,4.06604746363053e-06,-1.30133403966613e-07,-2.3948304101626e-06,6.07494132145598e-07,9.24406796403176e-09,4.02616708397483e-06,-2.07654377313639e-06,-1.99230148476196e-06,-2.33848943612778e-07,-4.15081527110178e-07,-1.99644118861799e-06,-6.55631267654993e-09,-5.99726388628262e-09,-2.01266182970227e-08,-1.8571960974711e-08,-3.74915053019403e-08,2.31346782309436e-09,-9.0645974468448e-09,-6.58560728510078e-10,-3.96229695765383e-10,-1.84598561522636e-08,-5.19652597542256e-06,-9.82539581915373e-06,7.33438382115259e-06,-3.29639491449507e-06,-8.82729025131218e-06,4.36296552229947e-06,5.48419026402437e-06,1.04938809955526e-05,-8.0408430405169e-06,9.44308276474811e-07,4.02251097396588e-09,0.0001652328148716,-4.67580790196256e-05,-2.72560154245265e-05,0.000744941657653993,1.45959375013872e-06,-5.57144039872582e-07,2.84853860250819e-07
"north_west","beta10",-4.8765705582678e-08,1.41448075075422e-07,8.73488881391468e-08,-3.36632108939296e-08,4.18357854165254e-08,1.86019111694632e-07,-1.97951122540324e-07,4.32301029363121e-08,-8.58114213427846e-10,3.39347904516488e-08,-2.42385374307747e-08,8.92092542992839e-09,-7.11617930561236e-09,4.70805192949137e-09,5.25099548748437e-10,4.66909205262506e-10,2.39630862038692e-08,-4.82100919936376e-09,2.56382495405924e-08,2.50716629292619e-08,-1.47001182132205e-10,2.29018270342052e-08,6.7657056370049e-09,3.86321595570129e-08,-1.74100937171436e-08,4.30785888339245e-08,-1.14398753583588e-08,1.96893336531582e-08,1.75088599385544e-08,6.19624864019305e-08,1.6787619141412e-09,3.66603625519276e-08,3.35590474434877e-08,1.38446991383768e-08,1.19743828669565e-08,-1.55006286972916e-08,5.648436491215e-08,-6.07678595200244e-08,1.31451364708346e-07,-1.84297681904744e-07,6.8919084595695e-07,7.05374785305289e-07,-2.08096820144916e-07,7.81588044923349e-07,9.57132893751712e-07,1.00560505763593e-06,-6.91592928552276e-07,1.58755381567352e-06,-4.07445682611542e-07,7.35869756915648e-08,5.05992768926983e-08,-6.33928334086935e-07,6.38984344419767e-07,-5.04448112916425e-07,-3.5966864969498e-07,4.23021914019136e-08,7.14130357768589e-07,2.50444711842492e-09,6.41290915330561e-10,4.42606397513245e-09,2.56063058858561e-09,2.05525120671382e-09,5.67192912904564e-11,2.67411585714447e-09,1.43401140851347e-09,1.67573006627642e-09,5.35009883660841e-09,1.80669657814781e-06,-7.99934319996538e-07,-2.31348851061278e-07,-3.63371473925398e-07,-9.86427570304776e-09,3.06075122042055e-07,-1.17959025382346e-06,2.91452498198039e-07,-3.55394208384758e-07,-1.24369409114646e-07,-1.56217818873477e-09,-3.35044533000742e-06,-6.32676761746319e-06,-9.91910718567609e-06,5.43162723991488e-06,2.89862058689337e-07,-4.83138449721453e-07,-6.61328411585724e-07
"north_west","beta11",9.92646786274524e-08,-9.45340429398926e-07,-4.76551626299001e-09,4.45633386605074e-08,-1.75087508752336e-07,-1.97951122540324e-07,3.88351880711686e-07,-1.42392298471134e-07,7.96811038758148e-08,-6.7482489205493e-08,7.18494575425293e-08,1.50451921866818e-08,3.64438057947513e-08,3.43005751015758e-08,4.24441709954744e-08,3.3654752973986e-07,1.61848724075575e-09,2.14180190883889e-08,2.56056387544182e-08,1.45532429822698e-09,3.04901548685293e-08,1.92815853917797e-08,4.89913513163089e-08,1.02325654826281e-09,7.44102585801855e-08,5.10430446338578e-08,6.20074774019822e-09,1.71576970110015e-08,6.62136650211746e-08,-1.22226572939851e-09,1.7509798579707e-08,5.94218025069011e-08,-8.47481040063748e-09,6.32969087549395e-08,-4.66496738472618e-09,1.76961200306837e-08,-1.88093338811398e-08,4.21818779180358e-08,-7.5038286294168e-08,1.75348408371822e-07,-2.9539946931932e-07,1.03835848100869e-07,-3.84296377867775e-07,-1.15498247087663e-07,-1.00113345492683e-06,-3.04998430745117e-08,-9.22708941743038e-07,-8.6269677774728e-07,-6.66366630265832e-08,-4.49663928344547e-07,-3.18270588911808e-08,-1.47316007977914e-06,-2.44407973241681e-07,-2.6227261641769e-07,4.41875789213449e-07,8.55345665905865e-08,-9.68960247086337e-07,2.05709649321141e-09,7.3668736311175e-09,5.60070733643378e-09,3.51788050205832e-09,1.46932791290265e-08,2.2671976837109e-09,2.22023278095332e-09,2.68484496198829e-09,-1.50289723583859e-11,1.05678097708719e-09,-9.7841310938747e-07,1.54231677779026e-06,-2.99422997050601e-07,1.88695064559495e-07,1.97393303233622e-06,-9.21417492483538e-07,-7.95079468429519e-07,-2.44210256787057e-06,1.69069790994106e-06,-1.24084648147436e-08,6.42820203358772e-10,-8.59868907366493e-05,1.35854008064368e-05,9.47585611269049e-06,-5.88430473409673e-05,-7.97377916830116e-07,7.40236618189822e-07,-2.75683237991499e-07
"north_west","beta12",7.65696314095008e-08,-3.47919225417038e-07,-6.30826548428559e-08,-2.34196023987863e-08,1.55856790757541e-08,4.32301029363121e-08,-1.42392298471134e-07,1.75995786107197e-07,-1.27824283486533e-07,1.1737339625569e-07,-4.77837391627292e-08,-2.99752984459672e-09,-8.96869272186502e-09,-3.23379125947097e-09,-1.59651858544055e-08,-3.90127632723083e-09,-2.6601778590905e-09,-1.19291125102778e-08,-1.84782778830619e-08,4.11312472547172e-08,-2.38014218341315e-08,-4.62406293207774e-09,-1.92980315782778e-08,1.2629052394051e-08,-2.87796471798983e-08,-6.83027652606046e-09,-4.90135190924686e-09,-9.47762505388446e-09,-1.63599024455685e-08,6.25728909041698e-09,7.82335889826658e-09,-8.08363881251363e-09,9.08675447955313e-09,-2.17022869856994e-08,7.47392396282441e-09,-8.10249695706849e-09,1.21512814099913e-08,-1.82233085029843e-08,4.4348059168622e-08,-3.96572002247899e-08,-5.27759354055029e-07,-1.2821648422997e-07,3.17377174540701e-07,8.24854891810823e-07,6.18225706089988e-07,-5.25619369276046e-07,-5.37694871548196e-07,6.17610220213248e-07,2.75718936488767e-09,3.58480890055929e-07,1.17922026174707e-07,-2.34798142946525e-07,-3.99285606859317e-07,2.1072991514772e-07,-1.38201415562889e-08,-2.57470679242749e-08,1.59515864336758e-06,8.36519561112519e-10,-4.68347316164147e-10,3.07302503972672e-09,1.61459315395231e-09,1.32210596709163e-09,9.58312670632572e-10,7.98953053661169e-10,-1.22348441554383e-09,8.60176699121239e-10,1.24591226713963e-09,-1.53478483132334e-06,-2.70686973970961e-06,3.07224258700221e-09,-9.36544863557309e-08,3.30939785186453e-07,5.66062941298853e-07,-1.51198888893987e-07,1.70259130035154e-07,-3.79647521109355e-07,-4.72837098916083e-08,-1.38670113407313e-09,6.96430793028093e-05,-3.02993423519182e-06,-7.80065484655182e-06,3.05204399612028e-06,5.3048301840582e-07,2.17211584741161e-08,-4.24742625751015e-07
"north_west","beta13",-1.68673876168843e-08,1.77919770584311e-08,9.93026836827227e-08,-2.2091902306603e-08,-8.57113929068344e-08,-8.58114213427846e-10,7.96811038758148e-08,-1.27824283486533e-07,1.71774752274944e-07,-2.02700390489978e-07,1.14540245723796e-07,9.52116917014334e-09,1.38515692207554e-08,2.00199343177335e-08,3.57867981573508e-08,1.25355871620293e-07,9.48873291226881e-09,2.31416384477522e-08,7.30519364429863e-09,1.3695213271751e-08,2.53037446429884e-08,3.15747784597767e-08,3.33328713732519e-08,2.11529316381414e-08,4.62793159078056e-08,5.49429962540611e-08,1.78326373913107e-09,2.72104113901706e-08,5.72445990517856e-08,1.81778063681692e-08,1.62454403336224e-08,3.88241655316192e-08,1.43783519586493e-08,3.82175353990397e-08,-1.89407091961417e-10,9.04791939148049e-09,4.99498977542075e-09,-1.85427888214605e-09,2.17721948243728e-08,1.39580318644607e-08,5.93079776346478e-07,5.08925197316583e-07,-1.61037454044344e-06,-9.15432564756123e-07,-4.40963604233195e-07,4.39963697023057e-07,-4.8776827493298e-07,-5.33163333576112e-07,5.59393028972722e-08,-3.85770885960276e-07,-2.44683246399103e-07,-1.09547279451859e-06,-8.68113677523694e-08,-6.48032415025168e-07,-1.92638579640941e-07,7.06547905678879e-08,-1.25364489962811e-06,1.69215699049561e-09,4.24508283907049e-09,2.43729974752814e-09,1.63622223404171e-09,8.6769363861245e-09,2.54007447106074e-10,1.60438916522296e-09,3.30672765874185e-09,1.23948658175117e-09,4.23318278480549e-09,1.9102740809747e-06,4.90283009773384e-06,-5.78550433562897e-07,-3.39621764324527e-07,2.34242245249091e-06,-1.77416307575987e-06,-8.45958905433257e-07,-1.21968539767682e-06,9.03603203358712e-07,1.42815006959719e-08,6.08084556346189e-09,-4.40646985533543e-05,3.76711624922194e-06,6.18397833469643e-06,-3.6947444473394e-05,-2.54509193077934e-07,-1.23349326688709e-07,-2.47540490277937e-07
"north_west","beta14",5.40060973643837e-08,-7.49053644571286e-07,-2.22071915238335e-07,8.50389230787501e-08,1.8087923547472e-07,3.39347904516488e-08,-6.7482489205493e-08,1.1737339625569e-07,-2.02700390489978e-07,5.51667715435961e-07,-4.11114880925826e-07,8.63942172755384e-09,-2.33364587600871e-08,-1.41685569855565e-08,-3.14952065723345e-08,4.36057248595005e-09,-8.02546209102311e-10,-2.29188479019299e-08,3.29544215865791e-08,-2.63482127256109e-08,-4.87508344986553e-09,-2.24151475900895e-08,1.95322249630394e-09,2.04826889649168e-08,-5.32638861431528e-08,-4.32056717997123e-09,-1.06869559676399e-08,1.07752630502786e-08,-6.7539149739431e-09,5.04788448796642e-08,-5.65177158750139e-10,1.61066524636154e-08,1.6283663874087e-08,6.67461504707629e-08,1.08577677866277e-08,-1.3314786541195e-08,2.10185256883952e-08,1.48208426482148e-08,-3.84725423462008e-08,-2.25205338191839e-09,-5.76278509668205e-07,-3.72581336784552e-07,2.09634466841943e-06,2.79229521683222e-06,1.57987591655447e-06,-5.38331675368481e-07,2.21197286716748e-07,2.12394980652854e-06,-5.83164872431671e-07,8.12907196507056e-07,5.32898771298697e-07,-1.67382672615936e-07,-1.46856523827259e-06,4.45898343869348e-07,3.37714686673289e-07,-5.86875246558298e-08,3.57528766995433e-06,3.92812723198602e-09,3.01361678708825e-09,4.48613119318067e-09,3.25863342639791e-09,-2.62914146815287e-10,2.61139807673897e-09,2.31267539684279e-09,-6.88574410218049e-10,1.91372824938779e-09,4.46264177809146e-09,-1.11360208300114e-06,-9.23379266162268e-06,-6.58810906453299e-07,1.7170326407591e-06,-2.81145654055269e-06,2.08482241139947e-06,1.77494884828442e-06,2.07853806431854e-06,-4.54751824427545e-07,-2.78012445768331e-07,-7.67828208274641e-09,0.000115168276490396,-1.14198761873834e-05,-1.79025710675596e-05,6.47437978645552e-05,1.10752087276351e-06,-1.36760834849402e-07,-1.20148120921966e-06
"north_west","beta15",7.03809163822087e-08,4.62079363846555e-07,3.45468330769109e-08,-8.23034240962212e-08,-1.3525074929101e-07,-2.42385374307747e-08,7.18494575425293e-08,-4.77837391627292e-08,1.14540245723796e-07,-4.11114880925826e-07,6.24236808000132e-07,-2.18849952620369e-08,6.28656050966273e-08,2.45873564635334e-08,5.28609073923105e-08,1.64805780899274e-07,-1.42904035530223e-09,4.12878682208548e-08,3.42170488350078e-08,-1.59030814075831e-08,2.08070437799434e-08,4.44653852495451e-08,5.15196289056494e-08,-1.91876862573798e-08,1.41637654912551e-07,2.20411703869005e-08,1.60071722791487e-08,4.18142406023029e-08,5.60207136840434e-08,4.27591641952309e-10,2.8102886786102e-08,2.80465638813522e-08,-7.21580214986821e-09,5.5171648380749e-08,-1.22688867009335e-08,2.91973293871504e-08,-3.37840024758368e-08,1.90675949466108e-08,1.95070824130207e-08,3.33824429727728e-08,7.18443691556561e-07,3.16131459153446e-07,-4.10001206683913e-07,-1.23328679072791e-06,2.528323851029e-07,-3.09071995431292e-06,7.63787571010859e-07,-2.33412898825323e-06,4.0751059677984e-07,-3.91001082575544e-07,-2.73976690679416e-07,-1.10338276901105e-06,4.44281519656905e-07,-7.19818200481309e-07,-1.09408966917196e-07,4.5743674238309e-08,-3.95198303057164e-06,-3.38954435628417e-10,3.90779470373535e-09,1.32712246493496e-09,1.46521674968351e-09,9.81334440725306e-09,2.85260521306824e-09,-1.74613809547853e-10,4.39864802853836e-09,7.81218047069846e-12,2.37063470001352e-09,7.79059546894602e-07,3.87761513257722e-06,2.35742146324688e-07,-1.52459529458352e-06,1.66939137043679e-06,-7.68763214191264e-07,-1.43607831542283e-06,-2.49961448562994e-06,6.15273817300481e-07,3.70468139718328e-07,8.28263797403387e-09,-8.01593957684014e-05,1.99826817214408e-05,1.64660215000042e-05,-4.93790397542895e-05,-1.04230302028325e-06,7.66783019056334e-07,-2.01450315314725e-08
"north_west","beta16",-1.66768312582551e-10,1.3957668803857e-09,-2.58277204612514e-08,2.59188201398121e-08,-4.11892634652818e-08,8.92092542992839e-09,1.50451921866818e-08,-2.99752984459672e-09,9.52116917014334e-09,8.63942172755384e-09,-2.18849952620369e-08,3.56789349310832e-08,1.27089149519859e-08,4.47425161863183e-08,3.2831528188167e-08,4.04152353986676e-08,3.31581689395396e-08,2.25176855863639e-08,3.10909019136674e-08,3.47471694705837e-08,3.11200274112662e-08,4.00028177951841e-08,3.40567498998132e-08,5.21027609864837e-08,3.82031395016776e-08,7.38395893600665e-08,-5.38402748431351e-09,3.37670076488877e-08,6.72507018278556e-08,4.19657487057948e-08,2.38803958520799e-08,3.73921918109186e-08,2.89307742865224e-08,3.12528886720864e-08,5.6333401587023e-09,1.87787901581371e-09,1.63864518544093e-08,-1.1702858726881e-08,2.3719992099523e-08,-5.6421544609603e-09,3.69848638774647e-07,2.42330406684386e-07,-6.42494756549057e-07,1.63603679864746e-07,-7.63866317892694e-08,-4.93012109890586e-07,-3.935417644898e-07,4.59107594006976e-07,-1.86790133745057e-07,-1.80230707551421e-07,-4.47570214148176e-08,-8.30714383812132e-07,-1.03347908239428e-07,-2.96501130200659e-07,-6.97332338382446e-08,-4.38468486056506e-10,1.62202206394161e-07,1.1963360979394e-09,2.08028206886746e-09,4.24083399270057e-09,2.47036425362504e-09,5.95552719142024e-09,1.31532526495815e-10,2.21775579417445e-09,1.1171466346822e-09,1.10774262950681e-09,2.32800954155772e-09,7.92252504202596e-08,1.38190086636144e-06,-5.28765634946146e-07,-7.1397744661809e-08,1.02740094840108e-06,-1.02170172263078e-07,-5.7909417572549e-07,-4.8969033767484e-07,6.41730680725267e-07,-1.08765106534812e-07,-1.55141937211001e-09,-0.000107125721774244,2.02066782246985e-06,1.55603996636996e-06,-2.17884429129701e-05,-1.0342222482753e-06,-7.36753052522859e-08,-2.89568253697066e-07
"north_west","beta17",6.22364662356895e-08,-1.34973482777469e-07,-1.84710924829704e-09,2.11404909057542e-09,-2.89076647493514e-08,-7.11617930561236e-09,3.64438057947513e-08,-8.96869272186502e-09,1.38515692207554e-08,-2.33364587600871e-08,6.28656050966273e-08,1.27089149519859e-08,4.92144923718969e-08,4.72303665987516e-09,5.26734610005e-08,6.85109278926429e-08,2.28793340132587e-08,3.35551294075273e-08,3.22505864929551e-08,3.41947352460721e-08,3.05709401499541e-08,4.55226102865098e-08,4.29229967351828e-08,4.47774395826777e-08,6.86637266453327e-08,6.25233537609845e-08,-5.10945366833724e-10,4.67900095206526e-08,6.95188232470927e-08,4.02687966958178e-08,2.11254912358885e-08,3.95433119331091e-08,2.3860348443998e-08,5.03044926058846e-08,2.5794536673541e-09,9.45418619939711e-09,-1.29067448412076e-08,1.57331207340976e-08,1.49529051775968e-10,1.89687061915892e-08,3.14478503344924e-07,1.50893567180607e-07,-1.17783188962073e-07,2.49686057216187e-07,2.18354314721641e-07,-8.92926969433737e-07,-4.41322671753045e-07,-2.47376726783067e-07,-1.97639079280439e-07,-1.46715701108833e-07,-3.41739368006988e-08,-7.75374162632817e-07,-2.36617555555055e-07,-5.29964839506092e-07,-1.08660782355513e-07,3.1450164934054e-08,-1.44262821361209e-08,1.42030903985439e-09,3.1766853145713e-09,3.77383973420643e-09,1.97975334264017e-09,4.14553606409815e-09,1.04221701585769e-09,1.11353064678705e-09,1.4840506457718e-09,1.028814632171e-09,1.65586288757304e-09,7.49306993905217e-09,8.02179820695142e-07,-6.85198964843076e-07,1.35717506616399e-07,5.99349766147795e-07,1.50443309530328e-07,-2.88949012770088e-07,-5.38163190051744e-07,3.04138777346915e-07,-3.32101763029355e-08,1.23131039011394e-09,-0.000131923050061528,2.63068886232242e-06,5.90775476799144e-06,-1.45525082009985e-05,-1.24491082502241e-06,1.53739433979843e-07,-1.92802845341203e-07
"north_west","beta18",3.14396887241949e-08,-8.09079733425299e-07,7.2303301690474e-08,1.1523906469873e-08,-1.11013342168382e-07,4.70805192949137e-09,3.43005751015758e-08,-3.23379125947097e-09,2.00199343177335e-08,-1.41685569855565e-08,2.45873564635334e-08,4.47425161863183e-08,4.72303665987516e-09,1.72989729955624e-07,-2.69912644467961e-08,1.36251484806799e-07,3.6920892161472e-08,2.68712804026564e-09,2.2317646455974e-08,8.42282074508007e-09,2.07365266933709e-08,2.61140932608747e-08,2.15270700550832e-08,3.40950336762312e-08,1.38144587493957e-08,8.59772007747385e-08,-6.94468368440144e-10,-1.43754541230968e-08,7.0209643951206e-08,2.41118128844647e-08,3.09497010155299e-08,3.8270896632484e-08,1.41710342457944e-08,3.60136264562023e-08,3.88255158804826e-09,2.148087802213e-09,3.65916758860209e-08,-2.87533635526842e-08,4.49327778207386e-08,-7.7630530928016e-09,1.66701182226979e-07,-6.12398915772931e-08,-1.24549489909833e-06,-2.60914866867871e-07,-1.01435065751089e-06,-5.39899796238652e-07,6.57205987954985e-08,-2.01052405065049e-07,9.20650982427207e-08,-3.37023447695688e-08,-2.37849697994382e-07,-1.37534486582271e-06,2.94935245596902e-07,-3.8765370710311e-07,1.19582057899754e-07,-2.70725197884231e-08,5.7352185492971e-07,1.24962951328245e-09,2.58406207273507e-09,6.28588316798585e-09,2.99360082350766e-09,8.97817172183804e-09,1.59666337588134e-09,3.81641281977612e-09,2.67525541307482e-09,1.7495995048679e-09,4.79684881275291e-09,-5.56814030002232e-07,3.66501594629043e-06,-1.18198413710014e-06,5.45171246442642e-07,2.11514515912903e-06,-5.17782285871486e-07,-1.57538139170194e-06,-1.2938171928674e-06,1.50613421447565e-06,-9.71769402070088e-08,2.43675162497788e-09,-0.000146511917523819,1.00113496378123e-05,2.63709153697993e-06,-4.65082306315908e-05,-1.42216559444083e-06,1.34379974910749e-06,-7.16452851195769e-07
"north_west","beta19",1.90299544528053e-08,1.07324827821098e-06,-6.75198404578783e-08,-1.86699899242325e-09,-1.19063806800474e-07,5.25099548748437e-10,4.24441709954744e-08,-1.59651858544055e-08,3.57867981573508e-08,-3.14952065723345e-08,5.28609073923105e-08,3.2831528188167e-08,5.26734610005e-08,-2.69912644467961e-08,1.91527086759993e-07,1.161212457937e-07,5.32348825745136e-09,1.0730155973825e-07,3.7828452182425e-08,9.24085283964994e-08,8.33238281294804e-08,1.00252866666882e-07,1.01163407437235e-07,1.08533726241746e-07,1.45683961716444e-07,1.50003490599359e-07,-1.05847408662095e-08,1.13928617616861e-07,1.6314524691024e-07,9.85887743134127e-08,5.41129870936995e-08,8.33657682169463e-08,8.57733953587688e-08,3.03144210406696e-08,1.51764376690563e-08,5.48094124315076e-09,-4.08363998918424e-09,-3.81932717839336e-11,3.48316078477118e-08,1.18477391579539e-08,9.23896517793591e-07,1.85416068244192e-07,-1.39640798326058e-06,5.65055038879578e-07,3.51352619862857e-07,-2.23626693293305e-06,-5.48521602270401e-07,-1.55838532208606e-07,-1.69259290878354e-07,-3.96471724684334e-07,5.38678976153577e-08,-1.42435259467216e-06,4.5838233272099e-08,-4.33354232375996e-07,-2.31624105018985e-07,6.54744219202061e-08,-1.08907091449e-06,3.48322721162735e-09,4.23229102173827e-09,6.44016473254363e-09,4.90023298928422e-09,1.08595331285477e-08,1.22044445742403e-09,3.49851694976503e-09,2.15631885232341e-09,2.97580166445898e-09,3.30929374574537e-09,1.53983632384498e-06,2.14794690207889e-06,-1.56833494050362e-06,-1.10268596437707e-07,1.78543676810574e-06,-6.40411138480348e-07,-1.12633032501548e-06,-1.00700480006233e-06,3.98974110141097e-07,-3.79313903468985e-08,2.14843867818132e-09,-0.000180853840906635,1.42526204230988e-05,1.02732279625257e-05,-5.29239226217812e-05,-1.66334215006903e-06,-1.34122324719222e-06,-3.55304855697832e-07
"north_west","beta2",1.20699646972013e-06,-1.23176071018866e-05,-4.22552653700724e-07,-4.78709104406438e-07,-2.35657736793683e-06,4.66909205262506e-10,3.3654752973986e-07,-3.90127632723083e-09,1.25355871620293e-07,4.36057248595005e-09,1.64805780899274e-07,4.04152353986676e-08,6.85109278926429e-08,1.36251484806799e-07,1.161212457937e-07,1.39410283153734e-05,6.73075670318774e-08,-1.35827474218065e-08,2.04247059690034e-07,1.8165138843691e-07,1.01433400300774e-07,7.20668846066575e-08,1.67278704166646e-07,1.82014062845048e-07,3.42214908286542e-08,3.09343196084237e-07,-8.01986300181129e-07,1.21926134775316e-07,2.45016963066125e-07,3.72304471367268e-07,1.71404336766094e-07,2.80686826674022e-07,3.19538332287585e-07,-2.05392670904435e-07,4.52100839940885e-07,-3.46104120192804e-07,3.43270733819945e-07,-1.59129856276168e-07,3.24945665043626e-07,8.7768291677183e-09,-2.23513592631197e-06,6.1980914666785e-08,-1.49308495994559e-05,-4.52045313746553e-06,-8.3680719590227e-06,1.30667833966972e-05,-5.04276928592873e-06,1.25477607875229e-06,1.87320110651337e-06,1.8883742986262e-07,-2.17696570918337e-06,-7.94146968673271e-06,-3.54759759650753e-06,-1.06156752164971e-06,-1.49555214204345e-06,4.47208932142066e-07,1.99006224554132e-06,1.28091206828228e-08,3.17093438817948e-08,4.13550448194779e-08,2.20507608956827e-08,8.74135371628193e-08,2.94717875180052e-09,1.45000120158389e-08,6.5153154559951e-09,9.27151757462438e-09,4.20896605978366e-08,6.79559253747676e-06,1.89557608963482e-05,-4.20851434712096e-07,-2.2147735106237e-06,8.12058400356826e-06,-2.27915040029153e-07,-5.15104036413078e-06,-1.76624774123749e-05,1.29809313152547e-05,-2.07133149240199e-06,-3.21576504174382e-08,-3.49199528241507e-05,-5.55844948770355e-05,-8.57113627356663e-05,-0.000448603177435717,5.37067467223502e-07,-2.0729098687782e-07,-6.92154968462859e-06
"north_west","beta20",-3.02434535096102e-08,6.17318357015675e-07,-1.5883868160193e-07,5.65128492918187e-08,-2.53572873831124e-08,2.39630862038692e-08,1.61848724075575e-09,-2.6601778590905e-09,9.48873291226881e-09,-8.02546209102311e-10,-1.42904035530223e-09,3.31581689395396e-08,2.28793340132587e-08,3.6920892161472e-08,5.32348825745136e-09,6.73075670318774e-08,1.30640970351212e-07,-9.51304991242334e-09,1.16407144273785e-07,5.27262814430966e-08,5.42086633344701e-08,7.2267146722361e-08,6.97789702941068e-08,7.9078534453592e-08,1.0103246862646e-07,9.7394533713689e-08,-1.58454197546848e-08,7.64690228344699e-08,1.13123011041407e-07,8.62052496252651e-08,2.35130205099335e-08,7.13309068091283e-08,3.95198917651402e-08,6.12425245670908e-08,1.33549653621035e-08,-1.08330926047018e-08,3.46874998440768e-08,-2.09133971273454e-08,3.61580959394384e-08,-2.12082204243152e-08,8.21280189556032e-07,4.54629069748843e-07,3.03377703569756e-08,5.99440424674584e-07,5.19170448680182e-07,-2.32551234176666e-06,2.03144811080911e-07,5.67646595355532e-07,-3.07002200260035e-07,-1.75936718698971e-07,1.66305411914345e-08,-9.98801659194203e-07,-1.40467849553856e-07,-3.75190505644617e-07,-2.41528955963959e-07,6.65116735608043e-08,-4.09643150041869e-08,5.33797182800949e-10,1.64471779526406e-09,5.50063764328494e-09,1.62969025131512e-09,4.19684141236468e-09,-1.21679054720276e-09,2.55619843354718e-09,1.46101457425597e-09,9.30771230416345e-10,1.94081595518689e-09,-9.21742272552505e-08,1.50618093528959e-08,-4.81125176796236e-07,-3.78398505849041e-07,2.84139182554465e-06,-1.27152981867146e-06,-5.43241654723246e-07,-5.54500664184293e-07,9.88410897000598e-08,-9.81692256294195e-08,-3.02239783732319e-10,-0.000145342008403305,-7.2472207017568e-06,5.8393784623791e-06,-1.69314820605358e-05,-1.36738884311528e-06,-1.18110732023962e-06,-1.58948754888136e-07
"north_west","beta21",-1.40114736286221e-08,1.10345586699786e-06,-4.66393128118752e-08,-2.98290268240732e-08,-2.24005261368029e-08,-4.82100919936376e-09,2.14180190883889e-08,-1.19291125102778e-08,2.31416384477522e-08,-2.29188479019299e-08,4.12878682208548e-08,2.25176855863639e-08,3.35551294075273e-08,2.68712804026564e-09,1.0730155973825e-07,-1.35827474218065e-08,-9.51304991242334e-09,1.26383396841227e-07,-7.61313590822839e-08,7.35197524936746e-08,7.08725788311052e-08,6.27479245762515e-08,6.75401550028941e-08,7.49864911567466e-08,9.16596036005483e-08,1.0435854582113e-07,-3.05074938660702e-10,8.05566345478021e-08,1.06231524911282e-07,5.16882288884732e-08,3.83734844083201e-08,3.58517147525212e-08,4.47942448746473e-08,4.47492486486737e-08,5.09176567712778e-09,1.22058553300068e-08,-2.24142080759475e-08,1.45194391175595e-08,3.04526370751047e-09,2.10877512970264e-08,6.0458023698078e-07,-2.36382675530714e-08,2.70419331842582e-08,2.39043043603541e-08,-3.91896416286382e-07,-1.97940568820626e-06,-2.23454021717245e-07,-4.39017330190282e-07,-2.2145812297405e-08,-3.32358949669685e-07,7.31551424763575e-08,-8.53033912801541e-07,-4.8023910523694e-07,-1.94326722433682e-07,-1.38570538115087e-07,8.32730727746859e-09,-1.49661857200821e-06,1.31985759976859e-09,2.20386020663373e-09,3.05981122497538e-09,2.25468726436587e-09,2.44206486124314e-09,1.12749644339257e-09,2.33139289529022e-09,2.15863785285688e-09,1.78913642370747e-09,1.14625354715268e-09,1.60007336611145e-07,5.80367059452205e-07,-3.08713601222475e-07,2.36769491560578e-07,1.03216788266211e-06,-9.44332245962729e-08,-2.41713988315709e-07,-2.92494838773172e-07,-2.06000370554309e-07,1.0008153262964e-07,3.21431705682254e-09,-0.000126312440070807,-2.03259574740444e-06,1.20190723252759e-05,-1.38555300573022e-05,-1.21843638569582e-06,-9.22443505539002e-07,3.85050356361522e-08
"north_west","beta22",5.06775037169027e-08,-1.86374433005001e-06,-6.8999504994177e-08,7.44062649460747e-08,6.71496633224362e-08,2.56382495405924e-08,2.56056387544182e-08,-1.84782778830619e-08,7.30519364429863e-09,3.29544215865791e-08,3.42170488350078e-08,3.10909019136674e-08,3.22505864929551e-08,2.2317646455974e-08,3.7828452182425e-08,2.04247059690034e-07,1.16407144273785e-07,-7.61313590822839e-08,4.36891822473501e-07,-2.13618881776694e-07,7.63362189764302e-08,6.93160881494057e-08,9.07728296263292e-08,4.98005232870045e-08,1.38500554457679e-07,8.0213143055038e-08,-1.82557998466366e-08,8.27041637362601e-08,1.20591936772311e-07,1.51715337630867e-07,3.65272753913273e-08,1.02018882921389e-07,1.00831772580811e-07,4.23565834915461e-08,8.93827128333618e-09,1.34774256289425e-09,1.58247510480926e-08,8.08334780122979e-09,8.04373549807298e-09,-7.47419947826825e-09,1.03541635135825e-06,3.39907465485544e-07,-2.27966725260171e-06,5.65662321918937e-07,1.56395007390029e-06,-1.19240068375681e-06,1.56147206860991e-06,1.17254181866543e-06,-6.47132353679297e-07,3.19037758379245e-07,-2.03492386668773e-07,-9.80441509293093e-07,-1.42219786765114e-07,-2.99480142279274e-07,-1.88738337319126e-07,1.66781129840793e-09,1.66997783370253e-06,3.04809481319387e-09,4.21427478242852e-09,6.04673533594546e-09,2.07293485963438e-09,1.16960822492732e-08,4.33053103814997e-10,1.48762492606435e-09,2.92696638723997e-10,1.95097903388052e-09,2.41773594535671e-09,-2.04644266516833e-08,3.46777253249285e-06,-2.57880177439327e-06,-1.76242743625916e-07,2.05701769626389e-07,6.07241947840589e-07,-7.32874286718467e-07,1.48653608188396e-06,-3.61750023275606e-07,-2.63283615347765e-07,-2.7435357802688e-09,-0.000140625447053981,-1.03729319939061e-05,-2.028059443655e-05,2.00672641126849e-05,-1.31701133579393e-06,-9.49571233729221e-07,-1.43597264011683e-06
"north_west","beta23",8.88098009852032e-08,-8.86232964104384e-07,-2.764967714252e-08,1.8038057484092e-10,-3.00171769200465e-07,2.50716629292619e-08,1.45532429822698e-09,4.11312472547172e-08,1.3695213271751e-08,-2.63482127256109e-08,-1.59030814075831e-08,3.47471694705837e-08,3.41947352460721e-08,8.42282074508007e-09,9.24085283964994e-08,1.8165138843691e-07,5.27262814430966e-08,7.35197524936746e-08,-2.13618881776694e-07,6.14277869083082e-07,-1.12901240811615e-07,1.60528664317183e-07,4.37372294816084e-08,1.57553505378407e-07,6.94654568018841e-08,1.62550644055908e-07,-1.26512441494404e-08,8.63138182910797e-08,1.52104487075326e-07,6.79445835339033e-08,4.35644771585443e-08,1.12978276378409e-07,2.2145123681735e-08,1.37000335122109e-07,2.17167426319493e-08,-9.53273476955765e-09,3.32911732808615e-08,-4.37727228146162e-08,9.68839787225196e-08,-4.59962722055885e-08,-3.64626350245392e-07,8.16381518012984e-07,1.16367960239432e-06,1.96422050315398e-06,-3.27211152082961e-08,1.72639483472858e-07,-2.24135086378252e-06,1.36430346858368e-06,-9.18943699322859e-08,-5.43058933633542e-07,2.74158634958074e-07,-1.68105689683908e-06,8.22004688862155e-07,-3.70164918495309e-07,-9.5124273489305e-08,1.34307010979633e-07,2.0850851036551e-07,3.18468475949891e-09,7.54024754689984e-09,1.2015566157508e-08,7.12914436365166e-09,7.49891697759542e-09,2.7595616349553e-09,7.1596231147301e-09,3.47176777059055e-09,2.92162541987433e-09,7.89493937088754e-09,-1.03579131299832e-06,-5.32335091898032e-06,5.02673056607847e-07,1.38277646592472e-07,2.96076396002334e-06,-1.92776415981663e-06,-2.02105573345704e-06,-2.79348083616372e-06,5.01081675206117e-07,2.35393476710099e-07,-8.61543993798158e-09,-0.00013692010372615,2.73382145477004e-06,1.37244387343589e-05,-0.000120234209731256,-1.21791304611974e-06,-9.11289587997719e-07,-3.99700890451571e-07
"north_west","beta24",-3.9428675809373e-08,1.95518735421812e-06,-1.36022112500942e-07,8.24814233336564e-09,1.60401465373106e-08,-1.47001182132205e-10,3.04901548685293e-08,-2.38014218341315e-08,2.53037446429884e-08,-4.87508344986553e-09,2.08070437799434e-08,3.11200274112662e-08,3.05709401499541e-08,2.07365266933709e-08,8.33238281294804e-08,1.01433400300774e-07,5.42086633344701e-08,7.08725788311052e-08,7.63362189764302e-08,-1.12901240811615e-07,2.0289141561531e-07,-1.33358841852235e-08,1.47947296267306e-07,3.85221669725959e-08,1.42980158747463e-07,1.14252084506923e-07,-1.7816458557003e-08,1.06030679439649e-07,1.26679002749902e-07,9.35372308534603e-08,3.95674744507877e-08,5.69784320441789e-08,6.92518275806949e-08,3.81342687398049e-08,1.43142741354331e-08,2.23050775572134e-09,-1.77581396600231e-09,1.43201357336512e-08,-1.36699853187449e-08,3.63961211744593e-08,1.08931931905933e-06,1.43224473053806e-07,-4.8131935905778e-07,-3.22041687710278e-07,-8.76693128134588e-08,-3.72535209335539e-06,1.45172644173422e-07,-7.78912853788062e-07,-7.67874488976377e-08,-3.4774897166579e-07,-4.03639272572637e-08,-1.19675784481989e-06,-9.15541132145323e-07,-5.71422670467843e-07,-1.449244562767e-07,4.04121636183067e-08,-1.09883942542625e-06,1.59958730487876e-09,2.32817761191035e-09,4.10420096596671e-09,2.43173362182271e-09,9.91585121957007e-09,-8.26610697105382e-10,1.90554799547383e-09,1.77840009030486e-09,2.1266944434129e-09,9.29937635831918e-10,6.6343340216921e-07,2.29049341653465e-06,-1.73063091357618e-07,-4.15646340145272e-07,2.7304539478285e-06,-1.41173843228545e-06,2.74577642235765e-07,-1.08318365390635e-06,8.54149181600219e-07,-2.1144615751595e-07,4.23918178076436e-09,-0.000148565156367615,-6.32336896962774e-06,9.24560442948016e-06,-8.09422625299156e-07,-1.3354012694029e-06,-1.31980765225772e-06,-2.12074727206642e-07
"north_west","beta25",1.3401971779922e-08,-1.28509289630187e-07,-1.25631443323028e-07,3.12557355320554e-08,-9.08002778988942e-08,2.29018270342052e-08,1.92815853917797e-08,-4.62406293207774e-09,3.15747784597767e-08,-2.24151475900895e-08,4.44653852495451e-08,4.00028177951841e-08,4.55226102865098e-08,2.61140932608747e-08,1.00252866666882e-07,7.20668846066575e-08,7.2267146722361e-08,6.27479245762515e-08,6.93160881494057e-08,1.60528664317183e-07,-1.33358841852235e-08,1.9991896491694e-07,1.52122495858633e-08,1.76534431765987e-07,1.30223992456993e-07,1.61374594731813e-07,-1.0619164099287e-08,1.03735716144237e-07,1.8785746930849e-07,1.08422541789856e-07,5.54687972457921e-08,1.03987959818653e-07,6.81300185342052e-08,1.1169851929989e-07,1.57562248522424e-08,2.05986572081166e-09,1.42199926541603e-08,-1.93904469351449e-08,6.89880614773269e-08,-2.24496247860866e-08,9.18689173212835e-07,3.51305214425239e-07,-2.33559891151456e-07,1.22701767352491e-06,8.75665911321963e-07,-1.91738652985447e-06,-6.23586838561544e-08,3.74088666558704e-07,-3.93411237330343e-07,-2.78312064943364e-07,1.39861587517137e-07,-1.64656846828897e-06,-1.3254248724763e-08,-2.92876290647263e-07,-2.93835262462353e-07,7.0449380801314e-08,-7.47530678914624e-07,3.99786031915443e-09,6.03919118696923e-09,1.00047305282987e-08,4.76421994291394e-09,8.14618998202067e-09,2.3540243933069e-09,5.90466654092145e-09,4.19136187330516e-09,3.1206033594468e-09,6.04329913210092e-09,5.53122573331785e-07,-8.41516092264787e-07,-1.44631896200126e-06,2.26627619548956e-07,2.05319005671681e-06,-8.8611548998676e-07,-1.31729786115512e-06,-5.15559030603301e-07,-8.11380638888319e-08,4.99024324758246e-08,9.01548720929846e-10,-0.000184637456659211,-2.27240335690621e-06,9.00389484082439e-06,-4.52439826749245e-05,-1.7111187457278e-06,-1.08745701538113e-06,-7.73392872690157e-07
"north_west","beta26",-3.44420728380099e-09,1.2323321976423e-06,-9.34190650763285e-08,-2.44855395666786e-10,-4.026633593592e-08,6.7657056370049e-09,4.89913513163089e-08,-1.92980315782778e-08,3.33328713732519e-08,1.95322249630394e-09,5.15196289056494e-08,3.40567498998132e-08,4.29229967351828e-08,2.15270700550832e-08,1.01163407437235e-07,1.67278704166646e-07,6.97789702941068e-08,6.75401550028941e-08,9.07728296263292e-08,4.37372294816084e-08,1.47947296267306e-07,1.52122495858633e-08,2.61225937662513e-07,-3.7741871276989e-08,2.45182847029411e-07,1.26230013992725e-07,-1.36222161686541e-08,1.52083731782113e-07,1.72410477516066e-07,1.40267704924088e-07,6.17747419406982e-08,1.02709211759922e-07,9.22948523012039e-08,9.81136481328525e-08,1.70140706455633e-08,1.86075211619425e-09,7.30404217585192e-10,1.92000080205174e-08,-6.52355668055036e-10,3.1887161571216e-08,9.72688635078684e-07,1.74792915147773e-07,-1.13431683955446e-06,-3.46918635525798e-07,1.63271688582269e-07,-3.83190363649447e-06,1.4137979881952e-07,9.66846827502598e-08,-3.15703745311585e-07,-1.06819710757321e-07,-1.209089460251e-07,-1.72861755196226e-06,-7.2070320835528e-07,-5.61727478129121e-07,-1.22870123569563e-07,4.67881855362235e-08,8.72115686340842e-08,3.74639454740889e-09,9.27113378051711e-09,8.67638390150597e-09,6.24312132601758e-09,1.45126079830256e-08,2.35793264907374e-09,4.1107918857933e-09,4.16839983815949e-09,3.25044276131899e-09,5.44789404661769e-09,1.09273533267605e-06,2.6593359195428e-06,-6.82807639148589e-07,-1.71936301772861e-07,1.88791905628961e-06,-1.14216196444791e-06,-2.25934742009221e-07,-4.91784080329069e-07,1.74683572581039e-08,-2.25611273138316e-08,2.38703018458027e-09,-0.00015024709325076,-1.15109196389251e-05,2.96139665904693e-06,-2.36215576659284e-05,-1.30974523256408e-06,-1.43704981188574e-06,-1.08789349753082e-06
"north_west","beta27",7.95436153483908e-08,-8.39605562798068e-07,-5.0035879979118e-08,8.99128929432789e-09,-1.17030379912069e-07,3.86321595570129e-08,1.02325654826281e-09,1.2629052394051e-08,2.11529316381414e-08,2.04826889649168e-08,-1.91876862573798e-08,5.21027609864837e-08,4.47774395826777e-08,3.40950336762312e-08,1.08533726241746e-07,1.82014062845048e-07,7.9078534453592e-08,7.49864911567466e-08,4.98005232870045e-08,1.57553505378407e-07,3.85221669725959e-08,1.76534431765987e-07,-3.7741871276989e-08,3.93187985518889e-07,-7.70867745890332e-08,2.68181599726616e-07,-2.57035175089572e-08,9.89194368296808e-08,2.10059258484233e-07,1.50410159855235e-07,6.51028209991399e-08,1.52118798760351e-07,8.09806702795616e-08,1.76215959351333e-07,2.19403865484324e-08,4.54636554474392e-10,2.5017770345686e-08,-2.16457702770089e-08,7.09181407675531e-08,-3.28544827960873e-08,1.09318639550916e-06,9.29155001243637e-07,7.98723117441867e-07,2.26012869164822e-06,1.20453865764378e-06,-1.09405567064545e-06,-7.03003310494179e-07,7.66513115628939e-07,-4.31114622612185e-07,-5.4041129532921e-07,2.77137441517197e-07,-2.04067854419448e-06,-4.24757232239944e-07,-7.34759887391635e-07,-2.3436076166859e-07,1.27300363614746e-07,1.51852853807898e-07,6.04563153346017e-09,6.26896612598081e-09,1.28645497350919e-08,6.01456790741626e-09,1.25007516726239e-08,1.69648676112407e-09,7.31726698171561e-09,3.00960104935085e-09,4.46642658724656e-09,8.09950061837859e-09,-9.27943136908682e-07,-4.1427760572731e-06,-1.75319629778732e-07,-4.23589866349298e-07,3.18331337800109e-06,-1.56348526060531e-06,-8.2835729994743e-07,-1.88719234282141e-06,8.20010235850441e-07,-2.87874405759691e-07,-4.05858769742539e-09,-0.00020715729467361,-2.26507062351758e-07,-7.07011229983638e-06,-5.70022186487187e-05,-1.90764756303638e-06,-1.12459263227525e-06,-1.51550111106985e-06
"north_west","beta28",-2.46813337611928e-08,1.90227223580732e-06,-3.36469272080749e-07,5.37308573495132e-08,-2.9271657041804e-08,-1.74100937171436e-08,7.44102585801855e-08,-2.87796471798983e-08,4.62793159078056e-08,-5.32638861431528e-08,1.41637654912551e-07,3.82031395016776e-08,6.86637266453327e-08,1.38144587493957e-08,1.45683961716444e-07,3.42214908286542e-08,1.0103246862646e-07,9.16596036005483e-08,1.38500554457679e-07,6.94654568018841e-08,1.42980158747463e-07,1.30223992456993e-07,2.45182847029411e-07,-7.70867745890332e-08,6.20784064484883e-07,-2.81404578010712e-08,1.41277406461156e-10,2.65467678746406e-07,2.2674128592432e-07,1.58680914066076e-07,6.92888939453518e-08,9.59082516534031e-08,1.2416860116593e-07,7.39202916847571e-08,1.67410469411023e-08,7.96004202482581e-09,-7.74923715811247e-09,4.32765720789516e-09,1.81068389771387e-08,6.25135401742179e-08,9.12482644479652e-07,-9.67724269605482e-07,-1.9819844976453e-06,-1.12200275480789e-06,-1.03808129640931e-06,-7.41703209479021e-06,1.60737903514761e-07,-1.16100644764241e-06,-3.58380068765953e-07,-5.9186473009734e-08,-2.27934983234056e-07,-2.20867019188149e-06,9.44316243565488e-08,1.95369199492411e-07,-2.16303373235602e-07,-3.53403639288346e-08,-1.7180922084667e-06,3.13366557010339e-09,1.04260997856168e-08,9.25034207193383e-09,6.35447764650088e-09,1.14634720351189e-08,2.39919998862497e-09,6.67237146919377e-09,6.25532993527735e-09,4.21016959452247e-09,5.18571420584786e-09,-2.42084973884243e-08,4.10279827788826e-06,-1.54270721990392e-06,3.48216243112116e-07,3.29590098326052e-06,-2.71746663174849e-06,-1.4014744929154e-06,-6.21437344824777e-07,5.93093490216198e-07,3.66841386152039e-08,6.09776857718856e-09,-0.00022362442861291,-7.76752597821624e-06,3.35087133094366e-05,-2.19313486567921e-05,-2.05122308565975e-06,-1.94653654948769e-06,-2.75463749387134e-07
"north_west","beta29",1.20801741291074e-07,7.66867696169093e-07,-8.33960420695309e-08,1.93077010226369e-08,-2.21749344505819e-07,4.30785888339245e-08,5.10430446338578e-08,-6.83027652606046e-09,5.49429962540611e-08,-4.32056717997123e-09,2.20411703869005e-08,7.38395893600665e-08,6.25233537609845e-08,8.59772007747385e-08,1.50003490599359e-07,3.09343196084237e-07,9.7394533713689e-08,1.0435854582113e-07,8.0213143055038e-08,1.62550644055908e-07,1.14252084506923e-07,1.61374594731813e-07,1.26230013992725e-07,2.68181599726616e-07,-2.81404578010712e-08,5.33372627131274e-07,-2.7141847897061e-08,2.45730984152548e-08,3.52897784808554e-07,1.64893430333725e-07,1.03168024601865e-07,2.09433440732545e-07,9.59151424700523e-08,2.35016151716955e-07,2.64629163844756e-08,1.09771729930546e-08,2.25611701541054e-08,-1.55066309006431e-08,9.03131279338259e-08,-2.88051811767186e-08,1.70034302930516e-06,1.18363679788568e-06,3.06575254418764e-07,2.71853025220299e-06,1.87622999549359e-06,-1.64198100446549e-06,-1.31593003767232e-06,2.1495469949791e-07,-4.32624565241657e-07,-8.64245295563037e-07,3.34401719270883e-07,-3.20005322588378e-06,-1.00799400913472e-06,-1.22410031673737e-06,-2.27636541256817e-07,1.99981325672602e-07,-1.49181775728906e-08,8.40593313630725e-09,1.0830954856692e-08,2.07388942935543e-08,1.00134160942321e-08,3.23201993363601e-08,3.61179071651549e-09,8.90661620342905e-09,6.57308472391535e-09,6.2016905933421e-09,9.87134099205183e-09,2.54686935534138e-06,-2.41702380801001e-06,-1.62268163029766e-06,-5.15448940716159e-08,4.50218261230787e-06,-1.85736816928073e-06,-1.62408636807151e-06,-2.64499688522214e-06,1.10444645251505e-06,-1.10837051716535e-07,8.47947895247619e-10,-0.000282200848397652,3.86044300517157e-07,8.12419493088871e-06,-0.00010037213921116,-2.53126190342054e-06,-1.23747444973108e-06,-2.11603383120198e-06
"north_west","beta3",1.15914174604402e-08,1.91656126373732e-08,1.87588017686741e-07,9.63730548883662e-09,5.20226672947863e-08,-1.14398753583588e-08,6.20074774019822e-09,-4.90135190924686e-09,1.78326373913107e-09,-1.06869559676399e-08,1.60071722791487e-08,-5.38402748431351e-09,-5.10945366833724e-10,-6.94468368440144e-10,-1.05847408662095e-08,-8.01986300181129e-07,-1.58454197546848e-08,-3.05074938660702e-10,-1.82557998466366e-08,-1.26512441494404e-08,-1.7816458557003e-08,-1.0619164099287e-08,-1.36222161686541e-08,-2.57035175089572e-08,1.41277406461156e-10,-2.7141847897061e-08,1.09188307646758e-07,-1.98253517750775e-08,-2.37729409799308e-08,-3.4236701612928e-08,-1.98278061006309e-08,-1.00704320666991e-08,-3.29054688741865e-08,5.44631223867689e-09,-7.35620627217918e-08,7.57687637282031e-08,-5.98406099540924e-08,2.52648650439736e-08,-2.81690696482176e-08,1.19375642730564e-08,-5.42163483634282e-07,-1.48574637457595e-07,3.95535430154252e-07,3.2091407528977e-07,-1.46361401539823e-08,-5.95928290682189e-07,-1.16287441749218e-07,-2.22622379830536e-07,6.16417854793181e-08,-1.03762499836937e-07,1.07041360520423e-07,1.13145305471795e-07,-7.30184296606552e-08,3.41688845552314e-07,7.01608302737071e-08,-1.37623571704397e-08,5.93535846383046e-07,-5.84032412967087e-10,-1.1375542321399e-09,-2.04535510422744e-09,-5.99480133996854e-10,-2.78067173657474e-09,7.62694241032398e-10,-5.21686798859664e-10,-7.94620772978543e-12,-5.69611354620051e-10,7.97689574134834e-10,-1.95099119092668e-07,-4.76037893695738e-07,-7.40005876809216e-07,5.01732862166096e-07,2.27053789520642e-07,-1.97570274259921e-07,1.3069365771294e-07,4.75595645131812e-07,-3.03702807521674e-07,1.07052511728371e-07,1.33197748847292e-09,1.61967156438887e-05,9.04413795379481e-06,7.35413266154206e-06,3.25051357729874e-06,8.54691943481317e-08,4.00283044947694e-07,4.27696550999403e-07
"north_west","beta30",-2.51589572448071e-08,1.59200982755245e-08,-1.35929570089626e-07,7.26794907984684e-09,2.97249244149852e-08,1.96893336531582e-08,1.71576970110015e-08,-9.47762505388446e-09,2.72104113901706e-08,1.07752630502786e-08,4.18142406023029e-08,3.37670076488877e-08,4.67900095206526e-08,-1.43754541230968e-08,1.13928617616861e-07,1.21926134775316e-07,7.64690228344699e-08,8.05566345478021e-08,8.27041637362601e-08,8.63138182910797e-08,1.06030679439649e-07,1.03735716144237e-07,1.52083731782113e-07,9.89194368296808e-08,2.65467678746406e-07,2.45730984152548e-08,-1.98253517750775e-08,2.9623489628723e-07,9.71411688859994e-08,1.81941851199015e-07,4.40269390611532e-08,8.98670344129998e-08,9.55019540244848e-08,1.0680590686241e-07,2.10215222555401e-08,2.52762822475247e-09,-8.43800090144251e-09,2.07832346419581e-08,8.79874767518987e-09,2.10008048238154e-08,1.11254614384759e-06,5.38477623342456e-07,-2.4832018032582e-07,-1.29971912802902e-07,1.22305798048792e-07,-4.37971996423165e-06,6.62291625759825e-07,8.50794871312872e-07,-6.36212482859278e-07,-2.94450092639995e-08,-1.8748673529452e-08,-1.6099775152176e-06,-2.02611322108411e-06,-4.93566525383142e-07,-2.26653261543485e-07,2.77766122838217e-08,-3.28866409633125e-07,4.14859148394914e-09,1.09203931451661e-08,7.9375037371228e-09,5.99235935080893e-09,6.82149682607548e-09,2.57601586824672e-09,6.73873862568831e-09,4.27735728381385e-09,3.42452198263408e-09,6.01199848160856e-09,-1.34255796294732e-06,-2.77761358885681e-07,2.94577498800432e-07,-7.32612326654325e-08,1.61236826551539e-06,-1.47372401897196e-06,1.71901339887652e-06,7.31055759965427e-08,-1.14439138303556e-07,-3.19540889374508e-08,-1.54263954459826e-09,-0.000154092084701705,-1.52971785662304e-05,-8.05357919191246e-06,-1.04276186959082e-07,-1.32560416025422e-06,-1.84443240350508e-06,-6.91104657411433e-07
"north_west","beta31",2.50727718378979e-08,1.44250591216552e-06,-2.95096846289526e-07,3.56411995692113e-08,-1.70439295538396e-07,1.75088599385544e-08,6.62136650211746e-08,-1.63599024455685e-08,5.72445990517856e-08,-6.7539149739431e-09,5.60207136840434e-08,6.72507018278556e-08,6.95188232470927e-08,7.0209643951206e-08,1.6314524691024e-07,2.45016963066125e-07,1.13123011041407e-07,1.06231524911282e-07,1.20591936772311e-07,1.52104487075326e-07,1.26679002749902e-07,1.8785746930849e-07,1.72410477516066e-07,2.10059258484233e-07,2.2674128592432e-07,3.52897784808554e-07,-2.37729409799308e-08,9.71411688859994e-08,4.3698445355406e-07,1.64522319026758e-07,1.35231935887182e-07,1.98438594359897e-07,1.53001072847346e-07,2.26049485499043e-07,2.91304538548933e-08,1.39570523676392e-09,3.12492083739239e-08,-2.2206847326346e-08,7.21530401035252e-08,1.12078550927475e-08,1.26609884484038e-06,-2.18300904792743e-07,-1.34295424472643e-06,1.05215510507392e-06,5.49748617442811e-07,-5.17206850093229e-06,-6.3193772775591e-07,-7.68874012729387e-07,-2.5725482254301e-07,-6.7966660509428e-07,7.86129193804891e-08,-3.21852603002276e-06,-5.88901545615839e-07,-6.29562600073763e-07,-2.41675319888865e-07,1.51882964650544e-07,-5.96008347626459e-07,8.59048612331933e-09,1.24691631546965e-08,1.99932813150631e-08,9.84648494254002e-09,2.80355422845939e-08,4.24834112183936e-09,9.79430379699474e-09,7.32387942317306e-09,7.02145493124539e-09,1.2181654525772e-08,2.64157838222924e-06,1.54286050073114e-06,-2.15718520483431e-06,3.23139626146481e-07,4.31812789123126e-06,-2.66515069399993e-06,-2.03310965831667e-06,-2.73199445242998e-06,1.14126706353905e-06,-9.45246901227307e-08,4.45924747702818e-09,-0.000276137177439246,-6.22245047735724e-06,2.45024973552259e-05,-7.94154342204113e-05,-2.50858569862895e-06,-1.73806227188214e-06,-2.36706590891567e-06
"north_west","beta32",1.62211258222296e-08,-2.49461781451275e-06,1.98736401146266e-09,-3.93532958704285e-08,2.49186848288806e-08,6.19624864019305e-08,-1.22226572939851e-09,6.25728909041698e-09,1.81778063681692e-08,5.04788448796642e-08,4.27591641952309e-10,4.19657487057948e-08,4.02687966958178e-08,2.41118128844647e-08,9.85887743134127e-08,3.72304471367268e-07,8.62052496252651e-08,5.16882288884732e-08,1.51715337630867e-07,6.79445835339033e-08,9.35372308534603e-08,1.08422541789856e-07,1.40267704924088e-07,1.50410159855235e-07,1.58680914066076e-07,1.64893430333725e-07,-3.4236701612928e-08,1.81941851199015e-07,1.64522319026758e-07,5.2626342699014e-07,4.14318880010284e-08,3.29336851621345e-07,1.99049933580217e-07,2.91456434089808e-07,2.54200481294412e-08,8.02520082110838e-10,2.05303194679814e-08,-2.43275429387312e-09,5.83058959197241e-08,-3.21268127085417e-08,1.30554810983515e-06,1.67862517184541e-06,-8.34356248660137e-07,1.7407545238233e-06,1.74065316017474e-06,-3.61795116957153e-07,-2.21704799915499e-07,2.43082820144339e-06,-1.24249101243178e-06,3.98659459970767e-08,-4.62304763496377e-08,-1.95033969983577e-06,5.10794572428972e-07,-1.18284775335191e-06,-3.27464007019256e-07,3.75982640967513e-08,1.72903952829574e-06,8.15304877896501e-09,1.29991195960192e-08,1.45618150775146e-08,9.12493114997657e-09,1.68978369195586e-08,4.65240061973154e-09,8.27364074047729e-09,5.79020800256242e-09,4.73482137868287e-09,1.28884542019412e-08,-1.34009758221763e-06,-5.39863426107364e-07,-1.64135942662525e-06,3.16734324830258e-07,2.56250451758452e-09,1.75607051564338e-07,-1.75690830702303e-06,1.01058287926229e-06,-1.64569865883025e-06,-1.17386590022478e-07,-1.37544991708962e-08,-0.000168231535362217,-1.61535461051443e-05,-8.4104419170321e-05,6.52883542901255e-07,-1.20860219292993e-06,-1.50370702608113e-06,-5.48679419377775e-06
"north_west","beta33",-2.1525520210279e-09,3.07780784342236e-07,-1.17426767748557e-07,3.66090395319902e-08,-8.90195409894322e-08,1.6787619141412e-09,1.7509798579707e-08,7.82335889826658e-09,1.62454403336224e-08,-5.65177158750139e-10,2.8102886786102e-08,2.38803958520799e-08,2.11254912358885e-08,3.09497010155299e-08,5.41129870936995e-08,1.71404336766094e-07,2.35130205099335e-08,3.83734844083201e-08,3.65272753913273e-08,4.35644771585443e-08,3.95674744507877e-08,5.54687972457921e-08,6.17747419406982e-08,6.51028209991399e-08,6.92888939453518e-08,1.03168024601865e-07,-1.98278061006309e-08,4.40269390611532e-08,1.35231935887182e-07,4.14318880010284e-08,1.48966987118041e-07,-2.44856246294374e-08,1.36940190395699e-07,6.27873903712765e-09,2.13564871738904e-08,-1.16654303389731e-08,1.71262192678463e-08,1.40610537522396e-09,5.03447357272428e-10,2.31568598120202e-08,-2.85475706141359e-07,-8.07464235322329e-07,-1.13350546829796e-06,-4.76687032641653e-07,-3.10589876289272e-07,-2.41589529328232e-06,-5.33092577235316e-07,-2.80678004388977e-07,-2.47536218521041e-07,-3.4801903097484e-07,-9.91414865725133e-08,-1.14474640572955e-06,-9.04149169400601e-07,-5.65730915113377e-08,-6.30714640047534e-08,1.72179512118133e-08,9.91238331776817e-07,3.64183479996438e-09,6.45705662105241e-09,5.31071477703401e-09,4.29495017108923e-09,8.26175569930263e-09,1.15219308664716e-09,4.11515686084596e-09,3.22308255937856e-09,2.42161940725831e-09,5.83977295275736e-09,1.1460891048367e-06,2.11956878423992e-06,-1.15966369376204e-06,3.03073695869265e-07,1.33130330327982e-06,-4.34204017876394e-07,-2.7524319037573e-07,-8.67288745013195e-07,1.81217712809902e-07,1.37766979521853e-08,1.25979648389574e-09,-7.52657774671175e-05,-4.65685564507556e-06,-1.91690254258144e-05,-3.79976436365016e-05,-7.16031360293033e-07,-3.41200196074628e-07,-1.82611624652583e-06
"north_west","beta34",2.287132050203e-07,-1.37551551373431e-06,-2.70894041117121e-08,-3.53236312668136e-08,-3.95447058756739e-08,3.66603625519276e-08,5.94218025069011e-08,-8.08363881251363e-09,3.88241655316192e-08,1.61066524636154e-08,2.80465638813522e-08,3.73921918109186e-08,3.95433119331091e-08,3.8270896632484e-08,8.33657682169463e-08,2.80686826674022e-07,7.13309068091283e-08,3.58517147525212e-08,1.02018882921389e-07,1.12978276378409e-07,5.69784320441789e-08,1.03987959818653e-07,1.02709211759922e-07,1.52118798760351e-07,9.59082516534031e-08,2.09433440732545e-07,-1.00704320666991e-08,8.98670344129998e-08,1.98438594359897e-07,3.29336851621345e-07,-2.44856246294374e-08,5.28668015606966e-07,-8.27315029580545e-08,5.78055687633595e-07,8.74626018309916e-09,2.21626749633877e-08,5.66780859106641e-09,-2.89215759089474e-09,6.92723324295283e-08,-1.99797286467314e-08,-1.07648201769795e-08,1.2223592781446e-06,-1.20847438308094e-06,1.96489308204802e-06,7.13471141406407e-07,7.88950720588974e-07,-1.87868088067435e-06,1.4866331536604e-06,-6.46553215744061e-07,-6.37451960509593e-08,1.23858593484771e-07,-2.760678960613e-06,1.76069269984458e-06,-4.7014603737148e-07,1.33284134839509e-08,1.57161516725001e-07,2.4428473886212e-06,7.75996104214212e-09,1.15399794942106e-08,1.66316381163833e-08,1.00064927077878e-08,2.14055585680585e-08,4.73160002179634e-09,7.25648342675817e-09,5.88870708319049e-09,4.7146554933e-09,1.28654073193537e-08,-7.0925811861725e-07,-1.86998632110736e-06,-1.29978471921957e-06,-8.03636695134307e-08,3.07897427620665e-06,-1.85704079701969e-06,-5.55817534876724e-06,-1.88100624067592e-06,7.92266677645582e-07,-3.17497217148421e-07,-1.00740059922145e-08,-0.000126555328366737,-6.21956516056243e-06,-4.6870778294446e-05,-2.56460608838092e-05,-8.54784585635767e-07,-8.34400107004313e-07,-3.85889537479693e-06
"north_west","beta35",-1.1776401065944e-07,-2.28215138771793e-06,-8.47369146085576e-08,-2.25859687880603e-08,-8.3613724207327e-08,3.35590474434877e-08,-8.47481040063748e-09,9.08675447955313e-09,1.43783519586493e-08,1.6283663874087e-08,-7.21580214986821e-09,2.89307742865224e-08,2.3860348443998e-08,1.41710342457944e-08,8.57733953587688e-08,3.19538332287585e-07,3.95198917651402e-08,4.47942448746473e-08,1.00831772580811e-07,2.2145123681735e-08,6.92518275806949e-08,6.81300185342052e-08,9.22948523012039e-08,8.09806702795616e-08,1.2416860116593e-07,9.59151424700523e-08,-3.29054688741865e-08,9.55019540244848e-08,1.53001072847346e-07,1.99049933580217e-07,1.36940190395699e-07,-8.27315029580545e-08,5.66440085647749e-07,-7.57546791443434e-07,3.09451097870697e-08,-2.72373638734047e-08,5.17995845255129e-08,-2.87952919949392e-08,4.03488234561715e-08,-1.43458388685064e-08,5.9198356899059e-07,-4.20581495935398e-07,-2.40080120723002e-06,-7.80751949495404e-07,2.97741365520602e-07,2.28122274880294e-07,-2.52093774239535e-07,1.64132824143645e-06,-7.77445675644077e-07,-3.39395980781252e-07,-3.37064545337242e-07,-1.12817022814051e-06,-1.63294620613191e-06,-6.3318645742172e-07,-1.84144024636283e-07,1.30068022434522e-08,7.02310853716386e-07,6.02054970470227e-09,8.63463073140287e-09,7.88788697598386e-09,6.49648215845678e-09,2.0345965750444e-08,3.73914566223826e-09,4.37660334462124e-09,4.41329001128215e-09,3.26689467505379e-09,8.61317327116226e-09,-5.94764976577238e-07,6.18861444273625e-06,-2.57326280822016e-06,8.90907184349222e-08,-1.92992084594129e-07,4.66627866169767e-07,1.67587318178791e-07,-9.38178969617505e-07,3.8938802920713e-07,5.54528438953424e-08,-7.9566559696298e-10,-0.000116381301155845,-6.38187361465435e-06,-4.73065430799974e-05,-3.13878391296239e-05,-8.15090532987033e-07,-1.03212625504054e-06,-3.08987350445815e-06
"north_west","beta36",1.67289809859691e-07,7.63300285986466e-07,4.54119699133952e-08,-6.01670170246796e-08,2.33878269240589e-07,1.38446991383768e-08,6.32969087549395e-08,-2.17022869856994e-08,3.82175353990397e-08,6.67461504707629e-08,5.5171648380749e-08,3.12528886720864e-08,5.03044926058846e-08,3.60136264562023e-08,3.03144210406696e-08,-2.05392670904435e-07,6.12425245670908e-08,4.47492486486737e-08,4.23565834915461e-08,1.37000335122109e-07,3.81342687398049e-08,1.1169851929989e-07,9.81136481328525e-08,1.76215959351333e-07,7.39202916847571e-08,2.35016151716955e-07,5.44631223867689e-09,1.0680590686241e-07,2.26049485499043e-07,2.91456434089808e-07,6.27873903712765e-09,5.78055687633595e-07,-7.57546791443434e-07,2.85109472326972e-06,-5.55481835292135e-09,5.61123642431486e-08,-7.38552928898621e-08,9.02425281832151e-08,-6.09156698635622e-08,6.06593580020811e-08,-5.52142034390532e-08,1.39305574402276e-06,1.08376614493691e-06,2.41567603675628e-06,1.07391250334503e-06,-2.88143788102566e-06,-1.65008867264596e-06,-6.62716490373361e-08,-6.52457222044014e-07,5.56347973316922e-07,3.05877631352009e-07,-2.17411451861271e-06,3.66525814931979e-07,-7.97570364070938e-08,-8.82180961280645e-08,-6.99041120472719e-10,1.52843451595745e-06,9.3173915244368e-09,1.82941396913524e-08,2.00732189259219e-08,6.19505253862208e-09,-4.10027918349298e-09,3.15585469165166e-09,1.01482428493109e-08,7.40083713206889e-09,6.26749002064138e-09,1.6049388767545e-08,1.6467069430109e-06,-8.74524233930806e-06,7.86253552950618e-07,1.60669150560293e-06,-5.10282600390802e-07,-1.2104115643314e-06,-2.03497059773859e-06,3.70718363473174e-06,-3.40607710421003e-06,-1.51910297951378e-07,-1.80123570388695e-08,-7.76405400471183e-05,-3.03443359964272e-05,-4.12509045132188e-05,5.63471706144534e-05,-7.14647462628914e-07,-1.45493306254496e-07,-4.20124105391726e-06
"north_west","beta4",-2.04467402973781e-11,-8.13894169846238e-09,-1.34885245543934e-07,-2.6980086516558e-08,-3.34445208075935e-08,1.19743828669565e-08,-4.66496738472618e-09,7.47392396282441e-09,-1.89407091961417e-10,1.08577677866277e-08,-1.22688867009335e-08,5.6333401587023e-09,2.5794536673541e-09,3.88255158804826e-09,1.51764376690563e-08,4.52100839940885e-07,1.33549653621035e-08,5.09176567712778e-09,8.93827128333618e-09,2.17167426319493e-08,1.43142741354331e-08,1.57562248522424e-08,1.70140706455633e-08,2.19403865484324e-08,1.67410469411023e-08,2.64629163844756e-08,-7.35620627217918e-08,2.10215222555401e-08,2.91304538548933e-08,2.54200481294412e-08,2.13564871738904e-08,8.74626018309916e-09,3.09451097870697e-08,-5.55481835292135e-09,6.41351589945595e-08,-7.83137212019637e-08,6.25051385151399e-08,-2.76055213211639e-08,3.40451065818957e-08,-1.08630091693487e-08,1.12242142013725e-07,-3.05528621129972e-08,-1.62512709241405e-07,-1.92112838305428e-07,3.1222897989837e-08,4.26363574929658e-07,-2.58914892086739e-07,1.60083332379315e-07,4.06897260603703e-10,7.80399376865616e-08,-4.35698886450054e-08,-3.80626590344997e-07,4.2579321598682e-08,-9.13825833975304e-08,-5.6560101813422e-09,1.21187677365775e-08,-3.08129747775771e-07,7.44917923337027e-10,1.72838118972707e-09,2.60870482433324e-09,1.06958275523332e-09,2.45466128352644e-09,7.40687900625068e-11,8.33071499473393e-10,2.17843591782307e-10,6.31282676414963e-10,-3.82320578095648e-10,2.02672876329762e-07,-7.17404832611193e-08,4.14425486291205e-07,-2.74683758591681e-07,3.06977725785286e-07,-1.5237724227786e-07,-3.36405525624034e-07,-2.89082413343329e-07,1.24345535388039e-07,-8.97145940025158e-08,-8.66497915802608e-10,-1.5749135031128e-05,-4.25174740630887e-06,-2.63520532029708e-06,-5.47000479732861e-06,-6.59266341335409e-08,-3.23162356652487e-07,-3.43413944566233e-07
"north_west","beta5",7.06150734807942e-08,-2.45437340912395e-07,6.02618552574314e-08,2.1018359278436e-08,-6.99313135556209e-09,-1.55006286972916e-08,1.76961200306837e-08,-8.10249695706849e-09,9.04791939148049e-09,-1.3314786541195e-08,2.91973293871504e-08,1.87787901581371e-09,9.45418619939711e-09,2.148087802213e-09,5.48094124315076e-09,-3.46104120192804e-07,-1.08330926047018e-08,1.22058553300068e-08,1.34774256289425e-09,-9.53273476955765e-09,2.23050775572134e-09,2.05986572081166e-09,1.86075211619425e-09,4.54636554474392e-10,7.96004202482581e-09,1.09771729930546e-08,7.57687637282031e-08,2.52762822475247e-09,1.39570523676392e-09,8.02520082110838e-10,-1.16654303389731e-08,2.21626749633877e-08,-2.72373638734047e-08,5.61123642431486e-08,-7.83137212019637e-08,1.47278639497463e-07,-1.54800053193974e-07,7.63892248726007e-08,-6.61189045146976e-08,3.69477374445347e-08,1.33521894293437e-07,8.01532076562809e-08,-4.11085513859851e-07,1.30056684898493e-07,-1.70652501173122e-07,-9.66094018146192e-07,1.11376233124254e-07,-2.43677936577822e-07,-2.38678350444302e-07,-1.22218210809064e-07,2.51951816418852e-08,-1.56659757349997e-07,-3.07814846138048e-08,-1.5121583580038e-07,5.67156227042547e-08,-1.26916040000454e-08,4.78454519703223e-07,9.11138137065738e-10,1.03510038535272e-09,1.07716026740493e-10,3.86593276504062e-10,1.95819510874446e-09,-8.99606079359374e-11,1.01914061285794e-09,9.66483678730948e-10,1.74510704719968e-10,1.27557711431975e-09,6.97070530891594e-07,1.63592642759239e-06,-8.93916494005457e-07,1.85853351997823e-07,3.17294025171854e-07,-3.95564661550442e-08,2.84144830579301e-08,5.55988078479332e-07,-1.06203322856517e-07,-8.11938062867156e-08,2.10950522609552e-09,-1.54762606631353e-05,2.25186806574673e-06,1.48648089126366e-06,-1.06427459591322e-05,-1.86420940822731e-07,3.40407842798774e-07,-7.03085713903216e-10
"north_west","beta6",-7.11315106893595e-08,1.19169970544946e-06,3.04196184314947e-08,2.950270069009e-08,-4.29212808939194e-08,5.648436491215e-08,-1.88093338811398e-08,1.21512814099913e-08,4.99498977542075e-09,2.10185256883952e-08,-3.37840024758368e-08,1.63864518544093e-08,-1.29067448412076e-08,3.65916758860209e-08,-4.08363998918424e-09,3.43270733819945e-07,3.46874998440768e-08,-2.24142080759475e-08,1.58247510480926e-08,3.32911732808615e-08,-1.77581396600231e-09,1.42199926541603e-08,7.30404217585192e-10,2.5017770345686e-08,-7.74923715811247e-09,2.25611701541054e-08,-5.98406099540924e-08,-8.43800090144251e-09,3.12492083739239e-08,2.05303194679814e-08,1.71262192678463e-08,5.66780859106641e-09,5.17995845255129e-08,-7.38552928898621e-08,6.25051385151399e-08,-1.54800053193974e-07,3.15444154489281e-07,-2.30862139608961e-07,2.16105544022808e-07,-1.02617667562232e-07,8.2389522986034e-07,9.4906837361524e-07,1.29094405653479e-07,1.11713758341392e-06,1.53547516757159e-06,5.83796766051148e-07,-1.00520192472552e-06,7.11224739547348e-07,6.080432085666e-08,-2.13495973511837e-07,7.08083588964082e-08,-8.86863611108872e-07,-9.48826187874378e-08,-4.89709934588141e-07,-4.14383821746136e-07,8.28493258280174e-08,-9.17638071268195e-07,7.33870592162986e-10,-3.62015976304681e-10,5.52035724811445e-09,2.37914031938759e-09,8.93750662236776e-09,-3.69139387022882e-11,1.67929840102763e-09,5.48216154983068e-11,8.64236098635544e-10,4.36327356348367e-09,3.26114280104161e-07,-2.01349508650624e-06,-8.65579323078998e-08,-9.98412599024749e-07,2.04539121357849e-06,-7.66740912006498e-07,-1.00138249608792e-06,-2.26660420302698e-06,1.15485313580118e-06,1.83563344020251e-07,4.87247194483576e-10,-6.64735921699475e-07,6.83237768321494e-06,-1.95805778056677e-06,-1.85007586301094e-05,1.28742710758495e-07,-2.67807654893415e-07,-3.83193380393334e-07
"north_west","beta7",3.72149853375816e-08,-1.35949662202269e-06,-5.21036636660116e-08,9.65592673800552e-08,6.06856727021752e-08,-6.07678595200244e-08,4.21818779180358e-08,-1.82233085029843e-08,-1.85427888214605e-09,1.48208426482148e-08,1.90675949466108e-08,-1.1702858726881e-08,1.57331207340976e-08,-2.87533635526842e-08,-3.81932717839336e-11,-1.59129856276168e-07,-2.09133971273454e-08,1.45194391175595e-08,8.08334780122979e-09,-4.37727228146162e-08,1.43201357336512e-08,-1.93904469351449e-08,1.92000080205174e-08,-2.16457702770089e-08,4.32765720789516e-09,-1.55066309006431e-08,2.52648650439736e-08,2.07832346419581e-08,-2.2206847326346e-08,-2.43275429387312e-09,1.40610537522396e-09,-2.89215759089474e-09,-2.87952919949392e-08,9.02425281832151e-08,-2.76055213211639e-08,7.63892248726007e-08,-2.30862139608961e-07,2.8404271775978e-07,-3.21776214765103e-07,1.25586417083428e-07,-1.17117893779399e-06,-1.55546866093337e-07,9.96511047600902e-08,-2.90449609835476e-07,-1.10778173707839e-06,1.17901774174411e-06,1.15155804428582e-07,-3.03564497850557e-07,1.02185296315554e-08,2.4854495622412e-07,-4.48673774685298e-08,1.53773619653881e-07,-5.37371978076092e-07,5.93186724932399e-07,5.34186242378645e-07,-2.82868965800627e-08,9.82728722730809e-07,-1.56185705956158e-10,2.91660576446448e-09,-4.58385133540062e-09,-1.14855316565169e-09,-6.28837173201083e-09,1.38791014142754e-09,-2.24027032160566e-09,4.83648361637437e-10,-5.54525609612128e-10,-4.369523840894e-10,-2.01396557007458e-06,-4.86050018113593e-07,6.42982902635263e-08,1.42889980905009e-06,-1.04482718123265e-06,6.74440431161196e-07,9.87478111463321e-07,8.00731994608142e-07,-1.72788674179386e-07,-2.43474306940039e-07,-4.94257394514492e-09,4.402965454727e-06,-7.23969527090421e-06,-6.30462550354255e-06,2.23055132748913e-05,-4.41274328905248e-08,2.71612405717274e-07,-1.51606527436758e-07
"north_west","beta8",7.28202971360424e-09,4.14337521395402e-07,1.20415109300234e-07,-1.76863623569074e-07,-1.52354963518718e-07,1.31451364708346e-07,-7.5038286294168e-08,4.4348059168622e-08,2.17721948243728e-08,-3.84725423462008e-08,1.95070824130207e-08,2.3719992099523e-08,1.49529051775968e-10,4.49327778207386e-08,3.48316078477118e-08,3.24945665043626e-07,3.61580959394384e-08,3.04526370751047e-09,8.04373549807298e-09,9.68839787225196e-08,-1.36699853187449e-08,6.89880614773269e-08,-6.52355668055036e-10,7.09181407675531e-08,1.81068389771387e-08,9.03131279338259e-08,-2.81690696482176e-08,8.79874767518987e-09,7.21530401035252e-08,5.83058959197241e-08,5.03447357272428e-10,6.92723324295283e-08,4.03488234561715e-08,-6.09156698635622e-08,3.40451065818957e-08,-6.61189045146976e-08,2.16105544022808e-07,-3.21776214765103e-07,5.13428020400175e-07,-2.49816444600548e-07,1.52661887808236e-06,5.61109032823478e-07,-9.53489596666794e-07,4.34451950343136e-07,9.7388965931157e-07,-9.53514266999468e-07,-5.25374382257915e-07,1.3955208915764e-06,-2.93163017369191e-07,-1.65545742794804e-07,2.83250458677369e-08,-1.43652419506451e-06,8.95727714531313e-07,-1.23343640455854e-06,-7.44834052094305e-07,6.34670646729569e-08,-1.02436313285849e-06,2.65791725576849e-09,6.40430046426152e-11,1.10358202520769e-08,5.95620850362486e-09,1.53084550179697e-08,-1.98869927811272e-10,5.55089482800795e-09,2.31347518486627e-09,1.79161701435999e-09,3.50021590791534e-09,2.73886057492885e-06,1.93937844890271e-06,-3.79375184185055e-07,-1.45663997659922e-06,2.18106540180179e-06,-9.25704452016944e-07,-2.43309729276097e-06,-8.68195686087566e-07,8.86327037695928e-08,1.77043391003885e-07,7.01248889489174e-09,-4.10969345254297e-05,9.6915810375902e-06,8.96580730960761e-06,-6.2830708841341e-05,-1.17972932861672e-07,-4.03920184037952e-07,-3.41597300074136e-07
"north_west","beta9",1.39355142955966e-07,-4.91568865696634e-07,-1.26659932742849e-07,3.08957183538844e-08,4.28314472151881e-08,-1.84297681904744e-07,1.75348408371822e-07,-3.96572002247899e-08,1.39580318644607e-08,-2.25205338191839e-09,3.33824429727728e-08,-5.6421544609603e-09,1.89687061915892e-08,-7.7630530928016e-09,1.18477391579539e-08,8.7768291677183e-09,-2.12082204243152e-08,2.10877512970264e-08,-7.47419947826825e-09,-4.59962722055885e-08,3.63961211744593e-08,-2.24496247860866e-08,3.1887161571216e-08,-3.28544827960873e-08,6.25135401742179e-08,-2.88051811767186e-08,1.19375642730564e-08,2.10008048238154e-08,1.12078550927475e-08,-3.21268127085417e-08,2.31568598120202e-08,-1.99797286467314e-08,-1.43458388685064e-08,6.06593580020811e-08,-1.08630091693487e-08,3.69477374445347e-08,-1.02617667562232e-07,1.25586417083428e-07,-2.49816444600548e-07,2.99427007076426e-07,-4.41470784193105e-07,-7.37722993117329e-07,5.0334889873087e-07,-7.64082447913057e-07,-2.06086204037224e-07,-2.00290405710372e-06,5.32530556965201e-07,-1.98133515458629e-06,3.23355911135456e-07,1.79667573648345e-08,-1.22739530412871e-07,-1.64603447245213e-07,-1.91115813636519e-06,6.67441767585696e-08,3.14680866468707e-07,-2.72019591017464e-08,-4.22578092706014e-07,-2.08374308531923e-10,4.12884924152115e-09,-1.92142601966395e-09,-6.60856979958577e-10,2.5165126523656e-09,2.1614031797343e-09,-1.74372445406009e-09,-1.81194847704057e-10,-1.16665903701702e-10,-4.45827107930456e-10,-1.12020134101119e-06,1.32128401328291e-06,-9.13606474098587e-08,2.77539971549749e-08,7.49594042156779e-07,-4.87193292395164e-07,1.75958153828861e-06,-2.95043186778545e-07,6.41268453829126e-07,-8.54219872311211e-08,1.76436755066089e-09,1.01929167628878e-05,8.21243454617088e-07,4.99057111308744e-06,1.85244750690567e-05,-8.28993046315135e-08,4.22980337010409e-07,-4.91434353588829e-08
"north_west","mu_D",-3.63348298324789e-06,5.7872236875586e-05,-1.58058683607845e-06,-1.83943724979407e-06,1.14396558197408e-06,6.8919084595695e-07,-2.9539946931932e-07,-5.27759354055029e-07,5.93079776346478e-07,-5.76278509668205e-07,7.18443691556561e-07,3.69848638774647e-07,3.14478503344924e-07,1.66701182226979e-07,9.23896517793591e-07,-2.23513592631197e-06,8.21280189556032e-07,6.0458023698078e-07,1.03541635135825e-06,-3.64626350245392e-07,1.08931931905933e-06,9.18689173212835e-07,9.72688635078684e-07,1.09318639550916e-06,9.12482644479652e-07,1.70034302930516e-06,-5.42163483634282e-07,1.11254614384759e-06,1.26609884484038e-06,1.30554810983515e-06,-2.85475706141359e-07,-1.07648201769795e-08,5.9198356899059e-07,-5.52142034390532e-08,1.12242142013725e-07,1.33521894293437e-07,8.2389522986034e-07,-1.17117893779399e-06,1.52661887808236e-06,-4.41470784193105e-07,0.000250922039981865,8.64052513529664e-05,8.41277830965151e-05,8.0732771569494e-05,0.000134726488440492,-3.06418131419187e-05,8.23730688576685e-05,-1.14468554076469e-05,-1.65102374095866e-05,-8.20943469878915e-06,7.06608998813452e-06,-4.07614521900203e-06,-4.18221223634962e-05,-8.24223559463181e-05,-1.41588479460095e-05,-1.61662913990723e-07,-8.83006499066156e-05,-3.392287114055e-08,-4.7364505246348e-08,6.04851521990537e-08,8.84252387341557e-09,1.09040167158831e-07,-3.21434959824122e-08,2.96686452971922e-08,3.92518419430603e-08,-1.85951712036842e-08,2.41876377368039e-08,6.77538979603736e-06,-3.63704511262922e-05,-1.06182787333567e-05,-4.74671362717596e-05,-1.13854012949629e-05,1.77917964847506e-05,5.70659669721785e-05,4.65639763668408e-05,-2.56462576373788e-05,-2.99569568053371e-06,1.73140184988769e-07,-0.00189096213214045,-4.66835266037172e-05,0.000262711709391384,4.29941208919237e-05,-1.65550538378387e-05,-1.65383170563089e-05,6.20751175914112e-06
"north_west","mu_D_2",2.86143791137456e-07,-3.07995813770582e-06,7.37671173316533e-06,2.38789285182035e-06,3.40027192977906e-07,7.05374785305289e-07,1.03835848100869e-07,-1.2821648422997e-07,5.08925197316583e-07,-3.72581336784552e-07,3.16131459153446e-07,2.42330406684386e-07,1.50893567180607e-07,-6.12398915772931e-08,1.85416068244192e-07,6.1980914666785e-08,4.54629069748843e-07,-2.36382675530714e-08,3.39907465485544e-07,8.16381518012984e-07,1.43224473053806e-07,3.51305214425239e-07,1.74792915147773e-07,9.29155001243637e-07,-9.67724269605482e-07,1.18363679788568e-06,-1.48574637457595e-07,5.38477623342456e-07,-2.18300904792743e-07,1.67862517184541e-06,-8.07464235322329e-07,1.2223592781446e-06,-4.20581495935398e-07,1.39305574402276e-06,-3.05528621129972e-08,8.01532076562809e-08,9.4906837361524e-07,-1.55546866093337e-07,5.61109032823478e-07,-7.37722993117329e-07,8.64052513529664e-05,0.000230080244982953,6.02055591195633e-05,0.000133645798797997,0.000120785481123213,9.70018269293457e-05,-1.61211535878483e-05,2.05308668956138e-05,-5.09221966783008e-06,-1.81617505273738e-05,7.11413389739148e-06,-2.37139716509724e-05,-1.85042845108727e-05,-0.00011000157568498,-1.10379087820452e-05,5.52075647107407e-06,-3.90433754651005e-05,1.50392669559171e-08,-5.98778786383884e-09,5.03754538232408e-09,-1.86305878036486e-08,1.32812104146782e-07,-4.17937122315521e-08,6.39670031029611e-09,7.81899721257231e-09,-3.76475116509136e-08,6.41493657330374e-08,-4.86115855089477e-05,-6.37427037893699e-05,-3.74984886086468e-05,-1.08127799527941e-05,4.50057515667769e-05,4.46264960664736e-06,-8.41855311460816e-06,-1.82848230292881e-05,-2.56022868487666e-05,-3.68823087415194e-06,5.52452360010116e-09,-0.000401351944120896,-0.000114028868461731,3.93826942937149e-05,-0.00031868512541884,-3.2878274308941e-06,-5.26545927695423e-06,-1.42234168449671e-06
"north_west","mu_D_3",-1.04916931630124e-06,0.000151999065689893,-1.05623802980092e-06,1.53303922232145e-06,7.64646500712984e-06,-2.08096820144916e-07,-3.84296377867775e-07,3.17377174540701e-07,-1.61037454044344e-06,2.09634466841943e-06,-4.10001206683913e-07,-6.42494756549057e-07,-1.17783188962073e-07,-1.24549489909833e-06,-1.39640798326058e-06,-1.49308495994559e-05,3.03377703569756e-08,2.70419331842582e-08,-2.27966725260171e-06,1.16367960239432e-06,-4.8131935905778e-07,-2.33559891151456e-07,-1.13431683955446e-06,7.98723117441867e-07,-1.9819844976453e-06,3.06575254418764e-07,3.95535430154252e-07,-2.4832018032582e-07,-1.34295424472643e-06,-8.34356248660137e-07,-1.13350546829796e-06,-1.20847438308094e-06,-2.40080120723002e-06,1.08376614493691e-06,-1.62512709241405e-07,-4.11085513859851e-07,1.29094405653479e-07,9.96511047600902e-08,-9.53489596666794e-07,5.0334889873087e-07,8.41277830965151e-05,6.02055591195633e-05,0.000769244607635923,0.000369997509058565,0.000319365988901704,-0.000225307388238152,3.11163039794444e-05,-5.19292305970688e-05,2.00552150758116e-05,-1.50337128570394e-05,7.01969185412063e-05,5.45111023187605e-05,2.54070948534992e-05,-9.29307289099131e-05,-1.32707864441935e-05,-4.77875137331615e-06,9.63398842056973e-06,-9.13933420831077e-08,-1.37189911155261e-07,-1.42611571305672e-07,-5.36662325763817e-08,-8.28998853970312e-09,-2.84468038075927e-08,-9.96350710716398e-08,6.12618979094297e-08,-6.27985772513186e-08,-1.28700432865032e-07,-6.80234806106002e-05,-0.00158004549175741,0.000328418316128716,-1.24573145072605e-05,-6.11245286901384e-05,-2.85085814765134e-05,4.45726529364084e-05,0.000106803469195007,-5.03172330028744e-05,1.79965762686582e-05,1.99941766282595e-08,0.00204883783947353,-0.000368155589683706,0.000580420573376784,0.00250609838709429,1.45810718408174e-05,-7.63783621321887e-06,2.95829889185523e-05
"north_west","mu_D_4",3.08336069156083e-06,-3.03573807410011e-05,1.37327102076711e-05,3.43156881535216e-06,-3.77731453006321e-07,7.81588044923349e-07,-1.15498247087663e-07,8.24854891810823e-07,-9.15432564756123e-07,2.79229521683222e-06,-1.23328679072791e-06,1.63603679864746e-07,2.49686057216187e-07,-2.60914866867871e-07,5.65055038879578e-07,-4.52045313746553e-06,5.99440424674584e-07,2.39043043603541e-08,5.65662321918937e-07,1.96422050315398e-06,-3.22041687710278e-07,1.22701767352491e-06,-3.46918635525798e-07,2.26012869164822e-06,-1.12200275480789e-06,2.71853025220299e-06,3.2091407528977e-07,-1.29971912802902e-07,1.05215510507392e-06,1.7407545238233e-06,-4.76687032641653e-07,1.96489308204802e-06,-7.80751949495404e-07,2.41567603675628e-06,-1.92112838305428e-07,1.30056684898493e-07,1.11713758341392e-06,-2.90449609835476e-07,4.34451950343136e-07,-7.64082447913057e-07,8.0732771569494e-05,0.000133645798797997,0.000369997509058565,0.000563238359643132,0.000302287159568842,-1.53621967516315e-05,-7.01566603427381e-05,3.63328209296874e-05,1.32484204082194e-05,-1.4625915639871e-06,5.64730549322015e-05,-1.56040633461983e-05,5.50254523347861e-05,-9.3458259691826e-05,-2.58198079867656e-06,2.00570699859827e-06,1.56738290454624e-05,1.11195070258145e-07,3.58050753744134e-08,1.84811161392954e-07,2.51912952045111e-08,2.33893888451579e-07,-2.80715261448363e-08,2.90934373278986e-08,6.96686904658073e-08,2.6337005108126e-08,1.0708735199585e-07,-4.79191039445247e-05,-0.000970585320376141,-0.000163881446784017,0.000127785444113013,8.34446294983958e-05,-8.98879692818684e-05,-3.06687417826971e-05,2.49960328912854e-05,-2.04733049409907e-05,-5.68479522934346e-06,-1.87486143986058e-07,-0.00016314675754652,-2.88015083136223e-05,3.03280774327293e-05,-0.000679345277650073,-4.41368884982874e-06,-1.11002364025845e-05,-1.05858836886932e-05
"north_west","mu_D_5",1.08662157410371e-06,2.73875413395897e-05,1.26946758753789e-05,8.49022812860081e-07,6.09499152575816e-06,9.57132893751712e-07,-1.00113345492683e-06,6.18225706089988e-07,-4.40963604233195e-07,1.57987591655447e-06,2.528323851029e-07,-7.63866317892694e-08,2.18354314721641e-07,-1.01435065751089e-06,3.51352619862857e-07,-8.3680719590227e-06,5.19170448680182e-07,-3.91896416286382e-07,1.56395007390029e-06,-3.27211152082961e-08,-8.76693128134588e-08,8.75665911321963e-07,1.63271688582269e-07,1.20453865764378e-06,-1.03808129640931e-06,1.87622999549359e-06,-1.46361401539823e-08,1.22305798048792e-07,5.49748617442811e-07,1.74065316017474e-06,-3.10589876289272e-07,7.13471141406407e-07,2.97741365520602e-07,1.07391250334503e-06,3.1222897989837e-08,-1.70652501173122e-07,1.53547516757159e-06,-1.10778173707839e-06,9.7388965931157e-07,-2.06086204037224e-07,0.000134726488440492,0.000120785481123213,0.000319365988901704,0.000302287159568842,0.00073921241289338,-1.5546609770086e-05,2.7992101465584e-05,-2.03305615779537e-05,-9.66509364033552e-06,5.38957965047128e-06,4.70781006140524e-05,-3.16469154347673e-08,-2.64208236071394e-06,-9.96744420450158e-05,-1.10441385870909e-05,1.2402736986329e-06,-1.27850359477878e-05,-6.75172302489665e-09,4.07945567668292e-08,-6.2802654283905e-08,-2.52742442546802e-08,1.45640302783131e-07,-6.52663706079885e-08,-1.72180158026408e-08,8.2238217293068e-08,4.79797989186241e-08,-3.00684367036047e-08,-4.86632197049811e-05,-0.000680034521031311,-6.3781540864699e-05,-0.000340841490114613,4.33527750815186e-05,-1.42985155565605e-05,-6.53788825977443e-06,5.82165693028479e-05,-9.32865642062559e-05,1.61709541207683e-05,3.30076899971479e-07,0.00115179281112751,-0.000500554233881064,-2.70602492808655e-05,0.00165642909921801,7.73436641064731e-06,-1.88514855005351e-05,-9.18631663041727e-06
"north_west","mu_gamma_H",5.86465463692961e-06,-0.000232438702688154,2.28950163304145e-05,-5.98734185028378e-07,-4.52459749595497e-06,1.00560505763593e-06,-3.04998430745117e-08,-5.25619369276046e-07,4.39963697023057e-07,-5.38331675368481e-07,-3.09071995431292e-06,-4.93012109890586e-07,-8.92926969433737e-07,-5.39899796238652e-07,-2.23626693293305e-06,1.30667833966972e-05,-2.32551234176666e-06,-1.97940568820626e-06,-1.19240068375681e-06,1.72639483472858e-07,-3.72535209335539e-06,-1.91738652985447e-06,-3.83190363649447e-06,-1.09405567064545e-06,-7.41703209479021e-06,-1.64198100446549e-06,-5.95928290682189e-07,-4.37971996423165e-06,-5.17206850093229e-06,-3.61795116957153e-07,-2.41589529328232e-06,7.88950720588974e-07,2.28122274880294e-07,-2.88143788102566e-06,4.26363574929658e-07,-9.66094018146192e-07,5.83796766051148e-07,1.17901774174411e-06,-9.53514266999468e-07,-2.00290405710372e-06,-3.06418131419187e-05,9.70018269293457e-05,-0.000225307388238152,-1.53621967516315e-05,-1.5546609770086e-05,0.00115525084712001,-0.000307281064595824,0.00015706556118783,-1.04979568803452e-05,2.37408194605789e-05,-1.47031594582529e-05,-3.46362625523391e-06,5.7799296656754e-05,3.6600925372844e-05,1.25281772296133e-05,4.31793017887496e-06,5.03265665582797e-05,2.09693155501318e-08,3.3805962130954e-08,7.89816374391011e-08,-6.54107642672628e-08,1.87916329284199e-07,-3.16059026824812e-08,-1.19496060409954e-07,-1.13547005314842e-07,-3.68288450851854e-08,-8.16084927171003e-08,-6.18574641481604e-05,0.000287335305315371,-0.000119477928010268,8.43464357145988e-06,-4.70849835540261e-05,8.99384306585846e-05,-9.45629595181203e-05,-1.46030357901596e-06,-1.59789617804067e-05,-1.59356653595559e-05,-9.47298918194201e-07,0.00304157179822007,4.35005610637659e-05,-0.00153800951968551,-0.0012885399721655,3.92852586517634e-05,4.24133218058538e-05,-2.22312207658043e-05
"north_west","mu_gamma_H_2",-4.70912882999901e-06,-1.591759872266e-05,-9.34569426972624e-06,-1.46960896465859e-06,4.06604746363053e-06,-6.91592928552276e-07,-9.22708941743038e-07,-5.37694871548196e-07,-4.8776827493298e-07,2.21197286716748e-07,7.63787571010859e-07,-3.935417644898e-07,-4.41322671753045e-07,6.57205987954985e-08,-5.48521602270401e-07,-5.04276928592873e-06,2.03144811080911e-07,-2.23454021717245e-07,1.56147206860991e-06,-2.24135086378252e-06,1.45172644173422e-07,-6.23586838561544e-08,1.4137979881952e-07,-7.03003310494179e-07,1.60737903514761e-07,-1.31593003767232e-06,-1.16287441749218e-07,6.62291625759825e-07,-6.3193772775591e-07,-2.21704799915499e-07,-5.33092577235316e-07,-1.87868088067435e-06,-2.52093774239535e-07,-1.65008867264596e-06,-2.58914892086739e-07,1.11376233124254e-07,-1.00520192472552e-06,1.15155804428582e-07,-5.25374382257915e-07,5.32530556965201e-07,8.23730688576685e-05,-1.61211535878483e-05,3.11163039794444e-05,-7.01566603427381e-05,2.7992101465584e-05,-0.000307281064595824,0.000490908107951533,-9.4307095058771e-05,-6.36786768327587e-06,9.96028624105814e-06,-7.0038462195717e-06,6.59164614221835e-05,-4.9804512390349e-05,-3.39964880479018e-05,-2.90629208054696e-06,-5.22516667711991e-06,-2.81670782436267e-05,-1.30452727361606e-07,-2.38321325434869e-07,-3.61847817914785e-07,-1.67358185222972e-07,-5.54946538348937e-07,-2.10954246323038e-08,-1.06890111625673e-07,-1.98780072163712e-08,-8.75240447418287e-08,-2.81018149466358e-07,3.51656356632135e-05,0.000216348036510236,-5.92373953164904e-06,-3.04391087369108e-05,-0.000190233908639239,0.000117098276804337,0.00010847702585907,0.000195114705663117,-0.000133277536479621,7.86073039858888e-06,2.38317342346478e-07,0.00012572741308804,-0.000414315115493562,0.000326834406843152,0.00166963247125916,-9.50047661279152e-06,-1.76122270134094e-05,2.57912019952963e-05
"north_west","mu_gamma_H_3",2.89187379548949e-06,-8.5140113177387e-05,5.68908497868457e-06,2.84593743622562e-07,-1.30133403966613e-07,1.58755381567352e-06,-8.6269677774728e-07,6.17610220213248e-07,-5.33163333576112e-07,2.12394980652854e-06,-2.33412898825323e-06,4.59107594006976e-07,-2.47376726783067e-07,-2.01052405065049e-07,-1.55838532208606e-07,1.25477607875229e-06,5.67646595355532e-07,-4.39017330190282e-07,1.17254181866543e-06,1.36430346858368e-06,-7.78912853788062e-07,3.74088666558704e-07,9.66846827502598e-08,7.66513115628939e-07,-1.16100644764241e-06,2.1495469949791e-07,-2.22622379830536e-07,8.50794871312872e-07,-7.68874012729387e-07,2.43082820144339e-06,-2.80678004388977e-07,1.4866331536604e-06,1.64132824143645e-06,-6.62716490373361e-08,1.60083332379315e-07,-2.43677936577822e-07,7.11224739547348e-07,-3.03564497850557e-07,1.3955208915764e-06,-1.98133515458629e-06,-1.14468554076469e-05,2.05308668956138e-05,-5.19292305970688e-05,3.63328209296874e-05,-2.03305615779537e-05,0.00015706556118783,-9.4307095058771e-05,0.000252343683896297,-1.05662514365151e-05,1.00391509306545e-05,-1.15152540410898e-06,-1.65284454036306e-05,1.92581649156389e-05,6.19368941347126e-06,4.13436163273769e-06,1.15789332797926e-08,4.19681696106528e-05,8.25087375712904e-08,1.01552221011973e-07,1.72158801286879e-07,6.79082436224992e-08,1.77563131340568e-07,2.09685375110431e-08,8.39849902627957e-08,1.42034313063796e-08,3.81414180216855e-08,1.68116116617039e-07,-3.83391465833434e-05,2.27077764814261e-05,-3.9153788425236e-05,5.3294237971103e-05,-6.66216205548614e-05,5.78747180435678e-05,-3.37938696202893e-05,4.94833451283478e-05,-2.75374298925267e-05,-6.59516453882496e-06,-3.78161104031968e-07,-0.000251320364428237,-3.43082220491402e-05,-0.000858230611415481,-0.000252181287697843,3.27773634189468e-06,-5.71192777007413e-06,-2.61446018397304e-05
"north_west","mu_gamma_H_4",1.09487833246796e-06,1.01627721401695e-05,2.76806113433019e-06,-8.29580748440565e-07,-2.3948304101626e-06,-4.07445682611542e-07,-6.66366630265832e-08,2.75718936488767e-09,5.59393028972722e-08,-5.83164872431671e-07,4.0751059677984e-07,-1.86790133745057e-07,-1.97639079280439e-07,9.20650982427207e-08,-1.69259290878354e-07,1.87320110651337e-06,-3.07002200260035e-07,-2.2145812297405e-08,-6.47132353679297e-07,-9.18943699322859e-08,-7.67874488976377e-08,-3.93411237330343e-07,-3.15703745311585e-07,-4.31114622612185e-07,-3.58380068765953e-07,-4.32624565241657e-07,6.16417854793181e-08,-6.36212482859278e-07,-2.5725482254301e-07,-1.24249101243178e-06,-2.47536218521041e-07,-6.46553215744061e-07,-7.77445675644077e-07,-6.52457222044014e-07,4.06897260603703e-10,-2.38678350444302e-07,6.080432085666e-08,1.02185296315554e-08,-2.93163017369191e-07,3.23355911135456e-07,-1.65102374095866e-05,-5.09221966783008e-06,2.00552150758116e-05,1.32484204082194e-05,-9.66509364033552e-06,-1.04979568803452e-05,-6.36786768327587e-06,-1.05662514365151e-05,6.22293137669404e-05,-2.95663952636304e-06,3.10401635939307e-06,1.12158536935229e-05,-2.83144913070748e-06,-1.34627433738495e-06,1.30082715608612e-06,8.93984080408958e-08,1.02936885317638e-05,-1.48689183131618e-08,-5.16765652046983e-08,-2.12462035577203e-08,-4.41832685404619e-08,3.93326809800444e-08,-1.97848689742542e-09,-2.61875620573897e-08,-3.37343515771593e-08,-2.4006994110146e-08,-6.11637334207729e-08,-2.03913838005093e-05,-5.97660121412919e-05,3.20737288970274e-05,1.85111196151367e-05,1.02238754151818e-05,-4.6774564525012e-05,1.54424174431946e-05,-2.37058690694742e-05,4.84544377264787e-05,2.4396836597725e-07,-2.64098382475346e-09,0.00058246882719532,8.9842090442914e-05,0.000312218038372216,-0.000737772583001832,2.95461053147759e-06,1.43236536795757e-06,1.45551641664659e-05
"north_west","p_G_D",4.64945371761328e-07,-6.25775977753056e-05,6.91528982310574e-07,-4.68416909811865e-07,6.07494132145598e-07,7.35869756915648e-08,-4.49663928344547e-07,3.58480890055929e-07,-3.85770885960276e-07,8.12907196507056e-07,-3.91001082575544e-07,-1.80230707551421e-07,-1.46715701108833e-07,-3.37023447695688e-08,-3.96471724684334e-07,1.8883742986262e-07,-1.75936718698971e-07,-3.32358949669685e-07,3.19037758379245e-07,-5.43058933633542e-07,-3.4774897166579e-07,-2.78312064943364e-07,-1.06819710757321e-07,-5.4041129532921e-07,-5.9186473009734e-08,-8.64245295563037e-07,-1.03762499836937e-07,-2.94450092639995e-08,-6.7966660509428e-07,3.98659459970767e-08,-3.4801903097484e-07,-6.37451960509593e-08,-3.39395980781252e-07,5.56347973316922e-07,7.80399376865616e-08,-1.22218210809064e-07,-2.13495973511837e-07,2.4854495622412e-07,-1.65545742794804e-07,1.79667573648345e-08,-8.20943469878915e-06,-1.81617505273738e-05,-1.50337128570394e-05,-1.4625915639871e-06,5.38957965047128e-06,2.37408194605789e-05,9.96028624105814e-06,1.00391509306545e-05,-2.95663952636304e-06,4.80679242883081e-05,-3.79661195446353e-07,1.14844270479232e-05,4.87616785933285e-06,1.80456176807292e-05,4.36180626572337e-06,-1.53499898197118e-06,-7.6166341432444e-06,-1.9205574686724e-08,-2.48625466109145e-10,-2.40838020134198e-08,-1.57509976534537e-08,-4.51830899421721e-08,1.64187615028149e-08,-1.59494450493362e-08,7.15583594018918e-09,1.0187197291145e-08,-4.22778905668651e-08,-8.42683283265407e-06,1.21301809117392e-05,-1.35405013996553e-05,3.63471564010789e-06,-3.06892142710186e-05,4.06375792043198e-06,1.23455999046448e-05,3.6216925500927e-05,-1.3342762335552e-05,-1.24311261884438e-06,-6.78371960424566e-08,0.000857229542082786,-4.91478184166063e-05,-8.63960444779901e-05,0.000235379795851443,6.76446352108504e-06,2.66492684685019e-06,-8.3885176631685e-07
"north_west","p_G_D_2",-2.38467040820998e-07,1.62926314538521e-05,-2.48423787936712e-07,6.01358085458528e-07,9.24406796403176e-09,5.05992768926983e-08,-3.18270588911808e-08,1.17922026174707e-07,-2.44683246399103e-07,5.32898771298697e-07,-2.73976690679416e-07,-4.47570214148176e-08,-3.41739368006988e-08,-2.37849697994382e-07,5.38678976153577e-08,-2.17696570918337e-06,1.66305411914345e-08,7.31551424763575e-08,-2.03492386668773e-07,2.74158634958074e-07,-4.03639272572637e-08,1.39861587517137e-07,-1.209089460251e-07,2.77137441517197e-07,-2.27934983234056e-07,3.34401719270883e-07,1.07041360520423e-07,-1.8748673529452e-08,7.86129193804891e-08,-4.62304763496377e-08,-9.91414865725133e-08,1.23858593484771e-07,-3.37064545337242e-07,3.05877631352009e-07,-4.35698886450054e-08,2.51951816418852e-08,7.08083588964082e-08,-4.48673774685298e-08,2.83250458677369e-08,-1.22739530412871e-07,7.06608998813452e-06,7.11413389739148e-06,7.01969185412063e-05,5.64730549322015e-05,4.70781006140524e-05,-1.47031594582529e-05,-7.0038462195717e-06,-1.15152540410898e-06,3.10401635939307e-06,-3.79661195446353e-07,1.34183736895547e-05,2.59522514082559e-07,5.62440995323931e-06,-1.64248720284561e-06,-3.30507930483671e-08,6.95186927317555e-07,6.24217168940629e-06,5.15668170350156e-09,5.40016848694463e-10,1.18106659172137e-08,1.4541218961102e-09,3.95649556920133e-09,-9.28100241332228e-09,-2.01942105325134e-09,9.8758993427673e-09,3.13701384748321e-09,-7.81859409267216e-09,3.68866527707846e-06,-0.000190315070305212,1.49132699478627e-05,3.56599124417764e-07,1.09422342080537e-05,-1.21998833709635e-05,-3.09272767200423e-06,1.82677498330857e-06,-6.89338068742564e-06,1.4287361088022e-06,-3.91183530379853e-09,0.000299711572198849,-3.16754191781525e-05,8.02671782347712e-05,-8.2935907408027e-05,2.3542977699047e-06,-4.37935826720963e-06,2.86227179653913e-06
"north_west","p_H",-3.78959594026958e-06,6.62252963408332e-06,4.72672234635738e-07,-1.48222254614829e-06,4.02616708397483e-06,-6.33928334086935e-07,-1.47316007977914e-06,-2.34798142946525e-07,-1.09547279451859e-06,-1.67382672615936e-07,-1.10338276901105e-06,-8.30714383812132e-07,-7.75374162632817e-07,-1.37534486582271e-06,-1.42435259467216e-06,-7.94146968673271e-06,-9.98801659194203e-07,-8.53033912801541e-07,-9.80441509293093e-07,-1.68105689683908e-06,-1.19675784481989e-06,-1.64656846828897e-06,-1.72861755196226e-06,-2.04067854419448e-06,-2.20867019188149e-06,-3.20005322588378e-06,1.13145305471795e-07,-1.6099775152176e-06,-3.21852603002276e-06,-1.95033969983577e-06,-1.14474640572955e-06,-2.760678960613e-06,-1.12817022814051e-06,-2.17411451861271e-06,-3.80626590344997e-07,-1.56659757349997e-07,-8.86863611108872e-07,1.53773619653881e-07,-1.43652419506451e-06,-1.64603447245213e-07,-4.07614521900203e-06,-2.37139716509724e-05,5.45111023187605e-05,-1.56040633461983e-05,-3.16469154347673e-08,-3.46362625523391e-06,6.59164614221835e-05,-1.65284454036306e-05,1.12158536935229e-05,1.14844270479232e-05,2.59522514082559e-07,9.43627598097938e-05,3.0335678239115e-05,5.40751549137692e-06,3.95249825505353e-07,-5.5301487343603e-06,4.99708754146089e-07,-1.57443252424829e-07,-2.5204382246436e-07,-3.6018371896253e-07,-2.17082761693028e-07,-5.78783020715778e-07,-8.24604067892763e-08,-1.68451128495688e-07,-1.10552570064796e-07,-8.20217809886935e-08,-3.17481535234654e-07,-3.0148449418332e-05,-5.55112776838261e-05,4.92773313072552e-05,3.72155330034167e-06,-0.000143356910685435,3.94247593084227e-05,5.56908272479957e-05,8.81113057675512e-05,-4.52046485347696e-05,8.59689539658013e-06,-7.22207275224322e-08,0.00180104425813869,-0.000135803838493985,-2.20909197940149e-05,0.00184636693399119,8.63617630066926e-06,7.81686228535927e-07,3.55818926458051e-05
"north_west","p_H_2",-1.07856810343732e-07,1.93092543317226e-05,5.37645381764881e-07,-7.68976373990205e-07,-2.07654377313639e-06,6.38984344419767e-07,-2.44407973241681e-07,-3.99285606859317e-07,-8.68113677523694e-08,-1.46856523827259e-06,4.44281519656905e-07,-1.03347908239428e-07,-2.36617555555055e-07,2.94935245596902e-07,4.5838233272099e-08,-3.54759759650753e-06,-1.40467849553856e-07,-4.8023910523694e-07,-1.42219786765114e-07,8.22004688862155e-07,-9.15541132145323e-07,-1.3254248724763e-08,-7.2070320835528e-07,-4.24757232239944e-07,9.44316243565488e-08,-1.00799400913472e-06,-7.30184296606552e-08,-2.02611322108411e-06,-5.88901545615839e-07,5.10794572428972e-07,-9.04149169400601e-07,1.76069269984458e-06,-1.63294620613191e-06,3.66525814931979e-07,4.2579321598682e-08,-3.07814846138048e-08,-9.48826187874378e-08,-5.37371978076092e-07,8.95727714531313e-07,-1.91115813636519e-06,-4.18221223634962e-05,-1.85042845108727e-05,2.54070948534992e-05,5.50254523347861e-05,-2.64208236071394e-06,5.7799296656754e-05,-4.9804512390349e-05,1.92581649156389e-05,-2.83144913070748e-06,4.87616785933285e-06,5.62440995323931e-06,3.0335678239115e-05,0.000461197297181127,1.03389024603437e-05,1.44183754533608e-06,-3.97548499938383e-06,1.7289051808e-05,-1.21019288224153e-07,-1.47092680465292e-07,-1.25257579525038e-07,-3.20829269588563e-08,-1.8163437219489e-07,-5.1134511980774e-08,-7.47029698628968e-08,1.68755421461361e-08,-6.33636010624984e-08,-8.9161868544858e-08,-3.35447853274128e-06,-9.09887742646019e-05,-2.79401974397829e-05,1.73341765763857e-05,2.30129703130367e-05,-7.06897869113164e-05,-0.000391330502312599,1.02291165803049e-05,7.02276234228991e-06,-8.91484963311431e-06,-1.27156291270404e-08,-0.000919668208752064,0.000619338659292046,0.00024528792779743,-0.000767222648940156,-1.05881505982893e-05,6.44720834040194e-06,1.1797940852226e-05
"north_west","p_H_D",-8.13545338135116e-07,-1.00753819636373e-05,-1.69690222818258e-06,1.34903983785257e-06,-1.99230148476196e-06,-5.04448112916425e-07,-2.6227261641769e-07,2.1072991514772e-07,-6.48032415025168e-07,4.45898343869348e-07,-7.19818200481309e-07,-2.96501130200659e-07,-5.29964839506092e-07,-3.8765370710311e-07,-4.33354232375996e-07,-1.06156752164971e-06,-3.75190505644617e-07,-1.94326722433682e-07,-2.99480142279274e-07,-3.70164918495309e-07,-5.71422670467843e-07,-2.92876290647263e-07,-5.61727478129121e-07,-7.34759887391635e-07,1.95369199492411e-07,-1.22410031673737e-06,3.41688845552314e-07,-4.93566525383142e-07,-6.29562600073763e-07,-1.18284775335191e-06,-5.65730915113377e-08,-4.7014603737148e-07,-6.3318645742172e-07,-7.97570364070938e-08,-9.13825833975304e-08,-1.5121583580038e-07,-4.89709934588141e-07,5.93186724932399e-07,-1.23343640455854e-06,6.67441767585696e-08,-8.24223559463181e-05,-0.00011000157568498,-9.29307289099131e-05,-9.3458259691826e-05,-9.96744420450158e-05,3.6600925372844e-05,-3.39964880479018e-05,6.19368941347126e-06,-1.34627433738495e-06,1.80456176807292e-05,-1.64248720284561e-06,5.40751549137692e-06,1.03389024603437e-05,0.000134287279103864,1.30196777648264e-05,-3.02883079648694e-07,-1.19203689399283e-05,-1.64465403534094e-09,-1.95572842857885e-08,-3.29019120023955e-08,-2.06621604694486e-08,-1.46143061393799e-07,1.20717006278081e-08,-3.84741978226399e-08,-3.59729219164738e-08,7.65354817501502e-09,-4.73913611346688e-08,1.82253640728314e-05,1.07073182393527e-05,1.25688224924231e-05,1.46477785632713e-05,1.02647536934148e-05,-1.05239727272371e-05,-5.18066537416117e-06,-2.30459137188481e-05,1.90619248521794e-05,1.14477742513738e-06,-1.72689258007498e-07,0.00122970598641846,4.5653056798372e-06,-0.000109853937642713,-0.000407195933948797,1.08798137154019e-05,-4.86874227915363e-06,7.34987959202617e-06
"north_west","p_ICU",4.44008881036624e-07,-1.42795980145101e-05,-2.52118404064261e-07,5.7219630915268e-07,-2.33848943612778e-07,-3.5966864969498e-07,4.41875789213449e-07,-1.38201415562889e-08,-1.92638579640941e-07,3.37714686673289e-07,-1.09408966917196e-07,-6.97332338382446e-08,-1.08660782355513e-07,1.19582057899754e-07,-2.31624105018985e-07,-1.49555214204345e-06,-2.41528955963959e-07,-1.38570538115087e-07,-1.88738337319126e-07,-9.5124273489305e-08,-1.449244562767e-07,-2.93835262462353e-07,-1.22870123569563e-07,-2.3436076166859e-07,-2.16303373235602e-07,-2.27636541256817e-07,7.01608302737071e-08,-2.26653261543485e-07,-2.41675319888865e-07,-3.27464007019256e-07,-6.30714640047534e-08,1.33284134839509e-08,-1.84144024636283e-07,-8.82180961280645e-08,-5.6560101813422e-09,5.67156227042547e-08,-4.14383821746136e-07,5.34186242378645e-07,-7.44834052094305e-07,3.14680866468707e-07,-1.41588479460095e-05,-1.10379087820452e-05,-1.32707864441935e-05,-2.58198079867656e-06,-1.10441385870909e-05,1.25281772296133e-05,-2.90629208054696e-06,4.13436163273769e-06,1.30082715608612e-06,4.36180626572337e-06,-3.30507930483671e-08,3.95249825505353e-07,1.44183754533608e-06,1.30196777648264e-05,1.65446880365572e-05,-9.4222791691599e-07,6.25014948462667e-06,5.90788267102363e-09,2.66047117592073e-08,8.76364677916729e-09,1.46962227530535e-08,8.21593022905142e-09,1.72989634897491e-08,8.09590871725702e-09,1.83523385153757e-09,2.17440581533598e-09,9.24620284696903e-09,9.37877221965907e-06,3.35999791851858e-06,-7.44462186110858e-06,7.71834364840977e-06,-1.23447095696283e-05,3.48454311140327e-06,-1.03605875421944e-06,7.10189451714049e-06,3.09274785345346e-06,-6.86208672618434e-07,-1.86869009647936e-08,0.000416219880984345,1.80616436845689e-05,1.24159799219458e-05,-8.95983154222389e-05,4.01926217459309e-06,6.09127893410552e-06,-3.96245672338364e-07
"north_west","p_ICU_2",6.0396171874821e-07,6.16033733377892e-06,-2.97533258457938e-08,2.58922705717679e-07,-4.15081527110178e-07,4.23021914019136e-08,8.55345665905865e-08,-2.57470679242749e-08,7.06547905678879e-08,-5.86875246558298e-08,4.5743674238309e-08,-4.38468486056506e-10,3.1450164934054e-08,-2.70725197884231e-08,6.54744219202061e-08,4.47208932142066e-07,6.65116735608043e-08,8.32730727746859e-09,1.66781129840793e-09,1.34307010979633e-07,4.04121636183067e-08,7.0449380801314e-08,4.67881855362235e-08,1.27300363614746e-07,-3.53403639288346e-08,1.99981325672602e-07,-1.37623571704397e-08,2.77766122838217e-08,1.51882964650544e-07,3.75982640967513e-08,1.72179512118133e-08,1.57161516725001e-07,1.30068022434522e-08,-6.99041120472719e-10,1.21187677365775e-08,-1.26916040000454e-08,8.28493258280174e-08,-2.82868965800627e-08,6.34670646729569e-08,-2.72019591017464e-08,-1.61662913990723e-07,5.52075647107407e-06,-4.77875137331615e-06,2.00570699859827e-06,1.2402736986329e-06,4.31793017887496e-06,-5.22516667711991e-06,1.15789332797926e-08,8.93984080408958e-08,-1.53499898197118e-06,6.95186927317555e-07,-5.5301487343603e-06,-3.97548499938383e-06,-3.02883079648694e-07,-9.4222791691599e-07,3.19859250561204e-06,3.88119857238448e-06,8.57386740985588e-09,5.20052651066029e-09,1.69558702544847e-08,5.04985277117825e-09,2.51569609537646e-08,-1.4511760423317e-09,2.63009240100317e-09,4.81669256561629e-10,2.24884921744e-10,3.2121018914862e-08,1.45338376812515e-05,-1.59912873809758e-07,-1.50472697669099e-06,-1.89158193443305e-06,1.17086857868046e-05,-2.72447114487531e-06,-2.91505788291189e-06,-3.10276857121725e-05,1.7966293209866e-06,1.59521760380494e-07,7.70562410410979e-09,-4.31198425605754e-05,2.826077714028e-06,1.65575301151178e-05,-0.000174999132971632,1.4002752495197e-07,-1.17757093138497e-06,-6.77593476630645e-07
"north_west","p_ICU_D",5.26825840865489e-06,-3.79481898436886e-05,1.32915316314666e-05,1.25609151125365e-06,-1.99644118861799e-06,7.14130357768589e-07,-9.68960247086337e-07,1.59515864336758e-06,-1.25364489962811e-06,3.57528766995433e-06,-3.95198303057164e-06,1.62202206394161e-07,-1.44262821361209e-08,5.7352185492971e-07,-1.08907091449e-06,1.99006224554132e-06,-4.09643150041869e-08,-1.49661857200821e-06,1.66997783370253e-06,2.0850851036551e-07,-1.09883942542625e-06,-7.47530678914624e-07,8.72115686340842e-08,1.51852853807898e-07,-1.7180922084667e-06,-1.49181775728906e-08,5.93535846383046e-07,-3.28866409633125e-07,-5.96008347626459e-07,1.72903952829574e-06,9.91238331776817e-07,2.4428473886212e-06,7.02310853716386e-07,1.52843451595745e-06,-3.08129747775771e-07,4.78454519703223e-07,-9.17638071268195e-07,9.82728722730809e-07,-1.02436313285849e-06,-4.22578092706014e-07,-8.83006499066156e-05,-3.90433754651005e-05,9.63398842056973e-06,1.56738290454624e-05,-1.27850359477878e-05,5.03265665582797e-05,-2.81670782436267e-05,4.19681696106528e-05,1.02936885317638e-05,-7.6166341432444e-06,6.24217168940629e-06,4.99708754146089e-07,1.7289051808e-05,-1.19203689399283e-05,6.25014948462667e-06,3.88119857238448e-06,0.000716837220812743,1.87728996532644e-07,1.68637741940578e-07,2.34127283095829e-07,1.46995310343042e-07,3.77221670637518e-07,6.08932260003161e-08,9.20343292971031e-08,3.14631627050774e-08,9.29668553811708e-08,3.4864983734951e-07,-0.00015738373285667,-0.000288175675181719,3.90709855240397e-05,7.57263270794904e-05,-8.92714804654256e-05,3.51167547510506e-05,-4.49521388377464e-05,2.69092858154674e-05,-1.72309735524271e-05,-8.26552784520301e-06,-2.90074593388114e-07,0.00111634344684564,-0.000221359714256505,-0.0010863700328284,-0.000590268675004307,1.28793955063983e-05,2.84320838550979e-05,-5.60236752325653e-05
"north_west","p_NC_15_24",9.04272444579847e-09,-8.51301169893449e-10,1.10391294493692e-08,-1.12495334158427e-09,-6.55631267654993e-09,2.50444711842492e-09,2.05709649321141e-09,8.36519561112519e-10,1.69215699049561e-09,3.92812723198602e-09,-3.38954435628417e-10,1.1963360979394e-09,1.42030903985439e-09,1.24962951328245e-09,3.48322721162735e-09,1.28091206828228e-08,5.33797182800949e-10,1.31985759976859e-09,3.04809481319387e-09,3.18468475949891e-09,1.59958730487876e-09,3.99786031915443e-09,3.74639454740889e-09,6.04563153346017e-09,3.13366557010339e-09,8.40593313630725e-09,-5.84032412967087e-10,4.14859148394914e-09,8.59048612331933e-09,8.15304877896501e-09,3.64183479996438e-09,7.75996104214212e-09,6.02054970470227e-09,9.3173915244368e-09,7.44917923337027e-10,9.11138137065738e-10,7.33870592162986e-10,-1.56185705956158e-10,2.65791725576849e-09,-2.08374308531923e-10,-3.392287114055e-08,1.50392669559171e-08,-9.13933420831077e-08,1.11195070258145e-07,-6.75172302489665e-09,2.09693155501318e-08,-1.30452727361606e-07,8.25087375712904e-08,-1.48689183131618e-08,-1.9205574686724e-08,5.15668170350156e-09,-1.57443252424829e-07,-1.21019288224153e-07,-1.64465403534094e-09,5.90788267102363e-09,8.57386740985588e-09,1.87728996532644e-07,1.34410166648256e-09,9.50430559409793e-10,1.07726914218848e-09,6.14215462450915e-10,1.6129682598045e-09,3.60518518266559e-10,5.91614594443114e-10,3.49579016483145e-10,4.05617247170594e-10,9.09730316714001e-10,1.2796924699626e-08,-1.4624262349828e-07,-7.47270022051511e-08,9.13589640997536e-08,2.75364905096889e-08,-4.67525228656563e-08,2.47658546959873e-08,-1.67679808381145e-07,1.18760265082427e-07,-1.61025083083951e-08,-2.0415190927965e-10,-3.42786227641814e-07,-1.16131395832648e-07,-1.35439711849188e-06,-3.31823171552527e-06,2.27838366997306e-08,9.27173660398745e-09,-1.78614759541088e-07
"north_west","p_NC_25_49",1.12076681782358e-08,-2.28763417738118e-07,-2.2457290842914e-10,-4.2389661425254e-09,-5.99726388628262e-09,6.41290915330561e-10,7.3668736311175e-09,-4.68347316164147e-10,4.24508283907049e-09,3.01361678708825e-09,3.90779470373535e-09,2.08028206886746e-09,3.1766853145713e-09,2.58406207273507e-09,4.23229102173827e-09,3.17093438817948e-08,1.64471779526406e-09,2.20386020663373e-09,4.21427478242852e-09,7.54024754689984e-09,2.32817761191035e-09,6.03919118696923e-09,9.27113378051711e-09,6.26896612598081e-09,1.04260997856168e-08,1.0830954856692e-08,-1.1375542321399e-09,1.09203931451661e-08,1.24691631546965e-08,1.29991195960192e-08,6.45705662105241e-09,1.15399794942106e-08,8.63463073140287e-09,1.82941396913524e-08,1.72838118972707e-09,1.03510038535272e-09,-3.62015976304681e-10,2.91660576446448e-09,6.40430046426152e-11,4.12884924152115e-09,-4.7364505246348e-08,-5.98778786383884e-09,-1.37189911155261e-07,3.58050753744134e-08,4.07945567668292e-08,3.3805962130954e-08,-2.38321325434869e-07,1.01552221011973e-07,-5.16765652046983e-08,-2.48625466109145e-10,5.40016848694463e-10,-2.5204382246436e-07,-1.47092680465292e-07,-1.95572842857885e-08,2.66047117592073e-08,5.20052651066029e-09,1.68637741940578e-07,9.50430559409793e-10,3.22502425687246e-09,1.73982770422642e-09,1.05841028720093e-09,3.01372507121493e-09,6.60913016951805e-10,7.48240289844257e-10,7.28927533092998e-10,5.9916959557028e-10,1.25608479627465e-09,1.92596772736045e-07,-7.40860179013883e-08,-1.95893619488645e-08,5.90648970697208e-09,1.03060198653122e-08,-5.65819957185132e-08,-2.0168193237425e-08,-1.28203411625274e-07,1.33942393578489e-07,-3.33543829004472e-08,-3.35069742998843e-10,-1.69832119900082e-06,-6.25580969526094e-07,-2.01284394018581e-06,-2.99981176481221e-06,2.43369828465116e-08,4.3398003708815e-08,-2.73415610164875e-07
"north_west","p_NC_50_64",2.59383191299979e-08,-1.2200250904337e-07,1.04741158393649e-08,-3.39117323617262e-09,-2.01266182970227e-08,4.42606397513245e-09,5.60070733643378e-09,3.07302503972672e-09,2.43729974752814e-09,4.48613119318067e-09,1.32712246493496e-09,4.24083399270057e-09,3.77383973420643e-09,6.28588316798585e-09,6.44016473254363e-09,4.13550448194779e-08,5.50063764328494e-09,3.05981122497538e-09,6.04673533594546e-09,1.2015566157508e-08,4.10420096596671e-09,1.00047305282987e-08,8.67638390150597e-09,1.28645497350919e-08,9.25034207193383e-09,2.07388942935543e-08,-2.04535510422744e-09,7.9375037371228e-09,1.99932813150631e-08,1.45618150775146e-08,5.31071477703401e-09,1.66316381163833e-08,7.88788697598386e-09,2.00732189259219e-08,2.60870482433324e-09,1.07716026740493e-10,5.52035724811445e-09,-4.58385133540062e-09,1.10358202520769e-08,-1.92142601966395e-09,6.04851521990537e-08,5.03754538232408e-09,-1.42611571305672e-07,1.84811161392954e-07,-6.2802654283905e-08,7.89816374391011e-08,-3.61847817914785e-07,1.72158801286879e-07,-2.12462035577203e-08,-2.40838020134198e-08,1.18106659172137e-08,-3.6018371896253e-07,-1.25257579525038e-07,-3.29019120023955e-08,8.76364677916729e-09,1.69558702544847e-08,2.34127283095829e-07,1.07726914218848e-09,1.73982770422642e-09,3.97677597332872e-09,1.38071076588937e-09,3.66626603219137e-09,6.4765951948163e-10,9.25119028112073e-10,6.77654362612172e-10,7.9446810452612e-10,1.70268508641565e-09,1.35857219978886e-07,-1.94125416609852e-07,-1.02179826561828e-07,9.12534001686145e-08,3.15875491052358e-07,-1.75884726791343e-07,-1.04935125817305e-07,-2.51090720943086e-07,2.20386745543495e-07,-4.36405655296962e-08,-9.62888606364998e-10,-9.19988187291347e-06,7.78224333093195e-08,-5.02054718489188e-07,-8.80636855230369e-06,-4.11175043976491e-08,1.51653379221859e-09,-2.54377507374362e-07
"north_west","p_NC_65_79",1.40654751866714e-08,-5.82314307304655e-08,6.47925893638505e-09,5.24028477943481e-11,-1.8571960974711e-08,2.56063058858561e-09,3.51788050205832e-09,1.61459315395231e-09,1.63622223404171e-09,3.25863342639791e-09,1.46521674968351e-09,2.47036425362504e-09,1.97975334264017e-09,2.99360082350766e-09,4.90023298928422e-09,2.20507608956827e-08,1.62969025131512e-09,2.25468726436587e-09,2.07293485963438e-09,7.12914436365166e-09,2.43173362182271e-09,4.76421994291394e-09,6.24312132601758e-09,6.01456790741626e-09,6.35447764650088e-09,1.00134160942321e-08,-5.99480133996854e-10,5.99235935080893e-09,9.84648494254002e-09,9.12493114997657e-09,4.29495017108923e-09,1.00064927077878e-08,6.49648215845678e-09,6.19505253862208e-09,1.06958275523332e-09,3.86593276504062e-10,2.37914031938759e-09,-1.14855316565169e-09,5.95620850362486e-09,-6.60856979958577e-10,8.84252387341557e-09,-1.86305878036486e-08,-5.36662325763817e-08,2.51912952045111e-08,-2.52742442546802e-08,-6.54107642672628e-08,-1.67358185222972e-07,6.79082436224992e-08,-4.41832685404619e-08,-1.57509976534537e-08,1.4541218961102e-09,-2.17082761693028e-07,-3.20829269588563e-08,-2.06621604694486e-08,1.46962227530535e-08,5.04985277117825e-09,1.46995310343042e-07,6.14215462450915e-10,1.05841028720093e-09,1.38071076588937e-09,1.4919247765826e-09,2.20037447618449e-09,4.18343591923497e-10,7.09488583236501e-10,5.27062982970521e-10,3.50692292220613e-10,1.26937624114354e-09,7.66647021695346e-09,-4.69855143861343e-08,-1.88983069611403e-08,-1.31941106648901e-08,2.08890172353487e-07,-1.17940684980372e-07,-1.4522943409871e-07,-1.89638668007311e-07,1.61527842679188e-07,-3.08100358882087e-08,-4.29572198835393e-10,-3.22214298834694e-06,3.4236891002186e-07,-1.0418725512567e-06,-8.01993960956206e-06,-2.63062083827087e-09,8.63745987477088e-09,-1.70157592798131e-07
"north_west","p_NC_80_plus",9.67475044531683e-09,-3.50654795458936e-07,1.0355561395521e-08,5.91656880382745e-09,-3.74915053019403e-08,2.05525120671382e-09,1.46932791290265e-08,1.32210596709163e-09,8.6769363861245e-09,-2.62914146815287e-10,9.81334440725306e-09,5.95552719142024e-09,4.14553606409815e-09,8.97817172183804e-09,1.08595331285477e-08,8.74135371628193e-08,4.19684141236468e-09,2.44206486124314e-09,1.16960822492732e-08,7.49891697759542e-09,9.91585121957007e-09,8.14618998202067e-09,1.45126079830256e-08,1.25007516726239e-08,1.14634720351189e-08,3.23201993363601e-08,-2.78067173657474e-09,6.82149682607548e-09,2.80355422845939e-08,1.68978369195586e-08,8.26175569930263e-09,2.14055585680585e-08,2.0345965750444e-08,-4.10027918349298e-09,2.45466128352644e-09,1.95819510874446e-09,8.93750662236776e-09,-6.28837173201083e-09,1.53084550179697e-08,2.5165126523656e-09,1.09040167158831e-07,1.32812104146782e-07,-8.28998853970312e-09,2.33893888451579e-07,1.45640302783131e-07,1.87916329284199e-07,-5.54946538348937e-07,1.77563131340568e-07,3.93326809800444e-08,-4.51830899421721e-08,3.95649556920133e-09,-5.78783020715778e-07,-1.8163437219489e-07,-1.46143061393799e-07,8.21593022905142e-09,2.51569609537646e-08,3.77221670637518e-07,1.6129682598045e-09,3.01372507121493e-09,3.66626603219137e-09,2.20037447618449e-09,1.57041662431761e-08,9.59416692778879e-10,1.30263737646915e-09,1.05589758331776e-09,9.00618979969372e-10,3.30151967000661e-09,1.27516786838052e-07,-4.97178207201416e-07,-3.80320238972081e-08,3.81375132812949e-08,6.6513230619554e-07,-3.96678302320548e-07,-4.31162533302566e-07,-5.99719365674351e-07,4.44548095866797e-07,-5.90431124452453e-08,-1.00820867441622e-09,-4.2311846382124e-06,2.74686124745901e-06,2.27556174503616e-07,-1.54481969610889e-05,1.75660102955117e-08,5.71488556502482e-08,-3.5574887268921e-07
"north_west","p_NC_weekend_15_24",1.82244042375257e-09,-2.18114614489738e-07,6.64234720728274e-09,-2.25216848868936e-09,2.31346782309436e-09,5.67192912904564e-11,2.2671976837109e-09,9.58312670632572e-10,2.54007447106074e-10,2.61139807673897e-09,2.85260521306824e-09,1.31532526495815e-10,1.04221701585769e-09,1.59666337588134e-09,1.22044445742403e-09,2.94717875180052e-09,-1.21679054720276e-09,1.12749644339257e-09,4.33053103814997e-10,2.7595616349553e-09,-8.26610697105382e-10,2.3540243933069e-09,2.35793264907374e-09,1.69648676112407e-09,2.39919998862497e-09,3.61179071651549e-09,7.62694241032398e-10,2.57601586824672e-09,4.24834112183936e-09,4.65240061973154e-09,1.15219308664716e-09,4.73160002179634e-09,3.73914566223826e-09,3.15585469165166e-09,7.40687900625068e-11,-8.99606079359374e-11,-3.69139387022882e-11,1.38791014142754e-09,-1.98869927811272e-10,2.1614031797343e-09,-3.21434959824122e-08,-4.17937122315521e-08,-2.84468038075927e-08,-2.80715261448363e-08,-6.52663706079885e-08,-3.16059026824812e-08,-2.10954246323038e-08,2.09685375110431e-08,-1.97848689742542e-09,1.64187615028149e-08,-9.28100241332228e-09,-8.24604067892763e-08,-5.1134511980774e-08,1.20717006278081e-08,1.72989634897491e-08,-1.4511760423317e-09,6.08932260003161e-08,3.60518518266559e-10,6.60913016951805e-10,6.4765951948163e-10,4.18343591923497e-10,9.59416692778879e-10,1.04305963836612e-09,2.741297641615e-10,2.80812851143332e-10,2.56848556248617e-10,6.25189812509337e-10,-1.45150993620276e-07,-1.06768251572206e-08,-4.68527952769369e-09,6.98576045745509e-08,-7.10307416069358e-08,5.80529586847769e-09,2.39138870052431e-08,-4.21645982859056e-08,4.58032782923777e-08,6.17195795548593e-09,-1.78929740492086e-10,1.60012139644189e-06,-7.5167739828321e-08,-1.1632591825676e-06,6.17976069777896e-07,3.04598416258696e-08,3.7388409103985e-08,-1.28207555752515e-07
"north_west","p_NC_weekend_25_49",9.02460294683119e-09,-9.99503873221563e-09,4.89780112799245e-09,-2.48761787652492e-09,-9.0645974468448e-09,2.67411585714447e-09,2.22023278095332e-09,7.98953053661169e-10,1.60438916522296e-09,2.31267539684279e-09,-1.74613809547853e-10,2.21775579417445e-09,1.11353064678705e-09,3.81641281977612e-09,3.49851694976503e-09,1.45000120158389e-08,2.55619843354718e-09,2.33139289529022e-09,1.48762492606435e-09,7.1596231147301e-09,1.90554799547383e-09,5.90466654092145e-09,4.1107918857933e-09,7.31726698171561e-09,6.67237146919377e-09,8.90661620342905e-09,-5.21686798859664e-10,6.73873862568831e-09,9.79430379699474e-09,8.27364074047729e-09,4.11515686084596e-09,7.25648342675817e-09,4.37660334462124e-09,1.01482428493109e-08,8.33071499473393e-10,1.01914061285794e-09,1.67929840102763e-09,-2.24027032160566e-09,5.55089482800795e-09,-1.74372445406009e-09,2.96686452971922e-08,6.39670031029611e-09,-9.96350710716398e-08,2.90934373278986e-08,-1.72180158026408e-08,-1.19496060409954e-07,-1.06890111625673e-07,8.39849902627957e-08,-2.61875620573897e-08,-1.59494450493362e-08,-2.01942105325134e-09,-1.68451128495688e-07,-7.47029698628968e-08,-3.84741978226399e-08,8.09590871725702e-09,2.63009240100317e-09,9.20343292971031e-08,5.91614594443114e-10,7.48240289844257e-10,9.25119028112073e-10,7.09488583236501e-10,1.30263737646915e-09,2.741297641615e-10,1.57556172915173e-09,3.10257450371032e-10,3.20766765108908e-10,9.04469441259624e-10,-1.18548264989401e-08,1.55843253168776e-07,-5.80003032990901e-08,1.81198208349152e-08,1.5201755437577e-07,-1.07262186526786e-07,-3.22712379554509e-08,-1.07777579011976e-07,9.4528797254762e-08,-8.45078113632431e-09,-4.03312365158122e-10,-4.84976930251039e-06,2.14156012930211e-07,-4.41546642007593e-07,-4.10490451998567e-06,-1.97812682199272e-08,-9.60129226121252e-09,-1.39497641729903e-07
"north_west","p_NC_weekend_50_64",4.82275399638327e-09,3.22854526743173e-08,4.75673398348252e-09,-8.7110327335077e-10,-6.58560728510078e-10,1.43401140851347e-09,2.68484496198829e-09,-1.22348441554383e-09,3.30672765874185e-09,-6.88574410218049e-10,4.39864802853836e-09,1.1171466346822e-09,1.4840506457718e-09,2.67525541307482e-09,2.15631885232341e-09,6.5153154559951e-09,1.46101457425597e-09,2.15863785285688e-09,2.92696638723997e-10,3.47176777059055e-09,1.77840009030486e-09,4.19136187330516e-09,4.16839983815949e-09,3.00960104935085e-09,6.25532993527735e-09,6.57308472391535e-09,-7.94620772978543e-12,4.27735728381385e-09,7.32387942317306e-09,5.79020800256242e-09,3.22308255937856e-09,5.88870708319049e-09,4.41329001128215e-09,7.40083713206889e-09,2.17843591782307e-10,9.66483678730948e-10,5.48216154983068e-11,4.83648361637437e-10,2.31347518486627e-09,-1.81194847704057e-10,3.92518419430603e-08,7.81899721257231e-09,6.12618979094297e-08,6.96686904658073e-08,8.2238217293068e-08,-1.13547005314842e-07,-1.98780072163712e-08,1.42034313063796e-08,-3.37343515771593e-08,7.15583594018918e-09,9.8758993427673e-09,-1.10552570064796e-07,1.68755421461361e-08,-3.59729219164738e-08,1.83523385153757e-09,4.81669256561629e-10,3.14631627050774e-08,3.49579016483145e-10,7.28927533092998e-10,6.77654362612172e-10,5.27062982970521e-10,1.05589758331776e-09,2.80812851143332e-10,3.10257450371032e-10,1.03290123159084e-09,2.57932477958708e-10,5.33238411901333e-10,2.92837666285848e-08,-1.97937178726265e-07,7.2286025869206e-10,-1.76316580460933e-08,5.64689447616729e-08,-6.88494212241603e-08,-1.19007518550709e-07,-3.2603664077624e-08,3.24821548972445e-08,6.17857768090915e-09,2.67687552198227e-10,-2.07585429563134e-06,-2.60931215485698e-07,-2.3028693973998e-07,-8.3313216942724e-07,-6.82473803559711e-09,5.51043285167876e-09,-1.0440326714279e-07
"north_west","p_NC_weekend_65_79",3.94598582839257e-09,-1.16726196799701e-08,-2.14299771929753e-09,-3.1861287711135e-09,-3.96229695765383e-10,1.67573006627642e-09,-1.50289723583859e-11,8.60176699121239e-10,1.23948658175117e-09,1.91372824938779e-09,7.81218047069846e-12,1.10774262950681e-09,1.028814632171e-09,1.7495995048679e-09,2.97580166445898e-09,9.27151757462438e-09,9.30771230416345e-10,1.78913642370747e-09,1.95097903388052e-09,2.92162541987433e-09,2.1266944434129e-09,3.1206033594468e-09,3.25044276131899e-09,4.46642658724656e-09,4.21016959452247e-09,6.2016905933421e-09,-5.69611354620051e-10,3.42452198263408e-09,7.02145493124539e-09,4.73482137868287e-09,2.42161940725831e-09,4.7146554933e-09,3.26689467505379e-09,6.26749002064138e-09,6.31282676414963e-10,1.74510704719968e-10,8.64236098635544e-10,-5.54525609612128e-10,1.79161701435999e-09,-1.16665903701702e-10,-1.85951712036842e-08,-3.76475116509136e-08,-6.27985772513186e-08,2.6337005108126e-08,4.79797989186241e-08,-3.68288450851854e-08,-8.75240447418287e-08,3.81414180216855e-08,-2.4006994110146e-08,1.0187197291145e-08,3.13701384748321e-09,-8.20217809886935e-08,-6.33636010624984e-08,7.65354817501502e-09,2.17440581533598e-09,2.24884921744e-10,9.29668553811708e-08,4.05617247170594e-10,5.9916959557028e-10,7.9446810452612e-10,3.50692292220613e-10,9.00618979969372e-10,2.56848556248617e-10,3.20766765108908e-10,2.57932477958708e-10,6.73606713641981e-10,4.79605744318071e-10,2.48840467656e-08,-9.03520959809275e-08,-3.97403199227338e-09,-3.11238846759567e-08,4.9866959886537e-08,-6.60485680488385e-08,4.40491128444991e-08,-5.68910344543727e-08,6.69513528018405e-08,-1.09395660526085e-08,2.42402360287964e-10,-1.99423376236684e-06,-1.41565217839183e-07,-2.45077445306005e-07,-4.16283697244049e-07,-9.51606096172358e-09,-1.31549818468868e-08,-8.62514619604655e-08
"north_west","p_NC_weekend_80_plus",3.01183846983587e-08,-1.04171354729134e-07,3.2107168891936e-08,2.831717716359e-09,-1.84598561522636e-08,5.35009883660841e-09,1.05678097708719e-09,1.24591226713963e-09,4.23318278480549e-09,4.46264177809146e-09,2.37063470001352e-09,2.32800954155772e-09,1.65586288757304e-09,4.79684881275291e-09,3.30929374574537e-09,4.20896605978366e-08,1.94081595518689e-09,1.14625354715268e-09,2.41773594535671e-09,7.89493937088754e-09,9.29937635831918e-10,6.04329913210092e-09,5.44789404661769e-09,8.09950061837859e-09,5.18571420584786e-09,9.87134099205183e-09,7.97689574134834e-10,6.01199848160856e-09,1.2181654525772e-08,1.28884542019412e-08,5.83977295275736e-09,1.28654073193537e-08,8.61317327116226e-09,1.6049388767545e-08,-3.82320578095648e-10,1.27557711431975e-09,4.36327356348367e-09,-4.369523840894e-10,3.50021590791534e-09,-4.45827107930456e-10,2.41876377368039e-08,6.41493657330374e-08,-1.28700432865032e-07,1.0708735199585e-07,-3.00684367036047e-08,-8.16084927171003e-08,-2.81018149466358e-07,1.68116116617039e-07,-6.11637334207729e-08,-4.22778905668651e-08,-7.81859409267216e-09,-3.17481535234654e-07,-8.9161868544858e-08,-4.73913611346688e-08,9.24620284696903e-09,3.2121018914862e-08,3.4864983734951e-07,9.09730316714001e-10,1.25608479627465e-09,1.70268508641565e-09,1.26937624114354e-09,3.30151967000661e-09,6.25189812509337e-10,9.04469441259624e-10,5.33238411901333e-10,4.79605744318071e-10,7.0749252668646e-09,-8.48394799742473e-08,-5.60215754308527e-09,-1.30818853007053e-07,3.4900221270113e-08,2.437926578953e-07,-3.74051901754337e-08,-2.65618277181173e-07,-5.52955505848553e-07,1.54090612956488e-07,-2.31823083066309e-08,-1.63476037941635e-09,1.04125718016096e-06,-7.05809140123749e-08,-2.29230842787297e-06,-7.39041880534612e-06,4.77077161153295e-08,2.84807148077207e-08,-2.79403657472724e-07
"north_west","p_W_D",-8.84610611296056e-06,8.80450560181096e-05,-1.02000575146703e-05,-2.25607565616556e-06,-5.19652597542256e-06,1.80669657814781e-06,-9.7841310938747e-07,-1.53478483132334e-06,1.9102740809747e-06,-1.11360208300114e-06,7.79059546894602e-07,7.92252504202596e-08,7.49306993905217e-09,-5.56814030002232e-07,1.53983632384498e-06,6.79559253747676e-06,-9.21742272552505e-08,1.60007336611145e-07,-2.04644266516833e-08,-1.03579131299832e-06,6.6343340216921e-07,5.53122573331785e-07,1.09273533267605e-06,-9.27943136908682e-07,-2.42084973884243e-08,2.54686935534138e-06,-1.95099119092668e-07,-1.34255796294732e-06,2.64157838222924e-06,-1.34009758221763e-06,1.1460891048367e-06,-7.0925811861725e-07,-5.94764976577238e-07,1.6467069430109e-06,2.02672876329762e-07,6.97070530891594e-07,3.26114280104161e-07,-2.01396557007458e-06,2.73886057492885e-06,-1.12020134101119e-06,6.77538979603736e-06,-4.86115855089477e-05,-6.80234806106002e-05,-4.79191039445247e-05,-4.86632197049811e-05,-6.18574641481604e-05,3.51656356632135e-05,-3.83391465833434e-05,-2.03913838005093e-05,-8.42683283265407e-06,3.68866527707846e-06,-3.0148449418332e-05,-3.35447853274128e-06,1.82253640728314e-05,9.37877221965907e-06,1.45338376812515e-05,-0.00015738373285667,1.2796924699626e-08,1.92596772736045e-07,1.35857219978886e-07,7.66647021695346e-09,1.27516786838052e-07,-1.45150993620276e-07,-1.18548264989401e-08,2.92837666285848e-08,2.48840467656e-08,-8.48394799742473e-08,0.00142046102763159,0.000114550960669988,-1.5793832207715e-05,-2.69411496648807e-06,5.99707636097923e-05,-9.5838917608527e-06,-3.37149834175628e-05,1.63347995702841e-05,-8.15376384506104e-05,-8.58392167375457e-08,4.95764254023139e-07,0.00027607810673213,0.000564457794642117,0.000784346999097056,-0.00181441171412479,1.00908525549227e-05,-1.19788414060752e-05,5.13451816620078e-06
"north_west","rel_p_D_alpha",1.17647713876459e-06,-0.000254255425041983,-8.49217244203757e-06,-9.00325373635056e-06,-9.82539581915373e-06,-7.99934319996538e-07,1.54231677779026e-06,-2.70686973970961e-06,4.90283009773384e-06,-9.23379266162268e-06,3.87761513257722e-06,1.38190086636144e-06,8.02179820695142e-07,3.66501594629043e-06,2.14794690207889e-06,1.89557608963482e-05,1.50618093528959e-08,5.80367059452205e-07,3.46777253249285e-06,-5.32335091898032e-06,2.29049341653465e-06,-8.41516092264787e-07,2.6593359195428e-06,-4.1427760572731e-06,4.10279827788826e-06,-2.41702380801001e-06,-4.76037893695738e-07,-2.77761358885681e-07,1.54286050073114e-06,-5.39863426107364e-07,2.11956878423992e-06,-1.86998632110736e-06,6.18861444273625e-06,-8.74524233930806e-06,-7.17404832611193e-08,1.63592642759239e-06,-2.01349508650624e-06,-4.86050018113593e-07,1.93937844890271e-06,1.32128401328291e-06,-3.63704511262922e-05,-6.37427037893699e-05,-0.00158004549175741,-0.000970585320376141,-0.000680034521031311,0.000287335305315371,0.000216348036510236,2.27077764814261e-05,-5.97660121412919e-05,1.21301809117392e-05,-0.000190315070305212,-5.55112776838261e-05,-9.09887742646019e-05,1.07073182393527e-05,3.35999791851858e-06,-1.59912873809758e-07,-0.000288175675181719,-1.4624262349828e-07,-7.40860179013883e-08,-1.94125416609852e-07,-4.69855143861343e-08,-4.97178207201416e-07,-1.06768251572206e-08,1.55843253168776e-07,-1.97937178726265e-07,-9.03520959809275e-08,-5.60215754308527e-09,0.000114550960669988,0.00442990064086768,-0.000798465202106451,-0.00010976653947765,-2.77723978205467e-05,0.000214179418384269,-2.76385805120087e-05,-2.17002434961342e-05,-1.85769410781444e-05,-3.0162136251205e-05,3.41925270750364e-07,-0.00753200720459286,0.000783023054336598,-0.000562988707033475,-0.00322785618501867,-6.54844768761295e-05,2.66450966235582e-05,-7.9850836837402e-06
"north_west","rel_p_D_delta",-2.83397955012652e-06,0.00016498322161545,-8.47084912741076e-06,-1.16771893507251e-06,7.33438382115259e-06,-2.31348851061278e-07,-2.99422997050601e-07,3.07224258700221e-09,-5.78550433562897e-07,-6.58810906453299e-07,2.35742146324688e-07,-5.28765634946146e-07,-6.85198964843076e-07,-1.18198413710014e-06,-1.56833494050362e-06,-4.20851434712096e-07,-4.81125176796236e-07,-3.08713601222475e-07,-2.57880177439327e-06,5.02673056607847e-07,-1.73063091357618e-07,-1.44631896200126e-06,-6.82807639148589e-07,-1.75319629778732e-07,-1.54270721990392e-06,-1.62268163029766e-06,-7.40005876809216e-07,2.94577498800432e-07,-2.15718520483431e-06,-1.64135942662525e-06,-1.15966369376204e-06,-1.29978471921957e-06,-2.57326280822016e-06,7.86253552950618e-07,4.14425486291205e-07,-8.93916494005457e-07,-8.65579323078998e-08,6.42982902635263e-08,-3.79375184185055e-07,-9.13606474098587e-08,-1.06182787333567e-05,-3.74984886086468e-05,0.000328418316128716,-0.000163881446784017,-6.3781540864699e-05,-0.000119477928010268,-5.92373953164904e-06,-3.9153788425236e-05,3.20737288970274e-05,-1.35405013996553e-05,1.49132699478627e-05,4.92773313072552e-05,-2.79401974397829e-05,1.25688224924231e-05,-7.44462186110858e-06,-1.50472697669099e-06,3.90709855240397e-05,-7.47270022051511e-08,-1.95893619488645e-08,-1.02179826561828e-07,-1.88983069611403e-08,-3.80320238972081e-08,-4.68527952769369e-09,-5.80003032990901e-08,7.2286025869206e-10,-3.97403199227338e-09,-1.30818853007053e-07,-1.5793832207715e-05,-0.000798465202106451,0.000672703390646645,-0.000135737422948722,-0.00010188136135721,-8.48518217745542e-06,8.20750724280837e-05,-4.20809805523996e-05,7.55098938757749e-05,1.26706245218298e-05,5.10276004469208e-08,0.0028054388808067,-0.000291193764739225,0.00059361940278584,0.0030356491260657,2.95392835360931e-05,3.4232047644657e-06,2.87942874278192e-05
"north_west","rel_p_D_omicron",-2.3417631729146e-06,-7.14238828181806e-05,-1.2402608427705e-06,1.1018035551065e-06,-3.29639491449507e-06,-3.63371473925398e-07,1.88695064559495e-07,-9.36544863557309e-08,-3.39621764324527e-07,1.7170326407591e-06,-1.52459529458352e-06,-7.1397744661809e-08,1.35717506616399e-07,5.45171246442642e-07,-1.10268596437707e-07,-2.2147735106237e-06,-3.78398505849041e-07,2.36769491560578e-07,-1.76242743625916e-07,1.38277646592472e-07,-4.15646340145272e-07,2.26627619548956e-07,-1.71936301772861e-07,-4.23589866349298e-07,3.48216243112116e-07,-5.15448940716159e-08,5.01732862166096e-07,-7.32612326654325e-08,3.23139626146481e-07,3.16734324830258e-07,3.03073695869265e-07,-8.03636695134307e-08,8.90907184349222e-08,1.60669150560293e-06,-2.74683758591681e-07,1.85853351997823e-07,-9.98412599024749e-07,1.42889980905009e-06,-1.45663997659922e-06,2.77539971549749e-08,-4.74671362717596e-05,-1.08127799527941e-05,-1.24573145072605e-05,0.000127785444113013,-0.000340841490114613,8.43464357145988e-06,-3.04391087369108e-05,5.3294237971103e-05,1.85111196151367e-05,3.63471564010789e-06,3.56599124417764e-07,3.72155330034167e-06,1.73341765763857e-05,1.46477785632713e-05,7.71834364840977e-06,-1.89158193443305e-06,7.57263270794904e-05,9.13589640997536e-08,5.90648970697208e-09,9.12534001686145e-08,-1.31941106648901e-08,3.81375132812949e-08,6.98576045745509e-08,1.81198208349152e-08,-1.76316580460933e-08,-3.11238846759567e-08,3.4900221270113e-08,-2.69411496648807e-06,-0.00010976653947765,-0.000135737422948722,0.000468602971446809,-4.05392603566425e-05,-1.19254234104063e-05,2.06264896730308e-06,4.37808867506811e-05,2.46703406063488e-06,-6.51791065547616e-06,-2.89212760601959e-07,-0.000676421155336209,0.00012766863929424,-0.000232561668052447,-0.00119201347396232,-8.42305719978787e-06,1.1323307352906e-05,-1.45413287405401e-05
"north_west","rel_p_H_alpha",4.90917822321855e-06,8.71091616820839e-05,4.81854225778204e-07,5.41378129800531e-06,-8.82729025131218e-06,-9.86427570304776e-09,1.97393303233622e-06,3.30939785186453e-07,2.34242245249091e-06,-2.81145654055269e-06,1.66939137043679e-06,1.02740094840108e-06,5.99349766147795e-07,2.11514515912903e-06,1.78543676810574e-06,8.12058400356826e-06,2.84139182554465e-06,1.03216788266211e-06,2.05701769626389e-07,2.96076396002334e-06,2.7304539478285e-06,2.05319005671681e-06,1.88791905628961e-06,3.18331337800109e-06,3.29590098326052e-06,4.50218261230787e-06,2.27053789520642e-07,1.61236826551539e-06,4.31812789123126e-06,2.56250451758452e-09,1.33130330327982e-06,3.07897427620665e-06,-1.92992084594129e-07,-5.10282600390802e-07,3.06977725785286e-07,3.17294025171854e-07,2.04539121357849e-06,-1.04482718123265e-06,2.18106540180179e-06,7.49594042156779e-07,-1.13854012949629e-05,4.50057515667769e-05,-6.11245286901384e-05,8.34446294983958e-05,4.33527750815186e-05,-4.70849835540261e-05,-0.000190233908639239,-6.66216205548614e-05,1.02238754151818e-05,-3.06892142710186e-05,1.09422342080537e-05,-0.000143356910685435,2.30129703130367e-05,1.02647536934148e-05,-1.23447095696283e-05,1.17086857868046e-05,-8.92714804654256e-05,2.75364905096889e-08,1.03060198653122e-08,3.15875491052358e-07,2.08890172353487e-07,6.6513230619554e-07,-7.10307416069358e-08,1.5201755437577e-07,5.64689447616729e-08,4.9866959886537e-08,2.437926578953e-07,5.99707636097923e-05,-2.77723978205467e-05,-0.00010188136135721,-4.05392603566425e-05,0.000661768636952742,-0.000388703480262661,-0.000174237710152791,-0.000364129923932381,0.000224801408418078,-1.19568465558431e-05,3.24473064724783e-07,-0.00298302229331873,0.000646035397054949,0.000954021489417906,-0.00388470609716076,-2.36481000446354e-05,-3.37927439360032e-05,1.40639042198245e-05
"north_west","rel_p_H_delta",-1.60793675453665e-06,-6.13615711073255e-05,-3.3732929744351e-06,-1.12842002027003e-06,4.36296552229947e-06,3.06075122042055e-07,-9.21417492483538e-07,5.66062941298853e-07,-1.77416307575987e-06,2.08482241139947e-06,-7.68763214191264e-07,-1.02170172263078e-07,1.50443309530328e-07,-5.17782285871486e-07,-6.40411138480348e-07,-2.27915040029153e-07,-1.27152981867146e-06,-9.44332245962729e-08,6.07241947840589e-07,-1.92776415981663e-06,-1.41173843228545e-06,-8.8611548998676e-07,-1.14216196444791e-06,-1.56348526060531e-06,-2.71746663174849e-06,-1.85736816928073e-06,-1.97570274259921e-07,-1.47372401897196e-06,-2.66515069399993e-06,1.75607051564338e-07,-4.34204017876394e-07,-1.85704079701969e-06,4.66627866169767e-07,-1.2104115643314e-06,-1.5237724227786e-07,-3.95564661550442e-08,-7.66740912006498e-07,6.74440431161196e-07,-9.25704452016944e-07,-4.87193292395164e-07,1.77917964847506e-05,4.46264960664736e-06,-2.85085814765134e-05,-8.98879692818684e-05,-1.42985155565605e-05,8.99384306585846e-05,0.000117098276804337,5.78747180435678e-05,-4.6774564525012e-05,4.06375792043198e-06,-1.21998833709635e-05,3.94247593084227e-05,-7.06897869113164e-05,-1.05239727272371e-05,3.48454311140327e-06,-2.72447114487531e-06,3.51167547510506e-05,-4.67525228656563e-08,-5.65819957185132e-08,-1.75884726791343e-07,-1.17940684980372e-07,-3.96678302320548e-07,5.80529586847769e-09,-1.07262186526786e-07,-6.88494212241603e-08,-6.60485680488385e-08,-3.74051901754337e-08,-9.5838917608527e-06,0.000214179418384269,-8.48518217745542e-06,-1.19254234104063e-05,-0.000388703480262661,0.000405506876590109,6.30615210904509e-05,0.000236296559794515,-0.000226100934476949,9.71658773401807e-06,-1.17472638978685e-07,-0.000282931395102102,-0.000438476595513948,-0.000800101647690835,0.0019002924250562,-1.79847129120841e-06,2.18130628726831e-05,-8.173921485579e-06
"north_west","rel_p_H_omicron",-2.47393969924502e-06,-2.57717983854499e-06,2.88530886844531e-06,7.25052052092233e-07,5.48419026402437e-06,-1.17959025382346e-06,-7.95079468429519e-07,-1.51198888893987e-07,-8.45958905433257e-07,1.77494884828442e-06,-1.43607831542283e-06,-5.7909417572549e-07,-2.88949012770088e-07,-1.57538139170194e-06,-1.12633032501548e-06,-5.15104036413078e-06,-5.43241654723246e-07,-2.41713988315709e-07,-7.32874286718467e-07,-2.02105573345704e-06,2.74577642235765e-07,-1.31729786115512e-06,-2.25934742009221e-07,-8.2835729994743e-07,-1.4014744929154e-06,-1.62408636807151e-06,1.3069365771294e-07,1.71901339887652e-06,-2.03310965831667e-06,-1.75690830702303e-06,-2.7524319037573e-07,-5.55817534876724e-06,1.67587318178791e-07,-2.03497059773859e-06,-3.36405525624034e-07,2.84144830579301e-08,-1.00138249608792e-06,9.87478111463321e-07,-2.43309729276097e-06,1.75958153828861e-06,5.70659669721785e-05,-8.41855311460816e-06,4.45726529364084e-05,-3.06687417826971e-05,-6.53788825977443e-06,-9.45629595181203e-05,0.00010847702585907,-3.37938696202893e-05,1.54424174431946e-05,1.23455999046448e-05,-3.09272767200423e-06,5.56908272479957e-05,-0.000391330502312599,-5.18066537416117e-06,-1.03605875421944e-06,-2.91505788291189e-06,-4.49521388377464e-05,2.47658546959873e-08,-2.0168193237425e-08,-1.04935125817305e-07,-1.4522943409871e-07,-4.31162533302566e-07,2.39138870052431e-08,-3.22712379554509e-08,-1.19007518550709e-07,4.40491128444991e-08,-2.65618277181173e-07,-3.37149834175628e-05,-2.76385805120087e-05,8.20750724280837e-05,2.06264896730308e-06,-0.000174237710152791,6.30615210904509e-05,0.000576299279318129,7.59352510861896e-05,-2.23894111159968e-05,5.02922698773974e-06,-1.08479768763345e-07,0.00217155822915109,-0.000612213879717254,-0.000239445462503381,0.00222809078069098,1.52305083693606e-05,-3.35978589292386e-06,1.04000131007242e-05
"north_west","rel_p_ICU_alpha",-1.11612942678641e-05,-0.000107868210552807,-2.83289345451233e-06,-5.05054711638847e-06,1.04938809955526e-05,2.91452498198039e-07,-2.44210256787057e-06,1.70259130035154e-07,-1.21968539767682e-06,2.07853806431854e-06,-2.49961448562994e-06,-4.8969033767484e-07,-5.38163190051744e-07,-1.2938171928674e-06,-1.00700480006233e-06,-1.76624774123749e-05,-5.54500664184293e-07,-2.92494838773172e-07,1.48653608188396e-06,-2.79348083616372e-06,-1.08318365390635e-06,-5.15559030603301e-07,-4.91784080329069e-07,-1.88719234282141e-06,-6.21437344824777e-07,-2.64499688522214e-06,4.75595645131812e-07,7.31055759965427e-08,-2.73199445242998e-06,1.01058287926229e-06,-8.67288745013195e-07,-1.88100624067592e-06,-9.38178969617505e-07,3.70718363473174e-06,-2.89082413343329e-07,5.55988078479332e-07,-2.26660420302698e-06,8.00731994608142e-07,-8.68195686087566e-07,-2.95043186778545e-07,4.65639763668408e-05,-1.82848230292881e-05,0.000106803469195007,2.49960328912854e-05,5.82165693028479e-05,-1.46030357901596e-06,0.000195114705663117,4.94833451283478e-05,-2.37058690694742e-05,3.6216925500927e-05,1.82677498330857e-06,8.81113057675512e-05,1.02291165803049e-05,-2.30459137188481e-05,7.10189451714049e-06,-3.10276857121725e-05,2.69092858154674e-05,-1.67679808381145e-07,-1.28203411625274e-07,-2.51090720943086e-07,-1.89638668007311e-07,-5.99719365674351e-07,-4.21645982859056e-08,-1.07777579011976e-07,-3.2603664077624e-08,-5.68910344543727e-08,-5.52955505848553e-07,1.63347995702841e-05,-2.17002434961342e-05,-4.20809805523996e-05,4.37808867506811e-05,-0.000364129923932381,0.000236296559794515,7.59352510861896e-05,0.000789438056823407,-0.000421754907572458,1.74509370138713e-06,-1.17996407226343e-09,0.00135422898252237,-0.000457726403468907,-0.000456270728969582,0.00380958853464316,9.55360965851559e-06,-1.51962476676319e-05,9.13911846717844e-06
"north_west","rel_p_ICU_delta",7.12385789583893e-06,2.96158314718368e-05,4.65507893349179e-06,2.67253208556661e-06,-8.0408430405169e-06,-3.55394208384758e-07,1.69069790994106e-06,-3.79647521109355e-07,9.03603203358712e-07,-4.54751824427545e-07,6.15273817300481e-07,6.41730680725267e-07,3.04138777346915e-07,1.50613421447565e-06,3.98974110141097e-07,1.29809313152547e-05,9.88410897000598e-08,-2.06000370554309e-07,-3.61750023275606e-07,5.01081675206117e-07,8.54149181600219e-07,-8.11380638888319e-08,1.74683572581039e-08,8.20010235850441e-07,5.93093490216198e-07,1.10444645251505e-06,-3.03702807521674e-07,-1.14439138303556e-07,1.14126706353905e-06,-1.64569865883025e-06,1.81217712809902e-07,7.92266677645582e-07,3.8938802920713e-07,-3.40607710421003e-06,1.24345535388039e-07,-1.06203322856517e-07,1.15485313580118e-06,-1.72788674179386e-07,8.86327037695928e-08,6.41268453829126e-07,-2.56462576373788e-05,-2.56022868487666e-05,-5.03172330028744e-05,-2.04733049409907e-05,-9.32865642062559e-05,-1.59789617804067e-05,-0.000133277536479621,-2.75374298925267e-05,4.84544377264787e-05,-1.3342762335552e-05,-6.89338068742564e-06,-4.52046485347696e-05,7.02276234228991e-06,1.90619248521794e-05,3.09274785345346e-06,1.7966293209866e-06,-1.72309735524271e-05,1.18760265082427e-07,1.33942393578489e-07,2.20386745543495e-07,1.61527842679188e-07,4.44548095866797e-07,4.58032782923777e-08,9.4528797254762e-08,3.24821548972445e-08,6.69513528018405e-08,1.54090612956488e-07,-8.15376384506104e-05,-1.85769410781444e-05,7.55098938757749e-05,2.46703406063488e-06,0.000224801408418078,-0.000226100934476949,-2.23894111159968e-05,-0.000421754907572458,0.000472843036615142,-2.52965596507858e-05,-2.44559438488024e-08,-0.00123007814814585,0.000614449672011255,0.000438777543256762,-0.00290832521557331,-1.00254900073369e-05,3.21642152882345e-05,2.78063391964059e-06
"north_west","rel_p_ICU_omicron",-1.86465072443308e-06,1.24945764233677e-05,-1.16873428263937e-06,-4.54957735739643e-07,9.44308276474811e-07,-1.24369409114646e-07,-1.24084648147436e-08,-4.72837098916083e-08,1.42815006959719e-08,-2.78012445768331e-07,3.70468139718328e-07,-1.08765106534812e-07,-3.32101763029355e-08,-9.71769402070088e-08,-3.79313903468985e-08,-2.07133149240199e-06,-9.81692256294195e-08,1.0008153262964e-07,-2.63283615347765e-07,2.35393476710099e-07,-2.1144615751595e-07,4.99024324758246e-08,-2.25611273138316e-08,-2.87874405759691e-07,3.66841386152039e-08,-1.10837051716535e-07,1.07052511728371e-07,-3.19540889374508e-08,-9.45246901227307e-08,-1.17386590022478e-07,1.37766979521853e-08,-3.17497217148421e-07,5.54528438953424e-08,-1.51910297951378e-07,-8.97145940025158e-08,-8.11938062867156e-08,1.83563344020251e-07,-2.43474306940039e-07,1.77043391003885e-07,-8.54219872311211e-08,-2.99569568053371e-06,-3.68823087415194e-06,1.79965762686582e-05,-5.68479522934346e-06,1.61709541207683e-05,-1.59356653595559e-05,7.86073039858888e-06,-6.59516453882496e-06,2.4396836597725e-07,-1.24311261884438e-06,1.4287361088022e-06,8.59689539658013e-06,-8.91484963311431e-06,1.14477742513738e-06,-6.86208672618434e-07,1.59521760380494e-07,-8.26552784520301e-06,-1.61025083083951e-08,-3.33543829004472e-08,-4.36405655296962e-08,-3.08100358882087e-08,-5.90431124452453e-08,6.17195795548593e-09,-8.45078113632431e-09,6.17857768090915e-09,-1.09395660526085e-08,-2.31823083066309e-08,-8.58392167375457e-08,-3.0162136251205e-05,1.26706245218298e-05,-6.51791065547616e-06,-1.19568465558431e-05,9.71658773401807e-06,5.02922698773974e-06,1.74509370138713e-06,-2.52965596507858e-05,2.20956684612711e-05,3.59899278374106e-08,0.00027663205575346,-5.12307674053479e-05,1.55639518645641e-05,0.000348114714772132,7.73684958694149e-07,-3.07298008636497e-06,2.5226495958547e-06
"north_west","rho_pillar2_tests",-1.94516045284455e-08,5.82551734917697e-07,-2.61049064361822e-08,-6.97701269661809e-09,4.02251097396588e-09,-1.56217818873477e-09,6.42820203358772e-10,-1.38670113407313e-09,6.08084556346189e-09,-7.67828208274641e-09,8.28263797403387e-09,-1.55141937211001e-09,1.23131039011394e-09,2.43675162497788e-09,2.14843867818132e-09,-3.21576504174382e-08,-3.02239783732319e-10,3.21431705682254e-09,-2.7435357802688e-09,-8.61543993798158e-09,4.23918178076436e-09,9.01548720929846e-10,2.38703018458027e-09,-4.05858769742539e-09,6.09776857718856e-09,8.47947895247619e-10,1.33197748847292e-09,-1.54263954459826e-09,4.45924747702818e-09,-1.37544991708962e-08,1.25979648389574e-09,-1.00740059922145e-08,-7.9566559696298e-10,-1.80123570388695e-08,-8.66497915802608e-10,2.10950522609552e-09,4.87247194483576e-10,-4.94257394514492e-09,7.01248889489174e-09,1.76436755066089e-09,1.73140184988769e-07,5.52452360010116e-09,1.99941766282595e-08,-1.87486143986058e-07,3.30076899971479e-07,-9.47298918194201e-07,2.38317342346478e-07,-3.78161104031968e-07,-2.64098382475346e-09,-6.78371960424566e-08,-3.91183530379853e-09,-7.22207275224322e-08,-1.27156291270404e-08,-1.72689258007498e-07,-1.86869009647936e-08,7.70562410410979e-09,-2.90074593388114e-07,-2.0415190927965e-10,-3.35069742998843e-10,-9.62888606364998e-10,-4.29572198835393e-10,-1.00820867441622e-09,-1.78929740492086e-10,-4.03312365158122e-10,2.67687552198227e-10,2.42402360287964e-10,-1.63476037941635e-09,4.95764254023139e-07,3.41925270750364e-07,5.10276004469208e-08,-2.89212760601959e-07,3.24473064724783e-07,-1.17472638978685e-07,-1.08479768763345e-07,-1.17996407226343e-09,-2.44559438488024e-08,3.59899278374106e-08,8.96746063547629e-09,1.48578033638244e-06,7.65541401874933e-07,5.46317290360317e-06,1.75793001870947e-07,1.34187918802181e-08,-1.54383868950748e-08,1.84121626974244e-07
"north_west","seed_date_alpha",-4.01405046763791e-05,-0.000427133101104019,-2.43352177080969e-05,-9.01269502922278e-05,0.0001652328148716,-3.35044533000742e-06,-8.59868907366493e-05,6.96430793028093e-05,-4.40646985533543e-05,0.000115168276490396,-8.01593957684014e-05,-0.000107125721774244,-0.000131923050061528,-0.000146511917523819,-0.000180853840906635,-3.49199528241507e-05,-0.000145342008403305,-0.000126312440070807,-0.000140625447053981,-0.00013692010372615,-0.000148565156367615,-0.000184637456659211,-0.00015024709325076,-0.00020715729467361,-0.00022362442861291,-0.000282200848397652,1.61967156438887e-05,-0.000154092084701705,-0.000276137177439246,-0.000168231535362217,-7.52657774671175e-05,-0.000126555328366737,-0.000116381301155845,-7.76405400471183e-05,-1.5749135031128e-05,-1.54762606631353e-05,-6.64735921699475e-07,4.402965454727e-06,-4.10969345254297e-05,1.01929167628878e-05,-0.00189096213214045,-0.000401351944120896,0.00204883783947353,-0.00016314675754652,0.00115179281112751,0.00304157179822007,0.00012572741308804,-0.000251320364428237,0.00058246882719532,0.000857229542082786,0.000299711572198849,0.00180104425813869,-0.000919668208752064,0.00122970598641846,0.000416219880984345,-4.31198425605754e-05,0.00111634344684564,-3.42786227641814e-07,-1.69832119900082e-06,-9.19988187291347e-06,-3.22214298834694e-06,-4.2311846382124e-06,1.60012139644189e-06,-4.84976930251039e-06,-2.07585429563134e-06,-1.99423376236684e-06,1.04125718016096e-06,0.00027607810673213,-0.00753200720459286,0.0028054388808067,-0.000676421155336209,-0.00298302229331873,-0.000282931395102102,0.00217155822915109,0.00135422898252237,-0.00123007814814585,0.00027663205575346,1.48578033638244e-06,0.710203188261888,-0.0152359960653625,-0.0238203930292585,0.0779812141346616,0.00665353925192891,-1.05637075951269e-05,-0.000335948043468695
"north_west","seed_date_delta",8.55081581045741e-06,0.000467594264281594,-2.02659708525935e-05,6.17879415325507e-06,-4.67580790196256e-05,-6.32676761746319e-06,1.35854008064368e-05,-3.02993423519182e-06,3.76711624922194e-06,-1.14198761873834e-05,1.99826817214408e-05,2.02066782246985e-06,2.63068886232242e-06,1.00113496378123e-05,1.42526204230988e-05,-5.55844948770355e-05,-7.2472207017568e-06,-2.03259574740444e-06,-1.03729319939061e-05,2.73382145477004e-06,-6.32336896962774e-06,-2.27240335690621e-06,-1.15109196389251e-05,-2.26507062351758e-07,-7.76752597821624e-06,3.86044300517157e-07,9.04413795379481e-06,-1.52971785662304e-05,-6.22245047735724e-06,-1.61535461051443e-05,-4.65685564507556e-06,-6.21956516056243e-06,-6.38187361465435e-06,-3.03443359964272e-05,-4.25174740630887e-06,2.25186806574673e-06,6.83237768321494e-06,-7.23969527090421e-06,9.6915810375902e-06,8.21243454617088e-07,-4.66835266037172e-05,-0.000114028868461731,-0.000368155589683706,-2.88015083136223e-05,-0.000500554233881064,4.35005610637659e-05,-0.000414315115493562,-3.43082220491402e-05,8.9842090442914e-05,-4.91478184166063e-05,-3.16754191781525e-05,-0.000135803838493985,0.000619338659292046,4.5653056798372e-06,1.80616436845689e-05,2.826077714028e-06,-0.000221359714256505,-1.16131395832648e-07,-6.25580969526094e-07,7.78224333093195e-08,3.4236891002186e-07,2.74686124745901e-06,-7.5167739828321e-08,2.14156012930211e-07,-2.60931215485698e-07,-1.41565217839183e-07,-7.05809140123749e-08,0.000564457794642117,0.000783023054336598,-0.000291193764739225,0.00012766863929424,0.000646035397054949,-0.000438476595513948,-0.000612213879717254,-0.000457726403468907,0.000614449672011255,-5.12307674053479e-05,7.65541401874933e-07,-0.0152359960653625,0.0246211884672665,0.00453793697201137,-0.020095935226,-0.000162426066765706,0.000433204595002991,0.000155192557269086
"north_west","seed_date_omicron",-2.95534967936055e-06,0.0010873857846774,-4.91575583119925e-05,1.08134416695726e-05,-2.72560154245265e-05,-9.91910718567609e-06,9.47585611269049e-06,-7.80065484655182e-06,6.18397833469643e-06,-1.79025710675596e-05,1.64660215000042e-05,1.55603996636996e-06,5.90775476799144e-06,2.63709153697993e-06,1.02732279625257e-05,-8.57113627356663e-05,5.8393784623791e-06,1.20190723252759e-05,-2.028059443655e-05,1.37244387343589e-05,9.24560442948016e-06,9.00389484082439e-06,2.96139665904693e-06,-7.07011229983638e-06,3.35087133094366e-05,8.12419493088871e-06,7.35413266154206e-06,-8.05357919191246e-06,2.45024973552259e-05,-8.4104419170321e-05,-1.91690254258144e-05,-4.6870778294446e-05,-4.73065430799974e-05,-4.12509045132188e-05,-2.63520532029708e-06,1.48648089126366e-06,-1.95805778056677e-06,-6.30462550354255e-06,8.96580730960761e-06,4.99057111308744e-06,0.000262711709391384,3.93826942937149e-05,0.000580420573376784,3.03280774327293e-05,-2.70602492808655e-05,-0.00153800951968551,0.000326834406843152,-0.000858230611415481,0.000312218038372216,-8.63960444779901e-05,8.02671782347712e-05,-2.20909197940149e-05,0.00024528792779743,-0.000109853937642713,1.24159799219458e-05,1.65575301151178e-05,-0.0010863700328284,-1.35439711849188e-06,-2.01284394018581e-06,-5.02054718489188e-07,-1.0418725512567e-06,2.27556174503616e-07,-1.1632591825676e-06,-4.41546642007593e-07,-2.3028693973998e-07,-2.45077445306005e-07,-2.29230842787297e-06,0.000784346999097056,-0.000562988707033475,0.00059361940278584,-0.000232561668052447,0.000954021489417906,-0.000800101647690835,-0.000239445462503381,-0.000456270728969582,0.000438777543256762,1.55639518645641e-05,5.46317290360317e-06,-0.0238203930292585,0.00453793697201137,0.0458219349125476,-0.0122123566046756,-0.000311642203236508,-8.99228505509291e-05,0.00170613482515406
"north_west","start_date",-0.000220701078543853,-0.000417232098033329,-0.000149042826973103,-9.12590217571246e-05,0.000744941657653993,5.43162723991488e-06,-5.88430473409673e-05,3.05204399612028e-06,-3.6947444473394e-05,6.47437978645552e-05,-4.93790397542895e-05,-2.17884429129701e-05,-1.45525082009985e-05,-4.65082306315908e-05,-5.29239226217812e-05,-0.000448603177435717,-1.69314820605358e-05,-1.38555300573022e-05,2.00672641126849e-05,-0.000120234209731256,-8.09422625299156e-07,-4.52439826749245e-05,-2.36215576659284e-05,-5.70022186487187e-05,-2.19313486567921e-05,-0.00010037213921116,3.25051357729874e-06,-1.04276186959082e-07,-7.94154342204113e-05,6.52883542901255e-07,-3.79976436365016e-05,-2.56460608838092e-05,-3.13878391296239e-05,5.63471706144534e-05,-5.47000479732861e-06,-1.06427459591322e-05,-1.85007586301094e-05,2.23055132748913e-05,-6.2830708841341e-05,1.85244750690567e-05,4.29941208919237e-05,-0.00031868512541884,0.00250609838709429,-0.000679345277650073,0.00165642909921801,-0.0012885399721655,0.00166963247125916,-0.000252181287697843,-0.000737772583001832,0.000235379795851443,-8.2935907408027e-05,0.00184636693399119,-0.000767222648940156,-0.000407195933948797,-8.95983154222389e-05,-0.000174999132971632,-0.000590268675004307,-3.31823171552527e-06,-2.99981176481221e-06,-8.80636855230369e-06,-8.01993960956206e-06,-1.54481969610889e-05,6.17976069777896e-07,-4.10490451998567e-06,-8.3313216942724e-07,-4.16283697244049e-07,-7.39041880534612e-06,-0.00181441171412479,-0.00322785618501867,0.0030356491260657,-0.00119201347396232,-0.00388470609716076,0.0019002924250562,0.00222809078069098,0.00380958853464316,-0.00290832521557331,0.000348114714772132,1.75793001870947e-07,0.0779812141346616,-0.020095935226,-0.0122123566046756,0.279762674633025,0.000664392886332,-0.000179819995686653,0.000186081688981085
"north_west","ta_alpha",1.55350753917787e-08,-6.37179772629066e-06,5.13224193477198e-07,-1.0305610193124e-06,1.45959375013872e-06,2.89862058689337e-07,-7.97377916830116e-07,5.3048301840582e-07,-2.54509193077934e-07,1.10752087276351e-06,-1.04230302028325e-06,-1.0342222482753e-06,-1.24491082502241e-06,-1.42216559444083e-06,-1.66334215006903e-06,5.37067467223502e-07,-1.36738884311528e-06,-1.21843638569582e-06,-1.31701133579393e-06,-1.21791304611974e-06,-1.3354012694029e-06,-1.7111187457278e-06,-1.30974523256408e-06,-1.90764756303638e-06,-2.05122308565975e-06,-2.53126190342054e-06,8.54691943481317e-08,-1.32560416025422e-06,-2.50858569862895e-06,-1.20860219292993e-06,-7.16031360293033e-07,-8.54784585635767e-07,-8.15090532987033e-07,-7.14647462628914e-07,-6.59266341335409e-08,-1.86420940822731e-07,1.28742710758495e-07,-4.41274328905248e-08,-1.17972932861672e-07,-8.28993046315135e-08,-1.65550538378387e-05,-3.2878274308941e-06,1.45810718408174e-05,-4.41368884982874e-06,7.73436641064731e-06,3.92852586517634e-05,-9.50047661279152e-06,3.27773634189468e-06,2.95461053147759e-06,6.76446352108504e-06,2.3542977699047e-06,8.63617630066926e-06,-1.05881505982893e-05,1.08798137154019e-05,4.01926217459309e-06,1.4002752495197e-07,1.28793955063983e-05,2.27838366997306e-08,2.43369828465116e-08,-4.11175043976491e-08,-2.63062083827087e-09,1.75660102955117e-08,3.04598416258696e-08,-1.97812682199272e-08,-6.82473803559711e-09,-9.51606096172358e-09,4.77077161153295e-08,1.00908525549227e-05,-6.54844768761295e-05,2.95392835360931e-05,-8.42305719978787e-06,-2.36481000446354e-05,-1.79847129120841e-06,1.52305083693606e-05,9.55360965851559e-06,-1.00254900073369e-05,7.73684958694149e-07,1.34187918802181e-08,0.00665353925192891,-0.000162426066765706,-0.000311642203236508,0.000664392886332,6.77399621911456e-05,-8.24482384415991e-07,-1.00459922121713e-05
"north_west","ta_delta",2.24242448358302e-06,-3.02756210676379e-05,3.57258061186217e-06,-1.12620242841623e-07,-5.57144039872582e-07,-4.83138449721453e-07,7.40236618189822e-07,2.17211584741161e-08,-1.23349326688709e-07,-1.36760834849402e-07,7.66783019056334e-07,-7.36753052522859e-08,1.53739433979843e-07,1.34379974910749e-06,-1.34122324719222e-06,-2.0729098687782e-07,-1.18110732023962e-06,-9.22443505539002e-07,-9.49571233729221e-07,-9.11289587997719e-07,-1.31980765225772e-06,-1.08745701538113e-06,-1.43704981188574e-06,-1.12459263227525e-06,-1.94653654948769e-06,-1.23747444973108e-06,4.00283044947694e-07,-1.84443240350508e-06,-1.73806227188214e-06,-1.50370702608113e-06,-3.41200196074628e-07,-8.34400107004313e-07,-1.03212625504054e-06,-1.45493306254496e-07,-3.23162356652487e-07,3.40407842798774e-07,-2.67807654893415e-07,2.71612405717274e-07,-4.03920184037952e-07,4.22980337010409e-07,-1.65383170563089e-05,-5.26545927695423e-06,-7.63783621321887e-06,-1.11002364025845e-05,-1.88514855005351e-05,4.24133218058538e-05,-1.76122270134094e-05,-5.71192777007413e-06,1.43236536795757e-06,2.66492684685019e-06,-4.37935826720963e-06,7.81686228535927e-07,6.44720834040194e-06,-4.86874227915363e-06,6.09127893410552e-06,-1.17757093138497e-06,2.84320838550979e-05,9.27173660398745e-09,4.3398003708815e-08,1.51653379221859e-09,8.63745987477088e-09,5.71488556502482e-08,3.7388409103985e-08,-9.60129226121252e-09,5.51043285167876e-09,-1.31549818468868e-08,2.84807148077207e-08,-1.19788414060752e-05,2.66450966235582e-05,3.4232047644657e-06,1.1323307352906e-05,-3.37927439360032e-05,2.18130628726831e-05,-3.35978589292386e-06,-1.51962476676319e-05,3.21642152882345e-05,-3.07298008636497e-06,-1.54383868950748e-08,-1.05637075951269e-05,0.000433204595002991,-8.99228505509291e-05,-0.000179819995686653,-8.24482384415991e-07,6.04527698108416e-05,-6.31856382538738e-06
"north_west","ta_omicron",-1.54853044240973e-06,4.51547324902446e-05,-2.06690598453306e-07,4.66258603369393e-07,2.84853860250819e-07,-6.61328411585724e-07,-2.75683237991499e-07,-4.24742625751015e-07,-2.47540490277937e-07,-1.20148120921966e-06,-2.01450315314725e-08,-2.89568253697066e-07,-1.92802845341203e-07,-7.16452851195769e-07,-3.55304855697832e-07,-6.92154968462859e-06,-1.58948754888136e-07,3.85050356361522e-08,-1.43597264011683e-06,-3.99700890451571e-07,-2.12074727206642e-07,-7.73392872690157e-07,-1.08789349753082e-06,-1.51550111106985e-06,-2.75463749387134e-07,-2.11603383120198e-06,4.27696550999403e-07,-6.91104657411433e-07,-2.36706590891567e-06,-5.48679419377775e-06,-1.82611624652583e-06,-3.85889537479693e-06,-3.08987350445815e-06,-4.20124105391726e-06,-3.43413944566233e-07,-7.03085713903216e-10,-3.83193380393334e-07,-1.51606527436758e-07,-3.41597300074136e-07,-4.91434353588829e-08,6.20751175914112e-06,-1.42234168449671e-06,2.95829889185523e-05,-1.05858836886932e-05,-9.18631663041727e-06,-2.22312207658043e-05,2.57912019952963e-05,-2.61446018397304e-05,1.45551641664659e-05,-8.3885176631685e-07,2.86227179653913e-06,3.55818926458051e-05,1.1797940852226e-05,7.34987959202617e-06,-3.96245672338364e-07,-6.77593476630645e-07,-5.60236752325653e-05,-1.78614759541088e-07,-2.73415610164875e-07,-2.54377507374362e-07,-1.70157592798131e-07,-3.5574887268921e-07,-1.28207555752515e-07,-1.39497641729903e-07,-1.0440326714279e-07,-8.62514619604655e-08,-2.79403657472724e-07,5.13451816620078e-06,-7.9850836837402e-06,2.87942874278192e-05,-1.45413287405401e-05,1.40639042198245e-05,-8.173921485579e-06,1.04000131007242e-05,9.13911846717844e-06,2.78063391964059e-06,2.5226495958547e-06,1.84121626974244e-07,-0.000335948043468695,0.000155192557269086,0.00170613482515406,0.000186081688981085,-1.00459922121713e-05,-6.31856382538738e-06,0.000110734590348881
