"region","name","alpha_admission","alpha_D","alpha_death_hosp","alpha_H","beta1","beta10","beta11","beta12","beta13","beta14","beta15","beta16","beta17","beta18","beta19","beta2","beta20","beta21","beta22","beta23","beta24","beta25","beta26","beta27","beta28","beta29","beta3","beta30","beta31","beta32","beta33","beta34","beta35","beta36","beta4","beta5","beta6","beta7","beta8","beta9","mu_D","mu_D_2","mu_D_3","mu_D_4","mu_D_5","mu_gamma_H","mu_gamma_H_2","mu_gamma_H_3","mu_gamma_H_4","p_G_D","p_G_D_2","p_H","p_H_2","p_H_D","p_ICU","p_ICU_2","p_ICU_D","p_NC_15_24","p_NC_25_49","p_NC_50_64","p_NC_65_79","p_NC_80_plus","p_NC_weekend_15_24","p_NC_weekend_25_49","p_NC_weekend_50_64","p_NC_weekend_65_79","p_NC_weekend_80_plus","p_W_D","rel_p_D_alpha","rel_p_D_delta","rel_p_D_omicron","rel_p_H_alpha","rel_p_H_delta","rel_p_H_omicron","rel_p_ICU_alpha","rel_p_ICU_delta","rel_p_ICU_omicron","rho_pillar2_tests","seed_date_alpha","seed_date_delta","seed_date_omicron","start_date","ta_alpha","ta_delta","ta_omicron"
"north_west","alpha_admission",4.31141012664346e-06,-1.56641419099909e-06,1.47219211479614e-06,1.29057375647924e-07,-1.75142936422337e-07,8.27983898345026e-09,-6.18752951586799e-08,3.38170724097077e-08,-1.40638459508119e-07,1.92758901517321e-07,-5.9434401769791e-08,6.08995085911173e-09,8.79477575344155e-09,7.79737499946127e-08,-3.9017577042935e-08,5.81476279132086e-08,6.36644426996826e-08,-4.85411454407259e-08,2.55963021399776e-07,-7.03131144945848e-08,-2.42062746260897e-08,7.83500634412221e-08,-4.87121540842339e-08,1.0738123014683e-07,-1.10039663912768e-08,5.23855743377193e-09,7.22398534444349e-08,9.22229762567624e-09,3.37578432713504e-08,1.34166529093256e-07,-3.87209103181892e-08,2.1133557786159e-07,1.39794633232691e-08,-1.81192061025881e-08,-8.44457463962207e-08,1.31747241217912e-07,-1.30102858182655e-07,9.73007632560958e-08,-1.85435415109483e-07,3.15830480741363e-08,-5.24669265971104e-07,-1.07133322080667e-06,1.40557817725507e-05,1.34021271261728e-06,4.21333777577462e-06,-1.3080348107528e-05,1.93630332915693e-05,-1.523191853226e-05,-6.14802507913388e-06,-5.88685643886678e-07,1.5405487434e-06,8.64276076742911e-07,8.35693560168467e-06,9.52786376655662e-07,4.50142472585275e-07,3.13831371672662e-07,2.1428639166122e-06,1.07061356656628e-08,-9.08169330437764e-09,-9.75280014900543e-09,-5.85662270371355e-09,-1.04977317473637e-08,5.66693570624813e-09,-1.80743931532065e-09,-4.41763380801241e-09,-2.90791601196383e-09,-7.27754974063969e-09,2.41915228280082e-06,-2.94344504657966e-05,1.20326967923211e-05,-5.01571620786984e-06,3.42921995303895e-06,-4.46902266902598e-06,-6.72410546339947e-06,-7.51795444200785e-06,6.38239322819971e-06,-1.46255895281565e-06,-1.16993789037179e-08,-0.000169579957960935,-1.59075761443221e-05,-1.27040470803597e-05,-3.88577989838144e-05,-1.7364949752064e-06,-1.93079829041761e-07,-4.12990298197836e-07
"north_west","alpha_D",-1.56641419099909e-06,0.000547764954010073,-6.08666703287433e-06,1.12131305917951e-06,-2.45521446409596e-07,-7.54207475252896e-07,-2.91984473865957e-08,-6.80613584693673e-07,6.1078155554465e-07,-1.61451239435522e-07,-5.59642769031349e-07,-6.09189409699454e-07,-1.92309386648572e-07,-1.04167897050338e-06,-7.74209098546464e-07,1.46642621274371e-06,-9.44465383471989e-07,-1.22033491791668e-06,-3.83723110184269e-07,-8.15727777984508e-07,-1.21260723972587e-06,-1.39389127335451e-06,-7.29623275687159e-07,-2.26338427761718e-06,-1.25077218857191e-06,-2.21395578267876e-06,-1.36543233609363e-06,-1.89706608998089e-06,-1.43137180296999e-06,-2.97231234546901e-06,-5.63929035822532e-07,-1.59840032067114e-06,-5.11058394387775e-07,-2.35406664170983e-06,6.85441291776868e-07,-6.49797240174192e-07,-9.27193285149323e-08,2.76319072951418e-07,-1.71777628609133e-06,1.63420318169239e-06,4.50264071891389e-05,-1.48880495850455e-05,7.02833058167388e-05,-2.61862675635696e-05,2.36789662106794e-05,3.60089808489735e-05,-3.29264005991126e-05,-6.74291544472611e-05,4.00581465469139e-05,-4.74299193971463e-05,1.52265576661143e-05,6.32434939867228e-06,4.79984391492905e-05,1.54916889336765e-05,1.19990468097159e-05,1.87008693853681e-06,-4.56870681396307e-06,-4.67330736754562e-08,-8.58386526142876e-08,1.34345447956665e-08,-9.74542557169474e-08,7.34286241538064e-08,-5.56676455098937e-08,2.85701274867603e-08,1.31474653493687e-08,-1.2394665502356e-08,1.04745064798448e-07,-8.16138694867493e-05,-0.000214352115203521,0.000116349504780978,-4.35734909020097e-05,1.1939969479475e-05,1.04890943861083e-05,-0.000111961227803263,-3.33034749624535e-05,-2.16437398337852e-05,1.28905147241315e-05,-9.9334134568549e-08,0.00284796029443738,0.000166183592406309,0.000344115119655085,-3.0027041790932e-05,2.48281270437893e-05,1.39888223942463e-05,2.18219105081859e-05
"north_west","alpha_death_hosp",1.47219211479614e-06,-6.08666703287433e-06,1.46083220146961e-05,-5.68763393022802e-07,1.31841288987366e-07,4.93131263634649e-08,8.64882114721947e-08,-8.42336185983468e-08,-1.74846026096375e-07,-1.95471797252995e-07,4.6690276124515e-07,-7.82090897273267e-08,7.20668930150094e-09,-1.86884519546274e-07,1.6641199213566e-07,2.6727572231627e-07,2.43314548448851e-08,2.7944152097639e-08,1.17579077462712e-07,6.6902962546173e-08,1.07641992950621e-08,2.04448408211529e-07,-5.12002317611327e-08,5.6655214031334e-08,-6.46232156533746e-08,4.18759993156281e-07,3.39933597002782e-07,-1.09464227241961e-07,2.08060651536688e-07,5.34290087697037e-07,-5.66786784281739e-08,4.59171430135629e-07,9.53156338940655e-08,4.52714208171773e-07,-2.87388395107811e-07,2.0934914872778e-07,-1.34119963760618e-07,1.05908352091044e-07,-2.05662307719834e-07,-7.12924592868842e-08,4.51294311568109e-06,7.22020181770298e-06,2.10099123845913e-05,1.70988743504114e-05,1.70462436065069e-05,-1.82850042925262e-05,-1.28976887374036e-05,-2.97370864367533e-06,9.92192535405558e-06,-3.75404984540921e-06,5.51433908227888e-07,4.83456303430649e-06,7.3010274085373e-06,-1.34159684071781e-05,-1.20451083414753e-06,4.84078789382765e-07,-2.08739838357999e-06,-1.37121841150117e-08,-4.85354546273011e-09,-3.00725838177895e-08,-1.20602823028517e-08,-5.58226542256895e-09,1.81133001648778e-08,4.18814896053902e-09,-1.75676335900622e-08,3.0610530890207e-09,-2.99240066378756e-08,1.29967199591165e-05,-2.50429307392294e-05,4.93599409845677e-06,8.26860225282805e-07,6.79078740908136e-06,-1.46756500420378e-05,-5.8495856588402e-07,-1.77030716431052e-05,1.48764122708021e-05,-2.91360684640855e-06,-3.14152963256818e-08,-0.000208829687337923,-7.5543970665427e-06,-0.000115673561379263,0.000149643741152535,-1.396594378932e-06,-4.11916860574994e-06,-4.88988738649244e-06
"north_west","alpha_H",1.29057375647924e-07,1.12131305917951e-06,-5.68763393022802e-07,1.20812540500775e-06,4.40322881140835e-08,-1.16656114856524e-08,2.06314413520586e-08,-1.07342781749125e-08,-8.22918087278403e-09,4.14710114744007e-09,5.06661104629829e-08,9.78933857321914e-09,1.38639872968939e-08,2.03176544358161e-10,6.37720897050734e-09,-7.6648193993811e-07,-9.74458566916859e-09,1.87530827683124e-08,1.01507414056771e-08,4.79285253618787e-08,-2.33081194184225e-08,6.6198117591812e-09,-2.62932287639011e-09,-5.95416062181482e-09,2.53426447872438e-08,4.67385941593672e-09,-8.64246507676222e-08,8.46530737570786e-09,-1.85569165521549e-08,-3.75894666305006e-09,-2.94192749069312e-09,1.7973973904749e-08,-1.88465219357449e-08,-1.96402681831848e-08,7.00137601579638e-08,-1.91584874548432e-08,-4.22000822283015e-08,1.93308117121692e-08,8.7061484518413e-09,-1.47661805493175e-08,-1.02376575054225e-07,2.78205366767318e-06,-8.67973066939499e-07,1.0475366157991e-06,-2.45523761922825e-06,6.59061007971048e-06,8.71472292457301e-07,-5.61965842460328e-06,-5.54310018120668e-06,-3.19605351561034e-07,-1.96778855276293e-07,1.16154511261097e-06,6.84980020085852e-06,-1.74652121846801e-06,-6.68035602601137e-07,-3.32407278220866e-07,-3.8015298380759e-06,-2.40674003322252e-09,-3.28114113478033e-09,-1.33585783808943e-09,-1.71485639630688e-09,-1.25849217980993e-09,-3.92344986321402e-10,1.26477987964347e-09,-5.59144240054913e-09,-6.95905791589045e-10,-8.83411949447042e-09,-7.88323484326623e-07,-7.06405596756681e-07,1.01684655265332e-06,2.22848181353629e-06,-2.16321189732323e-06,-1.82736719575413e-07,-5.81351381049274e-06,8.78610808415302e-07,1.77617167548406e-06,-3.45009901582629e-07,-1.31315737419759e-08,-3.48132272476408e-05,7.90733789252781e-06,1.84655452970682e-07,-4.35990008929363e-05,-8.06536093582235e-07,1.28556774488871e-07,5.77749661016757e-07
"north_west","beta1",-1.75142936422337e-07,-2.45521446409596e-07,1.31841288987366e-07,4.40322881140835e-08,1.65508853942205e-06,-3.91448530129691e-08,9.35725964705561e-08,4.60255280611032e-08,-1.01769937916062e-07,1.44103177246983e-07,5.03700776109529e-08,4.87603547342643e-09,4.43758325020726e-08,-2.19322532210575e-08,5.33076363739089e-08,-1.89372199090306e-06,3.91313357763677e-08,-7.70844591586983e-09,1.0315354397758e-07,-1.74397232967574e-09,3.7897224487135e-08,2.11562218299086e-08,6.72589019001377e-08,4.34934237282569e-08,-5.93672636996974e-08,1.41238046112476e-07,1.17248678690603e-08,2.46719553419204e-08,7.70186116171235e-08,9.85021489124396e-08,4.70182678271525e-08,-9.9480104458024e-09,1.48678601172699e-07,-6.71474672157214e-08,7.94090921611653e-09,-4.65949066981859e-08,4.33252290462806e-08,2.05226793003296e-08,-2.51433751197261e-08,7.01356423991006e-08,4.12192102169957e-06,1.88099448998512e-06,4.22155122464575e-06,2.75033944108117e-06,2.8052306827496e-06,-6.63221839233237e-06,-4.63319021569708e-06,5.7777358084608e-06,8.34061811203866e-06,-9.68769941047446e-07,2.23000185887605e-07,-9.66624572944629e-07,-2.38457870605496e-06,-2.45808733584259e-06,-6.10974340703884e-07,3.45334737645812e-07,8.06126385843422e-07,1.92271989849863e-10,-2.11914879151159e-09,-1.54175358066469e-09,5.41579540179462e-10,9.71089692240715e-09,3.48265579729027e-09,-1.87983686159833e-09,3.96885980111164e-10,-7.08882983526208e-10,2.26585312679991e-09,3.86829143891063e-06,-4.52078114962824e-06,1.09875177275723e-06,-5.28968816920128e-07,8.10784539907946e-08,7.831246647029e-07,3.06202908548285e-06,-2.34352227480205e-06,9.62309989263125e-07,-1.66381536650883e-07,1.24398107621715e-09,-5.06566055597394e-05,3.21544704322868e-06,-2.12886378265712e-05,0.000553868493698404,-6.47451979556053e-07,-3.0919625831039e-07,-1.51653495382805e-06
"north_west","beta10",8.27983898345026e-09,-7.54207475252896e-07,4.93131263634649e-08,-1.16656114856524e-08,-3.91448530129691e-08,1.46727659613266e-07,-1.6055607191392e-07,3.2536525949116e-08,2.94737323301635e-09,-1.12281494950373e-08,2.31018986463814e-08,5.91432564697247e-09,8.88483865771274e-09,1.03058165561658e-09,8.20359758450034e-09,1.5988449086126e-07,1.99090709441603e-08,4.35726908303918e-09,2.89760235817198e-08,-1.23338916882741e-08,1.82691400023989e-08,8.12782902749288e-09,1.87554518944007e-08,-9.90405913720856e-09,6.00706380355181e-08,-2.00022396453032e-08,2.15029403524481e-09,3.05283436788828e-08,2.73452710953494e-09,2.86407370438751e-08,-4.02669425919469e-10,3.23583245222107e-08,2.89304262367662e-09,7.5378715304875e-09,-2.57210386739005e-09,-7.23309585949928e-10,2.6641387094484e-08,-2.65354984519843e-08,8.9153664788687e-08,-1.56977751991391e-07,-6.594454757271e-07,-1.21342153701147e-07,1.11875453304133e-06,4.17050822243557e-07,9.0898043431177e-07,-1.48764135648311e-06,2.92161772472463e-07,3.82610168812311e-06,-2.65430454656961e-06,7.1195870173066e-08,1.21099506447952e-08,-1.71541430773791e-07,-2.48840497419949e-07,2.57817984379943e-07,-1.16852448853183e-07,2.70235510524539e-08,5.34437987906849e-08,-4.9200357858298e-10,-6.5660625639265e-10,4.87697317001538e-10,-1.09413680399855e-09,1.35407455763305e-09,1.77875187456016e-10,-1.25411204207772e-10,-1.47900346500009e-10,3.23597680664098e-10,-1.47254189167215e-09,6.49996067153954e-07,-2.50910559603397e-06,1.52436684861146e-07,3.22669634320367e-07,-5.11640905127441e-08,4.88432982114064e-07,1.18734058630221e-07,1.83639706531906e-07,-4.21352629523065e-07,4.6166551520197e-08,2.6315661447848e-09,-3.72062681286201e-05,1.82791325710471e-06,-3.37286672205239e-06,-1.26013442424855e-05,-2.19642902001769e-07,-1.9786067487565e-07,-9.68405594866448e-08
"north_west","beta11",-6.18752951586799e-08,-2.91984473865957e-08,8.64882114721947e-08,2.06314413520586e-08,9.35725964705561e-08,-1.6055607191392e-07,3.60031544779237e-07,-1.52259497746055e-07,8.80259863732177e-08,-3.93170200164411e-08,2.41759924921318e-08,-3.1728827298313e-09,-3.78977995815417e-09,6.7925058524127e-09,-8.78345335153043e-09,-1.58552833245655e-07,-2.17848620274275e-09,-1.70672965779006e-08,2.44518680054077e-08,-1.99253840827253e-08,-1.59929442421376e-09,5.34095935044623e-09,-4.52855710521217e-09,4.61574499844759e-08,-7.59708972646907e-08,8.1369493276867e-08,-1.2219714886239e-08,-1.74159565823065e-08,2.64867130293797e-08,4.29629488590012e-09,2.9789595373204e-08,-1.91580773269202e-08,1.8234200210221e-08,6.00898329778325e-08,2.60425137396006e-08,-1.51017277947888e-08,-1.40169431465234e-08,5.27343502446651e-08,-1.0416400897104e-07,1.66336978657635e-07,1.57785453510447e-06,1.29325957207016e-06,-1.29761282088066e-06,2.02786233687568e-07,-3.18056008649407e-07,3.94348797002527e-06,1.80261173701392e-07,-6.15608026694218e-07,3.40304609813673e-06,-3.55078055074802e-07,-9.43389433448762e-08,-9.67602767182663e-07,3.84996906937568e-07,-1.73753183168992e-06,-8.66116628128829e-08,1.35911405577926e-08,-2.33981602921087e-07,2.34306848972386e-09,6.26904189868624e-09,3.12833376499504e-09,4.32973370640095e-09,2.67066811016748e-09,1.90443180929254e-09,2.54161199477159e-09,2.52527381796419e-09,1.36603607051e-09,8.4832207072253e-09,2.87217387431302e-07,4.76140410938655e-06,-8.49177177715819e-07,-4.69137883221451e-07,1.10388183850287e-06,-7.7806055895984e-07,-1.18840510942471e-06,-8.32683145858756e-07,1.1587498395164e-06,-5.72813109098259e-08,-7.93577290323413e-11,4.85406627242441e-05,-2.73834086857563e-06,-3.00934391064518e-06,1.82519861611559e-05,7.40186242613546e-07,2.07786876083954e-07,-7.93802461272169e-07
"north_west","beta12",3.38170724097077e-08,-6.80613584693673e-07,-8.42336185983468e-08,-1.07342781749125e-08,4.60255280611032e-08,3.2536525949116e-08,-1.52259497746055e-07,2.51372705282843e-07,-1.9905321954977e-07,1.77741021686198e-07,-4.00021679236378e-08,1.47108080975801e-08,2.19616821954276e-08,2.89490434392945e-08,4.44893788066915e-08,1.12989325214096e-07,1.79247084675413e-08,4.41487074466438e-08,4.7808541544024e-09,4.07394700756648e-08,3.46780423296808e-08,4.48462341564037e-08,5.64344144120573e-08,6.37831740217408e-10,1.30754643376835e-07,1.06310254873096e-08,4.68018801156986e-09,7.00559952357044e-08,7.86563997619114e-08,3.00901330448008e-08,3.11032610091837e-08,2.02673073627405e-08,5.40477745501531e-08,2.31444436021381e-08,-9.38636506514549e-09,1.66293438808106e-08,-2.1373274233337e-10,1.40515573929175e-08,6.10496928250852e-09,-1.6077288147799e-08,-9.17575484387633e-07,8.85100995094285e-08,-8.03722898040534e-08,2.13609318126322e-07,-6.96739023081982e-08,1.73502054424595e-07,8.08628237584801e-07,-1.75680268730644e-06,1.47346148645676e-06,4.86930731527624e-07,1.64533031114754e-07,-9.89995723414187e-07,-2.64813910154575e-06,7.56195582458077e-07,4.7312605714673e-08,8.2119495585323e-08,1.14587514439295e-07,1.61902779166001e-09,1.85219084070706e-09,2.86673721534184e-09,1.80223121378904e-09,7.66436351159823e-09,6.11481131240099e-10,2.37211743238601e-09,2.60323424322206e-10,1.48989362348199e-09,1.6805082353908e-09,8.36105107584345e-07,-3.75846994255945e-06,4.96663247807791e-07,1.14109436807306e-06,2.54377708643748e-06,-1.05815552563901e-06,2.50713834346693e-06,-1.20745990992792e-06,5.88305694240771e-07,3.90779540056168e-08,5.11773451547688e-10,-4.86848737617515e-05,1.04957446909123e-06,-3.73278993499032e-06,1.71367596262299e-05,-7.88467431396105e-07,-3.33933093893305e-07,-4.57674149456453e-07
"north_west","beta13",-1.40638459508119e-07,6.1078155554465e-07,-1.74846026096375e-07,-8.22918087278403e-09,-1.01769937916062e-07,2.94737323301635e-09,8.80259863732177e-08,-1.9905321954977e-07,2.54277579753777e-07,-2.73119455008531e-07,9.69956507208428e-08,-5.80337118910464e-09,-1.07220337069849e-08,-8.25006045438712e-09,-3.4780658501874e-08,3.54750317132683e-08,-1.06533593642244e-08,-3.38080214062448e-08,-1.13939117465301e-08,-3.16185329400831e-08,-2.07024091532104e-08,-3.1931332725961e-08,-3.30093291784132e-08,3.28784619429923e-09,-8.13771679567469e-08,-1.20019021627705e-08,-5.78543493733172e-09,-3.36879188245567e-08,-5.43544522596387e-08,-1.53090253916053e-08,-1.37996206391803e-08,-1.56577995532486e-08,-2.90249495654557e-08,-1.58923366906899e-08,7.7320214908042e-09,4.68354834049385e-09,7.0847389317908e-09,-7.60914678110852e-09,1.43422818219259e-08,1.47678837318271e-10,1.21034044840947e-06,5.16277809821901e-07,-2.58909833457628e-07,-4.44392633883178e-07,3.66336062997485e-07,2.56580270865933e-06,-7.72648937808319e-07,2.22266143311248e-06,-2.35973961739711e-06,-2.59476610589592e-07,-9.03616365259939e-08,-3.64900729380158e-07,4.18368478228324e-07,-6.83066379578168e-07,-1.07535254627795e-07,-3.64207859705557e-08,-1.8255252221304e-07,4.09899017310128e-10,1.15647043568348e-09,1.83492761609589e-09,1.74967205339199e-09,-2.73483052621589e-09,1.08019765108414e-11,-1.57541648857991e-09,1.75920161272046e-09,1.07817090823314e-09,3.02926265338202e-09,-1.66203631208953e-06,3.19937055824712e-06,-4.6054937628801e-07,-1.21891684535393e-06,-8.83866937823114e-07,1.32294298313958e-06,-1.30120687711175e-06,9.50284774333098e-07,-9.040458790334e-07,-6.76418955921077e-09,3.65632149787526e-09,7.25146177316958e-05,2.85221456187147e-06,2.74708336547192e-06,-4.69262685184231e-05,9.69077550459296e-07,5.77183782498105e-07,-1.13633926981039e-07
"north_west","beta14",1.92758901517321e-07,-1.61451239435522e-07,-1.95471797252995e-07,4.14710114744007e-09,1.44103177246983e-07,-1.12281494950373e-08,-3.93170200164411e-08,1.77741021686198e-07,-2.73119455008531e-07,6.29326256882913e-07,-4.24898039909367e-07,2.07607720578376e-08,-4.04514442528775e-09,2.85876151313106e-08,2.86180138001852e-08,-6.58133167213534e-08,8.30949461683975e-09,2.23368583233945e-08,6.92786433907013e-09,3.75012907009424e-08,2.74944540751908e-08,1.68077361593243e-08,5.96085258843468e-08,-2.18693309430909e-08,1.16304182106128e-07,-1.45077957619151e-08,-7.88121225621101e-09,6.27454940596428e-08,5.27514604954628e-08,-1.99667932381232e-08,2.51874373453814e-08,5.94172094215315e-09,-4.27205971909001e-09,-5.83338070170046e-09,1.54303564494786e-08,-1.97280002839383e-08,1.41532818003302e-08,3.23597782254298e-08,-6.10264990631785e-08,5.20522398681678e-08,-9.84943271257304e-07,6.83062822159243e-08,-6.33142971687877e-07,-1.74674910874755e-07,-7.11538386704509e-07,-1.56947166736646e-06,-1.39241767917059e-06,1.70913964440198e-06,3.53120309424871e-06,3.86441095540807e-07,2.08437127645792e-07,-8.29691785491014e-07,-3.27595387020189e-06,3.73051934291985e-07,-5.65297906754289e-08,4.25990572125861e-08,2.27005238025343e-07,2.79079145370149e-09,3.34005008223668e-09,7.99746840826401e-09,2.98364269794537e-10,4.14921259387646e-09,1.91771640572122e-10,2.47613261217638e-09,2.57581878155069e-09,3.01440368561123e-10,4.89370560670924e-09,1.7466575458019e-06,-1.44156998950354e-06,2.22637349461526e-07,1.12344358812473e-07,1.75352662230891e-06,-7.16317221055869e-07,3.48618848553351e-06,-3.37483451293262e-07,1.46417567819873e-07,2.38815163060797e-07,3.51786239777819e-09,2.18619639423007e-05,-4.40405477124556e-06,1.07138178881426e-06,4.90034594335492e-05,-4.06117336597177e-09,-4.80767244316721e-07,-1.02949029393058e-07
"north_west","beta15",-5.9434401769791e-08,-5.59642769031349e-07,4.6690276124515e-07,5.06661104629829e-08,5.03700776109529e-08,2.31018986463814e-08,2.41759924921318e-08,-4.00021679236378e-08,9.69956507208428e-08,-4.24898039909367e-07,7.11758770389452e-07,-3.28715409721085e-08,6.45895045270572e-08,-4.4271909034695e-08,8.35895213717744e-08,1.72470999087378e-07,1.93740709852589e-08,3.18914373432866e-08,3.28370076181769e-08,6.88631632134428e-08,1.72160455578587e-08,7.67993635297533e-08,3.78536646658325e-08,7.69312814916314e-08,3.0442723294232e-08,1.42594654161732e-07,-6.39436620606031e-09,1.54621962658552e-08,1.44707424278929e-07,1.36582476265127e-07,9.16594733769072e-08,-2.57947808773777e-08,2.52814942650331e-07,-4.50362208470703e-08,-3.49219300191342e-09,1.80350918795617e-08,1.60942682926146e-08,-3.81033957900282e-09,-2.8717705634758e-09,7.52559273908393e-09,1.46046757229335e-06,5.35498551297237e-07,3.53099965657556e-06,2.62673031216101e-06,4.17678475766179e-06,-1.01122043410888e-06,1.09771691808014e-05,-4.86962085757033e-06,1.87752743554323e-07,-7.45677908316892e-07,3.67066187999177e-07,-4.5933687437121e-07,2.28031823253619e-06,-2.34831275130891e-06,-4.22462441299313e-08,2.28906994481204e-08,-6.05616181596575e-07,1.70685717749633e-09,6.67263707000681e-09,-1.04807898582664e-09,2.92480667262887e-09,1.46677996075372e-08,6.24360579019011e-09,6.00256243595808e-09,1.63664360843736e-10,3.68426259270929e-09,8.11625758783675e-09,4.10399134974043e-07,-8.10351780498397e-06,2.20970602762593e-06,-1.21400974508704e-06,3.56327962002842e-07,-1.76344544573593e-06,-2.60825960534184e-06,-3.76177776212773e-06,4.25214019781257e-06,-6.01931769504097e-07,-5.47266792867324e-09,-5.59457944099777e-05,8.18390768746377e-06,-2.1686445026448e-05,1.5824993394191e-05,-6.50128672966956e-07,-2.87399047599463e-07,-2.20721801465732e-06
"north_west","beta16",6.08995085911173e-09,-6.09189409699454e-07,-7.82090897273267e-08,9.78933857321914e-09,4.87603547342643e-09,5.91432564697247e-09,-3.1728827298313e-09,1.47108080975801e-08,-5.80337118910464e-09,2.07607720578376e-08,-3.28715409721085e-08,3.61679723852443e-08,8.85906390452541e-09,5.35725512090113e-08,1.33038094330687e-08,-3.85912486624171e-08,3.24571884724604e-08,1.72665087267999e-08,4.42320595577653e-08,4.29327026428892e-09,3.30000108976677e-08,3.24737844405258e-08,2.93770264831852e-08,3.26272065498032e-08,5.38770490886828e-08,3.41087771616119e-08,4.20468010508475e-09,4.92696435890052e-08,4.00546264676227e-08,4.48430632460557e-08,1.00148984996319e-08,5.00536535653116e-08,-4.25925046221494e-09,8.23099380595779e-08,3.6579539988355e-10,4.98572797591514e-09,-5.13086126183757e-09,1.32334033544403e-08,5.06486074032212e-09,-5.67250531777769e-09,-3.21880216362374e-07,2.58800068170188e-07,-1.77332202015233e-07,6.91518705289868e-08,-6.20125922915279e-07,2.39939106326714e-07,-1.86845880898227e-06,8.26968303397328e-07,-6.65748570174254e-08,1.16074270195635e-07,-1.10454422777171e-07,-4.15004370711496e-07,-1.69553507213503e-07,-1.0167909678541e-07,-1.18555486145871e-07,1.94160123556811e-08,-2.13673108973884e-07,3.14758998087115e-10,1.38970640318854e-09,2.45322937958349e-09,1.53121042272498e-09,9.92704816207159e-10,4.72475329141081e-10,6.63624035133538e-11,7.92284818533238e-10,8.98765057063868e-10,-5.70093355496213e-11,5.85661238412426e-07,4.63890011044519e-07,-4.90998237205402e-08,6.96104101399501e-07,6.1558601815235e-07,-1.8063758386555e-07,-2.68041834707305e-07,-1.82946236366436e-07,2.45953861228262e-07,-6.2095935914643e-08,-1.77003732725099e-09,-9.59535209530424e-05,-1.60093915963506e-06,-5.31288715701048e-07,-4.3193522721747e-06,-1.06782453819524e-06,8.4652445461879e-08,-1.47104623881616e-07
"north_west","beta17",8.79477575344155e-09,-1.92309386648572e-07,7.20668930150094e-09,1.38639872968939e-08,4.43758325020726e-08,8.88483865771274e-09,-3.78977995815417e-09,2.19616821954276e-08,-1.07220337069849e-08,-4.04514442528775e-09,6.45895045270572e-08,8.85906390452541e-09,4.91025488175382e-08,-6.8325186383291e-09,5.35523113417318e-08,-6.24535580853909e-08,2.86181847458248e-08,2.94962772831119e-08,4.30461128171033e-08,2.26597418495926e-08,3.98600703946292e-08,4.68030701647075e-08,3.48287314024001e-08,5.54510559319173e-08,6.26806335039407e-08,6.63879043728117e-08,5.72608747047757e-09,4.80928101437805e-08,7.64255949935924e-08,6.93892331847489e-08,3.37438747254234e-08,3.3067421654176e-08,6.33726131930409e-08,3.71736831334767e-08,3.74243751357005e-11,8.53509096844256e-09,-1.71446555388601e-09,9.19128050109049e-09,-5.99000459051752e-09,8.44716856971437e-09,-2.00585073336503e-07,-4.48275510692737e-08,3.3510500276487e-07,3.77214253524803e-07,2.62842028486878e-07,-1.7118030799045e-08,1.36742541677851e-06,-2.43747406398492e-06,-2.602907285606e-07,-1.19414699778767e-07,3.28877929398892e-08,-5.54224903600827e-07,-3.68545962505835e-07,-4.45694335470687e-07,-3.28171525879051e-08,2.37510903463241e-08,2.06129297611285e-07,1.34372890441558e-09,3.07120515893998e-09,1.67322823228341e-09,1.90448241055844e-09,5.65564349300473e-09,2.17740168195228e-09,1.77802074992198e-09,1.31276717307914e-09,1.29821925697013e-09,2.40256728318795e-09,7.41605088316327e-07,-7.70026837974421e-07,1.00454961660352e-07,1.49635939755079e-07,4.3708874835467e-07,6.49724349426144e-10,3.84799078959815e-08,-6.66069727320765e-07,7.66742077667594e-07,-1.95272017046651e-07,8.33876717394795e-11,-0.000116484652997063,2.15155784729009e-06,-6.76032591764174e-06,9.42991447253993e-06,-1.17002749538784e-06,-2.98287487663154e-08,-6.73977495595525e-07
"north_west","beta18",7.79737499946127e-08,-1.04167897050338e-06,-1.86884519546274e-07,2.03176544358161e-10,-2.19322532210575e-08,1.03058165561658e-09,6.7925058524127e-09,2.89490434392945e-08,-8.25006045438712e-09,2.85876151313106e-08,-4.4271909034695e-08,5.35725512090113e-08,-6.8325186383291e-09,2.06189795105441e-07,-7.1143888819299e-08,2.51435624342184e-08,4.32577694171909e-08,-9.01490043820882e-09,5.04362544740818e-08,-2.88485752102703e-08,3.71322184133817e-08,-5.3559624206083e-09,4.15025763458358e-08,-1.50734785528739e-08,7.12221672063713e-08,-7.12814532587203e-09,-3.84122870249652e-09,3.24510929156817e-08,2.36484985847556e-08,3.55586220165087e-08,-6.00891603357365e-09,5.9955441386331e-08,-2.88958546224732e-08,1.02794091473476e-07,4.81168325683644e-09,5.16745496545344e-09,4.66790722566087e-09,1.28399274891419e-08,8.25927364141622e-09,-3.43878781911906e-09,-1.34890964450249e-07,5.43783303110655e-07,-1.29422255110488e-06,-7.18341097481332e-07,-1.48918854047735e-06,1.256646859519e-06,-1.36450533419149e-06,-1.05321170831428e-07,-2.03199418542644e-06,4.2568202726548e-07,-2.29382729571239e-07,-7.38248871210432e-07,-1.12411072131306e-06,-6.12445734376345e-08,-1.51526803501975e-07,1.21101656273803e-08,5.21301421338005e-08,1.65698978552959e-09,3.27614839663195e-09,6.50088886216596e-09,3.56314336804747e-09,2.78652639673671e-09,-1.34017988478779e-09,-2.17846338320014e-10,1.03424714081919e-09,1.94373154704854e-09,6.34167257398858e-09,2.53505265449269e-06,1.6795390348005e-06,-2.02761596394326e-07,1.05500708355813e-06,2.02186290045837e-07,8.45757271688206e-07,1.96239942077563e-07,1.16532395915607e-06,-1.09981256685452e-06,1.24232066772587e-08,-8.15420394354453e-10,-0.000131409979792496,-1.09066769637827e-05,3.66344390743831e-06,-1.61749144767639e-05,-1.3889337088546e-06,1.39738758148416e-06,-2.68480964737898e-07
"north_west","beta19",-3.9017577042935e-08,-7.74209098546464e-07,1.6641199213566e-07,6.37720897050734e-09,5.33076363739089e-08,8.20359758450034e-09,-8.78345335153043e-09,4.44893788066915e-08,-3.4780658501874e-08,2.86180138001852e-08,8.35895213717744e-08,1.33038094330687e-08,5.35523113417318e-08,-7.1143888819299e-08,2.17607069752569e-07,9.75453547029147e-08,-2.62488593961901e-08,9.95406788839976e-08,6.25742213501211e-08,6.39487931449132e-08,5.54154300469787e-08,1.26028683004252e-07,6.83811015140641e-08,1.2398542289325e-07,8.2389970475968e-08,1.83042669147485e-07,1.32907102358259e-08,9.53540476693554e-08,1.66852453091813e-07,1.39789337090962e-07,7.72830420615923e-08,7.04974654754292e-08,1.31540571161079e-07,4.10005889713907e-08,-4.2934882929834e-09,1.15238217729011e-08,1.18151683581677e-08,-2.02538043123683e-09,4.00469664433028e-09,1.64490127037553e-08,5.00938679062988e-07,4.31883767821791e-07,2.48731110459965e-06,1.60263504778548e-06,1.5176890126609e-06,-1.50333178391228e-06,3.93680604896545e-06,-5.48770459473099e-06,2.90224238162236e-06,-6.49600634341459e-07,2.01427058286726e-07,-8.13936474467198e-07,2.00189317042228e-08,-1.50467794120273e-06,-9.0271669279723e-08,2.70827933265576e-08,6.57432684973705e-08,2.7340800826968e-09,6.40797007574049e-09,2.21765441286914e-09,2.55131738013199e-09,7.78025960752667e-09,6.3937672884814e-09,3.65065106643654e-09,2.1670210444382e-09,2.36236019059772e-09,-8.33821853786824e-10,-2.55830487405811e-07,-4.90826347087862e-06,1.96321070557459e-06,-4.19916783891761e-07,1.40386664566289e-06,-1.80288855140557e-06,-7.65193454771695e-08,-2.51495649992942e-06,3.15189391325388e-06,-4.97937771768035e-07,2.5598474889785e-10,-0.00012588058945269,1.9489345144058e-05,-1.54872599501386e-05,1.85580830490903e-05,-1.28017702767011e-06,-1.35500103270544e-06,-1.48397385928934e-06
"north_west","beta2",5.81476279132086e-08,1.46642621274371e-06,2.6727572231627e-07,-7.6648193993811e-07,-1.89372199090306e-06,1.5988449086126e-07,-1.58552833245655e-07,1.12989325214096e-07,3.54750317132683e-08,-6.58133167213534e-08,1.72470999087378e-07,-3.85912486624171e-08,-6.24535580853909e-08,2.51435624342184e-08,9.75453547029147e-08,1.2679116480038e-05,-1.3751711440044e-07,1.49868969202372e-07,-1.99615115509855e-07,7.99084496033882e-08,-1.52338254095948e-08,4.7285753118793e-08,3.90378591830527e-08,-2.43018526846369e-09,2.50032070470301e-07,-1.33219386832841e-07,-5.75062633816216e-07,-1.73321107367723e-08,1.45846339999017e-07,7.4920786184914e-10,1.18569405766981e-07,-2.14168100415184e-07,4.07887374450353e-07,-2.69348221792102e-07,2.28283716165046e-07,-1.94330762625857e-07,3.83223872141312e-07,-2.49010566090983e-07,1.80390815745563e-07,-1.25131510801275e-08,8.56465364563043e-07,1.17079706077236e-06,-3.85280866136158e-06,-4.6232697182416e-06,1.69476145888442e-06,1.81484271623191e-06,1.91149993741102e-05,1.92193334096842e-05,-2.17891898048835e-06,3.19104294334232e-07,-4.07249932074194e-07,-1.15103492155341e-06,-3.0690151965417e-06,-8.43250125762228e-07,-1.26036191051878e-06,-1.79199185469089e-08,2.14527383385493e-06,1.40355896543076e-08,2.47551056394819e-09,2.76808020943361e-08,8.1872662766136e-09,5.76281199601705e-09,-4.3082322697535e-09,8.11081293169408e-09,7.2128768750579e-09,1.78266471192578e-09,2.28119291067522e-08,-7.471874355925e-07,7.02820968733347e-06,3.21917229853485e-06,-4.7888101740401e-06,7.36450561746042e-06,-5.55557993128566e-06,-1.36842639407811e-06,-2.30365005851454e-06,5.46346323154876e-07,1.92341376363672e-06,6.90911985217745e-09,0.000273040414183103,-4.53647459317196e-05,-4.62237148402275e-06,-0.000268450097628267,3.17858053381753e-06,-2.00222105852255e-06,-1.72575066516642e-06
"north_west","beta20",6.36644426996826e-08,-9.44465383471989e-07,2.43314548448851e-08,-9.74458566916859e-09,3.91313357763677e-08,1.99090709441603e-08,-2.17848620274275e-09,1.79247084675413e-08,-1.06533593642244e-08,8.30949461683975e-09,1.93740709852589e-08,3.24571884724604e-08,2.86181847458248e-08,4.32577694171909e-08,-2.62488593961901e-08,-1.3751711440044e-07,1.48059959262192e-07,-1.44675239201656e-08,1.27135988162095e-07,1.84660274326589e-08,6.99637451920493e-08,6.73612058357746e-08,6.10117748942909e-08,6.91946808512645e-08,1.12330269600366e-07,7.43532429732509e-08,1.71060457624795e-08,8.67585552109609e-08,9.44062168982413e-08,8.71337503454707e-08,3.53138989703412e-08,6.43152506903863e-08,6.16383621417104e-08,5.88936362450829e-08,-8.52691977371375e-09,1.38793147553345e-08,-1.9445988406882e-08,3.46126427345327e-08,-1.03861913360169e-08,-9.11560990106192e-09,-1.27839813281263e-06,4.22915660661041e-08,-4.87785643480578e-07,4.94284120535843e-07,-8.10243655902352e-08,9.66135390523693e-07,-2.22784561738076e-06,1.3595069666164e-06,-1.0943345582878e-06,1.65219215087582e-07,-4.59662731506631e-08,-6.99857784873672e-07,-1.90499665285865e-07,3.23426691291996e-07,-9.5102938759618e-08,5.74927098112216e-08,-5.21299436235282e-07,3.96105836551543e-10,2.36212961022457e-10,1.26776308812293e-09,5.14448343759784e-10,2.32326327132084e-09,6.00068405385936e-10,-2.33572533602183e-10,1.36175694435906e-09,1.43638482524479e-09,3.74063511549237e-09,1.1848420061666e-06,-8.91198757534533e-09,-8.95749398674094e-07,7.07104583326444e-07,2.44298870468985e-06,-1.11178474546218e-06,-4.13038235284364e-07,-1.11911541082764e-06,7.05999252955043e-07,-1.42231849715812e-07,-2.32778302222845e-09,-0.00014174716934396,-1.61717068831017e-05,-4.52941775507142e-06,4.513902894942e-06,-1.47535174357519e-06,-9.63742868694407e-07,-2.51900968288035e-07
"north_west","beta21",-4.85411454407259e-08,-1.22033491791668e-06,2.7944152097639e-08,1.87530827683124e-08,-7.70844591586983e-09,4.35726908303918e-09,-1.70672965779006e-08,4.41487074466438e-08,-3.38080214062448e-08,2.23368583233945e-08,3.18914373432866e-08,1.72665087267999e-08,2.94962772831119e-08,-9.01490043820882e-09,9.95406788839976e-08,1.49868969202372e-07,-1.44675239201656e-08,1.08955151529879e-07,-5.99981124025631e-08,9.0019662664362e-08,3.54912226731397e-08,7.95820682000384e-08,4.36013390721379e-08,6.9698193594957e-08,7.40233672115917e-08,1.02096662920891e-07,-2.71751622365361e-09,6.7510103837643e-08,9.44693656883334e-08,8.78082264421325e-08,3.79421189672613e-08,3.69094595568183e-08,8.66694593452808e-08,1.05519257390365e-08,1.94676098177333e-09,1.40749048321374e-08,-1.02401654456467e-08,4.40170675503797e-09,1.31549087488832e-08,-3.79729304006057e-09,1.30204137949883e-07,3.13929829921329e-07,1.09161818240849e-06,3.86919447390541e-07,9.25488130201293e-08,-4.00689094470503e-07,1.76029516355686e-06,-2.59578307204457e-06,1.30249462072086e-06,-3.12892417693702e-07,6.44109239586633e-09,-4.04038106816446e-07,-1.28401293917992e-07,-6.47444995108315e-07,-1.32464819990344e-08,-2.7780718604066e-08,-3.5111263638024e-08,5.89553438369449e-10,3.14727109758855e-09,1.81703300090157e-09,2.38080516999091e-09,3.9037991661594e-09,2.0369885733979e-09,1.22912707125261e-09,-2.7126462636831e-11,1.61828891877551e-09,-8.23118128634259e-10,1.76679179062862e-07,-2.10450590025921e-06,1.3430614754457e-06,3.59573049691103e-07,6.27745863007621e-07,-5.65617952201532e-07,-2.69953023846598e-08,-6.89724008059791e-07,1.44586658423714e-06,-2.00008249116754e-07,-1.60512281623499e-10,-0.000101214604181919,-1.74025378443156e-06,-7.8574938431789e-06,-1.82943773457822e-06,-1.09688218918088e-06,-7.8127823328625e-07,-6.50593032220156e-07
"north_west","beta22",2.55963021399776e-07,-3.83723110184269e-07,1.17579077462712e-07,1.01507414056771e-08,1.0315354397758e-07,2.89760235817198e-08,2.44518680054077e-08,4.7808541544024e-09,-1.13939117465301e-08,6.92786433907013e-09,3.28370076181769e-08,4.42320595577653e-08,4.30461128171033e-08,5.04362544740818e-08,6.25742213501211e-08,-1.99615115509855e-07,1.27135988162095e-07,-5.99981124025631e-08,5.26291750987388e-07,-3.14210065599407e-07,1.22444087935365e-07,9.85671885185523e-08,6.56572458546334e-08,1.45481976321189e-07,8.52774337859964e-08,1.47729126358088e-07,1.88368206354351e-08,9.34251683838368e-08,1.44062294147697e-07,1.60055873263289e-07,4.23368559171298e-08,1.48449452525121e-07,5.59033276401239e-08,1.56828466207507e-07,-3.68277902955748e-10,-2.23356954875342e-08,2.92715900920363e-08,8.268318234289e-09,2.43186477511622e-08,-2.00779896665912e-08,-1.11143244916618e-06,2.45305046067699e-07,8.10130989305502e-07,2.27293526206317e-06,5.20379617205617e-07,-2.01188668065724e-06,-2.07451154703255e-06,-1.76555726029942e-06,-1.19846862489779e-06,-3.44934613876228e-07,3.41247902201453e-08,-9.68117752570195e-07,2.70488915465646e-06,-6.92166821895526e-07,-2.63190464350943e-07,8.9829338165882e-08,-4.66367465402698e-07,2.64181087498368e-10,2.72705305950265e-09,2.48637888045536e-10,1.74282736241264e-09,1.26716851898856e-09,4.04811908675206e-09,1.45690297792244e-09,3.2064582196337e-09,1.03351919090789e-09,2.49369537347467e-09,2.06287369941885e-06,-1.72120238997086e-06,-1.34744242020129e-06,1.47535270705863e-06,3.09819830392439e-06,-1.83156091667619e-06,-4.42695224156721e-06,-1.75120680918371e-06,1.38343074270685e-06,-4.22961744757529e-07,-3.12599705579477e-09,-0.000222200900157171,-1.51738774884357e-05,-8.20513819562804e-06,2.50550014690491e-05,-2.11974744484686e-06,-1.11576971337686e-06,-8.15968737476145e-07
"north_west","beta23",-7.03131144945848e-08,-8.15727777984508e-07,6.6902962546173e-08,4.79285253618787e-08,-1.74397232967574e-09,-1.23338916882741e-08,-1.99253840827253e-08,4.07394700756648e-08,-3.16185329400831e-08,3.75012907009424e-08,6.88631632134428e-08,4.29327026428892e-09,2.26597418495926e-08,-2.88485752102703e-08,6.39487931449132e-08,7.99084496033882e-08,1.84660274326589e-08,9.0019662664362e-08,-3.14210065599407e-07,6.70206961746567e-07,-1.63337549845558e-07,1.72687481880049e-07,1.62269788690543e-08,8.00294961349788e-08,1.00940775178099e-07,9.03057103094956e-08,1.16181056654332e-08,9.91329154934582e-08,1.05212847902855e-07,3.22542938782003e-08,6.13176797169985e-08,-2.92326444257696e-08,1.38979163672463e-07,-1.12005343499384e-07,-1.59735384858407e-08,5.5128820779802e-08,-6.63879068212765e-08,5.24480906421475e-08,-4.05363330224967e-08,2.6757434764559e-08,-5.65615142125519e-07,-3.35445040933243e-07,1.90959079094199e-06,-1.13218738275708e-06,-7.27543707490107e-07,9.87649571151248e-07,5.57579685888645e-06,-3.18700300041301e-06,2.38481701648203e-06,-2.78633158366494e-07,1.01211690713518e-07,-3.77542106467552e-07,-8.7472909538686e-07,-6.09917700323803e-08,1.29800238825458e-08,1.15049529592054e-08,1.54752010579026e-06,5.23934932172402e-09,2.89878801254749e-09,2.44213509615226e-09,-2.23486434548498e-11,4.79737080899279e-09,4.18406688246955e-09,3.05933500786657e-09,-5.49957182281207e-10,2.82357217615705e-09,-1.31693581115511e-09,-2.06148967317763e-06,-5.3800494162153e-06,3.97203849107639e-06,-6.16728323554507e-07,7.8413609756876e-07,-1.59760588713929e-06,1.42581922794767e-06,-1.53493778894643e-06,1.69471633980485e-06,-1.97108413509992e-07,-8.06658665213587e-09,-8.46697871179865e-06,-8.68638338796548e-06,1.10954111861296e-06,-9.05850468975198e-07,-3.97211342267026e-07,-1.26048887448034e-06,-3.19414084354799e-07
"north_west","beta24",-2.42062746260897e-08,-1.21260723972587e-06,1.07641992950621e-08,-2.33081194184225e-08,3.7897224487135e-08,1.82691400023989e-08,-1.59929442421376e-09,3.46780423296808e-08,-2.07024091532104e-08,2.74944540751908e-08,1.72160455578587e-08,3.30000108976677e-08,3.98600703946292e-08,3.71322184133817e-08,5.54154300469787e-08,-1.52338254095948e-08,6.99637451920493e-08,3.54912226731397e-08,1.22444087935365e-07,-1.63337549845558e-07,2.04703884059647e-07,-2.64817449323613e-08,1.3052278931794e-07,3.46757255264324e-08,1.23095887528881e-07,9.89083026067695e-08,5.40270268607155e-09,7.8322665722097e-08,1.20515723817298e-07,1.17199862430883e-07,4.35923658014831e-08,9.5984117045374e-08,6.18425426115189e-08,1.05603234888002e-07,3.31693298392032e-09,1.30792151006001e-08,-4.52026274555921e-09,1.41890633093581e-08,-1.04033984587999e-08,7.41502113569843e-09,-1.50762279238709e-07,4.86189478332104e-07,-2.66354444710338e-07,1.03563081100394e-06,1.20236311210763e-06,2.7652486788457e-07,3.19948045458475e-09,-3.49472339179104e-06,-1.60360288563052e-06,1.88011246989781e-07,-3.63105005798714e-08,-9.49282667822525e-07,-1.25425670565417e-06,-3.51492691644816e-07,-5.90155559189591e-09,-6.71672170730897e-09,-8.40741266088513e-07,4.5247128557177e-10,4.88611712249454e-09,3.91678624052275e-09,3.39840311505895e-09,7.57856928168219e-09,1.74979801701004e-09,6.24240946489719e-10,2.61949394204951e-09,1.93216241492689e-09,4.70546717797598e-09,1.28894960841086e-06,-2.24568835568197e-07,-9.55864827139242e-07,-2.79617742234682e-07,1.66125320345567e-06,-3.49117043703536e-07,7.55953161068441e-07,-7.91443727359006e-07,1.12038049612938e-06,-2.28993429739821e-07,1.3907868312448e-09,-0.000169260933743779,-3.60398151299984e-06,-1.20717346711905e-05,5.98765246737738e-06,-1.63109174386801e-06,-4.53450781634106e-07,-1.0641958890318e-06
"north_west","beta25",7.83500634412221e-08,-1.39389127335451e-06,2.04448408211529e-07,6.6198117591812e-09,2.11562218299086e-08,8.12782902749288e-09,5.34095935044623e-09,4.48462341564037e-08,-3.1931332725961e-08,1.68077361593243e-08,7.67993635297533e-08,3.24737844405258e-08,4.68030701647075e-08,-5.3559624206083e-09,1.26028683004252e-07,4.7285753118793e-08,6.73612058357746e-08,7.95820682000384e-08,9.85671885185523e-08,1.72687481880049e-07,-2.64817449323613e-08,2.56789197686922e-07,-1.2170755253053e-08,2.26946324780055e-07,9.11536383434639e-08,2.19691042144024e-07,2.45857952410903e-08,1.30801205776549e-07,1.89440112232401e-07,1.72472650561526e-07,7.18300681040043e-08,1.04413353740615e-07,1.41450882373706e-07,7.41332554926719e-08,-1.30700563679112e-08,1.97012611865999e-08,-1.47211152558072e-08,3.3934014771244e-08,1.62760783763646e-09,1.42170821764171e-09,-7.6447428604185e-07,4.23224501880373e-07,2.34322440593409e-06,1.33160547571937e-06,7.16334790384017e-10,-4.16852563888223e-07,-2.81846914027152e-08,-1.68250575173904e-07,2.58897405754594e-06,-6.58253600793267e-07,1.07399334286192e-07,-9.76452501501616e-07,7.20388215820543e-07,-1.29955287704771e-06,-1.49992184608565e-07,6.10677872738937e-08,2.5973639803536e-07,3.39447078436351e-09,4.09071219477491e-09,3.66945928835206e-09,2.6698856603739e-09,3.95333625519343e-09,6.02484611771516e-09,3.46042303102165e-09,1.96738370842305e-09,3.74424571228121e-09,-9.93657716487525e-10,9.81530783871195e-07,-4.40251049619383e-06,1.84675742851429e-06,1.37844889510876e-06,2.45073117004161e-06,-2.53985076832648e-06,-1.29178065452883e-06,-2.73739560233865e-06,2.8920208952776e-06,-4.97997322027049e-07,-4.52750011704957e-09,-0.00015774393462206,-1.35311622229468e-05,-1.4017801783835e-05,3.02800756408018e-06,-1.67049526093208e-06,-1.82200280335682e-06,-1.31227332270217e-06
"north_west","beta26",-4.87121540842339e-08,-7.29623275687159e-07,-5.12002317611327e-08,-2.62932287639011e-09,6.72589019001377e-08,1.87554518944007e-08,-4.52855710521217e-09,5.64344144120573e-08,-3.30093291784132e-08,5.96085258843468e-08,3.78536646658325e-08,2.93770264831852e-08,3.48287314024001e-08,4.15025763458358e-08,6.83811015140641e-08,3.90378591830527e-08,6.10117748942909e-08,4.36013390721379e-08,6.56572458546334e-08,1.62269788690543e-08,1.3052278931794e-07,-1.2170755253053e-08,2.65142289626949e-07,-1.08591970754258e-07,2.24181066513012e-07,9.55563824218198e-08,-2.96513780010773e-09,1.09387976153418e-07,1.62595004853122e-07,1.15660217692474e-07,8.5663562111967e-08,5.99090138716654e-08,1.34717662428844e-07,5.04860705370256e-08,7.63289694264177e-09,2.7599784949497e-08,-1.65720443317254e-08,1.99451510937325e-08,-1.84663505278334e-08,2.69716084185018e-08,5.46747162793854e-07,1.86528727163717e-07,-8.79206582182871e-07,-7.87627267922469e-08,1.27076371974223e-06,1.202059538348e-06,4.07737953126579e-06,-4.28668705107039e-06,2.00561880867457e-06,1.25668502526533e-08,1.38085010606574e-07,-1.33449854550989e-06,-1.46519612276908e-06,-6.29138442540127e-07,7.12823574782888e-08,-1.53528203696244e-08,-1.90995991481748e-07,4.04569949455999e-09,1.10934351515906e-08,6.78265023808486e-09,5.16052421863424e-09,1.41115958128374e-08,3.28294233802848e-09,4.52839161795136e-09,5.01319602852134e-09,4.19197331714107e-09,1.46021111900596e-08,1.30932124421472e-06,-6.85431914450882e-07,3.40320621258847e-07,-1.87327185476981e-06,1.95339310549427e-06,-1.61515257015963e-06,1.21170780073697e-06,-9.146557520011e-07,1.61092008807988e-06,-1.06706267822798e-07,3.28232503001462e-09,-0.000119494564311439,-3.09131565581881e-07,-1.31416785154776e-05,1.49889317541413e-05,-1.09101086775314e-06,-5.58252307588885e-07,-1.71704133880798e-06
"north_west","beta27",1.0738123014683e-07,-2.26338427761718e-06,5.6655214031334e-08,-5.95416062181482e-09,4.34934237282569e-08,-9.90405913720856e-09,4.61574499844759e-08,6.37831740217408e-10,3.28784619429923e-09,-2.18693309430909e-08,7.69312814916314e-08,3.26272065498032e-08,5.54510559319173e-08,-1.50734785528739e-08,1.2398542289325e-07,-2.43018526846369e-09,6.91946808512645e-08,6.9698193594957e-08,1.45481976321189e-07,8.00294961349788e-08,3.46757255264324e-08,2.26946324780055e-07,-1.08591970754258e-07,4.82241118915632e-07,-1.53070926491581e-07,3.25682598198636e-07,2.43520777989511e-08,1.04953356653899e-07,2.03717134592284e-07,1.69070811165277e-07,8.63151946991833e-08,9.67473521864017e-08,1.45106714627673e-07,1.06199843178587e-07,-1.04887322134806e-08,2.68358997580669e-08,-2.39223500936791e-08,3.45272526883171e-08,-2.14875855751473e-08,1.5381724933897e-08,-9.51456779481452e-07,2.88263605196285e-07,2.15537002053752e-06,1.27066152590244e-06,-3.96788398016789e-07,-6.91590982973103e-07,2.61461377355654e-07,-2.92681706871028e-06,9.60901039637283e-07,-2.56099732569847e-07,-1.67496250946622e-08,-9.86319657789336e-07,-3.86954671972617e-08,-6.22136906621689e-07,-1.17842809278696e-08,1.36461980466253e-08,6.24336612432898e-07,4.11538706086163e-09,3.62035157455628e-09,5.07622198546729e-09,4.81281921375507e-09,3.01251699090597e-09,7.64385680954909e-09,1.3936199821244e-09,2.15411172144796e-09,3.70531532540033e-09,-5.32500012914402e-09,-7.01085684526487e-08,-3.60321592490954e-06,1.04522067137911e-06,1.5709794374234e-06,1.15484025263929e-06,-9.07933664199958e-07,-8.69807146699692e-07,-1.6479068530847e-06,1.97371232645234e-06,-6.49239383499612e-07,-1.58555766522838e-09,-0.000192361610560642,-1.76747505746229e-05,-1.61294668106332e-05,1.2820795602202e-05,-1.93297497032541e-06,-1.54129443508183e-06,-1.47457249142987e-06
"north_west","beta28",-1.10039663912768e-08,-1.25077218857191e-06,-6.46232156533746e-08,2.53426447872438e-08,-5.93672636996974e-08,6.00706380355181e-08,-7.59708972646907e-08,1.30754643376835e-07,-8.13771679567469e-08,1.16304182106128e-07,3.0442723294232e-08,5.38770490886828e-08,6.26806335039407e-08,7.12221672063713e-08,8.2389970475968e-08,2.50032070470301e-07,1.12330269600366e-07,7.40233672115917e-08,8.52774337859964e-08,1.00940775178099e-07,1.23095887528881e-07,9.11536383434639e-08,2.24181066513012e-07,-1.53070926491581e-07,6.65466439298448e-07,-1.66763712074944e-07,-6.01587581922308e-09,2.56438192200402e-07,1.56678353826053e-07,1.65437096647544e-07,4.31292033203537e-08,9.86884091929633e-08,1.45651669133092e-07,3.92560065915887e-08,7.90350884129051e-09,2.43738997588903e-08,-2.62334603108688e-08,4.86170144794087e-08,1.39706135039976e-08,-1.34491956515961e-08,-1.18447570173157e-06,-2.559522513803e-07,-2.5725896277636e-07,-3.3531492056552e-07,-1.15022996772419e-06,2.07770178814428e-06,2.33927857445786e-06,-2.40187388915394e-06,-7.06299176989e-07,1.59929655822666e-07,-4.97095010255834e-08,-2.02613620568964e-06,-4.45168976017552e-07,1.27818829107129e-07,-1.87816853063356e-07,8.97959699317122e-08,-4.86591153134568e-07,2.46043154108235e-09,8.31758298102573e-09,6.84514517182069e-09,3.49062196379417e-09,1.62271713813342e-08,2.1768207835964e-09,5.3571249099079e-09,3.82092834168139e-09,2.61833645978275e-09,1.18308610416979e-08,1.5730034434258e-06,-2.59268220052626e-06,1.31558786989779e-06,9.45216773284918e-07,5.13545009959751e-06,-3.57194201003509e-06,1.50725368555715e-07,-2.6072387797071e-06,2.33811166721536e-06,-1.65216491828609e-07,-7.79612012951541e-09,-0.000202208410085139,-5.07931101000019e-06,-2.63299686772249e-06,-3.57684823521082e-05,-2.25407123245503e-06,-1.03666721136346e-06,-8.85447593963534e-07
"north_west","beta29",5.23855743377193e-09,-2.21395578267876e-06,4.18759993156281e-07,4.67385941593672e-09,1.41238046112476e-07,-2.00022396453032e-08,8.1369493276867e-08,1.06310254873096e-08,-1.20019021627705e-08,-1.45077957619151e-08,1.42594654161732e-07,3.41087771616119e-08,6.63879043728117e-08,-7.12814532587203e-09,1.83042669147485e-07,-1.33219386832841e-07,7.43532429732509e-08,1.02096662920891e-07,1.47729126358088e-07,9.03057103094956e-08,9.89083026067695e-08,2.19691042144024e-07,9.55563824218198e-08,3.25682598198636e-07,-1.66763712074944e-07,6.70006372872487e-07,3.99356364603135e-08,5.69483326007304e-09,3.87375958088313e-07,2.79670578772509e-07,1.74497196970684e-07,1.93890626390585e-07,2.24924870743735e-07,1.8897411457245e-07,-1.48333466082179e-08,3.86777153889587e-08,-2.70745482987881e-08,4.89178507920043e-08,-5.23899610808447e-08,5.09422844678549e-08,9.46556386240533e-07,1.95670643021347e-06,2.91772870599158e-06,2.85500004890563e-06,3.83902107488314e-06,-3.88366827288191e-07,3.1585717901515e-06,-6.28186594104486e-06,3.60555788894649e-06,-1.02517883045666e-06,2.59471792606386e-07,-1.15205544425083e-06,-1.15839490860781e-06,-3.45401186140883e-06,-4.84418216598441e-08,-4.07107966028184e-08,2.70405329881424e-07,7.62892702020017e-09,1.20084709202503e-08,8.8868937465464e-09,6.62843570151175e-09,1.27092857734105e-08,1.04714236396553e-08,6.33835194792468e-09,6.14740164573776e-09,8.47556089734631e-09,5.09576838479915e-09,1.18167744922552e-06,-5.22598285179346e-06,1.55700316825273e-06,-1.71123268123555e-06,1.21575123645173e-06,-2.27485423993537e-06,5.50044629406638e-07,-3.40154998024338e-06,4.67365785188417e-06,-7.9967054268757e-07,2.57360041064692e-10,-0.000232476887131738,-1.27149037347554e-05,-3.99380612941175e-05,4.29681089132112e-05,-2.0589947057401e-06,-1.96667471052015e-06,-4.02327306420131e-06
"north_west","beta3",7.22398534444349e-08,-1.36543233609363e-06,3.39933597002782e-07,-8.64246507676222e-08,1.17248678690603e-08,2.15029403524481e-09,-1.2219714886239e-08,4.68018801156986e-09,-5.78543493733172e-09,-7.88121225621101e-09,-6.39436620606031e-09,4.20468010508475e-09,5.72608747047757e-09,-3.84122870249652e-09,1.32907102358259e-08,-5.75062633816216e-07,1.71060457624795e-08,-2.71751622365361e-09,1.88368206354351e-08,1.16181056654332e-08,5.40270268607155e-09,2.45857952410903e-08,-2.96513780010773e-09,2.43520777989511e-08,-6.01587581922308e-09,3.99356364603135e-08,1.19661906803576e-07,1.05776998916465e-08,1.05338450221945e-08,4.30268793728296e-08,-1.07330902057895e-08,5.93604653033942e-08,-3.15054695032842e-08,7.94455761487051e-08,-8.24409598150428e-08,7.82434290284271e-08,-6.19240156288722e-08,3.0604842672188e-08,-1.35942589345733e-08,-7.76313731497088e-09,-5.01763598019321e-07,-4.76225769240336e-08,1.17653153440509e-06,1.07667309325753e-06,6.16828352793928e-07,-1.0413631906579e-06,-1.11009979515988e-06,-2.27168089457741e-06,4.87544063114189e-07,-2.81124060903488e-07,9.9446287785635e-08,-6.30824752964852e-08,-2.55229112762815e-08,-2.54389788280271e-08,-9.3979869408344e-09,4.85139358999835e-08,9.03422219920663e-07,-1.08056139521443e-10,5.26694201437591e-10,-1.96447183586717e-09,-1.51104207352704e-10,1.21429227787217e-09,1.45104523493152e-09,3.11759466816729e-10,-6.02607871405621e-10,3.87215747893149e-10,-1.41909252709165e-09,-3.46420937688296e-07,-2.64747227849065e-06,-2.23044894225231e-07,4.22854504917063e-07,4.96404909892366e-07,-5.93755157735621e-07,3.97973388309702e-07,-9.76067102961501e-07,9.56292750299756e-07,-2.95795473468717e-07,-7.26311100727325e-10,-4.55222227095508e-05,2.41044055524843e-06,-5.57219698792591e-06,8.90606086653646e-09,-3.70589396569453e-07,-1.30765644563151e-07,-2.3770533035599e-07
"north_west","beta30",9.22229762567624e-09,-1.89706608998089e-06,-1.09464227241961e-07,8.46530737570786e-09,2.46719553419204e-08,3.05283436788828e-08,-1.74159565823065e-08,7.00559952357044e-08,-3.36879188245567e-08,6.27454940596428e-08,1.54621962658552e-08,4.92696435890052e-08,4.80928101437805e-08,3.24510929156817e-08,9.53540476693554e-08,-1.73321107367723e-08,8.67585552109609e-08,6.7510103837643e-08,9.34251683838368e-08,9.91329154934582e-08,7.8322665722097e-08,1.30801205776549e-07,1.09387976153418e-07,1.04953356653899e-07,2.56438192200402e-07,5.69483326007304e-09,1.05776998916465e-08,3.0279268827797e-07,6.91409135332658e-08,1.38539976181272e-07,2.97782904690663e-08,6.40384505210692e-08,1.15952361690637e-07,3.41070182212132e-08,-2.71866788591468e-09,3.74127981885059e-08,-3.12038468095623e-08,3.35502454230401e-08,1.39107582254111e-08,-5.84649230589869e-09,-1.16535123432232e-06,-2.70285236606404e-07,-3.32835380821047e-07,2.25362757251313e-07,-1.25311552719453e-06,1.35904831634684e-06,-1.07241823949699e-07,-9.88478108737672e-07,2.70591519743448e-07,4.34615030116057e-07,-7.006979371769e-09,-1.68219956193182e-06,-2.87572597385282e-06,3.87593599223986e-07,-1.53301159389919e-07,3.63248638992388e-08,-5.98840109176578e-07,4.71401952132463e-09,9.04410951840349e-09,6.75537092767969e-09,6.64031834284644e-09,1.08184350310346e-08,5.192597397171e-09,2.61078841765983e-09,4.37817676911984e-09,3.71345075533334e-09,4.69037017543023e-09,9.2609601548062e-07,-1.16676983007037e-06,-8.34303469861403e-08,2.00477752011732e-06,2.80048212718009e-06,-1.53954185499042e-06,2.51060135054309e-06,-1.26329160061937e-06,1.21656578593363e-06,-1.1599868540377e-07,-5.00114777823523e-09,-0.000172059504310501,-4.09652443908311e-06,-8.12307384643556e-06,-7.40788765453148e-06,-1.80469541040082e-06,-1.09110525453233e-06,-2.34089266307043e-07
"north_west","beta31",3.37578432713504e-08,-1.43137180296999e-06,2.08060651536688e-07,-1.85569165521549e-08,7.70186116171235e-08,2.73452710953494e-09,2.64867130293797e-08,7.86563997619114e-08,-5.43544522596387e-08,5.27514604954628e-08,1.44707424278929e-07,4.00546264676227e-08,7.64255949935924e-08,2.36484985847556e-08,1.66852453091813e-07,1.45846339999017e-07,9.44062168982413e-08,9.44693656883334e-08,1.44062294147697e-07,1.05212847902855e-07,1.20515723817298e-07,1.89440112232401e-07,1.62595004853122e-07,2.03717134592284e-07,1.56678353826053e-07,3.87375958088313e-07,1.05338450221945e-08,6.91409135332658e-08,4.5776298577527e-07,2.10113650263269e-07,2.19319923465058e-07,1.14268595823572e-07,3.1065421004207e-07,1.32271979233484e-07,4.54339222852869e-09,2.94415888876983e-08,-7.84430889290266e-09,4.86064407595613e-08,-7.26285681964404e-08,7.18105308298184e-08,2.70204886260993e-07,5.27409295336487e-07,1.6697480304519e-06,1.47028797805e-07,1.97736143936204e-06,8.81974685800058e-07,7.18137248462229e-06,-4.8772068469118e-06,5.07430769440103e-06,-9.04193267070013e-07,2.95201176040471e-07,-2.12188534865438e-06,-2.40305991645903e-06,-1.91186818238181e-06,1.69016453823537e-07,3.49502314374626e-08,1.48213352502882e-06,8.49821276093488e-09,1.53088856313238e-08,1.34476714945694e-08,7.98125243525327e-09,2.12779635119426e-08,9.11425976731711e-09,9.00895307142386e-09,7.54048688885918e-09,7.72361990472204e-09,1.50145808839497e-08,1.7410003307344e-06,-6.28377519040925e-06,3.89699313379934e-06,-2.84433899694227e-06,3.11304572539699e-06,-3.42078608460044e-06,1.5961206653647e-06,-3.86474600105116e-06,4.69114347302634e-06,-6.73272855231464e-07,1.80310141718145e-09,-0.000218730972465444,-1.12600375324467e-05,-2.59327850412717e-05,2.11993830380367e-05,-2.05370308037503e-06,-1.68040193406015e-06,-4.20454341277135e-06
"north_west","beta32",1.34166529093256e-07,-2.97231234546901e-06,5.34290087697037e-07,-3.75894666305006e-09,9.85021489124396e-08,2.86407370438751e-08,4.29629488590012e-09,3.00901330448008e-08,-1.53090253916053e-08,-1.99667932381232e-08,1.36582476265127e-07,4.48430632460557e-08,6.93892331847489e-08,3.55586220165087e-08,1.39789337090962e-07,7.4920786184914e-10,8.71337503454707e-08,8.78082264421325e-08,1.60055873263289e-07,3.22542938782003e-08,1.17199862430883e-07,1.72472650561526e-07,1.15660217692474e-07,1.69070811165277e-07,1.65437096647544e-07,2.79670578772509e-07,4.30268793728296e-08,1.38539976181272e-07,2.10113650263269e-07,6.39977924711965e-07,4.29134848500636e-08,4.46990661984415e-07,2.03684206875129e-07,3.40862815849585e-07,-2.38288471259596e-08,6.80722097093275e-08,-5.36809867757088e-08,5.3290978034888e-08,-4.56155076872681e-08,1.64375437871674e-08,4.71197798462723e-07,1.36694092363272e-06,3.9715333699205e-06,4.24511874407332e-06,3.1227417940863e-06,-1.86129077204988e-06,-4.23092784031557e-06,-3.25842072447594e-06,3.01104832815915e-06,-1.03696306154015e-06,3.3424639011127e-07,-1.24529505030044e-06,7.11403215993597e-07,-2.56872851711017e-06,-1.91098368295394e-07,-1.05344433046413e-08,-1.18373796228351e-06,4.08705385900136e-09,1.0132477610503e-08,4.98075089061429e-09,3.39888259815699e-09,5.56598653717927e-09,1.03519817603403e-08,4.10177362773486e-09,5.51378503089082e-09,6.09594572994778e-09,-3.89268421551319e-10,4.08535626735374e-06,-6.45739631967528e-06,1.01895015529972e-07,4.77608034265574e-07,3.31709238661995e-06,-2.80791725327825e-06,-2.61003458250998e-06,-3.218964416145e-06,3.5889115996053e-06,-9.52619403415141e-07,-9.43966199105089e-09,-0.000274260063320875,-1.30787505028045e-05,-0.000106911669639793,3.10484613023344e-05,-2.63675849109866e-06,-1.33183142683386e-06,-6.14708366628799e-06
"north_west","beta33",-3.87209103181892e-08,-5.63929035822532e-07,-5.66786784281739e-08,-2.94192749069312e-09,4.70182678271525e-08,-4.02669425919469e-10,2.9789595373204e-08,3.11032610091837e-08,-1.37996206391803e-08,2.51874373453814e-08,9.16594733769072e-08,1.00148984996319e-08,3.37438747254234e-08,-6.00891603357365e-09,7.72830420615923e-08,1.18569405766981e-07,3.53138989703412e-08,3.79421189672613e-08,4.23368559171298e-08,6.13176797169985e-08,4.35923658014831e-08,7.18300681040043e-08,8.5663562111967e-08,8.63151946991833e-08,4.31292033203537e-08,1.74497196970684e-07,-1.07330902057895e-08,2.97782904690663e-08,2.19319923465058e-07,4.29134848500636e-08,2.50473838398686e-07,-1.4712386795115e-07,2.93462941136485e-07,-5.75360354199058e-08,1.39860259248251e-08,-2.90089878304455e-09,4.00680713191326e-08,1.40271111828796e-10,-5.06429807136302e-08,5.92099503043506e-08,8.31674939790856e-07,4.27407820024804e-07,-3.36871525228055e-07,-8.5590134970996e-07,1.94590468512314e-06,6.55832285572818e-07,8.28301503587805e-06,-2.16673730219523e-06,4.48369720251147e-06,-3.39963940142194e-07,2.28082739022565e-07,-1.26594867468717e-06,-2.61666157672813e-06,-1.27048377756295e-06,1.26085735211539e-07,2.4321590959014e-08,1.04752877129477e-06,5.81944927209883e-09,1.05842494848206e-08,8.74066672336694e-09,5.23898031716708e-09,1.23951280873112e-08,4.24313921936874e-09,6.01577163616133e-09,5.6924651683687e-09,3.63094863190516e-09,1.42354540875154e-08,2.94766421696222e-07,-2.00179805139594e-06,2.35361394158176e-06,-2.93406335683467e-06,-6.46861497302704e-09,-3.82094032128158e-07,2.46555806614223e-06,-1.47268356279346e-06,2.21596517528016e-06,-2.49441926653721e-07,9.63821291697055e-09,-4.99873517628071e-05,1.82325416090339e-06,-3.59928810341117e-05,1.09545678191157e-05,-3.77049560919712e-07,-6.45193833627278e-07,-2.99567031984272e-06
"north_west","beta34",2.1133557786159e-07,-1.59840032067114e-06,4.59171430135629e-07,1.7973973904749e-08,-9.9480104458024e-09,3.23583245222107e-08,-1.91580773269202e-08,2.02673073627405e-08,-1.56577995532486e-08,5.94172094215315e-09,-2.57947808773777e-08,5.00536535653116e-08,3.3067421654176e-08,5.9955441386331e-08,7.04974654754292e-08,-2.14168100415184e-07,6.43152506903863e-08,3.69094595568183e-08,1.48449452525121e-07,-2.92326444257696e-08,9.5984117045374e-08,1.04413353740615e-07,5.99090138716654e-08,9.67473521864017e-08,9.86884091929633e-08,1.93890626390585e-07,5.93604653033942e-08,6.40384505210692e-08,1.14268595823572e-07,4.46990661984415e-07,-1.4712386795115e-07,7.64066417615123e-07,-3.38357515433645e-07,8.54882551458442e-07,-4.06666175139531e-08,7.80959136548205e-08,-9.50349017172099e-08,6.618978892753e-08,-6.32280637453293e-09,-5.1910388021829e-08,-9.28756377109032e-07,3.12150613606655e-07,4.12300287365421e-06,4.94229210183528e-06,1.34849380924535e-06,-3.98849396173382e-06,-1.32617063533106e-05,-2.72902120928123e-06,-2.95647754506611e-06,-1.15136641170981e-06,-1.10129553147027e-08,-1.87160749726868e-07,3.24530503615045e-06,-1.09530575081067e-06,-3.51403968220866e-07,-5.12413060770407e-08,-2.51580056047939e-06,9.92273221711068e-10,3.27037395281551e-09,2.2817878984594e-09,2.70579934132835e-10,-6.11805447318355e-10,5.85838768737935e-09,9.64740294512575e-12,1.50584344623042e-09,5.01903879711022e-09,-1.35479983974561e-08,2.5454082102513e-06,-2.87197346385881e-06,-3.11178711550688e-06,2.57355506943859e-06,2.09757917320842e-06,-1.32232915313604e-06,-6.87099976242539e-06,-7.08741157711389e-07,3.28616643998538e-07,-6.47864223173461e-07,-2.12687642058616e-08,-0.000222998823625552,-1.87071171624545e-05,-5.79863141000817e-05,-1.01049494051739e-05,-2.26478445324421e-06,-7.15975413746518e-07,-3.13727121125132e-06
"north_west","beta35",1.39794633232691e-08,-5.11058394387775e-07,9.53156338940655e-08,-1.88465219357449e-08,1.48678601172699e-07,2.89304262367662e-09,1.8234200210221e-08,5.40477745501531e-08,-2.90249495654557e-08,-4.27205971909001e-09,2.52814942650331e-07,-4.25925046221494e-09,6.33726131930409e-08,-2.88958546224732e-08,1.31540571161079e-07,4.07887374450353e-07,6.16383621417104e-08,8.66694593452808e-08,5.59033276401239e-08,1.38979163672463e-07,6.18425426115189e-08,1.41450882373706e-07,1.34717662428844e-07,1.45106714627673e-07,1.45651669133092e-07,2.24924870743735e-07,-3.15054695032842e-08,1.15952361690637e-07,3.1065421004207e-07,2.03684206875129e-07,2.93462941136485e-07,-3.38357515433645e-07,1.00392700784412e-06,-1.2350016359037e-06,3.36780612205596e-08,-2.33070811980448e-08,6.59267685202099e-08,-1.23093225476062e-08,-5.77626219346315e-08,1.05755135991612e-07,7.71412439893015e-07,6.54558678155245e-07,6.26390214020062e-07,-1.9381028894324e-06,3.75998015091647e-06,2.40542612785448e-06,1.73899427136799e-05,-3.79586904707783e-06,7.20448029244496e-06,-6.48445290549453e-07,6.64907771960359e-07,-2.2264718162715e-06,-4.3105060249586e-06,-1.42383270012154e-06,5.72347658479785e-07,2.40257129170887e-08,3.03503474566914e-06,9.98578437376803e-09,1.36406218372579e-08,1.10673725593127e-08,8.59800178517576e-09,2.08404566947119e-08,8.7610528184684e-09,9.69612939027912e-09,6.07160940190705e-09,3.87485946650363e-09,2.79473375706291e-08,4.34824011586232e-07,-9.61921306822686e-06,6.72641680588228e-06,-5.07741703540298e-06,2.93579096779849e-06,-2.78182562577553e-06,4.47448265994941e-06,-3.45836682119976e-06,4.85261660152124e-06,-6.59153603792981e-07,9.41286545636923e-09,-9.66381482845376e-05,-7.7401013922049e-06,-6.32344585754322e-05,5.75703218503651e-05,-6.45552565268481e-07,-1.71661836178416e-06,-4.57172257285531e-06
"north_west","beta36",-1.81192061025881e-08,-2.35406664170983e-06,4.52714208171773e-07,-1.96402681831848e-08,-6.71474672157214e-08,7.5378715304875e-09,6.00898329778325e-08,2.31444436021381e-08,-1.58923366906899e-08,-5.83338070170046e-09,-4.50362208470703e-08,8.23099380595779e-08,3.71736831334767e-08,1.02794091473476e-07,4.10005889713907e-08,-2.69348221792102e-07,5.88936362450829e-08,1.05519257390365e-08,1.56828466207507e-07,-1.12005343499384e-07,1.05603234888002e-07,7.41332554926719e-08,5.04860705370256e-08,1.06199843178587e-07,3.92560065915887e-08,1.8897411457245e-07,7.94455761487051e-08,3.41070182212132e-08,1.32271979233484e-07,3.40862815849585e-07,-5.75360354199058e-08,8.54882551458442e-07,-1.2350016359037e-06,3.69640957869865e-06,-6.78280922780568e-08,1.24946885193838e-07,-1.5147932705563e-07,1.5330594350552e-07,-8.04164455693792e-08,-5.99796060071391e-08,3.87269361949996e-07,6.44562960530878e-08,1.76722332896261e-06,4.3379586915532e-06,-2.60939778007385e-07,-2.14288362773471e-06,-2.67669354225681e-05,1.39031863672877e-05,5.7138004094745e-06,-6.290714037626e-07,-3.87707948729726e-07,-4.84326922121258e-07,1.96985904644798e-06,-1.04307349975079e-06,-7.79402302546262e-07,1.06047062479683e-07,-3.92277867109455e-06,3.19444432456148e-10,1.1818917474551e-08,7.02705722442931e-09,4.63589138714112e-09,2.86882161353706e-09,6.52530652266656e-10,3.3582024990852e-09,3.77128879605545e-09,5.59679895574598e-09,-6.68964074958913e-09,6.80527627650754e-06,6.25570302752512e-06,-5.94166499929188e-06,4.50074431945673e-06,-7.59484266579843e-07,-9.40389389261153e-07,-6.56739889658604e-06,1.37318591158344e-07,-2.81645947113023e-07,1.80274269085215e-07,-1.12349728383603e-09,-0.000237373815235668,4.27517965937961e-06,-6.10371479751751e-05,-3.58891582172236e-05,-2.62380349485969e-06,1.09914000000622e-06,-3.79559540594912e-06
"north_west","beta4",-8.44457463962207e-08,6.85441291776868e-07,-2.87388395107811e-07,7.00137601579638e-08,7.94090921611653e-09,-2.57210386739005e-09,2.60425137396006e-08,-9.38636506514549e-09,7.7320214908042e-09,1.54303564494786e-08,-3.49219300191342e-09,3.6579539988355e-10,3.74243751357005e-11,4.81168325683644e-09,-4.2934882929834e-09,2.28283716165046e-07,-8.52691977371375e-09,1.94676098177333e-09,-3.68277902955748e-10,-1.59735384858407e-08,3.31693298392032e-09,-1.30700563679112e-08,7.63289694264177e-09,-1.04887322134806e-08,7.90350884129051e-09,-1.48333466082179e-08,-8.24409598150428e-08,-2.71866788591468e-09,4.54339222852869e-09,-2.38288471259596e-08,1.39860259248251e-08,-4.06666175139531e-08,3.36780612205596e-08,-6.78280922780568e-08,7.67900868652171e-08,-8.62367957473357e-08,6.35580860295192e-08,-2.60474970214004e-08,1.1432601409711e-08,6.84878146462705e-09,5.88222214942682e-08,2.38411425924526e-08,-9.96732922202905e-07,-8.7046238771697e-07,-6.46386484860373e-07,1.34367266546426e-06,9.42239285914178e-07,1.07402886483047e-06,-8.18907740572771e-08,2.63927569122366e-07,-7.53713730481619e-08,-2.30828694471995e-07,-4.29686869188225e-08,9.65508731552922e-09,7.67713749180518e-08,-6.17240432270473e-08,-3.25475992551904e-08,4.76342163158036e-10,1.44959640957087e-09,2.16717519417643e-09,8.17733257673559e-10,5.24614683428519e-10,-3.68206876233162e-10,4.6128555837451e-10,1.1444316079044e-09,1.34111722454212e-10,1.20706085842267e-09,-1.60344912229184e-07,2.02841144442704e-06,1.40809051747494e-07,-2.6261357712987e-07,-2.36404548628426e-08,4.177728430811e-07,-5.19336574649423e-07,6.31496121180277e-07,-4.23486723979384e-07,1.36057005513339e-07,1.4109955568276e-09,2.05142200127594e-05,-1.43245457236298e-06,4.48422289336599e-06,-1.04591477800871e-06,2.17252986522837e-07,1.48802357497424e-07,2.67996780363226e-08
"north_west","beta5",1.31747241217912e-07,-6.49797240174192e-07,2.0934914872778e-07,-1.91584874548432e-08,-4.65949066981859e-08,-7.23309585949928e-10,-1.51017277947888e-08,1.66293438808106e-08,4.68354834049385e-09,-1.97280002839383e-08,1.80350918795617e-08,4.98572797591514e-09,8.53509096844256e-09,5.16745496545344e-09,1.15238217729011e-08,-1.94330762625857e-07,1.38793147553345e-08,1.40749048321374e-08,-2.23356954875342e-08,5.5128820779802e-08,1.30792151006001e-08,1.97012611865999e-08,2.7599784949497e-08,2.68358997580669e-08,2.43738997588903e-08,3.86777153889587e-08,7.82434290284271e-08,3.74127981885059e-08,2.94415888876983e-08,6.80722097093275e-08,-2.90089878304455e-09,7.80959136548205e-08,-2.33070811980448e-08,1.24946885193838e-07,-8.62367957473357e-08,1.89846579446572e-07,-2.10761833103305e-07,1.02824632435378e-07,-7.1489983369294e-08,2.75404277036372e-08,3.8133014775878e-07,1.53848002752458e-07,4.51614048437749e-07,8.61822611895482e-07,4.66244002211743e-07,-1.23639090282808e-06,3.62512400233723e-07,-1.37683172183453e-06,1.7073922039865e-06,-7.02384938766771e-08,1.43469860266385e-07,-3.43774157542506e-07,-1.34526873197129e-06,-2.00400015741005e-07,-1.05761394862567e-07,3.21398882724585e-08,-7.01845916411738e-07,6.11195512206974e-10,2.78223930936638e-09,2.38449519561614e-09,1.22671806170429e-09,3.53220951260001e-09,1.89669480456816e-09,1.41723697453927e-09,1.80766526935402e-10,2.44466219765278e-09,2.88905000401595e-09,1.20341271466354e-06,-5.93130026295748e-07,-6.31882298801679e-07,-2.00519523233739e-07,4.73306577776451e-07,-7.35590991545577e-07,2.08528768782123e-06,-2.64047200176757e-07,2.98778271655273e-07,-1.41807434544137e-07,-2.57291316903092e-09,-2.59761072176304e-05,-3.2604918443783e-06,-1.14053478393301e-05,-2.12485321753069e-05,-2.19582267712095e-07,-1.14056508844911e-07,-7.44621600574599e-07
"north_west","beta6",-1.30102858182655e-07,-9.27193285149323e-08,-1.34119963760618e-07,-4.22000822283015e-08,4.33252290462806e-08,2.6641387094484e-08,-1.40169431465234e-08,-2.1373274233337e-10,7.0847389317908e-09,1.41532818003302e-08,1.60942682926146e-08,-5.13086126183757e-09,-1.71446555388601e-09,4.66790722566087e-09,1.18151683581677e-08,3.83223872141312e-07,-1.9445988406882e-08,-1.02401654456467e-08,2.92715900920363e-08,-6.63879068212765e-08,-4.52026274555921e-09,-1.47211152558072e-08,-1.65720443317254e-08,-2.39223500936791e-08,-2.62334603108688e-08,-2.70745482987881e-08,-6.19240156288722e-08,-3.12038468095623e-08,-7.84430889290266e-09,-5.36809867757088e-08,4.00680713191326e-08,-9.50349017172099e-08,6.59267685202099e-08,-1.5147932705563e-07,6.35580860295192e-08,-2.10761833103305e-07,4.37809841026411e-07,-2.96111647800539e-07,1.83997507875753e-07,-4.0591670430712e-08,8.19456073365528e-07,5.8206325372043e-07,1.3326432445465e-07,3.33676121450658e-07,6.28432007682046e-07,2.91928156414213e-06,-4.75089965745245e-07,7.46836268598913e-07,-2.34081818981964e-06,-5.76802686976279e-08,2.80644459611313e-08,-3.67519548877861e-07,3.42110752783165e-08,-6.27617979308912e-07,-6.51109745133975e-08,8.89817898253243e-08,7.38592967283267e-07,-2.97782632902463e-10,-7.2378593727698e-10,1.41186733827306e-09,-3.93009801275311e-12,-5.07453035685937e-09,-9.02218218063709e-10,-1.39725607543454e-09,1.50053526470219e-09,-2.01942405945693e-09,-4.42826811415982e-10,-6.74923575800676e-07,-2.42663737738122e-06,1.15781964319784e-06,1.99911269285209e-07,2.03394691539075e-07,9.51268813530613e-07,-8.98433380752463e-07,-9.3273150126594e-07,1.65953283388556e-07,2.93197446769132e-08,5.8234859393764e-09,2.974063258915e-05,1.51703964662823e-05,-8.79720086093392e-07,2.22382221980193e-05,3.54333908104469e-07,2.63333099304357e-07,-8.06339397606052e-08
"north_west","beta7",9.73007632560958e-08,2.76319072951418e-07,1.05908352091044e-07,1.93308117121692e-08,2.05226793003296e-08,-2.65354984519843e-08,5.27343502446651e-08,1.40515573929175e-08,-7.60914678110852e-09,3.23597782254298e-08,-3.81033957900282e-09,1.32334033544403e-08,9.19128050109049e-09,1.28399274891419e-08,-2.02538043123683e-09,-2.49010566090983e-07,3.46126427345327e-08,4.40170675503797e-09,8.268318234289e-09,5.24480906421475e-08,1.41890633093581e-08,3.3934014771244e-08,1.99451510937325e-08,3.45272526883171e-08,4.86170144794087e-08,4.89178507920043e-08,3.0604842672188e-08,3.35502454230401e-08,4.86064407595613e-08,5.3290978034888e-08,1.40271111828796e-10,6.618978892753e-08,-1.23093225476062e-08,1.5330594350552e-07,-2.60474970214004e-08,1.02824632435378e-07,-2.96111647800539e-07,3.47957305801098e-07,-3.036096289347e-07,8.32361411973985e-08,-7.09943532779186e-07,2.57763442963242e-07,1.23299972902093e-06,-2.74517497003896e-07,-1.01676433926549e-07,-2.33520103194487e-06,-1.78274143869585e-06,5.46153619718232e-06,2.5595877507084e-06,-3.01777161906121e-07,-1.98204364336273e-09,-7.4843512786447e-07,-7.1761406292559e-07,-3.03886477407255e-07,-9.33018029770358e-08,-3.38869964921502e-09,-1.0064418965124e-06,3.92284770945039e-09,4.0363521156946e-09,4.84159626284107e-10,3.10411054062707e-09,9.92931751332914e-09,1.87613615921933e-09,2.99434731943845e-09,1.31723833017938e-09,2.49984053074547e-09,5.14496057223195e-09,8.7198838208902e-07,-2.45599402539711e-07,4.0177997043046e-07,-6.93733294849076e-09,1.4691799100926e-06,-9.20666667320073e-07,-1.96048551482388e-07,-7.08419841671464e-07,7.97267346391183e-07,-3.12911199821575e-08,-3.90661178312263e-09,-3.70569173708926e-06,-1.02099470682289e-05,-1.2271858098145e-06,-8.58132964657308e-06,-9.40566046645054e-08,-2.5899373118877e-07,-4.77436633081776e-07
"north_west","beta8",-1.85435415109483e-07,-1.71777628609133e-06,-2.05662307719834e-07,8.7061484518413e-09,-2.51433751197261e-08,8.9153664788687e-08,-1.0416400897104e-07,6.10496928250852e-09,1.43422818219259e-08,-6.10264990631785e-08,-2.8717705634758e-09,5.06486074032212e-09,-5.99000459051752e-09,8.25927364141622e-09,4.00469664433028e-09,1.80390815745563e-07,-1.03861913360169e-08,1.31549087488832e-08,2.43186477511622e-08,-4.05363330224967e-08,-1.04033984587999e-08,1.62760783763646e-09,-1.84663505278334e-08,-2.14875855751473e-08,1.39706135039976e-08,-5.23899610808447e-08,-1.35942589345733e-08,1.39107582254111e-08,-7.26285681964404e-08,-4.56155076872681e-08,-5.06429807136302e-08,-6.32280637453293e-09,-5.77626219346315e-08,-8.04164455693792e-08,1.1432601409711e-08,-7.1489983369294e-08,1.83997507875753e-07,-3.036096289347e-07,4.85083519625448e-07,-2.67590327852933e-07,-9.21744706733293e-07,3.69381036918378e-07,-2.10586589729004e-06,6.26947428717689e-07,-2.83114353290848e-07,2.15750871638053e-06,7.17339335991732e-07,-4.68827674628838e-06,-6.17747761004066e-06,5.7613557784112e-07,-2.90672291482601e-07,6.63570482126831e-07,1.60948239704908e-06,1.06607216060255e-06,-1.35754011321266e-07,-1.88737437108741e-08,5.8684268661932e-07,-6.37436254751938e-09,-8.46895890030309e-09,-3.33143658481668e-09,-3.82034368250979e-09,-9.35143888158699e-09,-3.60696556136086e-09,-4.99632958088149e-09,-4.93906893687567e-09,-3.5480737335261e-09,-9.04751653417914e-09,-1.53813276747216e-06,2.25011908665976e-06,-2.36472729468762e-06,1.98324700773354e-06,7.46704251063925e-08,8.70052428157719e-08,-8.08352147823761e-07,1.66582717279761e-06,-1.30415594921984e-06,9.61620937371772e-08,2.01915126712243e-09,-5.86072840692216e-05,6.36939390396707e-06,1.85742886556333e-05,1.56811750254994e-07,-6.74516663005371e-07,2.46974419638372e-08,1.60146360914738e-06
"north_west","beta9",3.15830480741363e-08,1.63420318169239e-06,-7.12924592868842e-08,-1.47661805493175e-08,7.01356423991006e-08,-1.56977751991391e-07,1.66336978657635e-07,-1.6077288147799e-08,1.47678837318271e-10,5.20522398681678e-08,7.52559273908393e-09,-5.67250531777769e-09,8.44716856971437e-09,-3.43878781911906e-09,1.64490127037553e-08,-1.25131510801275e-08,-9.11560990106192e-09,-3.79729304006057e-09,-2.00779896665912e-08,2.6757434764559e-08,7.41502113569843e-09,1.42170821764171e-09,2.69716084185018e-08,1.5381724933897e-08,-1.34491956515961e-08,5.09422844678549e-08,-7.76313731497088e-09,-5.84649230589869e-09,7.18105308298184e-08,1.64375437871674e-08,5.92099503043506e-08,-5.1910388021829e-08,1.05755135991612e-07,-5.99796060071391e-08,6.84878146462705e-09,2.75404277036372e-08,-4.0591670430712e-08,8.32361411973985e-08,-2.67590327852933e-07,3.2347805500432e-07,1.95028489846805e-06,1.96653585392071e-08,1.82598646388906e-08,-7.6821415713006e-07,3.04553536080108e-07,2.02620371081081e-06,3.02748037688391e-06,-3.13593492450896e-06,6.37235801404161e-06,-1.41933874355051e-07,3.09918451413309e-07,-9.69090489740657e-07,-1.79239103800617e-06,-1.35031393381464e-06,3.6406911245343e-08,3.97690511248623e-08,3.33186599157184e-07,4.72027314206831e-09,8.13682931519834e-09,7.30215522664872e-09,3.19531384688167e-09,3.72431503427819e-09,3.38139482712149e-09,3.66018774595683e-09,5.11239637372509e-09,3.33581887296795e-09,1.03559259840574e-08,5.67146756165119e-07,-2.43738261141611e-07,1.93363422456414e-06,-2.5529450190148e-06,3.61086035608641e-07,-2.29043829360277e-07,1.0498642084786e-06,-1.722298489901e-06,1.40520650786905e-06,-1.16287320909643e-07,2.09706843510317e-09,5.73067675677177e-05,-2.27967663020924e-06,-1.14285772700702e-05,1.922513252367e-05,6.86676090934947e-07,1.84165751130063e-07,-1.42130084284648e-06
"north_west","mu_D",-5.24669265971104e-07,4.50264071891389e-05,4.51294311568109e-06,-1.02376575054225e-07,4.12192102169957e-06,-6.594454757271e-07,1.57785453510447e-06,-9.17575484387633e-07,1.21034044840947e-06,-9.84943271257304e-07,1.46046757229335e-06,-3.21880216362374e-07,-2.00585073336503e-07,-1.34890964450249e-07,5.00938679062988e-07,8.56465364563043e-07,-1.27839813281263e-06,1.30204137949883e-07,-1.11143244916618e-06,-5.65615142125519e-07,-1.50762279238709e-07,-7.6447428604185e-07,5.46747162793854e-07,-9.51456779481452e-07,-1.18447570173157e-06,9.46556386240533e-07,-5.01763598019321e-07,-1.16535123432232e-06,2.70204886260993e-07,4.71197798462723e-07,8.31674939790856e-07,-9.28756377109032e-07,7.71412439893015e-07,3.87269361949996e-07,5.88222214942682e-08,3.8133014775878e-07,8.19456073365528e-07,-7.09943532779186e-07,-9.21744706733293e-07,1.95028489846805e-06,0.00028554553760712,7.22123764819969e-05,6.35257784025847e-05,9.24018639680268e-05,9.33331321273629e-05,-2.53733932222557e-05,0.000154545537674443,4.74241751461887e-06,5.62416569828052e-05,-1.64260303623348e-05,1.14415964623034e-05,-1.20571994133204e-05,-6.23131162185521e-05,-0.000116182571548749,-3.18029002250096e-06,5.58430370878331e-06,-4.92121547890593e-05,6.21296653082513e-08,6.2776763470493e-08,1.01437841989214e-07,5.96883256937661e-08,-6.69695068248074e-08,-9.76439130550742e-09,4.66259084582611e-08,1.04750298294409e-07,2.04843214381806e-08,1.73402308142331e-07,6.72505679542217e-05,-4.4850924696333e-06,-3.71402865267251e-05,-2.25035264976048e-05,-8.20609425672265e-05,7.38877008156772e-05,6.25370604807063e-05,-1.6739382662341e-06,-2.92734626490543e-05,-9.32389901052127e-07,2.24252733927512e-07,0.00214218263105826,0.000224997627734415,-0.000231046399913069,0.00134537400798489,2.58472151779463e-05,1.02659818105056e-05,-2.88947265111401e-05
"north_west","mu_D_2",-1.07133322080667e-06,-1.48880495850455e-05,7.22020181770298e-06,2.78205366767318e-06,1.88099448998512e-06,-1.21342153701147e-07,1.29325957207016e-06,8.85100995094285e-08,5.16277809821901e-07,6.83062822159243e-08,5.35498551297237e-07,2.58800068170188e-07,-4.48275510692737e-08,5.43783303110655e-07,4.31883767821791e-07,1.17079706077236e-06,4.22915660661041e-08,3.13929829921329e-07,2.45305046067699e-07,-3.35445040933243e-07,4.86189478332104e-07,4.23224501880373e-07,1.86528727163717e-07,2.88263605196285e-07,-2.559522513803e-07,1.95670643021347e-06,-4.76225769240336e-08,-2.70285236606404e-07,5.27409295336487e-07,1.36694092363272e-06,4.27407820024804e-07,3.12150613606655e-07,6.54558678155245e-07,6.44562960530878e-08,2.38411425924526e-08,1.53848002752458e-07,5.8206325372043e-07,2.57763442963242e-07,3.69381036918378e-07,1.96653585392071e-08,7.22123764819969e-05,0.000209454085666381,7.69116303181401e-05,0.000150841021038387,9.84181052440272e-05,0.000169289385520374,1.51030148526251e-05,-5.56357387139049e-05,1.18498924405179e-05,-2.65101587822266e-05,1.19259102187795e-05,-2.63346937026398e-05,1.93609110619626e-05,-0.000132969663937068,-1.65401033623857e-05,3.96151885307672e-06,-5.70936086384751e-05,-6.66071090090426e-08,-4.00064639976227e-08,1.18541250009001e-08,-3.93298545553165e-08,4.77509908037169e-08,5.28782329868805e-09,-1.03087438449046e-08,-1.02501884355706e-08,-8.80839379002356e-10,-2.52645813621212e-08,-1.00287213414322e-05,-0.000119145400981346,-3.46924022103496e-05,3.64392014067201e-05,6.55376423971611e-05,-3.24101507808915e-05,-3.20242490373014e-05,-5.23539645815968e-05,3.13243820142374e-05,-7.31576179643959e-06,-1.66537403576191e-08,0.000543471051414626,7.08686790568897e-05,-0.000214242826551381,0.000252431518457832,1.97157230236623e-06,-3.72733643174944e-06,-1.72239499292925e-05
"north_west","mu_D_3",1.40557817725507e-05,7.02833058167388e-05,2.10099123845913e-05,-8.67973066939499e-07,4.22155122464575e-06,1.11875453304133e-06,-1.29761282088066e-06,-8.03722898040534e-08,-2.58909833457628e-07,-6.33142971687877e-07,3.53099965657556e-06,-1.77332202015233e-07,3.3510500276487e-07,-1.29422255110488e-06,2.48731110459965e-06,-3.85280866136158e-06,-4.87785643480578e-07,1.09161818240849e-06,8.10130989305502e-07,1.90959079094199e-06,-2.66354444710338e-07,2.34322440593409e-06,-8.79206582182871e-07,2.15537002053752e-06,-2.5725896277636e-07,2.91772870599158e-06,1.17653153440509e-06,-3.32835380821047e-07,1.6697480304519e-06,3.9715333699205e-06,-3.36871525228055e-07,4.12300287365421e-06,6.26390214020062e-07,1.76722332896261e-06,-9.96732922202905e-07,4.51614048437749e-07,1.3326432445465e-07,1.23299972902093e-06,-2.10586589729004e-06,1.82598646388906e-08,6.35257784025847e-05,7.69116303181401e-05,0.000926189834172069,0.000406220861191117,0.00028971687502102,-0.000583582780284421,6.97458199526112e-05,-0.000309092491691626,-4.47372988903421e-05,-7.26445941527936e-05,7.65217837581194e-05,1.1609896360686e-05,9.64106337909723e-05,-0.000157909541269929,-1.40136097598784e-05,6.03776509101273e-06,2.92407303961977e-05,8.18643304558154e-08,-8.27425641478439e-08,-1.21737200167046e-07,-9.95977618537942e-08,-2.17624245801198e-08,9.69663475720217e-08,6.66026868333509e-08,7.22966402394978e-09,5.37418684354129e-08,-4.58164652043557e-07,5.16585383548366e-05,-0.00167091330398427,0.000408462820241291,4.42528468336773e-05,8.32923751690471e-07,-1.86837866387918e-05,-0.00010493003413773,-5.6853767346263e-05,4.81345656382651e-05,-2.71485694884097e-05,-2.57609572171556e-07,-4.50045966825579e-05,-0.000139181562031363,-0.000475717368094842,0.00159204101253265,-4.53031770834669e-06,-3.96846283323638e-05,-2.67959236826514e-05
"north_west","mu_D_4",1.34021271261728e-06,-2.61862675635696e-05,1.70988743504114e-05,1.0475366157991e-06,2.75033944108117e-06,4.17050822243557e-07,2.02786233687568e-07,2.13609318126322e-07,-4.44392633883178e-07,-1.74674910874755e-07,2.62673031216101e-06,6.91518705289868e-08,3.77214253524803e-07,-7.18341097481332e-07,1.60263504778548e-06,-4.6232697182416e-06,4.94284120535843e-07,3.86919447390541e-07,2.27293526206317e-06,-1.13218738275708e-06,1.03563081100394e-06,1.33160547571937e-06,-7.87627267922469e-08,1.27066152590244e-06,-3.3531492056552e-07,2.85500004890563e-06,1.07667309325753e-06,2.25362757251313e-07,1.47028797805e-07,4.24511874407332e-06,-8.5590134970996e-07,4.94229210183528e-06,-1.9381028894324e-06,4.3379586915532e-06,-8.7046238771697e-07,8.61822611895482e-07,3.33676121450658e-07,-2.74517497003896e-07,6.26947428717689e-07,-7.6821415713006e-07,9.24018639680268e-05,0.000150841021038387,0.000406220861191117,0.00056322370558921,0.000247866402146787,-0.000129652479182836,-0.0002647783047377,-0.000187109950616545,-0.000139145451181902,-3.80354868532735e-05,5.0350020502751e-05,9.11876164561602e-06,0.000136737414135302,-0.000162625133729183,-1.9758334491856e-05,3.17514270186348e-06,-6.08638743229689e-05,-7.06372739145309e-08,-9.88008513449094e-08,-2.48651660109888e-07,-1.36806034698448e-07,-3.22613084544401e-07,5.6568587144958e-08,-1.0792375859554e-07,-9.80715540905545e-09,3.13034755004215e-08,-3.78947340025419e-07,3.23556478336276e-05,-0.000743394680785366,-0.000191424941393255,0.000198508305159262,2.07372842050795e-05,-3.80516421642558e-05,-0.000134186998218383,-3.24289906950525e-05,2.47086563366029e-05,-2.19801540460663e-05,-3.69501085450511e-07,-0.00078030546652084,-0.000143746892699742,-0.000460586720631054,0.000762592761095391,-1.51146587210288e-05,-2.98308920293288e-05,-1.540053742912e-05
"north_west","mu_D_5",4.21333777577462e-06,2.36789662106794e-05,1.70462436065069e-05,-2.45523761922825e-06,2.8052306827496e-06,9.0898043431177e-07,-3.18056008649407e-07,-6.96739023081982e-08,3.66336062997485e-07,-7.11538386704509e-07,4.17678475766179e-06,-6.20125922915279e-07,2.62842028486878e-07,-1.48918854047735e-06,1.5176890126609e-06,1.69476145888442e-06,-8.10243655902352e-08,9.25488130201293e-08,5.20379617205617e-07,-7.27543707490107e-07,1.20236311210763e-06,7.16334790384017e-10,1.27076371974223e-06,-3.96788398016789e-07,-1.15022996772419e-06,3.83902107488314e-06,6.16828352793928e-07,-1.25311552719453e-06,1.97736143936204e-06,3.1227417940863e-06,1.94590468512314e-06,1.34849380924535e-06,3.75998015091647e-06,-2.60939778007385e-07,-6.46386484860373e-07,4.66244002211743e-07,6.28432007682046e-07,-1.01676433926549e-07,-2.83114353290848e-07,3.04553536080108e-07,9.33331321273629e-05,9.84181052440272e-05,0.00028971687502102,0.000247866402146787,0.000687128902418158,1.76492474869674e-07,7.29321266064487e-05,-4.5645794990903e-05,0.000150246173892817,-4.4126535988614e-05,4.95392036264803e-05,-1.16416824695739e-05,-6.52304811604419e-05,-0.00012961592964439,-7.68203363048684e-06,6.09967644869704e-06,-2.4734015746057e-05,6.36136293713895e-08,1.02410343303694e-07,-7.55152100391299e-08,-6.4942321252186e-08,-7.26373113824443e-08,1.13967343263359e-07,3.19607880678672e-08,7.15687772188279e-08,5.40869749645889e-08,1.14035686866296e-07,2.29288903290149e-05,-0.000577200171346061,3.54614776041017e-05,-0.000353118280393417,4.20560844040768e-05,-2.34671570653323e-05,1.84229506169203e-05,-9.75757945205492e-05,4.33110345366426e-05,1.12266960096415e-06,1.24331752870489e-07,0.00161295929887031,-0.000126936190111424,-0.00114263438623716,0.000972691825286424,1.51882520886501e-05,-2.38835825643009e-05,-6.27758487790335e-05
"north_west","mu_gamma_H",-1.3080348107528e-05,3.60089808489735e-05,-1.82850042925262e-05,6.59061007971048e-06,-6.63221839233237e-06,-1.48764135648311e-06,3.94348797002527e-06,1.73502054424595e-07,2.56580270865933e-06,-1.56947166736646e-06,-1.01122043410888e-06,2.39939106326714e-07,-1.7118030799045e-08,1.256646859519e-06,-1.50333178391228e-06,1.81484271623191e-06,9.66135390523693e-07,-4.00689094470503e-07,-2.01188668065724e-06,9.87649571151248e-07,2.7652486788457e-07,-4.16852563888223e-07,1.202059538348e-06,-6.91590982973103e-07,2.07770178814428e-06,-3.88366827288191e-07,-1.0413631906579e-06,1.35904831634684e-06,8.81974685800058e-07,-1.86129077204988e-06,6.55832285572818e-07,-3.98849396173382e-06,2.40542612785448e-06,-2.14288362773471e-06,1.34367266546426e-06,-1.23639090282808e-06,2.91928156414213e-06,-2.33520103194487e-06,2.15750871638053e-06,2.02620371081081e-06,-2.53733932222557e-05,0.000169289385520374,-0.000583582780284421,-0.000129652479182836,1.76492474869674e-07,0.00193509786998069,-0.000301157897505532,9.06697670092103e-05,-2.79625636488802e-05,3.96758260422947e-05,-1.51963732411998e-05,-5.7686418640456e-05,-0.000107393807466646,1.23483880940382e-05,-7.05403949519868e-06,3.16379308430957e-07,-1.62439259742371e-05,-6.234722627364e-08,6.07525715062212e-08,2.01757931834173e-07,6.1565474358511e-08,6.71482058503974e-07,6.74851446209116e-08,3.63593895913789e-08,1.17539653905766e-07,2.64255347840254e-08,7.25710977283211e-07,-9.05627637679449e-05,0.00071370567886318,-0.000247832484678757,-0.00010632522221701,9.43137508293812e-05,-7.42560948777602e-05,0.000137487632796086,-4.28590376404146e-05,2.65925018809284e-05,1.44268384027929e-05,2.86873789107345e-07,0.00285616743144717,0.000513998229398525,0.000613547507188721,-0.00343774761078672,2.93280354440792e-05,2.20925736356399e-05,-5.78898049066789e-06
"north_west","mu_gamma_H_2",1.93630332915693e-05,-3.29264005991126e-05,-1.28976887374036e-05,8.71472292457301e-07,-4.63319021569708e-06,2.92161772472463e-07,1.80261173701392e-07,8.08628237584801e-07,-7.72648937808319e-07,-1.39241767917059e-06,1.09771691808014e-05,-1.86845880898227e-06,1.36742541677851e-06,-1.36450533419149e-06,3.93680604896545e-06,1.91149993741102e-05,-2.22784561738076e-06,1.76029516355686e-06,-2.07451154703255e-06,5.57579685888645e-06,3.19948045458475e-09,-2.81846914027152e-08,4.07737953126579e-06,2.61461377355654e-07,2.33927857445786e-06,3.1585717901515e-06,-1.11009979515988e-06,-1.07241823949699e-07,7.18137248462229e-06,-4.23092784031557e-06,8.28301503587805e-06,-1.32617063533106e-05,1.73899427136799e-05,-2.67669354225681e-05,9.42239285914178e-07,3.62512400233723e-07,-4.75089965745245e-07,-1.78274143869585e-06,7.17339335991732e-07,3.02748037688391e-06,0.000154545537674443,1.51030148526251e-05,6.97458199526112e-05,-0.0002647783047377,7.29321266064487e-05,-0.000301157897505532,0.00300181445794204,-0.00157139619582919,-5.04546612887327e-05,-7.49531750614887e-05,2.38450529153976e-05,-4.74057214668772e-05,-6.05023942389157e-05,-6.60979875425316e-05,2.57594483844251e-05,-3.71919283481483e-06,0.000222760532215167,2.63191419986934e-07,2.62006132239389e-07,2.90311646369106e-07,1.26623657056618e-07,1.09090017777513e-06,9.23048299270691e-08,4.48247541561316e-07,2.0770523632888e-07,-3.43199660242858e-08,8.25337384792664e-07,-0.000256221082540133,-0.000412384340975016,0.00046421929930503,-0.000266537063098466,-4.78086157528244e-05,-3.9604802198595e-05,0.000224907428907336,-9.56073609119196e-05,0.000232306456288832,-2.34508464438346e-05,1.04673256242135e-06,0.00148417653617325,0.00059043036747116,-0.000648939783768798,-0.00127296442112938,3.44467583362769e-05,-4.03590642732855e-06,-8.66950121669675e-05
"north_west","mu_gamma_H_3",-1.523191853226e-05,-6.74291544472611e-05,-2.97370864367533e-06,-5.61965842460328e-06,5.7777358084608e-06,3.82610168812311e-06,-6.15608026694218e-07,-1.75680268730644e-06,2.22266143311248e-06,1.70913964440198e-06,-4.86962085757033e-06,8.26968303397328e-07,-2.43747406398492e-06,-1.05321170831428e-07,-5.48770459473099e-06,1.92193334096842e-05,1.3595069666164e-06,-2.59578307204457e-06,-1.76555726029942e-06,-3.18700300041301e-06,-3.49472339179104e-06,-1.68250575173904e-07,-4.28668705107039e-06,-2.92681706871028e-06,-2.40187388915394e-06,-6.28186594104486e-06,-2.27168089457741e-06,-9.88478108737672e-07,-4.8772068469118e-06,-3.25842072447594e-06,-2.16673730219523e-06,-2.72902120928123e-06,-3.79586904707783e-06,1.39031863672877e-05,1.07402886483047e-06,-1.37683172183453e-06,7.46836268598913e-07,5.46153619718232e-06,-4.68827674628838e-06,-3.13593492450896e-06,4.74241751461887e-06,-5.56357387139049e-05,-0.000309092491691626,-0.000187109950616545,-4.5645794990903e-05,9.06697670092103e-05,-0.00157139619582919,0.00320100879748251,0.000621928036966478,6.81351086636034e-05,-3.30296744368649e-05,-4.44672335794153e-05,-0.000263251090406799,8.85778202515576e-05,-3.39037827778488e-06,1.30441980521321e-05,-9.72070089757598e-05,2.23495513304108e-07,2.41234292424794e-07,4.24694295643866e-07,1.95496433615653e-07,-7.00827181352469e-07,-7.86249091548913e-08,-6.85738391487791e-08,2.02906061002222e-07,-3.10769393596941e-08,2.25339841755268e-07,0.000443049631044994,0.000625440542582957,-0.000107268100423839,3.54030548196823e-06,-4.85490350443346e-05,8.6427509583855e-05,0.00015348897484332,6.38726051074344e-05,-9.60625784324464e-05,4.16458601652283e-05,-1.79878339494359e-07,0.0069531549698129,0.000128127929301543,0.000329086006134963,0.00219814184193258,8.55764575144936e-05,2.21797031554998e-05,2.50923157946301e-05
"north_west","mu_gamma_H_4",-6.14802507913388e-06,4.00581465469139e-05,9.92192535405558e-06,-5.54310018120668e-06,8.34061811203866e-06,-2.65430454656961e-06,3.40304609813673e-06,1.47346148645676e-06,-2.35973961739711e-06,3.53120309424871e-06,1.87752743554323e-07,-6.65748570174254e-08,-2.602907285606e-07,-2.03199418542644e-06,2.90224238162236e-06,-2.17891898048835e-06,-1.0943345582878e-06,1.30249462072086e-06,-1.19846862489779e-06,2.38481701648203e-06,-1.60360288563052e-06,2.58897405754594e-06,2.00561880867457e-06,9.60901039637283e-07,-7.06299176989e-07,3.60555788894649e-06,4.87544063114189e-07,2.70591519743448e-07,5.07430769440103e-06,3.01104832815915e-06,4.48369720251147e-06,-2.95647754506611e-06,7.20448029244496e-06,5.7138004094745e-06,-8.18907740572771e-08,1.7073922039865e-06,-2.34081818981964e-06,2.5595877507084e-06,-6.17747761004066e-06,6.37235801404161e-06,5.62416569828052e-05,1.18498924405179e-05,-4.47372988903421e-05,-0.000139145451181902,0.000150246173892817,-2.79625636488802e-05,-5.04546612887327e-05,0.000621928036966478,0.00130441804286939,6.00450981706758e-06,1.84151745807249e-05,-5.72568750748243e-05,-0.000230717808096238,-4.19906079735071e-05,4.94311894535835e-06,6.71538574320804e-06,-1.80099641904042e-06,1.14138240013033e-07,4.91761454228676e-07,2.43717466698835e-07,1.43377949678194e-07,1.46305257528516e-07,2.14472806519681e-07,2.79653694345724e-07,1.82668467265748e-07,1.87094028824145e-07,5.53574479461615e-07,0.00020585485608506,5.23761227241494e-05,0.000226917968581809,-0.000267839455089912,6.26995943096454e-05,-0.000133654677231448,0.000205983896779111,-0.000113175791176789,0.000168173316577719,-2.27590305177608e-07,4.5830023320162e-07,0.00256414167369552,0.000126720739292195,-0.00156975848219697,0.00312065866441295,3.68873495514222e-05,-2.2163154336595e-05,-0.000110785041470852
"north_west","p_G_D",-5.88685643886678e-07,-4.74299193971463e-05,-3.75404984540921e-06,-3.19605351561034e-07,-9.68769941047446e-07,7.1195870173066e-08,-3.55078055074802e-07,4.86930731527624e-07,-2.59476610589592e-07,3.86441095540807e-07,-7.45677908316892e-07,1.16074270195635e-07,-1.19414699778767e-07,4.2568202726548e-07,-6.49600634341459e-07,3.19104294334232e-07,1.65219215087582e-07,-3.12892417693702e-07,-3.44934613876228e-07,-2.78633158366494e-07,1.88011246989781e-07,-6.58253600793267e-07,1.25668502526533e-08,-2.56099732569847e-07,1.59929655822666e-07,-1.02517883045666e-06,-2.81124060903488e-07,4.34615030116057e-07,-9.04193267070013e-07,-1.03696306154015e-06,-3.39963940142194e-07,-1.15136641170981e-06,-6.48445290549453e-07,-6.290714037626e-07,2.63927569122366e-07,-7.02384938766771e-08,-5.76802686976279e-08,-3.01777161906121e-07,5.7613557784112e-07,-1.41933874355051e-07,-1.64260303623348e-05,-2.65101587822266e-05,-7.26445941527936e-05,-3.80354868532735e-05,-4.4126535988614e-05,3.96758260422947e-05,-7.49531750614887e-05,6.81351086636034e-05,6.00450981706758e-06,6.70431289042146e-05,-5.81713316897635e-06,4.50526540264702e-07,-4.52426843418929e-05,4.10078241416391e-05,1.62194427651299e-06,-9.63041700771034e-07,-1.93004692351653e-05,1.47180346907987e-08,-1.30805184013946e-08,3.93371935741104e-08,9.79335737074344e-09,2.77054075507901e-08,-2.62209017555554e-08,-3.69446245611253e-08,5.55712220967807e-09,3.68182249535935e-09,-4.66127346619903e-09,3.1691176569604e-05,0.000123654890875726,-4.17885277769279e-05,1.44112495363565e-05,-8.99211154261448e-06,1.9539810886727e-05,5.41589564086773e-05,2.00247269225725e-05,-2.62716548666825e-05,7.74466273819947e-06,9.56341502193965e-08,6.3462849343747e-05,4.9698469151813e-05,0.000265801152766512,-0.000442459104863427,6.133112548752e-07,1.03558966171301e-05,1.59303124982562e-05
"north_west","p_G_D_2",1.5405487434e-06,1.52265576661143e-05,5.51433908227888e-07,-1.96778855276293e-07,2.23000185887605e-07,1.21099506447952e-08,-9.43389433448762e-08,1.64533031114754e-07,-9.03616365259939e-08,2.08437127645792e-07,3.67066187999177e-07,-1.10454422777171e-07,3.28877929398892e-08,-2.29382729571239e-07,2.01427058286726e-07,-4.07249932074194e-07,-4.59662731506631e-08,6.44109239586633e-09,3.41247902201453e-08,1.01211690713518e-07,-3.63105005798714e-08,1.07399334286192e-07,1.38085010606574e-07,-1.67496250946622e-08,-4.97095010255834e-08,2.59471792606386e-07,9.9446287785635e-08,-7.006979371769e-09,2.95201176040471e-07,3.3424639011127e-07,2.28082739022565e-07,-1.10129553147027e-08,6.64907771960359e-07,-3.87707948729726e-07,-7.53713730481619e-08,1.43469860266385e-07,2.80644459611313e-08,-1.98204364336273e-09,-2.90672291482601e-07,3.09918451413309e-07,1.14415964623034e-05,1.19259102187795e-05,7.65217837581194e-05,5.0350020502751e-05,4.95392036264803e-05,-1.51963732411998e-05,2.38450529153976e-05,-3.30296744368649e-05,1.84151745807249e-05,-5.81713316897635e-06,1.56771357270292e-05,-5.0315572525009e-06,-1.99020168513253e-06,-7.30767278338738e-06,9.2263706605031e-07,8.91133706506748e-07,4.54717728367034e-06,2.60915459700317e-08,1.70194838406853e-08,9.50403370312616e-09,-8.25297690139447e-09,1.17245115882695e-08,1.49551992883126e-08,1.32966982015707e-08,1.47034431155404e-08,1.1045942981866e-08,2.88732216178251e-09,2.44860274780523e-06,-0.000185457486246122,2.41941795636234e-05,-9.083301337177e-06,9.84231988753616e-06,-6.3424987470321e-06,-4.08915395567069e-07,-1.36941487334571e-05,6.45346773251077e-06,-1.9710757471561e-06,-3.76455934804308e-09,0.000460377555886568,3.86127035709092e-05,-8.60091913222125e-05,6.42230197650832e-05,4.7325862571719e-06,-3.23904923596797e-06,-7.82247964619406e-06
"north_west","p_H",8.64276076742911e-07,6.32434939867228e-06,4.83456303430649e-06,1.16154511261097e-06,-9.66624572944629e-07,-1.71541430773791e-07,-9.67602767182663e-07,-9.89995723414187e-07,-3.64900729380158e-07,-8.29691785491014e-07,-4.5933687437121e-07,-4.15004370711496e-07,-5.54224903600827e-07,-7.38248871210432e-07,-8.13936474467198e-07,-1.15103492155341e-06,-6.99857784873672e-07,-4.04038106816446e-07,-9.68117752570195e-07,-3.77542106467552e-07,-9.49282667822525e-07,-9.76452501501616e-07,-1.33449854550989e-06,-9.86319657789336e-07,-2.02613620568964e-06,-1.15205544425083e-06,-6.30824752964852e-08,-1.68219956193182e-06,-2.12188534865438e-06,-1.24529505030044e-06,-1.26594867468717e-06,-1.87160749726868e-07,-2.2264718162715e-06,-4.84326922121258e-07,-2.30828694471995e-07,-3.43774157542506e-07,-3.67519548877861e-07,-7.4843512786447e-07,6.63570482126831e-07,-9.69090489740657e-07,-1.20571994133204e-05,-2.63346937026398e-05,1.1609896360686e-05,9.11876164561602e-06,-1.16416824695739e-05,-5.7686418640456e-05,-4.74057214668772e-05,-4.44672335794153e-05,-5.72568750748243e-05,4.50526540264702e-07,-5.0315572525009e-06,7.09897606003523e-05,9.26040124420448e-05,2.0005632100314e-06,-1.43324440567709e-06,-4.84934939403538e-06,-1.4979825167359e-06,-1.08682608997053e-07,-1.95528885686415e-07,-2.03566756244479e-07,-1.32294307831233e-07,-2.00857879389698e-07,-6.01866643148827e-08,-9.45952431434947e-08,-9.18534778296433e-08,-7.62268510675343e-08,-2.75260743940882e-07,-2.36517200769909e-05,3.50390083948806e-05,-1.44219471983642e-05,1.17012401014386e-05,-0.000107226409097104,1.34567700621583e-05,-3.28382403303587e-05,5.18723412676877e-05,-2.07185920969687e-05,1.88292354543615e-06,-1.71325497940359e-07,5.9429662527016e-05,-2.57235803742973e-05,0.000136578569545266,8.00324128825397e-05,-3.95380453880004e-06,1.03233171182974e-06,3.18910123881028e-05
"north_west","p_H_2",8.35693560168467e-06,4.79984391492905e-05,7.3010274085373e-06,6.84980020085852e-06,-2.38457870605496e-06,-2.48840497419949e-07,3.84996906937568e-07,-2.64813910154575e-06,4.18368478228324e-07,-3.27595387020189e-06,2.28031823253619e-06,-1.69553507213503e-07,-3.68545962505835e-07,-1.12411072131306e-06,2.00189317042228e-08,-3.0690151965417e-06,-1.90499665285865e-07,-1.28401293917992e-07,2.70488915465646e-06,-8.7472909538686e-07,-1.25425670565417e-06,7.20388215820543e-07,-1.46519612276908e-06,-3.86954671972617e-08,-4.45168976017552e-07,-1.15839490860781e-06,-2.55229112762815e-08,-2.87572597385282e-06,-2.40305991645903e-06,7.11403215993597e-07,-2.61666157672813e-06,3.24530503615045e-06,-4.3105060249586e-06,1.96985904644798e-06,-4.29686869188225e-08,-1.34526873197129e-06,3.42110752783165e-08,-7.1761406292559e-07,1.60948239704908e-06,-1.79239103800617e-06,-6.23131162185521e-05,1.93609110619626e-05,9.64106337909723e-05,0.000136737414135302,-6.52304811604419e-05,-0.000107393807466646,-6.05023942389157e-05,-0.000263251090406799,-0.000230717808096238,-4.52426843418929e-05,-1.99020168513253e-06,9.26040124420448e-05,0.000932451865330653,-4.61355230576477e-05,-8.97192038221127e-06,-4.03527532821981e-06,1.14795625031527e-05,-3.22112713779168e-07,-4.07382075888672e-07,-4.89909177279766e-07,-3.65987964893531e-07,-5.930971352511e-07,-7.86170929412972e-08,-1.07756169314294e-07,-3.11375998168143e-07,-1.53772054494429e-07,-3.9586511409008e-07,-4.29900592221626e-05,-0.000100392441879383,-7.50758942423803e-05,0.000148802133578345,-6.56642245792325e-05,-0.000115253148955721,-0.000896379588315048,5.15359350909597e-05,2.74065121391286e-05,-3.66861117142443e-05,-2.76068583842125e-07,-0.00130627563596442,-0.000349643353900719,0.000554531103364872,-0.000606294441938248,-2.6333694624052e-05,-2.97125166360556e-05,5.79432172145737e-05
"north_west","p_H_D",9.52786376655662e-07,1.54916889336765e-05,-1.34159684071781e-05,-1.74652121846801e-06,-2.45808733584259e-06,2.57817984379943e-07,-1.73753183168992e-06,7.56195582458077e-07,-6.83066379578168e-07,3.73051934291985e-07,-2.34831275130891e-06,-1.0167909678541e-07,-4.45694335470687e-07,-6.12445734376345e-08,-1.50467794120273e-06,-8.43250125762228e-07,3.23426691291996e-07,-6.47444995108315e-07,-6.92166821895526e-07,-6.09917700323803e-08,-3.51492691644816e-07,-1.29955287704771e-06,-6.29138442540127e-07,-6.22136906621689e-07,1.27818829107129e-07,-3.45401186140883e-06,-2.54389788280271e-08,3.87593599223986e-07,-1.91186818238181e-06,-2.56872851711017e-06,-1.27048377756295e-06,-1.09530575081067e-06,-1.42383270012154e-06,-1.04307349975079e-06,9.65508731552922e-09,-2.00400015741005e-07,-6.27617979308912e-07,-3.03886477407255e-07,1.06607216060255e-06,-1.35031393381464e-06,-0.000116182571548749,-0.000132969663937068,-0.000157909541269929,-0.000162625133729183,-0.00012961592964439,1.23483880940382e-05,-6.60979875425316e-05,8.85778202515576e-05,-4.19906079735071e-05,4.10078241416391e-05,-7.30767278338738e-06,2.0005632100314e-06,-4.61355230576477e-05,0.000203375819629632,1.65764792907442e-05,-7.20131514278184e-07,2.99451786064152e-06,3.66366459354997e-08,-1.0282490739133e-07,-7.60663124147875e-08,-7.94758642986496e-10,-2.64624780581109e-08,-9.65669777819293e-08,-7.15888826430151e-08,-9.02746353008839e-08,-6.32641295600513e-08,-5.60577124789218e-08,-5.53794671818659e-05,0.000129747398982385,-1.20857002364764e-05,-2.03121312196214e-06,2.73847677844642e-05,9.76563683620423e-06,3.88725932826267e-05,2.52794407010099e-05,-4.60398724224874e-05,1.30969241265932e-05,4.05813250464814e-08,0.000504778518873733,0.000104411065544499,0.000566858273373424,-0.000584337021680749,3.5062554763205e-06,5.06590775788286e-06,4.18518591278559e-05
"north_west","p_ICU",4.50142472585275e-07,1.19990468097159e-05,-1.20451083414753e-06,-6.68035602601137e-07,-6.10974340703884e-07,-1.16852448853183e-07,-8.66116628128829e-08,4.7312605714673e-08,-1.07535254627795e-07,-5.65297906754289e-08,-4.22462441299313e-08,-1.18555486145871e-07,-3.28171525879051e-08,-1.51526803501975e-07,-9.0271669279723e-08,-1.26036191051878e-06,-9.5102938759618e-08,-1.32464819990344e-08,-2.63190464350943e-07,1.29800238825458e-08,-5.90155559189591e-09,-1.49992184608565e-07,7.12823574782888e-08,-1.17842809278696e-08,-1.87816853063356e-07,-4.84418216598441e-08,-9.3979869408344e-09,-1.53301159389919e-07,1.69016453823537e-07,-1.91098368295394e-07,1.26085735211539e-07,-3.51403968220866e-07,5.72347658479785e-07,-7.79402302546262e-07,7.67713749180518e-08,-1.05761394862567e-07,-6.51109745133975e-08,-9.33018029770358e-08,-1.35754011321266e-07,3.6406911245343e-08,-3.18029002250096e-06,-1.65401033623857e-05,-1.40136097598784e-05,-1.9758334491856e-05,-7.68203363048684e-06,-7.05403949519868e-06,2.57594483844251e-05,-3.39037827778488e-06,4.94311894535835e-06,1.62194427651299e-06,9.2263706605031e-07,-1.43324440567709e-06,-8.97192038221127e-06,1.65764792907442e-05,1.47116869616157e-05,-3.53004359823867e-07,1.02162840796402e-05,2.31589545313891e-08,2.00503011158028e-08,3.10196263732529e-09,1.74132994576559e-08,4.69533679175371e-08,-1.03385531397193e-08,1.81617504991887e-08,9.44774957306514e-09,-3.21073687331531e-09,4.53889096459168e-08,2.16327408389678e-05,4.41567316125906e-06,4.21396575866123e-06,-7.01041660958811e-06,-3.14463341578729e-06,4.29815791686669e-06,5.33905457886723e-06,1.06498757450777e-05,-7.09713189859253e-06,4.38713242978568e-07,6.03809866819554e-08,0.000242809566650752,-8.03051726382203e-05,1.32364037197108e-05,-0.000165832289923046,3.38106471230733e-06,-2.15758738819451e-07,-1.85932253991844e-06
"north_west","p_ICU_2",3.13831371672662e-07,1.87008693853681e-06,4.84078789382765e-07,-3.32407278220866e-07,3.45334737645812e-07,2.70235510524539e-08,1.35911405577926e-08,8.2119495585323e-08,-3.64207859705557e-08,4.25990572125861e-08,2.28906994481204e-08,1.94160123556811e-08,2.37510903463241e-08,1.21101656273803e-08,2.70827933265576e-08,-1.79199185469089e-08,5.74927098112216e-08,-2.7780718604066e-08,8.9829338165882e-08,1.15049529592054e-08,-6.71672170730897e-09,6.10677872738937e-08,-1.53528203696244e-08,1.36461980466253e-08,8.97959699317122e-08,-4.07107966028184e-08,4.85139358999835e-08,3.63248638992388e-08,3.49502314374626e-08,-1.05344433046413e-08,2.4321590959014e-08,-5.12413060770407e-08,2.40257129170887e-08,1.06047062479683e-07,-6.17240432270473e-08,3.21398882724585e-08,8.89817898253243e-08,-3.38869964921502e-09,-1.88737437108741e-08,3.97690511248623e-08,5.58430370878331e-06,3.96151885307672e-06,6.03776509101273e-06,3.17514270186348e-06,6.09967644869704e-06,3.16379308430957e-07,-3.71919283481483e-06,1.30441980521321e-05,6.71538574320804e-06,-9.63041700771034e-07,8.91133706506748e-07,-4.84934939403538e-06,-4.03527532821981e-06,-7.20131514278184e-07,-3.53004359823867e-07,2.45447792068269e-06,2.66672525112651e-06,9.87910567084482e-10,-5.67395484709155e-09,-5.55304789651634e-09,-5.5842971108701e-09,-2.59156120550291e-08,-1.4782378965791e-09,-2.75817221367685e-09,-1.41985276720208e-09,-1.7170523160585e-09,-5.74729128930982e-09,8.68850248290537e-06,-1.31118681313753e-05,1.93595096244178e-06,-2.44196216011268e-06,6.40462067233321e-06,1.43794374825677e-06,-5.7076709981941e-07,-1.68171961501929e-05,-1.56960436984315e-06,2.01269277838666e-07,1.80967561222213e-08,1.09890553739259e-05,1.23139312654341e-05,1.40578678188352e-05,0.000111679307175154,-3.40000537012298e-08,-2.63310121338515e-07,1.41098683404438e-07
"north_west","p_ICU_D",2.1428639166122e-06,-4.56870681396307e-06,-2.08739838357999e-06,-3.8015298380759e-06,8.06126385843422e-07,5.34437987906849e-08,-2.33981602921087e-07,1.14587514439295e-07,-1.8255252221304e-07,2.27005238025343e-07,-6.05616181596575e-07,-2.13673108973884e-07,2.06129297611285e-07,5.21301421338005e-08,6.57432684973705e-08,2.14527383385493e-06,-5.21299436235282e-07,-3.5111263638024e-08,-4.66367465402698e-07,1.54752010579026e-06,-8.40741266088513e-07,2.5973639803536e-07,-1.90995991481748e-07,6.24336612432898e-07,-4.86591153134568e-07,2.70405329881424e-07,9.03422219920663e-07,-5.98840109176578e-07,1.48213352502882e-06,-1.18373796228351e-06,1.04752877129477e-06,-2.51580056047939e-06,3.03503474566914e-06,-3.92277867109455e-06,-3.25475992551904e-08,-7.01845916411738e-07,7.38592967283267e-07,-1.0064418965124e-06,5.8684268661932e-07,3.33186599157184e-07,-4.92121547890593e-05,-5.70936086384751e-05,2.92407303961977e-05,-6.08638743229689e-05,-2.4734015746057e-05,-1.62439259742371e-05,0.000222760532215167,-9.72070089757598e-05,-1.80099641904042e-06,-1.93004692351653e-05,4.54717728367034e-06,-1.4979825167359e-06,1.14795625031527e-05,2.99451786064152e-06,1.02162840796402e-05,2.66672525112651e-06,0.000508601066186213,6.91642469531733e-08,8.80084913529712e-08,1.80190806417146e-07,4.02758254714285e-08,1.71099130895427e-07,5.76169122628538e-08,9.74682916791637e-08,7.33206692028475e-08,7.00688298838918e-08,2.36494004362694e-07,-0.00018190427269628,-0.000180459697077463,0.000103557862545704,-2.51836956080064e-05,-5.87098391289054e-05,1.92287787565094e-05,2.7119523334232e-05,2.9287576606927e-05,-1.56913146366989e-05,-2.54836119384533e-06,4.95125257037609e-08,-0.000468497609272836,-5.89671181001585e-05,3.35147629797605e-05,0.000877370078467397,6.69692496767198e-06,1.15255489096121e-05,-1.68572291349846e-05
"north_west","p_NC_15_24",1.07061356656628e-08,-4.67330736754562e-08,-1.37121841150117e-08,-2.40674003322252e-09,1.92271989849863e-10,-4.9200357858298e-10,2.34306848972386e-09,1.61902779166001e-09,4.09899017310128e-10,2.79079145370149e-09,1.70685717749633e-09,3.14758998087115e-10,1.34372890441558e-09,1.65698978552959e-09,2.7340800826968e-09,1.40355896543076e-08,3.96105836551543e-10,5.89553438369449e-10,2.64181087498368e-10,5.23934932172402e-09,4.5247128557177e-10,3.39447078436351e-09,4.04569949455999e-09,4.11538706086163e-09,2.46043154108235e-09,7.62892702020017e-09,-1.08056139521443e-10,4.71401952132463e-09,8.49821276093488e-09,4.08705385900136e-09,5.81944927209883e-09,9.92273221711068e-10,9.98578437376803e-09,3.19444432456148e-10,4.76342163158036e-10,6.11195512206974e-10,-2.97782632902463e-10,3.92284770945039e-09,-6.37436254751938e-09,4.72027314206831e-09,6.21296653082513e-08,-6.66071090090426e-08,8.18643304558154e-08,-7.06372739145309e-08,6.36136293713895e-08,-6.234722627364e-08,2.63191419986934e-07,2.23495513304108e-07,1.14138240013033e-07,1.47180346907987e-08,2.60915459700317e-08,-1.08682608997053e-07,-3.22112713779168e-07,3.66366459354997e-08,2.31589545313891e-08,9.87910567084482e-10,6.91642469531733e-08,1.59950270128389e-09,1.09613349208809e-09,8.23979324195602e-10,6.99835790285e-10,1.32410231544006e-09,2.85701239866446e-10,4.97891654010793e-10,5.19493628181544e-10,3.40554523344589e-10,1.07871661706103e-09,-3.00905089815538e-08,-4.1392234096347e-07,1.84778551082287e-07,-1.26049507293848e-07,3.64626193017131e-08,-3.66747237227411e-08,2.59815461915789e-07,-8.38865294642679e-08,7.60427614702281e-08,-7.87953745552112e-09,-2.09374189611568e-11,8.30741706132868e-07,7.67703095223347e-07,-1.07927046303671e-06,9.51648951599385e-08,2.88435300520933e-08,2.21725593611125e-08,-1.47338852818974e-07
"north_west","p_NC_25_49",-9.08169330437764e-09,-8.58386526142876e-08,-4.85354546273011e-09,-3.28114113478033e-09,-2.11914879151159e-09,-6.5660625639265e-10,6.26904189868624e-09,1.85219084070706e-09,1.15647043568348e-09,3.34005008223668e-09,6.67263707000681e-09,1.38970640318854e-09,3.07120515893998e-09,3.27614839663195e-09,6.40797007574049e-09,2.47551056394819e-09,2.36212961022457e-10,3.14727109758855e-09,2.72705305950265e-09,2.89878801254749e-09,4.88611712249454e-09,4.09071219477491e-09,1.10934351515906e-08,3.62035157455628e-09,8.31758298102573e-09,1.20084709202503e-08,5.26694201437591e-10,9.04410951840349e-09,1.53088856313238e-08,1.0132477610503e-08,1.05842494848206e-08,3.27037395281551e-09,1.36406218372579e-08,1.1818917474551e-08,1.44959640957087e-09,2.78223930936638e-09,-7.2378593727698e-10,4.0363521156946e-09,-8.46895890030309e-09,8.13682931519834e-09,6.2776763470493e-08,-4.00064639976227e-08,-8.27425641478439e-08,-9.88008513449094e-08,1.02410343303694e-07,6.07525715062212e-08,2.62006132239389e-07,2.41234292424794e-07,4.91761454228676e-07,-1.30805184013946e-08,1.70194838406853e-08,-1.95528885686415e-07,-4.07382075888672e-07,-1.0282490739133e-07,2.00503011158028e-08,-5.67395484709155e-09,8.80084913529712e-08,1.09613349208809e-09,3.66296253698067e-09,1.49370798416616e-09,1.10317852026637e-09,1.77548092542339e-09,5.89593585089753e-10,9.04053498801363e-10,9.69271539613169e-10,7.50466692684105e-10,1.50015165413889e-09,2.14473387362595e-07,-4.60921770836932e-08,1.40689097723926e-07,-1.61673490517436e-07,7.53791534661856e-08,-6.55030405813165e-08,2.89931026012029e-07,-1.06225576752211e-07,1.84770537397111e-07,-2.19208683648158e-08,1.27165835643296e-10,-2.38260489412477e-06,6.44394119161001e-07,-2.84887617827287e-06,-2.11123082653287e-06,2.04247326454533e-08,3.22659999657754e-08,-2.86711109105776e-07
"north_west","p_NC_50_64",-9.75280014900543e-09,1.34345447956665e-08,-3.00725838177895e-08,-1.33585783808943e-09,-1.54175358066469e-09,4.87697317001538e-10,3.12833376499504e-09,2.86673721534184e-09,1.83492761609589e-09,7.99746840826401e-09,-1.04807898582664e-09,2.45322937958349e-09,1.67322823228341e-09,6.50088886216596e-09,2.21765441286914e-09,2.76808020943361e-08,1.26776308812293e-09,1.81703300090157e-09,2.48637888045536e-10,2.44213509615226e-09,3.91678624052275e-09,3.66945928835206e-09,6.78265023808486e-09,5.07622198546729e-09,6.84514517182069e-09,8.8868937465464e-09,-1.96447183586717e-09,6.75537092767969e-09,1.34476714945694e-08,4.98075089061429e-09,8.74066672336694e-09,2.2817878984594e-09,1.10673725593127e-08,7.02705722442931e-09,2.16717519417643e-09,2.38449519561614e-09,1.41186733827306e-09,4.84159626284107e-10,-3.33143658481668e-09,7.30215522664872e-09,1.01437841989214e-07,1.18541250009001e-08,-1.21737200167046e-07,-2.48651660109888e-07,-7.55152100391299e-08,2.01757931834173e-07,2.90311646369106e-07,4.24694295643866e-07,2.43717466698835e-07,3.93371935741104e-08,9.50403370312616e-09,-2.03566756244479e-07,-4.89909177279766e-07,-7.60663124147875e-08,3.10196263732529e-09,-5.55304789651634e-09,1.80190806417146e-07,8.23979324195602e-10,1.49370798416616e-09,3.8445430391524e-09,1.13350611139315e-09,2.02263876536479e-09,4.49885642096448e-10,6.60111921174357e-10,8.85778772802919e-10,6.37180333848564e-10,1.64101514297215e-09,5.60309656273051e-08,1.1908050596849e-07,1.42386801171522e-07,-1.6610064218447e-07,-2.70915915480141e-08,1.1179610942042e-07,3.77219611576855e-07,6.47397407584355e-08,-6.36126758629682e-08,1.73344960351719e-08,6.48999590270035e-10,2.00386115541216e-07,6.91855284761276e-07,-1.25628284632524e-06,-1.52442638895977e-06,3.6522003920043e-08,7.33676459491979e-08,-2.34189346342764e-07
"north_west","p_NC_65_79",-5.85662270371355e-09,-9.74542557169474e-08,-1.20602823028517e-08,-1.71485639630688e-09,5.41579540179462e-10,-1.09413680399855e-09,4.32973370640095e-09,1.80223121378904e-09,1.74967205339199e-09,2.98364269794537e-10,2.92480667262887e-09,1.53121042272498e-09,1.90448241055844e-09,3.56314336804747e-09,2.55131738013199e-09,8.1872662766136e-09,5.14448343759784e-10,2.38080516999091e-09,1.74282736241264e-09,-2.23486434548498e-11,3.39840311505895e-09,2.6698856603739e-09,5.16052421863424e-09,4.81281921375507e-09,3.49062196379417e-09,6.62843570151175e-09,-1.51104207352704e-10,6.64031834284644e-09,7.98125243525327e-09,3.39888259815699e-09,5.23898031716708e-09,2.70579934132835e-10,8.59800178517576e-09,4.63589138714112e-09,8.17733257673559e-10,1.22671806170429e-09,-3.93009801275311e-12,3.10411054062707e-09,-3.82034368250979e-09,3.19531384688167e-09,5.96883256937661e-08,-3.93298545553165e-08,-9.95977618537942e-08,-1.36806034698448e-07,-6.4942321252186e-08,6.1565474358511e-08,1.26623657056618e-07,1.95496433615653e-07,1.43377949678194e-07,9.79335737074344e-09,-8.25297690139447e-09,-1.32294307831233e-07,-3.65987964893531e-07,-7.94758642986496e-10,1.74132994576559e-08,-5.5842971108701e-09,4.02758254714285e-08,6.99835790285e-10,1.10317852026637e-09,1.13350611139315e-09,1.59295371886191e-09,1.44614942235359e-09,3.32248147518384e-10,5.37873882545742e-10,6.25345054090645e-10,3.77622381484686e-10,1.3577854514206e-09,4.18351758833154e-08,7.04053984891728e-08,9.5844643805832e-08,-2.54225938159161e-08,4.57716451928322e-09,2.63442354507993e-08,3.18126275946754e-07,3.57342166361966e-08,3.85820892100051e-08,-9.2036102633034e-09,-1.45606416698762e-10,-1.79271443327786e-06,3.66346366564663e-07,-6.91680695315275e-07,-3.20548256013604e-07,-5.89433419019951e-10,4.16600849336659e-08,-1.23754271694711e-07
"north_west","p_NC_80_plus",-1.04977317473637e-08,7.34286241538064e-08,-5.58226542256895e-09,-1.25849217980993e-09,9.71089692240715e-09,1.35407455763305e-09,2.67066811016748e-09,7.66436351159823e-09,-2.73483052621589e-09,4.14921259387646e-09,1.46677996075372e-08,9.92704816207159e-10,5.65564349300473e-09,2.78652639673671e-09,7.78025960752667e-09,5.76281199601705e-09,2.32326327132084e-09,3.9037991661594e-09,1.26716851898856e-09,4.79737080899279e-09,7.57856928168219e-09,3.95333625519343e-09,1.41115958128374e-08,3.01251699090597e-09,1.62271713813342e-08,1.27092857734105e-08,1.21429227787217e-09,1.08184350310346e-08,2.12779635119426e-08,5.56598653717927e-09,1.23951280873112e-08,-6.11805447318355e-10,2.08404566947119e-08,2.86882161353706e-09,5.24614683428519e-10,3.53220951260001e-09,-5.07453035685937e-09,9.92931751332914e-09,-9.35143888158699e-09,3.72431503427819e-09,-6.69695068248074e-08,4.77509908037169e-08,-2.17624245801198e-08,-3.22613084544401e-07,-7.26373113824443e-08,6.71482058503974e-07,1.09090017777513e-06,-7.00827181352469e-07,1.46305257528516e-07,2.77054075507901e-08,1.17245115882695e-08,-2.00857879389698e-07,-5.930971352511e-07,-2.64624780581109e-08,4.69533679175371e-08,-2.59156120550291e-08,1.71099130895427e-07,1.32410231544006e-09,1.77548092542339e-09,2.02263876536479e-09,1.44614942235359e-09,1.26696534592377e-08,3.05289638923837e-10,1.07752802144798e-09,7.22848329955666e-10,8.24344211960184e-10,2.62480500615445e-09,3.03824765804578e-07,-5.37879718252193e-07,4.79137130869382e-07,-2.42551507464731e-07,2.19199119887879e-08,-9.81128759422002e-08,5.06040270982207e-07,1.32568053665072e-07,1.32145892819514e-07,3.00143919862002e-08,1.2532861453502e-10,-3.38412314977111e-06,3.51063564810126e-06,-1.60252823026171e-06,2.91172754882859e-06,-2.29338574986713e-08,6.31841476324268e-08,-2.66382722088685e-07
"north_west","p_NC_weekend_15_24",5.66693570624813e-09,-5.56676455098937e-08,1.81133001648778e-08,-3.92344986321402e-10,3.48265579729027e-09,1.77875187456016e-10,1.90443180929254e-09,6.11481131240099e-10,1.08019765108414e-11,1.91771640572122e-10,6.24360579019011e-09,4.72475329141081e-10,2.17740168195228e-09,-1.34017988478779e-09,6.3937672884814e-09,-4.3082322697535e-09,6.00068405385936e-10,2.0369885733979e-09,4.04811908675206e-09,4.18406688246955e-09,1.74979801701004e-09,6.02484611771516e-09,3.28294233802848e-09,7.64385680954909e-09,2.1768207835964e-09,1.04714236396553e-08,1.45104523493152e-09,5.192597397171e-09,9.11425976731711e-09,1.03519817603403e-08,4.24313921936874e-09,5.85838768737935e-09,8.7610528184684e-09,6.52530652266656e-10,-3.68206876233162e-10,1.89669480456816e-09,-9.02218218063709e-10,1.87613615921933e-09,-3.60696556136086e-09,3.38139482712149e-09,-9.76439130550742e-09,5.28782329868805e-09,9.69663475720217e-08,5.6568587144958e-08,1.13967343263359e-07,6.74851446209116e-08,9.23048299270691e-08,-7.86249091548913e-08,2.14472806519681e-07,-2.62209017555554e-08,1.49551992883126e-08,-6.01866643148827e-08,-7.86170929412972e-08,-9.65669777819293e-08,-1.03385531397193e-08,-1.4782378965791e-09,5.76169122628538e-08,2.85701239866446e-10,5.89593585089753e-10,4.49885642096448e-10,3.32248147518384e-10,3.05289638923837e-10,1.3591275353195e-09,3.05303263118149e-10,4.35294494369303e-10,3.44954240688017e-10,4.37261972073309e-10,4.26225304649102e-08,-2.45087713111761e-07,1.26871180145209e-07,-9.15213134225118e-08,8.06250444810979e-08,-1.288284689874e-07,9.1884286178989e-08,-1.97468357767454e-07,2.26211755902443e-07,-3.47686267023356e-08,-5.89255193383016e-11,-3.92773128909201e-06,1.4225692671516e-07,-1.48429027131702e-06,7.75612333420489e-07,-1.96567708730063e-08,-3.14078464055343e-08,-1.5184077718699e-07
"north_west","p_NC_weekend_25_49",-1.80743931532065e-09,2.85701274867603e-08,4.18814896053902e-09,1.26477987964347e-09,-1.87983686159833e-09,-1.25411204207772e-10,2.54161199477159e-09,2.37211743238601e-09,-1.57541648857991e-09,2.47613261217638e-09,6.00256243595808e-09,6.63624035133538e-11,1.77802074992198e-09,-2.17846338320014e-10,3.65065106643654e-09,8.11081293169408e-09,-2.33572533602183e-10,1.22912707125261e-09,1.45690297792244e-09,3.05933500786657e-09,6.24240946489719e-10,3.46042303102165e-09,4.52839161795136e-09,1.3936199821244e-09,5.3571249099079e-09,6.33835194792468e-09,3.11759466816729e-10,2.61078841765983e-09,9.00895307142386e-09,4.10177362773486e-09,6.01577163616133e-09,9.64740294512575e-12,9.69612939027912e-09,3.3582024990852e-09,4.6128555837451e-10,1.41723697453927e-09,-1.39725607543454e-09,2.99434731943845e-09,-4.99632958088149e-09,3.66018774595683e-09,4.66259084582611e-08,-1.03087438449046e-08,6.66026868333509e-08,-1.0792375859554e-07,3.19607880678672e-08,3.63593895913789e-08,4.48247541561316e-07,-6.85738391487791e-08,2.79653694345724e-07,-3.69446245611253e-08,1.32966982015707e-08,-9.45952431434947e-08,-1.07756169314294e-07,-7.15888826430151e-08,1.81617504991887e-08,-2.75817221367685e-09,9.74682916791637e-08,4.97891654010793e-10,9.04053498801363e-10,6.60111921174357e-10,5.37873882545742e-10,1.07752802144798e-09,3.05303263118149e-10,1.53982209221087e-09,4.81553312878667e-10,3.14351048564413e-10,1.17215247011767e-09,1.49169040224117e-07,-2.78184383090871e-07,2.41795074093465e-07,-1.54954632943364e-07,4.12655979670032e-08,-1.09551568120474e-07,1.10466048478139e-07,-3.18571721753733e-08,1.13490466310037e-07,-1.96221846283459e-08,-1.77778315532682e-10,8.15719154389455e-07,6.16891502329388e-07,-1.25009596689758e-06,-7.64544114303751e-07,2.32957305225395e-08,9.94946234302339e-09,-1.53930464498355e-07
"north_west","p_NC_weekend_50_64",-4.41763380801241e-09,1.31474653493687e-08,-1.75676335900622e-08,-5.59144240054913e-09,3.96885980111164e-10,-1.47900346500009e-10,2.52527381796419e-09,2.60323424322206e-10,1.75920161272046e-09,2.57581878155069e-09,1.63664360843736e-10,7.92284818533238e-10,1.31276717307914e-09,1.03424714081919e-09,2.1670210444382e-09,7.2128768750579e-09,1.36175694435906e-09,-2.7126462636831e-11,3.2064582196337e-09,-5.49957182281207e-10,2.61949394204951e-09,1.96738370842305e-09,5.01319602852134e-09,2.15411172144796e-09,3.82092834168139e-09,6.14740164573776e-09,-6.02607871405621e-10,4.37817676911984e-09,7.54048688885918e-09,5.51378503089082e-09,5.6924651683687e-09,1.50584344623042e-09,6.07160940190705e-09,3.77128879605545e-09,1.1444316079044e-09,1.80766526935402e-10,1.50053526470219e-09,1.31723833017938e-09,-4.93906893687567e-09,5.11239637372509e-09,1.04750298294409e-07,-1.02501884355706e-08,7.22966402394978e-09,-9.80715540905545e-09,7.15687772188279e-08,1.17539653905766e-07,2.0770523632888e-07,2.02906061002222e-07,1.82668467265748e-07,5.55712220967807e-09,1.47034431155404e-08,-9.18534778296433e-08,-3.11375998168143e-07,-9.02746353008839e-08,9.44774957306514e-09,-1.41985276720208e-09,7.33206692028475e-08,5.19493628181544e-10,9.69271539613169e-10,8.85778772802919e-10,6.25345054090645e-10,7.22848329955666e-10,4.35294494369303e-10,4.81553312878667e-10,1.4367503690752e-09,4.23368697058549e-10,7.55120101030035e-10,3.99074146302632e-08,-7.63587494169193e-09,3.88324783032053e-09,-1.22001020861727e-07,-2.93490327677085e-08,1.84914870556355e-08,3.00832748058678e-07,-4.55000591569164e-08,5.05031193578289e-08,-1.06842859776318e-08,2.84460487361272e-10,-2.14041203865177e-07,3.90761408210214e-07,-1.21865796806e-06,-2.79278900944295e-07,2.43859973740865e-08,1.94658211524628e-08,-1.5233265818453e-07
"north_west","p_NC_weekend_65_79",-2.90791601196383e-09,-1.2394665502356e-08,3.0610530890207e-09,-6.95905791589045e-10,-7.08882983526208e-10,3.23597680664098e-10,1.36603607051e-09,1.48989362348199e-09,1.07817090823314e-09,3.01440368561123e-10,3.68426259270929e-09,8.98765057063868e-10,1.29821925697013e-09,1.94373154704854e-09,2.36236019059772e-09,1.78266471192578e-09,1.43638482524479e-09,1.61828891877551e-09,1.03351919090789e-09,2.82357217615705e-09,1.93216241492689e-09,3.74424571228121e-09,4.19197331714107e-09,3.70531532540033e-09,2.61833645978275e-09,8.47556089734631e-09,3.87215747893149e-10,3.71345075533334e-09,7.72361990472204e-09,6.09594572994778e-09,3.63094863190516e-09,5.01903879711022e-09,3.87485946650363e-09,5.59679895574598e-09,1.34111722454212e-10,2.44466219765278e-09,-2.01942405945693e-09,2.49984053074547e-09,-3.5480737335261e-09,3.33581887296795e-09,2.04843214381806e-08,-8.80839379002356e-10,5.37418684354129e-08,3.13034755004215e-08,5.40869749645889e-08,2.64255347840254e-08,-3.43199660242858e-08,-3.10769393596941e-08,1.87094028824145e-07,3.68182249535935e-09,1.1045942981866e-08,-7.62268510675343e-08,-1.53772054494429e-07,-6.32641295600513e-08,-3.21073687331531e-09,-1.7170523160585e-09,7.00688298838918e-08,3.40554523344589e-10,7.50466692684105e-10,6.37180333848564e-10,3.77622381484686e-10,8.24344211960184e-10,3.44954240688017e-10,3.14351048564413e-10,4.23368697058549e-10,8.92025070672973e-10,6.26224078982813e-10,-2.70126606702571e-09,-1.05065667693129e-07,6.77721487796387e-08,-7.10875775704234e-08,1.89258914576316e-08,-3.77907050123281e-08,1.19841555369645e-07,-6.74832131493007e-08,8.80895882684004e-08,-6.75891565241217e-09,-5.50264165318345e-11,-1.13506532178513e-06,-9.64622407684623e-08,-1.01899447601437e-06,-9.44258065310112e-07,1.34399839099037e-09,-7.5377064671514e-10,-1.26444129593916e-07
"north_west","p_NC_weekend_80_plus",-7.27754974063969e-09,1.04745064798448e-07,-2.99240066378756e-08,-8.83411949447042e-09,2.26585312679991e-09,-1.47254189167215e-09,8.4832207072253e-09,1.6805082353908e-09,3.02926265338202e-09,4.89370560670924e-09,8.11625758783675e-09,-5.70093355496213e-11,2.40256728318795e-09,6.34167257398858e-09,-8.33821853786824e-10,2.28119291067522e-08,3.74063511549237e-09,-8.23118128634259e-10,2.49369537347467e-09,-1.31693581115511e-09,4.70546717797598e-09,-9.93657716487525e-10,1.46021111900596e-08,-5.32500012914402e-09,1.18308610416979e-08,5.09576838479915e-09,-1.41909252709165e-09,4.69037017543023e-09,1.50145808839497e-08,-3.89268421551319e-10,1.42354540875154e-08,-1.35479983974561e-08,2.79473375706291e-08,-6.68964074958913e-09,1.20706085842267e-09,2.88905000401595e-09,-4.42826811415982e-10,5.14496057223195e-09,-9.04751653417914e-09,1.03559259840574e-08,1.73402308142331e-07,-2.52645813621212e-08,-4.58164652043557e-07,-3.78947340025419e-07,1.14035686866296e-07,7.25710977283211e-07,8.25337384792664e-07,2.25339841755268e-07,5.53574479461615e-07,-4.66127346619903e-09,2.88732216178251e-09,-2.75260743940882e-07,-3.9586511409008e-07,-5.60577124789218e-08,4.53889096459168e-08,-5.74729128930982e-09,2.36494004362694e-07,1.07871661706103e-09,1.50015165413889e-09,1.64101514297215e-09,1.3577854514206e-09,2.62480500615445e-09,4.37261972073309e-10,1.17215247011767e-09,7.55120101030035e-10,6.26224078982813e-10,9.46052570123472e-09,2.32191298705971e-07,2.11352293070419e-07,3.10150949891998e-07,-5.41925012912166e-07,1.19653764473104e-07,-5.07829460828904e-08,1.71577244495966e-07,9.21781718795236e-08,4.90025169827678e-08,1.68750983779575e-08,1.35300732324519e-09,5.45691042591613e-06,1.67504096733688e-06,-1.40793278739806e-06,-1.15384239878303e-07,9.70699376222747e-08,7.82141234478879e-08,-2.55766963488936e-07
"north_west","p_W_D",2.41915228280082e-06,-8.16138694867493e-05,1.29967199591165e-05,-7.88323484326623e-07,3.86829143891063e-06,6.49996067153954e-07,2.87217387431302e-07,8.36105107584345e-07,-1.66203631208953e-06,1.7466575458019e-06,4.10399134974043e-07,5.85661238412426e-07,7.41605088316327e-07,2.53505265449269e-06,-2.55830487405811e-07,-7.471874355925e-07,1.1848420061666e-06,1.76679179062862e-07,2.06287369941885e-06,-2.06148967317763e-06,1.28894960841086e-06,9.81530783871195e-07,1.30932124421472e-06,-7.01085684526487e-08,1.5730034434258e-06,1.18167744922552e-06,-3.46420937688296e-07,9.2609601548062e-07,1.7410003307344e-06,4.08535626735374e-06,2.94766421696222e-07,2.5454082102513e-06,4.34824011586232e-07,6.80527627650754e-06,-1.60344912229184e-07,1.20341271466354e-06,-6.74923575800676e-07,8.7198838208902e-07,-1.53813276747216e-06,5.67146756165119e-07,6.72505679542217e-05,-1.00287213414322e-05,5.16585383548366e-05,3.23556478336276e-05,2.29288903290149e-05,-9.05627637679449e-05,-0.000256221082540133,0.000443049631044994,0.00020585485608506,3.1691176569604e-05,2.44860274780523e-06,-2.36517200769909e-05,-4.29900592221626e-05,-5.53794671818659e-05,2.16327408389678e-05,8.68850248290537e-06,-0.00018190427269628,-3.00905089815538e-08,2.14473387362595e-07,5.60309656273051e-08,4.18351758833154e-08,3.03824765804578e-07,4.26225304649102e-08,1.49169040224117e-07,3.99074146302632e-08,-2.70126606702571e-09,2.32191298705971e-07,0.00140952136998612,-7.23938250996449e-05,1.95932371649613e-05,3.22358573327443e-06,-1.78476674818855e-05,4.29164985057792e-05,-1.02781592756401e-05,7.60311420980789e-05,-5.32659418553407e-05,4.33539488806757e-06,-1.49226282313258e-08,-0.00435153371138859,-0.000218931840136222,-0.000751317378533612,0.00113021078809521,-3.37351270801274e-05,1.89147314028969e-05,-4.61391064040013e-05
"north_west","rel_p_D_alpha",-2.94344504657966e-05,-0.000214352115203521,-2.50429307392294e-05,-7.06405596756681e-07,-4.52078114962824e-06,-2.50910559603397e-06,4.76140410938655e-06,-3.75846994255945e-06,3.19937055824712e-06,-1.44156998950354e-06,-8.10351780498397e-06,4.63890011044519e-07,-7.70026837974421e-07,1.6795390348005e-06,-4.90826347087862e-06,7.02820968733347e-06,-8.91198757534533e-09,-2.10450590025921e-06,-1.72120238997086e-06,-5.3800494162153e-06,-2.24568835568197e-07,-4.40251049619383e-06,-6.85431914450882e-07,-3.60321592490954e-06,-2.59268220052626e-06,-5.22598285179346e-06,-2.64747227849065e-06,-1.16676983007037e-06,-6.28377519040925e-06,-6.45739631967528e-06,-2.00179805139594e-06,-2.87197346385881e-06,-9.61921306822686e-06,6.25570302752512e-06,2.02841144442704e-06,-5.93130026295748e-07,-2.42663737738122e-06,-2.45599402539711e-07,2.25011908665976e-06,-2.43738261141611e-07,-4.4850924696333e-06,-0.000119145400981346,-0.00167091330398427,-0.000743394680785366,-0.000577200171346061,0.00071370567886318,-0.000412384340975016,0.000625440542582957,5.23761227241494e-05,0.000123654890875726,-0.000185457486246122,3.50390083948806e-05,-0.000100392441879383,0.000129747398982385,4.41567316125906e-06,-1.31118681313753e-05,-0.000180459697077463,-4.1392234096347e-07,-4.60921770836932e-08,1.1908050596849e-07,7.04053984891728e-08,-5.37879718252193e-07,-2.45087713111761e-07,-2.78184383090871e-07,-7.63587494169193e-09,-1.05065667693129e-07,2.11352293070419e-07,-7.23938250996449e-05,0.00409595359462936,-0.00108007879406215,-3.65486703710357e-05,-0.000216589159201642,0.000223539063103426,0.000102834146812409,0.000306184432685112,-0.000274112289161379,4.93888536288343e-05,5.5901296517449e-07,-0.00110373504585265,-0.000341784809395974,0.000886896775000846,-0.0016882913701743,-6.50520497191998e-06,8.22770641740231e-05,8.00535812235506e-05
"north_west","rel_p_D_delta",1.20326967923211e-05,0.000116349504780978,4.93599409845677e-06,1.01684655265332e-06,1.09875177275723e-06,1.52436684861146e-07,-8.49177177715819e-07,4.96663247807791e-07,-4.6054937628801e-07,2.22637349461526e-07,2.20970602762593e-06,-4.90998237205402e-08,1.00454961660352e-07,-2.02761596394326e-07,1.96321070557459e-06,3.21917229853485e-06,-8.95749398674094e-07,1.3430614754457e-06,-1.34744242020129e-06,3.97203849107639e-06,-9.55864827139242e-07,1.84675742851429e-06,3.40320621258847e-07,1.04522067137911e-06,1.31558786989779e-06,1.55700316825273e-06,-2.23044894225231e-07,-8.34303469861403e-08,3.89699313379934e-06,1.01895015529972e-07,2.35361394158176e-06,-3.11178711550688e-06,6.72641680588228e-06,-5.94166499929188e-06,1.40809051747494e-07,-6.31882298801679e-07,1.15781964319784e-06,4.0177997043046e-07,-2.36472729468762e-06,1.93363422456414e-06,-3.71402865267251e-05,-3.46924022103496e-05,0.000408462820241291,-0.000191424941393255,3.54614776041017e-05,-0.000247832484678757,0.00046421929930503,-0.000107268100423839,0.000226917968581809,-4.17885277769279e-05,2.41941795636234e-05,-1.44219471983642e-05,-7.50758942423803e-05,-1.20857002364764e-05,4.21396575866123e-06,1.93595096244178e-06,0.000103557862545704,1.84778551082287e-07,1.40689097723926e-07,1.42386801171522e-07,9.5844643805832e-08,4.79137130869382e-07,1.26871180145209e-07,2.41795074093465e-07,3.88324783032053e-09,6.77721487796387e-08,3.10150949891998e-07,1.95932371649613e-05,-0.00108007879406215,0.000838053877715686,-0.000247687330304161,6.92070410651389e-05,-0.0001153728527097,9.10426361050657e-05,-0.000143133931505227,0.00018479372174209,-9.4486715769653e-06,-4.10716855249269e-08,0.000561158812570689,0.000260477794375015,-0.00019736972850696,0.000542778066505892,9.48643249704515e-06,-1.71720634235844e-05,-3.64504092918164e-05
"north_west","rel_p_D_omicron",-5.01571620786984e-06,-4.35734909020097e-05,8.26860225282805e-07,2.22848181353629e-06,-5.28968816920128e-07,3.22669634320367e-07,-4.69137883221451e-07,1.14109436807306e-06,-1.21891684535393e-06,1.12344358812473e-07,-1.21400974508704e-06,6.96104101399501e-07,1.49635939755079e-07,1.05500708355813e-06,-4.19916783891761e-07,-4.7888101740401e-06,7.07104583326444e-07,3.59573049691103e-07,1.47535270705863e-06,-6.16728323554507e-07,-2.79617742234682e-07,1.37844889510876e-06,-1.87327185476981e-06,1.5709794374234e-06,9.45216773284918e-07,-1.71123268123555e-06,4.22854504917063e-07,2.00477752011732e-06,-2.84433899694227e-06,4.77608034265574e-07,-2.93406335683467e-06,2.57355506943859e-06,-5.07741703540298e-06,4.50074431945673e-06,-2.6261357712987e-07,-2.00519523233739e-07,1.99911269285209e-07,-6.93733294849076e-09,1.98324700773354e-06,-2.5529450190148e-06,-2.25035264976048e-05,3.64392014067201e-05,4.42528468336773e-05,0.000198508305159262,-0.000353118280393417,-0.00010632522221701,-0.000266537063098466,3.54030548196823e-06,-0.000267839455089912,1.44112495363565e-05,-9.083301337177e-06,1.17012401014386e-05,0.000148802133578345,-2.03121312196214e-06,-7.01041660958811e-06,-2.44196216011268e-06,-2.51836956080064e-05,-1.26049507293848e-07,-1.61673490517436e-07,-1.6610064218447e-07,-2.54225938159161e-08,-2.42551507464731e-07,-9.15213134225118e-08,-1.54954632943364e-07,-1.22001020861727e-07,-7.10875775704234e-08,-5.41925012912166e-07,3.22358573327443e-06,-3.65486703710357e-05,-0.000247687330304161,0.000571062017205498,-3.90657045389358e-06,1.77300533974979e-05,-0.000151041500289787,7.28315147267256e-05,-4.31570861671146e-05,-5.35358991832637e-06,-3.859862608046e-07,-0.00264665479942663,-2.96608443793279e-05,0.000527817993646234,-0.000388354010755122,-3.20103593285333e-05,-3.78579007875423e-07,5.31801532484335e-05
"north_west","rel_p_H_alpha",3.42921995303895e-06,1.1939969479475e-05,6.79078740908136e-06,-2.16321189732323e-06,8.10784539907946e-08,-5.11640905127441e-08,1.10388183850287e-06,2.54377708643748e-06,-8.83866937823114e-07,1.75352662230891e-06,3.56327962002842e-07,6.1558601815235e-07,4.3708874835467e-07,2.02186290045837e-07,1.40386664566289e-06,7.36450561746042e-06,2.44298870468985e-06,6.27745863007621e-07,3.09819830392439e-06,7.8413609756876e-07,1.66125320345567e-06,2.45073117004161e-06,1.95339310549427e-06,1.15484025263929e-06,5.13545009959751e-06,1.21575123645173e-06,4.96404909892366e-07,2.80048212718009e-06,3.11304572539699e-06,3.31709238661995e-06,-6.46861497302704e-09,2.09757917320842e-06,2.93579096779849e-06,-7.59484266579843e-07,-2.36404548628426e-08,4.73306577776451e-07,2.03394691539075e-07,1.4691799100926e-06,7.46704251063925e-08,3.61086035608641e-07,-8.20609425672265e-05,6.55376423971611e-05,8.32923751690471e-07,2.07372842050795e-05,4.20560844040768e-05,9.43137508293812e-05,-4.78086157528244e-05,-4.85490350443346e-05,6.26995943096454e-05,-8.99211154261448e-06,9.84231988753616e-06,-0.000107226409097104,-6.56642245792325e-05,2.73847677844642e-05,-3.14463341578729e-06,6.40462067233321e-06,-5.87098391289054e-05,3.64626193017131e-08,7.53791534661856e-08,-2.70915915480141e-08,4.57716451928322e-09,2.19199119887879e-08,8.06250444810979e-08,4.12655979670032e-08,-2.93490327677085e-08,1.89258914576316e-08,1.19653764473104e-07,-1.78476674818855e-05,-0.000216589159201642,6.92070410651389e-05,-3.90657045389358e-06,0.000564253289309927,-0.000320091742676412,-5.41894492861804e-05,-0.000272856191395648,0.000189379848864161,-7.35893628533604e-06,-1.17836618601375e-09,-0.000257493231417974,-0.000285515006191171,0.000233590485125672,-0.000273918868434857,-6.9302089670979e-06,-5.070556803078e-05,-1.24925917101196e-05
"north_west","rel_p_H_delta",-4.46902266902598e-06,1.04890943861083e-05,-1.46756500420378e-05,-1.82736719575413e-07,7.831246647029e-07,4.88432982114064e-07,-7.7806055895984e-07,-1.05815552563901e-06,1.32294298313958e-06,-7.16317221055869e-07,-1.76344544573593e-06,-1.8063758386555e-07,6.49724349426144e-10,8.45757271688206e-07,-1.80288855140557e-06,-5.55557993128566e-06,-1.11178474546218e-06,-5.65617952201532e-07,-1.83156091667619e-06,-1.59760588713929e-06,-3.49117043703536e-07,-2.53985076832648e-06,-1.61515257015963e-06,-9.07933664199958e-07,-3.57194201003509e-06,-2.27485423993537e-06,-5.93755157735621e-07,-1.53954185499042e-06,-3.42078608460044e-06,-2.80791725327825e-06,-3.82094032128158e-07,-1.32232915313604e-06,-2.78182562577553e-06,-9.40389389261153e-07,4.177728430811e-07,-7.35590991545577e-07,9.51268813530613e-07,-9.20666667320073e-07,8.70052428157719e-08,-2.29043829360277e-07,7.38877008156772e-05,-3.24101507808915e-05,-1.86837866387918e-05,-3.80516421642558e-05,-2.34671570653323e-05,-7.42560948777602e-05,-3.9604802198595e-05,8.6427509583855e-05,-0.000133654677231448,1.9539810886727e-05,-6.3424987470321e-06,1.34567700621583e-05,-0.000115253148955721,9.76563683620423e-06,4.29815791686669e-06,1.43794374825677e-06,1.92287787565094e-05,-3.66747237227411e-08,-6.55030405813165e-08,1.1179610942042e-07,2.63442354507993e-08,-9.81128759422002e-08,-1.288284689874e-07,-1.09551568120474e-07,1.84914870556355e-08,-3.77907050123281e-08,-5.07829460828904e-08,4.29164985057792e-05,0.000223539063103426,-0.0001153728527097,1.77300533974979e-05,-0.000320091742676412,0.000399831523912696,4.74542267904556e-05,0.000202181578492856,-0.000266853697709767,2.4464555989868e-05,2.69091416465829e-07,0.000217052448596137,-8.60478448316822e-05,-6.82317870979659e-05,8.47864050162309e-05,8.74525109476188e-06,4.25730060652887e-05,1.98395762884192e-05
"north_west","rel_p_H_omicron",-6.72410546339947e-06,-0.000111961227803263,-5.8495856588402e-07,-5.81351381049274e-06,3.06202908548285e-06,1.18734058630221e-07,-1.18840510942471e-06,2.50713834346693e-06,-1.30120687711175e-06,3.48618848553351e-06,-2.60825960534184e-06,-2.68041834707305e-07,3.84799078959815e-08,1.96239942077563e-07,-7.65193454771695e-08,-1.36842639407811e-06,-4.13038235284364e-07,-2.69953023846598e-08,-4.42695224156721e-06,1.42581922794767e-06,7.55953161068441e-07,-1.29178065452883e-06,1.21170780073697e-06,-8.69807146699692e-07,1.50725368555715e-07,5.50044629406638e-07,3.97973388309702e-07,2.51060135054309e-06,1.5961206653647e-06,-2.61003458250998e-06,2.46555806614223e-06,-6.87099976242539e-06,4.47448265994941e-06,-6.56739889658604e-06,-5.19336574649423e-07,2.08528768782123e-06,-8.98433380752463e-07,-1.96048551482388e-07,-8.08352147823761e-07,1.0498642084786e-06,6.25370604807063e-05,-3.20242490373014e-05,-0.00010493003413773,-0.000134186998218383,1.84229506169203e-05,0.000137487632796086,0.000224907428907336,0.00015348897484332,0.000205983896779111,5.41589564086773e-05,-4.08915395567069e-07,-3.28382403303587e-05,-0.000896379588315048,3.88725932826267e-05,5.33905457886723e-06,-5.7076709981941e-07,2.7119523334232e-05,2.59815461915789e-07,2.89931026012029e-07,3.77219611576855e-07,3.18126275946754e-07,5.06040270982207e-07,9.1884286178989e-08,1.10466048478139e-07,3.00832748058678e-07,1.19841555369645e-07,1.71577244495966e-07,-1.02781592756401e-05,0.000102834146812409,9.10426361050657e-05,-0.000151041500289787,-5.41894492861804e-05,4.74542267904556e-05,0.00112414451296053,-2.69347666851659e-05,2.34718083722781e-05,1.67654111022845e-05,1.59743761485627e-07,0.00169718764265747,0.000909441927584848,-0.000322858029052084,0.00112836296126532,2.77414747427153e-05,3.45493521404908e-05,-4.15609234737346e-05
"north_west","rel_p_ICU_alpha",-7.51795444200785e-06,-3.33034749624535e-05,-1.77030716431052e-05,8.78610808415302e-07,-2.34352227480205e-06,1.83639706531906e-07,-8.32683145858756e-07,-1.20745990992792e-06,9.50284774333098e-07,-3.37483451293262e-07,-3.76177776212773e-06,-1.82946236366436e-07,-6.66069727320765e-07,1.16532395915607e-06,-2.51495649992942e-06,-2.30365005851454e-06,-1.11911541082764e-06,-6.89724008059791e-07,-1.75120680918371e-06,-1.53493778894643e-06,-7.91443727359006e-07,-2.73739560233865e-06,-9.146557520011e-07,-1.6479068530847e-06,-2.6072387797071e-06,-3.40154998024338e-06,-9.76067102961501e-07,-1.26329160061937e-06,-3.86474600105116e-06,-3.218964416145e-06,-1.47268356279346e-06,-7.08741157711389e-07,-3.45836682119976e-06,1.37318591158344e-07,6.31496121180277e-07,-2.64047200176757e-07,-9.3273150126594e-07,-7.08419841671464e-07,1.66582717279761e-06,-1.722298489901e-06,-1.6739382662341e-06,-5.23539645815968e-05,-5.6853767346263e-05,-3.24289906950525e-05,-9.75757945205492e-05,-4.28590376404146e-05,-9.56073609119196e-05,6.38726051074344e-05,-0.000113175791176789,2.00247269225725e-05,-1.36941487334571e-05,5.18723412676877e-05,5.15359350909597e-05,2.52794407010099e-05,1.06498757450777e-05,-1.68171961501929e-05,2.9287576606927e-05,-8.38865294642679e-08,-1.06225576752211e-07,6.47397407584355e-08,3.57342166361966e-08,1.32568053665072e-07,-1.97468357767454e-07,-3.18571721753733e-08,-4.55000591569164e-08,-6.74832131493007e-08,9.21781718795236e-08,7.60311420980789e-05,0.000306184432685112,-0.000143133931505227,7.28315147267256e-05,-0.000272856191395648,0.000202181578492856,-2.69347666851659e-05,0.00053398159556081,-0.000350106447149495,1.0516537801628e-05,-4.27067468081287e-08,0.000313671498680008,-0.000221771710917157,0.000241580941049094,-0.000783554039311071,2.91371462353792e-06,3.40699622289693e-05,4.10077001666586e-05
"north_west","rel_p_ICU_delta",6.38239322819971e-06,-2.16437398337852e-05,1.48764122708021e-05,1.77617167548406e-06,9.62309989263125e-07,-4.21352629523065e-07,1.1587498395164e-06,5.88305694240771e-07,-9.040458790334e-07,1.46417567819873e-07,4.25214019781257e-06,2.45953861228262e-07,7.66742077667594e-07,-1.09981256685452e-06,3.15189391325388e-06,5.46346323154876e-07,7.05999252955043e-07,1.44586658423714e-06,1.38343074270685e-06,1.69471633980485e-06,1.12038049612938e-06,2.8920208952776e-06,1.61092008807988e-06,1.97371232645234e-06,2.33811166721536e-06,4.67365785188417e-06,9.56292750299756e-07,1.21656578593363e-06,4.69114347302634e-06,3.5889115996053e-06,2.21596517528016e-06,3.28616643998538e-07,4.85261660152124e-06,-2.81645947113023e-07,-4.23486723979384e-07,2.98778271655273e-07,1.65953283388556e-07,7.97267346391183e-07,-1.30415594921984e-06,1.40520650786905e-06,-2.92734626490543e-05,3.13243820142374e-05,4.81345656382651e-05,2.47086563366029e-05,4.33110345366426e-05,2.65925018809284e-05,0.000232306456288832,-9.60625784324464e-05,0.000168173316577719,-2.62716548666825e-05,6.45346773251077e-06,-2.07185920969687e-05,2.74065121391286e-05,-4.60398724224874e-05,-7.09713189859253e-06,-1.56960436984315e-06,-1.56913146366989e-05,7.60427614702281e-08,1.84770537397111e-07,-6.36126758629682e-08,3.85820892100051e-08,1.32145892819514e-07,2.26211755902443e-07,1.13490466310037e-07,5.05031193578289e-08,8.80895882684004e-08,4.90025169827678e-08,-5.32659418553407e-05,-0.000274112289161379,0.00018479372174209,-4.31570861671146e-05,0.000189379848864161,-0.000266853697709767,2.34718083722781e-05,-0.000350106447149495,0.000444578055660045,-3.46029153961121e-05,-1.50643655983741e-07,-0.00170259158711663,0.0002505631881666,-0.000510513624041014,0.000323014410509435,-1.53252797915993e-05,-3.35144115091716e-05,-5.24916586014478e-05
"north_west","rel_p_ICU_omicron",-1.46255895281565e-06,1.28905147241315e-05,-2.91360684640855e-06,-3.45009901582629e-07,-1.66381536650883e-07,4.6166551520197e-08,-5.72813109098259e-08,3.90779540056168e-08,-6.76418955921077e-09,2.38815163060797e-07,-6.01931769504097e-07,-6.2095935914643e-08,-1.95272017046651e-07,1.24232066772587e-08,-4.97937771768035e-07,1.92341376363672e-06,-1.42231849715812e-07,-2.00008249116754e-07,-4.22961744757529e-07,-1.97108413509992e-07,-2.28993429739821e-07,-4.97997322027049e-07,-1.06706267822798e-07,-6.49239383499612e-07,-1.65216491828609e-07,-7.9967054268757e-07,-2.95795473468717e-07,-1.1599868540377e-07,-6.73272855231464e-07,-9.52619403415141e-07,-2.49441926653721e-07,-6.47864223173461e-07,-6.59153603792981e-07,1.80274269085215e-07,1.36057005513339e-07,-1.41807434544137e-07,2.93197446769132e-08,-3.12911199821575e-08,9.61620937371772e-08,-1.16287320909643e-07,-9.32389901052127e-07,-7.31576179643959e-06,-2.71485694884097e-05,-2.19801540460663e-05,1.12266960096415e-06,1.44268384027929e-05,-2.34508464438346e-05,4.16458601652283e-05,-2.27590305177608e-07,7.74466273819947e-06,-1.9710757471561e-06,1.88292354543615e-06,-3.66861117142443e-05,1.30969241265932e-05,4.38713242978568e-07,2.01269277838666e-07,-2.54836119384533e-06,-7.87953745552112e-09,-2.19208683648158e-08,1.73344960351719e-08,-9.2036102633034e-09,3.00143919862002e-08,-3.47686267023356e-08,-1.96221846283459e-08,-1.06842859776318e-08,-6.75891565241217e-09,1.68750983779575e-08,4.33539488806757e-06,4.93888536288343e-05,-9.4486715769653e-06,-5.35358991832637e-06,-7.35893628533604e-06,2.4464555989868e-05,1.67654111022845e-05,1.0516537801628e-05,-3.46029153961121e-05,2.21142227133889e-05,4.92626714453374e-08,0.000718420118261131,-4.05118259143992e-05,0.000124439488218752,-1.32256310514131e-05,6.86238301868964e-06,3.78672734536103e-06,9.51415489678813e-06
"north_west","rho_pillar2_tests",-1.16993789037179e-08,-9.9334134568549e-08,-3.14152963256818e-08,-1.31315737419759e-08,1.24398107621715e-09,2.6315661447848e-09,-7.93577290323413e-11,5.11773451547688e-10,3.65632149787526e-09,3.51786239777819e-09,-5.47266792867324e-09,-1.77003732725099e-09,8.33876717394795e-11,-8.15420394354453e-10,2.5598474889785e-10,6.90911985217745e-09,-2.32778302222845e-09,-1.60512281623499e-10,-3.12599705579477e-09,-8.06658665213587e-09,1.3907868312448e-09,-4.52750011704957e-09,3.28232503001462e-09,-1.58555766522838e-09,-7.79612012951541e-09,2.57360041064692e-10,-7.26311100727325e-10,-5.00114777823523e-09,1.80310141718145e-09,-9.43966199105089e-09,9.63821291697055e-09,-2.12687642058616e-08,9.41286545636923e-09,-1.12349728383603e-09,1.4109955568276e-09,-2.57291316903092e-09,5.8234859393764e-09,-3.90661178312263e-09,2.01915126712243e-09,2.09706843510317e-09,2.24252733927512e-07,-1.66537403576191e-08,-2.57609572171556e-07,-3.69501085450511e-07,1.24331752870489e-07,2.86873789107345e-07,1.04673256242135e-06,-1.79878339494359e-07,4.5830023320162e-07,9.56341502193965e-08,-3.76455934804308e-09,-1.71325497940359e-07,-2.76068583842125e-07,4.05813250464814e-08,6.03809866819554e-08,1.80967561222213e-08,4.95125257037609e-08,-2.09374189611568e-11,1.27165835643296e-10,6.48999590270035e-10,-1.45606416698762e-10,1.2532861453502e-10,-5.89255193383016e-11,-1.77778315532682e-10,2.84460487361272e-10,-5.50264165318345e-11,1.35300732324519e-09,-1.49226282313258e-08,5.5901296517449e-07,-4.10716855249269e-08,-3.859862608046e-07,-1.17836618601375e-09,2.69091416465829e-07,1.59743761485627e-07,-4.27067468081287e-08,-1.50643655983741e-07,4.92626714453374e-08,9.01061182188394e-09,7.86148041891454e-06,5.47366461132349e-07,2.4686792642369e-07,6.11930400778316e-09,1.246929747175e-07,4.85122525402057e-08,-6.46207969657495e-08
"north_west","seed_date_alpha",-0.000169579957960935,0.00284796029443738,-0.000208829687337923,-3.48132272476408e-05,-5.06566055597394e-05,-3.72062681286201e-05,4.85406627242441e-05,-4.86848737617515e-05,7.25146177316958e-05,2.18619639423007e-05,-5.59457944099777e-05,-9.59535209530424e-05,-0.000116484652997063,-0.000131409979792496,-0.00012588058945269,0.000273040414183103,-0.00014174716934396,-0.000101214604181919,-0.000222200900157171,-8.46697871179865e-06,-0.000169260933743779,-0.00015774393462206,-0.000119494564311439,-0.000192361610560642,-0.000202208410085139,-0.000232476887131738,-4.55222227095508e-05,-0.000172059504310501,-0.000218730972465444,-0.000274260063320875,-4.99873517628071e-05,-0.000222998823625552,-9.66381482845376e-05,-0.000237373815235668,2.05142200127594e-05,-2.59761072176304e-05,2.974063258915e-05,-3.70569173708926e-06,-5.86072840692216e-05,5.73067675677177e-05,0.00214218263105826,0.000543471051414626,-4.50045966825579e-05,-0.00078030546652084,0.00161295929887031,0.00285616743144717,0.00148417653617325,0.0069531549698129,0.00256414167369552,6.3462849343747e-05,0.000460377555886568,5.9429662527016e-05,-0.00130627563596442,0.000504778518873733,0.000242809566650752,1.09890553739259e-05,-0.000468497609272836,8.30741706132868e-07,-2.38260489412477e-06,2.00386115541216e-07,-1.79271443327786e-06,-3.38412314977111e-06,-3.92773128909201e-06,8.15719154389455e-07,-2.14041203865177e-07,-1.13506532178513e-06,5.45691042591613e-06,-0.00435153371138859,-0.00110373504585265,0.000561158812570689,-0.00264665479942663,-0.000257493231417974,0.000217052448596137,0.00169718764265747,0.000313671498680008,-0.00170259158711663,0.000718420118261131,7.86148041891454e-06,0.623415518419057,0.00506203833873501,0.0137117241966499,-0.0114854976988766,0.00624214696342429,-2.64544511937482e-05,0.000783938737158977
"north_west","seed_date_delta",-1.59075761443221e-05,0.000166183592406309,-7.5543970665427e-06,7.90733789252781e-06,3.21544704322868e-06,1.82791325710471e-06,-2.73834086857563e-06,1.04957446909123e-06,2.85221456187147e-06,-4.40405477124556e-06,8.18390768746377e-06,-1.60093915963506e-06,2.15155784729009e-06,-1.09066769637827e-05,1.9489345144058e-05,-4.53647459317196e-05,-1.61717068831017e-05,-1.74025378443156e-06,-1.51738774884357e-05,-8.68638338796548e-06,-3.60398151299984e-06,-1.35311622229468e-05,-3.09131565581881e-07,-1.76747505746229e-05,-5.07931101000019e-06,-1.27149037347554e-05,2.41044055524843e-06,-4.09652443908311e-06,-1.12600375324467e-05,-1.30787505028045e-05,1.82325416090339e-06,-1.87071171624545e-05,-7.7401013922049e-06,4.27517965937961e-06,-1.43245457236298e-06,-3.2604918443783e-06,1.51703964662823e-05,-1.02099470682289e-05,6.36939390396707e-06,-2.27967663020924e-06,0.000224997627734415,7.08686790568897e-05,-0.000139181562031363,-0.000143746892699742,-0.000126936190111424,0.000513998229398525,0.00059043036747116,0.000128127929301543,0.000126720739292195,4.9698469151813e-05,3.86127035709092e-05,-2.57235803742973e-05,-0.000349643353900719,0.000104411065544499,-8.03051726382203e-05,1.23139312654341e-05,-5.89671181001585e-05,7.67703095223347e-07,6.44394119161001e-07,6.91855284761276e-07,3.66346366564663e-07,3.51063564810126e-06,1.4225692671516e-07,6.16891502329388e-07,3.90761408210214e-07,-9.64622407684623e-08,1.67504096733688e-06,-0.000218931840136222,-0.000341784809395974,0.000260477794375015,-2.96608443793279e-05,-0.000285515006191171,-8.60478448316822e-05,0.000909441927584848,-0.000221771710917157,0.0002505631881666,-4.05118259143992e-05,5.47366461132349e-07,0.00506203833873501,0.0277606061123295,0.000831366063562459,-0.00135886136221463,5.11077486056798e-05,0.000413490069510819,-6.04975190026671e-05
"north_west","seed_date_omicron",-1.27040470803597e-05,0.000344115119655085,-0.000115673561379263,1.84655452970682e-07,-2.12886378265712e-05,-3.37286672205239e-06,-3.00934391064518e-06,-3.73278993499032e-06,2.74708336547192e-06,1.07138178881426e-06,-2.1686445026448e-05,-5.31288715701048e-07,-6.76032591764174e-06,3.66344390743831e-06,-1.54872599501386e-05,-4.62237148402275e-06,-4.52941775507142e-06,-7.8574938431789e-06,-8.20513819562804e-06,1.10954111861296e-06,-1.20717346711905e-05,-1.4017801783835e-05,-1.31416785154776e-05,-1.61294668106332e-05,-2.63299686772249e-06,-3.99380612941175e-05,-5.57219698792591e-06,-8.12307384643556e-06,-2.59327850412717e-05,-0.000106911669639793,-3.59928810341117e-05,-5.79863141000817e-05,-6.32344585754322e-05,-6.10371479751751e-05,4.48422289336599e-06,-1.14053478393301e-05,-8.79720086093392e-07,-1.2271858098145e-06,1.85742886556333e-05,-1.14285772700702e-05,-0.000231046399913069,-0.000214242826551381,-0.000475717368094842,-0.000460586720631054,-0.00114263438623716,0.000613547507188721,-0.000648939783768798,0.000329086006134963,-0.00156975848219697,0.000265801152766512,-8.60091913222125e-05,0.000136578569545266,0.000554531103364872,0.000566858273373424,1.32364037197108e-05,1.40578678188352e-05,3.35147629797605e-05,-1.07927046303671e-06,-2.84887617827287e-06,-1.25628284632524e-06,-6.91680695315275e-07,-1.60252823026171e-06,-1.48429027131702e-06,-1.25009596689758e-06,-1.21865796806e-06,-1.01899447601437e-06,-1.40793278739806e-06,-0.000751317378533612,0.000886896775000846,-0.00019736972850696,0.000527817993646234,0.000233590485125672,-6.82317870979659e-05,-0.000322858029052084,0.000241580941049094,-0.000510513624041014,0.000124439488218752,2.4686792642369e-07,0.0137117241966499,0.000831366063562459,0.0400261122791666,-0.00772642979287828,8.30911357050352e-05,0.000120542781281832,0.00176976960258088
"north_west","start_date",-3.88577989838144e-05,-3.0027041790932e-05,0.000149643741152535,-4.35990008929363e-05,0.000553868493698404,-1.26013442424855e-05,1.82519861611559e-05,1.71367596262299e-05,-4.69262685184231e-05,4.90034594335492e-05,1.5824993394191e-05,-4.3193522721747e-06,9.42991447253993e-06,-1.61749144767639e-05,1.85580830490903e-05,-0.000268450097628267,4.513902894942e-06,-1.82943773457822e-06,2.50550014690491e-05,-9.05850468975198e-07,5.98765246737738e-06,3.02800756408018e-06,1.49889317541413e-05,1.2820795602202e-05,-3.57684823521082e-05,4.29681089132112e-05,8.90606086653646e-09,-7.40788765453148e-06,2.11993830380367e-05,3.10484613023344e-05,1.09545678191157e-05,-1.01049494051739e-05,5.75703218503651e-05,-3.58891582172236e-05,-1.04591477800871e-06,-2.12485321753069e-05,2.22382221980193e-05,-8.58132964657308e-06,1.56811750254994e-07,1.922513252367e-05,0.00134537400798489,0.000252431518457832,0.00159204101253265,0.000762592761095391,0.000972691825286424,-0.00343774761078672,-0.00127296442112938,0.00219814184193258,0.00312065866441295,-0.000442459104863427,6.42230197650832e-05,8.00324128825397e-05,-0.000606294441938248,-0.000584337021680749,-0.000165832289923046,0.000111679307175154,0.000877370078467397,9.51648951599385e-08,-2.11123082653287e-06,-1.52442638895977e-06,-3.20548256013604e-07,2.91172754882859e-06,7.75612333420489e-07,-7.64544114303751e-07,-2.79278900944295e-07,-9.44258065310112e-07,-1.15384239878303e-07,0.00113021078809521,-0.0016882913701743,0.000542778066505892,-0.000388354010755122,-0.000273918868434857,8.47864050162309e-05,0.00112836296126532,-0.000783554039311071,0.000323014410509435,-1.32256310514131e-05,6.11930400778316e-09,-0.0114854976988766,-0.00135886136221463,-0.00772642979287828,0.208534161912517,-0.000154875620661313,-0.000225494089183568,-0.000434134371124405
"north_west","ta_alpha",-1.7364949752064e-06,2.48281270437893e-05,-1.396594378932e-06,-8.06536093582235e-07,-6.47451979556053e-07,-2.19642902001769e-07,7.40186242613546e-07,-7.88467431396105e-07,9.69077550459296e-07,-4.06117336597177e-09,-6.50128672966956e-07,-1.06782453819524e-06,-1.17002749538784e-06,-1.3889337088546e-06,-1.28017702767011e-06,3.17858053381753e-06,-1.47535174357519e-06,-1.09688218918088e-06,-2.11974744484686e-06,-3.97211342267026e-07,-1.63109174386801e-06,-1.67049526093208e-06,-1.09101086775314e-06,-1.93297497032541e-06,-2.25407123245503e-06,-2.0589947057401e-06,-3.70589396569453e-07,-1.80469541040082e-06,-2.05370308037503e-06,-2.63675849109866e-06,-3.77049560919712e-07,-2.26478445324421e-06,-6.45552565268481e-07,-2.62380349485969e-06,2.17252986522837e-07,-2.19582267712095e-07,3.54333908104469e-07,-9.40566046645054e-08,-6.74516663005371e-07,6.86676090934947e-07,2.58472151779463e-05,1.97157230236623e-06,-4.53031770834669e-06,-1.51146587210288e-05,1.51882520886501e-05,2.93280354440792e-05,3.44467583362769e-05,8.55764575144936e-05,3.68873495514222e-05,6.133112548752e-07,4.7325862571719e-06,-3.95380453880004e-06,-2.6333694624052e-05,3.5062554763205e-06,3.38106471230733e-06,-3.40000537012298e-08,6.69692496767198e-06,2.88435300520933e-08,2.04247326454533e-08,3.6522003920043e-08,-5.89433419019951e-10,-2.29338574986713e-08,-1.96567708730063e-08,2.32957305225395e-08,2.43859973740865e-08,1.34399839099037e-09,9.70699376222747e-08,-3.37351270801274e-05,-6.50520497191998e-06,9.48643249704515e-06,-3.20103593285333e-05,-6.9302089670979e-06,8.74525109476188e-06,2.77414747427153e-05,2.91371462353792e-06,-1.53252797915993e-05,6.86238301868964e-06,1.246929747175e-07,0.00624214696342429,5.11077486056798e-05,8.30911357050352e-05,-0.000154875620661313,6.89086807504577e-05,5.14125332939388e-07,1.35759235223692e-06
"north_west","ta_delta",-1.93079829041761e-07,1.39888223942463e-05,-4.11916860574994e-06,1.28556774488871e-07,-3.0919625831039e-07,-1.9786067487565e-07,2.07786876083954e-07,-3.33933093893305e-07,5.77183782498105e-07,-4.80767244316721e-07,-2.87399047599463e-07,8.4652445461879e-08,-2.98287487663154e-08,1.39738758148416e-06,-1.35500103270544e-06,-2.00222105852255e-06,-9.63742868694407e-07,-7.8127823328625e-07,-1.11576971337686e-06,-1.26048887448034e-06,-4.53450781634106e-07,-1.82200280335682e-06,-5.58252307588885e-07,-1.54129443508183e-06,-1.03666721136346e-06,-1.96667471052015e-06,-1.30765644563151e-07,-1.09110525453233e-06,-1.68040193406015e-06,-1.33183142683386e-06,-6.45193833627278e-07,-7.15975413746518e-07,-1.71661836178416e-06,1.09914000000622e-06,1.48802357497424e-07,-1.14056508844911e-07,2.63333099304357e-07,-2.5899373118877e-07,2.46974419638372e-08,1.84165751130063e-07,1.02659818105056e-05,-3.72733643174944e-06,-3.96846283323638e-05,-2.98308920293288e-05,-2.38835825643009e-05,2.20925736356399e-05,-4.03590642732855e-06,2.21797031554998e-05,-2.2163154336595e-05,1.03558966171301e-05,-3.23904923596797e-06,1.03233171182974e-06,-2.97125166360556e-05,5.06590775788286e-06,-2.15758738819451e-07,-2.63310121338515e-07,1.15255489096121e-05,2.21725593611125e-08,3.22659999657754e-08,7.33676459491979e-08,4.16600849336659e-08,6.31841476324268e-08,-3.14078464055343e-08,9.94946234302339e-09,1.94658211524628e-08,-7.5377064671514e-10,7.82141234478879e-08,1.89147314028969e-05,8.22770641740231e-05,-1.71720634235844e-05,-3.78579007875423e-07,-5.070556803078e-05,4.25730060652887e-05,3.45493521404908e-05,3.40699622289693e-05,-3.35144115091716e-05,3.78672734536103e-06,4.85122525402057e-08,-2.64544511937482e-05,0.000413490069510819,0.000120542781281832,-0.000225494089183568,5.14125332939388e-07,5.1561720863021e-05,7.50113737296924e-07
"north_west","ta_omicron",-4.12990298197836e-07,2.18219105081859e-05,-4.88988738649244e-06,5.77749661016757e-07,-1.51653495382805e-06,-9.68405594866448e-08,-7.93802461272169e-07,-4.57674149456453e-07,-1.13633926981039e-07,-1.02949029393058e-07,-2.20721801465732e-06,-1.47104623881616e-07,-6.73977495595525e-07,-2.68480964737898e-07,-1.48397385928934e-06,-1.72575066516642e-06,-2.51900968288035e-07,-6.50593032220156e-07,-8.15968737476145e-07,-3.19414084354799e-07,-1.0641958890318e-06,-1.31227332270217e-06,-1.71704133880798e-06,-1.47457249142987e-06,-8.85447593963534e-07,-4.02327306420131e-06,-2.3770533035599e-07,-2.34089266307043e-07,-4.20454341277135e-06,-6.14708366628799e-06,-2.99567031984272e-06,-3.13727121125132e-06,-4.57172257285531e-06,-3.79559540594912e-06,2.67996780363226e-08,-7.44621600574599e-07,-8.06339397606052e-08,-4.77436633081776e-07,1.60146360914738e-06,-1.42130084284648e-06,-2.88947265111401e-05,-1.72239499292925e-05,-2.67959236826514e-05,-1.540053742912e-05,-6.27758487790335e-05,-5.78898049066789e-06,-8.66950121669675e-05,2.50923157946301e-05,-0.000110785041470852,1.59303124982562e-05,-7.82247964619406e-06,3.18910123881028e-05,5.79432172145737e-05,4.18518591278559e-05,-1.85932253991844e-06,1.41098683404438e-07,-1.68572291349846e-05,-1.47338852818974e-07,-2.86711109105776e-07,-2.34189346342764e-07,-1.23754271694711e-07,-2.66382722088685e-07,-1.5184077718699e-07,-1.53930464498355e-07,-1.5233265818453e-07,-1.26444129593916e-07,-2.55766963488936e-07,-4.61391064040013e-05,8.00535812235506e-05,-3.64504092918164e-05,5.31801532484335e-05,-1.24925917101196e-05,1.98395762884192e-05,-4.15609234737346e-05,4.10077001666586e-05,-5.24916586014478e-05,9.51415489678813e-06,-6.46207969657495e-08,0.000783938737158977,-6.04975190026671e-05,0.00176976960258088,-0.000434134371124405,1.35759235223692e-06,7.50113737296924e-07,0.000118565033757291
