"region","name","alpha_admission","alpha_D","alpha_death_hosp","alpha_H","beta1","beta10","beta11","beta12","beta13","beta14","beta15","beta16","beta17","beta18","beta19","beta2","beta20","beta21","beta22","beta23","beta24","beta25","beta26","beta27","beta28","beta29","beta3","beta30","beta31","beta32","beta33","beta34","beta35","beta36","beta4","beta5","beta6","beta7","beta8","beta9","mu_D","mu_D_2","mu_D_3","mu_D_4","mu_D_5","mu_gamma_H","mu_gamma_H_2","mu_gamma_H_3","mu_gamma_H_4","p_G_D","p_G_D_2","p_H","p_H_2","p_H_D","p_ICU","p_ICU_2","p_ICU_D","p_NC_15_24","p_NC_25_49","p_NC_50_64","p_NC_65_79","p_NC_80_plus","p_NC_weekend_15_24","p_NC_weekend_25_49","p_NC_weekend_50_64","p_NC_weekend_65_79","p_NC_weekend_80_plus","p_W_D","rel_p_D_alpha","rel_p_D_delta","rel_p_D_omicron","rel_p_H_alpha","rel_p_H_delta","rel_p_H_omicron","rel_p_ICU_alpha","rel_p_ICU_delta","rel_p_ICU_omicron","rho_pillar2_tests","seed_date_alpha","seed_date_delta","seed_date_omicron","start_date","ta_alpha","ta_delta","ta_omicron"
"north_west","alpha_admission",7.81573808822966e-06,-2.06206358589375e-05,-1.97626441350128e-05,-5.16740219613566e-07,-1.76516702686855e-07,4.31271819252467e-07,-5.3479290669191e-07,6.21830195194917e-07,4.61697453375244e-07,6.30844692329116e-07,7.91142397034605e-07,2.85029218544579e-07,3.18292425197009e-07,2.25929852457368e-07,4.1227417294428e-07,1.00492686094353e-06,1.41065322828506e-07,-6.65129558924866e-09,2.02436185410499e-07,-1.69852982199323e-07,4.56128641109388e-08,1.60834189741066e-07,-1.15180148041319e-07,2.66332138220609e-07,2.75257705710205e-07,6.63581229666937e-08,2.23103111148218e-07,-6.98755327362455e-08,4.1524566082296e-07,9.80697114872436e-07,-1.4861658213968e-07,4.73592296730638e-07,7.64082243017165e-07,-1.44137353566615e-06,-1.60363215150377e-07,2.36661189800189e-07,-4.04583444333277e-07,2.76803542714877e-07,2.25626866488727e-07,-5.00014415239916e-07,-2.15359345001142e-05,-3.95467965411215e-05,4.0139725835304e-06,3.36442252362467e-05,-2.57878535485255e-05,-2.57835202880416e-05,4.31820491365297e-06,-7.50510264646776e-06,-5.43088747304942e-06,2.33879515130915e-06,-1.36650578889044e-07,1.2947687672333e-06,6.34162745128732e-06,-2.98199947906894e-05,-1.96808519104571e-06,-9.52200145928853e-07,1.22826864540634e-05,-6.26714144290295e-09,3.8411725999106e-08,-1.12197162231896e-08,5.50530257105556e-09,8.63777067224013e-08,2.94331019899915e-09,2.28696541658697e-08,-1.23613797296118e-08,9.47927240768025e-09,2.88985006246325e-09,-5.5333212376152e-06,3.09155894638118e-05,-2.54674613850379e-05,1.60265306536644e-05,1.85800599146979e-05,-1.69232623650433e-05,-4.20121995537393e-06,1.4417740243657e-05,-7.81374418351119e-06,-2.82170707763885e-07,3.75413425424115e-09,9.05860460606953e-05,0.000592871542774767,5.7883366261373e-05,7.54388699643382e-06,-1.2311251898716e-05,1.3411558767128e-05,-7.10613754926492e-06
"north_west","alpha_D",-2.06206358589375e-05,0.00076022585916227,0.000132458574656796,6.13386093549361e-06,-4.30317350593195e-07,-7.88564592500979e-06,4.1293197745257e-06,-1.82774150911951e-06,-8.23342520577166e-07,-2.75853130568831e-06,-2.0001819601026e-08,-4.83603126711128e-07,-1.64479949915642e-06,-3.00571234268675e-06,1.37678673390532e-06,-6.29649722078732e-06,4.53664985296075e-06,5.75685724665772e-06,-9.64981443345186e-07,8.90961252733593e-06,3.5653915135502e-06,5.25930728253829e-06,7.51432918255658e-06,3.46827933287933e-06,5.90577217813117e-06,9.3154672901585e-06,-3.24194036140462e-06,5.47380724159466e-06,7.78710493549014e-06,4.40656198098714e-06,5.24362827867237e-06,7.86004093800117e-06,6.03745950679109e-07,1.77694050865202e-05,1.3583323398188e-06,-8.29428606640463e-07,1.15364057768947e-06,-1.01772536956018e-06,-7.41402286431832e-06,9.02119403588994e-06,0.000339290124811345,2.83163234295597e-05,0.000154865039898956,-0.000446544560050881,7.67257703414101e-05,0.000263110776139138,0.000165374297413785,8.08453156274578e-05,7.49979518883955e-06,-8.2090714470808e-05,8.54275649877957e-06,7.61149325153188e-05,0.000278603823410199,0.00025317204690732,1.46264407993713e-05,-3.47227080126166e-06,0.00015476089189596,-2.01546650619376e-08,-1.21011460368145e-07,-4.61497516541741e-08,2.07505831470221e-08,-4.29875128260936e-07,-1.03683687350125e-07,-1.20463669461982e-07,5.06916280258431e-08,-8.16412149297667e-08,2.60497144367736e-07,-6.32685947413884e-05,-0.000342254452857505,0.000172413523367404,-7.48921945736467e-05,-0.000419323790330342,0.000168398686296958,-0.000174079775005425,0.000237621154888829,-0.000134313297442115,-3.22199570579164e-06,1.88448023410746e-07,-0.000662364086807333,-0.00547577753978424,-0.00200486416243859,-0.000320036615799174,1.16741986558811e-05,-0.000278371715673927,-1.56186234937334e-05
"north_west","alpha_death_hosp",-1.97626441350128e-05,0.000132458574656796,0.000479276520405614,3.2584756373875e-06,4.89596598302055e-06,-4.04580831498847e-06,1.44872527264872e-06,-3.34234148051474e-06,-1.70581273092608e-06,-5.60141643827144e-06,-2.3327349060205e-06,-1.25475941055547e-06,-2.16449226163535e-06,-3.09140163516125e-07,-4.93322459629515e-06,6.08317431706974e-06,-4.49837646332494e-07,1.95599654452855e-06,-1.96603492494424e-06,2.27689904864973e-06,3.64855617884565e-07,1.11919415532197e-06,1.67451555110256e-06,-1.16889945258658e-06,1.2784459866374e-06,3.06096157154459e-06,-3.60369856623922e-06,-1.15814550477841e-06,4.21580577980269e-06,-2.69166867455056e-06,-9.34606234715777e-07,-4.56656641290809e-07,-5.87055449804197e-06,9.24462295970879e-06,2.34193437704784e-06,-2.28793261712601e-06,9.13102164890733e-07,1.24845489642667e-06,-7.56687317763173e-06,6.39470326146501e-06,0.000421855238654883,0.000160991921380806,-0.000192590099955253,-0.000123456050663668,0.000647810203048675,0.000247514832420422,-0.000106267353770382,2.45287632925271e-05,1.31015608158113e-05,-2.24622646860702e-05,9.14781230764508e-06,3.30020801398929e-05,6.93334607175927e-05,7.70469945840437e-05,1.19524367246518e-05,1.14823194339554e-06,-5.5525489914934e-05,-3.88534482686152e-08,-2.36048202722868e-07,4.11500414880726e-08,-7.04918778812221e-08,-3.39055529046647e-07,-7.02188924067324e-08,-8.97710615225621e-08,1.57323791348596e-07,-3.59801994182682e-08,1.84783772508486e-07,-0.00014049220491548,-0.000189576638030765,0.000121850934178305,-0.000182009753868776,-0.000199382462428728,8.02676018975333e-05,-3.50488427786568e-05,-4.80325427922677e-05,7.02056680731209e-05,-3.20127695737516e-06,-8.98791630600188e-08,-0.00116273687424519,-0.00804773539329217,0.00334812494681102,0.00189160719648325,5.09014420352235e-05,-0.000119411956557637,7.20045151812728e-05
"north_west","alpha_H",-5.16740219613566e-07,6.13386093549361e-06,3.2584756373875e-06,1.09318704362584e-06,4.67503789202616e-08,-1.07148528749038e-07,4.6668624025005e-08,-1.12173913960799e-07,5.78839394595986e-08,-1.54208010409458e-07,6.47828016106091e-08,-1.75472963144302e-08,-2.96733202371726e-08,-7.44336987126023e-08,-3.05255916831513e-08,-2.93068409215786e-07,2.74295133079044e-08,9.44464202677621e-09,4.08323788898619e-08,-1.14113856356848e-07,4.0414381960534e-08,3.74255143357874e-09,-3.10726975045435e-09,3.26736477964368e-08,-3.24707526233607e-08,6.19458621210436e-08,-9.52842157910434e-08,-4.83110570239484e-08,6.35444340544505e-08,1.64658316699706e-07,9.57349005973312e-08,8.64643850173091e-08,2.6551861452796e-08,2.14259999148994e-07,4.67894424830924e-08,-6.73028671336104e-08,3.76162090119573e-08,9.32626995190683e-08,-2.20216504312526e-07,1.14442296345849e-07,-5.60983822338719e-06,-1.09965448408941e-06,-2.22673743813951e-06,-1.4740082180204e-05,-7.96172725895872e-07,9.17452778115602e-06,2.40097744686435e-06,2.29084059263365e-06,6.59593639101414e-07,1.75415016757679e-07,-1.48529104269859e-07,9.0188601482914e-07,5.62123034869617e-06,1.1705047767642e-05,8.29454755749697e-07,-2.43644497992057e-07,2.82212929282922e-06,-1.38242382867517e-09,-4.76962311347835e-10,6.32281612652951e-09,-3.93666544241869e-10,-2.70926913303927e-09,-5.29078138447101e-10,-1.18119800713461e-09,2.5513347931384e-09,1.55574724515772e-09,4.30018761252241e-10,-6.19196407237944e-06,5.52588590463001e-06,2.65954077115125e-07,-7.41967331398429e-07,-9.55632629170258e-06,5.60927125764535e-06,-4.56612647747478e-06,7.80151241544562e-06,-4.74550495671668e-06,7.07722739310905e-07,-1.09334088767388e-08,-2.41774393583915e-07,-1.97507471902804e-05,-6.10483997612573e-05,-3.4228972967568e-06,6.86949782629995e-07,-1.44146171643572e-06,-2.46514899627871e-06
"north_west","beta1",-1.76516702686855e-07,-4.30317350593195e-07,4.89596598302055e-06,4.67503789202616e-08,3.58776186827836e-06,2.61418283373401e-07,-8.24297203538299e-07,4.05514622991384e-07,3.44480757126049e-08,-2.40305969017435e-08,5.18444178335127e-07,8.408182442619e-08,7.91326255036023e-09,-1.32062361606307e-07,-1.46161715728055e-07,-2.65124945407913e-06,-4.28519916266415e-07,-1.31288565998254e-07,-5.96348454717328e-07,-3.50854480348025e-07,-5.20073740445894e-08,-5.64793544907196e-07,-2.04197175072638e-07,-7.46011517778247e-07,-3.43528418981518e-08,-7.17976405680509e-07,-1.79701945672974e-07,-5.14867119784585e-07,-3.00491239846311e-07,-6.97307270415241e-07,-4.68703539445526e-07,-3.74711776288855e-07,-4.92835446494662e-07,-7.0151352971053e-07,1.5292394714389e-07,-2.22738492898916e-07,7.48890626870313e-08,-1.25936418997389e-07,9.69504915012017e-08,-3.10392369900938e-07,2.99702533534971e-06,-0.000127789048512059,3.3956275546434e-05,2.80246551086822e-05,1.89023788913713e-05,-5.07665677796644e-06,-1.70590172071934e-05,3.68589910364445e-06,-2.99473896026429e-06,-2.45277170159981e-06,3.64740168964626e-06,5.06787680230631e-06,2.92621536004754e-06,-5.21716717262948e-06,2.09386326315103e-06,8.11286266438264e-07,3.41785494550017e-05,-9.69680138354524e-09,-2.39752328957093e-08,-1.17433265458837e-08,-1.10555624194218e-08,2.94905166447148e-08,1.28067903977773e-08,-1.08738537755445e-08,-8.794549693313e-11,6.34179149620448e-09,-2.33213379985067e-08,-2.37265870240918e-05,-7.30489272685297e-05,4.62312364999803e-07,7.79383511496671e-06,8.37012785513119e-06,-1.38633032485687e-05,1.11339624298519e-07,-2.71879592736016e-05,1.28887319340443e-05,-4.51360361093036e-09,-5.11251018371553e-09,6.93482966298293e-05,0.000167991283353529,0.000325004370498512,0.00127912855661676,-4.69310894713361e-06,1.70890144218134e-05,7.87593979914534e-06
"north_west","beta10",4.31271819252467e-07,-7.88564592500979e-06,-4.04580831498847e-06,-1.07148528749038e-07,2.61418283373401e-07,3.50365989417785e-07,-3.71123751653381e-07,1.66403637577558e-07,-2.91426644698414e-09,1.19674710296609e-07,5.79800814569759e-08,3.32421751159836e-08,5.69493194814685e-08,5.14970134337555e-08,-2.1736210741555e-08,4.7871987336153e-08,-8.0918164710934e-08,-1.6589220713047e-07,2.12076119169157e-08,-2.33923562137635e-07,-7.34310805173463e-08,-1.546852343783e-07,-1.91870174995597e-07,-7.53022130257562e-08,-1.8132852307802e-07,-2.15442025532075e-07,3.15144490617034e-08,-1.64721104462305e-07,-1.41215288846932e-07,-8.65478103221671e-08,-1.36084030262538e-07,-2.46749456945798e-07,6.24447248957822e-08,-5.72995096080568e-07,-8.69431851692478e-09,-1.25018760001488e-08,2.94970513513108e-08,-4.74715955615103e-08,3.05082419347844e-07,-4.15255809596808e-07,-1.04287205362687e-05,-1.0845494774676e-05,4.71486095708562e-06,1.93074745339349e-05,-1.08984957195078e-06,-8.56511134447417e-06,-6.36494933472081e-06,-8.30298665185899e-07,-4.11617115443737e-07,6.58365058030955e-07,3.79912350853716e-07,-1.59304147542212e-06,-8.82119464586302e-06,-7.5733114999736e-06,1.49152525762259e-07,1.45742134872913e-07,4.9108956493287e-07,8.09986202697663e-10,1.86052646812946e-09,-1.29064351122383e-09,-7.42096757847434e-10,1.58361693616543e-08,6.65655763502435e-09,-1.35858321272274e-10,-2.20130844674947e-09,3.29605893949847e-09,-7.83539982876549e-09,-7.6331252510424e-07,-5.17309268210905e-06,-1.04280145539192e-06,2.5326848270819e-06,1.23018678706597e-05,-6.0589690321385e-06,6.60083744064481e-06,-9.09627596787872e-06,5.64260290382388e-06,1.69165467221373e-08,-3.66734743569571e-09,2.22493207898738e-05,0.000190225183937059,8.13691844517857e-05,9.46413880825381e-05,-1.19743961808012e-06,7.92280927000341e-06,3.98554104988755e-07
"north_west","beta11",-5.3479290669191e-07,4.1293197745257e-06,1.44872527264872e-06,4.6668624025005e-08,-8.24297203538299e-07,-3.71123751653381e-07,7.61256262430854e-07,-4.09774650141941e-07,6.18601406833536e-08,-1.44058237108755e-07,-1.80952395969452e-07,-4.74222057058614e-08,-5.03991506736216e-08,1.25607875327128e-08,4.865954553328e-08,5.13182658075333e-08,1.42741389284016e-07,1.73325374125422e-07,7.68742072639156e-08,2.89924418122193e-07,6.4749482709894e-08,2.46980713663456e-07,1.91186279590248e-07,2.03486491982798e-07,1.57408082587769e-07,2.99454567965881e-07,5.35068031708265e-08,2.60289099494374e-07,1.26209765001116e-07,1.24507676505912e-07,2.18731820353578e-07,2.03812989031588e-07,5.52531948966998e-08,6.0420463592159e-07,-3.58837046147469e-08,6.11375972035474e-08,-9.96386299466054e-09,2.24372453458595e-08,-1.78906770147516e-07,3.87638406922161e-07,3.615850045904e-06,4.28768122430143e-05,-1.09892280420022e-05,-2.34744999462084e-05,-4.37635484916977e-06,9.13404510918729e-06,5.27034384381373e-06,5.25003463629484e-08,1.15137373277286e-06,4.26124725416551e-07,-1.06081909708763e-06,-1.40810390300643e-06,4.18673130389805e-06,5.19368230646438e-06,-6.28762660237738e-07,-4.47648769596958e-08,-8.90068707505199e-06,3.61192317266419e-09,3.11399953846799e-09,8.0686279250359e-09,3.57739919451171e-09,-2.10987001711947e-08,-7.4061948108124e-09,6.24321260193297e-11,4.03099788213398e-09,-3.59140130843488e-09,6.26348472061396e-09,8.73351535478546e-06,1.90146331342055e-05,1.71643686919752e-06,-4.9793636784391e-06,-7.6991764115627e-06,7.52569793889098e-06,-4.98005534248632e-06,8.8159163972239e-06,-6.35662466113628e-06,2.31408620872674e-07,7.9410865474635e-09,-2.63645746476735e-05,-0.000186693296014034,-0.000139945149186131,-0.000314333617056559,2.60979965411471e-06,-1.00801098457412e-05,-1.4868156523391e-06
"north_west","beta12",6.21830195194917e-07,-1.82774150911951e-06,-3.34234148051474e-06,-1.12173913960799e-07,4.05514622991384e-07,1.66403637577558e-07,-4.09774650141941e-07,4.12373892575341e-07,-6.25822976724465e-08,3.28378680986814e-07,1.83476976661526e-07,8.05642104253739e-08,7.93614593557828e-08,5.42730923555038e-08,3.62034977318279e-08,-2.41333060842912e-07,-7.71705909107109e-09,-4.04608720505141e-08,5.27418065505107e-08,-1.18123342921024e-07,2.37487530843934e-08,-4.30467110059237e-08,-2.70291891532551e-08,-2.61151092643632e-08,4.51390513894457e-08,-7.19098776065411e-08,4.85492377045167e-09,-4.07894287023365e-08,4.9894763484765e-08,-6.2650716178017e-08,-1.31594784090721e-07,-7.0955359822931e-08,-4.13190006026099e-08,-3.19164931062061e-07,-1.00060310758562e-08,2.3247477659037e-08,-4.46453743203333e-08,-5.79503958132377e-09,8.95713382965212e-08,-1.73066917168461e-07,1.95006023167305e-06,-2.90241223344277e-05,1.45964622105883e-06,1.14790925344906e-05,-1.15551493340013e-05,-5.8970834100176e-06,-1.83514933463283e-06,-2.05191482692962e-06,-1.10659755405558e-06,1.29088090637828e-07,4.17030003919877e-07,1.00109150691333e-06,-2.21401903942467e-06,-6.11368111753399e-06,-1.08338086101323e-07,1.2332971008972e-07,5.77453197577967e-06,-4.61069095921664e-10,2.27316623811368e-09,-3.82598238928779e-09,-1.29646119244534e-10,2.20152682281147e-08,4.75836831280098e-09,2.34310817877583e-09,-2.2313394601336e-09,3.5315958894493e-09,1.44333195904751e-09,-5.7423660792794e-06,-3.79090170000238e-06,-3.72708071009478e-06,5.71629259474716e-06,4.40907934350099e-06,-4.75900402807681e-06,2.07886954141847e-06,-4.5825444027702e-06,1.8704771367577e-06,-1.05949011179517e-07,6.40693292411037e-10,2.38416207392628e-05,8.55179558417026e-05,0.00014103294623073,0.000148719315774537,-3.6937126045359e-06,4.91784949730862e-06,2.68453431668434e-06
"north_west","beta13",4.61697453375244e-07,-8.23342520577166e-07,-1.70581273092608e-06,5.78839394595986e-08,3.44480757126049e-08,-2.91426644698414e-09,6.18601406833536e-08,-6.25822976724465e-08,3.97333645029577e-07,-3.09486139294454e-08,4.13012257194408e-07,1.30492583882622e-07,7.76916413493439e-08,8.33296634409863e-08,1.61806108971836e-07,-8.3868903033982e-08,1.6856376700734e-07,1.57119251863182e-07,1.18963182809918e-07,1.1137014513105e-07,1.57737019324641e-07,2.01416306850458e-07,1.69126181146393e-07,1.79953691507938e-07,3.33637846332928e-07,2.03488671157449e-07,4.00872340616194e-08,1.85127262202178e-07,2.85894797109631e-07,3.35271529355825e-07,7.94201343294965e-08,2.06600356281645e-07,2.64681722823009e-07,-6.11875154049539e-08,-5.31759758620798e-08,7.57343510576467e-08,-1.40315466698994e-07,1.09749638556818e-07,-1.04570785409785e-07,1.23201002010889e-08,-5.17421781489337e-06,-1.18155714700225e-05,-4.94053702075546e-06,-6.83646883794724e-06,-4.17915320079348e-06,-3.04087555590166e-06,4.15848764150885e-06,-2.95468728691863e-06,-9.23183451426075e-07,7.79945491213602e-07,-1.6005227684135e-07,2.74814844861178e-06,1.08975923732237e-05,-4.20789606864215e-06,-3.62827040139096e-07,-3.00523496178103e-07,9.96850245047911e-06,-3.34585133416521e-09,3.7053013836256e-09,-4.39452086265613e-09,-5.48051090001613e-10,1.29395825655235e-08,-1.11024020132248e-09,5.07256028054809e-09,-3.15709721335896e-09,3.05657056818804e-09,9.12380436673265e-09,-5.66174561273221e-06,1.44830156666838e-05,-4.60199595479584e-06,9.15788076208761e-08,-4.11681957741495e-06,-1.98129829317435e-06,-7.63380835258685e-06,7.40683321278974e-06,-5.35007698956358e-06,7.07730592723569e-07,7.48800625004744e-09,3.00336118615068e-05,1.14898656749583e-05,-6.70520844627571e-06,2.40141340062012e-05,-4.97287601490397e-06,-2.10692096070201e-06,-7.73482780261972e-07
"north_west","beta14",6.30844692329116e-07,-2.75853130568831e-06,-5.60141643827144e-06,-1.54208010409458e-07,-2.40305969017435e-08,1.19674710296609e-07,-1.44058237108755e-07,3.28378680986814e-07,-3.09486139294454e-08,8.67589554872131e-07,-9.65066808885645e-08,1.59347816281637e-07,1.39784712526866e-07,1.99911771945754e-07,5.00170072319281e-08,-7.3067509398641e-07,1.28793871046124e-07,5.62436267662841e-08,2.0869628949011e-07,1.21114580913241e-07,8.22364020831831e-08,1.73660028638703e-07,7.65029134050158e-08,2.23040995504695e-07,1.91075496482358e-07,1.12080943434454e-07,1.0764723803247e-07,1.71531298993771e-07,2.31915975704876e-07,-2.04977733020689e-07,-7.11784845348685e-08,-1.88210658926434e-07,-3.45290444152488e-08,-1.77694904260683e-07,-8.36089123686267e-08,9.8542748443741e-08,-7.83531785207506e-08,-4.27101728684948e-08,1.40359427162415e-07,-1.51702218877684e-07,2.47858847297498e-06,-1.33579420835597e-05,-1.72356510127599e-05,-3.92152896662986e-06,-2.99743489948672e-05,-2.00794011186456e-06,-5.30027276757434e-06,-4.00340265005629e-06,-1.19209635299094e-06,1.24167046563391e-06,-2.10195731970839e-07,6.64900699448674e-07,-3.40954713596598e-06,-1.19979999762146e-05,-4.88435868827349e-07,4.63285012922018e-07,1.60399380355797e-06,4.81467056715359e-09,2.17048558307895e-09,-1.93075471060358e-09,1.45973987355277e-09,1.7005763010903e-08,3.56725562296444e-09,1.15175950667429e-09,-1.4457101292902e-09,3.78018439762934e-09,-5.98053471540303e-10,-2.48480997340554e-06,1.89707341948348e-05,-5.33340568537926e-06,5.3383723068722e-06,4.65779385489329e-06,-4.84994503356737e-06,2.18080458093511e-06,-8.07897388748642e-06,2.19134938639132e-06,6.75968092085207e-08,6.13871247087673e-09,-4.68991304555266e-06,-0.000102176344360658,0.000252887421293232,-1.89203067691882e-05,-6.28501641782345e-06,1.26226584165531e-06,7.31504806236429e-06
"north_west","beta15",7.91142397034605e-07,-2.0001819601026e-08,-2.3327349060205e-06,6.47828016106091e-08,5.18444178335127e-07,5.79800814569759e-08,-1.80952395969452e-07,1.83476976661526e-07,4.13012257194408e-07,-9.65066808885645e-08,1.12825161721825e-06,1.60103209066613e-07,1.61147965363869e-07,3.82226264736616e-08,2.68890121636327e-07,-2.32590709147789e-07,1.78704344501892e-07,2.07457510701982e-07,1.56747769459879e-07,3.33803434074151e-09,2.66497490516625e-07,1.86484594991357e-07,2.5233410639606e-07,1.18751090043344e-07,4.86326540100578e-07,2.26768344897618e-07,1.00365062385444e-08,1.93702460870912e-07,3.85858694554968e-07,3.9240338903171e-07,1.00153190520528e-08,2.91480580105058e-07,2.46235728282308e-07,-1.31106144063394e-07,-4.65889258338202e-08,9.03195252764893e-08,-2.15085530971226e-07,1.6937036525179e-07,-1.91573600840028e-07,-2.02903016727721e-08,-2.35728571197403e-06,-3.93189416279474e-05,4.71748724702116e-06,-3.83365203653796e-06,-3.34141467073435e-06,-6.26644113366228e-06,4.91010801551227e-06,-4.40107882982723e-06,-1.48257396148332e-06,6.03622550591959e-07,6.37815886157553e-07,4.86437418679006e-06,1.40856209909655e-05,-6.27880335310555e-06,-6.17046072766833e-07,-1.82049709534407e-07,1.78939310490827e-05,-6.9755645586442e-09,3.68608597718672e-09,-1.09262368098687e-08,-1.94822432103671e-09,2.21046253967808e-08,1.47847397805248e-09,5.74159236149863e-09,-3.91724564101008e-09,5.1850482697532e-09,1.30721354102409e-08,-1.2937689890221e-05,1.83617346690498e-06,-7.95667685246993e-06,3.45741310242064e-06,-4.7459505180553e-06,-4.8710115276694e-06,-9.25386207479219e-06,5.46413060088309e-06,-5.53896609793609e-06,1.13846120725023e-06,4.55384605544293e-09,3.40461814779094e-05,7.03331304147331e-05,5.52126655543095e-05,0.000207543849155665,-8.43221408295643e-06,-2.52161844543944e-07,4.81256692323978e-07
"north_west","beta16",2.85029218544579e-07,-4.83603126711128e-07,-1.25475941055547e-06,-1.75472963144302e-08,8.408182442619e-08,3.32421751159836e-08,-4.74222057058614e-08,8.05642104253739e-08,1.30492583882622e-07,1.59347816281637e-07,1.60103209066613e-07,1.04306523098392e-07,4.8177473284597e-08,9.38381908652081e-08,7.1552863793875e-08,-2.02030645646556e-07,8.61193464398582e-08,6.94433419568817e-08,8.19126628494736e-08,5.11964448446471e-08,8.12711658999324e-08,1.02827927835413e-07,8.55766771214991e-08,9.78219878651703e-08,1.7285870242034e-07,9.26340754795835e-08,2.5638825871463e-08,9.95134999655029e-08,1.56961778666315e-07,8.86292563838542e-08,1.24630843991801e-08,4.60132296689772e-08,8.11530061495735e-08,-4.45142902174201e-08,-3.00777718211882e-08,4.61201329981816e-08,-7.97549159956818e-08,4.02233354184504e-08,-2.42639339750508e-08,-2.77330665268392e-08,7.44708498873986e-07,-9.74027054078197e-06,-4.14891542469373e-06,-1.73330885429077e-06,-5.57447962075422e-06,-2.29906195713296e-06,6.77225941848931e-07,-1.86860916448329e-06,-6.35436628601684e-07,4.98211139369425e-07,-8.1658236633602e-09,1.45315589333174e-06,4.17561877311948e-06,-3.70193699071333e-06,-2.30830666022767e-07,-1.22718171417944e-08,4.65179634657583e-06,-6.77407230704625e-10,1.68506041729252e-09,-2.42320853211212e-09,-1.04932998167287e-10,9.58313340805129e-09,5.25546323238714e-10,2.63627734843175e-09,-1.42278228225982e-09,2.41808075576718e-09,3.37875877784916e-09,-3.58540604014107e-06,7.06606090559213e-06,-2.56450552858455e-06,3.27569155535304e-07,-1.0561036714252e-06,-1.93483628769247e-06,-2.69400770606067e-06,9.14587282111634e-07,-1.51311291118045e-06,2.64179553116718e-07,4.83455492620693e-09,-3.2098602142482e-06,-5.12463912441182e-06,5.06214881758247e-05,3.232734441755e-05,-3.55976406920321e-06,3.17677692656302e-08,1.15194527391455e-06
"north_west","beta17",3.18292425197009e-07,-1.64479949915642e-06,-2.16449226163535e-06,-2.96733202371726e-08,7.91326255036023e-09,5.69493194814685e-08,-5.03991506736216e-08,7.93614593557828e-08,7.76916413493439e-08,1.39784712526866e-07,1.61147965363869e-07,4.8177473284597e-08,8.02515016009381e-08,2.08071308512185e-08,7.91793806305955e-08,-8.19996458080164e-08,5.25982620581629e-08,3.5007961209481e-08,9.13141491161253e-08,-6.24692440112909e-09,5.6541330634626e-08,6.69426666406719e-08,3.52203055760598e-08,7.91758357894265e-08,1.06391551489208e-07,4.83690273127649e-08,3.21354450042198e-08,7.31407991387529e-08,8.9160186102454e-08,4.8885004421306e-08,-1.17597685327854e-08,-3.93926674685329e-10,8.23354227204651e-08,-1.34069681639839e-07,-2.73695803715113e-08,3.48118987354003e-08,-3.40730470604444e-08,1.26452890907296e-08,3.24995536954341e-08,-6.41398878944163e-08,-3.33288404551174e-06,-6.97587487574066e-06,-2.84334729948208e-06,-4.5284350761332e-07,-6.59008132241898e-06,-1.49320599239501e-06,-4.19590784943324e-07,-1.670243493257e-06,-4.83514914544467e-07,5.44561747904879e-07,-6.53796237292522e-08,1.99497713635098e-07,-2.00330776203295e-07,-4.01135368179997e-06,-2.01584957469165e-07,3.14857596711022e-08,2.87713735549814e-06,4.16172560790707e-10,1.41095545649789e-09,-1.38562212525679e-09,4.59402707284452e-10,8.46735131788078e-09,1.89130244327731e-09,1.46239405977732e-09,-5.69621975999362e-10,1.78143441765044e-09,2.06520815684455e-09,-1.11825391343009e-06,7.24734642997157e-06,-2.60321318684243e-06,1.7976716813547e-06,1.75959125404989e-06,-1.63020565051993e-06,-9.30185244706227e-08,-2.81556255268236e-07,-6.22163412024867e-07,2.23111911819467e-07,2.31913370765321e-09,-7.91795926072102e-06,1.9570587752022e-05,4.3887748968444e-05,3.25840219107002e-06,-2.53309677772303e-06,6.42764465859574e-07,9.99598740340652e-07
"north_west","beta18",2.25929852457368e-07,-3.00571234268675e-06,-3.09140163516125e-07,-7.44336987126023e-08,-1.32062361606307e-07,5.14970134337555e-08,1.25607875327128e-08,5.42730923555038e-08,8.33296634409863e-08,1.99911771945754e-07,3.82226264736616e-08,9.38381908652081e-08,2.08071308512185e-08,2.72706650301112e-07,-5.3756868254172e-08,-2.48963042707932e-07,7.3841950474161e-08,9.09849638517402e-09,9.04758193012945e-08,4.55207450909499e-08,1.39648780929645e-08,1.03426590367013e-07,1.64489290980189e-08,9.80633975907839e-08,6.6616487627385e-08,8.81148877427042e-08,6.86172825068303e-08,4.74253113783555e-08,1.28133325992765e-07,-4.97369316762944e-08,-1.5985264060859e-08,-9.10405002188719e-08,5.12161222300025e-08,-2.11363695152794e-07,-5.53822290926589e-08,9.09070920011435e-08,-9.82695983343426e-08,4.20126136366376e-08,2.99044497436002e-08,-3.75011198631926e-08,2.09851749639492e-06,7.78655580313166e-06,-1.17132721832856e-05,1.35130925157372e-06,-9.21914520600474e-06,-4.10826074972349e-06,-1.03509044383035e-06,-3.35239285181014e-06,1.38804521357622e-07,8.33826717147637e-07,-2.87615166305572e-07,-2.38032092492281e-07,-9.3526971095942e-07,-5.62306792911795e-06,-5.02585675956673e-07,1.87843232147079e-07,-3.69626591456577e-07,2.26228769685187e-09,5.46010244287147e-09,1.44658318577132e-09,1.66627945028607e-09,1.14506638873572e-08,2.16563049487796e-10,2.0952432353737e-09,-6.7481512702168e-11,3.1636757015092e-09,7.06520957029618e-09,3.83060249708485e-07,9.5326885207188e-06,-1.98712972048941e-06,1.26819233625914e-06,1.95941465937113e-06,-1.6863226953021e-06,2.06194014576197e-07,-2.82586222610384e-06,3.15413949142058e-07,3.95480474465973e-07,2.71517153608887e-09,-1.00273842256154e-05,-4.77029032949657e-05,0.000106144889655899,-6.03697726410163e-05,-2.52114907375761e-06,1.1572373363121e-06,2.26128326990979e-06
"north_west","beta19",4.1227417294428e-07,1.37678673390532e-06,-4.93322459629515e-06,-3.05255916831513e-08,-1.46161715728055e-07,-2.1736210741555e-08,4.865954553328e-08,3.62034977318279e-08,1.61806108971836e-07,5.00170072319281e-08,2.68890121636327e-07,7.1552863793875e-08,7.91793806305955e-08,-5.3756868254172e-08,4.68089353325296e-07,2.43295946082325e-07,2.33244409003805e-07,1.81439328739864e-07,1.7830113123467e-07,2.04608812827887e-07,1.42356065107145e-07,2.72948639770972e-07,1.92934705881469e-07,3.00416900711969e-07,3.60269115091696e-07,2.53292908301313e-07,3.05353574615912e-08,3.28130373910092e-07,2.34613905853683e-07,5.78711776265526e-07,2.09791709511501e-07,4.28480907396505e-07,3.29695310876483e-07,3.77886469520585e-07,-2.41958542773719e-08,2.23961702865205e-08,-5.77687234523197e-08,5.40425043436021e-08,-1.7420810298791e-08,7.78333508253648e-09,-4.28215237805481e-06,5.38417729106151e-06,5.99058706073064e-06,-4.7432389148512e-06,-6.9816068388676e-06,-1.23748559470395e-06,5.51882229591427e-06,-7.92326758251067e-07,-2.55195812235804e-07,9.11629578708609e-07,-3.80494984160595e-07,9.252929803812e-07,3.71257598332611e-06,1.11340754685011e-06,-5.25447414803536e-07,-2.48862559431746e-07,4.21910724062236e-06,1.3254164374736e-09,1.95658147363532e-09,-1.91475205948221e-09,1.24243583428514e-09,1.41185582460525e-08,1.84019143308801e-09,9.24894498279356e-09,-2.68356611536169e-09,3.5872730522373e-09,5.84828579260982e-09,7.92116943062084e-07,1.16236585608037e-05,-7.16223006729345e-07,-7.03336924319676e-06,-2.7282897763182e-06,-3.32299384538009e-08,-2.00819693042401e-06,8.81934249688909e-06,-5.77279752790637e-06,2.95390636478422e-07,9.79057037391514e-09,-1.56406277825309e-05,0.000327922812111181,-0.000195297315783157,-3.5913224177167e-05,-3.03100523238365e-06,-5.1951668859017e-06,-5.27541938946226e-06
"north_west","beta2",1.00492686094353e-06,-6.29649722078732e-06,6.08317431706974e-06,-2.93068409215786e-07,-2.65124945407913e-06,4.7871987336153e-08,5.13182658075333e-08,-2.41333060842912e-07,-8.3868903033982e-08,-7.3067509398641e-07,-2.32590709147789e-07,-2.02030645646556e-07,-8.19996458080164e-08,-2.48963042707932e-07,2.43295946082325e-07,1.76143927679475e-05,1.83149073440026e-07,-1.51655250889255e-07,1.44971037102538e-07,1.57532722901789e-07,-1.34274646542445e-07,6.6915915218467e-08,-7.81344290056089e-09,2.45660336058396e-07,-2.03338569842341e-07,1.56096499673196e-07,-9.70795460089382e-07,7.17478485686747e-08,-4.90431905441538e-08,1.96200371441039e-06,4.02874543581969e-07,1.10226345025844e-06,7.96494051341348e-07,1.01259550019952e-06,4.73245582058204e-07,-4.07138179470524e-07,3.29274420782693e-07,1.92313092023587e-07,-1.71879685508302e-07,2.33631079197505e-07,1.16224610799996e-05,8.84554600420504e-05,1.72798040529526e-05,4.26422157552119e-05,7.14103996154805e-05,-1.809194381747e-06,2.33072149573155e-05,-1.26457423692534e-06,4.11023511041456e-06,-1.01253445972421e-06,4.67525873471789e-07,-4.54245762912463e-06,-5.01033450659969e-06,2.38498998163692e-05,-1.66736993659907e-06,-1.28670495140453e-06,-1.78333828597344e-05,-6.7886128029405e-09,1.90481447552775e-08,8.55707596774077e-09,1.16010131729609e-08,1.27802341656026e-08,-4.28091737982576e-09,2.14672658994357e-08,-8.01037443328437e-09,-7.99982071359506e-09,6.24065320482467e-08,1.18240621914851e-05,-2.71270851507048e-05,1.24320868127299e-05,-3.52057752758763e-05,-2.61018889506736e-06,1.06218605928472e-05,6.35327547388869e-06,2.7987332371945e-05,-8.49495081324526e-06,6.82375232500171e-07,-1.6445976958891e-08,8.96979255691396e-06,0.000400305260701165,-0.000833375195188462,-0.000410900852380612,9.42556332372066e-06,-6.97682253187464e-06,-2.98371756817968e-05
"north_west","beta20",1.41065322828506e-07,4.53664985296075e-06,-4.49837646332494e-07,2.74295133079044e-08,-4.28519916266415e-07,-8.0918164710934e-08,1.42741389284016e-07,-7.71705909107109e-09,1.6856376700734e-07,1.28793871046124e-07,1.78704344501892e-07,8.61193464398582e-08,5.25982620581629e-08,7.3841950474161e-08,2.33244409003805e-07,1.83149073440026e-07,5.41180674859051e-07,2.3060429907663e-07,4.37536446122817e-07,3.8206252059908e-07,2.8372053233817e-07,4.70401353269397e-07,4.15629279825615e-07,4.42194275874204e-07,5.92736677183718e-07,5.165430997838e-07,2.58741476091218e-08,5.36884574448223e-07,5.11409577297726e-07,5.79982400995077e-07,2.82621333020126e-07,4.40718379869745e-07,3.53465449422964e-07,5.75520232571733e-07,-3.63404155751515e-08,3.69444068230435e-08,-3.06353018319351e-08,1.48335206859971e-08,-8.61699274002825e-08,8.920112832527e-08,7.7379717858361e-06,1.69506703781277e-05,-8.71669997979838e-06,-1.29584754464013e-05,-5.17483825656832e-06,3.3728192263235e-06,3.69281090281734e-06,-1.8032089149559e-06,2.99246131348085e-07,3.31402693324977e-07,-5.19424674988465e-07,2.12754191323853e-06,7.22607629220365e-06,-4.45090094198425e-06,-6.70827992249612e-07,-1.5045041590402e-07,2.89852025795467e-06,5.64298206769547e-10,-1.5151379152995e-09,-4.68763780283482e-09,5.37026789188246e-10,-2.69954258567977e-09,-1.62473356358027e-09,2.54663283272702e-09,-3.11861534304258e-09,2.25645781347751e-09,9.52781002184103e-09,3.1755194082702e-07,1.73692953626529e-05,3.00558129263543e-07,-7.83989048276574e-06,-8.06236522095257e-06,2.13381832904226e-06,-4.97839632789431e-06,9.12189021243997e-06,-6.101612403407e-06,4.46005079045709e-07,6.28664632318944e-09,-6.89102966594722e-06,-3.48348839634571e-05,-0.000102107091132965,-0.000144801377945182,-3.38003207474556e-06,-1.39609515336048e-05,-1.64678437053793e-06
"north_west","beta21",-6.65129558924866e-09,5.75685724665772e-06,1.95599654452855e-06,9.44464202677621e-09,-1.31288565998254e-07,-1.6589220713047e-07,1.73325374125422e-07,-4.04608720505141e-08,1.57119251863182e-07,5.62436267662841e-08,2.07457510701982e-07,6.94433419568817e-08,3.5007961209481e-08,9.09849638517402e-09,1.81439328739864e-07,-1.51655250889255e-07,2.3060429907663e-07,3.5953565816815e-07,9.0740670146773e-08,3.88663050384483e-07,2.53831064624686e-07,3.58738663641065e-07,3.62541197919508e-07,3.12269791349219e-07,5.0079941609696e-07,4.24587706074956e-07,-1.67403280081083e-09,4.19143599630633e-07,3.97787531587818e-07,2.33972506889265e-07,1.95392349754272e-07,3.3285682154132e-07,1.2388314100506e-07,5.55209278244506e-07,-2.01353200265444e-08,4.3639576994582e-08,-6.76072165447263e-08,3.76338250482071e-08,-1.91517864828921e-07,2.15911101651798e-07,1.11225520731236e-05,1.00858530621519e-06,-5.63076561318488e-06,-2.23691876977658e-05,-4.53301250039022e-06,6.9915783803435e-06,5.2961664589428e-06,-1.12853438909511e-06,-3.1500644387255e-07,-1.32839173414213e-07,-2.85178235855033e-07,2.62281407628457e-06,1.01917175724628e-05,1.10261189224359e-07,-5.41706693102761e-07,-1.53652945427441e-07,3.72615461185556e-06,-8.8867921299148e-10,-2.92754605195236e-10,-2.06902040329729e-09,5.4065670417175e-10,-1.47296824828675e-09,-3.31845474940249e-09,8.10077565656223e-10,8.55445761250212e-10,6.61949649478274e-10,1.05867096321188e-08,-3.45877958861811e-06,1.44618253024049e-05,-2.20959576241027e-06,-3.25786480363436e-06,-1.14564581719196e-05,3.52019410834782e-06,-7.25355301804722e-06,9.53640985614436e-06,-6.97162437727509e-06,6.3153610078655e-07,1.19269290196985e-08,-1.60931651502651e-05,-0.000252601776137281,-4.09381718378814e-05,-4.38044800883979e-05,-2.92034560070819e-06,-1.13439391222869e-05,1.22470704911992e-06
"north_west","beta22",2.02436185410499e-07,-9.64981443345186e-07,-1.96603492494424e-06,4.08323788898619e-08,-5.96348454717328e-07,2.12076119169157e-08,7.68742072639156e-08,5.27418065505107e-08,1.18963182809918e-07,2.0869628949011e-07,1.56747769459879e-07,8.19126628494736e-08,9.13141491161253e-08,9.04758193012945e-08,1.7830113123467e-07,1.44971037102538e-07,4.37536446122817e-07,9.0740670146773e-08,7.80878055201722e-07,-1.1427466876304e-07,2.89736346697322e-07,3.79374020643605e-07,3.0301279743657e-07,4.11597617380654e-07,4.31010252111731e-07,4.20499834376295e-07,7.98524121076308e-08,4.44875231821794e-07,4.21926662112309e-07,3.80868740420202e-07,2.22819182185114e-07,2.21303431616306e-07,3.41475524251746e-07,2.0678794753495e-07,-7.1290974205952e-08,9.58304487989177e-08,-7.39639856009768e-08,5.17631145082284e-08,-4.73846955008652e-08,-1.77355048998104e-09,5.82286589344163e-06,2.12043830727162e-05,-1.52739275637852e-05,-8.63191469212467e-06,-5.14825460984381e-06,1.04378101444468e-06,2.43342132104672e-07,-2.59448898132297e-06,1.80218484778065e-07,1.23331694764367e-06,-8.61746337088031e-07,4.24847964274932e-07,1.09321411415244e-06,-8.12742080789931e-06,-7.89503761758282e-07,1.03401226671118e-08,-5.31463575464736e-07,3.04142014409895e-10,3.75373942188741e-09,7.66144534734914e-10,6.83451640457274e-10,-4.62979310219748e-10,4.83804206195227e-10,1.40523196631014e-09,-1.22012118470504e-09,4.12882611570799e-09,6.42423059439193e-09,1.92784603519755e-06,2.64304003938213e-05,-2.45809987096941e-06,-5.90324783556451e-06,-2.88382671843308e-06,1.3666802467095e-06,-1.64844310069386e-06,4.75233342929743e-06,-3.47694923522675e-06,3.7260397165436e-07,6.74299396975709e-09,-1.3606242484644e-05,-7.10700551078733e-05,-3.36723412164068e-05,-0.000212944340525075,-3.32865742356914e-06,-9.9783852620179e-06,-1.77688187126296e-07
"north_west","beta23",-1.69852982199323e-07,8.90961252733593e-06,2.27689904864973e-06,-1.14113856356848e-07,-3.50854480348025e-07,-2.33923562137635e-07,2.89924418122193e-07,-1.18123342921024e-07,1.1137014513105e-07,1.21114580913241e-07,3.33803434074151e-09,5.11964448446471e-08,-6.24692440112909e-09,4.55207450909499e-08,2.04608812827887e-07,1.57532722901789e-07,3.8206252059908e-07,3.88663050384483e-07,-1.1427466876304e-07,1.3366186666483e-06,1.14263346701366e-08,6.12817108084148e-07,4.20347930253829e-07,4.72303552343065e-07,5.93094472721158e-07,5.77359119250958e-07,-1.71531585651697e-08,5.74252194751016e-07,5.10499215900481e-07,1.91596609748996e-07,2.65134492753508e-07,3.41619359372054e-07,1.11227319643803e-07,9.44215041837685e-07,-1.51979637231273e-08,2.48446529201344e-08,1.92204977239256e-08,-1.12418125823976e-07,-8.61412043831295e-08,2.50418202613933e-07,1.9724664030642e-05,1.42690992594566e-05,-8.47236256661652e-06,-2.69916925939769e-05,-1.72308777714123e-05,1.12047803876258e-05,5.11188153070941e-06,-9.66084633106429e-07,5.5573309885681e-07,-3.62448642529982e-07,-2.68688334049281e-07,3.23405175797662e-06,9.90901486950596e-06,1.86654633776502e-06,-6.31861673514449e-07,-2.41264945462382e-08,2.19690480001602e-06,6.63635777021522e-09,-8.01110045454376e-09,-4.79437497341846e-09,2.04214734899155e-09,-9.84945752461522e-09,-3.59648391595866e-09,1.37571339765092e-09,-2.43254602577372e-10,-3.03907981388192e-09,9.40690629279711e-09,-1.0567557858632e-07,8.73387288445586e-06,2.75433658790808e-06,-3.75475143726932e-06,-1.57165971387925e-05,4.80438723318186e-06,-5.73621156127778e-06,8.26035446938264e-06,-6.15552027064503e-06,5.56686935430646e-07,5.28926552410887e-09,-1.64317959845095e-05,-0.000303595531853307,-2.42986789004886e-05,-0.000107339752993263,-1.98413498356247e-06,-1.70271419280641e-05,2.81581112669347e-06
"north_west","beta24",4.56128641109388e-08,3.5653915135502e-06,3.64855617884565e-07,4.0414381960534e-08,-5.20073740445894e-08,-7.34310805173463e-08,6.4749482709894e-08,2.37487530843934e-08,1.57737019324641e-07,8.22364020831831e-08,2.66497490516625e-07,8.12711658999324e-08,5.6541330634626e-08,1.39648780929645e-08,1.42356065107145e-07,-1.34274646542445e-07,2.8372053233817e-07,2.53831064624686e-07,2.89736346697322e-07,1.14263346701366e-08,4.18377231413799e-07,2.08626001401701e-07,4.0994466921656e-07,2.1784857593328e-07,5.29581717043357e-07,3.50041466777521e-07,-8.25657618637769e-10,4.00764645371639e-07,3.82555576766836e-07,2.47590771611991e-07,1.57124011618556e-07,2.55924596525119e-07,1.92754456707161e-07,2.67764923450901e-07,-1.59037977023363e-08,2.56510714863873e-08,-5.3494879043329e-08,5.80754212196439e-08,-1.69437290481873e-07,1.14647147963536e-07,9.04654665420826e-06,-3.85234585354281e-06,-5.60633205172489e-06,-1.62019105623876e-05,1.85624835911895e-06,2.49933148518239e-06,3.18305367535851e-06,-1.92097425466164e-06,-4.79153904222444e-07,7.65160209095344e-09,-2.24613818026001e-07,2.34420230948238e-06,8.25674019537851e-06,-3.95143170534686e-06,-4.00466899258936e-07,-1.12577502253096e-07,4.59508654883893e-06,-2.78868938748486e-09,8.42500038817014e-10,-7.90162182138112e-10,6.44708924866577e-10,-1.88386411642614e-09,-2.29007767206027e-10,1.12788878336472e-09,2.86218941116729e-10,2.66491838770723e-09,1.02606142433727e-08,-3.80260838596291e-06,1.47540695972381e-05,-3.29404049961709e-06,-2.58774318831236e-06,-7.47703627451776e-06,1.10151487235531e-06,-5.9098954513066e-06,6.19253560771159e-06,-4.89960784195088e-06,5.56041177216415e-07,6.74939081395416e-09,-7.06431633821546e-06,-0.000196209274138717,-7.71916523004976e-06,-1.49949952952573e-05,-3.47047408889646e-06,-9.50036762908011e-06,1.40420417192602e-06
"north_west","beta25",1.60834189741066e-07,5.25930728253829e-06,1.11919415532197e-06,3.74255143357874e-09,-5.64793544907196e-07,-1.546852343783e-07,2.46980713663456e-07,-4.30467110059237e-08,2.01416306850458e-07,1.73660028638703e-07,1.86484594991357e-07,1.02827927835413e-07,6.69426666406719e-08,1.03426590367013e-07,2.72948639770972e-07,6.6915915218467e-08,4.70401353269397e-07,3.58738663641065e-07,3.79374020643605e-07,6.12817108084148e-07,2.08626001401701e-07,6.77258969232228e-07,3.79526404712918e-07,6.23170032773689e-07,6.29081003246453e-07,6.58634958825348e-07,5.24375793747393e-08,6.18220203447723e-07,5.97116865719309e-07,4.75321352517973e-07,3.21631934247009e-07,4.66446902804188e-07,2.9064768434531e-07,7.52810056992325e-07,-6.30367620625414e-08,9.69166856985762e-08,-9.33747041218374e-08,3.34689849224816e-08,-1.47969154684558e-07,1.99912081885641e-07,1.36538902680882e-05,2.253272946499e-05,-1.56341273446685e-05,-2.41833568233374e-05,-1.1994796420014e-05,8.27143727563101e-06,4.9803704824145e-06,-2.50514696912847e-06,5.80225619921453e-08,7.29331985667893e-07,-7.84601448259813e-07,2.26775932201747e-06,1.0192937921326e-05,-2.64173519701884e-06,-1.0089115534138e-06,-9.20671497469933e-08,1.54078256210952e-06,4.104506153795e-09,2.0381574998594e-09,-7.38652176687739e-10,2.7933764681557e-09,1.31114509939429e-09,-4.12882390181392e-09,2.59239007192756e-09,9.15606177227223e-10,2.36496500104824e-09,1.50131242472526e-08,1.33442620742373e-06,2.59415731170138e-05,-1.7640806267102e-06,-6.84735758956124e-06,-1.3133924657288e-05,4.29423718702014e-06,-6.98622973653249e-06,1.18188301756616e-05,-8.80200574882659e-06,6.55968647229958e-07,1.12540006719327e-08,-2.27577670506367e-05,-0.000218026527233753,-7.93560539708895e-05,-0.00019679592018941,-3.90701434584033e-06,-1.58158240632726e-05,-1.33237586987079e-07
"north_west","beta26",-1.15180148041319e-07,7.51432918255658e-06,1.67451555110256e-06,-3.10726975045435e-09,-2.04197175072638e-07,-1.91870174995597e-07,1.91186279590248e-07,-2.70291891532551e-08,1.69126181146393e-07,7.65029134050158e-08,2.5233410639606e-07,8.55766771214991e-08,3.52203055760598e-08,1.64489290980189e-08,1.92934705881469e-07,-7.81344290056089e-09,4.15629279825615e-07,3.62541197919508e-07,3.0301279743657e-07,4.20347930253829e-07,4.0994466921656e-07,3.79526404712918e-07,6.44371836008804e-07,2.45963290017327e-07,7.60060303277803e-07,5.27857266315346e-07,-1.75181781517626e-08,5.95303476503998e-07,5.34697982177724e-07,3.45983687553594e-07,2.73753301039332e-07,3.82721247062572e-07,2.63425386803298e-07,5.9582741980285e-07,-1.57686919785847e-08,3.12951816659471e-08,-3.4518076143783e-08,6.98389929302547e-09,-2.1483918810068e-07,2.4540539341365e-07,1.46985300660326e-05,1.25526060409789e-06,-9.90881209494876e-06,-2.70578799176246e-05,-4.16876859186861e-06,6.16597257899681e-06,5.38740074776691e-06,-1.61687578624702e-06,-1.72834241076118e-07,-3.1453980666493e-07,-4.51775953647653e-07,3.35823677795695e-06,1.2101782884558e-05,-1.88173942231497e-06,-5.64742720303555e-07,-1.48284729722588e-07,5.07929285733466e-06,-9.73756598751331e-10,-1.51571611968747e-09,-2.03451541408452e-09,2.53680044447314e-11,-5.3999750150621e-09,-2.35094121189071e-09,2.45866538246158e-09,5.05480493636762e-11,1.39888053726378e-09,1.50784155024488e-08,-4.36842992797572e-06,1.78121761051396e-05,-1.20255057566059e-06,-4.70596976103724e-06,-1.33880284393502e-05,3.53387593852015e-06,-8.68967301392729e-06,9.23657538134201e-06,-6.68256686139656e-06,6.33842700107225e-07,1.32828238478021e-08,-1.89007344551679e-05,-0.000301639297721058,-5.01753162113668e-05,-6.23772426993059e-05,-3.56022819314522e-06,-1.55856406573656e-05,1.41142815660715e-06
"north_west","beta27",2.66332138220609e-07,3.46827933287933e-06,-1.16889945258658e-06,3.26736477964368e-08,-7.46011517778247e-07,-7.53022130257562e-08,2.03486491982798e-07,-2.61151092643632e-08,1.79953691507938e-07,2.23040995504695e-07,1.18751090043344e-07,9.78219878651703e-08,7.91758357894265e-08,9.80633975907839e-08,3.00416900711969e-07,2.45660336058396e-07,4.42194275874204e-07,3.12269791349219e-07,4.11597617380654e-07,4.72303552343065e-07,2.1784857593328e-07,6.23170032773689e-07,2.45963290017327e-07,8.2693734070795e-07,3.44548377288799e-07,7.06646831379512e-07,7.14877553229295e-08,5.52496385851929e-07,5.64530700610971e-07,5.30703233875078e-07,3.06305545353291e-07,4.75674047629404e-07,2.9847932127434e-07,7.12106332998171e-07,-6.60076898454962e-08,9.08636681214568e-08,-9.21442504194017e-08,6.6045682647508e-08,-1.05145968583259e-07,1.11722806852509e-07,1.15720628481274e-05,2.93530220114952e-05,-9.36075741667415e-06,-1.89812092828239e-05,-9.58581524597374e-06,3.42677306745146e-06,7.61030003265173e-06,-2.84696679193171e-06,6.49043735982796e-07,1.13707813546533e-06,-9.73282030165912e-07,1.43544684603248e-06,7.92823958267264e-06,-2.93062760924254e-06,-1.01856683455923e-06,-3.17235546079562e-07,-7.30151437499368e-07,3.84486993548514e-09,7.80742881857731e-09,2.87498435448929e-09,6.69795995320456e-09,5.82508754870061e-09,-5.70944363567765e-10,6.3498904593739e-09,5.28816724403916e-10,2.72361313691559e-09,1.84887519827023e-08,3.96555555018456e-06,3.09407691260191e-05,-3.21570400223025e-06,-6.44803734460298e-06,-1.06662928551107e-05,3.4031047774941e-06,-5.34741462326474e-06,1.58424004950535e-05,-1.02648478006981e-05,7.50373979931889e-07,6.341572621365e-09,-1.62156793626007e-05,-0.000120337176834916,-9.84153403223225e-05,-0.000263134489442408,-3.51515366213641e-06,-1.37902811676681e-05,-1.55087712920371e-06
"north_west","beta28",2.75257705710205e-07,5.90577217813117e-06,1.2784459866374e-06,-3.24707526233607e-08,-3.43528418981518e-08,-1.8132852307802e-07,1.57408082587769e-07,4.51390513894457e-08,3.33637846332928e-07,1.91075496482358e-07,4.86326540100578e-07,1.7285870242034e-07,1.06391551489208e-07,6.6616487627385e-08,3.60269115091696e-07,-2.03338569842341e-07,5.92736677183718e-07,5.0079941609696e-07,4.31010252111731e-07,5.93094472721158e-07,5.29581717043357e-07,6.29081003246453e-07,7.60060303277803e-07,3.44548377288799e-07,1.44379276143534e-06,4.55232659020958e-07,6.03232575227341e-09,8.91425871369169e-07,7.44194980282808e-07,4.61331335387614e-07,3.33407871539187e-07,5.01643965336461e-07,3.79889867766435e-07,6.59817539580762e-07,-4.39552513945587e-08,6.82165943980595e-08,-9.86078505507585e-08,4.51399445074178e-08,-2.59906694280314e-07,2.37794153289866e-07,2.18275252124272e-05,-7.92214674113208e-06,-1.47992707135444e-05,-2.75530492093843e-05,-7.86243970456855e-06,9.73611529011021e-06,2.00399745061562e-06,-2.75448306551288e-06,-1.32871298752179e-06,1.37934668380298e-08,-1.7350284556039e-07,4.70057818476909e-06,1.71567473227855e-05,-7.14530412419156e-06,-8.60753426604063e-07,1.16538606461276e-07,1.02518412404814e-05,1.34079906737482e-09,-2.33113268561154e-09,-3.30473280607808e-09,-1.21752132054244e-09,6.34165431274595e-09,-3.11974642615136e-09,1.46068049909935e-09,1.60730753471136e-09,5.24163637661212e-09,1.71182190409382e-08,-8.18220530551694e-06,1.86707185611374e-05,-2.85486241864088e-06,-6.67964953499581e-06,-1.51620804942836e-05,1.00392712323333e-06,-1.10606083827939e-05,6.87564570967061e-06,-7.31612478286297e-06,8.78359485297592e-07,1.17718550272298e-08,-1.24679988460778e-05,-0.000290327083044668,-2.08351994477048e-05,5.61259670813405e-06,-7.16425407677924e-06,-1.90631767055772e-05,2.96850347264241e-06
"north_west","beta29",6.63581229666937e-08,9.3154672901585e-06,3.06096157154459e-06,6.19458621210436e-08,-7.17976405680509e-07,-2.15442025532075e-07,2.99454567965881e-07,-7.19098776065411e-08,2.03488671157449e-07,1.12080943434454e-07,2.26768344897618e-07,9.26340754795835e-08,4.83690273127649e-08,8.81148877427042e-08,2.53292908301313e-07,1.56096499673196e-07,5.165430997838e-07,4.24587706074956e-07,4.20499834376295e-07,5.77359119250958e-07,3.50041466777521e-07,6.58634958825348e-07,5.27857266315346e-07,7.06646831379512e-07,4.55232659020958e-07,1.07730386237472e-06,2.20109370028916e-08,5.48142410280548e-07,7.99562079414294e-07,6.0446339645431e-07,3.86269015804746e-07,5.77284983531744e-07,3.6242753759604e-07,8.63832725931135e-07,-4.6615835575457e-08,9.53377569878533e-08,-1.14069180591276e-07,6.79719371571633e-08,-2.26974625815448e-07,2.7974731352807e-07,1.58242466479999e-05,2.83533704308029e-05,-1.80881471703365e-05,-3.35425687626658e-05,-6.48717666450863e-06,6.52003807324107e-06,1.02358248255499e-05,-3.75513855690513e-06,7.30985209133188e-07,3.85288689858206e-07,-1.19895881687626e-06,2.86430421961189e-06,1.30642878870384e-05,-1.28049225371157e-06,-9.3592211622729e-07,-4.46721511924982e-07,1.01172959886361e-06,1.14072176543255e-09,6.65657856012823e-09,2.14969435864882e-09,5.13475828316495e-09,-1.41620015673512e-09,-4.09772676578173e-09,5.94273888148615e-09,-8.18210161586588e-10,2.29526427052153e-09,2.59832718271681e-08,1.79940817819106e-06,3.63318484069067e-05,-1.79399849860889e-06,-8.14371922702026e-06,-1.64538015884149e-05,5.63480343298687e-06,-9.46532370504348e-06,1.84903189066561e-05,-1.17671291675414e-05,8.48811884482975e-07,1.47881279941089e-08,-2.89024279563709e-05,-0.000323339621947169,-8.31150460447184e-05,-0.000256132451309591,-3.55450646763423e-06,-1.88588424125294e-05,-1.31730823396271e-06
"north_west","beta3",2.23103111148218e-07,-3.24194036140462e-06,-3.60369856623922e-06,-9.52842157910434e-08,-1.79701945672974e-07,3.15144490617034e-08,5.35068031708265e-08,4.85492377045167e-09,4.00872340616194e-08,1.0764723803247e-07,1.00365062385444e-08,2.5638825871463e-08,3.21354450042198e-08,6.86172825068303e-08,3.05353574615912e-08,-9.70795460089382e-07,2.58741476091218e-08,-1.67403280081083e-09,7.98524121076308e-08,-1.71531585651697e-08,-8.25657618637769e-10,5.24375793747393e-08,-1.75181781517626e-08,7.14877553229295e-08,6.03232575227341e-09,2.20109370028916e-08,1.97076111730034e-07,3.40063917232225e-08,1.37470849835827e-08,-4.07397908306967e-08,-8.08852294667309e-09,-4.9436583380142e-08,4.68950502495206e-08,-1.55186629255936e-07,-1.2499412957024e-07,1.34705522082324e-07,-1.11469580885245e-07,3.395349400867e-08,5.72717970159634e-08,-5.54954614325318e-08,-5.41332432448357e-06,5.27849699365692e-06,-5.08293168077497e-06,-3.52772114426376e-06,-1.07252279911331e-05,-2.59898820938399e-06,-1.12029734051379e-08,-1.53316601772638e-06,-1.88741180734061e-07,9.4349232978532e-07,-5.3142391682183e-07,-6.96713388853338e-07,-8.55807714397297e-07,-4.10719933957715e-06,-3.21207497671228e-07,1.01523128773662e-08,-2.15557521874599e-06,1.26336081188798e-09,3.57620108466016e-09,-3.61066703515482e-10,-4.16686246987294e-10,3.79132094128065e-10,-6.64401810984441e-10,1.33618680831857e-09,-1.56286234346241e-10,1.26885203992167e-09,-3.36400320532565e-09,3.50215474362035e-06,1.50924319160676e-05,-2.70902346139511e-06,1.78393748535341e-06,3.24362469786318e-06,-1.43997339321195e-06,-1.65648794085779e-07,7.21521398174533e-08,-4.24853892359649e-07,-3.1798058758366e-08,4.09262067439292e-11,5.15303733617776e-07,2.42115132194127e-05,2.69466896540604e-05,-8.55843243288171e-05,-9.76178602178843e-07,5.68294079438642e-07,1.01344268511904e-06
"north_west","beta30",-6.98755327362455e-08,5.47380724159466e-06,-1.15814550477841e-06,-4.83110570239484e-08,-5.14867119784585e-07,-1.64721104462305e-07,2.60289099494374e-07,-4.07894287023365e-08,1.85127262202178e-07,1.71531298993771e-07,1.93702460870912e-07,9.95134999655029e-08,7.31407991387529e-08,4.74253113783555e-08,3.28130373910092e-07,7.17478485686747e-08,5.36884574448223e-07,4.19143599630633e-07,4.44875231821794e-07,5.74252194751016e-07,4.00764645371639e-07,6.18220203447723e-07,5.95303476503998e-07,5.52496385851929e-07,8.91425871369169e-07,5.48142410280548e-07,3.40063917232225e-08,9.32389666080453e-07,4.6370658923508e-07,4.30466368436516e-07,3.55929908640946e-07,4.88651590313539e-07,3.16753253472226e-07,8.01270687466494e-07,-4.68034920980356e-08,6.60338767414036e-08,-4.99516795206594e-08,2.58192149840493e-08,-1.96964395971085e-07,2.27789892841599e-07,1.54862393539955e-05,1.8498136660408e-05,-1.08005258690926e-05,-2.70035018353026e-05,-1.10031287107863e-05,9.06622695311115e-06,5.67490354369623e-06,-1.52391840120701e-06,-3.03438655934387e-08,4.11044422508969e-07,-6.27984019728008e-07,2.28572697149831e-06,7.95662773197032e-06,-1.89615488004344e-06,-1.0619141778893e-06,-7.99929449834999e-09,2.52950908943148e-06,6.44129392175147e-09,6.26273052675269e-10,9.6741586429612e-10,3.82307603423707e-09,-1.50229004354886e-09,-1.33437581725966e-09,3.64215277862432e-09,3.3687899456437e-09,2.41719659860665e-09,1.62476074912421e-08,1.90901985818703e-07,2.17245429742794e-05,-2.11604670484423e-06,-5.63726644730304e-06,-1.46197280013981e-05,4.96199277299758e-06,-5.05103516680284e-06,1.10860166271555e-05,-8.61081239424378e-06,9.58996168769635e-07,8.7440612607926e-09,-2.56385922817619e-05,-0.00025311845917792,-0.000155658957319353,-0.000178087220110352,-3.86584367015201e-06,-1.89289071893592e-05,1.10455726768231e-06
"north_west","beta31",4.1524566082296e-07,7.78710493549014e-06,4.21580577980269e-06,6.35444340544505e-08,-3.00491239846311e-07,-1.41215288846932e-07,1.26209765001116e-07,4.9894763484765e-08,2.85894797109631e-07,2.31915975704876e-07,3.85858694554968e-07,1.56961778666315e-07,8.9160186102454e-08,1.28133325992765e-07,2.34613905853683e-07,-4.90431905441538e-08,5.11409577297726e-07,3.97787531587818e-07,4.21926662112309e-07,5.10499215900481e-07,3.82555576766836e-07,5.97116865719309e-07,5.34697982177724e-07,5.64530700610971e-07,7.44194980282808e-07,7.99562079414294e-07,1.37470849835827e-08,4.6370658923508e-07,1.05643211375549e-06,5.40022452310478e-07,2.76966811110009e-07,4.21818897464216e-07,3.28771705309501e-07,5.53273386565501e-07,-4.42307247747907e-08,7.86133101550695e-08,-9.115710576719e-08,2.07892944267252e-08,-1.84166622433695e-07,1.89959571631328e-07,2.12008292560104e-05,5.56445198007542e-06,-1.57867469165086e-05,-2.52345497320435e-05,-7.37656270343828e-06,3.23128877136219e-06,4.91332312794952e-06,-5.11648290811521e-06,-4.93511610800103e-07,4.12753881413955e-07,-6.85602803128434e-07,4.41149386114724e-06,1.21362046118935e-05,-8.88954053142227e-06,-8.03682709232717e-07,-3.13260902871235e-07,7.33738968472395e-06,-1.37236889707168e-09,4.22058721532494e-09,-1.2379066702956e-09,1.93713630332252e-09,4.10002676051376e-09,-2.74121250627807e-09,4.87991977082437e-09,-8.01782948793553e-10,4.49742754997897e-09,1.93118762430527e-08,-5.93925741282999e-06,3.11810280732896e-05,-3.37970136565276e-06,-6.06668150888153e-06,-1.27265391619426e-05,9.66019456681001e-07,-7.53897483991206e-06,1.28302963671232e-05,-8.79553604866232e-06,2.91993863428774e-07,1.56549607576387e-08,-1.14314141050199e-05,-0.000307315349949804,0.000169663325352506,-9.37871999879973e-05,-6.35957949958262e-06,-1.56356775636334e-05,1.73558939215377e-06
"north_west","beta32",9.80697114872436e-07,4.40656198098714e-06,-2.69166867455056e-06,1.64658316699706e-07,-6.97307270415241e-07,-8.65478103221671e-08,1.24507676505912e-07,-6.2650716178017e-08,3.35271529355825e-07,-2.04977733020689e-07,3.9240338903171e-07,8.86292563838542e-08,4.8885004421306e-08,-4.97369316762944e-08,5.78711776265526e-07,1.96200371441039e-06,5.79982400995077e-07,2.33972506889265e-07,3.80868740420202e-07,1.91596609748996e-07,2.47590771611991e-07,4.75321352517973e-07,3.45983687553594e-07,5.30703233875078e-07,4.61331335387614e-07,6.0446339645431e-07,-4.07397908306967e-08,4.30466368436516e-07,5.40022452310478e-07,2.72135364933725e-06,6.0103825679808e-07,1.83009997746493e-06,1.05506519572884e-06,1.39073112310613e-06,1.78837540961187e-08,-2.89901685877322e-08,-1.16605088540916e-07,2.37559259375752e-07,-1.75973386434359e-07,9.48460334979065e-08,-8.78209323857383e-06,3.51388637347571e-05,2.1565529032065e-05,3.26450437075258e-06,1.62871505049338e-05,-1.27547860146018e-06,2.01400674074684e-05,1.04675418243287e-07,-1.13165830592917e-07,-2.49716728396116e-07,-1.07210191167352e-06,2.35529594742917e-06,1.7751024243819e-05,3.04114308764709e-06,-1.42460688861945e-06,-1.79299870695339e-06,4.15751817387011e-06,-1.07770296784271e-08,2.11609390809119e-08,-5.24680800823687e-09,1.16229182363919e-09,3.64726855369077e-08,-6.97882491922143e-09,2.28521066298857e-08,-7.70053865856668e-09,3.05517298022346e-09,2.97932275465895e-08,-2.80258069389479e-06,1.90589621130391e-05,2.71612661537367e-06,-2.23359572383679e-05,-9.31983438682633e-06,2.86402899399569e-06,-1.23326099679148e-05,4.11117546756397e-05,-2.01250493229529e-05,1.88807552746242e-07,1.56380799214683e-08,-1.76318420279097e-05,0.000546075017317501,-0.00086271591436034,-0.000183896338555843,-2.9020849427604e-06,-1.11796218428003e-05,-3.17063005758384e-05
"north_west","beta33",-1.4861658213968e-07,5.24362827867237e-06,-9.34606234715777e-07,9.57349005973312e-08,-4.68703539445526e-07,-1.36084030262538e-07,2.18731820353578e-07,-1.31594784090721e-07,7.94201343294965e-08,-7.11784845348685e-08,1.00153190520528e-08,1.24630843991801e-08,-1.17597685327854e-08,-1.5985264060859e-08,2.09791709511501e-07,4.02874543581969e-07,2.82621333020126e-07,1.95392349754272e-07,2.22819182185114e-07,2.65134492753508e-07,1.57124011618556e-07,3.21631934247009e-07,2.73753301039332e-07,3.06305545353291e-07,3.33407871539187e-07,3.86269015804746e-07,-8.08852294667309e-09,3.55929908640946e-07,2.76966811110009e-07,6.0103825679808e-07,5.10027042483913e-07,4.33758444101923e-07,4.85011972821839e-07,6.60280547331245e-07,5.48941236965656e-10,5.87586994631737e-09,-1.24965707697258e-08,4.44949862402433e-08,-1.25431059096684e-07,1.72093291082677e-07,5.11772390768432e-06,2.63150937657344e-05,2.23051548791475e-06,-1.5849471567916e-05,9.24684623000366e-06,2.8867044381369e-06,7.47446003540319e-06,5.8911623700052e-07,3.74354088564051e-07,5.50139207785093e-08,-5.95474706568045e-07,2.41215637574297e-07,5.76877367484201e-06,2.20703708373208e-06,-2.7562182942514e-07,-4.37721564124967e-07,-2.40771080712783e-06,4.26687998890289e-10,4.46750198951014e-09,3.42089162281589e-09,1.55493016468598e-09,-1.28886579514333e-09,-3.29486785664875e-09,4.16907092711754e-09,7.31135660264434e-10,1.50652885453842e-09,1.37409640456368e-08,1.93606881038699e-06,8.66498500129935e-06,1.85586058358278e-06,-8.9382314619374e-06,-8.62379367390927e-06,4.78650261719447e-06,-4.76765498898541e-06,1.27469056407101e-05,-6.72044790642449e-06,6.57645629351974e-07,9.19498880678499e-09,-3.15356971374605e-05,-1.85574043390115e-05,-0.000361330020096746,-0.000162926409356764,7.72235067482909e-08,-1.06314561642127e-05,-8.98106317515409e-06
"north_west","beta34",4.73592296730638e-07,7.86004093800117e-06,-4.56656641290809e-07,8.64643850173091e-08,-3.74711776288855e-07,-2.46749456945798e-07,2.03812989031588e-07,-7.0955359822931e-08,2.06600356281645e-07,-1.88210658926434e-07,2.91480580105058e-07,4.60132296689772e-08,-3.93926674685329e-10,-9.10405002188719e-08,4.28480907396505e-07,1.10226345025844e-06,4.40718379869745e-07,3.3285682154132e-07,2.21303431616306e-07,3.41619359372054e-07,2.55924596525119e-07,4.66446902804188e-07,3.82721247062572e-07,4.75674047629404e-07,5.01643965336461e-07,5.77284983531744e-07,-4.9436583380142e-08,4.88651590313539e-07,4.21818897464216e-07,1.83009997746493e-06,4.33758444101923e-07,1.81928058722759e-06,2.87315363986687e-07,2.07233761571813e-06,1.82086066917349e-08,-9.2297139085917e-09,-1.33028044919203e-07,2.16952672773497e-07,-3.45549437997213e-07,3.22598184165499e-07,7.26179714012317e-06,1.60857398805008e-05,1.80290916178235e-05,-1.94848669697575e-05,1.32959921896775e-05,7.45036565368405e-06,2.00770152808327e-05,2.34335831477325e-06,-3.08369722347471e-07,-1.03738091466845e-06,-8.58205189366752e-07,3.46359340056343e-06,2.04285738158465e-05,9.14726338168246e-06,-1.41338460719057e-06,-1.20452726062773e-06,3.42171582482985e-06,-6.54692987223399e-09,1.27269423755081e-08,-4.8932914018951e-09,2.117725216621e-09,1.79394410473037e-08,-1.00238879399611e-08,1.49759621905315e-08,-4.19658518386623e-09,3.8089448869654e-10,3.01366036631519e-08,-3.38075574070795e-06,1.73671181482631e-05,2.15069355530157e-07,-1.5523429799121e-05,-1.81930315078905e-05,6.47425023733466e-06,-1.51095703713767e-05,3.48222457838635e-05,-1.95239282699037e-05,4.24694511705601e-07,1.511022294075e-08,-1.40838542481856e-05,0.000176699271667315,-0.000708303466260886,-8.92597206806729e-05,-1.68699726202858e-06,-1.41208079102472e-05,-2.12822248376441e-05
"north_west","beta35",7.64082243017165e-07,6.03745950679109e-07,-5.87055449804197e-06,2.6551861452796e-08,-4.92835446494662e-07,6.24447248957822e-08,5.52531948966998e-08,-4.13190006026099e-08,2.64681722823009e-07,-3.45290444152488e-08,2.46235728282308e-07,8.11530061495735e-08,8.23354227204651e-08,5.12161222300025e-08,3.29695310876483e-07,7.96494051341348e-07,3.53465449422964e-07,1.2388314100506e-07,3.41475524251746e-07,1.11227319643803e-07,1.92754456707161e-07,2.9064768434531e-07,2.63425386803298e-07,2.9847932127434e-07,3.79889867766435e-07,3.6242753759604e-07,4.68950502495206e-08,3.16753253472226e-07,3.28771705309501e-07,1.05506519572884e-06,4.85011972821839e-07,2.87315363986687e-07,1.37215406515185e-06,-1.00109839966772e-06,-2.89380171683463e-08,2.73870968635904e-08,-7.15807937475625e-08,1.12388045110627e-07,5.63564759787268e-09,-6.98344910996612e-08,-1.09927603191342e-05,2.48932586911772e-05,1.62174589574346e-06,8.71718097301116e-06,6.29743670247718e-06,-8.4813678350232e-06,5.212341031444e-06,-3.00462294909678e-06,2.67262353099675e-07,1.033235983816e-06,-5.13640742382481e-07,-5.731676038957e-07,3.20878787225911e-06,-5.78583845582596e-06,-2.24208035396655e-07,-7.38879401643235e-07,3.25539823947354e-06,-3.22441496145122e-09,1.19081285362088e-08,3.06288695869555e-09,1.37386642579881e-09,2.13612558798965e-08,1.5808272245323e-09,1.12292468203056e-08,-2.76857762236173e-09,3.92907862667038e-09,1.57781617199061e-08,-1.35951763969591e-06,1.03636468714152e-05,1.75376194719033e-06,-1.1755777501814e-05,2.03879789102337e-06,-1.18055289394126e-06,-3.16453724863187e-06,1.26355562164981e-05,-4.97126901562278e-06,6.68022265095384e-07,1.23288318380625e-08,-1.54662394869406e-05,0.000238940806430489,-0.000402834957059263,-0.000152875065167427,-2.70653197277709e-06,-5.9416942744003e-06,-1.33589741443769e-05
"north_west","beta36",-1.44137353566615e-06,1.77694050865202e-05,9.24462295970879e-06,2.14259999148994e-07,-7.0151352971053e-07,-5.72995096080568e-07,6.0420463592159e-07,-3.19164931062061e-07,-6.11875154049539e-08,-1.77694904260683e-07,-1.31106144063394e-07,-4.45142902174201e-08,-1.34069681639839e-07,-2.11363695152794e-07,3.77886469520585e-07,1.01259550019952e-06,5.75520232571733e-07,5.55209278244506e-07,2.0678794753495e-07,9.44215041837685e-07,2.67764923450901e-07,7.52810056992325e-07,5.9582741980285e-07,7.12106332998171e-07,6.59817539580762e-07,8.63832725931135e-07,-1.55186629255936e-07,8.01270687466494e-07,5.53273386565501e-07,1.39073112310613e-06,6.60280547331245e-07,2.07233761571813e-06,-1.00109839966772e-06,6.16716462687988e-06,6.15090413571761e-08,-5.92650375474665e-08,4.57061924953261e-08,-1.58647418411055e-10,-4.6167554201652e-07,6.70596889594443e-07,3.60001706193749e-05,4.00817908003263e-05,1.58073498718082e-05,-6.38200976643588e-05,1.53774411295831e-05,3.23304241313114e-05,2.05936504408565e-05,9.67737555059909e-06,4.7969303648134e-07,-1.94242810015435e-06,-1.445008662435e-06,5.02892948990116e-06,2.41739520523057e-05,1.77706887713087e-05,-1.30141031369464e-06,-6.33096498318819e-07,-8.39770806796755e-06,4.20047198826844e-09,-1.03107425923719e-08,-1.47989668169715e-09,2.58239633997934e-09,-2.87189262961746e-08,-1.19803095809087e-08,1.45308793258265e-09,-6.48509481908421e-10,-3.32908468481287e-09,2.2554961608374e-08,9.53576207511294e-06,2.69459629665086e-05,3.35737707841672e-06,-1.50698785457688e-05,-3.65198901716353e-05,1.66885779545344e-05,-1.65473861345438e-05,3.50475624188463e-05,-2.08614929849182e-05,3.90155979776628e-07,1.15058701077556e-08,-6.89814122552911e-05,-0.000252258008738243,-0.000728544018382593,-0.000219139700083123,2.13650554173642e-06,-2.94613588885972e-05,-1.57036106650238e-05
"north_west","beta4",-1.60363215150377e-07,1.3583323398188e-06,2.34193437704784e-06,4.67894424830924e-08,1.5292394714389e-07,-8.69431851692478e-09,-3.58837046147469e-08,-1.00060310758562e-08,-5.31759758620798e-08,-8.36089123686267e-08,-4.65889258338202e-08,-3.00777718211882e-08,-2.73695803715113e-08,-5.53822290926589e-08,-2.41958542773719e-08,4.73245582058204e-07,-3.63404155751515e-08,-2.01353200265444e-08,-7.1290974205952e-08,-1.51979637231273e-08,-1.59037977023363e-08,-6.30367620625414e-08,-1.57686919785847e-08,-6.60076898454962e-08,-4.39552513945587e-08,-4.6615835575457e-08,-1.2499412957024e-07,-4.68034920980356e-08,-4.42307247747907e-08,1.78837540961187e-08,5.48941236965656e-10,1.82086066917349e-08,-2.89380171683463e-08,6.15090413571761e-08,1.02581666436066e-07,-1.29058815239322e-07,1.14884099649474e-07,-4.19062941336383e-08,-5.1356794454897e-09,1.89041028127897e-08,1.84472075631488e-06,-2.30631111292593e-06,4.9659345136481e-06,2.63898747047515e-06,8.29242074718424e-06,1.32826625607019e-06,-3.75740359160782e-07,1.32170567251662e-06,2.03623168148925e-07,-5.68409536283374e-07,3.5091078049213e-07,-2.29232914369657e-07,-9.32318805719959e-07,3.4726875268414e-06,2.53034650433208e-07,-2.31417527854932e-08,6.27101000333848e-07,-1.8293622660508e-10,-1.70622525633693e-09,1.6439952313052e-09,6.7472367204353e-10,5.34154890781089e-10,9.4053876845849e-10,-7.5072262228969e-10,1.06182612399783e-09,-6.29520201022569e-10,8.74457731784997e-10,-1.85194099455194e-06,-1.16201999332019e-05,2.15305818161057e-06,-1.28468687772622e-06,-5.31181976064909e-07,8.59685278054725e-07,8.82434744335188e-07,-5.84980229363586e-07,7.36606006327513e-07,-5.87573444106902e-08,1.0934752431177e-09,-2.6994971069486e-06,1.40044636959921e-05,-2.81385385708848e-05,6.19990880587344e-05,1.27662736085477e-06,2.27177354310477e-07,-1.15551562008521e-06
"north_west","beta5",2.36661189800189e-07,-8.29428606640463e-07,-2.28793261712601e-06,-6.73028671336104e-08,-2.22738492898916e-07,-1.25018760001488e-08,6.11375972035474e-08,2.3247477659037e-08,7.57343510576467e-08,9.8542748443741e-08,9.03195252764893e-08,4.61201329981816e-08,3.48118987354003e-08,9.09070920011435e-08,2.23961702865205e-08,-4.07138179470524e-07,3.69444068230435e-08,4.3639576994582e-08,9.58304487989177e-08,2.48446529201344e-08,2.56510714863873e-08,9.69166856985762e-08,3.12951816659471e-08,9.08636681214568e-08,6.82165943980595e-08,9.53377569878533e-08,1.34705522082324e-07,6.60338767414036e-08,7.86133101550695e-08,-2.89901685877322e-08,5.87586994631737e-09,-9.2297139085917e-09,2.73870968635904e-08,-5.92650375474665e-08,-1.29058815239322e-07,2.35431728833569e-07,-2.68098079022609e-07,1.28170402780896e-07,-6.01313653240367e-08,2.63911183910923e-08,-3.98206736838521e-07,3.77256678126128e-06,-7.41030219946857e-06,-2.90942315575641e-06,-8.43993537107773e-06,-2.17802475242508e-06,1.2457666391785e-06,-2.15918844693069e-06,-3.13282669451269e-07,3.80453950157543e-07,-3.24520453397911e-07,-6.36144384588692e-09,5.38542879314148e-07,-3.55177576032927e-06,-3.71308316177809e-07,2.7405061427433e-08,-4.96633680512021e-07,2.44549495350448e-10,3.27047116307419e-09,-1.38935152006322e-09,-6.10621607499737e-11,2.47052360781805e-09,-1.7863393842645e-09,1.90862545765744e-09,-1.11471475381626e-09,6.80078331210588e-10,2.70503900014916e-09,6.91890852533206e-07,1.20442409740692e-05,-3.09107627149866e-06,1.39264846733152e-06,8.52448707785253e-07,-7.52705077388372e-07,-7.68952583148642e-07,1.05091211934051e-06,-1.26356765949119e-06,1.25834798041734e-07,-2.29088820947906e-09,-1.68375035342269e-06,-5.66433557857136e-05,3.62467717109836e-05,-8.90017764351161e-05,-1.76959528833265e-06,-3.95836647198473e-07,1.43808622311746e-06
"north_west","beta6",-4.04583444333277e-07,1.15364057768947e-06,9.13102164890733e-07,3.76162090119573e-08,7.48890626870313e-08,2.94970513513108e-08,-9.96386299466054e-09,-4.46453743203333e-08,-1.40315466698994e-07,-7.83531785207506e-08,-2.15085530971226e-07,-7.97549159956818e-08,-3.40730470604444e-08,-9.82695983343426e-08,-5.77687234523197e-08,3.29274420782693e-07,-3.06353018319351e-08,-6.76072165447263e-08,-7.39639856009768e-08,1.92204977239256e-08,-5.3494879043329e-08,-9.33747041218374e-08,-3.4518076143783e-08,-9.21442504194017e-08,-9.86078505507585e-08,-1.14069180591276e-07,-1.11469580885245e-07,-4.99516795206594e-08,-9.115710576719e-08,-1.16605088540916e-07,-1.24965707697258e-08,-1.33028044919203e-07,-7.15807937475625e-08,4.57061924953261e-08,1.14884099649474e-07,-2.68098079022609e-07,5.12254042942629e-07,-3.59442632559278e-07,2.62702340534428e-07,-6.58134986483865e-08,1.38837693294408e-06,3.41349609665618e-06,7.36257092372444e-06,3.43307391190647e-06,2.15735257159786e-06,4.53881125553254e-06,-3.98577747339191e-06,3.05421404900601e-06,5.85244536711475e-07,-1.70559877315399e-08,6.96377865883945e-08,-1.53836407360913e-06,-5.1194686261708e-06,4.31362221731307e-07,1.45352705949493e-07,2.3099380836273e-07,-3.55206258906833e-06,2.19143160215142e-09,-4.03950594026604e-09,4.61420401654546e-09,1.1482899928351e-09,-8.08440360489802e-09,3.18834819186023e-09,-4.94417878504825e-09,2.76497823398601e-09,-1.30457786793815e-09,-5.13022942443698e-09,4.85228061030326e-06,-7.94307279441024e-06,3.97607774724742e-06,1.91264317265471e-07,1.64662666082734e-06,1.51925482324546e-06,3.84810518908866e-06,-4.32638679747876e-06,2.62216136108095e-06,-2.81568750215988e-07,5.16885647986837e-11,-4.35408007639245e-07,1.69508438160811e-05,1.59042848040564e-05,1.73320270805933e-05,3.11666037198702e-06,-5.67113881399867e-07,1.93264306609193e-07
"north_west","beta7",2.76803542714877e-07,-1.01772536956018e-06,1.24845489642667e-06,9.32626995190683e-08,-1.25936418997389e-07,-4.74715955615103e-08,2.24372453458595e-08,-5.79503958132377e-09,1.09749638556818e-07,-4.27101728684948e-08,1.6937036525179e-07,4.02233354184504e-08,1.26452890907296e-08,4.20126136366376e-08,5.40425043436021e-08,1.92313092023587e-07,1.48335206859971e-08,3.76338250482071e-08,5.17631145082284e-08,-1.12418125823976e-07,5.80754212196439e-08,3.34689849224816e-08,6.98389929302547e-09,6.6045682647508e-08,4.51399445074178e-08,6.79719371571633e-08,3.395349400867e-08,2.58192149840493e-08,2.07892944267252e-08,2.37559259375752e-07,4.44949862402433e-08,2.16952672773497e-07,1.12388045110627e-07,-1.58647418411055e-10,-4.19062941336383e-08,1.28170402780896e-07,-3.59442632559278e-07,4.23094725874877e-07,-4.20822015630063e-07,1.37435244146514e-07,-3.75748764679238e-06,1.81527097839877e-06,-1.01440913481892e-06,-9.90193614330471e-07,9.42377140146497e-06,-4.30968949437541e-06,6.31074010813101e-06,-1.76829276994617e-06,-4.46241279682891e-07,-1.28559098510614e-07,-2.13658320654274e-08,4.3147068921284e-07,4.40204421323366e-06,3.85868910404815e-06,-1.24174830761395e-07,-3.94480736555541e-07,2.31536717842534e-06,-2.88378758081431e-09,7.00017447920048e-09,-5.35833297503787e-10,6.02654757369251e-10,9.25041258572772e-09,-2.12973059104714e-09,6.79901031221087e-09,-1.95843352813588e-09,7.45779760123842e-10,8.24097237931699e-09,-5.44365978605019e-06,2.57783700527876e-06,-2.78035621591378e-06,-1.86629183630785e-06,-1.03931098912228e-06,5.21566182798247e-09,-4.13228474683363e-06,7.19385722820752e-06,-3.81833251830132e-06,3.98114735708972e-07,-3.41716311355741e-09,-5.03807140918988e-06,4.08148732946985e-05,-0.000102047285409236,-3.66618580871666e-05,-1.39205058646538e-06,7.0709810645464e-07,-3.03351330867316e-06
"north_west","beta8",2.25626866488727e-07,-7.41402286431832e-06,-7.56687317763173e-06,-2.20216504312526e-07,9.69504915012017e-08,3.05082419347844e-07,-1.78906770147516e-07,8.95713382965212e-08,-1.04570785409785e-07,1.40359427162415e-07,-1.91573600840028e-07,-2.42639339750508e-08,3.24995536954341e-08,2.99044497436002e-08,-1.7420810298791e-08,-1.71879685508302e-07,-8.61699274002825e-08,-1.91517864828921e-07,-4.73846955008652e-08,-8.61412043831295e-08,-1.69437290481873e-07,-1.47969154684558e-07,-2.1483918810068e-07,-1.05145968583259e-07,-2.59906694280314e-07,-2.26974625815448e-07,5.72717970159634e-08,-1.96964395971085e-07,-1.84166622433695e-07,-1.75973386434359e-07,-1.25431059096684e-07,-3.45549437997213e-07,5.63564759787268e-09,-4.6167554201652e-07,-5.1356794454897e-09,-6.01313653240367e-08,2.62702340534428e-07,-4.20822015630063e-07,8.18206427593678e-07,-5.20983985622311e-07,-1.0673465951133e-05,3.02790701583682e-06,3.10013231435489e-06,1.86987676760592e-05,-1.8849598219744e-05,-3.95855778950545e-06,-1.02590279697777e-05,5.66592471496333e-07,5.30706335376178e-07,1.16386156493174e-06,-1.00599348099207e-07,-3.33479697828921e-06,-1.30983439246545e-05,-1.00019837622782e-05,7.89794097472037e-08,4.40848350584972e-07,-6.04419960812823e-06,5.11526091730845e-09,-5.88598315254979e-10,3.26424934594981e-09,2.39303891274006e-10,1.29170580791924e-08,6.45522031576076e-09,-4.15700769008013e-09,3.07980490548342e-10,3.01330227657139e-09,-1.24575851649736e-08,9.54077784270526e-06,-8.00917370953938e-07,2.16703408692491e-06,4.19553576310138e-06,1.40232476277655e-05,-4.72934359974852e-06,9.66236304270368e-06,-1.21546605919387e-05,6.95598840170722e-06,-4.33870519847445e-07,1.0493309428806e-09,1.72785110428861e-05,0.000241296378123234,8.42218742281713e-05,1.88147367344466e-05,1.30293656606321e-06,6.64478977192101e-06,4.81516806953282e-07
"north_west","beta9",-5.00014415239916e-07,9.02119403588994e-06,6.39470326146501e-06,1.14442296345849e-07,-3.10392369900938e-07,-4.15255809596808e-07,3.87638406922161e-07,-1.73066917168461e-07,1.23201002010889e-08,-1.51702218877684e-07,-2.02903016727721e-08,-2.77330665268392e-08,-6.41398878944163e-08,-3.75011198631926e-08,7.78333508253648e-09,2.33631079197505e-07,8.920112832527e-08,2.15911101651798e-07,-1.77355048998104e-09,2.50418202613933e-07,1.14647147963536e-07,1.99912081885641e-07,2.4540539341365e-07,1.11722806852509e-07,2.37794153289866e-07,2.7974731352807e-07,-5.54954614325318e-08,2.27789892841599e-07,1.89959571631328e-07,9.48460334979065e-08,1.72093291082677e-07,3.22598184165499e-07,-6.98344910996612e-08,6.70596889594443e-07,1.89041028127897e-08,2.63911183910923e-08,-6.58134986483865e-08,1.37435244146514e-07,-5.20983985622311e-07,6.10363416081918e-07,1.51677513989916e-05,1.30933037815646e-05,-4.39699389458882e-06,-2.45871634041169e-05,8.76819686860961e-06,9.9083126586838e-06,9.32334080695839e-06,1.26370454541813e-06,4.48882115117778e-07,-1.00365957329488e-06,-4.20124027142331e-07,1.44114337669355e-06,9.66115772410457e-06,1.01280508742152e-05,-4.38742362757953e-07,-1.49800520762408e-07,5.20615919372674e-07,-1.7404943187615e-09,-7.08243167997479e-10,3.6865651691378e-09,1.71766610421993e-09,-1.72020596301545e-08,-7.90587019552955e-09,2.32065497468462e-09,3.93318579534403e-09,-4.03902633038553e-09,1.42578690469395e-08,-1.02244702059773e-06,5.75226448012974e-06,1.1453405817325e-08,-3.61477904181497e-06,-1.46280333133957e-05,7.71632185101993e-06,-7.74999612256992e-06,1.13465495810525e-05,-7.3567328842153e-06,2.01822116998388e-07,3.60458845182611e-09,-2.85842227281707e-05,-0.000287464259856244,-0.000101273528042979,-0.000110748166369696,1.26556349898299e-06,-9.5248635314556e-06,-5.4545517387736e-07
"north_west","mu_D",-2.15359345001142e-05,0.000339290124811345,0.000421855238654883,-5.60983822338719e-06,2.99702533534971e-06,-1.04287205362687e-05,3.615850045904e-06,1.95006023167305e-06,-5.17421781489337e-06,2.47858847297498e-06,-2.35728571197403e-06,7.44708498873986e-07,-3.33288404551174e-06,2.09851749639492e-06,-4.28215237805481e-06,1.16224610799996e-05,7.7379717858361e-06,1.11225520731236e-05,5.82286589344163e-06,1.9724664030642e-05,9.04654665420826e-06,1.36538902680882e-05,1.46985300660326e-05,1.15720628481274e-05,2.18275252124272e-05,1.58242466479999e-05,-5.41332432448357e-06,1.54862393539955e-05,2.12008292560104e-05,-8.78209323857383e-06,5.11772390768432e-06,7.26179714012317e-06,-1.09927603191342e-05,3.60001706193749e-05,1.84472075631488e-06,-3.98206736838521e-07,1.38837693294408e-06,-3.75748764679238e-06,-1.0673465951133e-05,1.51677513989916e-05,0.00336663456969283,0.000597900805736373,-0.000177934441234334,-0.000144145546018875,0.000496415145269296,0.000570751071861974,-0.00022494468304205,0.000104291783959187,1.06775863437251e-05,-7.27936937860902e-05,2.31322215292054e-05,0.000197282831427633,0.000249562320098704,-0.000546001551102022,-2.4163547494863e-05,3.67663863785113e-05,-5.53309542921055e-05,2.49620057298843e-08,-2.56229853041414e-07,1.62266975358286e-07,1.51647009145656e-07,-4.23620990822913e-07,-1.71433855759213e-07,-2.06286748841024e-07,7.76122542874281e-08,1.03214999851758e-08,8.07332115006156e-07,0.000197575547651338,-0.000374397946144106,0.000103382427309768,0.000105491758464011,-0.000799668328765704,0.000134958169137952,4.4347251324515e-05,-5.48360392995136e-05,-7.29629700428313e-05,-7.25030751926034e-06,-1.1112335746992e-07,-0.000471414947055616,-0.0252246582134848,0.00662598069575422,0.00184785949065953,-9.1580608471429e-06,-0.000589213517887408,0.000268574813149903
"north_west","mu_D_2",-3.95467965411215e-05,2.83163234295597e-05,0.000160991921380806,-1.09965448408941e-06,-0.000127789048512059,-1.0845494774676e-05,4.28768122430143e-05,-2.90241223344277e-05,-1.18155714700225e-05,-1.33579420835597e-05,-3.93189416279474e-05,-9.74027054078197e-06,-6.97587487574066e-06,7.78655580313166e-06,5.38417729106151e-06,8.84554600420504e-05,1.69506703781277e-05,1.00858530621519e-06,2.12043830727162e-05,1.42690992594566e-05,-3.85234585354281e-06,2.253272946499e-05,1.25526060409789e-06,2.93530220114952e-05,-7.92214674113208e-06,2.83533704308029e-05,5.27849699365692e-06,1.8498136660408e-05,5.56445198007542e-06,3.51388637347571e-05,2.63150937657344e-05,1.60857398805008e-05,2.48932586911772e-05,4.00817908003263e-05,-2.30631111292593e-06,3.77256678126128e-06,3.41349609665618e-06,1.81527097839877e-06,3.02790701583682e-06,1.30933037815646e-05,0.000597900805736373,0.00873318203246945,-0.00112809003683895,-0.000816824009216478,6.83131012775326e-05,0.000883226024736842,2.26649941727166e-06,5.77242449686727e-05,0.000230896969713695,5.34321391851152e-05,-0.000158655513628813,-0.000446180700934035,-0.000913230711389335,0.000179545930799744,-6.50240878852749e-05,2.0905623264575e-06,-0.00199331514828632,7.62983442856668e-07,7.9582454782155e-07,1.16740177110152e-06,5.09396698144421e-07,-1.65462447329107e-06,-5.65286716284045e-07,3.63551162383822e-07,3.70637176352665e-07,-1.64361372614213e-07,1.0327972250686e-06,0.00171380098181254,0.00207705179571066,0.000676030801867371,-0.000926783323636798,-4.89095558020113e-05,0.000699037431797252,0.000525774641992534,0.000513965253335138,-0.000215005344736609,8.19063469797294e-06,3.73673211104164e-07,-0.00436155885784409,0.00246416709125303,-0.0222805986485717,-0.0475284101473345,0.000520519668304178,-0.000814671915936005,-0.000630652063254862
"north_west","mu_D_3",4.0139725835304e-06,0.000154865039898956,-0.000192590099955253,-2.22673743813951e-06,3.3956275546434e-05,4.71486095708562e-06,-1.09892280420022e-05,1.45964622105883e-06,-4.94053702075546e-06,-1.72356510127599e-05,4.71748724702116e-06,-4.14891542469373e-06,-2.84334729948208e-06,-1.17132721832856e-05,5.99058706073064e-06,1.72798040529526e-05,-8.71669997979838e-06,-5.63076561318488e-06,-1.52739275637852e-05,-8.47236256661652e-06,-5.60633205172489e-06,-1.56341273446685e-05,-9.90881209494876e-06,-9.36075741667415e-06,-1.47992707135444e-05,-1.80881471703365e-05,-5.08293168077497e-06,-1.08005258690926e-05,-1.57867469165086e-05,2.1565529032065e-05,2.23051548791475e-06,1.80290916178235e-05,1.62174589574346e-06,1.58073498718082e-05,4.9659345136481e-06,-7.41030219946857e-06,7.36257092372444e-06,-1.01440913481892e-06,3.10013231435489e-06,-4.39699389458882e-06,-0.000177934441234334,-0.00112809003683895,0.00369317201596617,0.00193562583531862,0.00213818909463766,-0.000635191058802955,0.000475458583597098,0.000298587622617854,-5.38983437769013e-05,-9.61299941341593e-05,0.000119474197162017,-3.33305591644846e-05,-0.000161808160207608,-6.19712242010072e-06,8.17443917111877e-06,-2.04874079652154e-05,0.000141779534559828,-2.6916687342079e-07,4.37899738906943e-08,-1.0919488450234e-07,2.22721580830574e-09,4.77765346695296e-07,3.11430116431785e-07,2.07018901691124e-07,-1.58903082067838e-07,-1.45069674649006e-07,-3.96335572907104e-08,-0.000229702303269514,-0.00355242476749599,0.000288504781807606,6.26274789281137e-05,0.00027291798813035,-0.000121920119627726,0.000195661001313103,0.000365169643679154,-5.48527508847973e-05,-1.66916361082903e-05,-8.8100223366854e-07,0.000544259780397771,0.0224811225402049,-0.0158947294938688,0.0123903654265065,0.000156846602391039,0.000307703838394691,-0.000549105797235018
"north_west","mu_D_4",3.36442252362467e-05,-0.000446544560050881,-0.000123456050663668,-1.4740082180204e-05,2.80246551086822e-05,1.93074745339349e-05,-2.34744999462084e-05,1.14790925344906e-05,-6.83646883794724e-06,-3.92152896662986e-06,-3.83365203653796e-06,-1.73330885429077e-06,-4.5284350761332e-07,1.35130925157372e-06,-4.7432389148512e-06,4.26422157552119e-05,-1.29584754464013e-05,-2.23691876977658e-05,-8.63191469212467e-06,-2.69916925939769e-05,-1.62019105623876e-05,-2.41833568233374e-05,-2.70578799176246e-05,-1.89812092828239e-05,-2.75530492093843e-05,-3.35425687626658e-05,-3.52772114426376e-06,-2.70035018353026e-05,-2.52345497320435e-05,3.26450437075258e-06,-1.5849471567916e-05,-1.94848669697575e-05,8.71718097301116e-06,-6.38200976643588e-05,2.63898747047515e-06,-2.90942315575641e-06,3.43307391190647e-06,-9.90193614330471e-07,1.86987676760592e-05,-2.45871634041169e-05,-0.000144145546018875,-0.000816824009216478,0.00193562583531862,0.005492000052808,0.00118301394353704,-0.00128604106123308,-0.00054225410307778,9.96595910919437e-05,-3.27970246423038e-05,-6.5060638487993e-05,0.000153614946157295,-0.00017272120969061,-0.000995552940813891,-0.000894372841868048,6.23650639774614e-05,1.87530196436085e-05,0.000170240158220723,-1.46999995253476e-07,-4.91250034380408e-08,-9.45938409615091e-08,-6.55995312854907e-09,2.22861847731665e-06,6.31649079540787e-07,5.03614668150779e-08,-4.62606188863538e-07,1.33732484087501e-07,-1.08746289252285e-06,0.000329145264684348,-0.0042552419084231,0.000328606864552304,0.000491256503374382,0.00136393120267459,-0.000653176337026203,0.000835404732245989,-0.000795876873915807,0.0007056206838356,-7.63736229441794e-05,-1.65899592571254e-06,0.00255284668270583,0.0310699342864092,0.00163547670748486,0.0102372570266096,9.96240584329645e-05,0.000878052052002534,-0.000232495638618526
"north_west","mu_D_5",-2.57878535485255e-05,7.67257703414101e-05,0.000647810203048675,-7.96172725895872e-07,1.89023788913713e-05,-1.08984957195078e-06,-4.37635484916977e-06,-1.15551493340013e-05,-4.17915320079348e-06,-2.99743489948672e-05,-3.34141467073435e-06,-5.57447962075422e-06,-6.59008132241898e-06,-9.21914520600474e-06,-6.9816068388676e-06,7.14103996154805e-05,-5.17483825656832e-06,-4.53301250039022e-06,-5.14825460984381e-06,-1.72308777714123e-05,1.85624835911895e-06,-1.1994796420014e-05,-4.16876859186861e-06,-9.58581524597374e-06,-7.86243970456855e-06,-6.48717666450863e-06,-1.07252279911331e-05,-1.10031287107863e-05,-7.37656270343828e-06,1.62871505049338e-05,9.24684623000366e-06,1.32959921896775e-05,6.29743670247718e-06,1.53774411295831e-05,8.29242074718424e-06,-8.43993537107773e-06,2.15735257159786e-06,9.42377140146497e-06,-1.8849598219744e-05,8.76819686860961e-06,0.000496415145269296,6.83131012775326e-05,0.00213818909463766,0.00118301394353704,0.00672277419959133,-0.000367778147655157,0.000254704807265546,0.000197849851509064,-3.71621135097964e-05,-8.67097024325858e-05,0.000129086418829384,-1.17597682618555e-05,0.000272522457428429,-7.09609723233855e-07,8.38429895155691e-05,-3.71792292913345e-05,8.8825263514688e-05,-4.75128564552002e-07,-1.51649132737176e-08,3.98268806120849e-07,-1.55561097605241e-09,-9.69123535604643e-07,-3.80677340464371e-08,2.29932889107951e-07,1.88721765739528e-07,-4.47174394722644e-08,2.42828775694598e-07,-0.000505353913650789,-0.00389181496644361,0.000680779597140522,-0.00163620311221532,-4.39358987701529e-05,1.6886680438742e-05,-0.000100351421697048,8.22950824480076e-05,0.000247504384028971,2.16689711696665e-05,-9.37811461807722e-07,-0.00314154685520798,0.0013578385895431,-0.0153270824108734,0.00869354172886715,0.000257928239867206,1.01415005479469e-05,-0.000509443806645446
"north_west","mu_gamma_H",-2.57835202880416e-05,0.000263110776139138,0.000247514832420422,9.17452778115602e-06,-5.07665677796644e-06,-8.56511134447417e-06,9.13404510918729e-06,-5.8970834100176e-06,-3.04087555590166e-06,-2.00794011186456e-06,-6.26644113366228e-06,-2.29906195713296e-06,-1.49320599239501e-06,-4.10826074972349e-06,-1.23748559470395e-06,-1.809194381747e-06,3.3728192263235e-06,6.9915783803435e-06,1.04378101444468e-06,1.12047803876258e-05,2.49933148518239e-06,8.27143727563101e-06,6.16597257899681e-06,3.42677306745146e-06,9.73611529011021e-06,6.52003807324107e-06,-2.59898820938399e-06,9.06622695311115e-06,3.23128877136219e-06,-1.27547860146018e-06,2.8867044381369e-06,7.45036565368405e-06,-8.4813678350232e-06,3.23304241313114e-05,1.32826625607019e-06,-2.17802475242508e-06,4.53881125553254e-06,-4.30968949437541e-06,-3.95855778950545e-06,9.9083126586838e-06,0.000570751071861974,0.000883226024736842,-0.000635191058802955,-0.00128604106123308,-0.000367778147655157,0.00179372382385914,-0.000238436781578971,0.000141002435912618,1.2182710464389e-05,-3.59332753295856e-05,-1.27605923957085e-05,3.74180187887501e-05,0.000108676372355546,0.000225479431693465,-1.17513161768346e-05,1.57582796811942e-05,-8.4354553037251e-05,6.38188077524636e-08,-4.21203084409101e-07,-8.815233579203e-08,-9.12476076598413e-08,-1.15942307625393e-06,-3.21109747044075e-07,-3.38165519575396e-07,2.85193215903715e-07,-1.20662891109117e-07,-4.57158016050288e-08,0.00017862698709212,0.000700935274955521,-3.39226309254778e-05,1.88509342080168e-05,-0.000541147298547823,0.000382114093487807,-0.000114677830714146,0.000153333089150046,-0.000238437846558165,2.29680507924239e-05,1.57328968653821e-07,-0.000619807380302923,-0.0133890955639719,-0.00142822560431367,-0.0020708758920685,6.91926387711502e-05,-0.000400288761335956,9.87343899507194e-05
"north_west","mu_gamma_H_2",4.31820491365297e-06,0.000165374297413785,-0.000106267353770382,2.40097744686435e-06,-1.70590172071934e-05,-6.36494933472081e-06,5.27034384381373e-06,-1.83514933463283e-06,4.15848764150885e-06,-5.30027276757434e-06,4.91010801551227e-06,6.77225941848931e-07,-4.19590784943324e-07,-1.03509044383035e-06,5.51882229591427e-06,2.33072149573155e-05,3.69281090281734e-06,5.2961664589428e-06,2.43342132104672e-07,5.11188153070941e-06,3.18305367535851e-06,4.9803704824145e-06,5.38740074776691e-06,7.61030003265173e-06,2.00399745061562e-06,1.02358248255499e-05,-1.12029734051379e-08,5.67490354369623e-06,4.91332312794952e-06,2.01400674074684e-05,7.47446003540319e-06,2.00770152808327e-05,5.212341031444e-06,2.05936504408565e-05,-3.75740359160782e-07,1.2457666391785e-06,-3.98577747339191e-06,6.31074010813101e-06,-1.02590279697777e-05,9.32334080695839e-06,-0.00022494468304205,2.26649941727166e-06,0.000475458583597098,-0.00054225410307778,0.000254704807265546,-0.000238436781578971,0.00111703888417867,-8.04875593120993e-05,2.37751962856938e-05,-1.31477271128236e-05,-2.73462732128728e-05,7.11655468813901e-05,0.000453605035909133,0.00040945317116555,-2.60952807306873e-05,-3.98086946893172e-05,0.000261335127895676,-1.57852692135353e-07,4.4841433054144e-07,-2.33006410083439e-08,8.77323766782898e-08,2.25286402208292e-08,-1.77873674754352e-07,4.50971023444489e-07,-7.43232037960416e-08,-7.34907211379056e-08,7.25482755078937e-07,-9.78765631246306e-05,0.000643407217669048,-0.000115937423377767,-0.000100279378937598,-0.000562369436938118,0.000270676818361924,-0.000334262382702503,0.00119030965832108,-0.000628603616530471,1.66524682108791e-05,1.43667823108658e-07,-0.000659813688321534,0.00127398911346476,-0.00941969403916178,-0.00544725058607515,-1.90247005834877e-05,-0.00016061249529222,-0.000261213169420598
"north_west","mu_gamma_H_3",-7.50510264646776e-06,8.08453156274578e-05,2.45287632925271e-05,2.29084059263365e-06,3.68589910364445e-06,-8.30298665185899e-07,5.25003463629484e-08,-2.05191482692962e-06,-2.95468728691863e-06,-4.00340265005629e-06,-4.40107882982723e-06,-1.86860916448329e-06,-1.670243493257e-06,-3.35239285181014e-06,-7.92326758251067e-07,-1.26457423692534e-06,-1.8032089149559e-06,-1.12853438909511e-06,-2.59448898132297e-06,-9.66084633106429e-07,-1.92097425466164e-06,-2.50514696912847e-06,-1.61687578624702e-06,-2.84696679193171e-06,-2.75448306551288e-06,-3.75513855690513e-06,-1.53316601772638e-06,-1.52391840120701e-06,-5.11648290811521e-06,1.04675418243287e-07,5.8911623700052e-07,2.34335831477325e-06,-3.00462294909678e-06,9.67737555059909e-06,1.32170567251662e-06,-2.15918844693069e-06,3.05421404900601e-06,-1.76829276994617e-06,5.66592471496333e-07,1.26370454541813e-06,0.000104291783959187,5.77242449686727e-05,0.000298587622617854,9.96595910919437e-05,0.000197849851509064,0.000141002435912618,-8.04875593120993e-05,0.000243100489451771,1.39464963060608e-06,-2.42561942443822e-05,1.05328229088971e-05,-2.32968633708449e-05,-2.5646316388361e-05,0.000128160314073426,7.70958356792255e-06,4.51660214360409e-06,-2.27448921164999e-05,5.3073829040727e-08,-1.45651616789642e-07,-1.15557619761149e-08,-4.34945243078926e-08,-1.14081606414407e-07,-1.77605674472942e-08,-1.04274793524656e-07,2.07794258188127e-08,-9.01338819417449e-08,-1.86312064190147e-07,3.34337934282617e-05,-0.000415271287819907,0.000111111948928591,-2.73762155175737e-05,-8.54518687890232e-06,3.41672245733206e-05,3.85496252521656e-05,-4.91921013533418e-05,7.13162158429551e-05,-1.59100461940027e-05,-1.66762123990404e-07,-0.000111310445885764,0.00149610095667385,-0.00369169516104259,0.000970293544970158,7.9645646324183e-05,-6.63264397059462e-06,-7.54040566220534e-05
"north_west","mu_gamma_H_4",-5.43088747304942e-06,7.49979518883955e-06,1.31015608158113e-05,6.59593639101414e-07,-2.99473896026429e-06,-4.11617115443737e-07,1.15137373277286e-06,-1.10659755405558e-06,-9.23183451426075e-07,-1.19209635299094e-06,-1.48257396148332e-06,-6.35436628601684e-07,-4.83514914544467e-07,1.38804521357622e-07,-2.55195812235804e-07,4.11023511041456e-06,2.99246131348085e-07,-3.1500644387255e-07,1.80218484778065e-07,5.5573309885681e-07,-4.79153904222444e-07,5.80225619921453e-08,-1.72834241076118e-07,6.49043735982796e-07,-1.32871298752179e-06,7.30985209133188e-07,-1.88741180734061e-07,-3.03438655934387e-08,-4.93511610800103e-07,-1.13165830592917e-07,3.74354088564051e-07,-3.08369722347471e-07,2.67262353099675e-07,4.7969303648134e-07,2.03623168148925e-07,-3.13282669451269e-07,5.85244536711475e-07,-4.46241279682891e-07,5.30706335376178e-07,4.48882115117778e-07,1.06775863437251e-05,0.000230896969713695,-5.38983437769013e-05,-3.27970246423038e-05,-3.71621135097964e-05,1.2182710464389e-05,2.37751962856938e-05,1.39464963060608e-06,6.76574222859927e-05,3.79645575303279e-06,-3.34780079759305e-06,-1.08953113839824e-05,-3.35332596284995e-05,7.70758609572846e-05,-1.39522982180863e-07,3.84742453516149e-08,-4.18250568977223e-05,-1.36400335323265e-09,-1.46246426175351e-08,4.74776195852947e-08,2.38283317122819e-08,-4.77784660443523e-08,-2.29894928572853e-08,-7.81891416132698e-09,9.86756422051646e-09,-2.12960750058314e-08,6.23521426736514e-08,7.44700987131081e-05,5.81601983998737e-05,4.42825189611728e-05,-3.16448159538226e-05,-2.08212152309922e-05,1.21679810901216e-06,3.19774170819614e-05,3.24771119878047e-05,1.30198208847424e-05,1.4644300970721e-06,3.36011251373732e-08,-0.000115011388352512,0.000223617509708743,-0.000554780792207514,-0.00105454501255728,2.81792426875201e-05,-2.30705102869139e-05,-1.0487067451956e-05
"north_west","p_G_D",2.33879515130915e-06,-8.2090714470808e-05,-2.24622646860702e-05,1.75415016757679e-07,-2.45277170159981e-06,6.58365058030955e-07,4.26124725416551e-07,1.29088090637828e-07,7.79945491213602e-07,1.24167046563391e-06,6.03622550591959e-07,4.98211139369425e-07,5.44561747904879e-07,8.33826717147637e-07,9.11629578708609e-07,-1.01253445972421e-06,3.31402693324977e-07,-1.32839173414213e-07,1.23331694764367e-06,-3.62448642529982e-07,7.65160209095344e-09,7.29331985667893e-07,-3.1453980666493e-07,1.13707813546533e-06,1.37934668380298e-08,3.85288689858206e-07,9.4349232978532e-07,4.11044422508969e-07,4.12753881413955e-07,-2.49716728396116e-07,5.50139207785093e-08,-1.03738091466845e-06,1.033235983816e-06,-1.94242810015435e-06,-5.68409536283374e-07,3.80453950157543e-07,-1.70559877315399e-08,-1.28559098510614e-07,1.16386156493174e-06,-1.00365957329488e-06,-7.27936937860902e-05,5.34321391851152e-05,-9.61299941341593e-05,-6.5060638487993e-05,-8.67097024325858e-05,-3.59332753295856e-05,-1.31477271128236e-05,-2.42561942443822e-05,3.79645575303279e-06,5.08814940305981e-05,-7.08175338340273e-06,-7.45653103917588e-06,-2.32015424049121e-05,-2.69033588432529e-05,-3.36638438430814e-06,2.13123574219815e-06,-4.08139827400709e-05,2.46200151878974e-08,2.30927100924802e-08,2.98890540172711e-08,2.69275957658283e-08,2.09180179147817e-08,-1.08350154768437e-09,7.23040506694177e-08,-8.30307800400244e-09,1.94381205077824e-08,2.01443736704546e-09,2.6537834410493e-05,0.000217568019885921,-3.54041639268071e-05,-8.20803000564548e-06,3.73925125112154e-05,-1.79824522806884e-05,1.06007226704573e-05,-2.37658886718879e-05,-5.7077574862072e-07,3.04404032164964e-06,1.68145415494446e-09,-0.000128167924775648,0.000903099091051672,0.000377361790575303,-0.000903709747876678,-1.73948909115229e-05,1.60106671077526e-05,7.96005057292041e-06
"north_west","p_G_D_2",-1.36650578889044e-07,8.54275649877957e-06,9.14781230764508e-06,-1.48529104269859e-07,3.64740168964626e-06,3.79912350853716e-07,-1.06081909708763e-06,4.17030003919877e-07,-1.6005227684135e-07,-2.10195731970839e-07,6.37815886157553e-07,-8.1658236633602e-09,-6.53796237292522e-08,-2.87615166305572e-07,-3.80494984160595e-07,4.67525873471789e-07,-5.19424674988465e-07,-2.85178235855033e-07,-8.61746337088031e-07,-2.68688334049281e-07,-2.24613818026001e-07,-7.84601448259813e-07,-4.51775953647653e-07,-9.73282030165912e-07,-1.7350284556039e-07,-1.19895881687626e-06,-5.3142391682183e-07,-6.27984019728008e-07,-6.85602803128434e-07,-1.07210191167352e-06,-5.95474706568045e-07,-8.58205189366752e-07,-5.13640742382481e-07,-1.445008662435e-06,3.5091078049213e-07,-3.24520453397911e-07,6.96377865883945e-08,-2.13658320654274e-08,-1.00599348099207e-07,-4.20124027142331e-07,2.31322215292054e-05,-0.000158655513628813,0.000119474197162017,0.000153614946157295,0.000129086418829384,-1.27605923957085e-05,-2.73462732128728e-05,1.05328229088971e-05,-3.34780079759305e-06,-7.08175338340273e-06,1.95294448463949e-05,5.97690468106563e-06,4.72310026642964e-06,5.66036723228918e-06,3.74772104314421e-06,1.65557706421222e-06,4.7919907687742e-05,-1.1647272265173e-08,-3.81341626821983e-08,-1.84452864188376e-08,-2.08355089163976e-08,2.19042729330984e-08,1.34053701610653e-08,-2.98275772274031e-08,1.29022122474136e-09,-2.73422832026334e-09,-3.57673516201289e-08,-3.73290586191708e-05,-0.000390447976639814,1.14989414987319e-05,2.51133762831868e-05,1.46741335663514e-05,-1.81505036931268e-05,4.81603302969076e-06,-5.61536845247443e-05,3.05973501185813e-05,-1.27670802727289e-06,-4.54475015120842e-08,0.00011330044265179,0.000198287157754106,0.000411782785786977,0.00140077407296248,-2.07099904917736e-06,2.03128273329193e-05,1.15034970313808e-05
"north_west","p_H",1.2947687672333e-06,7.61149325153188e-05,3.30020801398929e-05,9.0188601482914e-07,5.06787680230631e-06,-1.59304147542212e-06,-1.40810390300643e-06,1.00109150691333e-06,2.74814844861178e-06,6.64900699448674e-07,4.86437418679006e-06,1.45315589333174e-06,1.99497713635098e-07,-2.38032092492281e-07,9.252929803812e-07,-4.54245762912463e-06,2.12754191323853e-06,2.62281407628457e-06,4.24847964274932e-07,3.23405175797662e-06,2.34420230948238e-06,2.26775932201747e-06,3.35823677795695e-06,1.43544684603248e-06,4.70057818476909e-06,2.86430421961189e-06,-6.96713388853338e-07,2.28572697149831e-06,4.41149386114724e-06,2.35529594742917e-06,2.41215637574297e-07,3.46359340056343e-06,-5.731676038957e-07,5.02892948990116e-06,-2.29232914369657e-07,-6.36144384588692e-09,-1.53836407360913e-06,4.3147068921284e-07,-3.33479697828921e-06,1.44114337669355e-06,0.000197282831427633,-0.000446180700934035,-3.33305591644846e-05,-0.00017272120969061,-1.17597682618555e-05,3.74180187887501e-05,7.11655468813901e-05,-2.32968633708449e-05,-1.08953113839824e-05,-7.45653103917588e-06,5.97690468106563e-06,0.000124983995513457,0.000280513140510395,-1.25456054731624e-05,-1.40807535194363e-06,-6.76283205889274e-06,0.000198571823564729,-1.05543455716249e-07,-1.20439517821812e-07,-2.26625878405791e-07,-6.94514791619967e-08,-1.94804800684458e-07,-6.6463720470256e-08,6.94961112214823e-09,-8.38913612853826e-08,-2.12937079403002e-08,3.3140395076535e-08,-0.000135925683620847,3.98475191541774e-05,-2.30735602282526e-05,-1.18978377497806e-05,-0.000276401517254411,-3.69252697702408e-06,-0.000143789095012701,0.000153286934826357,-6.81975482112733e-05,1.05812292035958e-06,1.14354198415581e-07,0.000361525962454893,-0.00233915944606304,0.00114597120171027,0.00239760451865979,-7.41797210522373e-05,-7.11568197862762e-05,4.5706507180595e-05
"north_west","p_H_2",6.34162745128732e-06,0.000278603823410199,6.93334607175927e-05,5.62123034869617e-06,2.92621536004754e-06,-8.82119464586302e-06,4.18673130389805e-06,-2.21401903942467e-06,1.08975923732237e-05,-3.40954713596598e-06,1.40856209909655e-05,4.17561877311948e-06,-2.00330776203295e-07,-9.3526971095942e-07,3.71257598332611e-06,-5.01033450659969e-06,7.22607629220365e-06,1.01917175724628e-05,1.09321411415244e-06,9.90901486950596e-06,8.25674019537851e-06,1.0192937921326e-05,1.2101782884558e-05,7.92823958267264e-06,1.71567473227855e-05,1.30642878870384e-05,-8.55807714397297e-07,7.95662773197032e-06,1.21362046118935e-05,1.7751024243819e-05,5.76877367484201e-06,2.04285738158465e-05,3.20878787225911e-06,2.41739520523057e-05,-9.32318805719959e-07,5.38542879314148e-07,-5.1194686261708e-06,4.40204421323366e-06,-1.30983439246545e-05,9.66115772410457e-06,0.000249562320098704,-0.000913230711389335,-0.000161808160207608,-0.000995552940813891,0.000272522457428429,0.000108676372355546,0.000453605035909133,-2.5646316388361e-05,-3.35332596284995e-05,-2.32015424049121e-05,4.72310026642964e-06,0.000280513140510395,0.00181835998303866,0.00029405248524517,-1.19268404934976e-05,-2.86898844311233e-05,0.000537225887105289,-3.94653686204763e-07,-5.9617322729008e-08,-3.55834444534253e-07,2.40978612350761e-08,-1.75423496005779e-07,-3.00512537482157e-07,1.7704042538701e-07,-1.84316454155176e-07,-2.85679894125829e-08,7.14645520742627e-07,-0.000360260688985913,0.000307183183623511,-0.000125865921267649,-0.000145066194371534,-0.000830732836338392,2.7912507033599e-05,-0.00131008048870814,0.00076872933928048,-0.000466353363079283,4.38155516026397e-06,6.38672805474203e-07,0.000277807856338633,-0.00768815496734816,-0.00431129627243403,0.00243108230567486,-0.000172300844584312,-0.00027682838124218,-6.5466395562689e-05
"north_west","p_H_D",-2.98199947906894e-05,0.00025317204690732,7.70469945840437e-05,1.1705047767642e-05,-5.21716717262948e-06,-7.5733114999736e-06,5.19368230646438e-06,-6.11368111753399e-06,-4.20789606864215e-06,-1.19979999762146e-05,-6.27880335310555e-06,-3.70193699071333e-06,-4.01135368179997e-06,-5.62306792911795e-06,1.11340754685011e-06,2.38498998163692e-05,-4.45090094198425e-06,1.10261189224359e-07,-8.12742080789931e-06,1.86654633776502e-06,-3.95143170534686e-06,-2.64173519701884e-06,-1.88173942231497e-06,-2.93062760924254e-06,-7.14530412419156e-06,-1.28049225371157e-06,-4.10719933957715e-06,-1.89615488004344e-06,-8.88954053142227e-06,3.04114308764709e-06,2.20703708373208e-06,9.14726338168246e-06,-5.78583845582596e-06,1.77706887713087e-05,3.4726875268414e-06,-3.55177576032927e-06,4.31362221731307e-07,3.85868910404815e-06,-1.00019837622782e-05,1.01280508742152e-05,-0.000546001551102022,0.000179545930799744,-6.19712242010072e-06,-0.000894372841868048,-7.09609723233855e-07,0.000225479431693465,0.00040945317116555,0.000128160314073426,7.70758609572846e-05,-2.69033588432529e-05,5.66036723228918e-06,-1.25456054731624e-05,0.00029405248524517,0.0014833036060811,-4.38783121923902e-06,-2.29287393292364e-05,-1.37361016297183e-05,2.88140433437081e-08,3.12826947967623e-08,1.75846438496246e-07,9.06380276734345e-08,-6.63977613471224e-07,-1.99747479089599e-07,1.24302144584144e-07,2.02203888193967e-07,-1.79913325789653e-07,3.41514203435e-07,-8.795371678324e-05,-0.000400555455922544,0.000155194906156163,-0.000336434592847739,-0.000423993420222347,0.000331824223326347,-0.000221322577927551,0.000420989320444106,-0.000183025298749593,-5.91296419730092e-06,3.71142332843306e-07,-0.00110990896576227,0.00311544247160473,-0.00870071983538013,-0.00120752250246049,0.00016166344177461,-4.49214334395361e-05,-0.000177997322662885
"north_west","p_ICU",-1.96808519104571e-06,1.46264407993713e-05,1.19524367246518e-05,8.29454755749697e-07,2.09386326315103e-06,1.49152525762259e-07,-6.28762660237738e-07,-1.08338086101323e-07,-3.62827040139096e-07,-4.88435868827349e-07,-6.17046072766833e-07,-2.30830666022767e-07,-2.01584957469165e-07,-5.02585675956673e-07,-5.25447414803536e-07,-1.66736993659907e-06,-6.70827992249612e-07,-5.41706693102761e-07,-7.89503761758282e-07,-6.31861673514449e-07,-4.00466899258936e-07,-1.0089115534138e-06,-5.64742720303555e-07,-1.01856683455923e-06,-8.60753426604063e-07,-9.3592211622729e-07,-3.21207497671228e-07,-1.0619141778893e-06,-8.03682709232717e-07,-1.42460688861945e-06,-2.7562182942514e-07,-1.41338460719057e-06,-2.24208035396655e-07,-1.30141031369464e-06,2.53034650433208e-07,-3.71308316177809e-07,1.45352705949493e-07,-1.24174830761395e-07,7.89794097472037e-08,-4.38742362757953e-07,-2.4163547494863e-05,-6.50240878852749e-05,8.17443917111877e-06,6.23650639774614e-05,8.38429895155691e-05,-1.17513161768346e-05,-2.60952807306873e-05,7.70958356792255e-06,-1.39522982180863e-07,-3.36638438430814e-06,3.74772104314421e-06,-1.40807535194363e-06,-1.19268404934976e-05,-4.38783121923902e-06,2.03989295374393e-05,8.18815154589365e-08,1.64536535562454e-05,9.67062531985009e-09,-4.74098668169014e-08,1.42597165982196e-08,3.88418772821758e-09,-2.22822468009142e-08,3.26017900309589e-09,-1.92799460101875e-08,1.48480992722193e-08,9.8381520074944e-09,-4.62017685854169e-08,7.91135679183389e-06,-0.000103622453864681,2.08155094388417e-05,6.1595107576361e-06,1.78193609150684e-05,-1.27383977597024e-05,1.15745429582144e-05,-3.53056065282021e-05,3.02242660538696e-05,-7.23091894022499e-07,-4.65334449961431e-08,7.5268669507014e-06,0.000209343415086442,0.000249427371213634,0.000773666811206009,7.50151682640004e-06,1.9295879250659e-05,6.4050127933443e-06
"north_west","p_ICU_2",-9.52200145928853e-07,-3.47227080126166e-06,1.14823194339554e-06,-2.43644497992057e-07,8.11286266438264e-07,1.45742134872913e-07,-4.47648769596958e-08,1.2332971008972e-07,-3.00523496178103e-07,4.63285012922018e-07,-1.82049709534407e-07,-1.22718171417944e-08,3.14857596711022e-08,1.87843232147079e-07,-2.48862559431746e-07,-1.28670495140453e-06,-1.5045041590402e-07,-1.53652945427441e-07,1.03401226671118e-08,-2.41264945462382e-08,-1.12577502253096e-07,-9.20671497469933e-08,-1.48284729722588e-07,-3.17235546079562e-07,1.16538606461276e-07,-4.46721511924982e-07,1.01523128773662e-08,-7.99929449834999e-09,-3.13260902871235e-07,-1.79299870695339e-06,-4.37721564124967e-07,-1.20452726062773e-06,-7.38879401643235e-07,-6.33096498318819e-07,-2.31417527854932e-08,2.7405061427433e-08,2.3099380836273e-07,-3.94480736555541e-07,4.40848350584972e-07,-1.49800520762408e-07,3.67663863785113e-05,2.0905623264575e-06,-2.04874079652154e-05,1.87530196436085e-05,-3.71792292913345e-05,1.57582796811942e-05,-3.98086946893172e-05,4.51660214360409e-06,3.84742453516149e-08,2.13123574219815e-06,1.65557706421222e-06,-6.76283205889274e-06,-2.86898844311233e-05,-2.29287393292364e-05,8.18815154589365e-08,6.37335160468162e-06,-1.61289184996086e-06,7.04288064315839e-09,-3.48567519431288e-08,-4.5456215969464e-09,-9.86091524200906e-09,-1.69228190897005e-08,1.2875736411171e-08,-3.43217541859422e-08,7.79108664644601e-09,1.85848325260449e-09,-2.68676707241965e-08,2.44001301049957e-05,-4.56469445710606e-05,5.66391470019967e-06,1.54532067605047e-05,2.83931083001346e-05,-9.83834296715268e-06,2.10430920782948e-05,-9.14253047399677e-05,2.7664436069619e-05,-4.82936948850182e-07,-1.23206854584881e-08,-3.86278787291414e-06,-0.000259631936447035,0.000624620056810713,0.000225086010062469,5.79884531368655e-08,4.11979121867681e-06,2.37240822692485e-05
"north_west","p_ICU_D",1.22826864540634e-05,0.00015476089189596,-5.5525489914934e-05,2.82212929282922e-06,3.41785494550017e-05,4.9108956493287e-07,-8.90068707505199e-06,5.77453197577967e-06,9.96850245047911e-06,1.60399380355797e-06,1.78939310490827e-05,4.65179634657583e-06,2.87713735549814e-06,-3.69626591456577e-07,4.21910724062236e-06,-1.78333828597344e-05,2.89852025795467e-06,3.72615461185556e-06,-5.31463575464736e-07,2.19690480001602e-06,4.59508654883893e-06,1.54078256210952e-06,5.07929285733466e-06,-7.30151437499368e-07,1.02518412404814e-05,1.01172959886361e-06,-2.15557521874599e-06,2.52950908943148e-06,7.33738968472395e-06,4.15751817387011e-06,-2.40771080712783e-06,3.42171582482985e-06,3.25539823947354e-06,-8.39770806796755e-06,6.27101000333848e-07,-4.96633680512021e-07,-3.55206258906833e-06,2.31536717842534e-06,-6.04419960812823e-06,5.20615919372674e-07,-5.53309542921055e-05,-0.00199331514828632,0.000141779534559828,0.000170240158220723,8.8825263514688e-05,-8.4354553037251e-05,0.000261335127895676,-2.27448921164999e-05,-4.18250568977223e-05,-4.08139827400709e-05,4.7919907687742e-05,0.000198571823564729,0.000537225887105289,-1.37361016297183e-05,1.64536535562454e-05,-1.61289184996086e-06,0.0015310558279254,-2.51786635552601e-07,-2.79793507963415e-07,-4.90007242039513e-07,-1.50559055536095e-07,7.16535128782977e-07,1.48624377321506e-07,2.03358047279981e-07,-2.15126933335187e-08,1.28773396998731e-07,-1.39187559240117e-07,-0.000584803284432235,-0.000572263887937827,-5.14558138232202e-05,1.44466292581047e-05,-0.000214839978529458,-0.000164837846850775,-0.000302147899331971,0.000298095291867063,-0.000210687153142634,1.19066324191745e-05,1.97971213405134e-07,0.00126441705016486,0.00186125407667919,0.00375384207952332,0.0130732987248113,-0.00022097691050027,4.97804724705647e-05,9.05168899736967e-05
"north_west","p_NC_15_24",-6.26714144290295e-09,-2.01546650619376e-08,-3.88534482686152e-08,-1.38242382867517e-09,-9.69680138354524e-09,8.09986202697663e-10,3.61192317266419e-09,-4.61069095921664e-10,-3.34585133416521e-09,4.81467056715359e-09,-6.9755645586442e-09,-6.77407230704625e-10,4.16172560790707e-10,2.26228769685187e-09,1.3254164374736e-09,-6.7886128029405e-09,5.64298206769547e-10,-8.8867921299148e-10,3.04142014409895e-10,6.63635777021522e-09,-2.78868938748486e-09,4.104506153795e-09,-9.73756598751331e-10,3.84486993548514e-09,1.34079906737482e-09,1.14072176543255e-09,1.26336081188798e-09,6.44129392175147e-09,-1.37236889707168e-09,-1.07770296784271e-08,4.26687998890289e-10,-6.54692987223399e-09,-3.22441496145122e-09,4.20047198826844e-09,-1.8293622660508e-10,2.44549495350448e-10,2.19143160215142e-09,-2.88378758081431e-09,5.11526091730845e-09,-1.7404943187615e-09,2.49620057298843e-08,7.62983442856668e-07,-2.6916687342079e-07,-1.46999995253476e-07,-4.75128564552002e-07,6.38188077524636e-08,-1.57852692135353e-07,5.3073829040727e-08,-1.36400335323265e-09,2.46200151878974e-08,-1.1647272265173e-08,-1.05543455716249e-07,-3.94653686204763e-07,2.88140433437081e-08,9.67062531985009e-09,7.04288064315839e-09,-2.51786635552601e-07,1.29193754791213e-09,2.39469738598152e-10,6.78320050179922e-10,3.63115912053655e-10,4.9729755099826e-10,1.95762195202351e-10,7.48423064712431e-11,3.55664395073394e-10,1.613783101397e-10,3.43982614576587e-10,3.01937625496984e-07,8.72289032787587e-08,4.89907154474776e-08,1.38987437955005e-07,5.88719670137591e-08,-1.00836337319921e-09,3.03118290246112e-07,-1.91627490842933e-07,1.34946419795175e-07,-6.33030073460117e-09,-6.15663690346333e-10,-4.21887089230669e-07,1.03277307740498e-06,2.12218709265832e-06,-4.17379802692252e-06,5.06559045149124e-08,-1.0087661240203e-08,9.7909143600345e-08
"north_west","p_NC_25_49",3.8411725999106e-08,-1.21011460368145e-07,-2.36048202722868e-07,-4.76962311347835e-10,-2.39752328957093e-08,1.86052646812946e-09,3.11399953846799e-09,2.27316623811368e-09,3.7053013836256e-09,2.17048558307895e-09,3.68608597718672e-09,1.68506041729252e-09,1.41095545649789e-09,5.46010244287147e-09,1.95658147363532e-09,1.90481447552775e-08,-1.5151379152995e-09,-2.92754605195236e-10,3.75373942188741e-09,-8.01110045454376e-09,8.42500038817014e-10,2.0381574998594e-09,-1.51571611968747e-09,7.80742881857731e-09,-2.33113268561154e-09,6.65657856012823e-09,3.57620108466016e-09,6.26273052675269e-10,4.22058721532494e-09,2.11609390809119e-08,4.46750198951014e-09,1.27269423755081e-08,1.19081285362088e-08,-1.03107425923719e-08,-1.70622525633693e-09,3.27047116307419e-09,-4.03950594026604e-09,7.00017447920048e-09,-5.88598315254979e-10,-7.08243167997479e-10,-2.56229853041414e-07,7.9582454782155e-07,4.37899738906943e-08,-4.91250034380408e-08,-1.51649132737176e-08,-4.21203084409101e-07,4.4841433054144e-07,-1.45651616789642e-07,-1.46246426175351e-08,2.30927100924802e-08,-3.81341626821983e-08,-1.20439517821812e-07,-5.9617322729008e-08,3.12826947967623e-08,-4.74098668169014e-08,-3.48567519431288e-08,-2.79793507963415e-07,2.39469738598152e-10,2.8768026568906e-09,8.95453166135649e-10,4.14639856787719e-10,1.89676667987609e-09,-2.98066294310695e-11,8.62292267744387e-10,2.46307867882754e-10,1.49963149144646e-10,1.64223546385465e-09,7.15120832559295e-09,7.93040854547948e-07,-2.390647712614e-07,-4.09095590545433e-08,6.59743608491791e-08,1.33867420924006e-08,2.21755027254303e-08,6.6302811937659e-07,-3.39777059997393e-07,2.20577109182862e-08,-7.27209502367362e-10,1.02785608057827e-06,3.38505154947695e-06,-6.50348798437993e-06,-9.0136909721873e-06,-4.30321661489296e-09,1.60641803130714e-07,-3.53400574848853e-07
"north_west","p_NC_50_64",-1.12197162231896e-08,-4.61497516541741e-08,4.11500414880726e-08,6.32281612652951e-09,-1.17433265458837e-08,-1.29064351122383e-09,8.0686279250359e-09,-3.82598238928779e-09,-4.39452086265613e-09,-1.93075471060358e-09,-1.09262368098687e-08,-2.42320853211212e-09,-1.38562212525679e-09,1.44658318577132e-09,-1.91475205948221e-09,8.55707596774077e-09,-4.68763780283482e-09,-2.06902040329729e-09,7.66144534734914e-10,-4.79437497341846e-09,-7.90162182138112e-10,-7.38652176687739e-10,-2.03451541408452e-09,2.87498435448929e-09,-3.30473280607808e-09,2.14969435864882e-09,-3.61066703515482e-10,9.6741586429612e-10,-1.2379066702956e-09,-5.24680800823687e-09,3.42089162281589e-09,-4.8932914018951e-09,3.06288695869555e-09,-1.47989668169715e-09,1.6439952313052e-09,-1.38935152006322e-09,4.61420401654546e-09,-5.35833297503787e-10,3.26424934594981e-09,3.6865651691378e-09,1.62266975358286e-07,1.16740177110152e-06,-1.0919488450234e-07,-9.45938409615091e-08,3.98268806120849e-07,-8.815233579203e-08,-2.33006410083439e-08,-1.15557619761149e-08,4.74776195852947e-08,2.98890540172711e-08,-1.84452864188376e-08,-2.26625878405791e-07,-3.55834444534253e-07,1.75846438496246e-07,1.42597165982196e-08,-4.5456215969464e-09,-4.90007242039513e-07,6.78320050179922e-10,8.95453166135649e-10,2.89711583668227e-09,6.34225599339842e-10,1.40697326404284e-09,1.61754024556049e-10,3.11263584507094e-10,5.99947195765656e-10,2.57283905397005e-10,9.28517058738343e-10,3.37757469074392e-07,-9.28161019293382e-08,1.24371595521176e-07,7.71995418227489e-08,1.3956200417421e-07,7.09335279520211e-08,1.96614820404954e-07,-2.38295135407187e-08,2.28458033445051e-08,8.23703593591359e-09,-6.57462201066812e-10,8.05196778333306e-08,-1.76335290689522e-06,-1.86214269779642e-06,-5.57963147042947e-06,1.81927652863089e-07,5.33653445848926e-08,-1.12360402723366e-07
"north_west","p_NC_65_79",5.50530257105556e-09,2.07505831470221e-08,-7.04918778812221e-08,-3.93666544241869e-10,-1.10555624194218e-08,-7.42096757847434e-10,3.57739919451171e-09,-1.29646119244534e-10,-5.48051090001613e-10,1.45973987355277e-09,-1.94822432103671e-09,-1.04932998167287e-10,4.59402707284452e-10,1.66627945028607e-09,1.24243583428514e-09,1.16010131729609e-08,5.37026789188246e-10,5.4065670417175e-10,6.83451640457274e-10,2.04214734899155e-09,6.44708924866577e-10,2.7933764681557e-09,2.53680044447314e-11,6.69795995320456e-09,-1.21752132054244e-09,5.13475828316495e-09,-4.16686246987294e-10,3.82307603423707e-09,1.93713630332252e-09,1.16229182363919e-09,1.55493016468598e-09,2.117725216621e-09,1.37386642579881e-09,2.58239633997934e-09,6.7472367204353e-10,-6.10621607499737e-11,1.1482899928351e-09,6.02654757369251e-10,2.39303891274006e-10,1.71766610421993e-09,1.51647009145656e-07,5.09396698144421e-07,2.22721580830574e-09,-6.55995312854907e-09,-1.55561097605241e-09,-9.12476076598413e-08,8.77323766782898e-08,-4.34945243078926e-08,2.38283317122819e-08,2.69275957658283e-08,-2.08355089163976e-08,-6.94514791619967e-08,2.40978612350761e-08,9.06380276734345e-08,3.88418772821758e-09,-9.86091524200906e-09,-1.50559055536095e-07,3.63115912053655e-10,4.14639856787719e-10,6.34225599339842e-10,1.01598955354362e-09,5.72312137768487e-10,6.45843439839217e-11,3.43398555486225e-10,1.60866756544051e-10,8.53583661370374e-11,6.16811843321206e-10,1.9614356520206e-07,2.47756958887802e-07,5.21352772567054e-09,7.45251715923875e-08,2.34055741577942e-08,-9.45257296503636e-09,-3.54507038922171e-08,2.3152106427114e-07,-1.10893271903142e-07,8.77315850260056e-10,-3.60726400857042e-10,2.99016888263797e-08,8.41744020740219e-08,-9.72007858564642e-07,-4.46263019347938e-06,3.29228797266796e-08,-1.15096318257115e-08,-4.83018085171985e-08
"north_west","p_NC_80_plus",8.63777067224013e-08,-4.29875128260936e-07,-3.39055529046647e-07,-2.70926913303927e-09,2.94905166447148e-08,1.58361693616543e-08,-2.10987001711947e-08,2.20152682281147e-08,1.29395825655235e-08,1.7005763010903e-08,2.21046253967808e-08,9.58313340805129e-09,8.46735131788078e-09,1.14506638873572e-08,1.41185582460525e-08,1.27802341656026e-08,-2.69954258567977e-09,-1.47296824828675e-09,-4.62979310219748e-10,-9.84945752461522e-09,-1.88386411642614e-09,1.31114509939429e-09,-5.3999750150621e-09,5.82508754870061e-09,6.34165431274595e-09,-1.41620015673512e-09,3.79132094128065e-10,-1.50229004354886e-09,4.10002676051376e-09,3.64726855369077e-08,-1.28886579514333e-09,1.79394410473037e-08,2.13612558798965e-08,-2.87189262961746e-08,5.34154890781089e-10,2.47052360781805e-09,-8.08440360489802e-09,9.25041258572772e-09,1.29170580791924e-08,-1.72020596301545e-08,-4.23620990822913e-07,-1.65462447329107e-06,4.77765346695296e-07,2.22861847731665e-06,-9.69123535604643e-07,-1.15942307625393e-06,2.25286402208292e-08,-1.14081606414407e-07,-4.77784660443523e-08,2.09180179147817e-08,2.19042729330984e-08,-1.94804800684458e-07,-1.75423496005779e-07,-6.63977613471224e-07,-2.22822468009142e-08,-1.69228190897005e-08,7.16535128782977e-07,4.9729755099826e-10,1.89676667987609e-09,1.40697326404284e-09,5.72312137768487e-10,1.40601249011457e-08,6.69773177341167e-10,9.20713729230109e-10,3.96493976371658e-10,9.63016607331435e-10,1.9375371312071e-09,-4.41621249917354e-07,-7.15688435194176e-07,-2.84256668777954e-07,4.52543275978014e-07,7.7531629425331e-07,-4.88123256717688e-07,-4.96112463469592e-08,3.08375760730798e-07,-2.69358901532671e-07,7.91451272983996e-08,-2.11088345327642e-09,1.83277927154118e-06,2.67801372671858e-05,-5.38370149678438e-06,9.96945375270463e-06,-2.87863000296999e-07,6.96728250888683e-07,-4.85551389558426e-07
"north_west","p_NC_weekend_15_24",2.94331019899915e-09,-1.03683687350125e-07,-7.02188924067324e-08,-5.29078138447101e-10,1.28067903977773e-08,6.65655763502435e-09,-7.4061948108124e-09,4.75836831280098e-09,-1.11024020132248e-09,3.56725562296444e-09,1.47847397805248e-09,5.25546323238714e-10,1.89130244327731e-09,2.16563049487796e-10,1.84019143308801e-09,-4.28091737982576e-09,-1.62473356358027e-09,-3.31845474940249e-09,4.83804206195227e-10,-3.59648391595866e-09,-2.29007767206027e-10,-4.12882390181392e-09,-2.35094121189071e-09,-5.70944363567765e-10,-3.11974642615136e-09,-4.09772676578173e-09,-6.64401810984441e-10,-1.33437581725966e-09,-2.74121250627807e-09,-6.97882491922143e-09,-3.29486785664875e-09,-1.00238879399611e-08,1.5808272245323e-09,-1.19803095809087e-08,9.4053876845849e-10,-1.7863393842645e-09,3.18834819186023e-09,-2.12973059104714e-09,6.45522031576076e-09,-7.90587019552955e-09,-1.71433855759213e-07,-5.65286716284045e-07,3.11430116431785e-07,6.31649079540787e-07,-3.80677340464371e-08,-3.21109747044075e-07,-1.77873674754352e-07,-1.77605674472942e-08,-2.29894928572853e-08,-1.08350154768437e-09,1.34053701610653e-08,-6.6463720470256e-08,-3.00512537482157e-07,-1.99747479089599e-07,3.26017900309589e-09,1.2875736411171e-08,1.48624377321506e-07,1.95762195202351e-10,-2.98066294310695e-11,1.61754024556049e-10,6.45843439839217e-11,6.69773177341167e-10,1.00963026590321e-09,5.45885284809561e-11,5.31956962338167e-11,2.09926809440283e-10,-5.31898757950044e-11,-2.7520971632395e-08,-4.40521253407399e-07,5.68315899663827e-08,1.2794798858748e-07,3.33689517458564e-07,-1.53619493006362e-07,2.04511304372922e-07,-3.85003827103102e-07,2.01535506811379e-07,-2.98071063161962e-09,-3.79698883969378e-10,2.94529946090301e-07,5.65196849208258e-06,3.71624651890381e-06,4.21374072728446e-06,-1.94035367860856e-08,1.68696039227978e-07,7.46270547307158e-08
"north_west","p_NC_weekend_25_49",2.28696541658697e-08,-1.20463669461982e-07,-8.97710615225621e-08,-1.18119800713461e-09,-1.08738537755445e-08,-1.35858321272274e-10,6.24321260193297e-11,2.34310817877583e-09,5.07256028054809e-09,1.15175950667429e-09,5.74159236149863e-09,2.63627734843175e-09,1.46239405977732e-09,2.0952432353737e-09,9.24894498279356e-09,2.14672658994357e-08,2.54663283272702e-09,8.10077565656223e-10,1.40523196631014e-09,1.37571339765092e-09,1.12788878336472e-09,2.59239007192756e-09,2.45866538246158e-09,6.3498904593739e-09,1.46068049909935e-09,5.94273888148615e-09,1.33618680831857e-09,3.64215277862432e-09,4.87991977082437e-09,2.28521066298857e-08,4.16907092711754e-09,1.49759621905315e-08,1.12292468203056e-08,1.45308793258265e-09,-7.5072262228969e-10,1.90862545765744e-09,-4.94417878504825e-09,6.79901031221087e-09,-4.15700769008013e-09,2.32065497468462e-09,-2.06286748841024e-07,3.63551162383822e-07,2.07018901691124e-07,5.03614668150779e-08,2.29932889107951e-07,-3.38165519575396e-07,4.50971023444489e-07,-1.04274793524656e-07,-7.81891416132698e-09,7.23040506694177e-08,-2.98275772274031e-08,6.94961112214823e-09,1.7704042538701e-07,1.24302144584144e-07,-1.92799460101875e-08,-3.43217541859422e-08,2.03358047279981e-07,7.48423064712431e-11,8.62292267744387e-10,3.11263584507094e-10,3.43398555486225e-10,9.20713729230109e-10,5.45885284809561e-11,1.71060920262717e-09,9.86503604417673e-11,1.76550121704259e-10,8.59310994667106e-10,-9.48555214518405e-08,7.39402313552127e-07,-1.65610341627519e-07,-2.01261464123626e-07,-1.37906843399922e-07,-4.85424234206269e-09,-8.32804744191998e-08,7.37823494045024e-07,-3.55759354872494e-07,1.62804883916112e-08,7.34905527329693e-11,-2.75519468410407e-07,1.15957866766704e-05,-7.01486935478429e-06,-3.47189110622979e-06,-6.30106693272411e-08,8.54060525667684e-08,-3.13937523046177e-07
"north_west","p_NC_weekend_50_64",-1.23613797296118e-08,5.06916280258431e-08,1.57323791348596e-07,2.5513347931384e-09,-8.794549693313e-11,-2.20130844674947e-09,4.03099788213398e-09,-2.2313394601336e-09,-3.15709721335896e-09,-1.4457101292902e-09,-3.91724564101008e-09,-1.42278228225982e-09,-5.69621975999362e-10,-6.7481512702168e-11,-2.68356611536169e-09,-8.01037443328437e-09,-3.11861534304258e-09,8.55445761250212e-10,-1.22012118470504e-09,-2.43254602577372e-10,2.86218941116729e-10,9.15606177227223e-10,5.05480493636762e-11,5.28816724403916e-10,1.60730753471136e-09,-8.18210161586588e-10,-1.56286234346241e-10,3.3687899456437e-09,-8.01782948793553e-10,-7.70053865856668e-09,7.31135660264434e-10,-4.19658518386623e-09,-2.76857762236173e-09,-6.48509481908421e-10,1.06182612399783e-09,-1.11471475381626e-09,2.76497823398601e-09,-1.95843352813588e-09,3.07980490548342e-10,3.93318579534403e-09,7.76122542874281e-08,3.70637176352665e-07,-1.58903082067838e-07,-4.62606188863538e-07,1.88721765739528e-07,2.85193215903715e-07,-7.43232037960416e-08,2.07794258188127e-08,9.86756422051646e-09,-8.30307800400244e-09,1.29022122474136e-09,-8.38913612853826e-08,-1.84316454155176e-07,2.02203888193967e-07,1.48480992722193e-08,7.79108664644601e-09,-2.15126933335187e-08,3.55664395073394e-10,2.46307867882754e-10,5.99947195765656e-10,1.60866756544051e-10,3.96493976371658e-10,5.31956962338167e-11,9.86503604417673e-11,1.1640182419137e-09,9.45772000650312e-11,5.2345155111951e-10,7.11035073234304e-08,-7.80576084722267e-08,4.80671451009334e-08,-4.29440037021751e-08,-1.06254333523864e-07,1.37115139723178e-07,9.42964024917383e-08,-5.7856160977126e-08,-2.15719794220064e-08,1.93679234107526e-08,1.13500073500545e-10,-8.31077280151014e-07,-6.86853940855807e-06,1.42575196049339e-06,-6.77683583609694e-07,7.99765445905349e-08,-3.2670189668927e-08,5.41692157525766e-08
"north_west","p_NC_weekend_65_79",9.47927240768025e-09,-8.16412149297667e-08,-3.59801994182682e-08,1.55574724515772e-09,6.34179149620448e-09,3.29605893949847e-09,-3.59140130843488e-09,3.5315958894493e-09,3.05657056818804e-09,3.78018439762934e-09,5.1850482697532e-09,2.41808075576718e-09,1.78143441765044e-09,3.1636757015092e-09,3.5872730522373e-09,-7.99982071359506e-09,2.25645781347751e-09,6.61949649478274e-10,4.12882611570799e-09,-3.03907981388192e-09,2.66491838770723e-09,2.36496500104824e-09,1.39888053726378e-09,2.72361313691559e-09,5.24163637661212e-09,2.29526427052153e-09,1.26885203992167e-09,2.41719659860665e-09,4.49742754997897e-09,3.05517298022346e-09,1.50652885453842e-09,3.8089448869654e-10,3.92907862667038e-09,-3.32908468481287e-09,-6.29520201022569e-10,6.80078331210588e-10,-1.30457786793815e-09,7.45779760123842e-10,3.01330227657139e-09,-4.03902633038553e-09,1.03214999851758e-08,-1.64361372614213e-07,-1.45069674649006e-07,1.33732484087501e-07,-4.47174394722644e-08,-1.20662891109117e-07,-7.34907211379056e-08,-9.01338819417449e-08,-2.12960750058314e-08,1.94381205077824e-08,-2.73422832026334e-09,-2.12937079403002e-08,-2.85679894125829e-08,-1.79913325789653e-07,9.8381520074944e-09,1.85848325260449e-09,1.28773396998731e-07,1.613783101397e-10,1.49963149144646e-10,2.57283905397005e-10,8.53583661370374e-11,9.63016607331435e-10,2.09926809440283e-10,1.76550121704259e-10,9.45772000650312e-11,6.40360218895633e-10,1.32560052452338e-10,-1.61006991897277e-08,2.04215717698032e-07,-7.83081774163416e-08,-4.41655999045507e-08,1.20480240550464e-07,-1.03821789642958e-07,1.09507493475543e-08,-4.24568000139423e-08,-3.59018486020744e-08,1.88957996215561e-08,-2.41138585108565e-10,2.13218926344463e-07,4.07756688740655e-06,9.69447644917032e-07,2.19339015704611e-06,-7.50946165235232e-08,4.89280796809157e-08,-1.82408442223568e-08
"north_west","p_NC_weekend_80_plus",2.88985006246325e-09,2.60497144367736e-07,1.84783772508486e-07,4.30018761252241e-10,-2.33213379985067e-08,-7.83539982876549e-09,6.26348472061396e-09,1.44333195904751e-09,9.12380436673265e-09,-5.98053471540303e-10,1.30721354102409e-08,3.37875877784916e-09,2.06520815684455e-09,7.06520957029618e-09,5.84828579260982e-09,6.24065320482467e-08,9.52781002184103e-09,1.05867096321188e-08,6.42423059439193e-09,9.40690629279711e-09,1.02606142433727e-08,1.50131242472526e-08,1.50784155024488e-08,1.84887519827023e-08,1.71182190409382e-08,2.59832718271681e-08,-3.36400320532565e-09,1.62476074912421e-08,1.93118762430527e-08,2.97932275465895e-08,1.37409640456368e-08,3.01366036631519e-08,1.57781617199061e-08,2.2554961608374e-08,8.74457731784997e-10,2.70503900014916e-09,-5.13022942443698e-09,8.24097237931699e-09,-1.24575851649736e-08,1.42578690469395e-08,8.07332115006156e-07,1.0327972250686e-06,-3.96335572907104e-08,-1.08746289252285e-06,2.42828775694598e-07,-4.57158016050288e-08,7.25482755078937e-07,-1.86312064190147e-07,6.23521426736514e-08,2.01443736704546e-09,-3.57673516201289e-08,3.3140395076535e-08,7.14645520742627e-07,3.41514203435e-07,-4.62017685854169e-08,-2.68676707241965e-08,-1.39187559240117e-07,3.43982614576587e-10,1.64223546385465e-09,9.28517058738343e-10,6.16811843321206e-10,1.9375371312071e-09,-5.31898757950044e-11,8.59310994667106e-10,5.2345155111951e-10,1.32560052452338e-10,7.349966011603e-09,3.8610169700994e-07,9.42702400743437e-07,-9.63074835895056e-08,-6.16745511096126e-08,-7.72181259234983e-07,1.98248280268586e-07,-5.42021731485244e-07,9.46123343976363e-07,-6.18755432915058e-07,7.06654422745774e-08,2.9344226590557e-10,-1.36666420543549e-06,-6.69139888799767e-06,-1.11180395629739e-05,-7.43038480506764e-06,-9.40493682064326e-08,-2.56603745654308e-07,-3.81789148036611e-07
"north_west","p_W_D",-5.5333212376152e-06,-6.32685947413884e-05,-0.00014049220491548,-6.19196407237944e-06,-2.37265870240918e-05,-7.6331252510424e-07,8.73351535478546e-06,-5.7423660792794e-06,-5.66174561273221e-06,-2.48480997340554e-06,-1.2937689890221e-05,-3.58540604014107e-06,-1.11825391343009e-06,3.83060249708485e-07,7.92116943062084e-07,1.18240621914851e-05,3.1755194082702e-07,-3.45877958861811e-06,1.92784603519755e-06,-1.0567557858632e-07,-3.80260838596291e-06,1.33442620742373e-06,-4.36842992797572e-06,3.96555555018456e-06,-8.18220530551694e-06,1.79940817819106e-06,3.50215474362035e-06,1.90901985818703e-07,-5.93925741282999e-06,-2.80258069389479e-06,1.93606881038699e-06,-3.38075574070795e-06,-1.35951763969591e-06,9.53576207511294e-06,-1.85194099455194e-06,6.91890852533206e-07,4.85228061030326e-06,-5.44365978605019e-06,9.54077784270526e-06,-1.02244702059773e-06,0.000197575547651338,0.00171380098181254,-0.000229702303269514,0.000329145264684348,-0.000505353913650789,0.00017862698709212,-9.78765631246306e-05,3.34337934282617e-05,7.44700987131081e-05,2.6537834410493e-05,-3.73290586191708e-05,-0.000135925683620847,-0.000360260688985913,-8.795371678324e-05,7.91135679183389e-06,2.44001301049957e-05,-0.000584803284432235,3.01937625496984e-07,7.15120832559295e-09,3.37757469074392e-07,1.9614356520206e-07,-4.41621249917354e-07,-2.7520971632395e-08,-9.48555214518405e-08,7.11035073234304e-08,-1.61006991897277e-08,3.8610169700994e-07,0.00209290584625653,0.000202624952933176,0.000175258078306038,-5.40685949681935e-06,0.000118008462639538,0.000123015437859881,0.000270862519275327,-5.67641282954615e-05,-2.89885267684666e-05,-2.07062873882728e-05,9.02858787073763e-08,-0.00102914755198121,0.0041710530898753,-0.00306771175197146,-0.0089806723327189,0.000158274171625257,-5.54073991467557e-05,-5.44051863485162e-05
"north_west","rel_p_D_alpha",3.09155894638118e-05,-0.000342254452857505,-0.000189576638030765,5.52588590463001e-06,-7.30489272685297e-05,-5.17309268210905e-06,1.90146331342055e-05,-3.79090170000238e-06,1.44830156666838e-05,1.89707341948348e-05,1.83617346690498e-06,7.06606090559213e-06,7.24734642997157e-06,9.5326885207188e-06,1.16236585608037e-05,-2.71270851507048e-05,1.73692953626529e-05,1.44618253024049e-05,2.64304003938213e-05,8.73387288445586e-06,1.47540695972381e-05,2.59415731170138e-05,1.78121761051396e-05,3.09407691260191e-05,1.86707185611374e-05,3.63318484069067e-05,1.50924319160676e-05,2.17245429742794e-05,3.11810280732896e-05,1.90589621130391e-05,8.66498500129935e-06,1.73671181482631e-05,1.03636468714152e-05,2.69459629665086e-05,-1.16201999332019e-05,1.20442409740692e-05,-7.94307279441024e-06,2.57783700527876e-06,-8.00917370953938e-07,5.75226448012974e-06,-0.000374397946144106,0.00207705179571066,-0.00355242476749599,-0.0042552419084231,-0.00389181496644361,0.000700935274955521,0.000643407217669048,-0.000415271287819907,5.81601983998737e-05,0.000217568019885921,-0.000390447976639814,3.98475191541774e-05,0.000307183183623511,-0.000400555455922544,-0.000103622453864681,-4.56469445710606e-05,-0.000572263887937827,8.72289032787587e-08,7.93040854547948e-07,-9.28161019293382e-08,2.47756958887802e-07,-7.15688435194176e-07,-4.40521253407399e-07,7.39402313552127e-07,-7.80576084722267e-08,2.04215717698032e-07,9.42702400743437e-07,0.000202624952933176,0.0112041451838009,-0.00122154113671768,-0.000220286453021902,-0.000669864582888669,0.000337842737629269,-0.000431146622791022,0.00172256512752814,-0.00108313868487805,5.78841438321098e-05,1.18004261937895e-06,-0.00175197628388526,-0.0136996667288393,0.00272425318452869,-0.0272572220559089,-0.000261985724750053,-0.000529763735153798,9.19333660954266e-05
"north_west","rel_p_D_delta",-2.54674613850379e-05,0.000172413523367404,0.000121850934178305,2.65954077115125e-07,4.62312364999803e-07,-1.04280145539192e-06,1.71643686919752e-06,-3.72708071009478e-06,-4.60199595479584e-06,-5.33340568537926e-06,-7.95667685246993e-06,-2.56450552858455e-06,-2.60321318684243e-06,-1.98712972048941e-06,-7.16223006729345e-07,1.24320868127299e-05,3.00558129263543e-07,-2.20959576241027e-06,-2.45809987096941e-06,2.75433658790808e-06,-3.29404049961709e-06,-1.7640806267102e-06,-1.20255057566059e-06,-3.21570400223025e-06,-2.85486241864088e-06,-1.79399849860889e-06,-2.70902346139511e-06,-2.11604670484423e-06,-3.37970136565276e-06,2.71612661537367e-06,1.85586058358278e-06,2.15069355530157e-07,1.75376194719033e-06,3.35737707841672e-06,2.15305818161057e-06,-3.09107627149866e-06,3.97607774724742e-06,-2.78035621591378e-06,2.16703408692491e-06,1.1453405817325e-08,0.000103382427309768,0.000676030801867371,0.000288504781807606,0.000328606864552304,0.000680779597140522,-3.39226309254778e-05,-0.000115937423377767,0.000111111948928591,4.42825189611728e-05,-3.54041639268071e-05,1.14989414987319e-05,-2.30735602282526e-05,-0.000125865921267649,0.000155194906156163,2.08155094388417e-05,5.66391470019967e-06,-5.14558138232202e-05,4.89907154474776e-08,-2.390647712614e-07,1.24371595521176e-07,5.21352772567054e-09,-2.84256668777954e-07,5.68315899663827e-08,-1.65610341627519e-07,4.80671451009334e-08,-7.83081774163416e-08,-9.63074835895056e-08,0.000175258078306038,-0.00122154113671768,0.000750285790570709,-0.000631886575543589,2.55315604474128e-05,3.72667375011012e-05,0.000148818696389492,-0.000211497430044749,0.000234076819439477,-1.98053962605226e-05,-1.21036996634443e-07,-0.000734252256673012,0.00358665617122944,-0.00352833952972211,0.000320639496508555,0.000114779295560275,-5.25843155157535e-05,-0.000104650763572759
"north_west","rel_p_D_omicron",1.60265306536644e-05,-7.48921945736467e-05,-0.000182009753868776,-7.41967331398429e-07,7.79383511496671e-06,2.5326848270819e-06,-4.9793636784391e-06,5.71629259474716e-06,9.15788076208761e-08,5.3383723068722e-06,3.45741310242064e-06,3.27569155535304e-07,1.7976716813547e-06,1.26819233625914e-06,-7.03336924319676e-06,-3.52057752758763e-05,-7.83989048276574e-06,-3.25786480363436e-06,-5.90324783556451e-06,-3.75475143726932e-06,-2.58774318831236e-06,-6.84735758956124e-06,-4.70596976103724e-06,-6.44803734460298e-06,-6.67964953499581e-06,-8.14371922702026e-06,1.78393748535341e-06,-5.63726644730304e-06,-6.06668150888153e-06,-2.23359572383679e-05,-8.9382314619374e-06,-1.5523429799121e-05,-1.1755777501814e-05,-1.50698785457688e-05,-1.28468687772622e-06,1.39264846733152e-06,1.91264317265471e-07,-1.86629183630785e-06,4.19553576310138e-06,-3.61477904181497e-06,0.000105491758464011,-0.000926783323636798,6.26274789281137e-05,0.000491256503374382,-0.00163620311221532,1.88509342080168e-05,-0.000100279378937598,-2.73762155175737e-05,-3.16448159538226e-05,-8.20803000564548e-06,2.51133762831868e-05,-1.18978377497806e-05,-0.000145066194371534,-0.000336434592847739,6.1595107576361e-06,1.54532067605047e-05,1.44466292581047e-05,1.38987437955005e-07,-4.09095590545433e-08,7.71995418227489e-08,7.45251715923875e-08,4.52543275978014e-07,1.2794798858748e-07,-2.01261464123626e-07,-4.29440037021751e-08,-4.41655999045507e-08,-6.16745511096126e-08,-5.40685949681935e-06,-0.000220286453021902,-0.000631886575543589,0.00198450535996156,0.000153504673396557,-0.00011155070867301,3.35824549823848e-05,-0.00020063247913851,-8.0957238021617e-06,-3.96829660132349e-06,-9.30151389798108e-08,0.00147667093515211,-0.00645137648252397,0.00980218257354851,0.0013616504603689,-4.80083408075223e-05,0.000262300821625627,0.000297397060427586
"north_west","rel_p_H_alpha",1.85800599146979e-05,-0.000419323790330342,-0.000199382462428728,-9.55632629170258e-06,8.37012785513119e-06,1.23018678706597e-05,-7.6991764115627e-06,4.40907934350099e-06,-4.11681957741495e-06,4.65779385489329e-06,-4.7459505180553e-06,-1.0561036714252e-06,1.75959125404989e-06,1.95941465937113e-06,-2.7282897763182e-06,-2.61018889506736e-06,-8.06236522095257e-06,-1.14564581719196e-05,-2.88382671843308e-06,-1.57165971387925e-05,-7.47703627451776e-06,-1.3133924657288e-05,-1.33880284393502e-05,-1.06662928551107e-05,-1.51620804942836e-05,-1.64538015884149e-05,3.24362469786318e-06,-1.46197280013981e-05,-1.27265391619426e-05,-9.31983438682633e-06,-8.62379367390927e-06,-1.81930315078905e-05,2.03879789102337e-06,-3.65198901716353e-05,-5.31181976064909e-07,8.52448707785253e-07,1.64662666082734e-06,-1.03931098912228e-06,1.40232476277655e-05,-1.46280333133957e-05,-0.000799668328765704,-4.89095558020113e-05,0.00027291798813035,0.00136393120267459,-4.39358987701529e-05,-0.000541147298547823,-0.000562369436938118,-8.54518687890232e-06,-2.08212152309922e-05,3.73925125112154e-05,1.46741335663514e-05,-0.000276401517254411,-0.000830732836338392,-0.000423993420222347,1.78193609150684e-05,2.83931083001346e-05,-0.000214839978529458,5.88719670137591e-08,6.59743608491791e-08,1.3956200417421e-07,2.34055741577942e-08,7.7531629425331e-07,3.33689517458564e-07,-1.37906843399922e-07,-1.06254333523864e-07,1.20480240550464e-07,-7.72181259234983e-07,0.000118008462639538,-0.000669864582888669,2.55315604474128e-05,0.000153504673396557,0.00141839608595617,-0.00053700739346048,0.000487901900050056,-0.00100775608674485,0.000544218325439439,-2.30305748536084e-05,-3.56282249967344e-07,0.000305725992883492,0.0136377311611682,0.00412210013314062,0.00195107051986993,5.33906051955455e-05,0.000492642326320215,-1.01462185346443e-05
"north_west","rel_p_H_delta",-1.69232623650433e-05,0.000168398686296958,8.02676018975333e-05,5.60927125764535e-06,-1.38633032485687e-05,-6.0589690321385e-06,7.52569793889098e-06,-4.75900402807681e-06,-1.98129829317435e-06,-4.84994503356737e-06,-4.8710115276694e-06,-1.93483628769247e-06,-1.63020565051993e-06,-1.6863226953021e-06,-3.32299384538009e-08,1.06218605928472e-05,2.13381832904226e-06,3.52019410834782e-06,1.3666802467095e-06,4.80438723318186e-06,1.10151487235531e-06,4.29423718702014e-06,3.53387593852015e-06,3.4031047774941e-06,1.00392712323333e-06,5.63480343298687e-06,-1.43997339321195e-06,4.96199277299758e-06,9.66019456681001e-07,2.86402899399569e-06,4.78650261719447e-06,6.47425023733466e-06,-1.18055289394126e-06,1.66885779545344e-05,8.59685278054725e-07,-7.52705077388372e-07,1.51925482324546e-06,5.21566182798247e-09,-4.72934359974852e-06,7.71632185101993e-06,0.000134958169137952,0.000699037431797252,-0.000121920119627726,-0.000653176337026203,1.6886680438742e-05,0.000382114093487807,0.000270676818361924,3.41672245733206e-05,1.21679810901216e-06,-1.79824522806884e-05,-1.81505036931268e-05,-3.69252697702408e-06,2.7912507033599e-05,0.000331824223326347,-1.27383977597024e-05,-9.83834296715268e-06,-0.000164837846850775,-1.00836337319921e-09,1.33867420924006e-08,7.09335279520211e-08,-9.45257296503636e-09,-4.88123256717688e-07,-1.53619493006362e-07,-4.85424234206269e-09,1.37115139723178e-07,-1.03821789642958e-07,1.98248280268586e-07,0.000123015437859881,0.000337842737629269,3.72667375011012e-05,-0.00011155070867301,-0.00053700739346048,0.000517244015817965,-9.63910396709638e-05,0.000466961694926555,-0.000325298194338258,1.89455976836913e-05,1.73414709247955e-07,-0.000829031002796594,-0.00559163715539751,-0.00438694735198685,-0.00512914820943561,8.61878465274612e-05,-0.000236053388657701,-5.29587951187906e-05
"north_west","rel_p_H_omicron",-4.20121995537393e-06,-0.000174079775005425,-3.50488427786568e-05,-4.56612647747478e-06,1.11339624298519e-07,6.60083744064481e-06,-4.98005534248632e-06,2.07886954141847e-06,-7.63380835258685e-06,2.18080458093511e-06,-9.25386207479219e-06,-2.69400770606067e-06,-9.30185244706227e-08,2.06194014576197e-07,-2.00819693042401e-06,6.35327547388869e-06,-4.97839632789431e-06,-7.25355301804722e-06,-1.64844310069386e-06,-5.73621156127778e-06,-5.9098954513066e-06,-6.98622973653249e-06,-8.68967301392729e-06,-5.34741462326474e-06,-1.10606083827939e-05,-9.46532370504348e-06,-1.65648794085779e-07,-5.05103516680284e-06,-7.53897483991206e-06,-1.23326099679148e-05,-4.76765498898541e-06,-1.51095703713767e-05,-3.16453724863187e-06,-1.65473861345438e-05,8.82434744335188e-07,-7.68952583148642e-07,3.84810518908866e-06,-4.13228474683363e-06,9.66236304270368e-06,-7.74999612256992e-06,4.4347251324515e-05,0.000525774641992534,0.000195661001313103,0.000835404732245989,-0.000100351421697048,-0.000114677830714146,-0.000334262382702503,3.85496252521656e-05,3.19774170819614e-05,1.06007226704573e-05,4.81603302969076e-06,-0.000143789095012701,-0.00131008048870814,-0.000221322577927551,1.15745429582144e-05,2.10430920782948e-05,-0.000302147899331971,3.03118290246112e-07,2.21755027254303e-08,1.96614820404954e-07,-3.54507038922171e-08,-4.96112463469592e-08,2.04511304372922e-07,-8.32804744191998e-08,9.42964024917383e-08,1.09507493475543e-08,-5.42021731485244e-07,0.000270862519275327,-0.000431146622791022,0.000148818696389492,3.35824549823848e-05,0.000487901900050056,-9.63910396709638e-05,0.00112137394908592,-0.000561172576026108,0.000404791028276319,-1.83516825958349e-05,-5.75139640414376e-07,-0.000127187637812099,0.00625692726189013,0.00386321397955346,-0.000531713807613738,0.000107905486604864,0.000198315976987332,5.5593309279805e-05
"north_west","rel_p_ICU_alpha",1.4417740243657e-05,0.000237621154888829,-4.80325427922677e-05,7.80151241544562e-06,-2.71879592736016e-05,-9.09627596787872e-06,8.8159163972239e-06,-4.5825444027702e-06,7.40683321278974e-06,-8.07897388748642e-06,5.46413060088309e-06,9.14587282111634e-07,-2.81556255268236e-07,-2.82586222610384e-06,8.81934249688909e-06,2.7987332371945e-05,9.12189021243997e-06,9.53640985614436e-06,4.75233342929743e-06,8.26035446938264e-06,6.19253560771159e-06,1.18188301756616e-05,9.23657538134201e-06,1.58424004950535e-05,6.87564570967061e-06,1.84903189066561e-05,7.21521398174533e-08,1.10860166271555e-05,1.28302963671232e-05,4.11117546756397e-05,1.27469056407101e-05,3.48222457838635e-05,1.26355562164981e-05,3.50475624188463e-05,-5.84980229363586e-07,1.05091211934051e-06,-4.32638679747876e-06,7.19385722820752e-06,-1.21546605919387e-05,1.13465495810525e-05,-5.48360392995136e-05,0.000513965253335138,0.000365169643679154,-0.000795876873915807,8.22950824480076e-05,0.000153333089150046,0.00119030965832108,-4.91921013533418e-05,3.24771119878047e-05,-2.37658886718879e-05,-5.61536845247443e-05,0.000153286934826357,0.00076872933928048,0.000420989320444106,-3.53056065282021e-05,-9.14253047399677e-05,0.000298095291867063,-1.91627490842933e-07,6.6302811937659e-07,-2.38295135407187e-08,2.3152106427114e-07,3.08375760730798e-07,-3.85003827103102e-07,7.37823494045024e-07,-5.7856160977126e-08,-4.24568000139423e-08,9.46123343976363e-07,-5.67641282954615e-05,0.00172256512752814,-0.000211497430044749,-0.00020063247913851,-0.00100775608674485,0.000466961694926555,-0.000561172576026108,0.0023804423608959,-0.00113304225067773,1.6600376510756e-05,2.48739647757547e-07,-0.000784022325989671,0.000226569125614523,-0.0148213842399732,-0.00889306492527748,-2.71865642634844e-05,-0.000365274906072494,-0.000460032117492624
"north_west","rel_p_ICU_delta",-7.81374418351119e-06,-0.000134313297442115,7.02056680731209e-05,-4.74550495671668e-06,1.28887319340443e-05,5.64260290382388e-06,-6.35662466113628e-06,1.8704771367577e-06,-5.35007698956358e-06,2.19134938639132e-06,-5.53896609793609e-06,-1.51311291118045e-06,-6.22163412024867e-07,3.15413949142058e-07,-5.77279752790637e-06,-8.49495081324526e-06,-6.101612403407e-06,-6.97162437727509e-06,-3.47694923522675e-06,-6.15552027064503e-06,-4.89960784195088e-06,-8.80200574882659e-06,-6.68256686139656e-06,-1.02648478006981e-05,-7.31612478286297e-06,-1.17671291675414e-05,-4.24853892359649e-07,-8.61081239424378e-06,-8.79553604866232e-06,-2.01250493229529e-05,-6.72044790642449e-06,-1.95239282699037e-05,-4.97126901562278e-06,-2.08614929849182e-05,7.36606006327513e-07,-1.26356765949119e-06,2.62216136108095e-06,-3.81833251830132e-06,6.95598840170722e-06,-7.3567328842153e-06,-7.29629700428313e-05,-0.000215005344736609,-5.48527508847973e-05,0.0007056206838356,0.000247504384028971,-0.000238437846558165,-0.000628603616530471,7.13162158429551e-05,1.30198208847424e-05,-5.7077574862072e-07,3.05973501185813e-05,-6.81975482112733e-05,-0.000466353363079283,-0.000183025298749593,3.02242660538696e-05,2.7664436069619e-05,-0.000210687153142634,1.34946419795175e-07,-3.39777059997393e-07,2.28458033445051e-08,-1.10893271903142e-07,-2.69358901532671e-07,2.01535506811379e-07,-3.55759354872494e-07,-2.15719794220064e-08,-3.59018486020744e-08,-6.18755432915058e-07,-2.89885267684666e-05,-0.00108313868487805,0.000234076819439477,-8.0957238021617e-06,0.000544218325439439,-0.000325298194338258,0.000404791028276319,-0.00113304225067773,0.000786387052730493,-3.99511920465273e-05,-2.68100552243395e-07,0.000318530831752463,0.00154600807567792,0.00674507751516947,0.00446312427555192,5.21155526270659e-05,0.000231385480550634,0.000188820885121965
"north_west","rel_p_ICU_omicron",-2.82170707763885e-07,-3.22199570579164e-06,-3.20127695737516e-06,7.07722739310905e-07,-4.51360361093036e-09,1.69165467221373e-08,2.31408620872674e-07,-1.05949011179517e-07,7.07730592723569e-07,6.75968092085207e-08,1.13846120725023e-06,2.64179553116718e-07,2.23111911819467e-07,3.95480474465973e-07,2.95390636478422e-07,6.82375232500171e-07,4.46005079045709e-07,6.3153610078655e-07,3.7260397165436e-07,5.56686935430646e-07,5.56041177216415e-07,6.55968647229958e-07,6.33842700107225e-07,7.50373979931889e-07,8.78359485297592e-07,8.48811884482975e-07,-3.1798058758366e-08,9.58996168769635e-07,2.91993863428774e-07,1.88807552746242e-07,6.57645629351974e-07,4.24694511705601e-07,6.68022265095384e-07,3.90155979776628e-07,-5.87573444106902e-08,1.25834798041734e-07,-2.81568750215988e-07,3.98114735708972e-07,-4.33870519847445e-07,2.01822116998388e-07,-7.25030751926034e-06,8.19063469797294e-06,-1.66916361082903e-05,-7.63736229441794e-05,2.16689711696665e-05,2.29680507924239e-05,1.66524682108791e-05,-1.59100461940027e-05,1.4644300970721e-06,3.04404032164964e-06,-1.27670802727289e-06,1.05812292035958e-06,4.38155516026397e-06,-5.91296419730092e-06,-7.23091894022499e-07,-4.82936948850182e-07,1.19066324191745e-05,-6.33030073460117e-09,2.20577109182862e-08,8.23703593591359e-09,8.77315850260056e-10,7.91451272983996e-08,-2.98071063161962e-09,1.62804883916112e-08,1.93679234107526e-08,1.88957996215561e-08,7.06654422745774e-08,-2.07062873882728e-05,5.78841438321098e-05,-1.98053962605226e-05,-3.96829660132349e-06,-2.30305748536084e-05,1.89455976836913e-05,-1.83516825958349e-05,1.6600376510756e-05,-3.99511920465273e-05,2.5639012450639e-05,5.06003995002861e-09,3.87865419254149e-05,-0.000454265756220653,-0.000432662994007992,3.21761743509606e-07,-1.00186156090204e-05,-1.35195790434109e-05,-1.37713261545186e-07
"north_west","rho_pillar2_tests",3.75413425424115e-09,1.88448023410746e-07,-8.98791630600188e-08,-1.09334088767388e-08,-5.11251018371553e-09,-3.66734743569571e-09,7.9410865474635e-09,6.40693292411037e-10,7.48800625004744e-09,6.13871247087673e-09,4.55384605544293e-09,4.83455492620693e-09,2.31913370765321e-09,2.71517153608887e-09,9.79057037391514e-09,-1.6445976958891e-08,6.28664632318944e-09,1.19269290196985e-08,6.74299396975709e-09,5.28926552410887e-09,6.74939081395416e-09,1.12540006719327e-08,1.32828238478021e-08,6.341572621365e-09,1.17718550272298e-08,1.47881279941089e-08,4.09262067439292e-11,8.7440612607926e-09,1.56549607576387e-08,1.56380799214683e-08,9.19498880678499e-09,1.511022294075e-08,1.23288318380625e-08,1.15058701077556e-08,1.0934752431177e-09,-2.29088820947906e-09,5.16885647986837e-11,-3.41716311355741e-09,1.0493309428806e-09,3.60458845182611e-09,-1.1112335746992e-07,3.73673211104164e-07,-8.8100223366854e-07,-1.65899592571254e-06,-9.37811461807722e-07,1.57328968653821e-07,1.43667823108658e-07,-1.66762123990404e-07,3.36011251373732e-08,1.68145415494446e-09,-4.54475015120842e-08,1.14354198415581e-07,6.38672805474203e-07,3.71142332843306e-07,-4.65334449961431e-08,-1.23206854584881e-08,1.97971213405134e-07,-6.15663690346333e-10,-7.27209502367362e-10,-6.57462201066812e-10,-3.60726400857042e-10,-2.11088345327642e-09,-3.79698883969378e-10,7.34905527329693e-11,1.13500073500545e-10,-2.41138585108565e-10,2.9344226590557e-10,9.02858787073763e-08,1.18004261937895e-06,-1.21036996634443e-07,-9.30151389798108e-08,-3.56282249967344e-07,1.73414709247955e-07,-5.75139640414376e-07,2.48739647757547e-07,-2.68100552243395e-07,5.06003995002861e-09,8.85668899447175e-09,1.69413337408377e-07,-4.24512195373917e-06,-4.65145878646673e-06,-1.69933694846473e-06,-1.66795420877124e-07,-2.76723336855994e-07,-1.10474741191703e-07
"north_west","seed_date_alpha",9.05860460606953e-05,-0.000662364086807333,-0.00116273687424519,-2.41774393583915e-07,6.93482966298293e-05,2.22493207898738e-05,-2.63645746476735e-05,2.38416207392628e-05,3.00336118615068e-05,-4.68991304555266e-06,3.40461814779094e-05,-3.2098602142482e-06,-7.91795926072102e-06,-1.00273842256154e-05,-1.56406277825309e-05,8.96979255691396e-06,-6.89102966594722e-06,-1.60931651502651e-05,-1.3606242484644e-05,-1.64317959845095e-05,-7.06431633821546e-06,-2.27577670506367e-05,-1.89007344551679e-05,-1.62156793626007e-05,-1.24679988460778e-05,-2.89024279563709e-05,5.15303733617776e-07,-2.56385922817619e-05,-1.14314141050199e-05,-1.76318420279097e-05,-3.15356971374605e-05,-1.40838542481856e-05,-1.54662394869406e-05,-6.89814122552911e-05,-2.6994971069486e-06,-1.68375035342269e-06,-4.35408007639245e-07,-5.03807140918988e-06,1.72785110428861e-05,-2.85842227281707e-05,-0.000471414947055616,-0.00436155885784409,0.000544259780397771,0.00255284668270583,-0.00314154685520798,-0.000619807380302923,-0.000659813688321534,-0.000111310445885764,-0.000115011388352512,-0.000128167924775648,0.00011330044265179,0.000361525962454893,0.000277807856338633,-0.00110990896576227,7.5268669507014e-06,-3.86278787291414e-06,0.00126441705016486,-4.21887089230669e-07,1.02785608057827e-06,8.05196778333306e-08,2.99016888263797e-08,1.83277927154118e-06,2.94529946090301e-07,-2.75519468410407e-07,-8.31077280151014e-07,2.13218926344463e-07,-1.36666420543549e-06,-0.00102914755198121,-0.00175197628388526,-0.000734252256673012,0.00147667093515211,0.000305725992883492,-0.000829031002796594,-0.000127187637812099,-0.000784022325989671,0.000318530831752463,3.87865419254149e-05,1.69413337408377e-07,0.0793751450658701,0.0120689422619053,0.0222337628338269,0.0292547407665531,0.000221898548546244,0.000350112936320791,0.000397756660653969
"north_west","seed_date_delta",0.000592871542774767,-0.00547577753978424,-0.00804773539329217,-1.97507471902804e-05,0.000167991283353529,0.000190225183937059,-0.000186693296014034,8.55179558417026e-05,1.14898656749583e-05,-0.000102176344360658,7.03331304147331e-05,-5.12463912441182e-06,1.9570587752022e-05,-4.77029032949657e-05,0.000327922812111181,0.000400305260701165,-3.48348839634571e-05,-0.000252601776137281,-7.10700551078733e-05,-0.000303595531853307,-0.000196209274138717,-0.000218026527233753,-0.000301639297721058,-0.000120337176834916,-0.000290327083044668,-0.000323339621947169,2.42115132194127e-05,-0.00025311845917792,-0.000307315349949804,0.000546075017317501,-1.85574043390115e-05,0.000176699271667315,0.000238940806430489,-0.000252258008738243,1.40044636959921e-05,-5.66433557857136e-05,1.69508438160811e-05,4.08148732946985e-05,0.000241296378123234,-0.000287464259856244,-0.0252246582134848,0.00246416709125303,0.0224811225402049,0.0310699342864092,0.0013578385895431,-0.0133890955639719,0.00127398911346476,0.00149610095667385,0.000223617509708743,0.000903099091051672,0.000198287157754106,-0.00233915944606304,-0.00768815496734816,0.00311544247160473,0.000209343415086442,-0.000259631936447035,0.00186125407667919,1.03277307740498e-06,3.38505154947695e-06,-1.76335290689522e-06,8.41744020740219e-08,2.67801372671858e-05,5.65196849208258e-06,1.15957866766704e-05,-6.86853940855807e-06,4.07756688740655e-06,-6.69139888799767e-06,0.0041710530898753,-0.0136996667288393,0.00358665617122944,-0.00645137648252397,0.0136377311611682,-0.00559163715539751,0.00625692726189013,0.000226569125614523,0.00154600807567792,-0.000454265756220653,-4.24512195373917e-06,0.0120689422619053,0.910973714680925,-0.246057532876243,0.0692193864403062,0.000579259321831106,0.0107433264137216,-0.0107444150385758
"north_west","seed_date_omicron",5.7883366261373e-05,-0.00200486416243859,0.00334812494681102,-6.10483997612573e-05,0.000325004370498512,8.13691844517857e-05,-0.000139945149186131,0.00014103294623073,-6.70520844627571e-06,0.000252887421293232,5.52126655543095e-05,5.06214881758247e-05,4.3887748968444e-05,0.000106144889655899,-0.000195297315783157,-0.000833375195188462,-0.000102107091132965,-4.09381718378814e-05,-3.36723412164068e-05,-2.42986789004886e-05,-7.71916523004976e-06,-7.93560539708895e-05,-5.01753162113668e-05,-9.84153403223225e-05,-2.08351994477048e-05,-8.31150460447184e-05,2.69466896540604e-05,-0.000155658957319353,0.000169663325352506,-0.00086271591436034,-0.000361330020096746,-0.000708303466260886,-0.000402834957059263,-0.000728544018382593,-2.81385385708848e-05,3.62467717109836e-05,1.59042848040564e-05,-0.000102047285409236,8.42218742281713e-05,-0.000101273528042979,0.00662598069575422,-0.0222805986485717,-0.0158947294938688,0.00163547670748486,-0.0153270824108734,-0.00142822560431367,-0.00941969403916178,-0.00369169516104259,-0.000554780792207514,0.000377361790575303,0.000411782785786977,0.00114597120171027,-0.00431129627243403,-0.00870071983538013,0.000249427371213634,0.000624620056810713,0.00375384207952332,2.12218709265832e-06,-6.50348798437993e-06,-1.86214269779642e-06,-9.72007858564642e-07,-5.38370149678438e-06,3.71624651890381e-06,-7.01486935478429e-06,1.42575196049339e-06,9.69447644917032e-07,-1.11180395629739e-05,-0.00306771175197146,0.00272425318452869,-0.00352833952972211,0.00980218257354851,0.00412210013314062,-0.00438694735198685,0.00386321397955346,-0.0148213842399732,0.00674507751516947,-0.000432662994007992,-4.65145878646673e-06,0.0222337628338269,-0.246057532876243,0.602515003850259,0.100327436048943,-0.00255231999093846,0.00392870647435668,0.0156859874585598
"north_west","start_date",7.54388699643382e-06,-0.000320036615799174,0.00189160719648325,-3.4228972967568e-06,0.00127912855661676,9.46413880825381e-05,-0.000314333617056559,0.000148719315774537,2.40141340062012e-05,-1.89203067691882e-05,0.000207543849155665,3.232734441755e-05,3.25840219107002e-06,-6.03697726410163e-05,-3.5913224177167e-05,-0.000410900852380612,-0.000144801377945182,-4.38044800883979e-05,-0.000212944340525075,-0.000107339752993263,-1.49949952952573e-05,-0.00019679592018941,-6.23772426993059e-05,-0.000263134489442408,5.61259670813405e-06,-0.000256132451309591,-8.55843243288171e-05,-0.000178087220110352,-9.37871999879973e-05,-0.000183896338555843,-0.000162926409356764,-8.92597206806729e-05,-0.000152875065167427,-0.000219139700083123,6.19990880587344e-05,-8.90017764351161e-05,1.73320270805933e-05,-3.66618580871666e-05,1.88147367344466e-05,-0.000110748166369696,0.00184785949065953,-0.0475284101473345,0.0123903654265065,0.0102372570266096,0.00869354172886715,-0.0020708758920685,-0.00544725058607515,0.000970293544970158,-0.00105454501255728,-0.000903709747876678,0.00140077407296248,0.00239760451865979,0.00243108230567486,-0.00120752250246049,0.000773666811206009,0.000225086010062469,0.0130732987248113,-4.17379802692252e-06,-9.0136909721873e-06,-5.57963147042947e-06,-4.46263019347938e-06,9.96945375270463e-06,4.21374072728446e-06,-3.47189110622979e-06,-6.77683583609694e-07,2.19339015704611e-06,-7.43038480506764e-06,-0.0089806723327189,-0.0272572220559089,0.000320639496508555,0.0013616504603689,0.00195107051986993,-0.00512914820943561,-0.000531713807613738,-0.00889306492527748,0.00446312427555192,3.21761743509606e-07,-1.69933694846473e-06,0.0292547407665531,0.0692193864403062,0.100327436048943,0.484811947548323,-0.00189849580865087,0.00586881490088017,0.0022306702828217
"north_west","ta_alpha",-1.2311251898716e-05,1.16741986558811e-05,5.09014420352235e-05,6.86949782629995e-07,-4.69310894713361e-06,-1.19743961808012e-06,2.60979965411471e-06,-3.6937126045359e-06,-4.97287601490397e-06,-6.28501641782345e-06,-8.43221408295643e-06,-3.55976406920321e-06,-2.53309677772303e-06,-2.52114907375761e-06,-3.03100523238365e-06,9.42556332372066e-06,-3.38003207474556e-06,-2.92034560070819e-06,-3.32865742356914e-06,-1.98413498356247e-06,-3.47047408889646e-06,-3.90701434584033e-06,-3.56022819314522e-06,-3.51515366213641e-06,-7.16425407677924e-06,-3.55450646763423e-06,-9.76178602178843e-07,-3.86584367015201e-06,-6.35957949958262e-06,-2.9020849427604e-06,7.72235067482909e-08,-1.68699726202858e-06,-2.70653197277709e-06,2.13650554173642e-06,1.27662736085477e-06,-1.76959528833265e-06,3.11666037198702e-06,-1.39205058646538e-06,1.30293656606321e-06,1.26556349898299e-06,-9.1580608471429e-06,0.000520519668304178,0.000156846602391039,9.96240584329645e-05,0.000257928239867206,6.91926387711502e-05,-1.90247005834877e-05,7.9645646324183e-05,2.81792426875201e-05,-1.73948909115229e-05,-2.07099904917736e-06,-7.41797210522373e-05,-0.000172300844584312,0.00016166344177461,7.50151682640004e-06,5.79884531368655e-08,-0.00022097691050027,5.06559045149124e-08,-4.30321661489296e-09,1.81927652863089e-07,3.29228797266796e-08,-2.87863000296999e-07,-1.94035367860856e-08,-6.30106693272411e-08,7.99765445905349e-08,-7.50946165235232e-08,-9.40493682064326e-08,0.000158274171625257,-0.000261985724750053,0.000114779295560275,-4.80083408075223e-05,5.33906051955455e-05,8.61878465274612e-05,0.000107905486604864,-2.71865642634844e-05,5.21155526270659e-05,-1.00186156090204e-05,-1.66795420877124e-07,0.000221898548546244,0.000579259321831106,-0.00255231999093846,-0.00189849580865087,0.000150853916119028,4.97753548308627e-06,-6.74162314732669e-05
"north_west","ta_delta",1.3411558767128e-05,-0.000278371715673927,-0.000119411956557637,-1.44146171643572e-06,1.70890144218134e-05,7.92280927000341e-06,-1.00801098457412e-05,4.91784949730862e-06,-2.10692096070201e-06,1.26226584165531e-06,-2.52161844543944e-07,3.17677692656302e-08,6.42764465859574e-07,1.1572373363121e-06,-5.1951668859017e-06,-6.97682253187464e-06,-1.39609515336048e-05,-1.13439391222869e-05,-9.9783852620179e-06,-1.70271419280641e-05,-9.50036762908011e-06,-1.58158240632726e-05,-1.55856406573656e-05,-1.37902811676681e-05,-1.90631767055772e-05,-1.88588424125294e-05,5.68294079438642e-07,-1.89289071893592e-05,-1.56356775636334e-05,-1.11796218428003e-05,-1.06314561642127e-05,-1.41208079102472e-05,-5.9416942744003e-06,-2.94613588885972e-05,2.27177354310477e-07,-3.95836647198473e-07,-5.67113881399867e-07,7.0709810645464e-07,6.64478977192101e-06,-9.5248635314556e-06,-0.000589213517887408,-0.000814671915936005,0.000307703838394691,0.000878052052002534,1.01415005479469e-05,-0.000400288761335956,-0.00016061249529222,-6.63264397059462e-06,-2.30705102869139e-05,1.60106671077526e-05,2.03128273329193e-05,-7.11568197862762e-05,-0.00027682838124218,-4.49214334395361e-05,1.9295879250659e-05,4.11979121867681e-06,4.97804724705647e-05,-1.0087661240203e-08,1.60641803130714e-07,5.33653445848926e-08,-1.15096318257115e-08,6.96728250888683e-07,1.68696039227978e-07,8.54060525667684e-08,-3.2670189668927e-08,4.89280796809157e-08,-2.56603745654308e-07,-5.54073991467557e-05,-0.000529763735153798,-5.25843155157535e-05,0.000262300821625627,0.000492642326320215,-0.000236053388657701,0.000198315976987332,-0.000365274906072494,0.000231385480550634,-1.35195790434109e-05,-2.76723336855994e-07,0.000350112936320791,0.0107433264137216,0.00392870647435668,0.00586881490088017,4.97753548308627e-06,0.000626913118467923,-7.29853419235319e-06
"north_west","ta_omicron",-7.10613754926492e-06,-1.56186234937334e-05,7.20045151812728e-05,-2.46514899627871e-06,7.87593979914534e-06,3.98554104988755e-07,-1.4868156523391e-06,2.68453431668434e-06,-7.73482780261972e-07,7.31504806236429e-06,4.81256692323978e-07,1.15194527391455e-06,9.99598740340652e-07,2.26128326990979e-06,-5.27541938946226e-06,-2.98371756817968e-05,-1.64678437053793e-06,1.22470704911992e-06,-1.77688187126296e-07,2.81581112669347e-06,1.40420417192602e-06,-1.33237586987079e-07,1.41142815660715e-06,-1.55087712920371e-06,2.96850347264241e-06,-1.31730823396271e-06,1.01344268511904e-06,1.10455726768231e-06,1.73558939215377e-06,-3.17063005758384e-05,-8.98106317515409e-06,-2.12822248376441e-05,-1.33589741443769e-05,-1.57036106650238e-05,-1.15551562008521e-06,1.43808622311746e-06,1.93264306609193e-07,-3.03351330867316e-06,4.81516806953282e-07,-5.4545517387736e-07,0.000268574813149903,-0.000630652063254862,-0.000549105797235018,-0.000232495638618526,-0.000509443806645446,9.87343899507194e-05,-0.000261213169420598,-7.54040566220534e-05,-1.0487067451956e-05,7.96005057292041e-06,1.15034970313808e-05,4.5706507180595e-05,-6.5466395562689e-05,-0.000177997322662885,6.4050127933443e-06,2.37240822692485e-05,9.05168899736967e-05,9.7909143600345e-08,-3.53400574848853e-07,-1.12360402723366e-07,-4.83018085171985e-08,-4.85551389558426e-07,7.46270547307158e-08,-3.13937523046177e-07,5.41692157525766e-08,-1.82408442223568e-08,-3.81789148036611e-07,-5.44051863485162e-05,9.19333660954266e-05,-0.000104650763572759,0.000297397060427586,-1.01462185346443e-05,-5.29587951187906e-05,5.5593309279805e-05,-0.000460032117492624,0.000188820885121965,-1.37713261545186e-07,-1.10474741191703e-07,0.000397756660653969,-0.0107444150385758,0.0156859874585598,0.0022306702828217,-6.74162314732669e-05,-7.29853419235319e-06,0.00054100071536795
