"region","name","alpha_admission","alpha_D","alpha_death_hosp","alpha_H","beta1","beta10","beta11","beta12","beta13","beta14","beta15","beta16","beta17","beta18","beta19","beta2","beta20","beta21","beta22","beta23","beta24","beta25","beta26","beta27","beta28","beta29","beta3","beta30","beta31","beta32","beta33","beta34","beta35","beta36","beta4","beta5","beta6","beta7","beta8","beta9","mu_D","mu_D_2","mu_D_3","mu_D_4","mu_D_5","mu_gamma_H","mu_gamma_H_2","mu_gamma_H_3","mu_gamma_H_4","p_G_D","p_G_D_2","p_H","p_H_2","p_H_D","p_ICU","p_ICU_2","p_ICU_D","p_NC_15_24","p_NC_25_49","p_NC_50_64","p_NC_65_79","p_NC_80_plus","p_NC_weekend_15_24","p_NC_weekend_25_49","p_NC_weekend_50_64","p_NC_weekend_65_79","p_NC_weekend_80_plus","p_W_D","rel_p_D_alpha","rel_p_D_delta","rel_p_D_omicron","rel_p_H_alpha","rel_p_H_delta","rel_p_H_omicron","rel_p_ICU_alpha","rel_p_ICU_delta","rel_p_ICU_omicron","rho_pillar2_tests","seed_date_alpha","seed_date_delta","seed_date_omicron","start_date","ta_alpha","ta_delta","ta_omicron"
"north_west","alpha_admission",7.00801217430945e-06,-3.25177459754006e-05,-2.45201527439903e-06,-3.83061181224062e-07,6.73745705063313e-08,-1.29848672734178e-07,5.05719134827592e-07,-2.61233329876811e-07,2.59941639638183e-07,1.7291002089591e-07,6.90219321005728e-07,-1.18294634357267e-07,3.82216369335569e-07,-1.09286617290376e-06,1.28671642441198e-06,-5.10016243005139e-06,2.90618544873926e-06,1.7671920783267e-06,2.98293893425489e-06,2.38477693281965e-06,1.79823427664744e-06,3.07962455117148e-06,2.56117582024282e-06,3.42332684968206e-06,2.78970205325586e-06,3.84068350613473e-06,2.46202876561134e-07,3.38301672128421e-06,3.92019033554827e-06,4.0768350726227e-06,1.35996244003538e-06,2.22274956006705e-06,2.63840872850933e-06,1.49247626131078e-06,-1.76134641360556e-07,5.18278180444681e-07,-1.09706509443004e-06,1.17896665621363e-06,-1.31638339106254e-06,7.04982747557487e-07,2.21557504171565e-05,-1.64534453983251e-05,-6.08797739430346e-05,-2.55205908009841e-05,-2.0525731107793e-05,6.87987896279726e-05,-3.42152230625827e-05,1.32686600768757e-05,-1.49855149906866e-05,7.07403576779383e-06,-1.87390741557274e-05,-4.56049943499315e-07,-1.33896288375682e-05,-6.41328162354819e-06,5.22466694405841e-07,-1.63577480978618e-06,6.93166436763404e-06,1.78992987711043e-09,9.70670952570336e-09,3.52357060254719e-08,-2.71524833594408e-09,-4.58707178307371e-08,6.39713567980271e-09,-1.00207092904418e-08,-1.11685222646896e-08,-8.11738929308545e-10,3.56389202981633e-08,3.85683097391517e-05,0.000199743846764164,-1.41110406592691e-05,1.78155888788458e-05,-2.08411890713473e-06,1.20559168741281e-05,1.64672956644957e-05,3.35236314147937e-05,-1.82930585563025e-05,-1.18914357339719e-06,-5.69085666469223e-09,0.000123136943693317,-0.00191179219590861,-0.000144565798649929,-0.000284034573162024,-4.1408229135078e-06,-0.000113613182925497,-1.08581741613305e-05
"north_west","alpha_D",-3.25177459754006e-05,0.0267065108307382,-0.000176605059394961,0.000160653324328801,-9.87996131488197e-05,2.59029672580471e-06,9.24964009344658e-06,-4.2765333113866e-05,-2.49227288111406e-05,1.60571442277943e-05,-0.000148449575021376,-1.50692087326048e-05,-3.37496437649002e-05,2.89553301191597e-05,-0.00022171359434436,0.000186539343846459,-0.000151869753122725,-8.07747833328357e-05,-0.000162312983649316,-8.33055911908023e-05,-9.8468796701488e-05,-0.000133079035779524,-0.000152810696550276,-0.000141944907870782,-0.000192881364280839,-0.000128361956351597,-3.08746261052247e-05,-0.000234732074618905,-0.000163805953486472,-0.000120983497100734,-0.000106579522945872,-0.000117243183628577,-0.000146693076630339,-0.000115060480017112,1.83207196886739e-05,7.35530911049978e-06,-1.89322630062935e-05,4.42808790478081e-05,-5.18203830085136e-05,3.88093590972406e-05,0.000924786669381377,-0.00127221344273502,-0.00301834234365722,-0.00100663496302583,0.00207182007557935,-0.00359930982374595,0.00211235475660087,0.000206536648673322,0.000213149476650489,4.0236969854097e-05,-0.000386902618049639,-0.00115841836117424,-0.0006003427044981,-0.000193642628550085,-0.000458881068341257,0.000389779443326263,-0.00189368153413968,-1.13120004609386e-06,-4.09569763208985e-06,-1.07916824087234e-05,-2.45237074171407e-06,-3.55128351144033e-06,-1.54576728799861e-06,-3.87895921233174e-06,-2.50634882177315e-06,-3.90062508221873e-06,6.80422838059793e-06,-0.000487953111142545,0.00987189241838445,-0.00658849417106378,-0.00850296045040014,0.00333405456728726,0.000485325137373502,-0.00089423611429236,-0.0043656933241955,0.00134114813927284,-0.00043774953091516,4.72119322437563e-06,-0.000640717764530796,-0.140955161979797,0.0457903501858187,-0.0447474737847469,0.000984618198610503,0.0044322605164884,0.00101138945564815
"north_west","alpha_death_hosp",-2.45201527439903e-06,-0.000176605059394961,1.32011038629533e-05,-2.00204671744981e-06,4.43602921914508e-07,-2.40214275464653e-07,-1.04266213886662e-07,4.01969072308981e-07,4.59111550978381e-08,-5.18300017737358e-07,2.81698668064685e-07,2.67759182230716e-07,-7.41280886483259e-08,7.22132898785475e-07,-5.61135420671931e-07,-1.10923727646736e-06,-1.39382951093325e-06,-6.29793645756724e-07,-1.31471964997647e-06,-5.56388638473167e-07,-6.19047152879073e-07,-1.3836300847965e-06,-6.43766567310763e-07,-1.08078918316964e-06,-1.14066356722368e-06,-1.42529588996386e-06,1.47215379298793e-07,-1.05463229592626e-06,-1.41382445427251e-06,7.85814207846213e-07,5.06411495498165e-07,1.16636449035473e-06,1.8902319771652e-07,3.16163013452473e-06,4.41351607936722e-09,-3.304851232899e-07,8.90301649447505e-07,-1.19337870211722e-06,9.98518483830027e-07,-2.48887261441973e-07,-2.39609008325687e-05,2.99384704953635e-05,4.87929471384881e-05,2.67379895993528e-05,7.53703022234267e-06,1.07364884805775e-05,-9.93072067666109e-06,-1.53114061977695e-05,2.63517387971914e-06,-1.59485458344625e-06,1.37613417747005e-05,1.02426927852913e-05,1.55609213675444e-05,2.86675933194611e-06,4.21802741778787e-07,-2.28923983722275e-06,3.94890539298835e-06,-9.2426354772679e-09,6.47695380447771e-09,5.27831587856789e-08,3.80244439786513e-08,1.02057177033e-08,1.95321193344692e-09,7.41468887488733e-08,3.64133787679259e-08,3.03045211748935e-08,-8.68763955507683e-09,7.52007394390894e-06,-0.00017213666272259,9.51627932251287e-06,2.62318913584059e-05,-2.08996651207901e-05,-2.41441187401429e-05,-8.97651943979174e-06,3.06323306778963e-05,-8.62284967734414e-06,2.84315874351813e-06,3.97958485843615e-10,-9.20307340473537e-05,0.000518147972115302,-0.00113334262822453,0.000268695850510792,-3.52419141440915e-06,4.80682119238843e-05,-4.91608695904237e-05
"north_west","alpha_H",-3.83061181224062e-07,0.000160653324328801,-2.00204671744981e-06,2.80019232948252e-06,-7.05277065720407e-07,5.68849956486169e-08,6.97247865888324e-08,-4.71767063400692e-07,-1.63390102339368e-07,-4.64003372835917e-08,-1.03833121036098e-06,-1.91686296028291e-07,-3.23761446458151e-07,1.9398107443527e-07,-1.3846416108536e-06,2.55290014072659e-06,-1.21831519523546e-06,-8.24834127938135e-07,-1.30067684912698e-06,-9.25380817710215e-07,-8.87890362148664e-07,-1.2320880340137e-06,-1.30485821238192e-06,-1.50502547445688e-06,-1.54197173319497e-06,-1.41346462157322e-06,-3.17000427610564e-07,-1.80522006813083e-06,-1.87158163301073e-06,-2.23984307489497e-06,-1.2101851684779e-06,-1.61629866478063e-06,-1.68816607358841e-06,-2.04264046384432e-06,1.67881789991469e-07,-2.67446301419286e-08,-2.833338166478e-08,3.46257721457657e-07,-2.87831264846894e-07,9.57076751632743e-08,7.21706588542422e-07,-1.36268623581615e-05,-2.41078616907505e-05,-1.01406865445554e-05,1.04786497749576e-05,-2.66898771510392e-05,2.49281540340736e-05,7.31648640277233e-06,5.07131408289456e-06,-7.43616762603022e-07,-1.16491600674609e-06,-1.04672426599058e-05,-2.48208574167765e-06,1.81173921681091e-06,-3.14048705434773e-06,2.96200826792179e-06,-1.802828625674e-05,-2.97326652700455e-09,-1.92246670842817e-08,-7.44586718424585e-08,-2.41726723055177e-08,1.25555624472599e-08,-9.86166737687307e-09,-2.95828150106496e-08,-2.73598860543923e-08,-3.09839050776161e-08,2.35602511397782e-08,-1.11070758138125e-05,7.12446514971086e-05,-2.41326021007424e-05,-4.97310813366701e-05,2.37356977650369e-05,9.31085766299233e-06,-9.65462083998731e-06,-4.26618694175754e-05,2.05253079858415e-05,-2.48020441035095e-06,1.90393699557083e-08,-5.24857324272334e-06,-0.000309298611082159,0.000583148619667819,-0.00027768912266771,9.84330531743497e-06,4.05491205790095e-05,2.62529004170755e-05
"north_west","beta1",6.73745705063313e-08,-9.87996131488197e-05,4.43602921914508e-07,-7.05277065720407e-07,1.18812976422389e-06,-1.77727749669034e-08,-1.07833261050351e-07,2.70452996797546e-07,1.28037354084047e-07,2.56777841612426e-08,7.58949870278371e-07,1.0073912254583e-07,1.88590238112738e-07,-8.47946126059616e-08,1.10517796826526e-06,-2.24397448608999e-06,8.25943681571798e-07,3.49719861289297e-07,8.7660064960311e-07,2.64414516271846e-07,4.61997654742503e-07,6.36953873378525e-07,6.74719179767231e-07,6.28522490064775e-07,9.80955567513039e-07,5.25651843990163e-07,1.43381081281101e-07,1.1543977983465e-06,6.94405678998451e-07,5.90485064529785e-07,5.01307209042116e-07,5.68142951349724e-07,6.5690078398079e-07,5.85232468085221e-07,-7.33333133549581e-08,-5.23363915189257e-08,-9.38038515196067e-09,-6.41336375544632e-08,8.32720127862034e-08,-1.17703925999734e-07,-3.09560264919999e-06,9.39872137420688e-06,1.67918985561841e-05,6.59517914310761e-06,-8.79211575057785e-06,1.08938714495275e-05,-8.99921646857987e-06,-2.84367895390677e-06,-1.35963415346181e-06,-1.90232026111652e-07,2.58739048372651e-06,5.54424662854932e-06,-2.67504670604377e-06,9.43498682757264e-07,2.20358302582657e-06,-1.55810883137101e-06,5.00085297386506e-06,4.47322557584431e-10,1.39598364587032e-08,4.88735160198798e-08,4.20810375110848e-09,2.18479989060132e-08,9.41901479354486e-09,4.08902030061747e-09,6.31378635378946e-09,1.55464665896124e-08,-5.35810953302022e-08,-5.02489384497545e-06,-5.4503514320156e-05,2.48407744452391e-05,4.10141396212975e-05,-1.46651979978536e-05,-2.58128567338711e-07,8.47421067469506e-06,1.56932117088348e-05,-4.34680274813113e-06,2.042251359729e-06,-2.15211565251139e-08,-6.18344999426476e-06,0.000876361871831697,-0.000248169563709523,0.000411065849466984,-6.14775139183231e-06,-1.97706305268502e-05,-4.93343837149974e-06
"north_west","beta10",-1.29848672734178e-07,2.59029672580471e-06,-2.40214275464653e-07,5.68849956486169e-08,-1.77727749669034e-08,2.05523475036598e-07,-2.1211782020048e-07,8.40933041157289e-08,-4.89582045942001e-08,1.75215690706141e-07,1.92786546170286e-08,1.97099950301057e-08,1.43846980779431e-08,3.17950818150535e-08,7.77717269061573e-08,5.22370103830139e-07,5.60572469063934e-08,4.06904612820374e-08,6.59151387920808e-08,1.24401875965704e-09,6.12824610008582e-08,6.33384321223692e-08,6.08673740735999e-08,4.68145851089079e-08,1.05174805766887e-07,6.69509442606101e-08,-5.68940897410956e-10,7.71504021736712e-08,9.45224971993039e-08,-1.85264279877653e-07,3.44581462064386e-08,-1.22027032368592e-07,3.93833859972227e-08,-3.09874050523143e-07,-1.0092466828929e-08,1.93431434493092e-08,6.46176730728275e-08,-1.1976643734633e-07,2.32979692760002e-07,-2.46087652921568e-07,1.4156101901221e-06,-3.01835296289894e-07,1.15408954798399e-06,-5.31543635946005e-07,1.63110152702799e-08,-6.79123283522865e-07,2.88315178138578e-06,1.85352250696108e-06,1.64110518390941e-07,-4.56584638566296e-07,-2.61346327421341e-07,-6.13582614858481e-07,1.23277795362405e-06,-6.63962474732253e-07,5.09204278779525e-09,7.80892919045347e-08,1.51495831824388e-06,7.68950034919018e-09,6.49709939806848e-09,2.65761559250205e-09,1.39749350132502e-09,6.34039502114508e-09,-1.26090707689802e-09,2.56161948539744e-09,3.01971792462459e-09,4.86576375935428e-10,1.88157124343251e-09,-1.14027794618485e-07,-2.21174251286237e-06,7.81006750483781e-06,-1.63815481651209e-06,2.65273955310828e-06,-1.98494439053007e-06,-1.66191587643237e-06,-2.32678152836615e-06,1.78644401705689e-06,-3.2996639508431e-07,-6.00034510523096e-09,2.96031852266876e-06,4.7772639462639e-05,4.82961998526833e-05,1.2307225123431e-05,-5.45365424498916e-07,-1.06301838421171e-06,2.84635357349236e-06
"north_west","beta11",5.05719134827592e-07,9.24964009344658e-06,-1.04266213886662e-07,6.97247865888324e-08,-1.07833261050351e-07,-2.1211782020048e-07,5.01355152473026e-07,-3.12262578339142e-07,1.37554702210809e-07,-2.28684132847244e-07,-5.59405526384721e-08,-4.52037406611332e-08,3.51127398902527e-10,-1.40758347864842e-07,-2.37502739691379e-07,-8.58278434312664e-07,7.54908928837818e-08,1.01013383675586e-07,7.78797012173197e-08,2.22425162040288e-07,8.46803534231084e-08,1.36674054449957e-07,1.48146889537863e-07,1.86438317253627e-07,4.54698979119093e-08,2.88512998130988e-07,1.87607691871718e-08,7.01268860401317e-08,2.36956651124428e-07,6.55883005009533e-07,5.47918669698245e-08,2.86955274071159e-07,2.20301056287777e-07,3.76977192854233e-07,-8.66194821118842e-09,7.46350852262982e-08,-1.71642944228096e-07,2.23243383280534e-07,-2.92418948063063e-07,2.72941126173609e-07,3.8253826713479e-06,-3.29800160804409e-06,-1.19250332185666e-05,-3.70345931195974e-06,-1.55646237612308e-07,8.54071255256994e-06,-4.88845176990704e-06,1.02062940290787e-06,-1.77269286982215e-06,1.27927423420201e-06,-2.36488415005415e-06,-1.45146832239138e-06,1.40473698565274e-07,-4.87607493153121e-07,-6.15955149567788e-07,1.42528828959273e-07,-3.15070819967428e-06,-4.25130766863421e-09,-4.47468590506285e-09,-4.21840973405591e-09,4.90735831695996e-10,-1.13160604643445e-08,-1.45725862520034e-09,2.63480510378406e-10,-3.7208420247954e-09,2.50517641809267e-11,1.85493070875172e-08,9.10778525713598e-06,3.8819527216612e-05,-1.66153560809819e-05,-7.17694622906244e-06,1.60361432200826e-06,2.51903557242909e-06,-8.50740694715211e-07,8.37398078354566e-07,-2.11945881682102e-06,-1.25290284572723e-07,1.22323562125981e-08,1.71394624205427e-05,-0.00060058725645774,-3.69320836977535e-05,-0.00010435830845029,1.43574513273243e-06,-7.57060962073067e-06,-5.04873815893252e-06
"north_west","beta12",-2.61233329876811e-07,-4.2765333113866e-05,4.01969072308981e-07,-4.71767063400692e-07,2.70452996797546e-07,8.40933041157289e-08,-3.12262578339142e-07,4.23579702166684e-07,-1.40748276474174e-07,2.31321436297594e-07,2.56780351668988e-07,8.15654746114871e-08,7.7909940517894e-08,4.77005374358236e-08,4.71703222850897e-07,-3.00042050677895e-07,1.87746020659572e-07,9.64167481737184e-08,2.65263116150707e-07,-1.58892284402483e-08,1.27000753525227e-07,1.67661920710599e-07,1.83150912532844e-07,1.66127513070633e-07,2.92647476063414e-07,1.13225564424503e-07,4.50448439239356e-08,3.43878847616744e-07,2.50547147919408e-07,7.18934908285069e-08,2.14594479800096e-07,1.91126599885461e-07,2.02911725575524e-07,3.00515076607344e-07,-1.30469331150472e-08,-6.8839201743236e-08,1.57494773015151e-07,-2.32899090937539e-07,2.61674696661009e-07,-1.69674736117648e-07,-2.03438602274382e-06,6.45167690488929e-06,1.47845873878455e-05,5.24929747505838e-06,-1.91579069246659e-06,1.37326818917303e-06,-3.44560130919884e-06,-1.85816277004161e-06,2.67392444594062e-08,-4.62275920271534e-07,2.1864625249452e-06,2.59596779210109e-06,-2.95687723955346e-06,-2.04919116869207e-07,1.2320636004572e-06,-8.19617131788876e-07,6.09918816094906e-06,5.21441681461126e-09,8.09151796935032e-09,2.27576636753888e-08,7.43348374616127e-09,1.25138117724065e-08,5.44244266736138e-09,8.08189381767832e-09,9.22903275869437e-09,1.01471678548405e-08,-1.52123903347357e-08,-5.44318117881184e-06,-4.48318666056239e-05,1.56844704832392e-05,1.58135938728474e-05,-5.87474397638306e-06,-3.07686256677515e-06,4.65026134242761e-06,9.59736700643192e-06,-3.01389122529698e-06,5.22412128284573e-07,-8.69661792234974e-09,-3.66016673484572e-06,0.000485131031834841,-0.000103771593754763,0.000123698511199682,-3.05956512225901e-06,-2.83379146973367e-06,-3.05259521785534e-06
"north_west","beta13",2.59941639638183e-07,-2.49227288111406e-05,4.59111550978381e-08,-1.63390102339368e-07,1.28037354084047e-07,-4.89582045942001e-08,1.37554702210809e-07,-1.40748276474174e-07,3.07972895539863e-07,-2.43659639447948e-07,4.57852779908029e-07,3.99398077760446e-08,1.09864107211156e-07,-9.31387771770496e-08,3.27429173928538e-07,-5.06570479558943e-07,3.26090423873361e-07,1.95403564530271e-07,3.02024074487811e-07,2.91423290792228e-07,1.73116120136498e-07,3.32308489615444e-07,2.99129315548173e-07,3.62279307619859e-07,4.09590347998304e-07,3.31313276743296e-07,3.72616011480118e-08,4.53556534645337e-07,4.02975520492953e-07,5.37452166381561e-07,2.514227446219e-07,3.2652374512776e-07,4.08507226869029e-07,2.45652233497499e-07,-2.82723281771895e-08,2.96209087917162e-08,-1.13054765839204e-07,8.7435043450853e-08,-1.0756770883853e-07,5.89294212659981e-08,8.71747814470133e-07,2.51947367852748e-06,2.07367442010731e-06,2.71396943060575e-07,-1.42681254063337e-06,3.6663278325421e-06,-4.9724253352267e-06,-7.37552267933704e-07,-6.58620435696355e-07,-8.68263369750702e-08,-5.85692881047641e-07,1.63139128121537e-06,9.30040749053254e-07,-9.23393197500544e-07,5.23690887789444e-07,-3.75040318743701e-07,2.57926014680632e-06,1.14762276243008e-10,6.75373081301981e-09,1.22018915499503e-08,3.64416903584398e-09,8.56684461796357e-09,1.70126209603706e-09,-5.88537504571071e-10,4.55695251834864e-09,5.43161515685492e-09,-1.32956273289069e-08,1.50298247343805e-06,-4.14104978101857e-06,3.53333643606557e-06,5.64736833129003e-06,-4.43709351934925e-06,-1.11189498278955e-06,1.83101956396374e-06,4.5565543908197e-06,-2.63496234263442e-06,7.35088616713839e-07,1.07021887772956e-09,1.22207635187247e-05,6.77187355359839e-05,-0.000114836785895195,4.10937506830395e-05,-2.78593535387591e-06,-9.22266591126875e-06,-5.11658328749376e-06
"north_west","beta14",1.7291002089591e-07,1.60571442277943e-05,-5.18300017737358e-07,-4.64003372835917e-08,2.56777841612426e-08,1.75215690706141e-07,-2.28684132847244e-07,2.31321436297594e-07,-2.43659639447948e-07,7.14031596142829e-07,-2.69839383535706e-07,4.09418347519862e-08,5.50866087068433e-08,-6.69953215170551e-08,2.54419562457111e-07,3.26619895289329e-07,2.69227824713151e-07,2.152150952383e-07,2.69959091422191e-07,1.98224656031435e-07,1.97224030409831e-07,3.47464331423299e-07,2.39656029126541e-07,3.23368963949089e-07,3.62491802616101e-07,3.76663206141225e-07,-1.20893011401013e-08,3.39304821187103e-07,4.75358203639898e-07,9.42756816168025e-08,1.38203372886846e-07,1.22543106872063e-08,1.89423299648909e-07,-1.36369295932491e-07,-3.55020795090771e-09,3.6099689562746e-08,1.92506675975864e-08,-8.2324832189553e-08,1.68671100562375e-07,-1.27802250899363e-07,6.18473476807812e-06,-7.69256309697662e-07,-1.58097052410497e-06,-2.07020175439214e-06,-6.98770726044781e-07,1.78270517086549e-06,2.77457751468665e-07,3.63101714683138e-06,-1.09058322478799e-06,2.39081430831778e-07,-1.3868519425644e-06,-1.0010536897728e-06,-3.53458573392988e-06,-1.5719405620538e-06,4.64535821696942e-07,3.804317652348e-08,9.39396081139764e-08,1.02545728071066e-08,7.42411066252898e-09,3.25282678363043e-10,1.5133475768258e-09,9.89446729844422e-09,2.17716780187654e-09,2.92750262651464e-09,-1.09353624422522e-09,-1.27530206071032e-09,1.6258215047445e-08,1.28751885414957e-06,1.17362263238448e-05,2.66231066470949e-06,-3.22171332315605e-06,2.92679120187924e-06,-1.66447266052798e-07,3.03537804888449e-06,-2.45337447369623e-07,1.32719500897044e-07,-2.7047017205186e-07,-7.62510380815982e-09,-2.46204915866106e-06,-4.89251724735478e-05,7.48743867974119e-05,5.4407100803825e-06,-1.36966475613152e-06,-9.58901456799622e-06,2.6670838534528e-06
"north_west","beta15",6.90219321005728e-07,-0.000148449575021376,2.81698668064685e-07,-1.03833121036098e-06,7.58949870278371e-07,1.92786546170286e-08,-5.59405526384721e-08,2.56780351668988e-07,4.57852779908029e-07,-2.69839383535706e-07,2.01674923152178e-06,1.35646630601641e-07,4.52495385251145e-07,-3.00242397434843e-07,1.85740530229261e-06,-1.62595156193936e-06,1.48116382688813e-06,8.21226971169123e-07,1.52070138020052e-06,9.10328421661637e-07,8.00227475677098e-07,1.44900851381791e-06,1.25433388436986e-06,1.50544327495204e-06,1.83360517441867e-06,1.33579850772339e-06,1.7827465058715e-07,2.06344944079601e-06,1.8113056075113e-06,1.31727282694154e-06,9.14741805128688e-07,1.13195619807436e-06,1.25186881871569e-06,9.26056347165618e-07,-1.20577294437809e-07,5.96401196680848e-09,-1.34056637603297e-07,-1.45158096174568e-08,1.06648522560364e-08,-1.33021556301726e-07,8.56306512105829e-07,1.24288425956582e-05,2.10010593348891e-05,5.20544351836413e-06,-1.20620678965416e-05,1.63219853332304e-05,-1.69739936074833e-05,-2.71274749520313e-06,-3.3198403456438e-06,-2.2143451031687e-07,1.28519551154378e-08,9.35531398574158e-06,-1.92981071265932e-06,-2.43624975933269e-06,4.03696842623165e-06,-2.72241781900229e-06,1.66061130224261e-05,7.14044792335513e-09,3.89032078664106e-08,7.61401250917278e-08,1.62398990027088e-08,3.53510104978223e-08,1.23304088145604e-08,1.03434504106876e-08,1.85889385688335e-08,2.68476050342408e-08,-7.06548034967667e-08,-4.92207857450958e-06,-6.01211544842245e-05,4.68961824942744e-05,4.88979335282411e-05,-2.32460721127151e-05,-3.96517826013855e-06,1.28526575155222e-05,3.07140972297765e-05,-1.2646174616434e-05,3.15510449665519e-06,-3.62573716934804e-08,-2.82985521076467e-06,0.00101968382826796,-0.000276950391766124,0.000308283948699356,-1.20835262200631e-05,-3.97397352334709e-05,-8.43039290505782e-06
"north_west","beta16",-1.18294634357267e-07,-1.50692087326048e-05,2.67759182230716e-07,-1.91686296028291e-07,1.0073912254583e-07,1.97099950301057e-08,-4.52037406611332e-08,8.15654746114871e-08,3.99398077760446e-08,4.09418347519862e-08,1.35646630601641e-07,6.44803581528818e-08,4.3090092139421e-08,3.59185053258385e-08,1.28558180794032e-07,-2.83156754576202e-07,5.77289269582795e-08,6.05706479266803e-08,7.44969261034395e-08,7.11864223416059e-08,5.27493138871215e-08,8.33321430691782e-08,1.02558251043365e-07,1.01855208790136e-07,1.27861810404759e-07,9.04588341539283e-08,2.42307311362209e-08,1.4099106291706e-07,1.48413883772695e-07,2.32877248828125e-07,1.47023070561246e-07,1.7053283344665e-07,1.87762297666454e-07,2.55729100129827e-07,-9.98661043254815e-09,-1.07699123929835e-08,4.45713785111696e-08,-8.52707132170815e-08,8.05106570558917e-08,-3.36601480193988e-08,1.76046766147747e-08,2.67586987072982e-06,4.90889880070744e-06,1.9493249459969e-06,2.46062942753413e-07,7.52615144292115e-07,-2.58857179401688e-06,-6.65061478760102e-07,-1.7731061459857e-07,-1.9045114096722e-07,5.93970874910376e-07,8.95889319072654e-07,-2.09614819888066e-07,-3.82388262264363e-07,3.1184894070696e-07,-2.69842394353883e-07,2.37169455705444e-06,2.38500183929039e-09,3.74095075783049e-09,8.91909987237202e-09,5.14384035378731e-09,7.8048477004674e-09,1.90192606512364e-09,4.36143703475294e-09,5.38339685899171e-09,5.44730416326753e-09,-8.30893647267118e-10,-2.09239101042834e-07,-1.38950133812687e-05,1.01287555205832e-06,2.79947301970976e-06,-2.07550584042507e-06,-2.35812163291201e-06,1.2997659603655e-06,3.4050253670353e-06,-1.23601516391685e-06,1.93659974155947e-07,1.6900478417048e-09,-1.17435216310315e-05,6.39566013392561e-05,-9.13818572751071e-05,3.68725877665689e-05,-1.84776259103909e-06,-8.5729109242601e-07,-4.50825991631868e-06
"north_west","beta17",3.82216369335569e-07,-3.37496437649002e-05,-7.41280886483259e-08,-3.23761446458151e-07,1.88590238112738e-07,1.43846980779431e-08,3.51127398902527e-10,7.7909940517894e-08,1.09864107211156e-07,5.50866087068433e-08,4.52495385251145e-07,4.3090092139421e-08,1.63196683504458e-07,-1.73763352604158e-07,5.37575173901637e-07,-6.9386412392357e-07,5.46409049612141e-07,3.53976093212898e-07,5.55745903625589e-07,4.1632018960809e-07,3.41049327977395e-07,5.7855706273441e-07,5.08879307157267e-07,6.2788859132744e-07,6.64329792102658e-07,6.28950783984495e-07,6.03500285677649e-08,7.4424221304879e-07,7.65276314036906e-07,6.84609519972083e-07,3.67045095087307e-07,4.4035181823861e-07,5.62224187827357e-07,3.36071434454618e-07,-4.39525505879914e-08,4.38963294092389e-08,-9.50965067969978e-08,4.26385593194802e-08,-4.11995144315642e-08,9.08238673611755e-11,3.81252178813375e-06,2.76526573255502e-06,3.02402644301266e-06,3.66840835195227e-08,-3.29488967411593e-06,7.9151176081966e-06,-6.43373761089119e-06,1.8574584951165e-07,-1.72377572390708e-06,3.64461906057615e-07,-1.10167872226586e-06,2.01797161978968e-06,-1.25956390339508e-06,-1.77235652643969e-06,9.42978265257919e-07,-6.77500811480195e-07,4.8691289874805e-06,4.11347164973517e-09,1.04714695826464e-08,2.00561716795876e-08,5.43762035260716e-09,8.236677726791e-09,3.68428961164037e-09,3.54511262369849e-09,5.11925489707539e-09,7.58323112887012e-09,-1.06921787720615e-08,1.46347455734384e-06,-3.58631926609135e-06,8.25456442676747e-06,1.02591793435027e-05,-5.72438827295244e-06,-2.75384926444744e-07,4.12190320555928e-06,9.28560670179724e-06,-4.9508455325106e-06,7.83619067347162e-07,-6.79790573213864e-09,-1.01923623865691e-05,4.86522614140408e-05,-9.31696496317656e-05,5.56633737064576e-05,-3.70474172843829e-06,-1.74407033795005e-05,-4.29606704729765e-06
"north_west","beta18",-1.09286617290376e-06,2.89553301191597e-05,7.22132898785475e-07,1.9398107443527e-07,-8.47946126059616e-08,3.17950818150535e-08,-1.40758347864842e-07,4.77005374358236e-08,-9.31387771770496e-08,-6.69953215170551e-08,-3.00242397434843e-07,3.59185053258385e-08,-1.73763352604158e-07,5.29178175655024e-07,-6.87039435477824e-07,1.20120766953894e-06,-9.37664424391457e-07,-6.30840072143911e-07,-9.1233352926369e-07,-8.0328727320124e-07,-6.29825041510813e-07,-9.91535952200536e-07,-8.77894417440011e-07,-1.09006058456569e-06,-1.00606704846141e-06,-1.21954276213248e-06,-9.07250360538121e-08,-1.16405172698773e-06,-1.31322656517017e-06,-1.16496692443012e-06,-4.72722751725738e-07,-5.75273641855453e-07,-8.83806830880655e-07,-2.08584170141838e-07,7.72412162341937e-08,-1.47163659510818e-07,3.10343945295728e-07,-2.91655279811309e-07,2.93404275513257e-07,-1.13142105108729e-07,-8.49737219587322e-06,2.60836098110819e-06,1.10028386352023e-05,5.66664770562022e-06,6.52184323773914e-06,-1.92043876760117e-05,9.0666450411932e-06,-3.77881650079006e-06,3.73431126533823e-06,-1.43845780058839e-06,4.44627750956917e-06,-1.06369892401533e-06,1.89752951904199e-06,2.38465111674891e-06,-8.77002913648058e-07,6.85932527766079e-07,-3.82946690053378e-06,-1.43762443036039e-09,-3.94762191191795e-09,-1.57334365750935e-08,5.70721966109227e-11,1.19503718151447e-08,-3.09464048992364e-09,3.69733459973203e-10,2.74617929716634e-09,-2.28177755285543e-09,3.38554424243895e-09,-8.75630523121212e-06,-4.23744746114272e-05,5.00729844293769e-07,-9.47229106607529e-06,4.5880846598098e-06,-4.30187949981784e-06,-5.21083360986775e-06,-1.19980187928613e-05,7.53154881287791e-06,-5.81525341620246e-07,8.34943462981599e-09,-3.64796354729453e-05,0.000381938556342642,9.35452040044288e-06,2.21766455048469e-05,2.15897595402721e-06,3.70074068567781e-05,1.48399832487816e-06
"north_west","beta19",1.28671642441198e-06,-0.00022171359434436,-5.61135420671931e-07,-1.3846416108536e-06,1.10517796826526e-06,7.77717269061573e-08,-2.37502739691379e-07,4.71703222850897e-07,3.27429173928538e-07,2.54419562457111e-07,1.85740530229261e-06,1.28558180794032e-07,5.37575173901637e-07,-6.87039435477824e-07,3.35821600715554e-06,-1.1149945486867e-06,2.44780676195309e-06,1.29325003750489e-06,2.44809620333685e-06,1.17339462975132e-06,1.39832985398565e-06,2.24608549292866e-06,1.96713984329019e-06,2.17169152649469e-06,2.9409489089855e-06,2.02579665755255e-06,2.49373799228571e-07,3.27385271561105e-06,2.58213200582353e-06,1.05906986356772e-06,1.18523687005496e-06,9.36969628690637e-07,1.69750998831039e-06,6.99442559736584e-08,-1.8641504476717e-07,3.20844250725603e-08,-2.42434767090593e-07,3.54369744631232e-08,1.21537805054674e-07,-3.0626443278879e-07,-1.55361661798618e-06,1.27192020112683e-05,2.72107409152793e-05,3.14582066173503e-06,-2.39611704243817e-05,2.93848922658489e-05,-1.95536190681225e-05,2.66310596495106e-06,-3.41441910545802e-06,-7.44655765343444e-07,7.78812267746381e-08,1.0963964628841e-05,-3.61406196000176e-06,-1.04454611230566e-06,5.97550935096434e-06,-3.44172331059589e-06,1.90691809959483e-05,1.19302524057821e-08,4.86949211455688e-08,1.02160498094876e-07,8.50026913798478e-09,5.76162381509031e-08,1.88205007155773e-08,5.98487119637798e-09,1.04955943888893e-08,2.88786865852291e-08,-1.09055902955662e-07,-5.47733727444738e-06,-8.03248262847489e-05,9.60213865207714e-05,8.27997669374944e-05,-3.0531238082047e-05,2.50365973780785e-06,1.88693309179072e-05,3.57505857531618e-05,-1.32877281620453e-05,5.46747583552253e-06,-6.81675800344017e-08,1.95719355688624e-05,0.00213996434380491,-0.000136705436491285,0.000499456745526461,-1.36109272435566e-05,-6.96030288554755e-05,6.46170041074597e-06
"north_west","beta2",-5.10016243005139e-06,0.000186539343846459,-1.10923727646736e-06,2.55290014072659e-06,-2.24397448608999e-06,5.22370103830139e-07,-8.58278434312664e-07,-3.00042050677895e-07,-5.06570479558943e-07,3.26619895289329e-07,-1.62595156193936e-06,-2.83156754576202e-07,-6.9386412392357e-07,1.20120766953894e-06,-1.1149945486867e-06,2.45931811047979e-05,-4.08079461979404e-06,-2.84873532613645e-06,-4.4175712813085e-06,-4.24072770471465e-06,-3.02399076235122e-06,-4.49139291108442e-06,-4.61699431110282e-06,-5.55520397134134e-06,-4.26288339248198e-06,-6.44115018533897e-06,-1.20079393569172e-06,-5.40765789493161e-06,-6.83394875919242e-06,-1.00467935003927e-05,-3.48860425149851e-06,-5.66290377688459e-06,-6.08620052364752e-06,-6.61920610698831e-06,5.83837738758405e-07,-7.75616488101672e-07,1.35681482951356e-06,-1.21908595878291e-06,1.79342547778057e-06,-1.14777368935323e-06,-3.79452549755685e-05,5.96939553347175e-06,7.01626054826071e-05,1.560669981994e-05,2.93019353199522e-05,-0.000128435049650229,8.10842041778647e-05,2.51516193285803e-06,2.64221660635579e-05,-1.21334466875379e-05,2.0368301999941e-05,-1.02848804727543e-05,1.61171209035381e-05,9.07977390186261e-06,-2.74992178487241e-06,5.60743805195265e-06,-2.92668875984531e-05,2.07365992987027e-09,2.22852955411671e-08,-1.34284787876592e-07,-4.68741634086133e-08,5.5650300085573e-08,-3.63957599361375e-08,-5.30534804924162e-08,-4.51447583317436e-08,-5.63828443125518e-08,-8.29713770245053e-08,-7.74462667619212e-05,-0.000230440926659374,0.000129338163795726,-6.10365561507463e-05,3.33227850346602e-05,-1.79762922992026e-06,-3.30187373077731e-05,-0.000107173202006509,5.55213077446677e-05,3.64565028197426e-06,-4.41914312740435e-08,-9.01082630863182e-05,0.0045382086388241,0.00151423684006287,0.000213865749899973,1.6095201745582e-05,0.00016999432708343,9.07278503156703e-05
"north_west","beta20",2.90618544873926e-06,-0.000151869753122725,-1.39382951093325e-06,-1.21831519523546e-06,8.25943681571798e-07,5.60572469063934e-08,7.54908928837818e-08,1.87746020659572e-07,3.26090423873361e-07,2.69227824713151e-07,1.48116382688813e-06,5.77289269582795e-08,5.46409049612141e-07,-9.37664424391457e-07,2.44780676195309e-06,-4.08079461979404e-06,3.38433299291286e-06,1.86349494391831e-06,3.34756027691104e-06,2.28213745658034e-06,2.05073711277748e-06,3.28206662568829e-06,2.89388519315225e-06,3.45499580126071e-06,3.64821414632416e-06,3.71201520132938e-06,3.20781572670486e-07,4.07745777442954e-06,4.22623594455789e-06,3.33608572843256e-06,1.68041383511392e-06,1.90469935905456e-06,2.90208302843159e-06,8.28395168227382e-07,-2.37953198170618e-07,3.35864988436533e-07,-7.62570957663836e-07,6.95059514918276e-07,-7.01198036654914e-07,1.66238276493656e-07,1.58825676133746e-05,4.52265675344656e-07,-1.23695340114762e-05,-1.02096209696966e-05,-2.5546836969533e-05,5.36621569960744e-05,-3.18636599079805e-05,7.16446679027169e-06,-1.03718538770518e-05,3.97075352400456e-06,-9.65253710195022e-06,6.32197070185766e-06,-6.44138413821605e-06,-5.60812025938059e-06,4.02621566080864e-06,-3.14356325640561e-06,1.7676587545752e-05,1.27791497200825e-08,3.55419561846154e-08,8.63583314352511e-08,6.06948752247633e-09,-8.24691795614766e-10,1.81243786221842e-08,6.30891315391082e-09,6.27822054411146e-09,1.94927001446297e-08,-4.87075919717005e-08,2.34984572578826e-05,5.52212073902923e-05,4.08525915071095e-05,6.19252493128162e-05,-1.99337013182153e-05,7.04258285540582e-06,1.88019663010257e-05,4.30400715854818e-05,-2.12637892988084e-05,2.26594246982795e-06,-4.01727948062016e-08,5.91185510772595e-05,-0.000310609508688557,-0.00015946380859751,0.000161963323390109,-1.13107654255072e-05,-0.000113706916861337,-5.5301097364742e-06
"north_west","beta21",1.7671920783267e-06,-8.07747833328357e-05,-6.29793645756724e-07,-8.24834127938135e-07,3.49719861289297e-07,4.06904612820374e-08,1.01013383675586e-07,9.64167481737184e-08,1.95403564530271e-07,2.152150952383e-07,8.21226971169123e-07,6.05706479266803e-08,3.53976093212898e-07,-6.30840072143911e-07,1.29325003750489e-06,-2.84873532613645e-06,1.86349494391831e-06,1.35149481353147e-06,1.79450893581153e-06,1.67974074092784e-06,1.2960241111572e-06,2.04720836980372e-06,1.85845076462257e-06,2.26736058904108e-06,2.15843903518133e-06,2.4986220010853e-06,2.02460210082952e-07,2.4578112505624e-06,2.78141400177014e-06,2.70462562715845e-06,1.21724555632635e-06,1.47829751363883e-06,2.13184215422798e-06,9.13794065613576e-07,-1.53234940788984e-07,2.6430419266787e-07,-4.78514268636552e-07,3.71458898215698e-07,-4.00038961275034e-07,1.40056675801585e-07,1.53364380143753e-05,-1.40658516274001e-06,-1.41599706629286e-05,-7.71128667270201e-06,-1.26791579186147e-05,3.79204598128484e-05,-2.23885081244837e-05,4.3415417688813e-06,-7.8616155473084e-06,2.85058485694707e-06,-7.55990473026276e-06,3.20098999434133e-06,-3.78745952142399e-06,-4.51137895764182e-06,1.95682497672628e-06,-1.81626854439733e-06,1.0505858999013e-05,1.04704653032955e-08,1.86573963392518e-08,5.03740278891155e-08,1.0482668946521e-08,-7.59131613994155e-09,1.09299140536247e-08,1.16934077870831e-08,7.6222848618263e-09,1.58227121240796e-08,-1.92096223801206e-09,1.97457670921806e-05,5.70942831888268e-05,3.89159500535659e-06,2.45708473894705e-05,-1.08900699133787e-05,2.78213039275352e-06,1.05350893169651e-05,2.85588579257892e-05,-1.58428597796972e-05,9.03242910266881e-07,-6.51796275507291e-09,2.78877919575389e-05,-0.000805058753276295,-0.000245105350759038,1.25808443426454e-05,-7.17201367307232e-06,-7.15853581827928e-05,-1.35579205215201e-05
"north_west","beta22",2.98293893425489e-06,-0.000162312983649316,-1.31471964997647e-06,-1.30067684912698e-06,8.7660064960311e-07,6.59151387920808e-08,7.78797012173197e-08,2.65263116150707e-07,3.02024074487811e-07,2.69959091422191e-07,1.52070138020052e-06,7.44969261034395e-08,5.55745903625589e-07,-9.1233352926369e-07,2.44809620333685e-06,-4.4175712813085e-06,3.34756027691104e-06,1.79450893581153e-06,3.73981605513562e-06,1.96875836542781e-06,2.0972347898559e-06,3.28350780403699e-06,2.96615505731152e-06,3.4627201157988e-06,3.64696156978709e-06,3.76660217991472e-06,3.32538717142282e-07,4.11369160824209e-06,4.30592279213979e-06,3.32577902360643e-06,1.70448706932727e-06,1.93509627724851e-06,2.92585945373603e-06,9.54337860825382e-07,-2.25104499327137e-07,3.010377462665e-07,-6.61105108073108e-07,5.85347861663237e-07,-5.62075327212818e-07,1.12801958958836e-07,1.50019702491669e-05,1.6429543913487e-06,-1.20880883797486e-05,-9.10001499557743e-06,-2.57536680606055e-05,5.97021056826769e-05,-3.28204856138483e-05,6.81853767023571e-06,-1.04967495681302e-05,4.01516311868797e-06,-9.537515949918e-06,5.99194804944723e-06,-7.0710113274315e-06,-6.01027422581872e-06,4.01207540758431e-06,-3.41624202390214e-06,2.07420700455143e-05,1.40472389257624e-08,4.07763117621191e-08,9.61310508821865e-08,9.78612723962397e-09,-8.5035760657346e-09,2.09702747508118e-08,1.30174958198147e-08,1.17823674282217e-08,2.46406797712954e-08,-4.98437999214325e-08,2.5155710332986e-05,5.10830970952482e-05,3.87019917552284e-05,6.53722071701814e-05,-2.02357224764544e-05,5.17196037854018e-06,1.95818931873698e-05,4.80582108695788e-05,-2.15677021188825e-05,2.01669710998413e-06,-3.67772746370632e-08,6.47369244493277e-05,-0.000401015993840871,-0.000155579049975198,0.000161898288990884,-1.13669899494503e-05,-0.000113668110569008,-6.1247010649514e-06
"north_west","beta23",2.38477693281965e-06,-8.33055911908023e-05,-5.56388638473167e-07,-9.25380817710215e-07,2.64414516271846e-07,1.24401875965704e-09,2.22425162040288e-07,-1.58892284402483e-08,2.91423290792228e-07,1.98224656031435e-07,9.10328421661637e-07,7.11864223416059e-08,4.1632018960809e-07,-8.0328727320124e-07,1.17339462975132e-06,-4.24072770471465e-06,2.28213745658034e-06,1.67974074092784e-06,1.96875836542781e-06,2.75775416754805e-06,1.44197699056252e-06,2.63311010017967e-06,2.29758757809174e-06,2.96317443279233e-06,2.55360563706248e-06,3.28905178541147e-06,2.5531669645919e-07,2.96001782162039e-06,3.61183967826303e-06,4.00730349361869e-06,1.56796195105053e-06,2.15931199669462e-06,2.80524820112437e-06,1.63927846987355e-06,-1.85745172459935e-07,3.65519559875427e-07,-6.62526952218241e-07,5.601357814226e-07,-7.11878165531841e-07,3.42998472786457e-07,2.20356341622615e-05,-6.07399385416737e-06,-2.77905017612687e-05,-1.22626674062045e-05,-1.51962633187145e-05,4.89309825190802e-05,-3.09657661367802e-05,5.62701820732901e-06,-1.13861145466264e-05,4.3968360055496e-06,-1.11021600721531e-05,3.43034682126144e-06,-7.21003735356501e-06,-5.78434768716114e-06,2.4893421123872e-06,-2.28437445425026e-06,1.04829219999629e-05,1.25353056738947e-08,1.63384270934824e-08,5.3847677111524e-08,1.69912652681941e-08,-2.81203594051371e-08,1.15229433723872e-08,1.45992048918652e-08,8.31906868184587e-09,1.45554704926622e-08,2.71787231816141e-08,2.94188082704512e-05,0.000106839165363592,-1.90618304289708e-05,2.32952381327618e-05,-1.24581893859882e-05,4.00263948634436e-06,1.47222010973856e-05,3.93528745157205e-05,-2.28116766378604e-05,2.85710902988475e-07,-4.37462118671424e-10,3.83651902069069e-05,-0.0016663084506868,-0.000372588912536394,-9.08812316228309e-05,-8.34979927362173e-06,-9.10070580895431e-05,-2.4487560040166e-05
"north_west","beta24",1.79823427664744e-06,-9.8468796701488e-05,-6.19047152879073e-07,-8.87890362148664e-07,4.61997654742503e-07,6.12824610008582e-08,8.46803534231084e-08,1.27000753525227e-07,1.73116120136498e-07,1.97224030409831e-07,8.00227475677098e-07,5.27493138871215e-08,3.41049327977395e-07,-6.29825041510813e-07,1.39832985398565e-06,-3.02399076235122e-06,2.05073711277748e-06,1.2960241111572e-06,2.0972347898559e-06,1.44197699056252e-06,1.49392091603335e-06,2.02716011283227e-06,2.02534842160972e-06,2.24682863231509e-06,2.32381518186572e-06,2.53469237044761e-06,2.36912576581676e-07,2.61046996065049e-06,2.84320688150716e-06,2.52590049170845e-06,1.22429590823583e-06,1.36717409773319e-06,2.13410107244527e-06,7.51400565929604e-07,-1.69680104313012e-07,2.5364775572903e-07,-4.28155432434799e-07,3.43840201360635e-07,-3.38782835491519e-07,7.33439970226397e-08,1.33244211673637e-05,-2.05187078443572e-07,-1.19176221010043e-05,-7.14749547757395e-06,-1.49784194189787e-05,4.05544218086041e-05,-2.19972843249172e-05,4.26635765990461e-06,-7.43005669971156e-06,2.9244281816031e-06,-7.2322974561826e-06,3.17936535225936e-06,-2.78307558393912e-06,-4.74896947560023e-06,1.89502234764735e-06,-1.90263735684859e-06,1.28955377634324e-05,1.15038373717402e-08,2.01958793781889e-08,5.53969095293032e-08,7.81067908566497e-09,-6.8534780040332e-09,1.07714676666136e-08,1.35410167665461e-08,9.36702778397859e-09,1.86194092398184e-08,-1.21430907554382e-08,2.21401834846111e-05,4.82035109668589e-05,1.52432339283552e-05,3.3112534360775e-05,-1.09499668196332e-05,2.21752208535735e-06,1.00451683329586e-05,2.91562025044519e-05,-1.53409992036013e-05,1.00821596839825e-06,-1.52437680678455e-08,3.52141019871328e-05,-0.000663465351952958,-0.0001902152877613,4.88218147920588e-05,-6.69421105095722e-06,-7.52135341761888e-05,-9.57416059040003e-06
"north_west","beta25",3.07962455117148e-06,-0.000133079035779524,-1.3836300847965e-06,-1.2320880340137e-06,6.36953873378525e-07,6.33384321223692e-08,1.36674054449957e-07,1.67661920710599e-07,3.32308489615444e-07,3.47464331423299e-07,1.44900851381791e-06,8.33321430691782e-08,5.7855706273441e-07,-9.91535952200536e-07,2.24608549292866e-06,-4.49139291108442e-06,3.28206662568829e-06,2.04720836980372e-06,3.28350780403699e-06,2.63311010017967e-06,2.02716011283227e-06,3.50928061323602e-06,2.94039040649319e-06,3.75630113997962e-06,3.63695433159147e-06,4.03273347043133e-06,3.20253230544712e-07,4.12802352532557e-06,4.54811662943321e-06,4.0079460434426e-06,1.83630201368576e-06,2.25611995065401e-06,3.21354337413896e-06,1.27284410857655e-06,-2.36463605152929e-07,3.96834160049485e-07,-8.09602957444346e-07,6.98997162236024e-07,-7.39847217214053e-07,2.50136167176334e-07,2.16311199608355e-05,-2.39163086706236e-06,-2.07122396071817e-05,-1.25508853700153e-05,-2.33615791333818e-05,5.89275724767518e-05,-3.52649584961864e-05,8.01802155751875e-06,-1.21918052350567e-05,4.59357920075212e-06,-1.16378469854322e-05,5.16307961732825e-06,-7.97861439824122e-06,-6.53377636285951e-06,3.88352214641858e-06,-3.14578812979792e-06,1.78421682334769e-05,1.66972807831894e-08,3.81536069594661e-08,8.6973230197163e-08,1.43473190582068e-08,-1.29128564978962e-08,2.01809230383088e-08,1.32174935847862e-08,9.26711440795941e-09,2.1378279529009e-08,-1.6650220621332e-08,2.75891612661978e-05,8.46566810791253e-05,1.88854843467723e-05,4.99364038326434e-05,-1.82645046543434e-05,5.6454552933029e-06,1.96574617349805e-05,4.65189166527378e-05,-2.35620857330072e-05,1.5015332523682e-06,-2.47088965135256e-08,5.95680834714878e-05,-0.000956870650531356,-0.000254487644051269,5.35717846242096e-05,-1.17187648144033e-05,-0.000117570581434175,-1.42360722203495e-05
"north_west","beta26",2.56117582024282e-06,-0.000152810696550276,-6.43766567310763e-07,-1.30485821238192e-06,6.74719179767231e-07,6.08673740735999e-08,1.48146889537863e-07,1.83150912532844e-07,2.99129315548173e-07,2.39656029126541e-07,1.25433388436986e-06,1.02558251043365e-07,5.08879307157267e-07,-8.77894417440011e-07,1.96713984329019e-06,-4.61699431110282e-06,2.89388519315225e-06,1.85845076462257e-06,2.96615505731152e-06,2.29758757809174e-06,2.02534842160972e-06,2.94039040649319e-06,2.99673974016247e-06,3.15379864299527e-06,3.3690153658895e-06,3.67955833259105e-06,3.312822050116e-07,3.74438336775428e-06,4.13437815120278e-06,3.87577912683215e-06,1.83198288411933e-06,2.13132326406278e-06,3.17410582904354e-06,1.36122876882953e-06,-2.21406272252292e-07,3.3066150653412e-07,-5.85914819314868e-07,4.58193464586941e-07,-4.77345041372906e-07,1.24965098690679e-07,1.83222343909804e-05,-5.41767512873987e-08,-1.72198890614729e-05,-8.99056483820492e-06,-2.10880503638982e-05,6.00402360459933e-05,-3.31469048303223e-05,5.3966949182047e-06,-1.09444436347934e-05,4.28598060564311e-06,-9.80545819971925e-06,5.11321698839523e-06,-3.19624668290276e-06,-6.23120838269867e-06,2.96804550044076e-06,-3.06509102316046e-06,1.83691754601808e-05,1.78951685396195e-08,3.12142821718579e-08,8.78682370056446e-08,1.70879850478152e-08,-4.4241362459945e-09,1.76829936630407e-08,2.43280886222848e-08,1.8215516568482e-08,2.83584804271177e-08,-1.10342173734895e-08,3.32217455096792e-05,6.82879629106031e-05,1.22793796941272e-05,4.87890386193952e-05,-1.70602580024596e-05,1.16024372124151e-06,1.47404241602386e-05,4.61982077911776e-05,-2.34928157646356e-05,1.53599590989593e-06,-1.93460931231488e-08,4.36325635729003e-05,-0.00104654966681702,-0.000349503935371424,6.90519196256546e-05,-1.04256009249673e-05,-0.000106695220565696,-1.8631041365446e-05
"north_west","beta27",3.42332684968206e-06,-0.000141944907870782,-1.08078918316964e-06,-1.50502547445688e-06,6.28522490064775e-07,4.68145851089079e-08,1.86438317253627e-07,1.66127513070633e-07,3.62279307619859e-07,3.23368963949089e-07,1.50544327495204e-06,1.01855208790136e-07,6.2788859132744e-07,-1.09006058456569e-06,2.17169152649469e-06,-5.55520397134134e-06,3.45499580126071e-06,2.26736058904108e-06,3.4627201157988e-06,2.96317443279233e-06,2.24682863231509e-06,3.75630113997962e-06,3.15379864299527e-06,4.39132581777221e-06,3.61198755835003e-06,4.56885191175127e-06,4.05347796940659e-07,4.40428985774684e-06,5.01995939450902e-06,4.86911922732594e-06,2.12786224927493e-06,2.76174908265572e-06,3.71645732443538e-06,1.87972871063752e-06,-3.04974051354107e-07,4.97023537759454e-07,-8.8432505870184e-07,7.16905949246013e-07,-8.17513981277772e-07,3.04038163945634e-07,2.68561783688741e-05,-2.99770943057841e-06,-2.74488282939637e-05,-1.43443430804684e-05,-2.43039296224721e-05,6.90048850521253e-05,-4.21025721393342e-05,7.37075529100042e-06,-1.46134742614915e-05,5.38208399205708e-06,-1.40615250457999e-05,6.21289294883985e-06,-6.73384179094642e-06,-8.26136922857989e-06,3.93694114307428e-06,-3.50276623913015e-06,1.96830567284186e-05,1.87953517257336e-08,3.38310723094804e-08,9.2055375937201e-08,2.06692048407356e-08,-2.92760043681191e-08,2.13303497075922e-08,1.96593115646377e-08,1.29853632236378e-08,2.69792251104376e-08,-2.53160742529183e-09,3.34964657255065e-05,0.000109187398078231,4.96018454243664e-06,4.86712720269139e-05,-2.1947098046965e-05,5.6067190057819e-06,1.91083775533181e-05,5.52281541372239e-05,-2.90579543131808e-05,1.22015763044154e-06,-1.83145492148963e-08,6.13447244235147e-05,-0.00149923062829481,-0.00042234632508254,9.48296093102082e-06,-1.27647725579286e-05,-0.000128201283419579,-2.42386650337697e-05
"north_west","beta28",2.78970205325586e-06,-0.000192881364280839,-1.14066356722368e-06,-1.54197173319497e-06,9.80955567513039e-07,1.05174805766887e-07,4.54698979119093e-08,2.92647476063414e-07,4.09590347998304e-07,3.62491802616101e-07,1.83360517441867e-06,1.27861810404759e-07,6.64329792102658e-07,-1.00606704846141e-06,2.9409489089855e-06,-4.26288339248198e-06,3.64821414632416e-06,2.15843903518133e-06,3.64696156978709e-06,2.55360563706248e-06,2.32381518186572e-06,3.63695433159147e-06,3.3690153658895e-06,3.61198755835003e-06,4.53808801562672e-06,3.86515111032425e-06,3.40573095556557e-07,4.72033080833846e-06,4.72783051232776e-06,3.83062560191618e-06,2.01509891478688e-06,2.22582059651648e-06,3.41001707547929e-06,1.0660894894213e-06,-2.36554985334715e-07,2.88498480671774e-07,-6.58747689139326e-07,5.46765228211444e-07,-5.42042272666425e-07,8.7239689094484e-08,1.65871867251835e-05,4.18271518399949e-06,-3.06094828762772e-06,-7.83753166403688e-06,-2.66197728351175e-05,5.78269341412536e-05,-3.46196568220643e-05,6.60568177078651e-06,-1.03733054967972e-05,3.77653967074232e-06,-9.05060750086519e-06,7.71744872842616e-06,-8.85471752806184e-06,-6.23872892890318e-06,4.96897298050337e-06,-3.80669150194826e-06,2.16180151756239e-05,1.89603473387126e-08,5.35498565113609e-08,1.09588783797077e-07,1.4680761149622e-08,1.44494060868426e-08,2.19546514888127e-08,1.8312674131177e-08,1.64573289953414e-08,3.05938256215068e-08,-5.35414120213735e-08,2.65075033256146e-05,2.89547342254062e-05,5.31547151382437e-05,7.00642376309254e-05,-2.40557818517342e-05,2.50122148013014e-06,2.40795711440275e-05,5.04857547054812e-05,-2.36839164725867e-05,2.82083850650835e-06,-4.21415120488293e-08,5.05893694839605e-05,-0.000190226433570235,-0.000291402532000051,0.000227007084027973,-1.43892374755577e-05,-0.000123636096460379,-1.13504632276589e-05
"north_west","beta29",3.84068350613473e-06,-0.000128361956351597,-1.42529588996386e-06,-1.41346462157322e-06,5.25651843990163e-07,6.69509442606101e-08,2.88512998130988e-07,1.13225564424503e-07,3.31313276743296e-07,3.76663206141225e-07,1.33579850772339e-06,9.04588341539283e-08,6.28950783984495e-07,-1.21954276213248e-06,2.02579665755255e-06,-6.44115018533897e-06,3.71201520132938e-06,2.4986220010853e-06,3.76660217991472e-06,3.28905178541147e-06,2.53469237044761e-06,4.03273347043133e-06,3.67955833259105e-06,4.56885191175127e-06,3.86515111032425e-06,5.37396842589937e-06,4.31837024995788e-07,4.56141734805389e-06,5.67843835194633e-06,5.51955621434472e-06,2.34110128974523e-06,2.90583140069021e-06,4.21426887400876e-06,1.87126419161172e-06,-3.14567913761892e-07,6.10120687529188e-07,-1.04650275764376e-06,8.94594202942989e-07,-9.70675510609162e-07,3.8318515250892e-07,3.35862728461083e-05,-7.21739636633689e-06,-4.28644202070691e-05,-1.87889712499194e-05,-2.45273063896763e-05,7.95633158246499e-05,-4.55284631713315e-05,9.81903246983255e-06,-1.73046068450387e-05,6.78521083840748e-06,-1.69701429936348e-05,3.54802529610858e-06,-6.01892822988277e-06,-9.97049570142577e-06,2.86297560058216e-06,-3.29228619985216e-06,2.15497473144251e-05,2.28252169093301e-08,3.05649289510602e-08,9.19437265953727e-08,2.15050751613067e-08,-3.20336435451659e-08,2.19937680634028e-08,2.33951371781908e-08,1.55446082865107e-08,2.798348125685e-08,2.36060040449497e-08,4.61070699311418e-05,0.000158082336062597,-1.61239086763582e-05,3.98454328164416e-05,-1.43556540046233e-05,4.77972563605656e-06,1.7491665838039e-05,5.59133544836548e-05,-3.11489685851385e-05,7.08892286256399e-07,-1.06431723093238e-08,6.98266425054546e-05,-0.00223944515621408,-0.000373775642848014,-0.000107647364178691,-1.17421990448327e-05,-0.00014323122391028,-2.67546511065335e-05
"north_west","beta3",2.46202876561134e-07,-3.08746261052247e-05,1.47215379298793e-07,-3.17000427610564e-07,1.43381081281101e-07,-5.68940897410956e-10,1.87607691871718e-08,4.50448439239356e-08,3.72616011480118e-08,-1.20893011401013e-08,1.7827465058715e-07,2.42307311362209e-08,6.03500285677649e-08,-9.07250360538121e-08,2.49373799228571e-07,-1.20079393569172e-06,3.20781572670486e-07,2.02460210082952e-07,3.32538717142282e-07,2.5531669645919e-07,2.36912576581676e-07,3.20253230544712e-07,3.312822050116e-07,4.05347796940659e-07,3.40573095556557e-07,4.31837024995788e-07,1.46647197005761e-07,4.35855171767367e-07,4.6806090246278e-07,5.27844502404145e-07,2.63693106749109e-07,3.11386888448318e-07,4.3471630139497e-07,2.52325789009429e-07,-9.53999589981582e-08,8.33897025574071e-08,-7.18709897480045e-08,2.48120692364128e-09,1.19184285332402e-08,-3.17466096809083e-08,1.27496863446968e-06,7.28909707232498e-07,-2.27788264162028e-07,-1.88020475515816e-07,-2.64556965703912e-06,8.63063151645123e-06,-5.0747268576448e-06,2.21315409696348e-08,-1.23505109274683e-06,4.03797734386332e-07,-7.88277770939413e-07,1.40446955855697e-06,9.0525618180397e-07,-3.9823854919394e-07,5.77036374561953e-07,-5.79241969814977e-07,3.99723831772168e-06,2.56884741826208e-09,3.12965987501706e-09,1.49176659128268e-08,5.43947843897406e-09,-2.07426833802474e-09,1.7795153456038e-09,6.90926756459474e-09,5.50746140215334e-09,6.20130255947935e-09,2.09719492774217e-09,4.95462450436318e-06,1.52478151103067e-06,2.22551984861416e-06,7.48779687869531e-06,-3.39201640064116e-06,-1.64069799121972e-06,1.24406383753214e-06,8.18091003776953e-06,-3.54513194336339e-06,3.15263840964617e-07,-5.48633489064379e-09,-1.3696597719235e-06,-8.11771201348307e-05,-9.17752097341787e-05,2.9322887567278e-05,-1.54316005716929e-06,-1.16349937388324e-05,-4.37185010745754e-06
"north_west","beta30",3.38301672128421e-06,-0.000234732074618905,-1.05463229592626e-06,-1.80522006813083e-06,1.1543977983465e-06,7.71504021736712e-08,7.01268860401317e-08,3.43878847616744e-07,4.53556534645337e-07,3.39304821187103e-07,2.06344944079601e-06,1.4099106291706e-07,7.4424221304879e-07,-1.16405172698773e-06,3.27385271561105e-06,-5.40765789493161e-06,4.07745777442954e-06,2.4578112505624e-06,4.11369160824209e-06,2.96001782162039e-06,2.61046996065049e-06,4.12802352532557e-06,3.74438336775428e-06,4.40428985774684e-06,4.72033080833846e-06,4.56141734805389e-06,4.35855171767367e-07,5.42041135627116e-06,5.26604132224761e-06,4.51485156033839e-06,2.31966187018836e-06,2.71624752319826e-06,3.88677663971043e-06,1.60479716315857e-06,-3.03389806017305e-07,3.52418543388314e-07,-7.44565497573028e-07,5.7467836510763e-07,-5.82322854282686e-07,9.04378709778389e-08,1.76427028537289e-05,3.48157720780029e-06,-7.97799321629143e-06,-9.40552787137377e-06,-3.27608849005658e-05,7.30413216774067e-05,-4.30031913127328e-05,6.99248100189772e-06,-1.27527470415332e-05,4.5102227452802e-06,-1.07607023191473e-05,9.62142124369201e-06,-9.84124580597201e-06,-6.39769021784129e-06,5.98868334492756e-06,-4.63739097595503e-06,2.52070984306939e-05,2.28287707071309e-08,5.61000258098622e-08,1.31158456394132e-07,2.16920336065739e-08,5.19793547910923e-09,2.75637413218441e-08,2.48187102487468e-08,1.9422370065145e-08,3.63955008985928e-08,-5.17024018041242e-08,2.95110142917834e-05,4.4159617924966e-05,5.21885429830048e-05,8.65582770022981e-05,-3.18830654190068e-05,4.39437520894208e-06,2.72707763445082e-05,6.35138925775707e-05,-2.98128622206307e-05,3.48986821304943e-06,-4.42466554531612e-08,6.43851109131432e-05,-0.000343901120821755,-0.000437353346404168,0.000264136911140658,-1.61260758020326e-05,-0.000140651630206358,-1.62090560590462e-05
"north_west","beta31",3.92019033554827e-06,-0.000163805953486472,-1.41382445427251e-06,-1.87158163301073e-06,6.94405678998451e-07,9.45224971993039e-08,2.36956651124428e-07,2.50547147919408e-07,4.02975520492953e-07,4.75358203639898e-07,1.8113056075113e-06,1.48413883772695e-07,7.65276314036906e-07,-1.31322656517017e-06,2.58213200582353e-06,-6.83394875919242e-06,4.22623594455789e-06,2.78141400177014e-06,4.30592279213979e-06,3.61183967826303e-06,2.84320688150716e-06,4.54811662943321e-06,4.13437815120278e-06,5.01995939450902e-06,4.72783051232776e-06,5.67843835194633e-06,4.6806090246278e-07,5.26604132224761e-06,6.5056452257617e-06,6.03210891390645e-06,2.67337389609097e-06,3.28855795793005e-06,4.65903511418732e-06,2.23534220745231e-06,-3.35663845455931e-07,5.94322527127705e-07,-1.04143347327159e-06,8.48101001543015e-07,-9.46538507642401e-07,3.59549608922043e-07,3.53542108102681e-05,-2.91484955189778e-06,-3.38341319553397e-05,-1.67737814951867e-05,-2.74705712649029e-05,8.25425554373201e-05,-5.13978072860682e-05,9.47658697376587e-06,-1.79714124182216e-05,6.62170431319607e-06,-1.71428530145282e-05,6.11902698032197e-06,-1.2912411714895e-05,-1.11324612159939e-05,4.35977421475438e-06,-4.08781923986515e-06,2.56908108421789e-05,2.45015811258512e-08,4.48812842177924e-08,1.12541554486592e-07,2.49160802553848e-08,-2.57154364305683e-08,2.76575008217816e-08,2.78477035694243e-08,2.1962124059346e-08,3.66919130285239e-08,7.08628922857253e-09,4.63266667008067e-05,0.000134228312447524,1.35912443432023e-06,5.25337370704191e-05,-2.1146784705014e-05,3.48681122055182e-06,2.66109061501194e-05,6.62683038020756e-05,-3.5082895776935e-05,6.51845893506474e-07,-2.45948656917553e-08,7.64762288455002e-05,-0.00204154939182744,-0.000401332646415572,-3.9277148163906e-05,-1.54737723338434e-05,-0.000158118573030889,-3.00293212588123e-05
"north_west","beta32",4.0768350726227e-06,-0.000120983497100734,7.85814207846213e-07,-2.23984307489497e-06,5.90485064529785e-07,-1.85264279877653e-07,6.55883005009533e-07,7.18934908285069e-08,5.37452166381561e-07,9.42756816168025e-08,1.31727282694154e-06,2.32877248828125e-07,6.84609519972083e-07,-1.16496692443012e-06,1.05906986356772e-06,-1.00467935003927e-05,3.33608572843256e-06,2.70462562715845e-06,3.32577902360643e-06,4.00730349361869e-06,2.52590049170845e-06,4.0079460434426e-06,3.87577912683215e-06,4.86911922732594e-06,3.83062560191618e-06,5.51955621434472e-06,5.27844502404145e-07,4.51485156033839e-06,6.03210891390645e-06,8.7436365113625e-06,3.03406905382501e-06,4.79792907535653e-06,5.46623601328029e-06,4.71646779569655e-06,-3.23870955739349e-07,6.30847811395965e-07,-9.95267150506943e-07,7.66053838506154e-07,-1.14416309008685e-06,7.55557376016311e-07,4.02167846022066e-05,-3.15524701221769e-06,-5.03154164723854e-05,-1.50052589992124e-05,-1.58232186961047e-05,9.82904794261484e-05,-6.24053181253374e-05,2.49524638570365e-06,-2.15971847824019e-05,9.16391920578967e-06,-1.89061695076487e-05,6.18905533182649e-06,-8.97157381307573e-06,-1.23246302874726e-05,1.61828686142849e-06,-3.73000570464015e-06,2.29848243871728e-05,1.38125519107495e-08,1.21054361555691e-08,9.03890202102312e-08,4.32504706665906e-08,-6.74397922062923e-08,1.7021662251761e-08,4.08173032587229e-08,3.09986174691661e-08,4.23100697724413e-08,9.32704762848447e-08,6.22474998210427e-05,0.000187587376271852,-8.86295562845896e-05,1.63916558972729e-05,-2.07920285367566e-05,-1.04068847192955e-06,1.87596288019238e-05,7.74554086171756e-05,-4.70380321669075e-05,-1.36026889989936e-06,4.66857076595212e-08,8.0747695197625e-05,-0.00400831908024813,-0.00122465695720503,-0.000243058198060107,-1.44839101455404e-05,-0.000144333668493149,-7.78765136204618e-05
"north_west","beta33",1.35996244003538e-06,-0.000106579522945872,5.06411495498165e-07,-1.2101851684779e-06,5.01307209042116e-07,3.44581462064386e-08,5.47918669698245e-08,2.14594479800096e-07,2.514227446219e-07,1.38203372886846e-07,9.14741805128688e-07,1.47023070561246e-07,3.67045095087307e-07,-4.72722751725738e-07,1.18523687005496e-06,-3.48860425149851e-06,1.68041383511392e-06,1.21724555632635e-06,1.70448706932727e-06,1.56796195105053e-06,1.22429590823583e-06,1.83630201368576e-06,1.83198288411933e-06,2.12786224927493e-06,2.01509891478688e-06,2.34110128974523e-06,2.63693106749109e-07,2.31966187018836e-06,2.67337389609097e-06,3.03406905382501e-06,1.52713270093827e-06,1.69107952756685e-06,2.46537813561325e-06,1.45941652361896e-06,-1.69635080520462e-07,2.10338808822833e-07,-2.8883134109688e-07,1.22514782995079e-07,-1.77904596465397e-07,3.8389070514004e-08,1.18843687447487e-05,4.79825080926377e-06,-2.67169183373162e-06,-1.53101433460049e-06,-1.01765468126494e-05,3.77238332280368e-05,-2.41517672674834e-05,1.8084227927582e-07,-7.55155858535829e-06,2.43658786202415e-06,-5.03605149035663e-06,5.08081064948422e-06,-2.14956955052391e-06,-4.60594509732074e-06,2.11936480374972e-06,-2.30143008883085e-06,1.4471933382315e-05,1.48794247258536e-08,2.0129577402273e-08,6.49851019956902e-08,2.08984436394354e-08,-3.3086286050877e-09,1.36217465457298e-08,2.24566510055033e-08,1.98944895678218e-08,2.64635094653694e-08,3.65098943297427e-09,2.1159280727579e-05,2.14033474968997e-05,-2.50047337409439e-06,2.8104568783645e-05,-1.42467414941102e-05,-4.11135355321089e-06,9.99861316925086e-06,3.51868922316385e-05,-1.80693292877285e-05,1.49001405668638e-06,2.29398819408541e-09,1.80864483270808e-05,-0.000758784904834592,-0.000526269005250704,7.40105074914485e-05,-8.78716138697835e-06,-6.33353024119073e-05,-2.71576595562839e-05
"north_west","beta34",2.22274956006705e-06,-0.000117243183628577,1.16636449035473e-06,-1.61629866478063e-06,5.68142951349724e-07,-1.22027032368592e-07,2.86955274071159e-07,1.91126599885461e-07,3.2652374512776e-07,1.22543106872063e-08,1.13195619807436e-06,1.7053283344665e-07,4.4035181823861e-07,-5.75273641855453e-07,9.36969628690637e-07,-5.66290377688459e-06,1.90469935905456e-06,1.47829751363883e-06,1.93509627724851e-06,2.15931199669462e-06,1.36717409773319e-06,2.25611995065401e-06,2.13132326406278e-06,2.76174908265572e-06,2.22582059651648e-06,2.90583140069021e-06,3.11386888448318e-07,2.71624752319826e-06,3.28855795793005e-06,4.79792907535653e-06,1.69107952756685e-06,3.16577434840052e-06,2.76568961166992e-06,3.57253585442541e-06,-1.83170951268247e-07,2.51761753440393e-07,-4.09402153544827e-07,2.23125049265071e-07,-4.41559986351167e-07,3.10478456707441e-07,1.74636443325669e-05,3.12908500255737e-06,-1.5279274473853e-05,-2.77284155801743e-06,-1.17177516733118e-05,5.70798741040291e-05,-3.9521871235861e-05,5.47004110329185e-08,-1.17004544832053e-05,4.30290128439878e-06,-7.80504769540286e-06,7.3712733613992e-06,-3.61163513893184e-06,-5.55376470129872e-06,2.09802622483919e-06,-2.95929247495442e-06,1.56314797565762e-05,6.95975235498342e-09,1.92976815334331e-08,7.28548150584811e-08,3.09164121667239e-08,-2.81274274708895e-08,1.19392654893816e-08,2.79402646819026e-08,2.17718988409552e-08,3.09556917903302e-08,3.57065055932675e-08,2.67929037522948e-05,6.11613201591781e-05,-3.56768729250197e-05,3.02628795030551e-05,-2.21788464850024e-05,-3.08228844496041e-06,1.16451434390473e-05,5.30877337292163e-05,-2.839896381627e-05,1.01723648371164e-07,1.14378137091191e-08,4.2654763862373e-05,-0.00166031814558911,-0.000836978023019001,-3.68629693313857e-06,-1.05637440952565e-05,-7.72111549111376e-05,-4.66531445551281e-05
"north_west","beta35",2.63840872850933e-06,-0.000146693076630339,1.8902319771652e-07,-1.68816607358841e-06,6.5690078398079e-07,3.93833859972227e-08,2.20301056287777e-07,2.02911725575524e-07,4.08507226869029e-07,1.89423299648909e-07,1.25186881871569e-06,1.87762297666454e-07,5.62224187827357e-07,-8.83806830880655e-07,1.69750998831039e-06,-6.08620052364752e-06,2.90208302843159e-06,2.13184215422798e-06,2.92585945373603e-06,2.80524820112437e-06,2.13410107244527e-06,3.21354337413896e-06,3.17410582904354e-06,3.71645732443538e-06,3.41001707547929e-06,4.21426887400876e-06,4.3471630139497e-07,3.88677663971043e-06,4.65903511418732e-06,5.46623601328029e-06,2.46537813561325e-06,2.76568961166992e-06,4.57501010609768e-06,1.49877369005684e-06,-2.8478994864944e-07,4.34117897442539e-07,-6.15744606827751e-07,4.05264142223094e-07,-4.96039969148981e-07,1.94690048314689e-07,2.48466359955508e-05,2.41188681819862e-06,-2.17600537256856e-05,-9.77613111571744e-06,-1.6831363892463e-05,6.92752483708073e-05,-3.90247045752939e-05,2.45118465820962e-06,-1.36738493024164e-05,5.05935350903981e-06,-1.20498428597082e-05,5.303100555105e-06,-4.49658494132477e-06,-8.82331594246461e-06,2.57843512543216e-06,-3.27070360905505e-06,2.28530422571796e-05,2.23816375939374e-08,2.80305016093524e-08,9.54619847407964e-08,3.07025300838789e-08,-1.63342259956006e-08,1.91386864961006e-08,3.47800981440307e-08,2.95667869169823e-08,3.79439842587515e-08,2.0834047405306e-08,4.2656820416026e-05,8.80791141979662e-05,-1.35919381803682e-05,3.2279058704571e-05,-1.757638940946e-05,-2.04884123991189e-06,1.39455375603473e-05,5.40708658684413e-05,-2.97455157883041e-05,1.24607014036468e-06,1.19342173604981e-08,5.38791020545398e-05,-0.00188622703312226,-0.000791921750502322,1.3157680072701e-06,-1.21173795088896e-05,-0.000114315432106493,-4.41405735930511e-05
"north_west","beta36",1.49247626131078e-06,-0.000115060480017112,3.16163013452473e-06,-2.04264046384432e-06,5.85232468085221e-07,-3.09874050523143e-07,3.76977192854233e-07,3.00515076607344e-07,2.45652233497499e-07,-1.36369295932491e-07,9.26056347165618e-07,2.55729100129827e-07,3.36071434454618e-07,-2.08584170141838e-07,6.99442559736584e-08,-6.61920610698831e-06,8.28395168227382e-07,9.13794065613576e-07,9.54337860825382e-07,1.63927846987355e-06,7.51400565929604e-07,1.27284410857655e-06,1.36122876882953e-06,1.87972871063752e-06,1.0660894894213e-06,1.87126419161172e-06,2.52325789009429e-07,1.60479716315857e-06,2.23534220745231e-06,4.71646779569655e-06,1.45941652361896e-06,3.57253585442541e-06,1.49877369005684e-06,7.02028620482596e-06,-8.97119075764465e-08,9.11573066570119e-08,-1.63791662321596e-07,-4.87575912019994e-08,-3.24258709622043e-07,4.65765241264548e-07,8.77553102695553e-06,5.65459423233508e-06,-7.04984957393791e-06,7.42321402473897e-06,-6.29301439151942e-06,4.54118294488011e-05,-4.21428604207891e-05,-5.7846472269614e-06,-1.02467968007044e-05,4.33254297477469e-06,-2.97377382402618e-06,9.36712663442016e-06,-5.36858812565554e-06,-2.17505709986212e-06,1.24394007990519e-06,-3.09415586453719e-06,1.07471537102121e-05,7.19917198196165e-10,6.35026934783144e-09,6.42445391510394e-08,4.44551554425991e-08,-4.55295457424018e-08,1.24011687671658e-08,4.26534196211138e-08,2.62287257468777e-08,4.01495653451084e-08,6.75807633526363e-08,2.34306908851736e-05,2.75650288136756e-05,-7.46216505131677e-05,3.22307454274535e-05,-2.70759541167705e-05,-1.02791317712242e-05,1.38388177270448e-05,6.02202738984817e-05,-3.02228893455635e-05,-1.00414113553467e-06,3.83468677638473e-08,1.46711843198789e-06,-0.00182969305915969,-0.00113160432387375,-2.89657849725708e-05,-1.0172214270769e-05,-4.16216725531676e-05,-6.34871736284135e-05
"north_west","beta4",-1.76134641360556e-07,1.83207196886739e-05,4.41351607936722e-09,1.67881789991469e-07,-7.33333133549581e-08,-1.0092466828929e-08,-8.66194821118842e-09,-1.30469331150472e-08,-2.82723281771895e-08,-3.55020795090771e-09,-1.20577294437809e-07,-9.98661043254815e-09,-4.39525505879914e-08,7.72412162341937e-08,-1.8641504476717e-07,5.83837738758405e-07,-2.37953198170618e-07,-1.53234940788984e-07,-2.25104499327137e-07,-1.85745172459935e-07,-1.69680104313012e-07,-2.36463605152929e-07,-2.21406272252292e-07,-3.04974051354107e-07,-2.36554985334715e-07,-3.14567913761892e-07,-9.53999589981582e-08,-3.03389806017305e-07,-3.35663845455931e-07,-3.23870955739349e-07,-1.69635080520462e-07,-1.83170951268247e-07,-2.8478994864944e-07,-8.97119075764465e-08,8.12269867119449e-08,-8.96142004709164e-08,7.79926241127348e-08,-1.49884334435815e-08,-2.48719376335309e-09,3.22878029647656e-08,-1.86844866695299e-06,-4.23163928498462e-07,3.97916274044321e-07,5.80640006701513e-07,1.62494120669297e-06,-5.23823280683568e-06,2.74456069830023e-06,-2.81263694965475e-07,7.12731713768163e-07,-1.76795008022427e-07,7.59219860484792e-07,-1.09051416217046e-06,-1.18937520250922e-06,6.42754865835522e-07,-3.209212730101e-07,3.44639223830719e-07,-2.19585449550211e-06,-1.62870504405398e-09,-2.39985630506595e-09,-8.2771651103703e-09,-2.87266075680515e-09,5.54594588093035e-10,-4.86020117087117e-10,-3.0639434878994e-09,-2.74130351919732e-09,-3.44985079061439e-09,-8.97090374129921e-10,-2.62507597409976e-06,-3.2108225751648e-06,-3.07868492147498e-06,-3.63909786214105e-06,2.43714824774708e-06,7.59978302923375e-07,-3.95379146117929e-07,-4.53008223168567e-06,2.11733289720271e-06,-2.42340897007446e-07,4.64554649593524e-09,2.93496799924636e-06,4.55782406731756e-05,4.09303133962265e-05,-1.9760039952937e-05,1.09017695165774e-06,8.52538729052508e-06,1.89851660398313e-06
"north_west","beta5",5.18278180444681e-07,7.35530911049978e-06,-3.304851232899e-07,-2.67446301419286e-08,-5.23363915189257e-08,1.93431434493092e-08,7.46350852262982e-08,-6.8839201743236e-08,2.96209087917162e-08,3.6099689562746e-08,5.96401196680848e-09,-1.07699123929835e-08,4.38963294092389e-08,-1.47163659510818e-07,3.20844250725603e-08,-7.75616488101672e-07,3.35864988436533e-07,2.6430419266787e-07,3.010377462665e-07,3.65519559875427e-07,2.5364775572903e-07,3.96834160049485e-07,3.3066150653412e-07,4.97023537759454e-07,2.88498480671774e-07,6.10120687529188e-07,8.33897025574071e-08,3.52418543388314e-07,5.94322527127705e-07,6.30847811395965e-07,2.10338808822833e-07,2.51761753440393e-07,4.34117897442539e-07,9.11573066570119e-08,-8.96142004709164e-08,2.21645842169145e-07,-2.97119644223402e-07,2.21780078178093e-07,-1.9249879072144e-07,7.24391166750736e-08,6.32139654080462e-06,-2.71859630681713e-06,-1.03250464813301e-05,-4.21274194055116e-06,-9.73126245383503e-07,8.844683930821e-06,-2.97417908845451e-06,1.9521682622904e-06,-1.6469973859753e-06,7.65740743402759e-07,-2.97872430220515e-06,-1.07202514411902e-06,-3.30245371041488e-07,-1.71518160185306e-06,-3.51041673524708e-07,3.65894638970035e-08,1.37249763247918e-06,2.44257452789956e-09,7.41558859551453e-10,1.67857510661357e-09,1.80485451931882e-10,-3.22903232713965e-09,-1.51355131523401e-09,6.52616136448072e-10,5.36483682405976e-10,-8.35121071201852e-11,1.41458447716077e-08,5.55202286394944e-06,3.64911397793466e-05,-8.99070142769975e-06,-5.53620792678935e-06,2.43928313016701e-06,1.13646541125996e-06,-1.24027883747418e-07,1.33258362732613e-06,-2.18375058196402e-06,-2.49392246821672e-07,2.08061240549516e-09,-1.08182629077026e-06,-0.000480129116464671,5.30534868894887e-07,-6.95220382227557e-05,-3.07678595832562e-07,-1.50011822290483e-05,-2.48152831737623e-06
"north_west","beta6",-1.09706509443004e-06,-1.89322630062935e-05,8.90301649447505e-07,-2.833338166478e-08,-9.38038515196067e-09,6.46176730728275e-08,-1.71642944228096e-07,1.57494773015151e-07,-1.13054765839204e-07,1.92506675975864e-08,-1.34056637603297e-07,4.45713785111696e-08,-9.50965067969978e-08,3.10343945295728e-07,-2.42434767090593e-07,1.35681482951356e-06,-7.62570957663836e-07,-4.78514268636552e-07,-6.61105108073108e-07,-6.62526952218241e-07,-4.28155432434799e-07,-8.09602957444346e-07,-5.85914819314868e-07,-8.8432505870184e-07,-6.58747689139326e-07,-1.04650275764376e-06,-7.18709897480045e-08,-7.44565497573028e-07,-1.04143347327159e-06,-9.95267150506943e-07,-2.8883134109688e-07,-4.09402153544827e-07,-6.15744606827751e-07,-1.63791662321596e-07,7.79926241127348e-08,-2.97119644223402e-07,7.15084426482617e-07,-7.12333099311833e-07,6.89733817227901e-07,-3.13000261062738e-07,-7.3040926695618e-06,5.85765117421002e-06,2.00336056197394e-05,7.83381560296377e-06,4.13608854156934e-06,-1.2953695907549e-05,6.5628023543136e-06,-3.20557673868993e-06,2.88745393120157e-06,-1.53391104116359e-06,5.11746005474753e-06,1.58818698085473e-06,4.52843642129865e-06,1.34908059148136e-06,8.9642357472806e-08,-9.72774549929787e-08,-9.79040129008549e-07,2.31329395378386e-09,5.64966186096965e-10,1.60969540115182e-09,7.46298778870923e-09,6.65711354371299e-09,2.50518277263789e-10,1.07498901601e-08,7.27807463892296e-09,5.18430612914072e-09,-3.43770705625122e-09,-5.09891669188463e-06,-6.49136289499349e-05,1.70069104583693e-05,1.35437513415861e-06,-2.79266889208647e-06,-5.8404898473668e-06,-4.42117012863389e-06,-9.26655599545711e-07,3.47352800080258e-06,-3.45115284152534e-09,-5.04568164701329e-09,-9.06052777382666e-06,0.00057574720242211,-5.07236941298359e-05,8.63219926524254e-05,8.48121437695541e-07,2.92296985166013e-05,3.84308294132554e-07
"north_west","beta7",1.17896665621363e-06,4.42808790478081e-05,-1.19337870211722e-06,3.46257721457657e-07,-6.41336375544632e-08,-1.1976643734633e-07,2.23243383280534e-07,-2.32899090937539e-07,8.7435043450853e-08,-8.2324832189553e-08,-1.45158096174568e-08,-8.52707132170815e-08,4.26385593194802e-08,-2.91655279811309e-07,3.54369744631232e-08,-1.21908595878291e-06,6.95059514918276e-07,3.71458898215698e-07,5.85347861663237e-07,5.601357814226e-07,3.43840201360635e-07,6.98997162236024e-07,4.58193464586941e-07,7.16905949246013e-07,5.46765228211444e-07,8.94594202942989e-07,2.48120692364128e-09,5.7467836510763e-07,8.48101001543015e-07,7.66053838506154e-07,1.22514782995079e-07,2.23125049265071e-07,4.05264142223094e-07,-4.87575912019994e-08,-1.49884334435815e-08,2.21780078178093e-07,-7.12333099311833e-07,9.10254870124258e-07,-9.85392314165355e-07,4.76579255127594e-07,6.0408371113968e-06,-8.54323114209053e-06,-2.55328529188207e-05,-9.39353355930484e-06,-3.9561225584659e-06,8.85535896881288e-06,-4.84149708696957e-06,3.71030048150168e-06,-2.79511550767101e-06,1.98039362806318e-06,-5.32018211352362e-06,-3.28041165892213e-06,-6.23483722875633e-06,-7.82275494950426e-07,-5.05161474585462e-07,4.84026415554509e-07,-2.53955736287092e-06,-5.33942297728747e-09,-4.75819841784e-09,-1.21087393197902e-08,-1.19866553495811e-08,-1.08876390100292e-08,3.12556127557014e-10,-1.76891207031863e-08,-1.33081213301202e-08,-1.064320974819e-08,2.86433220513443e-09,4.5767120297165e-06,7.9342314665294e-05,-2.42559422229383e-05,-4.41454405130766e-06,6.58101233047173e-06,7.93600969319643e-06,4.86623318167609e-06,-4.33612111143203e-06,-1.2947060579511e-06,-4.10874194905144e-07,7.63118825494886e-09,1.61059060558634e-05,-0.000654177497902698,0.000140113001717924,-0.0001353408361339,1.01214437632017e-06,-2.65032867622883e-05,3.47620651319345e-06
"north_west","beta8",-1.31638339106254e-06,-5.18203830085136e-05,9.98518483830027e-07,-2.87831264846894e-07,8.32720127862034e-08,2.32979692760002e-07,-2.92418948063063e-07,2.61674696661009e-07,-1.0756770883853e-07,1.68671100562375e-07,1.06648522560364e-08,8.05106570558917e-08,-4.11995144315642e-08,2.93404275513257e-07,1.21537805054674e-07,1.79342547778057e-06,-7.01198036654914e-07,-4.00038961275034e-07,-5.62075327212818e-07,-7.11878165531841e-07,-3.38782835491519e-07,-7.39847217214053e-07,-4.77345041372906e-07,-8.17513981277772e-07,-5.42042272666425e-07,-9.70675510609162e-07,1.19184285332402e-08,-5.82322854282686e-07,-9.46538507642401e-07,-1.14416309008685e-06,-1.77904596465397e-07,-4.41559986351167e-07,-4.96039969148981e-07,-3.24258709622043e-07,-2.48719376335309e-09,-1.9249879072144e-07,6.89733817227901e-07,-9.85392314165355e-07,1.30841695705618e-06,-7.4677231036096e-07,-7.07749531944048e-06,9.34009446740019e-06,2.85937182580142e-05,9.54331357989847e-06,3.30238176310485e-06,-8.29164685769863e-06,7.16630347213237e-06,-1.78022136027842e-06,4.00416783425911e-06,-2.58515314889943e-06,5.80240418051278e-06,2.38903284423266e-06,6.80287496097894e-06,1.1530316674196e-06,5.20331123232583e-07,-3.7454498564521e-07,3.07509980565059e-06,9.22308603957313e-09,1.12682844320995e-08,1.68061722011396e-08,1.10809102015836e-08,2.05357304900928e-08,-2.68516898305732e-09,1.88383797058541e-08,1.49941807679588e-08,1.24014561164443e-08,-8.52343355235011e-09,-6.21975202084796e-06,-9.09565724839752e-05,3.84853182657801e-05,6.49108032356661e-06,-3.64585182377548e-06,-9.26183265845404e-06,-6.47862843537378e-06,4.84178880782121e-07,4.16580220761699e-06,6.19727086502964e-07,-1.72079761912079e-08,-1.79057342239571e-05,0.000922326468955429,-8.19435420371633e-05,0.000169139598076014,-8.01845904560291e-07,2.82372303704696e-05,1.20716921977007e-06
"north_west","beta9",7.04982747557487e-07,3.88093590972406e-05,-2.48887261441973e-07,9.57076751632743e-08,-1.17703925999734e-07,-2.46087652921568e-07,2.72941126173609e-07,-1.69674736117648e-07,5.89294212659981e-08,-1.27802250899363e-07,-1.33021556301726e-07,-3.36601480193988e-08,9.08238673611755e-11,-1.13142105108729e-07,-3.0626443278879e-07,-1.14777368935323e-06,1.66238276493656e-07,1.40056675801585e-07,1.12801958958836e-07,3.42998472786457e-07,7.33439970226397e-08,2.50136167176334e-07,1.24965098690679e-07,3.04038163945634e-07,8.7239689094484e-08,3.8318515250892e-07,-3.17466096809083e-08,9.04378709778389e-08,3.59549608922043e-07,7.55557376016311e-07,3.8389070514004e-08,3.10478456707441e-07,1.94690048314689e-07,4.65765241264548e-07,3.22878029647656e-08,7.24391166750736e-08,-3.13000261062738e-07,4.76579255127594e-07,-7.4677231036096e-07,6.25119255217653e-07,4.55017475511784e-06,-5.32783068739808e-06,-1.78917833793452e-05,-4.99954128283154e-06,2.04883207597711e-07,3.5399041922715e-06,-5.14309699379587e-06,-4.31332639811533e-07,-2.07441476611778e-06,1.89678188498042e-06,-3.29573988692656e-06,-2.03342031361836e-06,-5.89741294578844e-06,-9.2534496063927e-07,-8.51079070037812e-07,4.12450382255139e-07,-2.94628799343581e-06,-8.96628766017272e-09,-1.07563163477238e-08,-1.55358379997811e-08,-4.74940825317276e-09,-1.37714834928e-08,2.07782327110331e-09,-1.0434918863542e-08,-8.19621458666266e-09,-7.26834281567989e-09,1.69647973797834e-08,4.08350196353404e-06,5.6990348407331e-05,-3.35472216053438e-05,-9.18990841133476e-06,2.29081523895479e-06,5.82158375235716e-06,4.54384975352068e-06,6.64674374960515e-08,-3.10763788629547e-06,-5.52068203247345e-07,2.25895339518113e-08,4.89044425664621e-06,-0.000716313525275925,2.54774473894691e-06,-0.000142967594316132,1.12744942031433e-06,-1.00417684275722e-05,-4.59296961353336e-06
"north_west","mu_D",2.21557504171565e-05,0.000924786669381377,-2.39609008325687e-05,7.21706588542422e-07,-3.09560264919999e-06,1.4156101901221e-06,3.8253826713479e-06,-2.03438602274382e-06,8.71747814470133e-07,6.18473476807812e-06,8.56306512105829e-07,1.76046766147747e-08,3.81252178813375e-06,-8.49737219587322e-06,-1.55361661798618e-06,-3.79452549755685e-05,1.58825676133746e-05,1.53364380143753e-05,1.50019702491669e-05,2.20356341622615e-05,1.33244211673637e-05,2.16311199608355e-05,1.83222343909804e-05,2.68561783688741e-05,1.65871867251835e-05,3.35862728461083e-05,1.27496863446968e-06,1.76427028537289e-05,3.53542108102681e-05,4.02167846022066e-05,1.18843687447487e-05,1.74636443325669e-05,2.48466359955508e-05,8.77553102695553e-06,-1.86844866695299e-06,6.32139654080462e-06,-7.3040926695618e-06,6.0408371113968e-06,-7.07749531944048e-06,4.55017475511784e-06,0.000731680468342333,-6.67791275955821e-05,-0.000475294053666271,-0.000201822270792057,5.68874837343722e-05,0.000450229744903808,-0.00022867989992183,8.86485178566537e-05,-0.000123908394938117,5.7818934414264e-05,-0.000174216058302967,-5.06768009365443e-05,-0.000100264873725015,-0.000209550447078176,-1.68223940600781e-05,4.9383991278385e-06,3.0773822958985e-05,1.31491566167919e-07,-4.95733759406669e-08,-2.65529139614775e-08,1.16675628027469e-07,-2.83732814449189e-07,2.23536646499227e-08,-1.00456496296883e-07,5.69549388844705e-08,5.97271041248696e-08,1.03348933282603e-06,0.000326508680607953,0.002064341002828,-0.000697809177504095,-0.000604289271609717,0.000151703160088571,5.16209882891764e-05,5.6958287726731e-05,0.000113933082005567,-0.000181515534732165,-2.3459309764956e-05,3.7163566775955e-07,-9.86375609645299e-05,-0.0328828278746287,-0.000506257428000271,-0.00438074709964851,-4.61647726674384e-05,-0.000777546116956799,-0.000230634205244487
"north_west","mu_D_2",-1.64534453983251e-05,-0.00127221344273502,2.99384704953635e-05,-1.36268623581615e-05,9.39872137420688e-06,-3.01835296289894e-07,-3.29800160804409e-06,6.45167690488929e-06,2.51947367852748e-06,-7.69256309697662e-07,1.24288425956582e-05,2.67586987072982e-06,2.76526573255502e-06,2.60836098110819e-06,1.27192020112683e-05,5.96939553347175e-06,4.52265675344656e-07,-1.40658516274001e-06,1.6429543913487e-06,-6.07399385416737e-06,-2.05187078443572e-07,-2.39163086706236e-06,-5.41767512873987e-08,-2.99770943057841e-06,4.18271518399949e-06,-7.21739636633689e-06,7.28909707232498e-07,3.48157720780029e-06,-2.91484955189778e-06,-3.15524701221769e-06,4.79825080926377e-06,3.12908500255737e-06,2.41188681819862e-06,5.65459423233508e-06,-4.23163928498462e-07,-2.71859630681713e-06,5.85765117421002e-06,-8.54323114209053e-06,9.34009446740019e-06,-5.32783068739808e-06,-6.67791275955821e-05,0.000478796685419848,0.000898461470937495,0.000298057928741669,8.30996681957195e-05,-0.00016177187757831,-5.53783041922734e-05,-0.000119695681036548,6.89362284751203e-05,-4.14558622673137e-05,0.000133754268395387,0.000112568785371454,3.51683773766673e-05,-6.64870883593283e-05,2.6373610797612e-05,-1.89998263962776e-05,9.36081175894504e-05,-5.75729291685637e-08,1.43565475068655e-07,6.10757794456311e-07,1.62629815725263e-07,4.4584444568691e-07,5.35674917044208e-08,1.13535594436968e-07,2.94267448965247e-07,3.27721051983082e-07,-1.11818480245635e-06,-0.000300693902419427,-0.00247098080627477,0.000916602770211742,0.00031155915624345,-0.000180086234596428,-0.000187032336552742,4.11203313049274e-05,0.000126133976079553,-2.95318788682405e-05,4.58443866508602e-05,-1.73159490570663e-07,-0.000693243568341486,0.0217586636862947,-0.00452555732194014,0.0052049567274164,-0.00011432570291669,0.000187373599732478,-0.000126732257461772
"north_west","mu_D_3",-6.08797739430346e-05,-0.00301834234365722,4.87929471384881e-05,-2.41078616907505e-05,1.67918985561841e-05,1.15408954798399e-06,-1.19250332185666e-05,1.47845873878455e-05,2.07367442010731e-06,-1.58097052410497e-06,2.10010593348891e-05,4.90889880070744e-06,3.02402644301266e-06,1.10028386352023e-05,2.72107409152793e-05,7.01626054826071e-05,-1.23695340114762e-05,-1.41599706629286e-05,-1.20880883797486e-05,-2.77905017612687e-05,-1.19176221010043e-05,-2.07122396071817e-05,-1.72198890614729e-05,-2.74488282939637e-05,-3.06094828762772e-06,-4.28644202070691e-05,-2.27788264162028e-07,-7.97799321629143e-06,-3.38341319553397e-05,-5.03154164723854e-05,-2.67169183373162e-06,-1.5279274473853e-05,-2.17600537256856e-05,-7.04984957393791e-06,3.97916274044321e-07,-1.03250464813301e-05,2.00336056197394e-05,-2.55328529188207e-05,2.85937182580142e-05,-1.78917833793452e-05,-0.000475294053666271,0.000898461470937495,0.00286893051658929,0.000830026468307523,0.000218755086340018,-0.00111973564597833,0.000283013433615766,-0.000314758393516974,0.000272920820985403,-0.000143916121679608,0.000459495056412826,0.000248843976409668,0.000246728438114948,3.74336093494647e-05,8.58092748664038e-05,-3.5054109715965e-05,0.000185677660566854,-3.11207549931351e-08,2.81495454170264e-07,8.46524151577203e-07,2.32961911354943e-07,1.33616440289679e-06,5.70988308671295e-08,2.14754717683288e-07,5.43712542623972e-07,4.79978200733177e-07,-3.13909230600571e-06,-0.000822889502533776,-0.00771730975322293,0.00312964322342244,0.000951943677498632,-0.000434562755447359,-0.000403104778034891,-6.42008736736041e-05,5.09353925596757e-05,0.000127360207324318,0.000126574693109248,-7.90525159051557e-07,-0.00229301141557431,0.0701971130619438,-0.0039318270184851,0.0136381847952302,-0.000191769241330899,0.00101571724491101,0.000148976433856645
"north_west","mu_D_4",-2.55205908009841e-05,-0.00100663496302583,2.67379895993528e-05,-1.01406865445554e-05,6.59517914310761e-06,-5.31543635946005e-07,-3.70345931195974e-06,5.24929747505838e-06,2.71396943060575e-07,-2.07020175439214e-06,5.20544351836413e-06,1.9493249459969e-06,3.66840835195227e-08,5.66664770562022e-06,3.14582066173503e-06,1.560669981994e-05,-1.02096209696966e-05,-7.71128667270201e-06,-9.10001499557743e-06,-1.22626674062045e-05,-7.14749547757395e-06,-1.25508853700153e-05,-8.99056483820492e-06,-1.43443430804684e-05,-7.83753166403688e-06,-1.87889712499194e-05,-1.88020475515816e-07,-9.40552787137377e-06,-1.67737814951867e-05,-1.50052589992124e-05,-1.53101433460049e-06,-2.77284155801743e-06,-9.77613111571744e-06,7.42321402473897e-06,5.80640006701513e-07,-4.21274194055116e-06,7.83381560296377e-06,-9.39353355930484e-06,9.54331357989847e-06,-4.99954128283154e-06,-0.000201822270792057,0.000298057928741669,0.000830026468307523,0.000351811397155431,9.88526134086615e-05,-0.000306325215692951,5.32294300839519e-05,-0.000127488817216055,9.20014321171997e-05,-4.54846746351974e-05,0.000179025315365358,8.67170126242079e-05,0.000101659667304296,3.49554183100207e-05,1.84525016857967e-05,-1.15877163049422e-05,3.61175033961742e-05,-2.93978794875976e-08,2.93536227159375e-08,3.8380634124887e-07,1.50490740437449e-07,4.79170870945532e-07,5.17813003570474e-08,1.67078591054563e-07,2.45031441098003e-07,2.1978080819353e-07,-7.45378302905472e-07,-0.000288201669258523,-0.00245283121592303,0.000364779367016668,0.000347551692832079,-0.00015947249285894,-0.00018311013904047,-2.83824160811748e-05,3.84217823561694e-05,5.09196529537078e-05,2.592147774631e-05,-1.09906400492585e-07,-0.000732986865857137,0.0205286760262103,-0.00352225680572024,0.00461542993441035,-4.89149945559845e-05,0.000518957932090544,-7.92230510105944e-05
"north_west","mu_D_5",-2.0525731107793e-05,0.00207182007557935,7.53703022234267e-06,1.04786497749576e-05,-8.79211575057785e-06,1.63110152702799e-08,-1.55646237612308e-07,-1.91579069246659e-06,-1.42681254063337e-06,-6.98770726044781e-07,-1.20620678965416e-05,2.46062942753413e-07,-3.29488967411593e-06,6.52184323773914e-06,-2.39611704243817e-05,2.93019353199522e-05,-2.5546836969533e-05,-1.26791579186147e-05,-2.57536680606055e-05,-1.51962633187145e-05,-1.49784194189787e-05,-2.33615791333818e-05,-2.10880503638982e-05,-2.43039296224721e-05,-2.66197728351175e-05,-2.45273063896763e-05,-2.64556965703912e-06,-3.27608849005658e-05,-2.74705712649029e-05,-1.58232186961047e-05,-1.01765468126494e-05,-1.17177516733118e-05,-1.6831363892463e-05,-6.29301439151942e-06,1.62494120669297e-06,-9.73126245383503e-07,4.13608854156934e-06,-3.9561225584659e-06,3.30238176310485e-06,2.04883207597711e-07,5.68874837343722e-05,8.30996681957195e-05,0.000218755086340018,9.88526134086615e-05,0.000433797768828397,-0.00051680922204412,0.000222833892996473,-6.30273796971883e-05,6.44964162584273e-05,-2.85574767716809e-05,6.34069107229042e-05,-6.87206566306321e-05,5.35510496797974e-05,-3.4530337234856e-05,-4.2375950767796e-05,3.2418007932074e-05,-0.000171156777833459,-9.508608715363e-08,-4.16610063636749e-07,-9.02386435304195e-07,-1.88092839258268e-09,6.38880287822089e-08,-1.98011377650122e-07,-1.83290652658621e-07,4.04568831999671e-08,-1.6827169098502e-07,5.43840743784558e-07,-0.000117061160435816,-0.000447921291235664,-0.000508346708185313,-0.00108819347541214,0.000288975979087627,-0.000128509310277082,-0.000193924443148799,-0.000421553780545399,0.000167340182677943,-2.64213543594328e-05,4.24926018872434e-07,-0.000809646394597481,-0.00709854830283581,0.000834216755014483,-0.00270969029518278,6.40763946733351e-05,0.000837428770936324,-6.3382786999208e-05
"north_west","mu_gamma_H",6.87987896279726e-05,-0.00359930982374595,1.07364884805775e-05,-2.66898771510392e-05,1.08938714495275e-05,-6.79123283522865e-07,8.54071255256994e-06,1.37326818917303e-06,3.6663278325421e-06,1.78270517086549e-06,1.63219853332304e-05,7.52615144292115e-07,7.9151176081966e-06,-1.92043876760117e-05,2.93848922658489e-05,-0.000128435049650229,5.36621569960744e-05,3.79204598128484e-05,5.97021056826769e-05,4.89309825190802e-05,4.05544218086041e-05,5.89275724767518e-05,6.00402360459933e-05,6.90048850521253e-05,5.78269341412536e-05,7.95633158246499e-05,8.63063151645123e-06,7.30413216774067e-05,8.25425554373201e-05,9.82904794261484e-05,3.77238332280368e-05,5.70798741040291e-05,6.92752483708073e-05,4.54118294488011e-05,-5.23823280683568e-06,8.844683930821e-06,-1.2953695907549e-05,8.85535896881288e-06,-8.29164685769863e-06,3.5399041922715e-06,0.000450229744903808,-0.00016177187757831,-0.00111973564597833,-0.000306325215692951,-0.00051680922204412,0.00246161297487209,-0.00106480780882583,0.000259402669446998,-0.000325238985804001,0.000134797210526425,-0.000276156680219332,8.00277142465462e-05,2.19023133763568e-05,-0.000132878388108899,3.14724873404812e-05,-6.91020733810631e-05,0.000390677525190623,2.72191019853269e-07,5.45267673594752e-07,2.09141839429747e-06,4.98928122085065e-07,-7.97543046171524e-07,2.96359431209349e-07,7.82357466957451e-07,3.12201872192285e-07,6.44290023071179e-07,1.18783873870851e-06,0.000833446707849714,0.00334471976254122,-0.000844023162895524,0.00100892648389629,-0.000438687419498441,0.000174846841045507,0.00019666070391206,0.0012106206452395,-0.000600957933643208,-1.19670205120115e-05,-5.24463432143929e-08,0.00220034103521065,-0.040661857196842,-0.0124808530841835,-0.00161486880793366,-0.000122754025994911,-0.00226591307439942,-0.000657747811228723
"north_west","mu_gamma_H_2",-3.42152230625827e-05,0.00211235475660087,-9.93072067666109e-06,2.49281540340736e-05,-8.99921646857987e-06,2.88315178138578e-06,-4.88845176990704e-06,-3.44560130919884e-06,-4.9724253352267e-06,2.77457751468665e-07,-1.69739936074833e-05,-2.58857179401688e-06,-6.43373761089119e-06,9.0666450411932e-06,-1.95536190681225e-05,8.10842041778647e-05,-3.18636599079805e-05,-2.23885081244837e-05,-3.28204856138483e-05,-3.09657661367802e-05,-2.19972843249172e-05,-3.52649584961864e-05,-3.31469048303223e-05,-4.21025721393342e-05,-3.46196568220643e-05,-4.55284631713315e-05,-5.0747268576448e-06,-4.30031913127328e-05,-5.13978072860682e-05,-6.24053181253374e-05,-2.41517672674834e-05,-3.9521871235861e-05,-3.90247045752939e-05,-4.21428604207891e-05,2.74456069830023e-06,-2.97417908845451e-06,6.5628023543136e-06,-4.84149708696957e-06,7.16630347213237e-06,-5.14309699379587e-06,-0.00022867989992183,-5.53783041922734e-05,0.000283013433615766,5.32294300839519e-05,0.000222833892996473,-0.00106480780882583,0.000953865849284291,-8.05613335355213e-05,0.000185082024051994,-6.96461278075887e-05,0.000116710965280633,-9.97033295355292e-05,0.000157853157589382,6.88418709756526e-05,-4.14691724388014e-05,4.8451234524892e-05,-0.000204489264533867,-5.39356013145828e-08,-2.93649707379635e-07,-1.25359041676812e-06,-4.91415746102902e-07,3.67295585931916e-07,-3.15435621541613e-07,-4.04044971703002e-07,-3.70900704615339e-07,-4.69432813148205e-07,-3.89306226794462e-07,-0.000476398001976094,-0.000888152759124536,0.00037913675591133,-0.000597469348164734,0.000258415168207831,6.01579668152715e-05,-0.000299521721061092,-0.000778444322204865,0.00037137525762652,-8.79788717275588e-07,3.6791486038928e-08,-0.0008763888831016,0.0180265857613214,0.00881355142098806,-0.000422223708804619,0.00015265594315308,0.00122848984083358,0.000510885048665752
"north_west","mu_gamma_H_3",1.32686600768757e-05,0.000206536648673322,-1.53114061977695e-05,7.31648640277233e-06,-2.84367895390677e-06,1.85352250696108e-06,1.02062940290787e-06,-1.85816277004161e-06,-7.37552267933704e-07,3.63101714683138e-06,-2.71274749520313e-06,-6.65061478760102e-07,1.8574584951165e-07,-3.77881650079006e-06,2.66310596495106e-06,2.51516193285803e-06,7.16446679027169e-06,4.3415417688813e-06,6.81853767023571e-06,5.62701820732901e-06,4.26635765990461e-06,8.01802155751875e-06,5.3966949182047e-06,7.37075529100042e-06,6.60568177078651e-06,9.81903246983255e-06,2.21315409696348e-08,6.99248100189772e-06,9.47658697376587e-06,2.49524638570365e-06,1.8084227927582e-07,5.47004110329185e-08,2.45118465820962e-06,-5.7846472269614e-06,-2.81263694965475e-07,1.9521682622904e-06,-3.20557673868993e-06,3.71030048150168e-06,-1.78022136027842e-06,-4.31332639811533e-07,8.86485178566537e-05,-0.000119695681036548,-0.000314758393516974,-0.000127488817216055,-6.30273796971883e-05,0.000259402669446998,-8.05613335355213e-05,0.000258004363572047,-5.52613636373531e-05,1.17063619726915e-05,-6.71926619784418e-05,-5.36751659988404e-05,-2.15575278062436e-05,-1.92696926500469e-05,-2.56833934316343e-06,4.38704678424463e-06,-1.24545167375165e-05,9.98680547883183e-08,1.32886047098825e-07,2.17940526614401e-08,-4.4379406940206e-08,2.83493510091021e-08,-4.32030544225819e-10,-4.20245364492664e-08,-1.0171586537629e-07,-8.18084445712899e-08,4.10724846851043e-07,9.61682938224122e-05,0.00099233865464986,-0.00011186803222427,-6.62852798761827e-05,7.50675308190727e-05,7.98589411555371e-05,1.19554800512491e-05,-5.60808720481899e-05,6.37962538680916e-05,-2.11391211924159e-05,-1.36384127269853e-07,0.00040944223851666,-0.00533032372911797,0.00307374615259809,-0.00166556490094053,2.1652330799546e-05,-0.000292741823541873,0.000129186361233799
"north_west","mu_gamma_H_4",-1.49855149906866e-05,0.000213149476650489,2.63517387971914e-06,5.07131408289456e-06,-1.35963415346181e-06,1.64110518390941e-07,-1.77269286982215e-06,2.67392444594062e-08,-6.58620435696355e-07,-1.09058322478799e-06,-3.3198403456438e-06,-1.7731061459857e-07,-1.72377572390708e-06,3.73431126533823e-06,-3.41441910545802e-06,2.64221660635579e-05,-1.03718538770518e-05,-7.8616155473084e-06,-1.04967495681302e-05,-1.13861145466264e-05,-7.43005669971156e-06,-1.21918052350567e-05,-1.09444436347934e-05,-1.46134742614915e-05,-1.03733054967972e-05,-1.73046068450387e-05,-1.23505109274683e-06,-1.27527470415332e-05,-1.79714124182216e-05,-2.15971847824019e-05,-7.55155858535829e-06,-1.17004544832053e-05,-1.36738493024164e-05,-1.02467968007044e-05,7.12731713768163e-07,-1.6469973859753e-06,2.88745393120157e-06,-2.79511550767101e-06,4.00416783425911e-06,-2.07441476611778e-06,-0.000123908394938117,6.89362284751203e-05,0.000272920820985403,9.20014321171997e-05,6.44964162584273e-05,-0.000325238985804001,0.000185082024051994,-5.52613636373531e-05,0.000140652055151699,-3.15848966861277e-05,7.78967596542046e-05,-1.54816039987292e-05,-1.23486918625013e-05,3.05268276551874e-05,-7.08943168287011e-06,9.86262543598265e-06,-4.3934730119089e-05,-6.48194671375905e-08,-3.41717104568604e-08,-1.84680676413396e-07,-6.73492762525406e-08,3.21269971641715e-07,-5.76696924018232e-08,-5.83482351107272e-08,-2.73799135145007e-08,-9.08789863272237e-08,-3.77700370436698e-07,-0.000248728850665906,-0.000874411511656286,0.000302091187660066,-9.40788222255387e-06,4.2178211093468e-05,-3.53275184342157e-05,-3.53017569455869e-05,-0.000197156264505499,0.00011906231873986,1.27892930341226e-05,-6.31917489281759e-08,-0.000418692121457183,0.0110868835023966,0.00197907480311523,0.000824006105173491,3.08089597997494e-05,0.000444664651229478,0.000145839129518607
"north_west","p_G_D",7.07403576779383e-06,4.0236969854097e-05,-1.59485458344625e-06,-7.43616762603022e-07,-1.90232026111652e-07,-4.56584638566296e-07,1.27927423420201e-06,-4.62275920271534e-07,-8.68263369750702e-08,2.39081430831778e-07,-2.2143451031687e-07,-1.9045114096722e-07,3.64461906057615e-07,-1.43845780058839e-06,-7.44655765343444e-07,-1.21334466875379e-05,3.97075352400456e-06,2.85058485694707e-06,4.01516311868797e-06,4.3968360055496e-06,2.9244281816031e-06,4.59357920075212e-06,4.28598060564311e-06,5.38208399205708e-06,3.77653967074232e-06,6.78521083840748e-06,4.03797734386332e-07,4.5102227452802e-06,6.62170431319607e-06,9.16391920578967e-06,2.43658786202415e-06,4.30290128439878e-06,5.05935350903981e-06,4.33254297477469e-06,-1.76795008022427e-07,7.65740743402759e-07,-1.53391104116359e-06,1.98039362806318e-06,-2.58515314889943e-06,1.89678188498042e-06,5.7818934414264e-05,-4.14558622673137e-05,-0.000143916121679608,-4.54846746351974e-05,-2.85574767716809e-05,0.000134797210526425,-6.96461278075887e-05,1.17063619726915e-05,-3.15848966861277e-05,3.12605307511831e-05,-3.46671670280094e-05,-6.47530745458082e-06,-8.18665802265856e-06,-1.42524188444484e-05,-5.33326007786413e-06,-2.39413463367733e-06,5.35330206690245e-06,1.14715565810866e-09,-2.83846437030155e-08,1.9550084968698e-08,1.26209999825064e-08,-1.42267865714651e-07,3.61904492068626e-09,3.72049527434089e-08,-1.82394934139496e-08,-1.2845453181115e-09,2.13818416961949e-07,0.000104710462490699,0.000464441093600195,-0.000157478787760316,-6.03654097851155e-06,3.30621856597274e-06,2.29279518378309e-05,1.53345316199849e-05,7.49384649034325e-05,-4.9011689571743e-05,-5.42745258619645e-06,5.2069645052978e-08,0.000134058391569614,-0.00696155314611108,-0.000561784932994001,-0.000895048602142189,1.52461355592927e-06,-0.000184140719298042,-5.43398304620318e-05
"north_west","p_G_D_2",-1.87390741557274e-05,-0.000386902618049639,1.37613417747005e-05,-1.16491600674609e-06,2.58739048372651e-06,-2.61346327421341e-07,-2.36488415005415e-06,2.1864625249452e-06,-5.85692881047641e-07,-1.3868519425644e-06,1.28519551154378e-08,5.93970874910376e-07,-1.10167872226586e-06,4.44627750956917e-06,7.78812267746381e-08,2.0368301999941e-05,-9.65253710195022e-06,-7.55990473026276e-06,-9.537515949918e-06,-1.11021600721531e-05,-7.2322974561826e-06,-1.16378469854322e-05,-9.80545819971925e-06,-1.40615250457999e-05,-9.05060750086519e-06,-1.69701429936348e-05,-7.88277770939413e-07,-1.07607023191473e-05,-1.71428530145282e-05,-1.89061695076487e-05,-5.03605149035663e-06,-7.80504769540286e-06,-1.20498428597082e-05,-2.97377382402618e-06,7.59219860484792e-07,-2.97872430220515e-06,5.11746005474753e-06,-5.32018211352362e-06,5.80240418051278e-06,-3.29573988692656e-06,-0.000174216058302967,0.000133754268395387,0.000459495056412826,0.000179025315365358,6.34069107229042e-05,-0.000276156680219332,0.000116710965280633,-6.71926619784418e-05,7.78967596542046e-05,-3.46671670280094e-05,0.000121231506526434,2.97214974419621e-05,6.93576295792349e-05,4.91639772056616e-05,8.49023709083796e-06,-4.73554393254667e-07,-2.19060535195641e-05,-2.30880163707261e-08,1.68744646699736e-08,8.36807972035918e-08,2.84944553883037e-08,3.57237831805084e-07,3.01962590544902e-10,4.22521612752379e-08,7.60158311601191e-08,4.77872091140783e-08,-4.67734448032463e-07,-0.000225935979060837,-0.0014357038749182,0.000332215470695805,0.000153325833945409,-4.93440572000207e-05,-7.6319127941727e-05,-5.23714094130758e-05,-9.75329086159516e-05,9.0299644098858e-05,1.99272354593727e-05,-1.44067916115166e-07,-0.000471580921307262,0.0158022778020548,-0.000247880333380857,0.00263107340542252,1.37153395306423e-06,0.000454124971047111,6.20699820925116e-05
"north_west","p_H",-4.56049943499315e-07,-0.00115841836117424,1.02426927852913e-05,-1.04672426599058e-05,5.54424662854932e-06,-6.13582614858481e-07,-1.45146832239138e-06,2.59596779210109e-06,1.63139128121537e-06,-1.0010536897728e-06,9.35531398574158e-06,8.95889319072654e-07,2.01797161978968e-06,-1.06369892401533e-06,1.0963964628841e-05,-1.02848804727543e-05,6.32197070185766e-06,3.20098999434133e-06,5.99194804944723e-06,3.43034682126144e-06,3.17936535225936e-06,5.16307961732825e-06,5.11321698839523e-06,6.21289294883985e-06,7.71744872842616e-06,3.54802529610858e-06,1.40446955855697e-06,9.62142124369201e-06,6.11902698032197e-06,6.18905533182649e-06,5.08081064948422e-06,7.3712733613992e-06,5.303100555105e-06,9.36712663442016e-06,-1.09051416217046e-06,-1.07202514411902e-06,1.58818698085473e-06,-3.28041165892213e-06,2.38903284423266e-06,-2.03342031361836e-06,-5.06768009365443e-05,0.000112568785371454,0.000248843976409668,8.67170126242079e-05,-6.87206566306321e-05,8.00277142465462e-05,-9.97033295355292e-05,-5.36751659988404e-05,-1.54816039987292e-05,-6.47530745458082e-06,2.97214974419621e-05,0.000126255758563835,8.96847210080019e-05,-5.31010022849406e-06,2.77857990999245e-05,-2.42774184999243e-05,9.27334982305907e-05,-5.58597121635127e-08,6.54819612773402e-08,3.86019608941949e-07,8.35580836960573e-08,-1.48062534266326e-08,5.86964027580172e-08,9.58287490764804e-08,9.33588182030633e-08,1.65350659031599e-07,-4.58673050839758e-07,-5.82691208579515e-05,-0.000728741727755332,0.000338314051972357,0.000386105017402131,-0.000296010246007043,-2.34906292315475e-05,4.13458505124307e-05,0.000287938624272874,-0.000112303073883812,1.93358280037725e-05,-2.35445691284606e-07,-2.16674423583459e-05,0.00967049503033498,-0.0031250249975548,0.00288823979188341,-7.57558749794862e-05,-0.000146745874015385,-8.4652731270143e-05
"north_west","p_H_2",-1.33896288375682e-05,-0.0006003427044981,1.55609213675444e-05,-2.48208574167765e-06,-2.67504670604377e-06,1.23277795362405e-06,1.40473698565274e-07,-2.95687723955346e-06,9.30040749053254e-07,-3.53458573392988e-06,-1.92981071265932e-06,-2.09614819888066e-07,-1.25956390339508e-06,1.89752951904199e-06,-3.61406196000176e-06,1.61171209035381e-05,-6.44138413821605e-06,-3.78745952142399e-06,-7.0710113274315e-06,-7.21003735356501e-06,-2.78307558393912e-06,-7.97861439824122e-06,-3.19624668290276e-06,-6.73384179094642e-06,-8.85471752806184e-06,-6.01892822988277e-06,9.0525618180397e-07,-9.84124580597201e-06,-1.2912411714895e-05,-8.97157381307573e-06,-2.14956955052391e-06,-3.61163513893184e-06,-4.49658494132477e-06,-5.36858812565554e-06,-1.18937520250922e-06,-3.30245371041488e-07,4.52843642129865e-06,-6.23483722875633e-06,6.80287496097894e-06,-5.89741294578844e-06,-0.000100264873725015,3.51683773766673e-05,0.000246728438114948,0.000101659667304296,5.35510496797974e-05,2.19023133763568e-05,0.000157853157589382,-2.15575278062436e-05,-1.23486918625013e-05,-8.18665802265856e-06,6.93576295792349e-05,8.96847210080019e-05,0.00119895664451681,1.33487741979132e-05,-2.04345362438992e-05,-3.61930639009886e-06,2.19426243659104e-05,4.25598871213112e-08,-2.04239972841158e-07,-1.68324059047285e-07,-6.98012898437882e-08,-1.69549171897797e-07,-1.7440495898675e-07,3.43970099117636e-07,8.43653188279624e-08,6.14380239087196e-08,5.46603738662589e-08,8.33583166058818e-05,-0.000655933399932766,0.000129652935952544,-2.01397516054637e-05,-0.000152861718206803,-0.000140416939199763,-0.000899553192405535,-7.80108084219519e-05,3.99811984060798e-05,-1.77361119376405e-05,-4.74486447125047e-08,-0.000665513251047649,0.00354328079446455,-0.00176386105127955,0.000591267503801131,1.20815683151236e-05,0.000240645127215086,2.07312935208686e-05
"north_west","p_H_D",-6.41328162354819e-06,-0.000193642628550085,2.86675933194611e-06,1.81173921681091e-06,9.43498682757264e-07,-6.63962474732253e-07,-4.87607493153121e-07,-2.04919116869207e-07,-9.23393197500544e-07,-1.5719405620538e-06,-2.43624975933269e-06,-3.82388262264363e-07,-1.77235652643969e-06,2.38465111674891e-06,-1.04454611230566e-06,9.07977390186261e-06,-5.60812025938059e-06,-4.51137895764182e-06,-6.01027422581872e-06,-5.78434768716114e-06,-4.74896947560023e-06,-6.53377636285951e-06,-6.23120838269867e-06,-8.26136922857989e-06,-6.23872892890318e-06,-9.97049570142577e-06,-3.9823854919394e-07,-6.39769021784129e-06,-1.11324612159939e-05,-1.23246302874726e-05,-4.60594509732074e-06,-5.55376470129872e-06,-8.82331594246461e-06,-2.17505709986212e-06,6.42754865835522e-07,-1.71518160185306e-06,1.34908059148136e-06,-7.82275494950426e-07,1.1530316674196e-06,-9.2534496063927e-07,-0.000209550447078176,-6.64870883593283e-05,3.74336093494647e-05,3.49554183100207e-05,-3.4530337234856e-05,-0.000132878388108899,6.88418709756526e-05,-1.92696926500469e-05,3.05268276551874e-05,-1.42524188444484e-05,4.91639772056616e-05,-5.31010022849406e-06,1.33487741979132e-05,0.000127496810531503,8.8623148785278e-06,-9.32387241140472e-08,-6.20731626964458e-05,-2.12392254767966e-08,2.37625932472468e-08,-6.32196145344418e-08,-3.5542492791525e-08,1.49435862982985e-07,4.95323806675468e-08,2.30164779813907e-08,-7.44740863135719e-08,-5.91225937245817e-08,-2.02354246261592e-07,-6.18745649814312e-05,-0.000438886663798293,2.83976516472999e-05,0.000189474877276982,-7.50945261340713e-06,-5.1714537290825e-06,-9.67900706273522e-06,-5.63201461396997e-05,6.82995138115844e-05,5.10371491896014e-06,-1.08647490080083e-07,0.000131733128313786,0.00789434220888809,0.000651752174745691,0.00119638476849806,3.20250356622959e-05,0.000229851898602041,8.44047638571006e-05
"north_west","p_ICU",5.22466694405841e-07,-0.000458881068341257,4.21802741778787e-07,-3.14048705434773e-06,2.20358302582657e-06,5.09204278779525e-09,-6.15955149567788e-07,1.2320636004572e-06,5.23690887789444e-07,4.64535821696942e-07,4.03696842623165e-06,3.1184894070696e-07,9.42978265257919e-07,-8.77002913648058e-07,5.97550935096434e-06,-2.74992178487241e-06,4.02621566080864e-06,1.95682497672628e-06,4.01207540758431e-06,2.4893421123872e-06,1.89502234764735e-06,3.88352214641858e-06,2.96804550044076e-06,3.93694114307428e-06,4.96897298050337e-06,2.86297560058216e-06,5.77036374561953e-07,5.98868334492756e-06,4.35977421475438e-06,1.61828686142849e-06,2.11936480374972e-06,2.09802622483919e-06,2.57843512543216e-06,1.24394007990519e-06,-3.209212730101e-07,-3.51041673524708e-07,8.9642357472806e-08,-5.05161474585462e-07,5.20331123232583e-07,-8.51079070037812e-07,-1.68223940600781e-05,2.6373610797612e-05,8.58092748664038e-05,1.84525016857967e-05,-4.2375950767796e-05,3.14724873404812e-05,-4.14691724388014e-05,-2.56833934316343e-06,-7.08943168287011e-06,-5.33326007786413e-06,8.49023709083796e-06,2.77857990999245e-05,-2.04345362438992e-05,8.8623148785278e-06,3.10730768471764e-05,-1.01823022197073e-05,3.40697874540949e-05,5.2358040639552e-08,1.30690636380358e-07,2.31165186412942e-07,5.39231615810668e-08,7.24227924170691e-08,7.10935587251576e-08,4.45081124441155e-08,3.41594456734295e-08,6.84719829805977e-08,-1.87115760856293e-07,-1.1328756636097e-06,-0.000265140940413421,0.000181539862475419,0.000178197745829055,-7.98270201471059e-05,-4.29877004058465e-06,4.93600741117326e-05,0.000117949209883407,-4.07273155385667e-05,8.38392391907624e-06,-1.55833806589827e-07,0.000101562826105321,0.00445458811200779,-0.000385346107210942,0.00118170818806205,-2.88274227031697e-05,-0.000105085063140467,4.22324776871259e-06
"north_west","p_ICU_2",-1.63577480978618e-06,0.000389779443326263,-2.28923983722275e-06,2.96200826792179e-06,-1.55810883137101e-06,7.80892919045347e-08,1.42528828959273e-07,-8.19617131788876e-07,-3.75040318743701e-07,3.804317652348e-08,-2.72241781900229e-06,-2.69842394353883e-07,-6.77500811480195e-07,6.85932527766079e-07,-3.44172331059589e-06,5.60743805195265e-06,-3.14356325640561e-06,-1.81626854439733e-06,-3.41624202390214e-06,-2.28437445425026e-06,-1.90263735684859e-06,-3.14578812979792e-06,-3.06509102316046e-06,-3.50276623913015e-06,-3.80669150194826e-06,-3.29228619985216e-06,-5.79241969814977e-07,-4.63739097595503e-06,-4.08781923986515e-06,-3.73000570464015e-06,-2.30143008883085e-06,-2.95929247495442e-06,-3.27070360905505e-06,-3.09415586453719e-06,3.44639223830719e-07,3.65894638970035e-08,-9.72774549929787e-08,4.84026415554509e-07,-3.7454498564521e-07,4.12450382255139e-07,4.9383991278385e-06,-1.89998263962776e-05,-3.5054109715965e-05,-1.15877163049422e-05,3.2418007932074e-05,-6.91020733810631e-05,4.8451234524892e-05,4.38704678424463e-06,9.86262543598265e-06,-2.39413463367733e-06,-4.73554393254667e-07,-2.42774184999243e-05,-3.61930639009886e-06,-9.32387241140472e-08,-1.01823022197073e-05,9.76282553077234e-06,-3.01155313318693e-05,-2.32242198973046e-08,-6.22631813918706e-08,-1.71711825055602e-07,-5.39874414603077e-08,-1.04183448130543e-08,-3.85723187765584e-08,-7.18783374622935e-08,-3.78385328204193e-08,-6.25410205052694e-08,7.81223415329025e-08,-1.22386572837931e-05,0.000104251608000461,-6.82608289724178e-05,-0.000127061989934107,6.37444914700506e-05,1.22719140928223e-05,-2.92048480226491e-05,-0.00011723770802153,3.80725915478969e-05,-4.87002015476983e-06,6.27511756516204e-08,-6.58921717896186e-05,-0.00108444084755605,0.00090183015614189,-0.000608648812765203,1.98294797986661e-05,0.000101277908419218,3.16035007807463e-05
"north_west","p_ICU_D",6.93166436763404e-06,-0.00189368153413968,3.94890539298835e-06,-1.802828625674e-05,5.00085297386506e-06,1.51495831824388e-06,-3.15070819967428e-06,6.09918816094906e-06,2.57926014680632e-06,9.39396081139764e-08,1.66061130224261e-05,2.37169455705444e-06,4.8691289874805e-06,-3.82946690053378e-06,1.90691809959483e-05,-2.92668875984531e-05,1.7676587545752e-05,1.0505858999013e-05,2.07420700455143e-05,1.04829219999629e-05,1.28955377634324e-05,1.78421682334769e-05,1.83691754601808e-05,1.96830567284186e-05,2.16180151756239e-05,2.15497473144251e-05,3.99723831772168e-06,2.52070984306939e-05,2.56908108421789e-05,2.29848243871728e-05,1.4471933382315e-05,1.56314797565762e-05,2.28530422571796e-05,1.07471537102121e-05,-2.19585449550211e-06,1.37249763247918e-06,-9.79040129008549e-07,-2.53955736287092e-06,3.07509980565059e-06,-2.94628799343581e-06,3.0773822958985e-05,9.36081175894504e-05,0.000185677660566854,3.61175033961742e-05,-0.000171156777833459,0.000390677525190623,-0.000204489264533867,-1.24545167375165e-05,-4.3934730119089e-05,5.35330206690245e-06,-2.19060535195641e-05,9.27334982305907e-05,2.19426243659104e-05,-6.20731626964458e-05,3.40697874540949e-05,-3.01155313318693e-05,0.000704382486192057,1.34205203224401e-07,3.51978898779986e-07,1.00522803220457e-06,1.9950913753356e-07,1.87745013941636e-08,3.848304050943e-08,3.66479150138117e-07,3.31512727583241e-07,3.82720482828571e-07,-2.22950096303616e-07,-0.000119969648966342,-0.000562826724596997,0.000444384905623609,0.000608540853476901,-0.000286931578085527,-4.01033092712706e-05,8.20268903518857e-05,0.000456515009949315,-0.000234754385571823,2.72107983831436e-05,-4.61893842671847e-07,-0.000287393092960153,0.0036219198323908,-0.00481551836953576,0.00186759218935383,-0.000127689726952826,-0.000559564953184008,-0.000206786308074398
"north_west","p_NC_15_24",1.78992987711043e-09,-1.13120004609386e-06,-9.2426354772679e-09,-2.97326652700455e-09,4.47322557584431e-10,7.68950034919018e-09,-4.25130766863421e-09,5.21441681461126e-09,1.14762276243008e-10,1.02545728071066e-08,7.14044792335513e-09,2.38500183929039e-09,4.11347164973517e-09,-1.43762443036039e-09,1.19302524057821e-08,2.07365992987027e-09,1.27791497200825e-08,1.04704653032955e-08,1.40472389257624e-08,1.25353056738947e-08,1.15038373717402e-08,1.66972807831894e-08,1.78951685396195e-08,1.87953517257336e-08,1.89603473387126e-08,2.28252169093301e-08,2.56884741826208e-09,2.28287707071309e-08,2.45015811258512e-08,1.38125519107495e-08,1.48794247258536e-08,6.95975235498342e-09,2.23816375939374e-08,7.19917198196165e-10,-1.62870504405398e-09,2.44257452789956e-09,2.31329395378386e-09,-5.33942297728747e-09,9.22308603957313e-09,-8.96628766017272e-09,1.31491566167919e-07,-5.75729291685637e-08,-3.11207549931351e-08,-2.93978794875976e-08,-9.508608715363e-08,2.72191019853269e-07,-5.39356013145828e-08,9.98680547883183e-08,-6.48194671375905e-08,1.14715565810866e-09,-2.30880163707261e-08,-5.58597121635127e-08,4.25598871213112e-08,-2.12392254767966e-08,5.2358040639552e-08,-2.32242198973046e-08,1.34205203224401e-07,1.54347080203218e-09,9.04961399537874e-10,1.31546068430861e-09,7.39209382314939e-10,8.44606573115438e-10,3.49459983561664e-10,7.86123864223792e-10,5.21542130547184e-10,4.60570441102883e-10,1.16387461733018e-09,3.90360941636244e-07,3.20945453509124e-07,-1.6706183010514e-07,1.65549632890275e-07,-6.14733204364221e-09,-1.60452616949594e-07,3.44817587277919e-09,2.3273339046189e-07,-7.42576334486177e-08,2.42364355880592e-08,-4.30832451693393e-10,7.82531115451551e-07,-4.48410273388593e-06,-3.055461964821e-06,5.34021599574227e-07,-7.30699619259916e-08,-4.27317959276298e-07,-1.64191011278468e-07
"north_west","p_NC_25_49",9.70670952570336e-09,-4.09569763208985e-06,6.47695380447771e-09,-1.92246670842817e-08,1.39598364587032e-08,6.49709939806848e-09,-4.47468590506285e-09,8.09151796935032e-09,6.75373081301981e-09,7.42411066252898e-09,3.89032078664106e-08,3.74095075783049e-09,1.04714695826464e-08,-3.94762191191795e-09,4.86949211455688e-08,2.22852955411671e-08,3.55419561846154e-08,1.86573963392518e-08,4.07763117621191e-08,1.63384270934824e-08,2.01958793781889e-08,3.81536069594661e-08,3.12142821718579e-08,3.38310723094804e-08,5.35498565113609e-08,3.05649289510602e-08,3.12965987501706e-09,5.61000258098622e-08,4.48812842177924e-08,1.21054361555691e-08,2.0129577402273e-08,1.92976815334331e-08,2.80305016093524e-08,6.35026934783144e-09,-2.39985630506595e-09,7.41558859551453e-10,5.64966186096965e-10,-4.75819841784e-09,1.12682844320995e-08,-1.07563163477238e-08,-4.95733759406669e-08,1.43565475068655e-07,2.81495454170264e-07,2.93536227159375e-08,-4.16610063636749e-07,5.45267673594752e-07,-2.93649707379635e-07,1.32886047098825e-07,-3.41717104568604e-08,-2.83846437030155e-08,1.68744646699736e-08,6.54819612773402e-08,-2.04239972841158e-07,2.37625932472468e-08,1.30690636380358e-07,-6.22631813918706e-08,3.51978898779986e-07,9.04961399537874e-10,3.89370366668915e-09,2.60150797370109e-09,9.44496905762534e-10,2.06576376878765e-09,5.06776143463784e-10,8.78169549566849e-10,7.05306970626145e-10,7.22606544815101e-10,-7.31391996946496e-10,-7.60818085184075e-08,-1.16546757510968e-06,1.48829709457697e-06,1.40064610787438e-06,-4.41607662223596e-07,-1.85439795547133e-07,3.56496380016191e-07,5.98506452227698e-07,-1.11889060805003e-07,9.91631103954024e-08,-1.4492939310319e-09,2.67691902187482e-07,3.10460902632214e-05,-3.14824177356838e-06,7.84279533842203e-06,-2.26061800754086e-07,-8.79908259698391e-07,-9.06743132339989e-09
"north_west","p_NC_50_64",3.52357060254719e-08,-1.07916824087234e-05,5.27831587856789e-08,-7.44586718424585e-08,4.88735160198798e-08,2.65761559250205e-09,-4.21840973405591e-09,2.27576636753888e-08,1.22018915499503e-08,3.25282678363043e-10,7.61401250917278e-08,8.91909987237202e-09,2.00561716795876e-08,-1.57334365750935e-08,1.02160498094876e-07,-1.34284787876592e-07,8.63583314352511e-08,5.03740278891155e-08,9.61310508821865e-08,5.3847677111524e-08,5.53969095293032e-08,8.6973230197163e-08,8.78682370056446e-08,9.2055375937201e-08,1.09588783797077e-07,9.19437265953727e-08,1.49176659128268e-08,1.31158456394132e-07,1.12541554486592e-07,9.03890202102312e-08,6.49851019956902e-08,7.28548150584811e-08,9.54619847407964e-08,6.42445391510394e-08,-8.2771651103703e-09,1.67857510661357e-09,1.60969540115182e-09,-1.21087393197902e-08,1.68061722011396e-08,-1.55358379997811e-08,-2.65529139614775e-08,6.10757794456311e-07,8.46524151577203e-07,3.8380634124887e-07,-9.02386435304195e-07,2.09141839429747e-06,-1.25359041676812e-06,2.17940526614401e-08,-1.84680676413396e-07,1.9550084968698e-08,8.36807972035918e-08,3.86019608941949e-07,-1.68324059047285e-07,-6.32196145344418e-08,2.31165186412942e-07,-1.71711825055602e-07,1.00522803220457e-06,1.31546068430861e-09,2.60150797370109e-09,7.87828777100736e-09,1.81650774735588e-09,1.7029999916355e-09,1.21634898145402e-09,2.0574673020118e-09,1.5870641287935e-09,2.17349203842565e-09,-2.00226772762087e-09,4.06754208608006e-07,-2.92095116145738e-06,1.80003975663176e-06,3.59229344236157e-06,-1.37121915838143e-06,-2.95540825654823e-07,7.88767429528687e-07,2.05545155519109e-06,-7.2147822924633e-07,1.62679319369735e-07,-2.6823700088253e-09,2.08912993825395e-07,4.0866778135063e-05,-2.42287023317965e-05,1.78762181690096e-05,-5.03020214091475e-07,-2.64766105210784e-06,-8.36046892355712e-07
"north_west","p_NC_65_79",-2.71524833594408e-09,-2.45237074171407e-06,3.80244439786513e-08,-2.41726723055177e-08,4.20810375110848e-09,1.39749350132502e-09,4.90735831695996e-10,7.43348374616127e-09,3.64416903584398e-09,1.5133475768258e-09,1.62398990027088e-08,5.14384035378731e-09,5.43762035260716e-09,5.70721966109227e-11,8.50026913798478e-09,-4.68741634086133e-08,6.06948752247633e-09,1.0482668946521e-08,9.78612723962397e-09,1.69912652681941e-08,7.81067908566497e-09,1.43473190582068e-08,1.70879850478152e-08,2.06692048407356e-08,1.4680761149622e-08,2.15050751613067e-08,5.43947843897406e-09,2.16920336065739e-08,2.49160802553848e-08,4.32504706665906e-08,2.08984436394354e-08,3.09164121667239e-08,3.07025300838789e-08,4.44551554425991e-08,-2.87266075680515e-09,1.80485451931882e-10,7.46298778870923e-09,-1.19866553495811e-08,1.10809102015836e-08,-4.74940825317276e-09,1.16675628027469e-07,1.62629815725263e-07,2.32961911354943e-07,1.50490740437449e-07,-1.88092839258268e-09,4.98928122085065e-07,-4.91415746102902e-07,-4.4379406940206e-08,-6.73492762525406e-08,1.26209999825064e-08,2.84944553883037e-08,8.35580836960573e-08,-6.98012898437882e-08,-3.5542492791525e-08,5.39231615810668e-08,-5.39874414603077e-08,1.9950913753356e-07,7.39209382314939e-10,9.44496905762534e-10,1.81650774735588e-09,1.76426057695718e-09,6.08908309438358e-10,3.24998770713629e-10,1.00283166598565e-09,8.96381216300501e-10,8.03413161105862e-10,1.17693498447709e-09,3.53598854040537e-07,-5.9299847299245e-07,-4.21482059721437e-07,2.72869139535001e-07,-2.890658776977e-07,-3.63712148294045e-07,1.87519696910195e-07,7.18593227275459e-07,-2.7708563799287e-07,2.25582063310107e-08,1.030525605813e-10,2.59884754576602e-07,-1.03322075830322e-05,-1.3818592952134e-05,1.09089011051399e-06,-1.52078720594157e-07,-2.8318660791379e-07,-7.40962385859657e-07
"north_west","p_NC_80_plus",-4.58707178307371e-08,-3.55128351144033e-06,1.02057177033e-08,1.25555624472599e-08,2.18479989060132e-08,6.34039502114508e-09,-1.13160604643445e-08,1.25138117724065e-08,8.56684461796357e-09,9.89446729844422e-09,3.53510104978223e-08,7.8048477004674e-09,8.236677726791e-09,1.19503718151447e-08,5.76162381509031e-08,5.5650300085573e-08,-8.24691795614766e-10,-7.59131613994155e-09,-8.5035760657346e-09,-2.81203594051371e-08,-6.8534780040332e-09,-1.29128564978962e-08,-4.4241362459945e-09,-2.92760043681191e-08,1.44494060868426e-08,-3.20336435451659e-08,-2.07426833802474e-09,5.19793547910923e-09,-2.57154364305683e-08,-6.74397922062923e-08,-3.3086286050877e-09,-2.81274274708895e-08,-1.63342259956006e-08,-4.55295457424018e-08,5.54594588093035e-10,-3.22903232713965e-09,6.65711354371299e-09,-1.08876390100292e-08,2.05357304900928e-08,-1.37714834928e-08,-2.83732814449189e-07,4.4584444568691e-07,1.33616440289679e-06,4.79170870945532e-07,6.38880287822089e-08,-7.97543046171524e-07,3.67295585931916e-07,2.83493510091021e-08,3.21269971641715e-07,-1.42267865714651e-07,3.57237831805084e-07,-1.48062534266326e-08,-1.69549171897797e-07,1.49435862982985e-07,7.24227924170691e-08,-1.04183448130543e-08,1.87745013941636e-08,8.44606573115438e-10,2.06576376878765e-09,1.7029999916355e-09,6.08908309438358e-10,1.41896917309735e-08,4.41704743407294e-10,-1.26531113282177e-10,1.04915970841142e-09,7.87654930614713e-10,-2.12232120128613e-09,-1.16474686005749e-06,-4.57474332136937e-06,1.79496560291739e-06,6.61401512556962e-07,-2.52770284262066e-07,-1.23921545735159e-07,1.11535280280202e-07,-5.22174024109173e-07,4.25524582462857e-07,1.64073338121833e-07,-2.71893268872943e-09,-1.78079993547407e-06,0.000107476266723788,1.7658294062413e-06,1.20836065985328e-05,-2.49784560961241e-07,1.04645774588971e-06,4.21671882720134e-07
"north_west","p_NC_weekend_15_24",6.39713567980271e-09,-1.54576728799861e-06,1.95321193344692e-09,-9.86166737687307e-09,9.41901479354486e-09,-1.26090707689802e-09,-1.45725862520034e-09,5.44244266736138e-09,1.70126209603706e-09,2.17716780187654e-09,1.23304088145604e-08,1.90192606512364e-09,3.68428961164037e-09,-3.09464048992364e-09,1.88205007155773e-08,-3.63957599361375e-08,1.81243786221842e-08,1.09299140536247e-08,2.09702747508118e-08,1.15229433723872e-08,1.07714676666136e-08,2.01809230383088e-08,1.76829936630407e-08,2.13303497075922e-08,2.19546514888127e-08,2.19937680634028e-08,1.7795153456038e-09,2.75637413218441e-08,2.76575008217816e-08,1.7021662251761e-08,1.36217465457298e-08,1.19392654893816e-08,1.91386864961006e-08,1.24011687671658e-08,-4.86020117087117e-10,-1.51355131523401e-09,2.50518277263789e-10,3.12556127557014e-10,-2.68516898305732e-09,2.07782327110331e-09,2.23536646499227e-08,5.35674917044208e-08,5.70988308671295e-08,5.17813003570474e-08,-1.98011377650122e-07,2.96359431209349e-07,-3.15435621541613e-07,-4.32030544225819e-10,-5.76696924018232e-08,3.61904492068626e-09,3.01962590544902e-10,5.86964027580172e-08,-1.7440495898675e-07,4.95323806675468e-08,7.10935587251576e-08,-3.85723187765584e-08,3.848304050943e-08,3.49459983561664e-10,5.06776143463784e-10,1.21634898145402e-09,3.24998770713629e-10,4.41704743407294e-10,1.13316618183148e-09,3.94518027820376e-10,2.02588897376033e-10,3.91707973802539e-10,4.2357486909712e-11,1.78384461040924e-07,-2.51164014003861e-07,-1.46616857325555e-07,7.53946173249516e-07,-2.82416440501503e-07,-9.05600144171312e-08,3.50285584171786e-07,4.88733066824185e-07,-1.34126605155728e-07,1.18816294280093e-08,-2.06713451060364e-10,6.5334930878699e-07,4.89286476051315e-06,-2.70803642525108e-06,2.88182371275025e-06,-9.58863566244058e-08,-5.75479056092084e-07,-1.33896336175613e-07
"north_west","p_NC_weekend_25_49",-1.00207092904418e-08,-3.87895921233174e-06,7.41468887488733e-08,-2.95828150106496e-08,4.08902030061747e-09,2.56161948539744e-09,2.63480510378406e-10,8.08189381767832e-09,-5.88537504571071e-10,2.92750262651464e-09,1.03434504106876e-08,4.36143703475294e-09,3.54511262369849e-09,3.69733459973203e-10,5.98487119637798e-09,-5.30534804924162e-08,6.30891315391082e-09,1.16934077870831e-08,1.30174958198147e-08,1.45992048918652e-08,1.35410167665461e-08,1.32174935847862e-08,2.43280886222848e-08,1.96593115646377e-08,1.8312674131177e-08,2.33951371781908e-08,6.90926756459474e-09,2.48187102487468e-08,2.78477035694243e-08,4.08173032587229e-08,2.24566510055033e-08,2.79402646819026e-08,3.47800981440307e-08,4.26534196211138e-08,-3.0639434878994e-09,6.52616136448072e-10,1.07498901601e-08,-1.76891207031863e-08,1.88383797058541e-08,-1.0434918863542e-08,-1.00456496296883e-07,1.13535594436968e-07,2.14754717683288e-07,1.67078591054563e-07,-1.83290652658621e-07,7.82357466957451e-07,-4.04044971703002e-07,-4.20245364492664e-08,-5.83482351107272e-08,3.72049527434089e-08,4.22521612752379e-08,9.58287490764804e-08,3.43970099117636e-07,2.30164779813907e-08,4.45081124441155e-08,-7.18783374622935e-08,3.66479150138117e-07,7.86123864223792e-10,8.78169549566849e-10,2.0574673020118e-09,1.00283166598565e-09,-1.26531113282177e-10,3.94518027820376e-10,2.99222436389009e-09,1.07121149219019e-09,1.05716608501688e-09,1.67938035333046e-09,6.6220692678579e-07,-8.87053336250269e-07,2.78080646566649e-08,8.53894159337278e-07,-3.97689632182708e-07,-4.11616658304891e-07,-1.2537840356832e-07,1.04213220868629e-06,-3.22823527059145e-07,-4.74318580871558e-09,-6.5265242486944e-11,1.287770921331e-07,-1.7275944920797e-05,-1.30403857199046e-05,1.14634805754366e-06,-9.44181630059862e-08,-4.29308678543749e-07,-6.79771565405843e-07
"north_west","p_NC_weekend_50_64",-1.11685222646896e-08,-2.50634882177315e-06,3.64133787679259e-08,-2.73598860543923e-08,6.31378635378946e-09,3.01971792462459e-09,-3.7208420247954e-09,9.22903275869437e-09,4.55695251834864e-09,-1.09353624422522e-09,1.85889385688335e-08,5.38339685899171e-09,5.11925489707539e-09,2.74617929716634e-09,1.04955943888893e-08,-4.51447583317436e-08,6.27822054411146e-09,7.6222848618263e-09,1.17823674282217e-08,8.31906868184587e-09,9.36702778397859e-09,9.26711440795941e-09,1.8215516568482e-08,1.29853632236378e-08,1.64573289953414e-08,1.55446082865107e-08,5.50746140215334e-09,1.9422370065145e-08,2.1962124059346e-08,3.09986174691661e-08,1.98944895678218e-08,2.17718988409552e-08,2.95667869169823e-08,2.62287257468777e-08,-2.74130351919732e-09,5.36483682405976e-10,7.27807463892296e-09,-1.33081213301202e-08,1.49941807679588e-08,-8.19621458666266e-09,5.69549388844705e-08,2.94267448965247e-07,5.43712542623972e-07,2.45031441098003e-07,4.04568831999671e-08,3.12201872192285e-07,-3.70900704615339e-07,-1.0171586537629e-07,-2.73799135145007e-08,-1.82394934139496e-08,7.60158311601191e-08,9.33588182030633e-08,8.43653188279624e-08,-7.44740863135719e-08,3.41594456734295e-08,-3.78385328204193e-08,3.31512727583241e-07,5.21542130547184e-10,7.05306970626145e-10,1.5870641287935e-09,8.96381216300501e-10,1.04915970841142e-09,2.02588897376033e-10,1.07121149219019e-09,1.67605974598319e-09,8.89516130258893e-10,3.40159317922794e-10,2.59413812371401e-07,-1.55905661688424e-06,1.05399671015897e-07,3.02040888208848e-07,-2.18385874225794e-07,-3.96712335829007e-07,1.70048487697296e-08,4.6180724284682e-07,-1.62690045290681e-07,1.74481405047105e-08,3.83902728632791e-11,-4.32355639715944e-07,-2.08722475967152e-06,-1.12102395896641e-05,1.9764428901877e-06,-1.59670103511433e-07,-1.91541460456088e-07,-5.94068742632288e-07
"north_west","p_NC_weekend_65_79",-8.11738929308545e-10,-3.90062508221873e-06,3.03045211748935e-08,-3.09839050776161e-08,1.55464665896124e-08,4.86576375935428e-10,2.50517641809267e-11,1.01471678548405e-08,5.43161515685492e-09,-1.27530206071032e-09,2.68476050342408e-08,5.44730416326753e-09,7.58323112887012e-09,-2.28177755285543e-09,2.88786865852291e-08,-5.63828443125518e-08,1.94927001446297e-08,1.58227121240796e-08,2.46406797712954e-08,1.45554704926622e-08,1.86194092398184e-08,2.1378279529009e-08,2.83584804271177e-08,2.69792251104376e-08,3.05938256215068e-08,2.798348125685e-08,6.20130255947935e-09,3.63955008985928e-08,3.66919130285239e-08,4.23100697724413e-08,2.64635094653694e-08,3.09556917903302e-08,3.79439842587515e-08,4.01495653451084e-08,-3.44985079061439e-09,-8.35121071201852e-11,5.18430612914072e-09,-1.064320974819e-08,1.24014561164443e-08,-7.26834281567989e-09,5.97271041248696e-08,3.27721051983082e-07,4.79978200733177e-07,2.1978080819353e-07,-1.6827169098502e-07,6.44290023071179e-07,-4.69432813148205e-07,-8.18084445712899e-08,-9.08789863272237e-08,-1.2845453181115e-09,4.77872091140783e-08,1.65350659031599e-07,6.14380239087196e-08,-5.91225937245817e-08,6.84719829805977e-08,-6.25410205052694e-08,3.82720482828571e-07,4.60570441102883e-10,7.22606544815101e-10,2.17349203842565e-09,8.03413161105862e-10,7.87654930614713e-10,3.91707973802539e-10,1.05716608501688e-09,8.89516130258893e-10,1.424195305528e-09,6.88152501612887e-12,3.0886497293402e-07,-1.51034485983602e-06,4.2026349095784e-07,9.11324221904846e-07,-5.32385609480034e-07,-2.33231777247014e-07,1.44438748089606e-07,7.82016823143382e-07,-2.79397178039743e-07,2.48480726092143e-08,-2.116816750724e-10,-4.95280117862267e-07,7.59453400153944e-06,-1.31805446518654e-05,5.43595557854942e-06,-2.13697600660408e-07,-6.38075778856443e-07,-6.14910205285122e-07
"north_west","p_NC_weekend_80_plus",3.56389202981633e-08,6.80422838059793e-06,-8.68763955507683e-09,2.35602511397782e-08,-5.35810953302022e-08,1.88157124343251e-09,1.85493070875172e-08,-1.52123903347357e-08,-1.32956273289069e-08,1.6258215047445e-08,-7.06548034967667e-08,-8.30893647267118e-10,-1.06921787720615e-08,3.38554424243895e-09,-1.09055902955662e-07,-8.29713770245053e-08,-4.87075919717005e-08,-1.92096223801206e-09,-4.98437999214325e-08,2.71787231816141e-08,-1.21430907554382e-08,-1.6650220621332e-08,-1.10342173734895e-08,-2.53160742529183e-09,-5.35414120213735e-08,2.36060040449497e-08,2.09719492774217e-09,-5.17024018041242e-08,7.08628922857253e-09,9.32704762848447e-08,3.65098943297427e-09,3.57065055932675e-08,2.0834047405306e-08,6.75807633526363e-08,-8.97090374129921e-10,1.41458447716077e-08,-3.43770705625122e-09,2.86433220513443e-09,-8.52343355235011e-09,1.69647973797834e-08,1.03348933282603e-06,-1.11818480245635e-06,-3.13909230600571e-06,-7.45378302905472e-07,5.43840743784558e-07,1.18783873870851e-06,-3.89306226794462e-07,4.10724846851043e-07,-3.77700370436698e-07,2.13818416961949e-07,-4.67734448032463e-07,-4.58673050839758e-07,5.46603738662589e-08,-2.02354246261592e-07,-1.87115760856293e-07,7.81223415329025e-08,-2.22950096303616e-07,1.16387461733018e-09,-7.31391996946496e-10,-2.00226772762087e-09,1.17693498447709e-09,-2.12232120128613e-09,4.2357486909712e-11,1.67938035333046e-09,3.40159317922794e-10,6.88152501612887e-12,1.51882703622903e-08,1.68775954940494e-06,9.83638652150626e-06,-6.72625321592426e-06,-3.36304899823778e-06,1.07672454773159e-06,-3.14133696020845e-07,-5.11203711416309e-07,-1.44309556631272e-07,-2.05649380326367e-07,-2.78919702162314e-07,3.66362720927162e-09,3.05279595571789e-06,-0.000155934428039444,-9.04531663392589e-06,-2.99249603914262e-05,3.8725933005188e-07,3.74414231657253e-07,-1.42141993705942e-06
"north_west","p_W_D",3.85683097391517e-05,-0.000487953111142545,7.52007394390894e-06,-1.11070758138125e-05,-5.02489384497545e-06,-1.14027794618485e-07,9.10778525713598e-06,-5.44318117881184e-06,1.50298247343805e-06,1.28751885414957e-06,-4.92207857450958e-06,-2.09239101042834e-07,1.46347455734384e-06,-8.75630523121212e-06,-5.47733727444738e-06,-7.74462667619212e-05,2.34984572578826e-05,1.97457670921806e-05,2.5155710332986e-05,2.94188082704512e-05,2.21401834846111e-05,2.75891612661978e-05,3.32217455096792e-05,3.34964657255065e-05,2.65075033256146e-05,4.61070699311418e-05,4.95462450436318e-06,2.95110142917834e-05,4.63266667008067e-05,6.22474998210427e-05,2.1159280727579e-05,2.67929037522948e-05,4.2656820416026e-05,2.34306908851736e-05,-2.62507597409976e-06,5.55202286394944e-06,-5.09891669188463e-06,4.5767120297165e-06,-6.21975202084796e-06,4.08350196353404e-06,0.000326508680607953,-0.000300693902419427,-0.000822889502533776,-0.000288201669258523,-0.000117061160435816,0.000833446707849714,-0.000476398001976094,9.61682938224122e-05,-0.000248728850665906,0.000104710462490699,-0.000225935979060837,-5.82691208579515e-05,8.33583166058818e-05,-6.18745649814312e-05,-1.1328756636097e-06,-1.22386572837931e-05,-0.000119969648966342,3.90360941636244e-07,-7.60818085184075e-08,4.06754208608006e-07,3.53598854040537e-07,-1.16474686005749e-06,1.78384461040924e-07,6.6220692678579e-07,2.59413812371401e-07,3.0886497293402e-07,1.68775954940494e-06,0.00218812639453863,0.00271639026675457,-0.000933023123676216,-0.000208192202115096,0.000111329637138218,-4.02231321664512e-05,-5.11238180884604e-05,0.000485814356282051,-0.000241951924215917,-4.63335236392068e-05,3.957115355778e-07,0.00138409482996771,-0.0499607801389669,-0.00578949144287811,-0.00619286040510452,1.29817590307457e-05,-0.0012180625909358,-0.000451404814701845
"north_west","rel_p_D_alpha",0.000199743846764164,0.00987189241838445,-0.00017213666272259,7.12446514971086e-05,-5.4503514320156e-05,-2.21174251286237e-06,3.8819527216612e-05,-4.48318666056239e-05,-4.14104978101857e-06,1.17362263238448e-05,-6.01211544842245e-05,-1.38950133812687e-05,-3.58631926609135e-06,-4.23744746114272e-05,-8.03248262847489e-05,-0.000230440926659374,5.52212073902923e-05,5.70942831888268e-05,5.10830970952482e-05,0.000106839165363592,4.82035109668589e-05,8.46566810791253e-05,6.82879629106031e-05,0.000109187398078231,2.89547342254062e-05,0.000158082336062597,1.52478151103067e-06,4.4159617924966e-05,0.000134228312447524,0.000187587376271852,2.14033474968997e-05,6.11613201591781e-05,8.80791141979662e-05,2.75650288136756e-05,-3.2108225751648e-06,3.64911397793466e-05,-6.49136289499349e-05,7.9342314665294e-05,-9.09565724839752e-05,5.6990348407331e-05,0.002064341002828,-0.00247098080627477,-0.00771730975322293,-0.00245283121592303,-0.000447921291235664,0.00334471976254122,-0.000888152759124536,0.00099233865464986,-0.000874411511656286,0.000464441093600195,-0.0014357038749182,-0.000728741727755332,-0.000655933399932766,-0.000438886663798293,-0.000265140940413421,0.000104251608000461,-0.000562826724596997,3.20945453509124e-07,-1.16546757510968e-06,-2.92095116145738e-06,-5.9299847299245e-07,-4.57474332136937e-06,-2.51164014003861e-07,-8.87053336250269e-07,-1.55905661688424e-06,-1.51034485983602e-06,9.83638652150626e-06,0.00271639026675457,0.0231138913738056,-0.0089040934747429,-0.00348233481165195,0.00131710282324703,0.00123730050756761,0.000151512767321235,2.37316484795065e-05,-0.000591502481238191,-0.00036374472923438,3.02683751152685e-06,0.00667281013114101,-0.237665799147719,0.0116032261810552,-0.0442645940223798,0.000477640407411856,-0.00379529463724768,-0.000616188669352468
"north_west","rel_p_D_delta",-1.41110406592691e-05,-0.00658849417106378,9.51627932251287e-06,-2.41326021007424e-05,2.48407744452391e-05,7.81006750483781e-06,-1.66153560809819e-05,1.56844704832392e-05,3.53333643606557e-06,2.66231066470949e-06,4.68961824942744e-05,1.01287555205832e-06,8.25456442676747e-06,5.00729844293769e-07,9.60213865207714e-05,0.000129338163795726,4.08525915071095e-05,3.89159500535659e-06,3.87019917552284e-05,-1.90618304289708e-05,1.52432339283552e-05,1.88854843467723e-05,1.22793796941272e-05,4.96018454243664e-06,5.31547151382437e-05,-1.61239086763582e-05,2.22551984861416e-06,5.21885429830048e-05,1.35912443432023e-06,-8.86295562845896e-05,-2.50047337409439e-06,-3.56768729250197e-05,-1.35919381803682e-05,-7.46216505131677e-05,-3.07868492147498e-06,-8.99070142769975e-06,1.70069104583693e-05,-2.42559422229383e-05,3.84853182657801e-05,-3.35472216053438e-05,-0.000697809177504095,0.000916602770211742,0.00312964322342244,0.000364779367016668,-0.000508346708185313,-0.000844023162895524,0.00037913675591133,-0.00011186803222427,0.000302091187660066,-0.000157478787760316,0.000332215470695805,0.000338314051972357,0.000129652935952544,2.83976516472999e-05,0.000181539862475419,-6.82608289724178e-05,0.000444384905623609,-1.6706183010514e-07,1.48829709457697e-06,1.80003975663176e-06,-4.21482059721437e-07,1.79496560291739e-06,-1.46616857325555e-07,2.78080646566649e-08,1.05399671015897e-07,4.2026349095784e-07,-6.72625321592426e-06,-0.000933023123676216,-0.0089040934747429,0.00912908166730098,0.00241971657719164,-0.000726164427570064,2.26433515976674e-05,7.04115202376623e-05,0.000151240001899871,0.000131858564920298,0.000244612084760844,-3.45328611726969e-06,-0.00244245434028104,0.132554277391158,0.0129799216213057,0.0203899463705834,-0.000274249690691688,-0.000363637061592198,0.0013971264913162
"north_west","rel_p_D_omicron",1.78155888788458e-05,-0.00850296045040014,2.62318913584059e-05,-4.97310813366701e-05,4.10141396212975e-05,-1.63815481651209e-06,-7.17694622906244e-06,1.58135938728474e-05,5.64736833129003e-06,-3.22171332315605e-06,4.88979335282411e-05,2.79947301970976e-06,1.02591793435027e-05,-9.47229106607529e-06,8.27997669374944e-05,-6.10365561507463e-05,6.19252493128162e-05,2.45708473894705e-05,6.53722071701814e-05,2.32952381327618e-05,3.3112534360775e-05,4.99364038326434e-05,4.87890386193952e-05,4.86712720269139e-05,7.00642376309254e-05,3.98454328164416e-05,7.48779687869531e-06,8.65582770022981e-05,5.25337370704191e-05,1.63916558972729e-05,2.8104568783645e-05,3.02628795030551e-05,3.2279058704571e-05,3.22307454274535e-05,-3.63909786214105e-06,-5.53620792678935e-06,1.35437513415861e-06,-4.41454405130766e-06,6.49108032356661e-06,-9.18990841133476e-06,-0.000604289271609717,0.00031155915624345,0.000951943677498632,0.000347551692832079,-0.00108819347541214,0.00100892648389629,-0.000597469348164734,-6.62852798761827e-05,-9.40788222255387e-06,-6.03654097851155e-06,0.000153325833945409,0.000386105017402131,-2.01397516054637e-05,0.000189474877276982,0.000178197745829055,-0.000127061989934107,0.000608540853476901,1.65549632890275e-07,1.40064610787438e-06,3.59229344236157e-06,2.72869139535001e-07,6.61401512556962e-07,7.53946173249516e-07,8.53894159337278e-07,3.02040888208848e-07,9.11324221904846e-07,-3.36304899823778e-06,-0.000208192202115096,-0.00348233481165195,0.00241971657719164,0.00411828165448262,-0.00124474723984332,8.17311661870948e-05,0.000575560397305099,0.00141643594703824,-0.000409365352218815,0.000150262111717814,-1.54658843061069e-06,0.00108973905027429,0.0646945903648661,-0.0091166551874961,0.0177389310016021,-0.000292605868216457,-0.00164575814952219,0.000109076711603123
"north_west","rel_p_H_alpha",-2.08411890713473e-06,0.00333405456728726,-2.08996651207901e-05,2.37356977650369e-05,-1.46651979978536e-05,2.65273955310828e-06,1.60361432200826e-06,-5.87474397638306e-06,-4.43709351934925e-06,2.92679120187924e-06,-2.32460721127151e-05,-2.07550584042507e-06,-5.72438827295244e-06,4.5880846598098e-06,-3.0531238082047e-05,3.33227850346602e-05,-1.99337013182153e-05,-1.08900699133787e-05,-2.02357224764544e-05,-1.24581893859882e-05,-1.09499668196332e-05,-1.82645046543434e-05,-1.70602580024596e-05,-2.1947098046965e-05,-2.40557818517342e-05,-1.43556540046233e-05,-3.39201640064116e-06,-3.18830654190068e-05,-2.1146784705014e-05,-2.07920285367566e-05,-1.42467414941102e-05,-2.21788464850024e-05,-1.757638940946e-05,-2.70759541167705e-05,2.43714824774708e-06,2.43928313016701e-06,-2.79266889208647e-06,6.58101233047173e-06,-3.64585182377548e-06,2.29081523895479e-06,0.000151703160088571,-0.000180086234596428,-0.000434562755447359,-0.00015947249285894,0.000288975979087627,-0.000438687419498441,0.000258415168207831,7.50675308190727e-05,4.2178211093468e-05,3.30621856597274e-06,-4.93440572000207e-05,-0.000296010246007043,-0.000152861718206803,-7.50945261340713e-06,-7.98270201471059e-05,6.37444914700506e-05,-0.000286931578085527,-6.14733204364221e-09,-4.41607662223596e-07,-1.37121915838143e-06,-2.890658776977e-07,-2.52770284262066e-07,-2.82416440501503e-07,-3.97689632182708e-07,-2.18385874225794e-07,-5.32385609480034e-07,1.07672454773159e-06,0.000111329637138218,0.00131710282324703,-0.000726164427570064,-0.00124474723984332,0.00108656522136747,-0.000242805450139667,-0.000178562032603111,-0.000922514756569215,0.000414792497290577,-4.52720448384838e-05,7.18126821548062e-07,-0.000215896008831691,-0.0215923346601888,0.00838341612338946,-0.00695812636517161,0.000172363298818848,0.000544347625149031,0.000238093467630735
"north_west","rel_p_H_delta",1.20559168741281e-05,0.000485325137373502,-2.41441187401429e-05,9.31085766299233e-06,-2.58128567338711e-07,-1.98494439053007e-06,2.51903557242909e-06,-3.07686256677515e-06,-1.11189498278955e-06,-1.66447266052798e-07,-3.96517826013855e-06,-2.35812163291201e-06,-2.75384926444744e-07,-4.30187949981784e-06,2.50365973780785e-06,-1.79762922992026e-06,7.04258285540582e-06,2.78213039275352e-06,5.17196037854018e-06,4.00263948634436e-06,2.21752208535735e-06,5.6454552933029e-06,1.16024372124151e-06,5.6067190057819e-06,2.50122148013014e-06,4.77972563605656e-06,-1.64069799121972e-06,4.39437520894208e-06,3.48681122055182e-06,-1.04068847192955e-06,-4.11135355321089e-06,-3.08228844496041e-06,-2.04884123991189e-06,-1.02791317712242e-05,7.59978302923375e-07,1.13646541125996e-06,-5.8404898473668e-06,7.93600969319643e-06,-9.26183265845404e-06,5.82158375235716e-06,5.16209882891764e-05,-0.000187032336552742,-0.000403104778034891,-0.00018311013904047,-0.000128509310277082,0.000174846841045507,6.01579668152715e-05,7.98589411555371e-05,-3.53275184342157e-05,2.29279518378309e-05,-7.6319127941727e-05,-2.34906292315475e-05,-0.000140416939199763,-5.1714537290825e-06,-4.29877004058465e-06,1.22719140928223e-05,-4.01033092712706e-05,-1.60452616949594e-07,-1.85439795547133e-07,-2.95540825654823e-07,-3.63712148294045e-07,-1.23921545735159e-07,-9.05600144171312e-08,-4.11616658304891e-07,-3.96712335829007e-07,-2.33231777247014e-07,-3.14133696020845e-07,-4.02231321664512e-05,0.00123730050756761,2.26433515976674e-05,8.17311661870948e-05,-0.000242805450139667,0.000543228379773355,5.85656908056436e-05,-1.97253913500067e-06,-0.000124587312292154,-3.15492542356619e-06,-1.40157782746543e-07,0.000381961450733663,-0.00178901981566064,0.00408965089459571,-0.00100679180351123,5.14015508502437e-05,-0.000273638629218295,0.00021292360690906
"north_west","rel_p_H_omicron",1.64672956644957e-05,-0.00089423611429236,-8.97651943979174e-06,-9.65462083998731e-06,8.47421067469506e-06,-1.66191587643237e-06,-8.50740694715211e-07,4.65026134242761e-06,1.83101956396374e-06,3.03537804888449e-06,1.28526575155222e-05,1.2997659603655e-06,4.12190320555928e-06,-5.21083360986775e-06,1.88693309179072e-05,-3.30187373077731e-05,1.88019663010257e-05,1.05350893169651e-05,1.95818931873698e-05,1.47222010973856e-05,1.00451683329586e-05,1.96574617349805e-05,1.47404241602386e-05,1.91083775533181e-05,2.40795711440275e-05,1.7491665838039e-05,1.24406383753214e-06,2.72707763445082e-05,2.66109061501194e-05,1.87596288019238e-05,9.99861316925086e-06,1.16451434390473e-05,1.39455375603473e-05,1.38388177270448e-05,-3.95379146117929e-07,-1.24027883747418e-07,-4.42117012863389e-06,4.86623318167609e-06,-6.47862843537378e-06,4.54384975352068e-06,5.6958287726731e-05,4.11203313049274e-05,-6.42008736736041e-05,-2.83824160811748e-05,-0.000193924443148799,0.00019666070391206,-0.000299521721061092,1.19554800512491e-05,-3.53017569455869e-05,1.53345316199849e-05,-5.23714094130758e-05,4.13458505124307e-05,-0.000899553192405535,-9.67900706273522e-06,4.93600741117326e-05,-2.92048480226491e-05,8.20268903518857e-05,3.44817587277919e-09,3.56496380016191e-07,7.88767429528687e-07,1.87519696910195e-07,1.11535280280202e-07,3.50285584171786e-07,-1.2537840356832e-07,1.70048487697296e-08,1.44438748089606e-07,-5.11203711416309e-07,-5.11238180884604e-05,0.000151512767321235,7.04115202376623e-05,0.000575560397305099,-0.000178562032603111,5.85656908056436e-05,0.000916939586496392,0.00043491316914718,-0.000148969181459324,2.97391221746986e-05,-1.61478086335639e-07,0.000703288372979298,0.00436345349012255,-0.000863975877607538,0.00214744942369819,-0.000101487686183902,-0.000601251864832058,-7.59511840552164e-05
"north_west","rel_p_ICU_alpha",3.35236314147937e-05,-0.0043656933241955,3.06323306778963e-05,-4.26618694175754e-05,1.56932117088348e-05,-2.32678152836615e-06,8.37398078354566e-07,9.59736700643192e-06,4.5565543908197e-06,-2.45337447369623e-07,3.07140972297765e-05,3.4050253670353e-06,9.28560670179724e-06,-1.19980187928613e-05,3.57505857531618e-05,-0.000107173202006509,4.30400715854818e-05,2.85588579257892e-05,4.80582108695788e-05,3.93528745157205e-05,2.91562025044519e-05,4.65189166527378e-05,4.61982077911776e-05,5.52281541372239e-05,5.04857547054812e-05,5.59133544836548e-05,8.18091003776953e-06,6.35138925775707e-05,6.62683038020756e-05,7.74554086171756e-05,3.51868922316385e-05,5.30877337292163e-05,5.40708658684413e-05,6.02202738984817e-05,-4.53008223168567e-06,1.33258362732613e-06,-9.26655599545711e-07,-4.33612111143203e-06,4.84178880782121e-07,6.64674374960515e-08,0.000113933082005567,0.000126133976079553,5.09353925596757e-05,3.84217823561694e-05,-0.000421553780545399,0.0012106206452395,-0.000778444322204865,-5.60808720481899e-05,-0.000197156264505499,7.49384649034325e-05,-9.75329086159516e-05,0.000287938624272874,-7.80108084219519e-05,-5.63201461396997e-05,0.000117949209883407,-0.00011723770802153,0.000456515009949315,2.3273339046189e-07,5.98506452227698e-07,2.05545155519109e-06,7.18593227275459e-07,-5.22174024109173e-07,4.88733066824185e-07,1.04213220868629e-06,4.6180724284682e-07,7.82016823143382e-07,-1.44309556631272e-07,0.000485814356282051,2.37316484795065e-05,0.000151240001899871,0.00141643594703824,-0.000922514756569215,-1.97253913500067e-06,0.00043491316914718,0.00191272452039095,-0.000863383763348291,2.38713278132165e-05,-4.53650055830424e-07,0.00114612164470717,-0.0104529980733719,-0.014801231396011,0.00386817860353682,-0.000245065630706422,-0.00160522968646513,-0.000704046551136567
"north_west","rel_p_ICU_delta",-1.82930585563025e-05,0.00134114813927284,-8.62284967734414e-06,2.05253079858415e-05,-4.34680274813113e-06,1.78644401705689e-06,-2.11945881682102e-06,-3.01389122529698e-06,-2.63496234263442e-06,1.32719500897044e-07,-1.2646174616434e-05,-1.23601516391685e-06,-4.9508455325106e-06,7.53154881287791e-06,-1.32877281620453e-05,5.55213077446677e-05,-2.12637892988084e-05,-1.58428597796972e-05,-2.15677021188825e-05,-2.28116766378604e-05,-1.53409992036013e-05,-2.35620857330072e-05,-2.34928157646356e-05,-2.90579543131808e-05,-2.36839164725867e-05,-3.11489685851385e-05,-3.54513194336339e-06,-2.98128622206307e-05,-3.5082895776935e-05,-4.70380321669075e-05,-1.80693292877285e-05,-2.839896381627e-05,-2.97455157883041e-05,-3.02228893455635e-05,2.11733289720271e-06,-2.18375058196402e-06,3.47352800080258e-06,-1.2947060579511e-06,4.16580220761699e-06,-3.10763788629547e-06,-0.000181515534732165,-2.95318788682405e-05,0.000127360207324318,5.09196529537078e-05,0.000167340182677943,-0.000600957933643208,0.00037137525762652,6.37962538680916e-05,0.00011906231873986,-4.9011689571743e-05,9.0299644098858e-05,-0.000112303073883812,3.99811984060798e-05,6.82995138115844e-05,-4.07273155385667e-05,3.80725915478969e-05,-0.000234754385571823,-7.42576334486177e-08,-1.11889060805003e-07,-7.2147822924633e-07,-2.7708563799287e-07,4.25524582462857e-07,-1.34126605155728e-07,-3.22823527059145e-07,-1.62690045290681e-07,-2.79397178039743e-07,-2.05649380326367e-07,-0.000241951924215917,-0.000591502481238191,0.000131858564920298,-0.000409365352218815,0.000414792497290577,-0.000124587312292154,-0.000148969181459324,-0.000863383763348291,0.000628646675639016,-2.15880388579151e-05,9.63007026241199e-08,-0.000565268360280343,0.0138119241218284,0.00743538182627082,8.17273159574144e-05,0.000111274902593098,0.00085253575915494,0.000416248679400784
"north_west","rel_p_ICU_omicron",-1.18914357339719e-06,-0.00043774953091516,2.84315874351813e-06,-2.48020441035095e-06,2.042251359729e-06,-3.2996639508431e-07,-1.25290284572723e-07,5.22412128284573e-07,7.35088616713839e-07,-2.7047017205186e-07,3.15510449665519e-06,1.93659974155947e-07,7.83619067347162e-07,-5.81525341620246e-07,5.46747583552253e-06,3.64565028197426e-06,2.26594246982795e-06,9.03242910266881e-07,2.01669710998413e-06,2.85710902988475e-07,1.00821596839825e-06,1.5015332523682e-06,1.53599590989593e-06,1.22015763044154e-06,2.82083850650835e-06,7.08892286256399e-07,3.15263840964617e-07,3.48986821304943e-06,6.51845893506474e-07,-1.36026889989936e-06,1.49001405668638e-06,1.01723648371164e-07,1.24607014036468e-06,-1.00414113553467e-06,-2.42340897007446e-07,-2.49392246821672e-07,-3.45115284152534e-09,-4.10874194905144e-07,6.19727086502964e-07,-5.52068203247345e-07,-2.3459309764956e-05,4.58443866508602e-05,0.000126574693109248,2.592147774631e-05,-2.64213543594328e-05,-1.19670205120115e-05,-8.79788717275588e-07,-2.11391211924159e-05,1.27892930341226e-05,-5.42745258619645e-06,1.99272354593727e-05,1.93358280037725e-05,-1.77361119376405e-05,5.10371491896014e-06,8.38392391907624e-06,-4.87002015476983e-06,2.72107983831436e-05,2.42364355880592e-08,9.91631103954024e-08,1.62679319369735e-07,2.25582063310107e-08,1.64073338121833e-07,1.18816294280093e-08,-4.74318580871558e-09,1.74481405047105e-08,2.48480726092143e-08,-2.78919702162314e-07,-4.63335236392068e-05,-0.00036374472923438,0.000244612084760844,0.000150262111717814,-4.52720448384838e-05,-3.15492542356619e-06,2.97391221746986e-05,2.38713278132165e-05,-2.15880388579151e-05,3.93602010180643e-05,-1.45434184135481e-07,-0.000196384000349628,0.00610381164270221,-0.000687040251502547,0.00129994793612038,-2.12245187058418e-05,-3.42757269599715e-05,1.18224126231441e-05
"north_west","rho_pillar2_tests",-5.69085666469223e-09,4.72119322437563e-06,3.97958485843615e-10,1.90393699557083e-08,-2.15211565251139e-08,-6.00034510523096e-09,1.22323562125981e-08,-8.69661792234974e-09,1.07021887772956e-09,-7.62510380815982e-09,-3.62573716934804e-08,1.6900478417048e-09,-6.79790573213864e-09,8.34943462981599e-09,-6.81675800344017e-08,-4.41914312740435e-08,-4.01727948062016e-08,-6.51796275507291e-09,-3.67772746370632e-08,-4.37462118671424e-10,-1.52437680678455e-08,-2.47088965135256e-08,-1.93460931231488e-08,-1.83145492148963e-08,-4.21415120488293e-08,-1.06431723093238e-08,-5.48633489064379e-09,-4.42466554531612e-08,-2.45948656917553e-08,4.66857076595212e-08,2.29398819408541e-09,1.14378137091191e-08,1.19342173604981e-08,3.83468677638473e-08,4.64554649593524e-09,2.08061240549516e-09,-5.04568164701329e-09,7.63118825494886e-09,-1.72079761912079e-08,2.25895339518113e-08,3.7163566775955e-07,-1.73159490570663e-07,-7.90525159051557e-07,-1.09906400492585e-07,4.24926018872434e-07,-5.24463432143929e-08,3.6791486038928e-08,-1.36384127269853e-07,-6.31917489281759e-08,5.2069645052978e-08,-1.44067916115166e-07,-2.35445691284606e-07,-4.74486447125047e-08,-1.08647490080083e-07,-1.55833806589827e-07,6.27511756516204e-08,-4.61893842671847e-07,-4.30832451693393e-10,-1.4492939310319e-09,-2.6823700088253e-09,1.030525605813e-10,-2.71893268872943e-09,-2.06713451060364e-10,-6.5265242486944e-11,3.83902728632791e-11,-2.116816750724e-10,3.66362720927162e-09,3.957115355778e-07,3.02683751152685e-06,-3.45328611726969e-06,-1.54658843061069e-06,7.18126821548062e-07,-1.40157782746543e-07,-1.61478086335639e-07,-4.53650055830424e-07,9.63007026241199e-08,-1.45434184135481e-07,9.92084796290907e-09,1.05971852158624e-06,-8.2303593440201e-05,-1.44513668254559e-05,-1.40674289688301e-05,1.5516547081342e-07,6.56903552041311e-07,-9.98708873383239e-07
"north_west","seed_date_alpha",0.000123136943693317,-0.000640717764530796,-9.20307340473537e-05,-5.24857324272334e-06,-6.18344999426476e-06,2.96031852266876e-06,1.71394624205427e-05,-3.66016673484572e-06,1.22207635187247e-05,-2.46204915866106e-06,-2.82985521076467e-06,-1.17435216310315e-05,-1.01923623865691e-05,-3.64796354729453e-05,1.95719355688624e-05,-9.01082630863182e-05,5.91185510772595e-05,2.78877919575389e-05,6.47369244493277e-05,3.83651902069069e-05,3.52141019871328e-05,5.95680834714878e-05,4.36325635729003e-05,6.13447244235147e-05,5.05893694839605e-05,6.98266425054546e-05,-1.3696597719235e-06,6.43851109131432e-05,7.64762288455002e-05,8.0747695197625e-05,1.80864483270808e-05,4.2654763862373e-05,5.38791020545398e-05,1.46711843198789e-06,2.93496799924636e-06,-1.08182629077026e-06,-9.06052777382666e-06,1.61059060558634e-05,-1.79057342239571e-05,4.89044425664621e-06,-9.86375609645299e-05,-0.000693243568341486,-0.00229301141557431,-0.000732986865857137,-0.000809646394597481,0.00220034103521065,-0.0008763888831016,0.00040944223851666,-0.000418692121457183,0.000134058391569614,-0.000471580921307262,-2.16674423583459e-05,-0.000665513251047649,0.000131733128313786,0.000101562826105321,-6.58921717896186e-05,-0.000287393092960153,7.82531115451551e-07,2.67691902187482e-07,2.08912993825395e-07,2.59884754576602e-07,-1.78079993547407e-06,6.5334930878699e-07,1.287770921331e-07,-4.32355639715944e-07,-4.95280117862267e-07,3.05279595571789e-06,0.00138409482996771,0.00667281013114101,-0.00244245434028104,0.00108973905027429,-0.000215896008831691,0.000381961450733663,0.000703288372979298,0.00114612164470717,-0.000565268360280343,-0.000196384000349628,1.05971852158624e-06,0.069337218630837,-0.0414699977413442,0.00252300003199823,-0.00787026761312563,0.000528068513389772,-0.00288473612688178,-0.000108678744593326
"north_west","seed_date_delta",-0.00191179219590861,-0.140955161979797,0.000518147972115302,-0.000309298611082159,0.000876361871831697,4.7772639462639e-05,-0.00060058725645774,0.000485131031834841,6.77187355359839e-05,-4.89251724735478e-05,0.00101968382826796,6.39566013392561e-05,4.86522614140408e-05,0.000381938556342642,0.00213996434380491,0.0045382086388241,-0.000310609508688557,-0.000805058753276295,-0.000401015993840871,-0.0016663084506868,-0.000663465351952958,-0.000956870650531356,-0.00104654966681702,-0.00149923062829481,-0.000190226433570235,-0.00223944515621408,-8.11771201348307e-05,-0.000343901120821755,-0.00204154939182744,-0.00400831908024813,-0.000758784904834592,-0.00166031814558911,-0.00188622703312226,-0.00182969305915969,4.55782406731756e-05,-0.000480129116464671,0.00057574720242211,-0.000654177497902698,0.000922326468955429,-0.000716313525275925,-0.0328828278746287,0.0217586636862947,0.0701971130619438,0.0205286760262103,-0.00709854830283581,-0.040661857196842,0.0180265857613214,-0.00533032372911797,0.0110868835023966,-0.00696155314611108,0.0158022778020548,0.00967049503033498,0.00354328079446455,0.00789434220888809,0.00445458811200779,-0.00108444084755605,0.0036219198323908,-4.48410273388593e-06,3.10460902632214e-05,4.0866778135063e-05,-1.03322075830322e-05,0.000107476266723788,4.89286476051315e-06,-1.7275944920797e-05,-2.08722475967152e-06,7.59453400153944e-06,-0.000155934428039444,-0.0499607801389669,-0.237665799147719,0.132554277391158,0.0646945903648661,-0.0215923346601888,-0.00178901981566064,0.00436345349012255,-0.0104529980733719,0.0138119241218284,0.00610381164270221,-8.2303593440201e-05,-0.0414699977413442,4.78189142732479,0.255078216366409,0.708548993383024,-0.0053477220579197,0.0475029369292842,0.0358486218879158
"north_west","seed_date_omicron",-0.000144565798649929,0.0457903501858187,-0.00113334262822453,0.000583148619667819,-0.000248169563709523,4.82961998526833e-05,-3.69320836977535e-05,-0.000103771593754763,-0.000114836785895195,7.48743867974119e-05,-0.000276950391766124,-9.13818572751071e-05,-9.31696496317656e-05,9.35452040044288e-06,-0.000136705436491285,0.00151423684006287,-0.00015946380859751,-0.000245105350759038,-0.000155579049975198,-0.000372588912536394,-0.0001902152877613,-0.000254487644051269,-0.000349503935371424,-0.00042234632508254,-0.000291402532000051,-0.000373775642848014,-9.17752097341787e-05,-0.000437353346404168,-0.000401332646415572,-0.00122465695720503,-0.000526269005250704,-0.000836978023019001,-0.000791921750502322,-0.00113160432387375,4.09303133962265e-05,5.30534868894887e-07,-5.07236941298359e-05,0.000140113001717924,-8.19435420371633e-05,2.54774473894691e-06,-0.000506257428000271,-0.00452555732194014,-0.0039318270184851,-0.00352225680572024,0.000834216755014483,-0.0124808530841835,0.00881355142098806,0.00307374615259809,0.00197907480311523,-0.000561784932994001,-0.000247880333380857,-0.0031250249975548,-0.00176386105127955,0.000651752174745691,-0.000385346107210942,0.00090183015614189,-0.00481551836953576,-3.055461964821e-06,-3.14824177356838e-06,-2.42287023317965e-05,-1.3818592952134e-05,1.7658294062413e-06,-2.70803642525108e-06,-1.30403857199046e-05,-1.12102395896641e-05,-1.31805446518654e-05,-9.04531663392589e-06,-0.00578949144287811,0.0116032261810552,0.0129799216213057,-0.0091166551874961,0.00838341612338946,0.00408965089459571,-0.000863975877607538,-0.014801231396011,0.00743538182627082,-0.000687040251502547,-1.44513668254559e-05,0.00252300003199823,0.255078216366409,0.443785427151516,-0.0579087237126523,0.00319776566166829,0.00809068584428865,0.0203845540369748
"north_west","start_date",-0.000284034573162024,-0.0447474737847469,0.000268695850510792,-0.00027768912266771,0.000411065849466984,1.2307225123431e-05,-0.00010435830845029,0.000123698511199682,4.10937506830395e-05,5.4407100803825e-06,0.000308283948699356,3.68725877665689e-05,5.56633737064576e-05,2.21766455048469e-05,0.000499456745526461,0.000213865749899973,0.000161963323390109,1.25808443426454e-05,0.000161898288990884,-9.08812316228309e-05,4.88218147920588e-05,5.35717846242096e-05,6.90519196256546e-05,9.48296093102082e-06,0.000227007084027973,-0.000107647364178691,2.9322887567278e-05,0.000264136911140658,-3.9277148163906e-05,-0.000243058198060107,7.40105074914485e-05,-3.68629693313857e-06,1.3157680072701e-06,-2.89657849725708e-05,-1.9760039952937e-05,-6.95220382227557e-05,8.63219926524254e-05,-0.0001353408361339,0.000169139598076014,-0.000142967594316132,-0.00438074709964851,0.0052049567274164,0.0136381847952302,0.00461542993441035,-0.00270969029518278,-0.00161486880793366,-0.000422223708804619,-0.00166556490094053,0.000824006105173491,-0.000895048602142189,0.00263107340542252,0.00288823979188341,0.000591267503801131,0.00119638476849806,0.00118170818806205,-0.000608648812765203,0.00186759218935383,5.34021599574227e-07,7.84279533842203e-06,1.78762181690096e-05,1.09089011051399e-06,1.20836065985328e-05,2.88182371275025e-06,1.14634805754366e-06,1.9764428901877e-06,5.43595557854942e-06,-2.99249603914262e-05,-0.00619286040510452,-0.0442645940223798,0.0203899463705834,0.0177389310016021,-0.00695812636517161,-0.00100679180351123,0.00214744942369819,0.00386817860353682,8.17273159574144e-05,0.00129994793612038,-1.40674289688301e-05,-0.00787026761312563,0.708548993383024,-0.0579087237126523,0.208524001816875,-0.0023468606327208,0.000154513053614369,0.00168246883581672
"north_west","ta_alpha",-4.1408229135078e-06,0.000984618198610503,-3.52419141440915e-06,9.84330531743497e-06,-6.14775139183231e-06,-5.45365424498916e-07,1.43574513273243e-06,-3.05956512225901e-06,-2.78593535387591e-06,-1.36966475613152e-06,-1.20835262200631e-05,-1.84776259103909e-06,-3.70474172843829e-06,2.15897595402721e-06,-1.36109272435566e-05,1.6095201745582e-05,-1.13107654255072e-05,-7.17201367307232e-06,-1.13669899494503e-05,-8.34979927362173e-06,-6.69421105095722e-06,-1.17187648144033e-05,-1.04256009249673e-05,-1.27647725579286e-05,-1.43892374755577e-05,-1.17421990448327e-05,-1.54316005716929e-06,-1.61260758020326e-05,-1.54737723338434e-05,-1.44839101455404e-05,-8.78716138697835e-06,-1.05637440952565e-05,-1.21173795088896e-05,-1.0172214270769e-05,1.09017695165774e-06,-3.07678595832562e-07,8.48121437695541e-07,1.01214437632017e-06,-8.01845904560291e-07,1.12744942031433e-06,-4.61647726674384e-05,-0.00011432570291669,-0.000191769241330899,-4.89149945559845e-05,6.40763946733351e-05,-0.000122754025994911,0.00015265594315308,2.1652330799546e-05,3.08089597997494e-05,1.52461355592927e-06,1.37153395306423e-06,-7.57558749794862e-05,1.20815683151236e-05,3.20250356622959e-05,-2.88274227031697e-05,1.98294797986661e-05,-0.000127689726952826,-7.30699619259916e-08,-2.26061800754086e-07,-5.03020214091475e-07,-1.52078720594157e-07,-2.49784560961241e-07,-9.58863566244058e-08,-9.44181630059862e-08,-1.59670103511433e-07,-2.13697600660408e-07,3.8725933005188e-07,1.29817590307457e-05,0.000477640407411856,-0.000274249690691688,-0.000292605868216457,0.000172363298818848,5.14015508502437e-05,-0.000101487686183902,-0.000245065630706422,0.000111274902593098,-2.12245187058418e-05,1.5516547081342e-07,0.000528068513389772,-0.0053477220579197,0.00319776566166829,-0.0023468606327208,0.000110036491019349,0.000317970184783675,0.000130898938299941
"north_west","ta_delta",-0.000113613182925497,0.0044322605164884,4.80682119238843e-05,4.05491205790095e-05,-1.97706305268502e-05,-1.06301838421171e-06,-7.57060962073067e-06,-2.83379146973367e-06,-9.22266591126875e-06,-9.58901456799622e-06,-3.97397352334709e-05,-8.5729109242601e-07,-1.74407033795005e-05,3.70074068567781e-05,-6.96030288554755e-05,0.00016999432708343,-0.000113706916861337,-7.15853581827928e-05,-0.000113668110569008,-9.10070580895431e-05,-7.52135341761888e-05,-0.000117570581434175,-0.000106695220565696,-0.000128201283419579,-0.000123636096460379,-0.00014323122391028,-1.16349937388324e-05,-0.000140651630206358,-0.000158118573030889,-0.000144333668493149,-6.33353024119073e-05,-7.72111549111376e-05,-0.000114315432106493,-4.16216725531676e-05,8.52538729052508e-06,-1.50011822290483e-05,2.92296985166013e-05,-2.65032867622883e-05,2.82372303704696e-05,-1.00417684275722e-05,-0.000777546116956799,0.000187373599732478,0.00101571724491101,0.000518957932090544,0.000837428770936324,-0.00226591307439942,0.00122848984083358,-0.000292741823541873,0.000444664651229478,-0.000184140719298042,0.000454124971047111,-0.000146745874015385,0.000240645127215086,0.000229851898602041,-0.000105085063140467,0.000101277908419218,-0.000559564953184008,-4.27317959276298e-07,-8.79908259698391e-07,-2.64766105210784e-06,-2.8318660791379e-07,1.04645774588971e-06,-5.75479056092084e-07,-4.29308678543749e-07,-1.91541460456088e-07,-6.38075778856443e-07,3.74414231657253e-07,-0.0012180625909358,-0.00379529463724768,-0.000363637061592198,-0.00164575814952219,0.000544347625149031,-0.000273638629218295,-0.000601251864832058,-0.00160522968646513,0.00085253575915494,-3.42757269599715e-05,6.56903552041311e-07,-0.00288473612688178,0.0475029369292842,0.00809068584428865,0.000154513053614369,0.000317970184783675,0.00425571769718874,0.000476663924362491
"north_west","ta_omicron",-1.08581741613305e-05,0.00101138945564815,-4.91608695904237e-05,2.62529004170755e-05,-4.93343837149974e-06,2.84635357349236e-06,-5.04873815893252e-06,-3.05259521785534e-06,-5.11658328749376e-06,2.6670838534528e-06,-8.43039290505782e-06,-4.50825991631868e-06,-4.29606704729765e-06,1.48399832487816e-06,6.46170041074597e-06,9.07278503156703e-05,-5.5301097364742e-06,-1.35579205215201e-05,-6.1247010649514e-06,-2.4487560040166e-05,-9.57416059040003e-06,-1.42360722203495e-05,-1.8631041365446e-05,-2.42386650337697e-05,-1.13504632276589e-05,-2.67546511065335e-05,-4.37185010745754e-06,-1.62090560590462e-05,-3.00293212588123e-05,-7.78765136204618e-05,-2.71576595562839e-05,-4.66531445551281e-05,-4.41405735930511e-05,-6.34871736284135e-05,1.89851660398313e-06,-2.48152831737623e-06,3.84308294132554e-07,3.47620651319345e-06,1.20716921977007e-06,-4.59296961353336e-06,-0.000230634205244487,-0.000126732257461772,0.000148976433856645,-7.92230510105944e-05,-6.3382786999208e-05,-0.000657747811228723,0.000510885048665752,0.000129186361233799,0.000145839129518607,-5.43398304620318e-05,6.20699820925116e-05,-8.4652731270143e-05,2.07312935208686e-05,8.44047638571006e-05,4.22324776871259e-06,3.16035007807463e-05,-0.000206786308074398,-1.64191011278468e-07,-9.06743132339989e-09,-8.36046892355712e-07,-7.40962385859657e-07,4.21671882720134e-07,-1.33896336175613e-07,-6.79771565405843e-07,-5.94068742632288e-07,-6.14910205285122e-07,-1.42141993705942e-06,-0.000451404814701845,-0.000616188669352468,0.0013971264913162,0.000109076711603123,0.000238093467630735,0.00021292360690906,-7.59511840552164e-05,-0.000704046551136567,0.000416248679400784,1.18224126231441e-05,-9.98708873383239e-07,-0.000108678744593326,0.0358486218879158,0.0203845540369748,0.00168246883581672,0.000130898938299941,0.000476663924362491,0.00117038595422955
