"region","name","alpha_admission","alpha_D","alpha_death_hosp","alpha_H","beta1","beta10","beta11","beta12","beta13","beta14","beta15","beta16","beta17","beta18","beta19","beta2","beta20","beta21","beta22","beta23","beta24","beta25","beta26","beta27","beta28","beta29","beta3","beta30","beta31","beta32","beta33","beta34","beta35","beta36","beta4","beta5","beta6","beta7","beta8","beta9","mu_D","mu_D_2","mu_D_3","mu_D_4","mu_D_5","mu_gamma_H","mu_gamma_H_2","mu_gamma_H_3","mu_gamma_H_4","p_G_D","p_G_D_2","p_H","p_H_2","p_H_D","p_ICU","p_ICU_2","p_ICU_D","p_NC_15_24","p_NC_25_49","p_NC_50_64","p_NC_65_79","p_NC_80_plus","p_NC_weekend_15_24","p_NC_weekend_25_49","p_NC_weekend_50_64","p_NC_weekend_65_79","p_NC_weekend_80_plus","p_W_D","rel_p_D_alpha","rel_p_D_delta","rel_p_D_omicron","rel_p_H_alpha","rel_p_H_delta","rel_p_H_omicron","rel_p_ICU_alpha","rel_p_ICU_delta","rel_p_ICU_omicron","rho_pillar2_tests","seed_date_alpha","seed_date_delta","seed_date_omicron","start_date","ta_alpha","ta_delta","ta_omicron"
"north_west","alpha_admission",6.78481272265536e-06,-3.68481742777184e-07,5.96411840359421e-08,7.13671068735373e-06,-4.81962760887405e-07,4.52064226426272e-08,1.13271628886722e-07,-1.71231702583793e-07,9.46927807988287e-08,1.4751071322337e-07,-3.01881343623255e-07,1.55371884849736e-07,3.96426231359074e-08,5.32818165101044e-08,2.21142160337611e-08,2.4599607698775e-07,2.3789776104255e-07,3.61392904242542e-08,2.57325632844295e-07,1.47104605781128e-07,1.9773940896344e-07,7.20499655686024e-08,3.60441070236414e-07,-1.77596393812858e-08,3.54707773834474e-07,2.55762455503311e-07,1.55203450885622e-08,1.36409999981469e-07,2.6799931549113e-07,2.19205199215246e-07,1.1467561021762e-07,3.71552606883459e-08,2.19051940586604e-07,3.74519043934138e-07,2.96978460585519e-08,2.99761049364909e-08,-2.43173616267361e-08,1.4608310951568e-07,-9.32745926593661e-08,-1.41321771318176e-07,-1.21034077673795e-05,-6.1981476038249e-06,-3.98030165756432e-06,-5.47577748052334e-06,-6.62804838485152e-06,-1.1546100556213e-05,-4.27214678483295e-06,1.59327695193134e-05,-1.39315217201356e-07,4.6867794224008e-06,-7.23276685036543e-07,-5.70102618865763e-06,-6.44943082628751e-06,7.633701017067e-06,4.81179446777759e-06,4.3124918419819e-07,-6.52631565900026e-06,-1.92026808002118e-09,1.04214387931304e-09,9.8401677735799e-09,-4.64169606000281e-09,2.57405622155139e-10,-1.0482463237673e-09,-6.45857023137082e-09,7.84996839056503e-09,-1.10941819734449e-08,1.2391152438535e-08,8.31749152443479e-06,4.74406370462596e-06,1.66506152130464e-06,-2.11703671949005e-06,1.13007503275931e-05,-4.07079178062977e-06,4.71846420244591e-06,-2.34049592788889e-05,4.03406432072947e-05,9.45710557939865e-06,-1.93305346244944e-08,-0.000371257406835727,-6.54164057748797e-05,1.46651959599428e-05,-0.000167438511923048,-3.24650862928054e-06,-2.55668585202441e-06,-5.7458374587513e-07
"north_west","alpha_D",-3.68481742777184e-07,0.000636960410141662,-1.43110050866301e-06,-1.10105297507945e-05,2.36634478897012e-06,-1.15129181260782e-06,1.98710331545774e-06,-6.68542315658766e-07,4.52241461267278e-07,-3.87754735816387e-07,-8.11735260050475e-07,1.63225038013988e-07,-2.77376861057356e-07,1.10813282959702e-06,-4.84666619369443e-07,5.11427213804524e-06,-2.58045797101323e-07,-6.40788622290056e-07,8.58179837998015e-07,5.96447891317122e-07,-3.40923341398142e-07,-1.59735248730451e-07,-1.12364286575008e-09,1.59112600710915e-07,7.39670950734352e-07,-7.05446146904916e-07,-1.68325158579449e-06,2.89284957363513e-07,4.16666187219785e-07,-1.09928427755983e-06,-7.24799056447508e-07,-3.00098158007443e-07,5.26567676529338e-07,-1.968379894098e-06,8.38640222821928e-07,-7.80424819654042e-07,1.58388217381031e-06,-4.24794674561339e-07,-3.98767233525516e-07,4.82744301928862e-07,-1.11101044085142e-05,-9.03888508408663e-06,0.000130812471332437,-5.25506463819945e-06,-8.20952453497343e-06,-3.76050468735538e-05,0.000189490817795194,-1.90369463720003e-06,0.000103282389230372,-6.10560842309814e-05,1.43270077251122e-05,-2.0873622768317e-05,-7.28025436185e-05,-1.39299795415353e-06,3.03647948126358e-05,-1.30122043277085e-06,-6.96388901164154e-06,6.98508639890512e-08,4.30054542276323e-08,1.19114113382866e-08,8.25109330847346e-08,1.7351417912359e-07,6.05967769948023e-08,6.89966093026669e-09,8.11645343665872e-08,9.63812161839895e-08,1.7594042752835e-07,2.75610866022957e-05,-0.000223817584086812,0.000145559939936267,-4.1584220146627e-05,3.51538469518159e-05,-2.09760086241357e-05,1.49691205926167e-05,-0.00022015561675733,0.000222645056501465,-4.9214982298825e-05,-2.46496789731603e-07,7.89537742032883e-06,-0.000114059430328414,0.000597521787492664,0.000810790365141855,1.72573393366901e-06,1.06412492033247e-05,1.67877290205499e-05
"north_west","alpha_death_hosp",5.96411840359421e-08,-1.43110050866301e-06,9.20207484776521e-06,1.63743414303268e-06,2.51625224582722e-09,-9.72023429685677e-08,4.40390395273988e-08,-1.36940491950144e-07,1.11958851387932e-07,-1.06818447916206e-07,-5.17359711721846e-08,-7.80790156635398e-09,-7.8768717303242e-09,-1.30129664922915e-07,-3.51189235344489e-08,-5.99115579398781e-07,-1.90457981565255e-08,-4.78670977777317e-08,-1.43019106722442e-07,3.33668697407317e-07,-1.9165720477177e-07,9.07031098996903e-08,-4.88673269421611e-08,-6.88284758335125e-08,9.81835455806548e-08,-4.96908812498008e-08,2.07549081359054e-07,7.92276932620186e-09,-8.0017419239245e-09,-2.4930342597217e-08,-1.46256316219606e-08,5.04576580677374e-08,-1.1954823215908e-07,1.99675315430255e-07,-1.13626561995079e-07,9.37613810431324e-08,-1.25853359867826e-07,1.18985627405935e-07,-1.70291655737756e-07,1.53055282933824e-07,-1.12211655622439e-06,3.91149702833781e-06,-4.13324320733341e-06,2.54582726839741e-06,2.03096728978052e-07,-1.92514681494349e-07,-2.22594559869852e-05,3.7787134027216e-06,-7.61474315826592e-06,2.56992049326048e-06,-6.15483055597724e-07,-8.89334464175182e-07,-5.4103759003387e-07,1.17363553805255e-06,1.95364955501526e-06,-5.6999025784571e-07,-1.22373690767765e-06,9.00600389232411e-09,1.40964780507146e-08,-1.99543455763059e-09,-8.81828792035626e-10,1.09174986183971e-08,1.73930385591675e-09,1.97296628522165e-09,3.14115113596095e-09,4.86316788984128e-09,1.13937727869481e-08,-1.37617912342726e-05,1.03766943173196e-05,-6.55866060101904e-06,2.61584219159261e-06,3.66537859140841e-06,-3.88738185469995e-06,2.28136161119107e-06,-7.29453650951553e-06,-5.41878123026419e-06,-9.01604901016736e-06,-6.64346335011803e-09,9.73197501202012e-05,-4.31122340286255e-05,-1.67481663480105e-05,2.45622903284555e-05,1.60518132101175e-06,1.2216287243986e-07,-1.04677729820603e-06
"north_west","alpha_H",7.13671068735373e-06,-1.10105297507945e-05,1.63743414303268e-06,9.77618411457111e-05,-4.38762109733599e-06,9.01731104356202e-07,2.3892822970366e-09,-5.51946920014238e-07,3.3428010719827e-07,2.27936920758998e-07,-1.13772654961208e-06,2.77027711064343e-07,2.06276656090111e-07,-2.6385491327538e-07,3.13059290499196e-07,5.00743976054376e-06,4.38606661904648e-07,3.78777422694626e-08,9.21824417936019e-07,-1.03773951262111e-06,1.38809374683008e-06,-1.28434421799942e-07,6.45478613763658e-07,4.65053410558751e-07,2.74143495517762e-07,1.13500934817074e-06,2.5661273473514e-07,7.37968952172467e-08,9.40177447480832e-07,-8.52806695300545e-07,7.9050174592935e-07,-5.78542946618147e-07,7.36128931873735e-07,4.7989322280248e-07,-3.62494163982831e-07,1.64816748618852e-07,5.20947681062842e-08,1.14131888162015e-06,-5.36338263768433e-07,-1.57803792882029e-06,-5.16245806588208e-05,-2.86328773621072e-05,-1.28138448072206e-05,-9.8403376067642e-06,-3.80897641281896e-05,2.00709846614624e-05,-0.000145401966784543,0.000139758107489467,7.09323933454561e-05,1.32427133853247e-05,2.03453934507832e-06,-1.45470089260326e-05,3.31408303653052e-07,3.10381863036093e-05,-1.96286497865774e-05,-6.4795728559406e-06,4.39498615556497e-05,2.28134273755534e-08,-1.98126245079374e-08,3.55738179269646e-08,1.63342336297337e-08,-1.01490841024736e-07,-6.31222063547475e-09,-3.8319796524304e-08,3.51433856048602e-08,-1.58880671774828e-08,7.37463872435347e-08,7.51791477364964e-05,4.52044287703787e-05,-3.39220249139921e-05,1.66055636728973e-05,2.79145904221624e-05,-3.32365860249228e-06,-2.46255573293005e-05,-0.000404719747440794,0.000579962153911394,6.24975689315863e-05,-3.98365990106953e-08,-0.00102759874487002,-0.000280194260363916,0.00012416115016559,-0.00135226703730318,-5.89162044634834e-06,-7.79609853938322e-06,5.40997960930127e-06
"north_west","beta1",-4.81962760887405e-07,2.36634478897012e-06,2.51625224582722e-09,-4.38762109733599e-06,1.72757355614455e-06,-1.03129163240039e-07,-2.32303266688541e-08,7.29330758258782e-08,-2.85635395698209e-08,-3.36439056499857e-08,-3.43478115499907e-08,-1.88779334021394e-08,-2.05849274931811e-08,-2.18190060470785e-08,-9.62705862984794e-09,-1.86858465595745e-06,-5.64543824358195e-08,1.74805295552665e-08,-6.8988329705085e-08,6.17824766257712e-08,-7.66822688011836e-08,3.27162475516125e-09,-2.39909855344483e-09,-4.05602420793549e-08,2.00723236877812e-08,-4.33545015094098e-08,5.5768168470301e-08,5.19176817721339e-09,-2.65007074049595e-08,-5.96691595994557e-09,-7.54558456315673e-08,-4.05652768107338e-08,2.27371774516684e-08,-1.43931219607803e-07,-4.82667185164815e-08,1.02458031578717e-07,-6.81318084695232e-08,-8.12578965255319e-09,-1.13894021699492e-07,1.61168453030256e-07,-3.65724281636771e-07,-4.09272469374896e-06,2.03097685451805e-06,-2.89479759584217e-06,-1.88147056416141e-06,-4.75246107190612e-06,8.24904668628464e-06,-1.16148943368576e-05,-1.06512114163368e-05,-2.64851233789596e-08,-1.02570767618202e-07,1.21795944575833e-06,3.13244998244431e-06,2.78188641027264e-06,1.2564512211599e-06,1.899764792339e-06,-1.01471032441829e-05,-1.46529565000086e-09,3.62583703368323e-09,-5.69755436010028e-09,-2.71102477843456e-09,2.76794168960215e-09,3.10523814424499e-09,-8.09133353511165e-09,-6.20277997797613e-09,5.38605857119401e-09,1.34715857109867e-08,-1.38781385701718e-05,-6.31948867485588e-06,5.87050078375551e-06,-2.99378199794694e-06,-2.21693037285769e-06,-2.06026024570578e-06,-7.03944601668067e-08,2.62778370497459e-05,-5.87818140993413e-05,-7.90488211182186e-06,3.3367205510981e-09,0.000101093651026654,4.19448725400958e-06,3.31945306215609e-05,0.000540788399520081,6.17721240940365e-07,1.10039884126294e-07,9.56886898361805e-07
"north_west","beta10",4.52064226426272e-08,-1.15129181260782e-06,-9.72023429685677e-08,9.01731104356202e-07,-1.03129163240039e-07,1.51989885275213e-07,-1.48529229875953e-07,2.73643141169541e-08,-1.04827286925134e-08,4.36463082780504e-08,-1.6929278362682e-08,4.73479336205294e-09,7.33555786301519e-10,1.07107146656648e-08,-1.87963407766889e-08,8.11764452485232e-08,1.64583847228958e-08,-1.65072827159681e-08,5.8011345874116e-09,-1.55437250029842e-08,2.5907675887718e-08,-2.84236691295421e-08,4.91410546094149e-09,-3.41839495766928e-09,-1.66577692642063e-08,2.2481974113841e-09,3.27846713629939e-09,-1.57572791477332e-08,-4.85440978489436e-09,-3.79436356107422e-08,2.16964534498657e-08,-2.42032664130251e-08,-1.60848630454507e-08,-2.9654898390623e-10,-2.11234505552403e-09,1.36466277780191e-09,-2.46380606586427e-09,1.37876709320459e-09,8.6193261600785e-08,-1.6957428164835e-07,2.43465433360573e-07,3.87621846751998e-07,-4.92776247259859e-07,-7.29561843886323e-07,-6.06396488635347e-07,-4.93904177658948e-07,-7.81273161133843e-07,1.2830055805634e-06,5.52126773818754e-07,-8.03075737749513e-08,-6.72634630703167e-08,-4.17316879698819e-07,-2.35712805038447e-08,-2.03430008112327e-07,-6.15869121957994e-07,-5.07581517791803e-07,1.41706187284048e-06,-5.00586572977908e-10,-2.17019271336238e-09,-8.47095907106743e-11,5.7921865347741e-11,-1.93124037678524e-09,-5.52190797709971e-10,1.00934685986877e-09,4.02228293258405e-10,-1.43787390413156e-09,6.60159310857561e-10,2.05130114625048e-06,1.08163087691668e-06,3.2788453155805e-07,-1.58258451715975e-07,9.89027985596698e-07,-1.29547659686293e-07,-2.0145276065385e-07,4.81168879645438e-06,7.1333085979816e-06,2.15238968756323e-06,3.30060204007512e-10,5.15769813348775e-06,-3.88443995362251e-06,1.52280599814008e-06,-3.92453916024308e-05,1.73850673794595e-07,4.97517096168758e-08,9.84335922749649e-08
"north_west","beta11",1.13271628886722e-07,1.98710331545774e-06,4.40390395273988e-08,2.3892822970366e-09,-2.32303266688541e-08,-1.48529229875953e-07,4.08913608415749e-07,-2.24844123295702e-07,1.24558647002337e-07,-9.28668047740948e-08,1.35927288966673e-08,2.66443464651851e-08,2.78744686168988e-08,2.55635155764953e-08,3.00106557305063e-08,-4.39890696160821e-08,4.13237284971686e-08,2.0530712116858e-08,8.16540574014621e-08,1.56699569609605e-08,2.72629844403878e-08,5.66236536543907e-08,6.11367759440665e-08,4.25719952159842e-08,9.75013486108844e-08,6.69725904463698e-08,-8.23256296890386e-09,4.72009861917431e-08,1.01503207645109e-07,9.42154391099992e-08,1.60422612539547e-08,5.53456652514119e-08,7.75694775580021e-08,2.85926628200562e-08,1.7609858546836e-08,-2.24111448670324e-08,5.2922141919898e-08,6.00709047575658e-09,-6.6528510827334e-08,1.18137127954331e-07,-2.87161288544346e-07,3.12654411094381e-07,1.59161214881649e-06,1.8055600252178e-06,7.09615999983634e-07,6.14057485790118e-07,2.05656820372017e-06,-8.8258007505949e-07,1.47022689425554e-06,1.62183782138313e-08,2.23098728941982e-07,-1.18791124753459e-06,-1.61345451569938e-07,-4.25130433019183e-07,1.02629120131027e-06,3.44946565233585e-07,-9.68062092522182e-08,-3.76169870216757e-10,4.75764738974577e-09,6.32988831029464e-09,1.75377441163385e-09,1.00736607430982e-08,1.59765034771808e-09,2.10092167895837e-09,2.73896756391084e-09,4.79789521306864e-10,3.57303074061046e-09,-1.17234546839294e-06,-3.05889410524116e-06,-2.35912380228713e-07,8.91083324354133e-07,2.10318645182496e-06,-1.52406478117548e-06,-3.78497159745526e-07,-7.89674376112113e-06,2.54786751299645e-06,4.89830072893293e-07,1.35610594537375e-09,-0.000170052221888971,-5.57598743361549e-06,3.66192154103321e-07,-1.9705972459725e-05,-1.12003759013394e-06,-6.09336556336011e-08,-7.36726719366911e-07
"north_west","beta12",-1.71231702583793e-07,-6.68542315658766e-07,-1.36940491950144e-07,-5.51946920014238e-07,7.29330758258782e-08,2.73643141169541e-08,-2.24844123295702e-07,2.92365385404061e-07,-2.14888909807464e-07,1.93887896750357e-07,-5.25175297781045e-08,-1.14681378394947e-08,-1.88021562180015e-08,-5.91028102709428e-09,-4.80350210604883e-09,1.22798593608151e-07,-3.08877028585306e-08,4.68163319657966e-09,-5.17245188760914e-08,1.83535095568082e-08,-3.31720943141441e-08,-1.36963935748061e-08,-3.04499952802035e-08,-1.07376067973014e-08,-5.66320511562098e-08,-2.74314859897995e-08,-1.49555433448741e-08,-1.18474985371149e-08,-4.79567393418937e-08,-4.64128948470079e-08,-1.53000254136966e-09,-3.15803713354331e-08,-1.56387622233827e-08,-5.04678095308577e-08,2.38908138574386e-09,1.60624091113878e-08,-3.49380655615642e-08,-1.78100851119022e-09,1.04141802642317e-08,1.68275417470231e-08,1.12679923461553e-06,4.1109578602454e-07,-1.39030319239725e-06,-8.40377957065473e-07,3.8059919188073e-07,1.3056483443544e-06,-2.29996930198197e-06,2.61727367605463e-06,-3.22590764963985e-06,-2.34930313416972e-08,-2.6219345994122e-07,4.36980667737391e-07,-6.18725173286118e-07,-5.40784606294537e-07,-7.41201880369015e-07,1.15300928030274e-07,-9.44570592812374e-07,1.58874752277463e-09,-8.62955772017864e-10,-1.12973253174589e-09,4.59771829749081e-10,-5.23382472775788e-09,-1.04282333093182e-09,-6.71137742706536e-10,-5.32032087920123e-10,1.04456012784805e-09,-1.49720644141318e-09,1.74115187362035e-06,4.14011083912676e-06,-1.16421467894736e-06,-5.11192460073779e-07,-1.77198438997455e-06,1.94584448284382e-06,5.47955222827383e-07,2.8443040949528e-06,-4.84593981693783e-06,-2.1688767019568e-06,-7.67528225382582e-10,0.000151334123400638,6.26153490270652e-06,-3.3186967063557e-06,2.8130775677156e-05,7.63870316614948e-07,-1.28687441585853e-07,2.04960406374512e-07
"north_west","beta13",9.46927807988287e-08,4.52241461267278e-07,1.11958851387932e-07,3.3428010719827e-07,-2.85635395698209e-08,-1.04827286925134e-08,1.24558647002337e-07,-2.14888909807464e-07,2.35679116972568e-07,-2.78742716442458e-07,1.31836746164276e-07,3.63506669205284e-09,1.2263107002833e-08,6.6289625186807e-09,3.63198797711353e-09,-4.97370939477945e-08,1.13999267220826e-08,-7.15774713193273e-09,3.00179352423477e-08,-3.29767185289349e-08,2.14812799309175e-08,1.06886901130707e-08,5.50857938381175e-09,2.57208223819962e-08,4.44793612954185e-10,3.44179762169833e-08,5.50903416295296e-09,3.19084772748581e-09,2.76573295134494e-08,9.76412686125462e-09,-5.97664921964391e-09,7.53842203246237e-09,1.82192610546966e-08,3.83502520995333e-09,6.61303726531465e-10,3.18338372396736e-09,-6.86512998837814e-09,2.899141260422e-08,-1.02310213382643e-08,-7.68680120288499e-09,-8.26697864576415e-07,1.38382816432645e-07,1.23048309513105e-06,9.17102616409954e-07,5.34914748808368e-07,1.40149659783595e-07,1.91143788399749e-06,-3.60651579044044e-06,1.86248116160487e-06,-1.62342354697132e-07,2.7391961866555e-07,-6.94969168629417e-07,-8.58220438945739e-08,2.28175465305911e-07,1.33302508761344e-07,1.70394304295478e-07,-3.87524497024359e-07,-2.5490181843693e-10,1.3184521672957e-09,2.70395833609864e-09,9.80958809977722e-10,2.58939153470819e-09,1.2513474291324e-09,1.23570374699017e-09,4.2123270378417e-10,8.51001000460568e-10,3.24932126376387e-09,-2.11303802177609e-06,-3.57340603165389e-06,5.99099197202846e-07,9.35000738610752e-08,1.39518582426318e-06,-7.36987558836005e-07,-5.82553229109716e-07,-3.60158686030901e-06,7.48556409592412e-07,1.78670550790572e-06,9.13564538447766e-10,-6.01709744985159e-05,8.3394856652117e-07,5.39221968819951e-06,-1.59371756540109e-05,-1.60373001535816e-07,3.14760294382549e-07,-1.09284827108598e-07
"north_west","beta14",1.4751071322337e-07,-3.87754735816387e-07,-1.06818447916206e-07,2.27936920758998e-07,-3.36439056499857e-08,4.36463082780504e-08,-9.28668047740948e-08,1.93887896750357e-07,-2.78742716442458e-07,6.91327037565377e-07,-5.38159268384179e-07,4.95647924951408e-08,-2.31833056675884e-08,2.57014114416394e-08,1.09588019080526e-08,1.72412081321686e-07,3.03926263499493e-08,2.14642247065674e-08,9.83185867529641e-09,8.47962878280804e-08,2.20335545631503e-09,2.33498549372686e-08,6.44572810959691e-08,-9.3302034846136e-09,8.7637230118312e-08,2.19731358853569e-08,-3.0899007710486e-08,2.84170883070465e-08,6.1742287873631e-08,4.6267769073256e-08,7.25823766653236e-08,1.78571145077614e-09,5.50655429691735e-08,8.78480082066951e-09,2.62856492461007e-08,-2.79619836832541e-08,5.574072017125e-08,-2.12523477342829e-08,-5.41073815672179e-09,-1.19383255494001e-09,1.11551811564574e-06,9.93526790616825e-07,-3.17396347391825e-06,-1.55960255798252e-06,-1.11413932458449e-06,4.54041877816828e-07,-2.78085600548232e-06,6.27894509283248e-06,-1.089943767813e-06,7.16843410312395e-07,-3.924300712256e-07,-3.7888699116948e-07,-2.1170468336986e-07,-1.45260018893713e-06,1.46786013648187e-06,-5.79321774687422e-07,2.15867604864235e-06,1.63831898776331e-09,4.63021493585612e-09,-1.19488925742882e-09,1.07506234384918e-09,7.35715146109226e-09,1.14240901043657e-09,1.21822845008636e-10,3.82882235987736e-09,-2.97273870494912e-09,9.14297662269062e-10,2.60338465363442e-06,7.12498199696736e-06,1.18420701037946e-07,-5.36960347405927e-07,1.44242880349757e-06,-1.8469618526502e-06,1.2215129166554e-06,1.37461036647478e-05,4.0772722358173e-06,-1.65274175809179e-06,-1.30781946436774e-09,8.12600607113848e-05,-6.72947857583e-06,-8.68762460349057e-06,-1.65964257337966e-05,1.89676044512233e-07,-9.72227833106292e-07,-9.86936425250171e-07
"north_west","beta15",-3.01881343623255e-07,-8.11735260050475e-07,-5.17359711721846e-08,-1.13772654961208e-06,-3.43478115499907e-08,-1.6929278362682e-08,1.35927288966673e-08,-5.25175297781045e-08,1.31836746164276e-07,-5.38159268384179e-07,8.56437268251275e-07,-9.23863639519342e-08,5.24820946677381e-08,-4.66044603783312e-08,7.45330030422197e-09,4.20026395942066e-08,-4.56641360720257e-08,-1.03475751521485e-09,-2.32960191077406e-08,-9.32563463726545e-08,7.36139351085645e-09,-3.94360578869862e-08,-5.74347158720398e-08,3.55211286119388e-09,-8.26751249022298e-08,-2.52596630459208e-08,1.74806902558325e-08,-1.06657165003582e-08,-8.03056614057434e-08,-3.33640017184775e-08,-6.35229525352163e-08,1.4027419015521e-08,-6.15825006465608e-08,-1.22287807020902e-08,-1.48139534339181e-08,1.58211195575891e-08,-2.88510924901197e-08,7.87383985948435e-09,2.10276596214727e-08,2.43535009167682e-08,1.11740439959767e-06,8.13524109636966e-07,2.80808745468022e-06,1.30829790058808e-06,2.74451164199784e-06,-5.49059729064409e-06,9.69795547175266e-06,-1.13281618404944e-05,3.59700310859145e-07,-1.13830506150582e-06,1.36558066472939e-07,1.91902586035123e-07,-8.48946363274241e-08,-9.64236646332516e-07,-2.7684269796783e-06,3.95176418242162e-07,-2.23654126416854e-07,1.93503109794122e-09,-4.78160798325786e-09,2.55116858142929e-09,2.13797901128692e-09,5.98489429343024e-09,-2.50487914981878e-09,3.32993945842965e-09,-3.542140609066e-09,2.008430792467e-09,2.94294299533283e-09,4.10124191851524e-07,-4.26605538189329e-06,-1.1423153296884e-07,2.34748632357227e-07,-2.15342041657578e-06,2.91477401518494e-06,-1.2277933635922e-06,-9.40429823802793e-06,-8.18041510163591e-06,1.89906551515396e-06,-1.32101410706481e-09,5.63660526368163e-05,6.05415815583532e-06,-1.48850627379137e-06,-9.6327599166954e-06,3.70395110238295e-07,8.26930491059605e-07,5.38740752860793e-07
"north_west","beta16",1.55371884849736e-07,1.63225038013988e-07,-7.80790156635398e-09,2.77027711064343e-07,-1.88779334021394e-08,4.73479336205294e-09,2.66443464651851e-08,-1.14681378394947e-08,3.63506669205284e-09,4.95647924951408e-08,-9.23863639519342e-08,5.0330293144186e-08,7.9412787502902e-09,5.63331071199905e-08,1.44392659178543e-08,6.38281148839555e-08,5.61939374407468e-08,1.43288191449864e-08,4.59847857404276e-08,6.53926498379507e-08,2.85755522105906e-08,4.40271198929087e-08,5.76484021258803e-08,4.09820799127766e-08,7.17523936896431e-08,5.54120274835109e-08,-9.70358999792018e-09,4.73185557767528e-08,8.11248377025702e-08,4.50776382275223e-08,3.6639066018836e-08,1.53839784941866e-08,5.32463724717075e-08,2.68218941627283e-08,1.01537749579879e-08,4.71232819256224e-09,2.46156815026433e-09,1.61101069398782e-09,6.60765163113879e-09,-7.19549805876498e-10,-2.09519942185353e-07,1.43781801656148e-07,-5.36728096594984e-07,2.05151768206566e-07,-2.74754894672427e-07,1.38354142253483e-07,-1.60537173809983e-06,2.80891673521089e-06,-9.43047710911881e-07,6.09087269612309e-08,-1.71642991569899e-08,-8.02532828679869e-07,-7.10312906532967e-07,1.67940649546082e-08,6.81614393075662e-07,-7.7425935683843e-09,1.02091080802806e-09,2.26708725940084e-11,3.31777074886031e-09,2.56658457088544e-09,1.1167070361095e-09,2.84944889323077e-09,8.9577645878544e-10,-5.33686345570053e-11,1.75516020789154e-09,-5.90747002838958e-10,3.76302736744221e-10,-3.64880350298798e-07,8.42425413212552e-08,-1.63093117457089e-07,2.76177168486594e-07,1.69591546038259e-06,-6.48373584541476e-07,1.90236763018222e-07,-1.0185756483073e-06,2.66481561682202e-06,-4.46896603110591e-07,-1.45636517251579e-09,-0.000127043817246319,-5.61444486249204e-06,4.11096244747093e-06,-1.18236744910268e-05,-1.24785268778515e-06,-2.06052699567435e-07,-2.2409100267195e-07
"north_west","beta17",3.96426231359074e-08,-2.77376861057356e-07,-7.8768717303242e-09,2.06276656090111e-07,-2.05849274931811e-08,7.33555786301519e-10,2.78744686168988e-08,-1.88021562180015e-08,1.2263107002833e-08,-2.31833056675884e-08,5.24820946677381e-08,7.9412787502902e-09,5.40853872876293e-08,-1.08225842671053e-08,4.15911882213355e-08,-7.38833174669143e-09,4.48659765394568e-08,2.96220026985263e-08,4.04452000725171e-08,3.05831703485233e-08,4.18047177173961e-08,3.74735604623637e-08,5.82200278411008e-08,3.40222950700139e-08,7.58921224456199e-08,4.72036114686221e-08,-2.55803273215879e-09,5.11413024818634e-08,7.20097821120211e-08,4.49021434029146e-08,3.10308798476633e-08,1.97636261196837e-08,5.3140677611296e-08,1.8022093254408e-08,7.74498929249696e-09,-4.68988579405507e-09,7.13194033141471e-09,9.02434618688761e-09,-9.7809849679294e-09,4.82551997021293e-09,-4.65783045328391e-07,6.50515052249733e-08,-2.49079767512803e-07,1.48626905873937e-07,-4.98786687967254e-08,1.30586905510956e-06,-3.07158427998368e-07,-7.33086825685247e-07,9.91410063884828e-08,-1.66064443294337e-07,1.94573799860664e-09,-5.01628468077297e-07,-5.23355581777501e-08,-8.46776947461916e-09,5.84537347711119e-08,-1.08134382219524e-07,6.89715853928515e-07,4.29155940849785e-11,1.24346492590813e-09,1.93906914988341e-09,1.36954129701074e-09,4.26211562692208e-09,1.08976958815504e-10,6.53335488985857e-10,1.4310496393249e-09,-2.52501227995541e-10,2.41678633749589e-09,6.13183710162332e-07,-4.85119118450616e-08,-3.0637644061038e-07,3.60199559659166e-07,7.50070962504758e-07,-1.86850667803616e-07,-8.35909282484422e-08,1.19212653204896e-07,2.09931362678657e-06,3.52532203740039e-07,3.32029914762722e-10,-0.000155292170449226,-4.79325121720845e-06,1.29113576422292e-06,-1.21260666986463e-05,-1.40660308507866e-06,-1.97343021865264e-07,-1.16980094473786e-07
"north_west","beta18",5.32818165101044e-08,1.10813282959702e-06,-1.30129664922915e-07,-2.6385491327538e-07,-2.18190060470785e-08,1.07107146656648e-08,2.55635155764953e-08,-5.91028102709428e-09,6.6289625186807e-09,2.57014114416394e-08,-4.66044603783312e-08,5.63331071199905e-08,-1.08225842671053e-08,2.16094977943119e-07,-7.90187074982394e-08,-9.00447952449526e-08,3.84850990239144e-08,-1.2215891514758e-08,2.49859665249316e-08,-1.02075115747139e-08,2.12222272259697e-08,-1.50637144284135e-09,-1.49618091491234e-08,5.68785528224425e-08,-3.59229222792176e-08,2.71282566961027e-08,-4.37193738220381e-09,-8.33078226179461e-09,1.70230592353672e-08,-1.46141383969163e-08,-1.01179657812079e-08,-4.70024207097956e-10,-2.06650520983117e-09,-3.92200034756434e-08,7.24141598712496e-09,1.25046486157545e-08,-6.30696946322163e-09,-1.2325625754179e-08,4.04552735707267e-08,-1.13740346158354e-08,-9.53678164458864e-08,-4.617571943041e-07,4.95094038747258e-07,1.84023286223557e-06,-2.60816492887261e-07,-2.15320232993474e-06,2.15406385295812e-06,4.87304276476085e-07,1.76549410466928e-06,-3.14891903009582e-07,2.06133091318783e-07,-9.48460481437504e-07,-1.11265578648938e-06,3.13759456871783e-07,-1.43669221631148e-07,1.0813217515502e-07,-3.05746977159446e-07,1.66894646720931e-09,1.46300725912124e-09,3.57715496205394e-09,1.00547873009164e-09,-6.7431352043322e-11,7.77058639694762e-10,-2.39687238156408e-10,9.79252969478677e-10,-8.48923057726521e-10,1.92837212635054e-09,1.43489186579584e-06,-2.52609089822788e-06,-7.98862981435104e-07,1.40885157063075e-06,1.21343675657064e-06,1.87591492471234e-07,-1.44970215176215e-07,-3.258481981615e-06,2.37557202231257e-06,3.0623902069564e-07,4.65370541064966e-10,-0.000149785596573501,-6.0648008790661e-06,1.34685607172576e-05,-2.19611171561656e-05,-1.48481130474114e-06,1.67217487368982e-06,2.33374447057949e-07
"north_west","beta19",2.21142160337611e-08,-4.84666619369443e-07,-3.51189235344489e-08,3.13059290499196e-07,-9.62705862984794e-09,-1.87963407766889e-08,3.00106557305063e-08,-4.80350210604883e-09,3.63198797711353e-09,1.09588019080526e-08,7.45330030422197e-09,1.44392659178543e-08,4.15911882213355e-08,-7.90187074982394e-08,1.95577140357317e-07,1.60193842754304e-07,-1.98722672084052e-08,1.02275365298508e-07,1.57848632297522e-08,1.2483451535606e-07,4.25141896500297e-08,9.80650223725992e-08,1.06770621780201e-07,6.56470371902148e-08,1.38293521221467e-07,1.21999521726646e-07,-1.21650336877453e-08,9.78603511049815e-08,1.53164492926736e-07,1.01426370994601e-07,6.77372723541635e-08,5.92096798005309e-08,9.15670787824753e-08,9.13639057627335e-08,6.80729832928708e-09,-1.54734834723271e-09,8.98182135710925e-09,1.87184667593037e-08,-3.65894871550494e-08,4.27922622896618e-08,5.89248858956998e-07,5.22003429869784e-07,-4.59086114399202e-07,-7.33174841309793e-07,9.60375274681893e-07,2.30434424934687e-06,-1.63133611339032e-06,4.95014326976153e-07,-5.59657255017146e-07,-5.07859641487146e-08,-5.83651325845167e-08,-5.08482513491959e-07,3.86072305381315e-07,-4.01012124109577e-07,5.50948357482903e-07,-1.82502976057162e-07,5.72413258369703e-07,1.76840025122924e-10,3.98530433156626e-09,2.57625592526089e-09,3.22290934568999e-09,1.02712561292887e-08,2.08567827305174e-09,1.8055255397534e-09,2.99858738803274e-09,1.87910251093093e-09,2.00254797989268e-09,-1.98506443046549e-06,4.95171008501574e-07,3.92743556326783e-07,-1.03525126968381e-06,8.93681197143693e-07,-1.20735771077125e-06,-3.96679219299832e-08,1.92231205170339e-06,4.28099323229126e-07,4.09230076275284e-07,-1.60385895882862e-09,-0.000123600486919843,6.91888443250653e-06,-9.24386565921286e-07,-2.7331040332453e-06,-1.12141687688057e-06,-1.75880650178306e-06,-6.41220323933726e-07
"north_west","beta2",2.4599607698775e-07,5.11427213804524e-06,-5.99115579398781e-07,5.00743976054376e-06,-1.86858465595745e-06,8.11764452485232e-08,-4.39890696160821e-08,1.22798593608151e-07,-4.97370939477945e-08,1.72412081321686e-07,4.20026395942066e-08,6.38281148839555e-08,-7.38833174669143e-09,-9.00447952449526e-08,1.60193842754304e-07,1.65653902200318e-05,-5.57674006107358e-08,1.09412410398526e-07,-2.83176742591665e-07,5.49022611061628e-07,-1.5728395331442e-07,2.145332117295e-07,9.66123679481347e-08,1.43228617392557e-07,7.35481133203378e-08,2.02187928575101e-07,-1.10712079994737e-06,1.03024323653212e-07,2.90032638643618e-07,1.78965916244523e-08,2.07581258260619e-07,9.13788972799029e-08,1.01598948676603e-07,1.20146043734385e-06,5.36034994073514e-07,-2.66427195578704e-07,4.15492936473688e-08,-3.59528646831202e-09,1.18095238839408e-07,-2.29905535829063e-08,8.11667244388144e-06,4.53941154226311e-06,-5.59426937176846e-06,-4.10307059732263e-06,6.50424917785078e-06,3.6867798951809e-05,-1.14230125422998e-05,5.12262373519231e-05,-1.59335249250252e-05,1.12913166055048e-06,1.07333360458902e-06,-9.58012974997203e-07,-5.94561540959244e-06,-5.26192760500362e-06,-3.84253987601114e-06,3.57299899080675e-06,-5.73364283936834e-06,2.01907009887757e-08,3.08076303085502e-08,2.33992419150362e-08,1.71642470447587e-08,-7.9066617260123e-09,1.53451067087912e-08,-1.07163640392073e-08,2.16627002289248e-08,3.15963078006698e-08,-2.34802386458866e-08,-9.75325769604469e-06,2.04450728211514e-05,-4.85227764906052e-06,-7.61604058628826e-06,-5.29680609022459e-06,8.47059287529506e-06,3.14006012504015e-06,-6.55496824155269e-05,4.52067180745942e-05,-2.92471297186846e-05,-2.9660330631389e-08,0.000133616121633635,8.54117660867632e-06,-8.51824660927791e-05,-3.28271744345364e-05,3.90043972034669e-07,-6.11546461960586e-07,-4.94090502658636e-06
"north_west","beta20",2.3789776104255e-07,-2.58045797101323e-07,-1.90457981565255e-08,4.38606661904648e-07,-5.64543824358195e-08,1.64583847228958e-08,4.13237284971686e-08,-3.08877028585306e-08,1.13999267220826e-08,3.03926263499493e-08,-4.56641360720257e-08,5.61939374407468e-08,4.48659765394568e-08,3.84850990239144e-08,-1.98722672084052e-08,-5.57674006107358e-08,2.23790241504252e-07,-2.16917680506322e-08,1.86082798126675e-07,7.60454595834301e-08,9.28615468606803e-08,9.32173091995615e-08,1.41621631743071e-07,8.10125112902758e-08,2.01815156291321e-07,8.99992043718361e-08,-8.06722875703352e-10,1.3024269285395e-07,1.73789541216556e-07,1.39232779696238e-07,7.34532534273419e-08,6.99152467338734e-08,1.26249088235048e-07,9.27107640739146e-08,1.20258179206958e-08,1.6303440401661e-08,-9.28729359331805e-09,1.19518896492696e-08,-2.87686555347309e-09,-1.70812480623792e-08,-1.26584378398443e-06,3.00680906400242e-07,-1.95856435014478e-06,2.16579902127705e-07,-1.20087145314873e-06,4.668682274995e-07,-1.20436622957172e-06,3.22316652579526e-06,-1.96414756730076e-06,9.68540869340195e-08,-1.6847336553462e-07,-1.12836913101524e-06,-5.98584263043381e-07,-1.08674503941727e-08,1.29586064495128e-06,9.14472520189554e-08,3.87182771091104e-07,-3.60112059710991e-10,4.28836040330411e-09,4.07553784888723e-09,8.31413818073088e-10,4.16886151916081e-09,6.33223991305186e-10,4.28241050459946e-10,1.99473767452538e-09,-2.1990437716111e-09,3.52144907288325e-09,9.73212638788405e-08,1.90126370327518e-06,-8.29354327221615e-07,1.11078871660868e-06,3.43719057619324e-06,-2.03164297331241e-06,1.7180672688775e-07,-4.33099051183353e-06,5.54189369602956e-06,-8.7176116937667e-07,-3.84009013871131e-09,-0.00025035443471056,-2.22721880521609e-05,-2.86942572488639e-06,-3.09710262912603e-05,-2.34993564565481e-06,-1.67936655323938e-06,-5.96631113125027e-07
"north_west","beta21",3.61392904242542e-08,-6.40788622290056e-07,-4.78670977777317e-08,3.78777422694626e-08,1.74805295552665e-08,-1.65072827159681e-08,2.0530712116858e-08,4.68163319657966e-09,-7.15774713193273e-09,2.14642247065674e-08,-1.03475751521485e-09,1.43288191449864e-08,2.96220026985263e-08,-1.2215891514758e-08,1.02275365298508e-07,1.09412410398526e-07,-2.16917680506322e-08,1.1599982668625e-07,-7.10491476581541e-08,1.17015792930427e-07,2.63729511527379e-08,6.61115557315587e-08,6.37039110844261e-08,5.09110845364351e-08,8.17512047932679e-08,9.03717797874872e-08,-9.5099287873219e-09,5.41744591957653e-08,9.89373323613625e-08,6.38389163821844e-08,3.82229250582755e-08,3.98510627044074e-08,4.73095316522554e-08,5.50090187289459e-08,5.94625117340432e-09,-9.54462114433776e-09,2.31349293530819e-08,-7.62718908960811e-09,-2.71634676055153e-09,3.31437282364872e-08,1.12677004208111e-06,4.23452037088846e-07,1.0413947245533e-07,5.80564076326751e-08,6.95572143839067e-07,1.11477936752083e-06,-1.05811860521449e-06,5.3117325021636e-07,-1.21410099601612e-06,-4.0515550584252e-08,-2.06692451282263e-08,-3.15239520533507e-07,1.51121377145478e-07,-4.91277199333588e-07,4.70630634545241e-07,-7.80339778178605e-08,-6.75148396173698e-07,-3.95762474686451e-10,2.09897977552171e-09,5.26560171280923e-10,1.8206728342303e-09,5.68939581387554e-09,5.99673888516347e-10,4.62802509347319e-10,1.70890897004372e-09,1.33642064785677e-09,2.42167937284244e-09,-1.12982157898012e-06,3.66647227929456e-07,-2.60309267435695e-07,-3.02618293074722e-07,6.55954908714589e-07,-5.24336003876478e-07,7.50390395623049e-08,-3.82081158104645e-07,1.02858613959813e-06,2.14241817370953e-07,-6.04532839073094e-10,-0.000107524528870051,-8.92326587304263e-06,2.23989512653997e-06,5.15124564499463e-06,-1.05613935989454e-06,-1.02418393578674e-06,-2.07027302967658e-07
"north_west","beta22",2.57325632844295e-07,8.58179837998015e-07,-1.43019106722442e-07,9.21824417936019e-07,-6.8988329705085e-08,5.8011345874116e-09,8.16540574014621e-08,-5.17245188760914e-08,3.00179352423477e-08,9.83185867529641e-09,-2.32960191077406e-08,4.59847857404276e-08,4.04452000725171e-08,2.49859665249316e-08,1.57848632297522e-08,-2.83176742591665e-07,1.86082798126675e-07,-7.10491476581541e-08,5.08482120913392e-07,-3.02781893697226e-07,1.66066929261791e-07,6.16916644368135e-08,1.58457145135056e-07,8.1425933228485e-08,1.89791737457388e-07,9.24222740078619e-08,1.33048994628967e-08,1.42596276425899e-07,1.74782404506399e-07,1.18084797990966e-07,6.49060957051027e-08,7.8816379509236e-08,1.06749457164299e-07,9.69510863521978e-08,3.36682758707091e-10,5.64153019131078e-08,-6.52223052738716e-08,5.76004420262978e-08,-5.39689301215217e-08,-6.81762080047686e-09,-2.67439687137157e-06,1.11112170984982e-07,-7.96383222876499e-07,1.42806022300759e-06,-1.97551157233403e-06,5.06585551645491e-07,2.014800507674e-07,2.36362775255526e-07,3.99518385059156e-06,-8.41094572094439e-08,9.60058237519698e-08,-1.37792607751107e-06,-1.23998650723392e-06,5.780909655446e-07,2.09419556276192e-07,1.11049444612314e-07,2.84181727453408e-06,2.11167124054714e-09,3.72592285730237e-09,8.71447842910868e-09,3.10799886599615e-09,5.4241063377262e-09,2.05564832514667e-09,1.89489890764621e-09,4.37749648125364e-09,-1.54079032305739e-09,9.16498878410151e-09,1.25648121329282e-06,-2.52286796085569e-06,-2.29561741441069e-08,2.34352706780988e-06,2.36978205454342e-06,-1.68023656201137e-06,6.33477459726121e-08,-1.17895954827175e-05,1.21371608429649e-05,2.13148907394075e-06,-5.68133407682046e-09,-0.000208695900921046,-3.04102403901429e-05,5.33432386881312e-06,-4.44960954458065e-05,-1.81035500592219e-06,-1.68344764339987e-06,-4.48758697733625e-07
"north_west","beta23",1.47104605781128e-07,5.96447891317122e-07,3.33668697407317e-07,-1.03773951262111e-06,6.17824766257712e-08,-1.55437250029842e-08,1.56699569609605e-08,1.83535095568082e-08,-3.29767185289349e-08,8.47962878280804e-08,-9.32563463726545e-08,6.53926498379507e-08,3.05831703485233e-08,-1.02075115747139e-08,1.2483451535606e-07,5.49022611061628e-07,7.60454595834301e-08,1.17015792930427e-07,-3.02781893697226e-07,9.35882225700258e-07,-2.30762947375186e-07,2.6722901020215e-07,9.6420458174684e-08,1.07325836793734e-07,1.77751504601207e-07,1.8426716481125e-07,-4.03354993574289e-08,1.26496190661104e-07,2.03819634904077e-07,1.94477530977883e-07,1.0908352303128e-07,6.09225489028646e-08,1.95559307314423e-07,1.32818783269014e-07,3.25893529692911e-08,-3.22961228281157e-08,7.58364199444451e-08,-7.00492150130176e-08,5.60313803590825e-08,2.24685506110592e-08,2.25265514215864e-06,1.69198399289207e-06,-3.30996451794757e-06,-2.50705429133972e-06,1.08409248744423e-06,4.93803001944575e-06,-3.21906418254293e-06,7.75958560852236e-06,-1.44937490812336e-05,2.70014812252294e-07,-6.28044628440812e-07,-6.78663475414682e-07,3.5065559588186e-07,-1.72432481013785e-06,3.43716638053708e-06,3.91064166288343e-07,-4.07283462487271e-06,-2.24304935948125e-09,9.57636349981722e-09,4.78032101488719e-10,8.71858181948609e-10,7.75342284645493e-09,1.48162626648589e-09,-2.18120996217037e-09,-2.22147048197525e-10,3.49994796300643e-09,-7.9076047510641e-09,-4.85814114853051e-06,6.7362405141672e-06,3.21547653250429e-07,-2.2793621783914e-06,3.46538243332563e-06,-2.22287578122616e-06,8.96916835054057e-07,1.14155738805708e-05,-1.81483638413789e-05,-6.57915607207232e-06,-4.72658932318561e-09,-0.00021362292146969,-5.81331745467873e-06,-2.04048980748022e-05,3.67291482063689e-05,-2.25918326406608e-06,-2.03342073754748e-06,-1.61380437861818e-06
"north_west","beta24",1.9773940896344e-07,-3.40923341398142e-07,-1.9165720477177e-07,1.38809374683008e-06,-7.66822688011836e-08,2.5907675887718e-08,2.72629844403878e-08,-3.31720943141441e-08,2.14812799309175e-08,2.20335545631503e-09,7.36139351085645e-09,2.85755522105906e-08,4.18047177173961e-08,2.12222272259697e-08,4.25141896500297e-08,-1.5728395331442e-07,9.28615468606803e-08,2.63729511527379e-08,1.66066929261791e-07,-2.30762947375186e-07,2.62004053633717e-07,-6.41408264468536e-08,1.6021803730682e-07,3.37986684075413e-08,1.45443939343289e-07,7.43814060747492e-08,3.02658034405727e-09,7.90551017073012e-08,1.27015016701938e-07,6.03976230100631e-08,4.84038423475532e-08,4.1564334060386e-08,5.55465709899355e-08,1.8031749086457e-08,2.02399757671296e-09,7.01812927576933e-09,-5.00180735328776e-09,3.99879822320109e-08,-2.00321909351193e-08,-3.09951520005257e-08,-1.44397842526597e-06,-6.7793414476163e-07,6.13993848925257e-07,7.1230057946967e-07,-5.11202539091876e-07,-1.0598869540992e-06,-8.9540457524453e-07,-2.98972635641699e-06,5.53675535222358e-06,-1.87275625418376e-07,1.77560663836867e-07,-9.98025073990558e-07,-3.0119074279863e-07,8.59326800545782e-07,-2.88607180650272e-07,-6.00725662320741e-07,2.45400366719435e-06,3.61644576757681e-11,-4.99989553533224e-10,4.30010507207856e-09,2.02412183661379e-09,4.70287513076143e-09,4.14476348447348e-10,2.22319598751862e-09,2.89703478008313e-09,-3.57804436357571e-09,9.14455993756441e-09,1.08611513011356e-06,-2.03908283723129e-06,-1.41553744735477e-07,5.94621452129687e-07,2.15660813306851e-06,-1.80433387870416e-06,-8.04095493429225e-08,-4.54526161517859e-06,1.47311061370125e-05,3.91543604493754e-06,2.28134425826219e-10,-0.000183610266548861,-1.95445108280042e-05,1.20305231841738e-05,-4.30013323586696e-05,-1.61974849402649e-06,-1.08378589258496e-06,1.19793045875463e-07
"north_west","beta25",7.20499655686024e-08,-1.59735248730451e-07,9.07031098996903e-08,-1.28434421799942e-07,3.27162475516125e-09,-2.84236691295421e-08,5.66236536543907e-08,-1.36963935748061e-08,1.06886901130707e-08,2.33498549372686e-08,-3.94360578869862e-08,4.40271198929087e-08,3.74735604623637e-08,-1.50637144284135e-09,9.80650223725992e-08,2.145332117295e-07,9.32173091995615e-08,6.61115557315587e-08,6.16916644368135e-08,2.6722901020215e-07,-6.41408264468536e-08,2.52000242113579e-07,3.52255793849677e-08,1.77698030616525e-07,1.67455425994445e-07,1.55889658545272e-07,-1.51232106623306e-08,1.46317336101123e-07,2.09877852677757e-07,1.65184118966491e-07,8.34798181414194e-08,9.49622437217822e-08,1.44069582005405e-07,1.67511337096167e-07,1.14835634763052e-08,2.61743769223601e-08,-1.82049574669173e-08,1.39224682997953e-10,-2.01436306222732e-08,5.63808844163045e-08,7.06315467674535e-07,5.83509533030287e-07,-1.91572276367893e-06,-2.52963018439422e-07,-2.42218956652331e-07,3.65366696389678e-06,-2.16513116660705e-06,6.10035284164358e-06,-5.70965030259696e-06,2.76525464930999e-07,-9.34738143652561e-08,-9.07071233890843e-07,-3.39891197587717e-07,-3.58217383645842e-07,1.21516558599444e-06,3.91353736042124e-07,-1.81243041357259e-06,2.74058769657655e-09,1.05423738277472e-08,5.23173688123384e-09,3.83399045373819e-09,1.22434625935423e-08,3.96584198153219e-09,1.00838539488943e-09,3.67762925680154e-09,4.16472403907456e-09,1.73412663243702e-09,-1.24855193337634e-06,1.59846052895641e-06,-6.2709014798597e-07,3.74669502864092e-07,1.56067810905031e-06,-1.46668453872548e-06,4.3357457340819e-07,-1.69414781487284e-06,-4.54425140932759e-06,-3.44597870991619e-06,-9.69047499732726e-09,-0.000188684799325195,-1.59875253263516e-05,-5.54906612085806e-06,3.18980395577873e-06,-1.784312525859e-06,-1.85406098765487e-06,-1.32535025538672e-06
"north_west","beta26",3.60441070236414e-07,-1.12364286575008e-09,-4.88673269421611e-08,6.45478613763658e-07,-2.39909855344483e-09,4.91410546094149e-09,6.11367759440665e-08,-3.04499952802035e-08,5.50857938381175e-09,6.44572810959691e-08,-5.74347158720398e-08,5.76484021258803e-08,5.82200278411008e-08,-1.49618091491234e-08,1.06770621780201e-07,9.66123679481347e-08,1.41621631743071e-07,6.37039110844261e-08,1.58457145135056e-07,9.6420458174684e-08,1.6021803730682e-07,3.52255793849677e-08,3.48428662312047e-07,-7.80902311349162e-08,3.42380083644623e-07,1.30317951706459e-07,-1.36875918136191e-08,1.59719678352508e-07,2.44976963675221e-07,1.45680960368905e-07,1.08945375407399e-07,7.38462690370096e-08,1.39371379417858e-07,1.67967046958498e-07,1.59158504428313e-08,1.44428378074144e-08,7.42845750987578e-09,2.12177661946789e-08,-3.02748208749956e-08,1.05687716725097e-08,-6.15758545895768e-07,7.50718165946938e-07,-1.89696978917638e-06,-5.2454211076496e-07,7.04111401606668e-08,1.64586666587408e-06,-9.43643160377786e-07,5.17206243454533e-08,-2.69490673883275e-06,1.06981389068505e-07,-2.53455547377396e-07,-1.241898950095e-06,-1.55423308864658e-07,-7.39082998531257e-07,1.97656190232715e-06,-1.49000215257043e-07,7.64787068435137e-07,-1.95953716166252e-09,6.44814672260233e-09,5.58359335078084e-09,3.23562812041748e-09,7.14191290054893e-09,1.94049242303654e-09,1.23375043220802e-09,4.0996486882027e-09,-2.78460535895351e-10,5.20172800117501e-09,-1.79444815781344e-06,2.26413268193482e-06,6.46963633760683e-07,-9.23610492602808e-07,3.6731727958487e-06,-3.29158754387921e-06,6.23583155964354e-07,-6.92599590879488e-08,5.79055271526469e-06,-3.9260765516814e-07,-1.99698169730353e-09,-0.0002605478647027,-2.27327093102605e-05,2.54761361572375e-06,-1.05430031020628e-05,-2.4247046640074e-06,-2.36863081637892e-06,-7.56493800576831e-07
"north_west","beta27",-1.77596393812858e-08,1.59112600710915e-07,-6.88284758335125e-08,4.65053410558751e-07,-4.05602420793549e-08,-3.41839495766928e-09,4.25719952159842e-08,-1.07376067973014e-08,2.57208223819962e-08,-9.3302034846136e-09,3.55211286119388e-09,4.09820799127766e-08,3.40222950700139e-08,5.68785528224425e-08,6.56470371902148e-08,1.43228617392557e-07,8.10125112902758e-08,5.09110845364351e-08,8.1425933228485e-08,1.07325836793734e-07,3.37986684075413e-08,1.77698030616525e-07,-7.80902311349162e-08,4.46280829158923e-07,-1.48842696629259e-07,2.64149567322498e-07,-1.39122167284854e-08,9.31398612269425e-08,1.87048102086006e-07,1.45312659239106e-07,6.28381404427824e-08,7.31135028152597e-08,1.43756689178128e-07,5.11847077178003e-09,5.51662376875187e-09,2.68060909634537e-08,-3.73505604902497e-08,3.87806904554546e-08,-1.55050145955995e-08,9.36446355646988e-09,-1.17581000119457e-07,-5.74034154799182e-07,-6.06802216081762e-07,4.75933387598302e-07,-7.69396533784296e-07,1.01067645292835e-06,-6.03329751122093e-07,1.85086781697798e-06,-1.36433549501031e-08,-3.37568222620462e-07,8.43266290345006e-08,-1.29157496950451e-06,-6.52608150285517e-07,8.46324151001785e-07,-4.64722593186604e-07,-4.23560355929872e-08,4.95136112052282e-07,4.53487179017472e-09,7.30374762075924e-09,9.3835806517539e-09,5.26782688886691e-09,1.29699334556108e-08,3.28266257429639e-09,3.73790100406699e-09,3.81306703976977e-09,1.57106452154614e-09,6.63763642226728e-09,4.90115772962161e-07,-4.379453617508e-07,-1.67155069102236e-06,1.23157544907216e-06,1.11716331925303e-06,-1.01340183737945e-06,4.0590467493718e-07,-7.31571116147484e-06,4.32858130443398e-06,1.31295809120001e-06,-5.91269779749934e-09,-0.000188745724932023,-2.03603302140122e-05,7.45897811561064e-06,-1.88566662812856e-05,-1.75633394950656e-06,-1.04711268925857e-06,-9.75805481526942e-07
"north_west","beta28",3.54707773834474e-07,7.39670950734352e-07,9.81835455806548e-08,2.74143495517762e-07,2.00723236877812e-08,-1.66577692642063e-08,9.75013486108844e-08,-5.66320511562098e-08,4.44793612954185e-10,8.7637230118312e-08,-8.26751249022298e-08,7.17523936896431e-08,7.58921224456199e-08,-3.59229222792176e-08,1.38293521221467e-07,7.35481133203378e-08,2.01815156291321e-07,8.17512047932679e-08,1.89791737457388e-07,1.77751504601207e-07,1.45443939343289e-07,1.67455425994445e-07,3.42380083644623e-07,-1.48842696629259e-07,8.1680392593236e-07,-9.42457293710595e-08,-2.25630362145738e-08,3.1585538590328e-07,3.04753064084947e-07,2.25484333295397e-07,1.41682978494213e-07,1.32525324731627e-07,1.91298152655676e-07,2.63631218553741e-07,2.89714563104226e-08,6.44687783589943e-09,4.95886010104836e-08,-3.98724289522953e-08,-1.90526551993734e-08,5.19671462492578e-08,-6.89380615408831e-07,9.79446620620478e-07,-1.21028317753263e-07,6.88641428754122e-07,1.20402953719239e-07,4.50227151637199e-06,-4.58878145933032e-06,4.62653996852896e-06,-2.87159395537423e-06,6.47559474284144e-07,-2.54232875345232e-08,-1.23093297140541e-06,-3.38497093296615e-07,-9.6467508928661e-07,3.29210339399801e-06,2.9799516146553e-07,-1.55430810597661e-06,1.43351144894412e-09,1.07415095951832e-08,5.23128046774915e-09,2.35043985734077e-09,1.66577831277162e-08,4.7356413262762e-09,9.74613096052504e-11,6.0952896633614e-09,1.15567149212509e-09,6.71474094587279e-09,-3.45851488666129e-06,-2.52719717375192e-06,1.79677599623334e-06,3.14188770681689e-07,5.06262111418627e-06,-5.53064527052742e-06,9.95985255521579e-07,3.44263904619604e-07,-1.62833058385891e-06,-3.93312474786632e-06,-1.08522797473198e-08,-0.00035522765324475,-2.34814711127424e-05,-7.27367034341099e-06,-1.83464898743423e-06,-3.24169969803399e-06,-3.2576340404525e-06,-1.37368518446397e-06
"north_west","beta29",2.55762455503311e-07,-7.05446146904916e-07,-4.96908812498008e-08,1.13500934817074e-06,-4.33545015094098e-08,2.2481974113841e-09,6.69725904463698e-08,-2.74314859897995e-08,3.44179762169833e-08,2.19731358853569e-08,-2.52596630459208e-08,5.54120274835109e-08,4.72036114686221e-08,2.71282566961027e-08,1.21999521726646e-07,2.02187928575101e-07,8.99992043718361e-08,9.03717797874872e-08,9.24222740078619e-08,1.8426716481125e-07,7.43814060747492e-08,1.55889658545272e-07,1.30317951706459e-07,2.64149567322498e-07,-9.42457293710595e-08,5.25805605955896e-07,-9.19619150195024e-09,8.95254176779363e-09,3.34321935330031e-07,1.72228954536688e-07,1.16941018243997e-07,1.23073311803452e-07,1.62463226732407e-07,1.58706791363353e-07,9.41939561111512e-09,2.76333624890448e-08,-4.13004370489893e-08,7.19375346751012e-08,-4.71019318192815e-08,-1.29577520584845e-10,-2.52448531009152e-07,-3.59570058925855e-07,-4.12324263559419e-06,-1.61225664858811e-06,-7.32918448014511e-07,1.78566474854326e-06,-5.04397476763347e-07,3.18108512179332e-06,-5.39329757158184e-06,-1.28430492760694e-07,-2.53517200883722e-07,-1.77374931023119e-06,1.59595671690372e-07,8.22095487025256e-07,3.60269751231428e-07,-1.52344171719203e-07,1.01017547454066e-06,1.87990058770361e-09,9.60889477818734e-09,9.7748308910463e-09,8.11339300159116e-09,1.20699734838114e-08,4.95533247875706e-09,3.98820146852357e-09,3.78065343313531e-09,3.44285388057107e-09,7.3643048705023e-09,1.1388273803052e-06,5.82673735080094e-06,-2.09876256577712e-06,-7.31507871247779e-07,1.95318663550998e-06,-1.42854141961374e-06,-1.55546775207427e-07,-1.72724610569601e-06,4.35148949697589e-06,1.92080649786092e-06,-5.13867829518976e-09,-0.000228243724743188,-2.73209615447495e-05,6.31102148249751e-06,-1.97343394322588e-05,-2.18158729363616e-06,-1.9660167650826e-06,-1.75791524988944e-06
"north_west","beta3",1.55203450885622e-08,-1.68325158579449e-06,2.07549081359054e-07,2.5661273473514e-07,5.5768168470301e-08,3.27846713629939e-09,-8.23256296890386e-09,-1.49555433448741e-08,5.50903416295296e-09,-3.0899007710486e-08,1.74806902558325e-08,-9.70358999792018e-09,-2.55803273215879e-09,-4.37193738220381e-09,-1.21650336877453e-08,-1.10712079994737e-06,-8.06722875703352e-10,-9.5099287873219e-09,1.33048994628967e-08,-4.03354993574289e-08,3.02658034405727e-09,-1.51232106623306e-08,-1.36875918136191e-08,-1.39122167284854e-08,-2.25630362145738e-08,-9.19619150195024e-09,1.68751140088751e-07,-1.35758812405162e-08,-2.56662625555826e-08,-6.50039439913579e-09,-5.60708526437155e-09,-2.51092499527814e-08,1.9529697718502e-09,-6.78067443269381e-08,-1.10231539660489e-07,8.58771128762895e-08,-4.51878623292145e-08,1.65783223833236e-08,-1.96345957601661e-08,-5.34267441283796e-09,-5.69003358149578e-07,-3.34108260387949e-07,-5.22191027097856e-07,1.17320735763111e-07,-6.41146067804967e-07,-2.59035494524943e-06,-8.03205246681305e-07,-3.24970706120861e-06,2.3668945641556e-07,6.68145810506125e-08,-1.79283606262926e-07,2.6715322758292e-07,3.51100414267336e-07,5.47159889079211e-07,-6.52698454139236e-08,-3.40075684264929e-07,5.07599922162816e-07,-1.75175171845205e-09,-2.25081556000815e-09,-1.44310546066894e-09,-8.66499005496201e-10,1.11675563092606e-10,-1.58980078467235e-09,1.42216067277029e-10,-1.53733131597056e-09,-1.85208274002231e-09,-5.46920587433565e-10,1.21589156606188e-06,5.67346418463942e-07,-4.71176729319054e-07,3.80918452872805e-07,1.35961041949508e-07,-4.30652752960061e-07,-2.18161520355856e-08,9.60556409289712e-07,3.79165537200161e-07,2.03029085331472e-06,2.09802178701264e-09,-1.78741697719397e-06,-5.55912191247414e-07,4.41014314356787e-06,-4.09178925020098e-06,1.33581751379082e-07,-3.36504875220565e-08,3.15981040046566e-07
"north_west","beta30",1.36409999981469e-07,2.89284957363513e-07,7.92276932620186e-09,7.37968952172467e-08,5.19176817721339e-09,-1.57572791477332e-08,4.72009861917431e-08,-1.18474985371149e-08,3.19084772748581e-09,2.84170883070465e-08,-1.06657165003582e-08,4.73185557767528e-08,5.11413024818634e-08,-8.33078226179461e-09,9.78603511049815e-08,1.03024323653212e-07,1.3024269285395e-07,5.41744591957653e-08,1.42596276425899e-07,1.26496190661104e-07,7.90551017073012e-08,1.46317336101123e-07,1.59719678352508e-07,9.31398612269425e-08,3.1585538590328e-07,8.95254176779363e-09,-1.35758812405162e-08,2.97315866476549e-07,1.34270355383045e-07,1.63299747623274e-07,6.2836025897635e-08,8.45053503958603e-08,1.20903837920122e-07,1.28080524636079e-07,7.99899608996495e-09,2.45876023301379e-08,8.45531955365116e-09,-1.01826330877614e-08,-1.96499011862231e-08,5.11197860933844e-08,4.70455269310724e-07,4.60247771786437e-07,-1.19644721359563e-08,3.72048733953308e-07,-9.35432529436533e-08,2.84322697032083e-06,-3.1212239866681e-06,3.96913229403042e-07,-9.76909752633129e-07,8.61596978032494e-08,8.39037397437686e-08,-9.05675294372983e-07,-1.27306683037651e-06,-3.52997545202494e-07,8.00721977155396e-07,7.62711848762961e-08,-4.65638129783526e-07,3.27071523979007e-09,9.95260969915998e-09,7.67470949626699e-09,3.04169720619009e-09,1.42998379238334e-08,2.5578402701051e-09,1.43760616816415e-09,5.33865464001098e-09,1.61789456349104e-09,6.60962226616398e-09,-2.54976880538436e-06,-1.91259537883805e-06,1.09615595630572e-06,2.29649628030694e-07,2.0252170994127e-06,-2.76184704907704e-06,1.75174478387098e-06,-2.84541882615279e-06,1.21212770842356e-07,-1.86668958861023e-06,-7.45755499271939e-09,-0.000221080667895505,-1.83009113689637e-05,-6.0639613421963e-06,-4.2591026211654e-06,-2.07461813135065e-06,-2.12216745983009e-06,-3.60184180826532e-07
"north_west","beta31",2.6799931549113e-07,4.16666187219785e-07,-8.0017419239245e-09,9.40177447480832e-07,-2.65007074049595e-08,-4.85440978489436e-09,1.01503207645109e-07,-4.79567393418937e-08,2.76573295134494e-08,6.1742287873631e-08,-8.03056614057434e-08,8.11248377025702e-08,7.20097821120211e-08,1.70230592353672e-08,1.53164492926736e-07,2.90032638643618e-07,1.73789541216556e-07,9.89373323613625e-08,1.74782404506399e-07,2.03819634904077e-07,1.27015016701938e-07,2.09877852677757e-07,2.44976963675221e-07,1.87048102086006e-07,3.04753064084947e-07,3.34321935330031e-07,-2.56662625555826e-08,1.34270355383045e-07,4.74939481561044e-07,2.32241098714167e-07,1.90457113468013e-07,1.46026093574995e-07,2.55153387567006e-07,2.55344403524627e-07,2.10705645384249e-08,3.73021836863902e-08,-2.39519233856415e-08,3.80644463172262e-08,-4.17495108632024e-08,2.19709677395612e-08,-9.88973482640817e-07,1.72295109804912e-07,-3.12530976408461e-06,-4.96660751539256e-07,-1.0047011819531e-06,4.08574169957478e-06,-2.51053809335353e-06,6.28141012777421e-06,-5.34250699033732e-06,1.35802719360541e-07,-2.08197952174533e-07,-2.06356795279666e-06,-6.26793679566508e-07,1.06295707030901e-07,1.936606789462e-06,4.2568680838501e-08,-3.55206872263866e-08,2.10290916158664e-09,1.33669315970447e-08,1.21472384691211e-08,8.12520101511009e-09,1.7151602003993e-08,7.09590521858874e-09,4.29879079506491e-09,6.87240751481822e-09,3.48043333105431e-09,7.04718153529051e-09,-2.89135614028141e-07,2.32288710562574e-06,-9.11512058962987e-07,5.53547208797905e-07,4.26657670648086e-06,-4.0957448924674e-06,5.57369612678042e-07,-2.65093714871809e-06,4.38383308170774e-06,-1.46585337930585e-06,-8.49006429041125e-09,-0.00036647420099385,-2.99143974257481e-05,9.92466765492268e-06,-1.38361300919878e-05,-3.34495056475805e-06,-2.82102667401985e-06,-2.56584150762907e-06
"north_west","beta32",2.19205199215246e-07,-1.09928427755983e-06,-2.4930342597217e-08,-8.52806695300545e-07,-5.96691595994557e-09,-3.79436356107422e-08,9.42154391099992e-08,-4.64128948470079e-08,9.76412686125462e-09,4.6267769073256e-08,-3.33640017184775e-08,4.50776382275223e-08,4.49021434029146e-08,-1.46141383969163e-08,1.01426370994601e-07,1.78965916244523e-08,1.39232779696238e-07,6.38389163821844e-08,1.18084797990966e-07,1.94477530977883e-07,6.03976230100631e-08,1.65184118966491e-07,1.45680960368905e-07,1.45312659239106e-07,2.25484333295397e-07,1.72228954536688e-07,-6.50039439913579e-09,1.63299747623274e-07,2.32241098714167e-07,5.53516105979131e-07,8.68156830271849e-08,3.29667620465163e-07,2.53967029171304e-07,2.55729951873627e-07,1.28400871538295e-08,-8.51243876863201e-09,4.05020607993783e-08,-2.1088556742361e-08,-1.88885027234864e-09,2.98748639574327e-08,1.32866920204591e-06,1.53295834604706e-06,-2.75394820319343e-06,-4.13349571691981e-07,2.0374754797445e-06,2.81070637926123e-06,-2.47217866788916e-06,2.00199403133356e-06,-5.70641604856116e-06,1.0213476706768e-07,-1.9500180527199e-07,-4.86406485235557e-07,8.44694994639469e-07,-1.12795386360702e-06,1.81374518552876e-06,-2.27694488448854e-07,-1.11674084997289e-06,-5.46188758568441e-10,7.66584983209745e-09,3.81869200372461e-09,5.38229138323023e-09,1.78863925594256e-08,1.37147386958084e-09,4.74199506358816e-09,2.91951327748559e-09,2.23944052631816e-10,1.13519485995239e-09,-4.13887580072772e-06,3.61789568827891e-06,-3.49811788549331e-07,-1.65162493342657e-06,2.73434644834575e-06,-3.53213426950818e-06,7.3429290539215e-07,6.95826758005318e-06,-7.28221468081815e-06,-6.19895215242498e-07,-1.11660502627935e-08,-0.000222288886548392,-2.33565393282096e-05,-8.54161728723252e-05,-6.97006685695177e-06,-2.1539471347663e-06,-2.68857401426208e-06,-5.24229795533765e-06
"north_west","beta33",1.1467561021762e-07,-7.24799056447508e-07,-1.46256316219606e-08,7.9050174592935e-07,-7.54558456315673e-08,2.16964534498657e-08,1.60422612539547e-08,-1.53000254136966e-09,-5.97664921964391e-09,7.25823766653236e-08,-6.35229525352163e-08,3.6639066018836e-08,3.10308798476633e-08,-1.01179657812079e-08,6.77372723541635e-08,2.07581258260619e-07,7.34532534273419e-08,3.82229250582755e-08,6.49060957051027e-08,1.0908352303128e-07,4.84038423475532e-08,8.34798181414194e-08,1.08945375407399e-07,6.28381404427824e-08,1.41682978494213e-07,1.16941018243997e-07,-5.60708526437155e-09,6.2836025897635e-08,1.90457113468013e-07,8.68156830271849e-08,1.97852956895477e-07,-5.39187034672571e-08,1.72735572916569e-07,1.26742630446892e-07,3.84509327576876e-09,1.5116689957153e-08,1.3252328392036e-08,-8.44667396483912e-09,1.56599516664626e-08,-2.12526090359103e-08,-1.77697626021618e-07,6.43284985393422e-07,-2.28265274587486e-06,-1.09117483839164e-06,-3.38515650911801e-07,3.50775374298544e-06,-2.82970923034004e-06,2.27150610648227e-06,-3.93412224659663e-06,2.03953146251801e-07,-2.21710275171793e-07,-9.40541895654593e-07,-1.33236320915264e-06,-5.10052165404471e-07,6.92424476107681e-07,-2.64014303743085e-07,2.20876531435409e-07,-1.22767517442711e-09,6.33970329721523e-09,4.70856149937854e-09,3.33952042185035e-09,8.19037661990184e-09,6.2970719984605e-10,1.30005064920704e-09,2.84140445674319e-09,-3.8416311806186e-11,2.8218857715022e-09,5.73263905090656e-07,2.97675459695827e-06,2.49428256293092e-07,-3.37297871311664e-07,2.8572014481604e-06,-1.90653137153576e-06,1.13846046378064e-06,2.73604377124513e-06,2.8678243273918e-06,-1.19104742450864e-06,-5.00180402656354e-09,-0.000126625756433525,-1.42814876756947e-05,-2.07594989329659e-05,-2.5446371553584e-05,-1.23857501269499e-06,-1.31068055931993e-06,-1.9718536121946e-06
"north_west","beta34",3.71552606883459e-08,-3.00098158007443e-07,5.04576580677374e-08,-5.78542946618147e-07,-4.05652768107338e-08,-2.42032664130251e-08,5.53456652514119e-08,-3.15803713354331e-08,7.53842203246237e-09,1.78571145077614e-09,1.4027419015521e-08,1.53839784941866e-08,1.97636261196837e-08,-4.70024207097956e-10,5.92096798005309e-08,9.13788972799029e-08,6.99152467338734e-08,3.98510627044074e-08,7.8816379509236e-08,6.09225489028646e-08,4.1564334060386e-08,9.49622437217822e-08,7.38462690370096e-08,7.31135028152597e-08,1.32525324731627e-07,1.23073311803452e-07,-2.51092499527814e-08,8.45053503958603e-08,1.46026093574995e-07,3.29667620465163e-07,-5.39187034672571e-08,5.16808836361891e-07,-1.07536670040347e-07,4.6983040595082e-07,1.74712426236142e-08,-4.31774792143897e-09,1.28148143573539e-08,1.35490689736024e-09,-2.78277523688702e-08,3.49139620176055e-08,1.53974006858967e-06,1.55816066092076e-07,-8.50116183621718e-07,1.67746635516476e-06,2.38000102100731e-06,-2.09117392039218e-07,-3.36409995068888e-06,3.10937773921005e-06,-1.73163055413587e-06,-1.14707898536149e-07,6.3658727055457e-08,-2.32487015590842e-07,1.3457465541415e-06,-3.18430398497816e-07,8.62183877579854e-07,-9.49254361982585e-08,-9.04947991495867e-08,1.19735865865934e-09,4.29700925334057e-09,2.76879900096713e-09,3.22566071780752e-09,1.20467235906423e-08,3.26549041479333e-09,5.41077506824588e-09,2.9252488271765e-09,2.91935046017383e-09,1.96309811654666e-09,-1.60670179190866e-06,1.27980264482522e-06,-2.17414526961986e-06,-5.58205000404868e-07,1.04505424324248e-06,-2.67572932629686e-06,-1.02459499684061e-06,6.0971188772154e-08,-3.58121105172985e-06,4.20940447710064e-08,-7.89575664927896e-09,-0.00012292043688757,-6.04113298761562e-06,-6.00691413009623e-05,-1.54980214796368e-05,-9.89545516006745e-07,-1.49227339005716e-06,-3.28756182439643e-06
"north_west","beta35",2.19051940586604e-07,5.26567676529338e-07,-1.1954823215908e-07,7.36128931873735e-07,2.27371774516684e-08,-1.60848630454507e-08,7.75694775580021e-08,-1.56387622233827e-08,1.82192610546966e-08,5.50655429691735e-08,-6.15825006465608e-08,5.32463724717075e-08,5.3140677611296e-08,-2.06650520983117e-09,9.15670787824753e-08,1.01598948676603e-07,1.26249088235048e-07,4.73095316522554e-08,1.06749457164299e-07,1.95559307314423e-07,5.55465709899355e-08,1.44069582005405e-07,1.39371379417858e-07,1.43756689178128e-07,1.91298152655676e-07,1.62463226732407e-07,1.9529697718502e-09,1.20903837920122e-07,2.55153387567006e-07,2.53967029171304e-07,1.72735572916569e-07,-1.07536670040347e-07,6.58566880010878e-07,-7.22890404369689e-07,2.99287584834559e-09,8.17513370401423e-09,8.74136668951672e-09,2.35809871667566e-08,-5.36494696673895e-09,-1.60388260386929e-10,-1.75621611205224e-06,9.24014924437151e-07,-2.48275730285226e-06,-2.29935378056353e-06,3.36596555335218e-08,4.23755908940388e-06,3.14922504221839e-07,1.35227377253894e-06,-1.23548969395948e-06,-2.9959937062443e-07,-1.01381911236621e-07,-1.33563378934833e-06,-6.52623433871402e-07,-3.91793094930624e-07,1.04592166628841e-06,5.1367967488981e-07,-5.11210687732611e-07,1.73146673173404e-09,1.10999907109211e-08,8.95356763913519e-09,5.3970488046303e-09,6.80400363123896e-09,1.88478076972363e-09,2.24705260276747e-10,3.05802837548531e-09,-2.21405972321388e-10,2.42726007513175e-09,-3.27899004752292e-06,1.48334826139479e-06,1.68175592608571e-06,-1.5832957109145e-06,3.30880021905697e-06,-2.25383722940922e-06,1.77244927154841e-07,-4.15514311024192e-06,1.95528623296994e-06,-2.45096512072575e-07,-2.33818009620342e-09,-0.000201067420461471,-2.41276986822475e-05,-2.60351968149681e-05,1.1067324987799e-06,-2.16571050535681e-06,-1.89660421931167e-06,-2.71090087006602e-06
"north_west","beta36",3.74519043934138e-07,-1.968379894098e-06,1.99675315430255e-07,4.7989322280248e-07,-1.43931219607803e-07,-2.9654898390623e-10,2.85926628200562e-08,-5.04678095308577e-08,3.83502520995333e-09,8.78480082066951e-09,-1.22287807020902e-08,2.68218941627283e-08,1.8022093254408e-08,-3.92200034756434e-08,9.13639057627335e-08,1.20146043734385e-06,9.27107640739146e-08,5.50090187289459e-08,9.69510863521978e-08,1.32818783269014e-07,1.8031749086457e-08,1.67511337096167e-07,1.67967046958498e-07,5.11847077178003e-09,2.63631218553741e-07,1.58706791363353e-07,-6.78067443269381e-08,1.28080524636079e-07,2.55344403524627e-07,2.55729951873627e-07,1.26742630446892e-07,4.6983040595082e-07,-7.22890404369689e-07,2.89925885977629e-06,2.37925615645852e-08,7.17499918708697e-08,-3.10621310109074e-08,-3.39651973518774e-08,-5.4442011055744e-08,5.76164987941412e-08,3.55243205350662e-06,-1.19392327077475e-06,-4.4708379377788e-06,-6.7311411560777e-08,-1.75710593614684e-06,8.29539997848125e-06,-5.55717772715937e-06,1.22407215310708e-05,-1.4669448000059e-05,2.14552731558009e-06,-3.73554771543645e-07,-5.53546579329492e-07,-1.69065158103845e-06,1.06667946571834e-06,2.51236144206271e-06,-8.59753595177018e-07,-4.5456541693772e-06,-1.87062981331985e-09,8.31650662661013e-09,4.08989460451047e-12,4.42965989804855e-09,9.23462562059114e-09,9.19349959641133e-09,3.60120126053157e-09,5.89083496313388e-09,7.1184438541379e-09,5.11446106469518e-09,6.49749865540611e-07,5.59710362340818e-06,-1.11076544034693e-06,6.75895714768942e-07,2.33562359064949e-06,-4.07813878975545e-06,2.35563843837733e-06,1.72073084527864e-05,-4.92628291939853e-06,-9.92708447007733e-06,-2.43647311407107e-08,-0.000181242284207666,8.11839258228853e-07,-6.17723339933578e-05,4.1026397834236e-06,-1.0223641813689e-06,-2.19585666897882e-06,-3.97108979709567e-06
"north_west","beta4",2.96978460585519e-08,8.38640222821928e-07,-1.13626561995079e-07,-3.62494163982831e-07,-4.82667185164815e-08,-2.11234505552403e-09,1.7609858546836e-08,2.38908138574386e-09,6.61303726531465e-10,2.62856492461007e-08,-1.48139534339181e-08,1.01537749579879e-08,7.74498929249696e-09,7.24141598712496e-09,6.80729832928708e-09,5.36034994073514e-07,1.20258179206958e-08,5.94625117340432e-09,3.36682758707091e-10,3.25893529692911e-08,2.02399757671296e-09,1.14835634763052e-08,1.59158504428313e-08,5.51662376875187e-09,2.89714563104226e-08,9.41939561111512e-09,-1.10231539660489e-07,7.99899608996495e-09,2.10705645384249e-08,1.28400871538295e-08,3.84509327576876e-09,1.74712426236142e-08,2.99287584834559e-09,2.37925615645852e-08,9.85549473111972e-08,-1.05136963267647e-07,6.83085937587348e-08,-2.37528278561597e-08,2.05348573215369e-08,-2.4707209423557e-09,-2.54837892416127e-07,4.71585956451042e-07,-4.89027963581797e-08,-1.25341547164055e-07,-2.32508375229968e-07,1.15026930246904e-06,4.83616535883745e-07,1.05402676550133e-06,4.94246000083072e-07,5.45928110498602e-08,7.7326423669683e-08,-4.79563723098015e-07,-9.02595097637361e-08,-2.17866233622628e-07,2.72524328582221e-07,9.50166048574829e-08,2.89115852521682e-07,5.11453757798942e-10,1.10064325883569e-09,2.689233803121e-10,2.74730198431934e-12,1.41830290726448e-09,4.68222623348501e-10,8.85632760812983e-10,8.79358195921301e-10,-2.10880518682626e-10,1.6433412195077e-09,-6.35210652181948e-07,-6.16434499578532e-07,4.38253894982003e-07,5.05810018073031e-07,9.84370673046302e-07,-1.5709300540092e-07,-2.46670244484516e-07,2.36639043082401e-06,-1.60545344009971e-06,-7.2030445218356e-07,-1.91591495846422e-09,-1.70369498100061e-05,9.1204112356566e-07,-2.90956627301495e-06,-9.30014128208138e-06,-2.75534710488035e-07,3.64550020077376e-08,-2.02883956290461e-07
"north_west","beta5",2.99761049364909e-08,-7.80424819654042e-07,9.37613810431324e-08,1.64816748618852e-07,1.02458031578717e-07,1.36466277780191e-09,-2.24111448670324e-08,1.60624091113878e-08,3.18338372396736e-09,-2.79619836832541e-08,1.58211195575891e-08,4.71232819256224e-09,-4.68988579405507e-09,1.25046486157545e-08,-1.54734834723271e-09,-2.66427195578704e-07,1.6303440401661e-08,-9.54462114433776e-09,5.64153019131078e-08,-3.22961228281157e-08,7.01812927576933e-09,2.61743769223601e-08,1.44428378074144e-08,2.68060909634537e-08,6.44687783589943e-09,2.76333624890448e-08,8.58771128762895e-08,2.45876023301379e-08,3.73021836863902e-08,-8.51243876863201e-09,1.5116689957153e-08,-4.31774792143897e-09,8.17513370401423e-09,7.17499918708697e-08,-1.05136963267647e-07,2.35538370611515e-07,-2.722117225453e-07,1.17953490856844e-07,-7.78658340139745e-08,3.99937836696244e-08,2.43321425686955e-07,-7.43456569666585e-07,-7.84824868915104e-07,-3.38066285024758e-07,1.10782589281548e-06,-2.33812782012443e-07,1.03967405703611e-06,1.30005528784676e-06,-3.15401709849643e-06,4.18497462656898e-08,-8.56152669265115e-08,1.45629451639205e-08,2.54218553576871e-07,3.25787122157596e-07,-1.58851628519281e-07,4.00626334834901e-07,-2.56292177468347e-06,1.26265411944375e-09,4.32303259839075e-09,3.07543203179647e-09,1.93171341718544e-09,-2.21574868344862e-10,2.33228592336516e-09,-1.15187363229126e-09,1.16938731676396e-09,2.9503677723074e-09,-1.65982605913934e-09,3.25296493944356e-07,1.79253927702673e-06,-7.67737588799389e-07,-1.88583366347696e-06,-1.10434022983161e-06,1.83868177524645e-07,1.00429232239417e-07,-4.31123610623252e-06,-5.46344681992441e-07,-2.22423384793105e-06,-1.12857326541668e-09,-8.63670985470514e-06,-6.59841192204682e-06,9.14716188975468e-06,3.20745722718042e-05,6.54639468613315e-08,-2.50236335562974e-07,-2.88017529803101e-09
"north_west","beta6",-2.43173616267361e-08,1.58388217381031e-06,-1.25853359867826e-07,5.20947681062842e-08,-6.81318084695232e-08,-2.46380606586427e-09,5.2922141919898e-08,-3.49380655615642e-08,-6.86512998837814e-09,5.574072017125e-08,-2.88510924901197e-08,2.46156815026433e-09,7.13194033141471e-09,-6.30696946322163e-09,8.98182135710925e-09,4.15492936473688e-08,-9.28729359331805e-09,2.31349293530819e-08,-6.52223052738716e-08,7.58364199444451e-08,-5.00180735328776e-09,-1.82049574669173e-08,7.42845750987578e-09,-3.73505604902497e-08,4.95886010104836e-08,-4.13004370489893e-08,-4.51878623292145e-08,8.45531955365116e-09,-2.39519233856415e-08,4.05020607993783e-08,1.3252328392036e-08,1.28148143573539e-08,8.74136668951672e-09,-3.10621310109074e-08,6.83085937587348e-08,-2.722117225453e-07,5.9143272910296e-07,-3.95811292204504e-07,2.20614045993175e-07,-5.76229389965822e-08,2.94816106363365e-09,8.73918681287633e-07,8.52127291760484e-07,2.32454115946931e-07,-7.22240146918514e-07,3.5906442646762e-07,1.97467522707463e-07,-2.41642020365866e-06,3.17599013599733e-06,-1.94893872074914e-07,-6.39041494551982e-08,8.93209143740396e-08,-9.11006357314084e-07,-1.07315778860721e-06,8.29143166691191e-07,-4.51575084342978e-07,2.83979743757299e-06,-2.51979741484331e-09,-6.26407901828598e-09,-2.79749212605718e-09,-1.15256125090436e-09,3.83484478376936e-09,-4.31521329911582e-09,1.45523627545395e-09,-6.33797270272202e-10,-2.75931274488484e-09,6.03871272207136e-10,-7.01476827952383e-07,-8.62188574444461e-07,1.55736243815341e-06,1.24301172792424e-06,1.67834676590704e-06,-1.35227250137398e-06,8.85347355334987e-07,5.55127095919981e-06,-1.88108675941204e-06,1.62289192279202e-06,5.33062304881999e-09,-1.49593808185649e-05,5.84861912764789e-06,-1.55310675510323e-05,-2.74638653863522e-05,-2.40854261621156e-07,1.06922831673212e-07,-4.03346364248336e-07
"north_west","beta7",1.4608310951568e-07,-4.24794674561339e-07,1.18985627405935e-07,1.14131888162015e-06,-8.12578965255319e-09,1.37876709320459e-09,6.00709047575658e-09,-1.78100851119022e-09,2.899141260422e-08,-2.12523477342829e-08,7.87383985948435e-09,1.61101069398782e-09,9.02434618688761e-09,-1.2325625754179e-08,1.87184667593037e-08,-3.59528646831202e-09,1.19518896492696e-08,-7.62718908960811e-09,5.76004420262978e-08,-7.00492150130176e-08,3.99879822320109e-08,1.39224682997953e-10,2.12177661946789e-08,3.87806904554546e-08,-3.98724289522953e-08,7.19375346751012e-08,1.65783223833236e-08,-1.01826330877614e-08,3.80644463172262e-08,-2.1088556742361e-08,-8.44667396483912e-09,1.35490689736024e-09,2.35809871667566e-08,-3.39651973518774e-08,-2.37528278561597e-08,1.17953490856844e-07,-3.95811292204504e-07,4.63322509489362e-07,-3.74028184771684e-07,6.68997193892003e-08,-1.32091576418091e-06,4.07643207497865e-08,-6.82398292117187e-07,-8.69737808430394e-07,-1.24153899631202e-06,5.48236298969775e-08,-8.75208763837457e-07,1.10405545608336e-06,1.26837429471042e-07,1.21858683119664e-08,1.79747018347006e-08,-1.18868649517863e-06,-5.02638806968473e-07,8.3239196642398e-07,-9.52340752302418e-07,-2.77757847786532e-07,4.56178856659405e-07,2.70925450990296e-09,2.84084066362808e-09,3.58758338409748e-09,2.56895396928891e-09,4.24215896574631e-09,3.82044681999087e-09,1.04744188844104e-09,-1.81249874342523e-10,3.43085769590291e-10,5.01368629636468e-09,-1.66854783436167e-07,1.15268407602709e-06,-1.09969365677287e-06,9.48447752377452e-07,5.34274447226642e-07,1.07264985037931e-06,-9.09519478123668e-07,-3.09109345173884e-06,1.14612294842644e-05,3.89394364351701e-06,-6.53041886638048e-09,4.91782797758326e-07,6.17085585466403e-07,1.09595395255145e-05,-9.8021841563493e-06,1.55280534493764e-07,-1.75745153266064e-07,1.96581797003763e-07
"north_west","beta8",-9.32745926593661e-08,-3.98767233525516e-07,-1.70291655737756e-07,-5.36338263768433e-07,-1.13894021699492e-07,8.6193261600785e-08,-6.6528510827334e-08,1.04141802642317e-08,-1.02310213382643e-08,-5.41073815672179e-09,2.10276596214727e-08,6.60765163113879e-09,-9.7809849679294e-09,4.04552735707267e-08,-3.65894871550494e-08,1.18095238839408e-07,-2.87686555347309e-09,-2.71634676055153e-09,-5.39689301215217e-08,5.60313803590825e-08,-2.00321909351193e-08,-2.01436306222732e-08,-3.02748208749956e-08,-1.55050145955995e-08,-1.90526551993734e-08,-4.71019318192815e-08,-1.96345957601661e-08,-1.96499011862231e-08,-4.17495108632024e-08,-1.88885027234864e-09,1.56599516664626e-08,-2.78277523688702e-08,-5.36494696673895e-09,-5.4442011055744e-08,2.05348573215369e-08,-7.78658340139745e-08,2.20614045993175e-07,-3.74028184771684e-07,5.44942098300516e-07,-2.47469249957707e-07,1.89722668247033e-06,5.3766255125914e-07,1.05503276693834e-06,2.23826306272318e-06,2.68289191654027e-06,-6.97327424668083e-07,-1.4631880353725e-06,6.69152225089553e-07,1.12325467488134e-06,-2.38199995267375e-08,1.91915697497144e-07,6.57406646925256e-07,4.35918342312335e-07,-9.47854066973421e-07,5.09505786928371e-07,4.61486902062885e-07,-9.23007760979296e-07,-3.62158118663788e-09,-3.38785302536129e-09,-3.00442116710837e-09,-3.65879539282533e-09,-9.13881611078113e-09,-4.33291360418106e-09,-7.21710000918672e-10,8.17116198144305e-10,-1.9781249650938e-09,-2.61837740984e-09,3.11743593072724e-06,-1.91183980346377e-06,-3.01296884741197e-07,-1.40730379967646e-06,1.47683808940942e-07,-2.28577916809308e-07,3.78219863119563e-07,-2.93910600955425e-06,-4.81796520319139e-06,-1.46808561890124e-06,6.88992983379394e-09,-2.95271281872196e-06,-9.58071729736015e-06,-1.19865023824508e-05,-3.96054233110782e-05,-1.73689092382149e-07,3.06432514330817e-07,-1.47156289191701e-07
"north_west","beta9",-1.41321771318176e-07,4.82744301928862e-07,1.53055282933824e-07,-1.57803792882029e-06,1.61168453030256e-07,-1.6957428164835e-07,1.18137127954331e-07,1.68275417470231e-08,-7.68680120288499e-09,-1.19383255494001e-09,2.43535009167682e-08,-7.19549805876498e-10,4.82551997021293e-09,-1.13740346158354e-08,4.27922622896618e-08,-2.29905535829063e-08,-1.70812480623792e-08,3.31437282364872e-08,-6.81762080047686e-09,2.24685506110592e-08,-3.09951520005257e-08,5.63808844163045e-08,1.05687716725097e-08,9.36446355646988e-09,5.19671462492578e-08,-1.29577520584845e-10,-5.34267441283796e-09,5.11197860933844e-08,2.19709677395612e-08,2.98748639574327e-08,-2.12526090359103e-08,3.49139620176055e-08,-1.60388260386929e-10,5.76164987941412e-08,-2.4707209423557e-09,3.99937836696244e-08,-5.76229389965822e-08,6.68997193892003e-08,-2.47469249957707e-07,3.35424166922264e-07,1.45952252107522e-06,5.66797160401259e-07,8.35689738207607e-07,1.05182536468961e-06,1.34683247929277e-06,-9.94932289131279e-07,1.22733519847158e-06,-1.8802243145338e-06,-3.10204866898547e-06,-6.74525748605589e-08,-6.70971116203426e-08,8.40690163652764e-08,-2.74777733182367e-08,-1.17346391205839e-06,4.83570698740924e-09,1.91254074088258e-07,-1.27773714799991e-06,2.93352718159556e-09,6.3757372645308e-09,1.10123086003326e-09,2.85263688313549e-09,6.93005083711159e-09,2.55741478963018e-09,-1.09901917047089e-09,-3.63184717946911e-10,3.36106518623404e-09,-7.50005715018306e-10,-3.19717563560613e-06,1.57897440399774e-07,-2.68174627590431e-07,8.04132181801442e-08,-8.50851006578667e-07,4.67303059172706e-08,-8.42170341674747e-08,1.97215372490347e-06,-1.04810936692268e-05,-4.27377724667588e-06,7.20779662453473e-10,1.89335023553448e-05,1.28333480969256e-05,8.86908108393628e-06,5.38854879283848e-05,-1.0879005088743e-08,-1.67174629913066e-07,5.80144074918641e-08
"north_west","mu_D",-1.21034077673795e-05,-1.11101044085142e-05,-1.12211655622439e-06,-5.16245806588208e-05,-3.65724281636771e-07,2.43465433360573e-07,-2.87161288544346e-07,1.12679923461553e-06,-8.26697864576415e-07,1.11551811564574e-06,1.11740439959767e-06,-2.09519942185353e-07,-4.65783045328391e-07,-9.53678164458864e-08,5.89248858956998e-07,8.11667244388144e-06,-1.26584378398443e-06,1.12677004208111e-06,-2.67439687137157e-06,2.25265514215864e-06,-1.44397842526597e-06,7.06315467674535e-07,-6.15758545895768e-07,-1.17581000119457e-07,-6.89380615408831e-07,-2.52448531009152e-07,-5.69003358149578e-07,4.70455269310724e-07,-9.88973482640817e-07,1.32866920204591e-06,-1.77697626021618e-07,1.53974006858967e-06,-1.75621611205224e-06,3.55243205350662e-06,-2.54837892416127e-07,2.43321425686955e-07,2.94816106363365e-09,-1.32091576418091e-06,1.89722668247033e-06,1.45952252107522e-06,0.000408140299851065,0.000135448941510972,0.000106410979014079,0.000109934590313688,0.000163493498503084,5.2918555293927e-07,1.09285017739162e-05,-4.311597767084e-05,-0.00015922987436678,-1.96444804546464e-05,2.15135620327283e-06,2.29358656051916e-05,4.02568095906742e-05,-0.00018619568162455,-4.66456786479471e-05,-1.965091746457e-05,2.78399716700512e-05,-2.23676359046519e-10,8.71908465768894e-08,-5.32144179719457e-08,3.29386803482514e-08,2.43543941683018e-07,-5.86272745118012e-08,1.52192097333209e-10,-6.93391046107399e-09,6.65712816275072e-08,-1.2199724635483e-07,-9.27773322436056e-05,1.71007190014116e-05,-8.10676198647653e-06,-4.29463266520956e-05,-4.08143098915478e-05,1.30180790191054e-05,-1.89388999107491e-06,0.000243273032176654,-3.41644971210155e-05,-0.000116064541608978,1.33493002435053e-07,0.00288436010962388,-7.42406823519077e-06,-0.000430074107969973,-0.00018964467290574,2.01405630751014e-05,-1.01019905016915e-05,-1.75832437885468e-05
"north_west","mu_D_2",-6.1981476038249e-06,-9.03888508408663e-06,3.91149702833781e-06,-2.86328773621072e-05,-4.09272469374896e-06,3.87621846751998e-07,3.12654411094381e-07,4.1109578602454e-07,1.38382816432645e-07,9.93526790616825e-07,8.13524109636966e-07,1.43781801656148e-07,6.50515052249733e-08,-4.617571943041e-07,5.22003429869784e-07,4.53941154226311e-06,3.00680906400242e-07,4.23452037088846e-07,1.11112170984982e-07,1.69198399289207e-06,-6.7793414476163e-07,5.83509533030287e-07,7.50718165946938e-07,-5.74034154799182e-07,9.79446620620478e-07,-3.59570058925855e-07,-3.34108260387949e-07,4.60247771786437e-07,1.72295109804912e-07,1.53295834604706e-06,6.43284985393422e-07,1.55816066092076e-07,9.24014924437151e-07,-1.19392327077475e-06,4.71585956451042e-07,-7.43456569666585e-07,8.73918681287633e-07,4.07643207497865e-08,5.3766255125914e-07,5.66797160401259e-07,0.000135448941510972,0.00026959009990111,6.05744860189926e-05,0.000123620568088512,0.000151130819706657,0.000139391307607029,4.84744029425439e-05,-8.66118256237674e-05,-5.95433421817323e-05,-1.93495355963245e-05,2.53879028169277e-06,-2.00959911610745e-05,-3.35131336310247e-05,-0.000172415264409987,4.41447763129804e-06,-2.3864116288939e-05,1.71322439428088e-05,-9.7844608790799e-08,-5.38245827792524e-08,-1.13123231493426e-07,2.67740067765246e-08,6.79912179417025e-08,-1.24243141251588e-07,3.21871278348409e-08,-1.56052736838003e-08,-7.09201788372652e-08,-5.3170130590699e-08,-3.20185378796997e-05,-6.3177684610468e-05,-7.70436086793672e-06,7.27628598127291e-06,9.60677012246234e-05,-2.46512038763049e-05,2.12884704096074e-05,0.000392851128101714,-2.98559233746316e-06,-5.57194190349827e-06,-1.30837968817736e-07,0.00160709393651739,-0.000177018940256324,-0.000520874757647894,-0.00184751320902009,6.56412084380766e-06,-1.93940155343023e-05,-2.128020612395e-05
"north_west","mu_D_3",-3.98030165756432e-06,0.000130812471332437,-4.13324320733341e-06,-1.28138448072206e-05,2.03097685451805e-06,-4.92776247259859e-07,1.59161214881649e-06,-1.39030319239725e-06,1.23048309513105e-06,-3.17396347391825e-06,2.80808745468022e-06,-5.36728096594984e-07,-2.49079767512803e-07,4.95094038747258e-07,-4.59086114399202e-07,-5.59426937176846e-06,-1.95856435014478e-06,1.0413947245533e-07,-7.96383222876499e-07,-3.30996451794757e-06,6.13993848925257e-07,-1.91572276367893e-06,-1.89696978917638e-06,-6.06802216081762e-07,-1.21028317753263e-07,-4.12324263559419e-06,-5.22191027097856e-07,-1.19644721359563e-08,-3.12530976408461e-06,-2.75394820319343e-06,-2.28265274587486e-06,-8.50116183621718e-07,-2.48275730285226e-06,-4.4708379377788e-06,-4.89027963581797e-08,-7.84824868915104e-07,8.52127291760484e-07,-6.82398292117187e-07,1.05503276693834e-06,8.35689738207607e-07,0.000106410979014079,6.05744860189926e-05,0.00098325925167641,0.000521614379276123,0.000352246093489811,-0.000503168526762292,9.70608111631696e-05,1.05225273151312e-05,0.00025719440926107,-3.73318380225167e-05,8.47806043354379e-05,3.63589255738804e-05,3.37607116858189e-06,-0.000117164866038328,-2.11428720334016e-05,-1.09352840045134e-06,-1.12021817003122e-05,2.26038480516554e-08,-2.73017747937215e-07,-1.72160260729781e-07,-3.50049505975893e-08,1.29726107792954e-07,-1.21959005276167e-08,1.52829721283685e-09,-2.82317414028751e-08,-2.16309129821567e-08,3.90695720332587e-08,1.54943640256057e-05,-0.0017331096252466,0.000304697167326668,7.80446318850535e-05,-9.25776484609849e-05,8.8292546218444e-06,1.4916173836259e-05,-0.000296263770844945,0.000346975930147209,3.27221834094489e-05,1.94685574760632e-07,0.000715332187647713,0.000151108946743931,0.000617229788328424,0.000142244488292752,6.843600871173e-06,2.83716300409755e-05,4.70982029677516e-05
"north_west","mu_D_4",-5.47577748052334e-06,-5.25506463819945e-06,2.54582726839741e-06,-9.8403376067642e-06,-2.89479759584217e-06,-7.29561843886323e-07,1.8055600252178e-06,-8.40377957065473e-07,9.17102616409954e-07,-1.55960255798252e-06,1.30829790058808e-06,2.05151768206566e-07,1.48626905873937e-07,1.84023286223557e-06,-7.33174841309793e-07,-4.10307059732263e-06,2.16579902127705e-07,5.80564076326751e-08,1.42806022300759e-06,-2.50705429133972e-06,7.1230057946967e-07,-2.52963018439422e-07,-5.2454211076496e-07,4.75933387598302e-07,6.88641428754122e-07,-1.61225664858811e-06,1.17320735763111e-07,3.72048733953308e-07,-4.96660751539256e-07,-4.13349571691981e-07,-1.09117483839164e-06,1.67746635516476e-06,-2.29935378056353e-06,-6.7311411560777e-08,-1.25341547164055e-07,-3.38066285024758e-07,2.32454115946931e-07,-8.69737808430394e-07,2.23826306272318e-06,1.05182536468961e-06,0.000109934590313688,0.000123620568088512,0.000521614379276123,0.000711166103537441,0.000379936032123923,-0.00016282524006557,-0.000310259616285378,0.00011281605454073,0.000108654052070027,-9.17067593822999e-06,6.97407501646646e-05,1.38050365725417e-05,2.24727262243623e-06,-0.000124538311971867,7.35550368752828e-06,-4.80082310748309e-06,-2.31659200299363e-05,-4.13213887572979e-09,1.76103641625778e-08,-7.72563108729669e-08,-2.21331821303598e-08,2.05495374946238e-07,-1.64759120273772e-08,5.63841032232505e-08,-8.22384802374794e-10,-3.65549040482912e-08,-3.51304235824857e-08,0.000105756171257911,-0.00103210117019184,-0.00023270817349398,0.000232933862220343,9.1763871842221e-06,-5.08187732806599e-05,-2.03003261210084e-06,-0.000279002522781174,0.00017684330454058,9.80278088597789e-06,2.50334389193713e-07,-0.00185538451329654,6.40990362200472e-06,0.000218364519044552,-0.00156800758948267,-1.63432290650803e-05,1.97327892026786e-05,1.32681604886269e-05
"north_west","mu_D_5",-6.62804838485152e-06,-8.20952453497343e-06,2.03096728978052e-07,-3.80897641281896e-05,-1.88147056416141e-06,-6.06396488635347e-07,7.09615999983634e-07,3.8059919188073e-07,5.34914748808368e-07,-1.11413932458449e-06,2.74451164199784e-06,-2.74754894672427e-07,-4.98786687967254e-08,-2.60816492887261e-07,9.60375274681893e-07,6.50424917785078e-06,-1.20087145314873e-06,6.95572143839067e-07,-1.97551157233403e-06,1.08409248744423e-06,-5.11202539091876e-07,-2.42218956652331e-07,7.04111401606668e-08,-7.69396533784296e-07,1.20402953719239e-07,-7.32918448014511e-07,-6.41146067804967e-07,-9.35432529436533e-08,-1.0047011819531e-06,2.0374754797445e-06,-3.38515650911801e-07,2.38000102100731e-06,3.36596555335218e-08,-1.75710593614684e-06,-2.32508375229968e-07,1.10782589281548e-06,-7.22240146918514e-07,-1.24153899631202e-06,2.68289191654027e-06,1.34683247929277e-06,0.000163493498503084,0.000151130819706657,0.000352246093489811,0.000379936032123923,0.00076234811990962,-7.43348299521674e-05,-8.96931343856651e-05,-1.23886366886034e-05,5.19876985880245e-06,-1.37910911048983e-05,5.53187142447518e-05,2.11580975250985e-05,-2.19511804071556e-05,-0.000175473932654351,1.20937368167681e-05,6.00821820919115e-06,-7.41472656368161e-05,1.47116997708769e-08,1.37894461044569e-09,-1.99957977462456e-07,4.03046898094214e-08,2.38383821066965e-07,-3.58205391090272e-08,-3.95047345845394e-08,-3.57644180092593e-08,6.88273705717404e-08,-1.02272290189302e-07,1.30300177386839e-06,-0.00053887208337009,-9.67250120805367e-05,-0.000364977279654365,-4.98153969064968e-05,2.99361739878637e-05,2.35253393730279e-05,4.56488957783619e-05,-0.000272696479290929,-8.3563588299374e-05,-1.66943947610956e-08,0.00180465660954725,0.000429499370261299,-0.000755195109073873,-0.000966948062966508,1.08406985415688e-05,5.04184850773999e-06,-2.98991978198508e-05
"north_west","mu_gamma_H",-1.1546100556213e-05,-3.76050468735538e-05,-1.92514681494349e-07,2.00709846614624e-05,-4.75246107190612e-06,-4.93904177658948e-07,6.14057485790118e-07,1.3056483443544e-06,1.40149659783595e-07,4.54041877816828e-07,-5.49059729064409e-06,1.38354142253483e-07,1.30586905510956e-06,-2.15320232993474e-06,2.30434424934687e-06,3.6867798951809e-05,4.668682274995e-07,1.11477936752083e-06,5.06585551645491e-07,4.93803001944575e-06,-1.0598869540992e-06,3.65366696389678e-06,1.64586666587408e-06,1.01067645292835e-06,4.50227151637199e-06,1.78566474854326e-06,-2.59035494524943e-06,2.84322697032083e-06,4.08574169957478e-06,2.81070637926123e-06,3.50775374298544e-06,-2.09117392039218e-07,4.23755908940388e-06,8.29539997848125e-06,1.15026930246904e-06,-2.33812782012443e-07,3.5906442646762e-07,5.48236298969775e-08,-6.97327424668083e-07,-9.94932289131279e-07,5.2918555293927e-07,0.000139391307607029,-0.000503168526762292,-0.00016282524006557,-7.43348299521674e-05,0.00222887471583523,-0.000518199988670759,0.000166057334812296,-0.000169182924256193,2.65538725726087e-05,-2.13660829316692e-05,-6.3744333957843e-06,-5.99543226778451e-06,3.36926519347846e-05,-1.84830754848445e-05,1.70866046217328e-05,-0.000230578803244158,1.3546786395218e-08,1.73459456083942e-07,1.62382433295244e-07,7.33361349943229e-08,-7.86295963655335e-07,1.54982843366654e-07,-1.78122936027335e-07,1.64773757318729e-07,2.75402752261288e-07,2.71502703691396e-08,-7.51027196386789e-06,0.000583834850138966,-0.000111417358170011,-4.54746703759074e-05,6.39809316837125e-06,7.474133374865e-06,8.63716375433316e-06,0.000469388404483501,-0.000391806936648893,-0.000246662455811946,-3.55438499783548e-07,-0.00267620176224725,-0.000968701954260532,-0.000872932706545196,-0.000241588547036317,-3.56288385254499e-05,-3.25268284472143e-05,-5.15459053588358e-05
"north_west","mu_gamma_H_2",-4.27214678483295e-06,0.000189490817795194,-2.22594559869852e-05,-0.000145401966784543,8.24904668628464e-06,-7.81273161133843e-07,2.05656820372017e-06,-2.29996930198197e-06,1.91143788399749e-06,-2.78085600548232e-06,9.69795547175266e-06,-1.60537173809983e-06,-3.07158427998368e-07,2.15406385295812e-06,-1.63133611339032e-06,-1.14230125422998e-05,-1.20436622957172e-06,-1.05811860521449e-06,2.014800507674e-07,-3.21906418254293e-06,-8.9540457524453e-07,-2.16513116660705e-06,-9.43643160377786e-07,-6.03329751122093e-07,-4.58878145933032e-06,-5.04397476763347e-07,-8.03205246681305e-07,-3.1212239866681e-06,-2.51053809335353e-06,-2.47217866788916e-06,-2.82970923034004e-06,-3.36409995068888e-06,3.14922504221839e-07,-5.55717772715937e-06,4.83616535883745e-07,1.03967405703611e-06,1.97467522707463e-07,-8.75208763837457e-07,-1.4631880353725e-06,1.22733519847158e-06,1.09285017739162e-05,4.84744029425439e-05,9.70608111631696e-05,-0.000310259616285378,-8.96931343856651e-05,-0.000518199988670759,0.00349151358536638,-0.00104582650845781,6.01946550729632e-05,-5.05400593194633e-05,-1.46947212885876e-05,-2.1015439655185e-05,-3.40079274923945e-06,-4.17179060450592e-05,0.000208513230876724,6.27558442987089e-05,-0.000185666212404564,-7.74130682875173e-08,-2.9151856527314e-07,-1.82969570930644e-07,4.4909245694391e-08,-9.08482594696719e-07,1.01329841979671e-07,-2.93118654752389e-07,-1.08461817913123e-07,-9.47842480174536e-08,-2.39829692502954e-07,-0.000328259173702039,-0.00031046184837435,0.000495270109251579,-0.000158099908709127,-9.50959431194279e-05,0.000175109917142315,-6.55027307297092e-05,0.00121776551869893,-0.000849959944076997,-8.88944388735635e-05,-1.41238778013805e-07,0.000541888650831228,0.000208662185358405,0.000955774313924635,0.00203559595323398,-2.61429840814385e-07,4.62587002306407e-05,5.03510016561193e-05
"north_west","mu_gamma_H_3",1.59327695193134e-05,-1.90369463720003e-06,3.7787134027216e-06,0.000139758107489467,-1.16148943368576e-05,1.2830055805634e-06,-8.8258007505949e-07,2.61727367605463e-06,-3.60651579044044e-06,6.27894509283248e-06,-1.13281618404944e-05,2.80891673521089e-06,-7.33086825685247e-07,4.87304276476085e-07,4.95014326976153e-07,5.12262373519231e-05,3.22316652579526e-06,5.3117325021636e-07,2.36362775255526e-07,7.75958560852236e-06,-2.98972635641699e-06,6.10035284164358e-06,5.17206243454533e-08,1.85086781697798e-06,4.62653996852896e-06,3.18108512179332e-06,-3.24970706120861e-06,3.96913229403042e-07,6.28141012777421e-06,2.00199403133356e-06,2.27150610648227e-06,3.10937773921005e-06,1.35227377253894e-06,1.22407215310708e-05,1.05402676550133e-06,1.30005528784676e-06,-2.41642020365866e-06,1.10405545608336e-06,6.69152225089553e-07,-1.8802243145338e-06,-4.311597767084e-05,-8.66118256237674e-05,1.05225273151312e-05,0.00011281605454073,-1.23886366886034e-05,0.000166057334812296,-0.00104582650845781,0.00188598261835821,-0.000400559344971521,4.25777460813346e-05,6.44208512340971e-07,-4.86188270473933e-05,6.93873923562145e-05,5.55174587786893e-05,8.86588263637128e-05,9.49342605205582e-05,-0.000192212725443482,7.85688619554571e-08,5.38801529806169e-07,-3.25167659747839e-09,4.21646306276856e-08,-6.40172063498699e-07,3.68899434118165e-07,-1.27439870474048e-07,2.34911653405873e-07,1.99167343432177e-07,-4.48499392368003e-07,3.11430454301525e-05,0.000105868554322949,-0.000231142498343309,9.58463008199897e-05,4.08058103872445e-05,2.45753559527677e-05,-0.000116436943414163,-0.00196689698836675,0.00105685370329828,-0.000320753213138118,-1.44523160915349e-07,-0.00533769888822936,0.000556539294882551,-0.000233228530365991,-0.00208094940072006,-3.91329167092409e-05,-3.1818552577593e-05,-4.16512175582877e-05
"north_west","mu_gamma_H_4",-1.39315217201356e-07,0.000103282389230372,-7.61474315826592e-06,7.09323933454561e-05,-1.06512114163368e-05,5.52126773818754e-07,1.47022689425554e-06,-3.22590764963985e-06,1.86248116160487e-06,-1.089943767813e-06,3.59700310859145e-07,-9.43047710911881e-07,9.91410063884828e-08,1.76549410466928e-06,-5.59657255017146e-07,-1.59335249250252e-05,-1.96414756730076e-06,-1.21410099601612e-06,3.99518385059156e-06,-1.44937490812336e-05,5.53675535222358e-06,-5.70965030259696e-06,-2.69490673883275e-06,-1.36433549501031e-08,-2.87159395537423e-06,-5.39329757158184e-06,2.3668945641556e-07,-9.76909752633129e-07,-5.34250699033732e-06,-5.70641604856116e-06,-3.93412224659663e-06,-1.73163055413587e-06,-1.23548969395948e-06,-1.4669448000059e-05,4.94246000083072e-07,-3.15401709849643e-06,3.17599013599733e-06,1.26837429471042e-07,1.12325467488134e-06,-3.10204866898547e-06,-0.00015922987436678,-5.95433421817323e-05,0.00025719440926107,0.000108654052070027,5.19876985880245e-06,-0.000169182924256193,6.01946550729632e-05,-0.000400559344971521,0.00155444715395843,-7.96896086926833e-06,4.28626714481217e-05,-2.58305318230036e-05,-5.48380930368023e-05,8.0154583564859e-05,-3.57560610364973e-05,-4.53519171371756e-05,0.000274452267652085,2.63892648757455e-07,-3.92123939536892e-07,-9.50270260708488e-08,-2.26296071578212e-07,-1.01464474485949e-07,-1.12209099166542e-07,5.56075098167648e-08,-9.67760389067807e-08,-2.94360075466993e-07,8.7849708893123e-07,7.24311742400154e-05,-0.000654223447506367,0.000161958095563228,7.32536472856676e-05,8.62531683789092e-05,-8.10604007663231e-05,-8.18441628123774e-05,3.98067113045897e-05,0.0011598543124582,0.000521234083676312,3.94367307048507e-07,-0.000725894058323111,0.000250864860489489,0.000668794780459523,-0.00439904522357136,6.47522921746084e-06,4.31020301632908e-05,8.81275037151536e-05
"north_west","p_G_D",4.6867794224008e-06,-6.10560842309814e-05,2.56992049326048e-06,1.32427133853247e-05,-2.64851233789596e-08,-8.03075737749513e-08,1.62183782138313e-08,-2.34930313416972e-08,-1.62342354697132e-07,7.16843410312395e-07,-1.13830506150582e-06,6.09087269612309e-08,-1.66064443294337e-07,-3.14891903009582e-07,-5.07859641487146e-08,1.12913166055048e-06,9.68540869340195e-08,-4.0515550584252e-08,-8.41094572094439e-08,2.70014812252294e-07,-1.87275625418376e-07,2.76525464930999e-07,1.06981389068505e-07,-3.37568222620462e-07,6.47559474284144e-07,-1.28430492760694e-07,6.68145810506125e-08,8.61596978032494e-08,1.35802719360541e-07,1.0213476706768e-07,2.03953146251801e-07,-1.14707898536149e-07,-2.9959937062443e-07,2.14552731558009e-06,5.45928110498602e-08,4.18497462656898e-08,-1.94893872074914e-07,1.21858683119664e-08,-2.38199995267375e-08,-6.74525748605589e-08,-1.96444804546464e-05,-1.93495355963245e-05,-3.73318380225167e-05,-9.17067593822999e-06,-1.37910911048983e-05,2.65538725726087e-05,-5.05400593194633e-05,4.25777460813346e-05,-7.96896086926833e-06,5.70612140522936e-05,-1.11935817547886e-06,3.78630589562567e-06,1.463159078245e-05,2.91129295518597e-05,1.19044089842635e-05,9.48839221926622e-06,-3.68502638025384e-05,2.4374491948326e-09,-1.62962104621244e-09,2.06335465545853e-09,-3.52671684509448e-08,-5.99191784183393e-08,2.17889503779572e-08,-1.28798238469518e-08,-1.06574805955486e-08,1.56406339329913e-09,-6.72091255730045e-08,-6.4059936821564e-06,3.56110716178876e-05,-2.27883516626722e-05,8.78103054359912e-06,-9.00180498014659e-06,-4.72797548969001e-07,-6.86059285657677e-06,-3.12926772494454e-05,-4.01185774182332e-05,-2.72169555479729e-05,-3.44184718245502e-08,0.000366920711390093,-9.39208320201253e-05,-3.64401954336205e-05,0.000109915600273956,3.07418173881582e-06,-6.00901508623619e-06,-2.0655823964638e-06
"north_west","p_G_D_2",-7.23276685036543e-07,1.43270077251122e-05,-6.15483055597724e-07,2.03453934507832e-06,-1.02570767618202e-07,-6.72634630703167e-08,2.23098728941982e-07,-2.6219345994122e-07,2.7391961866555e-07,-3.924300712256e-07,1.36558066472939e-07,-1.71642991569899e-08,1.94573799860664e-09,2.06133091318783e-07,-5.83651325845167e-08,1.07333360458902e-06,-1.6847336553462e-07,-2.06692451282263e-08,9.60058237519698e-08,-6.28044628440812e-07,1.77560663836867e-07,-9.34738143652561e-08,-2.53455547377396e-07,8.43266290345006e-08,-2.54232875345232e-08,-2.53517200883722e-07,-1.79283606262926e-07,8.39037397437686e-08,-2.08197952174533e-07,-1.9500180527199e-07,-2.21710275171793e-07,6.3658727055457e-08,-1.01381911236621e-07,-3.73554771543645e-07,7.7326423669683e-08,-8.56152669265115e-08,-6.39041494551982e-08,1.79747018347006e-08,1.91915697497144e-07,-6.70971116203426e-08,2.15135620327283e-06,2.53879028169277e-06,8.47806043354379e-05,6.97407501646646e-05,5.53187142447518e-05,-2.13660829316692e-05,-1.46947212885876e-05,6.44208512340971e-07,4.28626714481217e-05,-1.11935817547886e-06,1.77692969636701e-05,2.72369979484837e-07,-7.88020289701591e-07,5.30620547716396e-06,3.76911141655149e-07,3.13930820686487e-07,-3.28912247756197e-06,1.43815525400494e-08,-1.40547388441037e-08,-1.2466858704714e-08,6.02074500358991e-09,2.13260219261593e-08,8.10405502544884e-09,8.8129985183829e-09,7.25449893446602e-09,6.38639156059724e-09,3.3720199120163e-09,7.43924431821658e-06,-0.000203252186117848,8.86746710441152e-06,1.2760590396255e-06,-4.96330853880042e-06,9.27526969350634e-07,-6.53170315222572e-06,-2.02664064370524e-05,6.35151661842623e-06,3.46410845467035e-06,-2.66932305135535e-10,-0.000252460471358465,2.52118208302562e-05,4.11764928629951e-05,-1.37381687359053e-05,-1.51603167573493e-06,5.92916871551068e-06,2.72890779994471e-06
"north_west","p_H",-5.70102618865763e-06,-2.0873622768317e-05,-8.89334464175182e-07,-1.45470089260326e-05,1.21795944575833e-06,-4.17316879698819e-07,-1.18791124753459e-06,4.36980667737391e-07,-6.94969168629417e-07,-3.7888699116948e-07,1.91902586035123e-07,-8.02532828679869e-07,-5.01628468077297e-07,-9.48460481437504e-07,-5.08482513491959e-07,-9.58012974997203e-07,-1.12836913101524e-06,-3.15239520533507e-07,-1.37792607751107e-06,-6.78663475414682e-07,-9.98025073990558e-07,-9.07071233890843e-07,-1.241898950095e-06,-1.29157496950451e-06,-1.23093297140541e-06,-1.77374931023119e-06,2.6715322758292e-07,-9.05675294372983e-07,-2.06356795279666e-06,-4.86406485235557e-07,-9.40541895654593e-07,-2.32487015590842e-07,-1.33563378934833e-06,-5.53546579329492e-07,-4.79563723098015e-07,1.45629451639205e-08,8.93209143740396e-08,-1.18868649517863e-06,6.57406646925256e-07,8.40690163652764e-08,2.29358656051916e-05,-2.00959911610745e-05,3.63589255738804e-05,1.38050365725417e-05,2.11580975250985e-05,-6.3744333957843e-06,-2.1015439655185e-05,-4.86188270473933e-05,-2.58305318230036e-05,3.78630589562567e-06,2.72369979484837e-07,6.30115943665252e-05,3.66275347757607e-05,-1.70915193251778e-05,-1.61495120632482e-05,-2.45889595563179e-07,-9.74872715519854e-06,-3.32828233942606e-08,-1.01281517716041e-07,-1.21171184867958e-07,-6.51944141683651e-08,-1.2742476617954e-07,-4.30626341520975e-08,-5.77022304046996e-08,-5.76188249401133e-08,1.98783748448882e-08,-1.48692486799284e-07,5.37369493526885e-06,-1.89442829255339e-05,5.72207017098979e-06,-1.45259721456696e-05,-0.000108998349379177,2.00412582007449e-05,2.23846238514158e-05,-5.20989012140951e-06,-0.000124990949626045,-3.3087917607292e-05,-1.17284630184633e-09,0.00217960668850992,7.9571225107614e-05,-0.00013955471601091,0.000790746125558057,1.72451176469523e-05,2.9338022116277e-06,7.67879974523102e-06
"north_west","p_H_2",-6.44943082628751e-06,-7.28025436185e-05,-5.4103759003387e-07,3.31408303653052e-07,3.13244998244431e-06,-2.35712805038447e-08,-1.61345451569938e-07,-6.18725173286118e-07,-8.58220438945739e-08,-2.1170468336986e-07,-8.48946363274241e-08,-7.10312906532967e-07,-5.23355581777501e-08,-1.11265578648938e-06,3.86072305381315e-07,-5.94561540959244e-06,-5.98584263043381e-07,1.51121377145478e-07,-1.23998650723392e-06,3.5065559588186e-07,-3.0119074279863e-07,-3.39891197587717e-07,-1.55423308864658e-07,-6.52608150285517e-07,-3.38497093296615e-07,1.59595671690372e-07,3.51100414267336e-07,-1.27306683037651e-06,-6.26793679566508e-07,8.44694994639469e-07,-1.33236320915264e-06,1.3457465541415e-06,-6.52623433871402e-07,-1.69065158103845e-06,-9.02595097637361e-08,2.54218553576871e-07,-9.11006357314084e-07,-5.02638806968473e-07,4.35918342312335e-07,-2.74777733182367e-08,4.02568095906742e-05,-3.35131336310247e-05,3.37607116858189e-06,2.24727262243623e-06,-2.19511804071556e-05,-5.99543226778451e-06,-3.40079274923945e-06,6.93873923562145e-05,-5.48380930368023e-05,1.463159078245e-05,-7.88020289701591e-07,3.66275347757607e-05,0.000509571521555019,-1.09667995378857e-06,-3.7013297072815e-05,1.70916634222333e-05,-2.00065438432564e-05,1.11092617421565e-08,-9.67104812460827e-08,-1.36133434577072e-07,-9.03489048800336e-08,-2.46655523002417e-07,4.07160726399387e-08,-2.33407683604645e-08,2.98153029182704e-08,1.64233438541439e-08,-3.16751575308468e-08,-6.81661603365414e-05,6.90570842575999e-05,-2.51212201153776e-05,-4.98764199657901e-06,-6.12701957818919e-05,-4.41677862937168e-05,-0.000345340709531868,-0.000122387429486046,-0.000165905972150454,-8.85879080971979e-05,1.55367971045154e-07,0.000380157858847866,0.00019735154914629,0.000229936535088312,0.00112239282541632,7.42007481210909e-06,-7.79422009137223e-06,8.23442434429182e-06
"north_west","p_H_D",7.633701017067e-06,-1.39299795415353e-06,1.17363553805255e-06,3.10381863036093e-05,2.78188641027264e-06,-2.03430008112327e-07,-4.25130433019183e-07,-5.40784606294537e-07,2.28175465305911e-07,-1.45260018893713e-06,-9.64236646332516e-07,1.67940649546082e-08,-8.46776947461916e-09,3.13759456871783e-07,-4.01012124109577e-07,-5.26192760500362e-06,-1.08674503941727e-08,-4.91277199333588e-07,5.780909655446e-07,-1.72432481013785e-06,8.59326800545782e-07,-3.58217383645842e-07,-7.39082998531257e-07,8.46324151001785e-07,-9.6467508928661e-07,8.22095487025256e-07,5.47159889079211e-07,-3.52997545202494e-07,1.06295707030901e-07,-1.12795386360702e-06,-5.10052165404471e-07,-3.18430398497816e-07,-3.91793094930624e-07,1.06667946571834e-06,-2.17866233622628e-07,3.25787122157596e-07,-1.07315778860721e-06,8.3239196642398e-07,-9.47854066973421e-07,-1.17346391205839e-06,-0.00018619568162455,-0.000172415264409987,-0.000117164866038328,-0.000124538311971867,-0.000175473932654351,3.36926519347846e-05,-4.17179060450592e-05,5.55174587786893e-05,8.0154583564859e-05,2.91129295518597e-05,5.30620547716396e-06,-1.70915193251778e-05,-1.09667995378857e-06,0.000229414695016019,4.37115322408799e-06,1.34087250123126e-05,-4.61435181341058e-05,5.57377905612179e-08,2.54954651095675e-08,8.46602547167305e-08,-2.18887738368858e-08,-1.59369108571326e-07,9.52628228810909e-08,-1.22029423342149e-08,1.93911170706124e-08,1.93569698969106e-08,2.6088600091419e-08,-2.1318965553556e-05,-3.43364948273838e-05,7.57606391446094e-06,3.2160233261372e-05,7.65998594876287e-07,8.79198990855186e-06,-3.3590500034523e-05,-0.000180242250681613,1.19356401321197e-05,2.46044302135466e-05,-1.77526832582023e-08,-0.00222689958291511,1.57133755923986e-05,0.000366271753159872,0.00132793295627167,-1.26351072561966e-05,1.5230833157609e-05,1.72378674945624e-05
"north_west","p_ICU",4.81179446777759e-06,3.03647948126358e-05,1.95364955501526e-06,-1.96286497865774e-05,1.2564512211599e-06,-6.15869121957994e-07,1.02629120131027e-06,-7.41201880369015e-07,1.33302508761344e-07,1.46786013648187e-06,-2.7684269796783e-06,6.81614393075662e-07,5.84537347711119e-08,-1.43669221631148e-07,5.50948357482903e-07,-3.84253987601114e-06,1.29586064495128e-06,4.70630634545241e-07,2.09419556276192e-07,3.43716638053708e-06,-2.88607180650272e-07,1.21516558599444e-06,1.97656190232715e-06,-4.64722593186604e-07,3.29210339399801e-06,3.60269751231428e-07,-6.52698454139236e-08,8.00721977155396e-07,1.936606789462e-06,1.81374518552876e-06,6.92424476107681e-07,8.62183877579854e-07,1.04592166628841e-06,2.51236144206271e-06,2.72524328582221e-07,-1.58851628519281e-07,8.29143166691191e-07,-9.52340752302418e-07,5.09505786928371e-07,4.83570698740924e-09,-4.66456786479471e-05,4.41447763129804e-06,-2.11428720334016e-05,7.35550368752828e-06,1.20937368167681e-05,-1.84830754848445e-05,0.000208513230876724,8.86588263637128e-05,-3.57560610364973e-05,1.19044089842635e-05,3.76911141655149e-07,-1.61495120632482e-05,-3.7013297072815e-05,4.37115322408799e-06,0.000185114276279428,3.27185515338635e-05,-8.04198322837521e-05,-4.40658446152364e-08,1.11976434899817e-07,-3.5516622765429e-08,-2.65098484323288e-10,-5.32117212785056e-08,7.26623647150001e-09,-1.43372954956788e-08,-1.96247443586361e-08,-3.08497672520332e-08,-2.61023527060229e-08,-6.83350985131001e-05,-6.9070933398797e-05,4.06563854851185e-05,-1.0722322957118e-05,9.0059417344256e-05,-6.40914672098252e-05,3.98857933269337e-05,3.73825919218274e-05,-0.000184243458803965,-8.97488215997737e-05,-1.3146594973282e-07,-0.00212743229403067,2.36376336490935e-05,-0.000183950102906882,0.000342818681859445,-1.83221521736309e-05,-2.01882579631801e-05,-1.49778608546936e-05
"north_west","p_ICU_2",4.3124918419819e-07,-1.30122043277085e-06,-5.6999025784571e-07,-6.4795728559406e-06,1.899764792339e-06,-5.07581517791803e-07,3.44946565233585e-07,1.15300928030274e-07,1.70394304295478e-07,-5.79321774687422e-07,3.95176418242162e-07,-7.7425935683843e-09,-1.08134382219524e-07,1.0813217515502e-07,-1.82502976057162e-07,3.57299899080675e-06,9.14472520189554e-08,-7.80339778178605e-08,1.11049444612314e-07,3.91064166288343e-07,-6.00725662320741e-07,3.91353736042124e-07,-1.49000215257043e-07,-4.23560355929872e-08,2.9799516146553e-07,-1.52344171719203e-07,-3.40075684264929e-07,7.62711848762961e-08,4.2568680838501e-08,-2.27694488448854e-07,-2.64014303743085e-07,-9.49254361982585e-08,5.1367967488981e-07,-8.59753595177018e-07,9.50166048574829e-08,4.00626334834901e-07,-4.51575084342978e-07,-2.77757847786532e-07,4.61486902062885e-07,1.91254074088258e-07,-1.965091746457e-05,-2.3864116288939e-05,-1.09352840045134e-06,-4.80082310748309e-06,6.00821820919115e-06,1.70866046217328e-05,6.27558442987089e-05,9.49342605205582e-05,-4.53519171371756e-05,9.48839221926622e-06,3.13930820686487e-07,-2.45889595563179e-07,1.70916634222333e-05,1.34087250123126e-05,3.27185515338635e-05,4.51132634707732e-05,-9.00571440421993e-05,2.98919758578684e-08,2.88370667231939e-08,-5.9493839770262e-09,5.80080113224169e-10,-7.57854907812163e-08,4.44492283582376e-08,-4.95477771024249e-08,-7.20306415541792e-09,3.03043684317135e-08,-5.46487680370764e-09,-4.34237392321181e-05,6.04053450528226e-07,3.30592262887215e-06,-2.4803338647581e-05,-9.2930349566736e-06,1.76403497196662e-05,-2.21191967430641e-05,-0.000370789393691776,-0.000177657473043363,-5.8448855344215e-05,3.52668388058379e-08,0.000296628425028916,0.000109278969395129,4.47349740468621e-05,0.000835658859890432,8.35181265430168e-07,1.24879128032852e-06,2.43747929879647e-06
"north_west","p_ICU_D",-6.52631565900026e-06,-6.96388901164154e-06,-1.22373690767765e-06,4.39498615556497e-05,-1.01471032441829e-05,1.41706187284048e-06,-9.68062092522182e-08,-9.44570592812374e-07,-3.87524497024359e-07,2.15867604864235e-06,-2.23654126416854e-07,1.02091080802806e-09,6.89715853928515e-07,-3.05746977159446e-07,5.72413258369703e-07,-5.73364283936834e-06,3.87182771091104e-07,-6.75148396173698e-07,2.84181727453408e-06,-4.07283462487271e-06,2.45400366719435e-06,-1.81243041357259e-06,7.64787068435137e-07,4.95136112052282e-07,-1.55430810597661e-06,1.01017547454066e-06,5.07599922162816e-07,-4.65638129783526e-07,-3.55206872263866e-08,-1.11674084997289e-06,2.20876531435409e-07,-9.04947991495867e-08,-5.11210687732611e-07,-4.5456541693772e-06,2.89115852521682e-07,-2.56292177468347e-06,2.83979743757299e-06,4.56178856659405e-07,-9.23007760979296e-07,-1.27773714799991e-06,2.78399716700512e-05,1.71322439428088e-05,-1.12021817003122e-05,-2.31659200299363e-05,-7.41472656368161e-05,-0.000230578803244158,-0.000185666212404564,-0.000192212725443482,0.000274452267652085,-3.68502638025384e-05,-3.28912247756197e-06,-9.74872715519854e-06,-2.00065438432564e-05,-4.61435181341058e-05,-8.04198322837521e-05,-9.00571440421993e-05,0.000803241743963306,-1.19201906624982e-09,-2.30312588457348e-07,1.37688383049652e-07,-5.33974220203334e-09,2.56313381286948e-07,-1.48589492797783e-07,2.21071697755119e-07,3.28036821653368e-08,-1.33412315484953e-07,1.02850378433032e-07,0.000107421690282356,1.55881376187437e-06,-1.32461783852989e-05,0.000143759709330661,1.26001663484972e-05,-7.24716725083798e-06,-1.70612858291322e-05,0.000155329436549859,0.000918890037348459,0.000327530875441001,1.10707991708804e-07,-0.00129102739317541,1.73156186464203e-05,0.000564221752084715,-0.0038387306854724,-7.66445607294217e-06,4.25752547510866e-06,2.3036514270844e-05
"north_west","p_NC_15_24",-1.92026808002118e-09,6.98508639890512e-08,9.00600389232411e-09,2.28134273755534e-08,-1.46529565000086e-09,-5.00586572977908e-10,-3.76169870216757e-10,1.58874752277463e-09,-2.5490181843693e-10,1.63831898776331e-09,1.93503109794122e-09,2.26708725940084e-11,4.29155940849785e-11,1.66894646720931e-09,1.76840025122924e-10,2.01907009887757e-08,-3.60112059710991e-10,-3.95762474686451e-10,2.11167124054714e-09,-2.24304935948125e-09,3.61644576757681e-11,2.74058769657655e-09,-1.95953716166252e-09,4.53487179017472e-09,1.43351144894412e-09,1.87990058770361e-09,-1.75175171845205e-09,3.27071523979007e-09,2.10290916158664e-09,-5.46188758568441e-10,-1.22767517442711e-09,1.19735865865934e-09,1.73146673173404e-09,-1.87062981331985e-09,5.11453757798942e-10,1.26265411944375e-09,-2.51979741484331e-09,2.70925450990296e-09,-3.62158118663788e-09,2.93352718159556e-09,-2.23676359046519e-10,-9.7844608790799e-08,2.26038480516554e-08,-4.13213887572979e-09,1.47116997708769e-08,1.3546786395218e-08,-7.74130682875173e-08,7.85688619554571e-08,2.63892648757455e-07,2.4374491948326e-09,1.43815525400494e-08,-3.32828233942606e-08,1.11092617421565e-08,5.57377905612179e-08,-4.40658446152364e-08,2.98919758578684e-08,-1.19201906624982e-09,1.2905203725542e-09,4.92261525651828e-10,4.33500116355031e-10,2.27785207878703e-10,5.27917953043581e-10,4.85455834257902e-10,2.56887543498715e-10,2.71932396634913e-10,2.85089557548252e-10,3.89561905254713e-10,1.66693553103155e-08,-1.16957989291787e-07,2.14933402042154e-08,-1.06253258961284e-08,-1.48629153348124e-07,2.27933249272534e-08,-4.72751858538008e-08,-2.46669621926612e-07,-1.1379076439698e-07,-8.86046683814679e-09,-1.09205863382077e-10,2.0324290026222e-06,6.6881541782408e-07,1.03423138866647e-06,1.04489716116462e-07,1.91269947700776e-08,3.69912967060466e-08,-3.9587271470005e-09
"north_west","p_NC_25_49",1.04214387931304e-09,4.30054542276323e-08,1.40964780507146e-08,-1.98126245079374e-08,3.62583703368323e-09,-2.17019271336238e-09,4.75764738974577e-09,-8.62955772017864e-10,1.3184521672957e-09,4.63021493585612e-09,-4.78160798325786e-09,3.31777074886031e-09,1.24346492590813e-09,1.46300725912124e-09,3.98530433156626e-09,3.08076303085502e-08,4.28836040330411e-09,2.09897977552171e-09,3.72592285730237e-09,9.57636349981722e-09,-4.99989553533224e-10,1.05423738277472e-08,6.44814672260233e-09,7.30374762075924e-09,1.07415095951832e-08,9.60889477818734e-09,-2.25081556000815e-09,9.95260969915998e-09,1.33669315970447e-08,7.66584983209745e-09,6.33970329721523e-09,4.29700925334057e-09,1.10999907109211e-08,8.31650662661013e-09,1.10064325883569e-09,4.32303259839075e-09,-6.26407901828598e-09,2.84084066362808e-09,-3.38785302536129e-09,6.3757372645308e-09,8.71908465768894e-08,-5.38245827792524e-08,-2.73017747937215e-07,1.76103641625778e-08,1.37894461044569e-09,1.73459456083942e-07,-2.9151856527314e-07,5.38801529806169e-07,-3.92123939536892e-07,-1.62962104621244e-09,-1.40547388441037e-08,-1.01281517716041e-07,-9.67104812460827e-08,2.54954651095675e-08,1.11976434899817e-07,2.88370667231939e-08,-2.30312588457348e-07,4.92261525651828e-10,2.92397462155905e-09,1.08613879114066e-09,6.2324520327238e-10,1.44904810022879e-09,6.30611970441109e-10,2.3991053170801e-10,5.39807080487597e-10,4.93966425360038e-10,1.46490017765343e-10,-2.2081602864067e-07,2.59699144373107e-07,-1.34107147215614e-07,6.93268208856958e-08,6.11411361865385e-08,-1.72323669783752e-07,6.51478984233746e-08,4.27245490863177e-07,-6.40264204634056e-07,-3.8403147629007e-07,-5.54458018413972e-10,-5.99923532248095e-06,1.370500429177e-07,-4.7289802239344e-07,2.02891656729902e-06,-4.49897907958994e-08,-3.05854776098611e-08,-1.40247922801631e-07
"north_west","p_NC_50_64",9.8401677735799e-09,1.19114113382866e-08,-1.99543455763059e-09,3.55738179269646e-08,-5.69755436010028e-09,-8.47095907106743e-11,6.32988831029464e-09,-1.12973253174589e-09,2.70395833609864e-09,-1.19488925742882e-09,2.55116858142929e-09,2.56658457088544e-09,1.93906914988341e-09,3.57715496205394e-09,2.57625592526089e-09,2.33992419150362e-08,4.07553784888723e-09,5.26560171280923e-10,8.71447842910868e-09,4.78032101488719e-10,4.30010507207856e-09,5.23173688123384e-09,5.58359335078084e-09,9.3835806517539e-09,5.23128046774915e-09,9.7748308910463e-09,-1.44310546066894e-09,7.67470949626699e-09,1.21472384691211e-08,3.81869200372461e-09,4.70856149937854e-09,2.76879900096713e-09,8.95356763913519e-09,4.08989460451047e-12,2.689233803121e-10,3.07543203179647e-09,-2.79749212605718e-09,3.58758338409748e-09,-3.00442116710837e-09,1.10123086003326e-09,-5.32144179719457e-08,-1.13123231493426e-07,-1.72160260729781e-07,-7.72563108729669e-08,-1.99957977462456e-07,1.62382433295244e-07,-1.82969570930644e-07,-3.25167659747839e-09,-9.50270260708488e-08,2.06335465545853e-09,-1.2466858704714e-08,-1.21171184867958e-07,-1.36133434577072e-07,8.46602547167305e-08,-3.5516622765429e-08,-5.9493839770262e-09,1.37688383049652e-07,4.33500116355031e-10,1.08613879114066e-09,2.89094558125965e-09,6.07900995096044e-10,1.23446665498321e-09,5.04660920037065e-10,4.7483996430748e-10,5.67005908370265e-10,3.12778909298824e-10,8.10784387306463e-10,-5.09369968300266e-08,8.36467032515053e-08,-6.79154144574262e-08,1.18229895982782e-07,1.23998562166354e-08,-3.34644876829265e-08,5.86569459018141e-08,2.99822028783442e-08,7.42357141438597e-08,1.51276818173394e-07,-6.37477121942524e-10,-6.88788926989628e-06,2.34777079193914e-07,1.18786557005146e-06,-1.8624859778378e-06,-5.22059495691016e-08,9.41010615158158e-09,-7.54087528461469e-08
"north_west","p_NC_65_79",-4.64169606000281e-09,8.25109330847346e-08,-8.81828792035626e-10,1.63342336297337e-08,-2.71102477843456e-09,5.7921865347741e-11,1.75377441163385e-09,4.59771829749081e-10,9.80958809977722e-10,1.07506234384918e-09,2.13797901128692e-09,1.1167070361095e-09,1.36954129701074e-09,1.00547873009164e-09,3.22290934568999e-09,1.71642470447587e-08,8.31413818073088e-10,1.8206728342303e-09,3.10799886599615e-09,8.71858181948609e-10,2.02412183661379e-09,3.83399045373819e-09,3.23562812041748e-09,5.26782688886691e-09,2.35043985734077e-09,8.11339300159116e-09,-8.66499005496201e-10,3.04169720619009e-09,8.12520101511009e-09,5.38229138323023e-09,3.33952042185035e-09,3.22566071780752e-09,5.3970488046303e-09,4.42965989804855e-09,2.74730198431934e-12,1.93171341718544e-09,-1.15256125090436e-09,2.56895396928891e-09,-3.65879539282533e-09,2.85263688313549e-09,3.29386803482514e-08,2.67740067765246e-08,-3.50049505975893e-08,-2.21331821303598e-08,4.03046898094214e-08,7.33361349943229e-08,4.4909245694391e-08,4.21646306276856e-08,-2.26296071578212e-07,-3.52671684509448e-08,6.02074500358991e-09,-6.51944141683651e-08,-9.03489048800336e-08,-2.18887738368858e-08,-2.65098484323288e-10,5.80080113224169e-10,-5.33974220203334e-09,2.27785207878703e-10,6.2324520327238e-10,6.07900995096044e-10,1.22979923014263e-09,5.50578996678308e-10,2.97365575445855e-10,2.04425943950415e-10,2.7030769061969e-10,2.38757779389152e-10,3.37567053820305e-10,-8.53693855343622e-08,-4.39080493197103e-08,6.09308335105307e-08,-8.43459086521145e-08,4.5530095762285e-08,-7.11820856416059e-08,8.80907243628288e-08,1.07097068291256e-07,-1.26010490135154e-07,2.76404934519107e-08,-3.03749041416531e-10,-2.98083686159052e-06,3.05017717498613e-07,-2.62070533727443e-07,-9.54220514741239e-07,-2.66836215865682e-08,-7.03218646140347e-10,-9.71351225708365e-08
"north_west","p_NC_80_plus",2.57405622155139e-10,1.7351417912359e-07,1.09174986183971e-08,-1.01490841024736e-07,2.76794168960215e-09,-1.93124037678524e-09,1.00736607430982e-08,-5.23382472775788e-09,2.58939153470819e-09,7.35715146109226e-09,5.98489429343024e-09,2.84944889323077e-09,4.26211562692208e-09,-6.7431352043322e-11,1.02712561292887e-08,-7.9066617260123e-09,4.16886151916081e-09,5.68939581387554e-09,5.4241063377262e-09,7.75342284645493e-09,4.70287513076143e-09,1.22434625935423e-08,7.14191290054893e-09,1.29699334556108e-08,1.66577831277162e-08,1.20699734838114e-08,1.11675563092606e-10,1.42998379238334e-08,1.7151602003993e-08,1.78863925594256e-08,8.19037661990184e-09,1.20467235906423e-08,6.80400363123896e-09,9.23462562059114e-09,1.41830290726448e-09,-2.21574868344862e-10,3.83484478376936e-09,4.24215896574631e-09,-9.13881611078113e-09,6.93005083711159e-09,2.43543941683018e-07,6.79912179417025e-08,1.29726107792954e-07,2.05495374946238e-07,2.38383821066965e-07,-7.86295963655335e-07,-9.08482594696719e-07,-6.40172063498699e-07,-1.01464474485949e-07,-5.99191784183393e-08,2.13260219261593e-08,-1.2742476617954e-07,-2.46655523002417e-07,-1.59369108571326e-07,-5.32117212785056e-08,-7.57854907812163e-08,2.56313381286948e-07,5.27917953043581e-10,1.44904810022879e-09,1.23446665498321e-09,5.50578996678308e-10,1.474644913456e-08,1.87402592324412e-10,1.23209908944832e-09,6.02411539625246e-10,3.31869886995761e-12,8.98313459663102e-10,3.0625941133636e-07,-3.26109556338511e-07,1.5531292656467e-08,-2.40943573572412e-09,7.70682532088123e-09,-1.74885282230849e-07,3.20232265822342e-07,1.21183761393988e-06,-8.58440677262041e-07,5.46331911005219e-07,-1.93685067217108e-09,-9.58554813570535e-06,9.2380153869069e-07,-1.25921307916387e-06,-6.12933331244715e-07,-6.76958836408428e-08,-5.42319111087777e-08,-2.45563519214956e-07
"north_west","p_NC_weekend_15_24",-1.0482463237673e-09,6.05967769948023e-08,1.73930385591675e-09,-6.31222063547475e-09,3.10523814424499e-09,-5.52190797709971e-10,1.59765034771808e-09,-1.04282333093182e-09,1.2513474291324e-09,1.14240901043657e-09,-2.50487914981878e-09,8.9577645878544e-10,1.08976958815504e-10,7.77058639694762e-10,2.08567827305174e-09,1.53451067087912e-08,6.33223991305186e-10,5.99673888516347e-10,2.05564832514667e-09,1.48162626648589e-09,4.14476348447348e-10,3.96584198153219e-09,1.94049242303654e-09,3.28266257429639e-09,4.7356413262762e-09,4.95533247875706e-09,-1.58980078467235e-09,2.5578402701051e-09,7.09590521858874e-09,1.37147386958084e-09,6.2970719984605e-10,3.26549041479333e-09,1.88478076972363e-09,9.19349959641133e-09,4.68222623348501e-10,2.33228592336516e-09,-4.31521329911582e-09,3.82044681999087e-09,-4.33291360418106e-09,2.55741478963018e-09,-5.86272745118012e-08,-1.24243141251588e-07,-1.21959005276167e-08,-1.64759120273772e-08,-3.58205391090272e-08,1.54982843366654e-07,1.01329841979671e-07,3.68899434118165e-07,-1.12209099166542e-07,2.17889503779572e-08,8.10405502544884e-09,-4.30626341520975e-08,4.07160726399387e-08,9.52628228810909e-08,7.26623647150001e-09,4.44492283582376e-08,-1.48589492797783e-07,4.85455834257902e-10,6.30611970441109e-10,5.04660920037065e-10,2.97365575445855e-10,1.87402592324412e-10,1.33542536362681e-09,-1.86164640628134e-11,3.24072524362579e-10,3.23174477836294e-10,8.05376000916873e-12,-1.42308140121142e-07,-1.80179791405193e-07,2.33903960843699e-08,-2.17534010139321e-08,-9.37142655520637e-08,-5.20749752357073e-09,-5.38594879688947e-08,-7.24356892868676e-08,-3.40199482551811e-07,-1.07547091638223e-07,-3.32327260151051e-10,-2.79326785722815e-06,8.22502256577144e-07,9.65376474923496e-07,1.51431943105671e-06,-1.09430411796859e-08,4.41645271260748e-09,-3.3494089957235e-08
"north_west","p_NC_weekend_25_49",-6.45857023137082e-09,6.89966093026669e-09,1.97296628522165e-09,-3.8319796524304e-08,-8.09133353511165e-09,1.00934685986877e-09,2.10092167895837e-09,-6.71137742706536e-10,1.23570374699017e-09,1.21822845008636e-10,3.32993945842965e-09,-5.33686345570053e-11,6.53335488985857e-10,-2.39687238156408e-10,1.8055255397534e-09,-1.07163640392073e-08,4.28241050459946e-10,4.62802509347319e-10,1.89489890764621e-09,-2.18120996217037e-09,2.22319598751862e-09,1.00838539488943e-09,1.23375043220802e-09,3.73790100406699e-09,9.74613096052504e-11,3.98820146852357e-09,1.42216067277029e-10,1.43760616816415e-09,4.29879079506491e-09,4.74199506358816e-09,1.30005064920704e-09,5.41077506824588e-09,2.24705260276747e-10,3.60120126053157e-09,8.85632760812983e-10,-1.15187363229126e-09,1.45523627545395e-09,1.04744188844104e-09,-7.21710000918672e-10,-1.09901917047089e-09,1.52192097333209e-10,3.21871278348409e-08,1.52829721283685e-09,5.63841032232505e-08,-3.95047345845394e-08,-1.78122936027335e-07,-2.93118654752389e-07,-1.27439870474048e-07,5.56075098167648e-08,-1.28798238469518e-08,8.8129985183829e-09,-5.77022304046996e-08,-2.33407683604645e-08,-1.22029423342149e-08,-1.43372954956788e-08,-4.95477771024249e-08,2.21071697755119e-07,2.56887543498715e-10,2.3991053170801e-10,4.7483996430748e-10,2.04425943950415e-10,1.23209908944832e-09,-1.86164640628134e-11,1.677486850886e-09,1.80372380103376e-10,-6.9225853615649e-11,3.74599766642565e-10,3.06452571021928e-07,-1.03268298409401e-07,-4.87015590451723e-08,1.69648951997322e-07,7.99585298524743e-08,-1.10122487054333e-07,2.30086269690516e-08,3.1550441932748e-07,1.19380999650285e-07,2.1726353560236e-07,-2.95964303284423e-10,1.05871636501954e-06,4.09895039487051e-07,-6.80419448010189e-07,-3.71857733674909e-06,1.98085998318512e-08,-1.57419413875511e-09,-9.03380901735738e-08
"north_west","p_NC_weekend_50_64",7.84996839056503e-09,8.11645343665872e-08,3.14115113596095e-09,3.51433856048602e-08,-6.20277997797613e-09,4.02228293258405e-10,2.73896756391084e-09,-5.32032087920123e-10,4.2123270378417e-10,3.82882235987736e-09,-3.542140609066e-09,1.75516020789154e-09,1.4310496393249e-09,9.79252969478677e-10,2.99858738803274e-09,2.16627002289248e-08,1.99473767452538e-09,1.70890897004372e-09,4.37749648125364e-09,-2.22147048197525e-10,2.89703478008313e-09,3.67762925680154e-09,4.0996486882027e-09,3.81306703976977e-09,6.0952896633614e-09,3.78065343313531e-09,-1.53733131597056e-09,5.33865464001098e-09,6.87240751481822e-09,2.91951327748559e-09,2.84140445674319e-09,2.9252488271765e-09,3.05802837548531e-09,5.89083496313388e-09,8.79358195921301e-10,1.16938731676396e-09,-6.33797270272202e-10,-1.81249874342523e-10,8.17116198144305e-10,-3.63184717946911e-10,-6.93391046107399e-09,-1.56052736838003e-08,-2.82317414028751e-08,-8.22384802374794e-10,-3.57644180092593e-08,1.64773757318729e-07,-1.08461817913123e-07,2.34911653405873e-07,-9.67760389067807e-08,-1.06574805955486e-08,7.25449893446602e-09,-5.76188249401133e-08,2.98153029182704e-08,1.93911170706124e-08,-1.96247443586361e-08,-7.20306415541792e-09,3.28036821653368e-08,2.71932396634913e-10,5.39807080487597e-10,5.67005908370265e-10,2.7030769061969e-10,6.02411539625246e-10,3.24072524362579e-10,1.80372380103376e-10,1.17705941909663e-09,2.41140822281512e-10,2.37566393850988e-10,-1.8240863641813e-08,-4.76026951776949e-08,-2.48670033752413e-08,5.33612937530189e-09,-7.1645043108611e-08,5.21295012388446e-08,-3.55510600392297e-08,3.16325390782923e-09,1.68716022484546e-07,-5.50582174587959e-08,-1.20349208178774e-10,-5.38262955874024e-06,-6.67832289942738e-08,4.92494658608537e-07,-1.73735602196348e-06,-4.23433235349685e-08,-1.46370106096679e-08,-3.85502726916002e-08
"north_west","p_NC_weekend_65_79",-1.10941819734449e-08,9.63812161839895e-08,4.86316788984128e-09,-1.58880671774828e-08,5.38605857119401e-09,-1.43787390413156e-09,4.79789521306864e-10,1.04456012784805e-09,8.51001000460568e-10,-2.97273870494912e-09,2.008430792467e-09,-5.90747002838958e-10,-2.52501227995541e-10,-8.48923057726521e-10,1.87910251093093e-09,3.15963078006698e-08,-2.1990437716111e-09,1.33642064785677e-09,-1.54079032305739e-09,3.49994796300643e-09,-3.57804436357571e-09,4.16472403907456e-09,-2.78460535895351e-10,1.57106452154614e-09,1.15567149212509e-09,3.44285388057107e-09,-1.85208274002231e-09,1.61789456349104e-09,3.48043333105431e-09,2.23944052631816e-10,-3.8416311806186e-11,2.91935046017383e-09,-2.21405972321388e-10,7.1184438541379e-09,-2.10880518682626e-10,2.9503677723074e-09,-2.75931274488484e-09,3.43085769590291e-10,-1.9781249650938e-09,3.36106518623404e-09,6.65712816275072e-08,-7.09201788372652e-08,-2.16309129821567e-08,-3.65549040482912e-08,6.88273705717404e-08,2.75402752261288e-07,-9.47842480174536e-08,1.99167343432177e-07,-2.94360075466993e-07,1.56406339329913e-09,6.38639156059724e-09,1.98783748448882e-08,1.64233438541439e-08,1.93569698969106e-08,-3.08497672520332e-08,3.03043684317135e-08,-1.33412315484953e-07,2.85089557548252e-10,4.93966425360038e-10,3.12778909298824e-10,2.38757779389152e-10,3.31869886995761e-12,3.23174477836294e-10,-6.9225853615649e-11,2.41140822281512e-10,1.0569747196536e-09,-2.37771297184856e-11,-1.442485688514e-07,-2.55855040420756e-08,2.27481996889084e-09,-1.20032985064314e-07,-1.83566760699584e-07,7.22035226371614e-08,-1.67955983807127e-08,-1.12944251259013e-08,-5.84090349818257e-07,-2.64186734927553e-07,-4.0375743148845e-11,2.42167516393947e-06,4.15225323937199e-07,3.99488404733098e-07,3.24380430246721e-06,3.03021058693735e-08,3.53467612729073e-09,-3.31923443082324e-08
"north_west","p_NC_weekend_80_plus",1.2391152438535e-08,1.7594042752835e-07,1.13937727869481e-08,7.37463872435347e-08,1.34715857109867e-08,6.60159310857561e-10,3.57303074061046e-09,-1.49720644141318e-09,3.24932126376387e-09,9.14297662269062e-10,2.94294299533283e-09,3.76302736744221e-10,2.41678633749589e-09,1.92837212635054e-09,2.00254797989268e-09,-2.34802386458866e-08,3.52144907288325e-09,2.42167937284244e-09,9.16498878410151e-09,-7.9076047510641e-09,9.14455993756441e-09,1.73412663243702e-09,5.20172800117501e-09,6.63763642226728e-09,6.71474094587279e-09,7.3643048705023e-09,-5.46920587433565e-10,6.60962226616398e-09,7.04718153529051e-09,1.13519485995239e-09,2.8218857715022e-09,1.96309811654666e-09,2.42726007513175e-09,5.11446106469518e-09,1.6433412195077e-09,-1.65982605913934e-09,6.03871272207136e-10,5.01368629636468e-09,-2.61837740984e-09,-7.50005715018306e-10,-1.2199724635483e-07,-5.3170130590699e-08,3.90695720332587e-08,-3.51304235824857e-08,-1.02272290189302e-07,2.71502703691396e-08,-2.39829692502954e-07,-4.48499392368003e-07,8.7849708893123e-07,-6.72091255730045e-08,3.3720199120163e-09,-1.48692486799284e-07,-3.16751575308468e-08,2.6088600091419e-08,-2.61023527060229e-08,-5.46487680370764e-09,1.02850378433032e-07,3.89561905254713e-10,1.46490017765343e-10,8.10784387306463e-10,3.37567053820305e-10,8.98313459663102e-10,8.05376000916873e-12,3.74599766642565e-10,2.37566393850988e-10,-2.37771297184856e-11,6.94194886048967e-09,-7.74526207228698e-08,-7.03576223221447e-08,6.4289699282332e-08,4.82671678361205e-08,1.6726238716053e-07,-1.65375321396714e-07,-3.56994276575396e-08,-2.52500296860435e-07,3.6798997261707e-07,4.26472672024657e-07,-1.54376806922328e-10,-3.59254232883878e-06,-1.96423900524351e-06,7.54179139391061e-07,2.68062214411633e-06,-1.81257053647821e-08,-5.19924874474406e-08,-5.75479838079879e-09
"north_west","p_W_D",8.31749152443479e-06,2.75610866022957e-05,-1.37617912342726e-05,7.51791477364964e-05,-1.38781385701718e-05,2.05130114625048e-06,-1.17234546839294e-06,1.74115187362035e-06,-2.11303802177609e-06,2.60338465363442e-06,4.10124191851524e-07,-3.64880350298798e-07,6.13183710162332e-07,1.43489186579584e-06,-1.98506443046549e-06,-9.75325769604469e-06,9.73212638788405e-08,-1.12982157898012e-06,1.25648121329282e-06,-4.85814114853051e-06,1.08611513011356e-06,-1.24855193337634e-06,-1.79444815781344e-06,4.90115772962161e-07,-3.45851488666129e-06,1.1388273803052e-06,1.21589156606188e-06,-2.54976880538436e-06,-2.89135614028141e-07,-4.13887580072772e-06,5.73263905090656e-07,-1.60670179190866e-06,-3.27899004752292e-06,6.49749865540611e-07,-6.35210652181948e-07,3.25296493944356e-07,-7.01476827952383e-07,-1.66854783436167e-07,3.11743593072724e-06,-3.19717563560613e-06,-9.27773322436056e-05,-3.20185378796997e-05,1.54943640256057e-05,0.000105756171257911,1.30300177386839e-06,-7.51027196386789e-06,-0.000328259173702039,3.11430454301525e-05,7.24311742400154e-05,-6.4059936821564e-06,7.43924431821658e-06,5.37369493526885e-06,-6.81661603365414e-05,-2.1318965553556e-05,-6.83350985131001e-05,-4.34237392321181e-05,0.000107421690282356,1.66693553103155e-08,-2.2081602864067e-07,-5.09369968300266e-08,-8.53693855343622e-08,3.0625941133636e-07,-1.42308140121142e-07,3.06452571021928e-07,-1.8240863641813e-08,-1.442485688514e-07,-7.74526207228698e-08,0.00181310887446101,2.93279192205446e-05,-0.000155370518535263,9.62658972009183e-05,1.56906189251138e-05,-3.70034976221861e-06,7.03584245971975e-05,-0.000249549426150693,0.000671304082587231,0.000198499174761461,-2.13398057074769e-07,-9.91879160714049e-05,-0.000691264764741266,0.000517475137027692,-0.00556801545239896,-4.22287530188473e-06,3.74361303815317e-05,1.90908642651074e-05
"north_west","rel_p_D_alpha",4.74406370462596e-06,-0.000223817584086812,1.03766943173196e-05,4.52044287703787e-05,-6.31948867485588e-06,1.08163087691668e-06,-3.05889410524116e-06,4.14011083912676e-06,-3.57340603165389e-06,7.12498199696736e-06,-4.26605538189329e-06,8.42425413212552e-08,-4.85119118450616e-08,-2.52609089822788e-06,4.95171008501574e-07,2.04450728211514e-05,1.90126370327518e-06,3.66647227929456e-07,-2.52286796085569e-06,6.7362405141672e-06,-2.03908283723129e-06,1.59846052895641e-06,2.26413268193482e-06,-4.379453617508e-07,-2.52719717375192e-06,5.82673735080094e-06,5.67346418463942e-07,-1.91259537883805e-06,2.32288710562574e-06,3.61789568827891e-06,2.97675459695827e-06,1.27980264482522e-06,1.48334826139479e-06,5.59710362340818e-06,-6.16434499578532e-07,1.79253927702673e-06,-8.62188574444461e-07,1.15268407602709e-06,-1.91183980346377e-06,1.57897440399774e-07,1.71007190014116e-05,-6.3177684610468e-05,-0.0017331096252466,-0.00103210117019184,-0.00053887208337009,0.000583834850138966,-0.00031046184837435,0.000105868554322949,-0.000654223447506367,3.56110716178876e-05,-0.000203252186117848,-1.89442829255339e-05,6.90570842575999e-05,-3.43364948273838e-05,-6.9070933398797e-05,6.04053450528226e-07,1.55881376187437e-06,-1.16957989291787e-07,2.59699144373107e-07,8.36467032515053e-08,-4.39080493197103e-08,-3.26109556338511e-07,-1.80179791405193e-07,-1.03268298409401e-07,-4.76026951776949e-08,-2.55855040420756e-08,-7.03576223221447e-08,2.93279192205446e-05,0.00432341329439483,-0.000826315487285062,-0.000312393348088511,-3.72357801349963e-05,0.000123817239748836,-1.82565559698295e-05,-0.000314057611423605,-3.75122205271481e-05,-6.09406250717299e-05,-1.12793604911154e-07,0.00481309388027465,-0.000177091801959433,-0.00118617942511862,-0.00124842203710877,3.81040177821377e-05,-6.76313242162005e-05,-6.60668225179114e-05
"north_west","rel_p_D_delta",1.66506152130464e-06,0.000145559939936267,-6.55866060101904e-06,-3.39220249139921e-05,5.87050078375551e-06,3.2788453155805e-07,-2.35912380228713e-07,-1.16421467894736e-06,5.99099197202846e-07,1.18420701037946e-07,-1.1423153296884e-07,-1.63093117457089e-07,-3.0637644061038e-07,-7.98862981435104e-07,3.92743556326783e-07,-4.85227764906052e-06,-8.29354327221615e-07,-2.60309267435695e-07,-2.29561741441069e-08,3.21547653250429e-07,-1.41553744735477e-07,-6.2709014798597e-07,6.46963633760683e-07,-1.67155069102236e-06,1.79677599623334e-06,-2.09876256577712e-06,-4.71176729319054e-07,1.09615595630572e-06,-9.11512058962987e-07,-3.49811788549331e-07,2.49428256293092e-07,-2.17414526961986e-06,1.68175592608571e-06,-1.11076544034693e-06,4.38253894982003e-07,-7.67737588799389e-07,1.55736243815341e-06,-1.09969365677287e-06,-3.01296884741197e-07,-2.68174627590431e-07,-8.10676198647653e-06,-7.70436086793672e-06,0.000304697167326668,-0.00023270817349398,-9.67250120805367e-05,-0.000111417358170011,0.000495270109251579,-0.000231142498343309,0.000161958095563228,-2.27883516626722e-05,8.86746710441152e-06,5.72207017098979e-06,-2.51212201153776e-05,7.57606391446094e-06,4.06563854851185e-05,3.30592262887215e-06,-1.32461783852989e-05,2.14933402042154e-08,-1.34107147215614e-07,-6.79154144574262e-08,6.09308335105307e-08,1.5531292656467e-08,2.33903960843699e-08,-4.87015590451723e-08,-2.48670033752413e-08,2.27481996889084e-09,6.4289699282332e-08,-0.000155370518535263,-0.000826315487285062,0.000782757853292666,-0.000196747759456298,4.20008947036647e-05,-8.7281476906736e-05,4.96536776699379e-05,0.000658785554238888,-0.0002860760140071,-5.41495679716878e-05,-2.58692280296488e-07,0.00128249518744968,-3.89168741089311e-05,-9.6913610265884e-05,0.00193927775565788,9.06575956174527e-06,-2.3647944525699e-06,1.84072192016995e-06
"north_west","rel_p_D_omicron",-2.11703671949005e-06,-4.1584220146627e-05,2.61584219159261e-06,1.66055636728973e-05,-2.99378199794694e-06,-1.58258451715975e-07,8.91083324354133e-07,-5.11192460073779e-07,9.35000738610752e-08,-5.36960347405927e-07,2.34748632357227e-07,2.76177168486594e-07,3.60199559659166e-07,1.40885157063075e-06,-1.03525126968381e-06,-7.61604058628826e-06,1.11078871660868e-06,-3.02618293074722e-07,2.34352706780988e-06,-2.2793621783914e-06,5.94621452129687e-07,3.74669502864092e-07,-9.23610492602808e-07,1.23157544907216e-06,3.14188770681689e-07,-7.31507871247779e-07,3.80918452872805e-07,2.29649628030694e-07,5.53547208797905e-07,-1.65162493342657e-06,-3.37297871311664e-07,-5.58205000404868e-07,-1.5832957109145e-06,6.75895714768942e-07,5.05810018073031e-07,-1.88583366347696e-06,1.24301172792424e-06,9.48447752377452e-07,-1.40730379967646e-06,8.04132181801442e-08,-4.29463266520956e-05,7.27628598127291e-06,7.80446318850535e-05,0.000232933862220343,-0.000364977279654365,-4.54746703759074e-05,-0.000158099908709127,9.58463008199897e-05,7.32536472856676e-05,8.78103054359912e-06,1.2760590396255e-06,-1.45259721456696e-05,-4.98764199657901e-06,3.2160233261372e-05,-1.0722322957118e-05,-2.4803338647581e-05,0.000143759709330661,-1.06253258961284e-08,6.93268208856958e-08,1.18229895982782e-07,-8.43459086521145e-08,-2.40943573572412e-09,-2.17534010139321e-08,1.69648951997322e-07,5.33612937530189e-09,-1.20032985064314e-07,4.82671678361205e-08,9.62658972009183e-05,-0.000312393348088511,-0.000196747759456298,0.000710983625875367,4.49809028815352e-05,-1.86026873579142e-05,-4.73790992958765e-05,-0.000143160514630631,0.000392079236367377,0.000142483680244143,3.01814149103871e-07,-0.00258301834998536,-0.000245682111133406,0.000618879365459195,-0.00128700504980624,-1.99805547590788e-05,9.70557895631682e-06,2.65412690274355e-05
"north_west","rel_p_H_alpha",1.13007503275931e-05,3.51538469518159e-05,3.66537859140841e-06,2.79145904221624e-05,-2.21693037285769e-06,9.89027985596698e-07,2.10318645182496e-06,-1.77198438997455e-06,1.39518582426318e-06,1.44242880349757e-06,-2.15342041657578e-06,1.69591546038259e-06,7.50070962504758e-07,1.21343675657064e-06,8.93681197143693e-07,-5.29680609022459e-06,3.43719057619324e-06,6.55954908714589e-07,2.36978205454342e-06,3.46538243332563e-06,2.15660813306851e-06,1.56067810905031e-06,3.6731727958487e-06,1.11716331925303e-06,5.06262111418627e-06,1.95318663550998e-06,1.35961041949508e-07,2.0252170994127e-06,4.26657670648086e-06,2.73434644834575e-06,2.8572014481604e-06,1.04505424324248e-06,3.30880021905697e-06,2.33562359064949e-06,9.84370673046302e-07,-1.10434022983161e-06,1.67834676590704e-06,5.34274447226642e-07,1.47683808940942e-07,-8.50851006578667e-07,-4.08143098915478e-05,9.60677012246234e-05,-9.25776484609849e-05,9.1763871842221e-06,-4.98153969064968e-05,6.39809316837125e-06,-9.50959431194279e-05,4.08058103872445e-05,8.62531683789092e-05,-9.00180498014659e-06,-4.96330853880042e-06,-0.000108998349379177,-6.12701957818919e-05,7.65998594876287e-07,9.0059417344256e-05,-9.2930349566736e-06,1.26001663484972e-05,-1.48629153348124e-07,6.11411361865385e-08,1.23998562166354e-08,4.5530095762285e-08,7.70682532088123e-09,-9.37142655520637e-08,7.99585298524743e-08,-7.1645043108611e-08,-1.83566760699584e-07,1.6726238716053e-07,1.56906189251138e-05,-3.72357801349963e-05,4.20008947036647e-05,4.49809028815352e-05,0.000662747291758286,-0.000431060176727757,-1.54385084230173e-05,-0.000221854386901733,0.000600665127458408,-4.01221759317166e-05,-2.59827672879524e-07,-0.00474084750576308,-0.000480173721673187,-0.000444985964412434,-0.00163737420847586,-4.86993495627207e-05,-4.23698868140746e-05,-2.63482622772383e-05
"north_west","rel_p_H_delta",-4.07079178062977e-06,-2.09760086241357e-05,-3.88738185469995e-06,-3.32365860249228e-06,-2.06026024570578e-06,-1.29547659686293e-07,-1.52406478117548e-06,1.94584448284382e-06,-7.36987558836005e-07,-1.8469618526502e-06,2.91477401518494e-06,-6.48373584541476e-07,-1.86850667803616e-07,1.87591492471234e-07,-1.20735771077125e-06,8.47059287529506e-06,-2.03164297331241e-06,-5.24336003876478e-07,-1.68023656201137e-06,-2.22287578122616e-06,-1.80433387870416e-06,-1.46668453872548e-06,-3.29158754387921e-06,-1.01340183737945e-06,-5.53064527052742e-06,-1.42854141961374e-06,-4.30652752960061e-07,-2.76184704907704e-06,-4.0957448924674e-06,-3.53213426950818e-06,-1.90653137153576e-06,-2.67572932629686e-06,-2.25383722940922e-06,-4.07813878975545e-06,-1.5709300540092e-07,1.83868177524645e-07,-1.35227250137398e-06,1.07264985037931e-06,-2.28577916809308e-07,4.67303059172706e-08,1.30180790191054e-05,-2.46512038763049e-05,8.8292546218444e-06,-5.08187732806599e-05,2.99361739878637e-05,7.474133374865e-06,0.000175109917142315,2.45753559527677e-05,-8.10604007663231e-05,-4.72797548969001e-07,9.27526969350634e-07,2.00412582007449e-05,-4.41677862937168e-05,8.79198990855186e-06,-6.40914672098252e-05,1.76403497196662e-05,-7.24716725083798e-06,2.27933249272534e-08,-1.72323669783752e-07,-3.34644876829265e-08,-7.11820856416059e-08,-1.74885282230849e-07,-5.20749752357073e-09,-1.10122487054333e-07,5.21295012388446e-08,7.22035226371614e-08,-1.65375321396714e-07,-3.70034976221861e-06,0.000123817239748836,-8.7281476906736e-05,-1.86026873579142e-05,-0.000431060176727757,0.000514600239136367,-5.70788834424311e-05,-1.66371775834828e-05,-0.00028699857242789,0.000114704014305761,3.85211622963447e-07,0.00236222718162085,0.000303777687100167,0.000474774545476467,-0.000320085314694962,2.33677522397721e-05,4.45528291421182e-05,4.02250109098386e-05
"north_west","rel_p_H_omicron",4.71846420244591e-06,1.49691205926167e-05,2.28136161119107e-06,-2.46255573293005e-05,-7.03944601668067e-08,-2.0145276065385e-07,-3.78497159745526e-07,5.47955222827383e-07,-5.82553229109716e-07,1.2215129166554e-06,-1.2277933635922e-06,1.90236763018222e-07,-8.35909282484422e-08,-1.44970215176215e-07,-3.96679219299832e-08,3.14006012504015e-06,1.7180672688775e-07,7.50390395623049e-08,6.33477459726121e-08,8.96916835054057e-07,-8.04095493429225e-08,4.3357457340819e-07,6.23583155964354e-07,4.0590467493718e-07,9.95985255521579e-07,-1.55546775207427e-07,-2.18161520355856e-08,1.75174478387098e-06,5.57369612678042e-07,7.3429290539215e-07,1.13846046378064e-06,-1.02459499684061e-06,1.77244927154841e-07,2.35563843837733e-06,-2.46670244484516e-07,1.00429232239417e-07,8.85347355334987e-07,-9.09519478123668e-07,3.78219863119563e-07,-8.42170341674747e-08,-1.89388999107491e-06,2.12884704096074e-05,1.4916173836259e-05,-2.03003261210084e-06,2.35253393730279e-05,8.63716375433316e-06,-6.55027307297092e-05,-0.000116436943414163,-8.18441628123774e-05,-6.86059285657677e-06,-6.53170315222572e-06,2.23846238514158e-05,-0.000345340709531868,-3.3590500034523e-05,3.98857933269337e-05,-2.21191967430641e-05,-1.70612858291322e-05,-4.72751858538008e-08,6.51478984233746e-08,5.86569459018141e-08,8.80907243628288e-08,3.20232265822342e-07,-5.38594879688947e-08,2.30086269690516e-08,-3.55510600392297e-08,-1.67955983807127e-08,-3.56994276575396e-08,7.03584245971975e-05,-1.82565559698295e-05,4.96536776699379e-05,-4.73790992958765e-05,-1.54385084230173e-05,-5.70788834424311e-05,0.000445895722059544,0.000329055981127105,-0.000101142750960445,8.11849742210905e-06,-3.29225372571549e-07,0.000528541187935904,-0.000287125981742434,-0.000555593804416501,0.000190961786756385,-5.74296794085526e-07,-5.54686966770544e-06,-2.73130180995831e-05
"north_west","rel_p_ICU_alpha",-2.34049592788889e-05,-0.00022015561675733,-7.29453650951553e-06,-0.000404719747440794,2.62778370497459e-05,4.81168879645438e-06,-7.89674376112113e-06,2.8443040949528e-06,-3.60158686030901e-06,1.37461036647478e-05,-9.40429823802793e-06,-1.0185756483073e-06,1.19212653204896e-07,-3.258481981615e-06,1.92231205170339e-06,-6.55496824155269e-05,-4.33099051183353e-06,-3.82081158104645e-07,-1.17895954827175e-05,1.14155738805708e-05,-4.54526161517859e-06,-1.69414781487284e-06,-6.92599590879488e-08,-7.31571116147484e-06,3.44263904619604e-07,-1.72724610569601e-06,9.60556409289712e-07,-2.84541882615279e-06,-2.65093714871809e-06,6.95826758005318e-06,2.73604377124513e-06,6.0971188772154e-08,-4.15514311024192e-06,1.72073084527864e-05,2.36639043082401e-06,-4.31123610623252e-06,5.55127095919981e-06,-3.09109345173884e-06,-2.93910600955425e-06,1.97215372490347e-06,0.000243273032176654,0.000392851128101714,-0.000296263770844945,-0.000279002522781174,4.56488957783619e-05,0.000469388404483501,0.00121776551869893,-0.00196689698836675,3.98067113045897e-05,-3.12926772494454e-05,-2.02664064370524e-05,-5.20989012140951e-06,-0.000122387429486046,-0.000180242250681613,3.73825919218274e-05,-0.000370789393691776,0.000155329436549859,-2.46669621926612e-07,4.27245490863177e-07,2.99822028783442e-08,1.07097068291256e-07,1.21183761393988e-06,-7.24356892868676e-08,3.1550441932748e-07,3.16325390782923e-09,-1.12944251259013e-08,-2.52500296860435e-07,-0.000249549426150693,-0.000314057611423605,0.000658785554238888,-0.000143160514630631,-0.000221854386901733,-1.66371775834828e-05,0.000329055981127105,0.0118866121614005,-0.00586292269722483,0.000117671210418944,-7.94587606204955e-07,0.00652612181392141,0.00231336727618267,-0.00218230467996709,0.00617154343995623,7.25410452430126e-05,6.1950699161103e-05,-0.000161120619957954
"north_west","rel_p_ICU_delta",4.03406432072947e-05,0.000222645056501465,-5.41878123026419e-06,0.000579962153911394,-5.87818140993413e-05,7.1333085979816e-06,2.54786751299645e-06,-4.84593981693783e-06,7.48556409592412e-07,4.0772722358173e-06,-8.18041510163591e-06,2.66481561682202e-06,2.09931362678657e-06,2.37557202231257e-06,4.28099323229126e-07,4.52067180745942e-05,5.54189369602956e-06,1.02858613959813e-06,1.21371608429649e-05,-1.81483638413789e-05,1.47311061370125e-05,-4.54425140932759e-06,5.79055271526469e-06,4.32858130443398e-06,-1.62833058385891e-06,4.35148949697589e-06,3.79165537200161e-07,1.21212770842356e-07,4.38383308170774e-06,-7.28221468081815e-06,2.8678243273918e-06,-3.58121105172985e-06,1.95528623296994e-06,-4.92628291939853e-06,-1.60545344009971e-06,-5.46344681992441e-07,-1.88108675941204e-06,1.14612294842644e-05,-4.81796520319139e-06,-1.04810936692268e-05,-3.41644971210155e-05,-2.98559233746316e-06,0.000346975930147209,0.00017684330454058,-0.000272696479290929,-0.000391806936648893,-0.000849959944076997,0.00105685370329828,0.0011598543124582,-4.01185774182332e-05,6.35151661842623e-06,-0.000124990949626045,-0.000165905972150454,1.19356401321197e-05,-0.000184243458803965,-0.000177657473043363,0.000918890037348459,-1.1379076439698e-07,-6.40264204634056e-07,7.42357141438597e-08,-1.26010490135154e-07,-8.58440677262041e-07,-3.40199482551811e-07,1.19380999650285e-07,1.68716022484546e-07,-5.84090349818257e-07,3.6798997261707e-07,0.000671304082587231,-3.75122205271481e-05,-0.0002860760140071,0.000392079236367377,0.000600665127458408,-0.00028699857242789,-0.000101142750960445,-0.00586292269722483,0.00912272402806134,0.000592902024034785,-2.55191995201641e-07,-0.0138978780142644,-0.00309851835713714,0.00173889737627849,-0.0197452139609416,-0.000105922758258494,-7.83163308500104e-05,0.000141745448375734
"north_west","rel_p_ICU_omicron",9.45710557939865e-06,-4.9214982298825e-05,-9.01604901016736e-06,6.24975689315863e-05,-7.90488211182186e-06,2.15238968756323e-06,4.89830072893293e-07,-2.1688767019568e-06,1.78670550790572e-06,-1.65274175809179e-06,1.89906551515396e-06,-4.46896603110591e-07,3.52532203740039e-07,3.0623902069564e-07,4.09230076275284e-07,-2.92471297186846e-05,-8.7176116937667e-07,2.14241817370953e-07,2.13148907394075e-06,-6.57915607207232e-06,3.91543604493754e-06,-3.44597870991619e-06,-3.9260765516814e-07,1.31295809120001e-06,-3.93312474786632e-06,1.92080649786092e-06,2.03029085331472e-06,-1.86668958861023e-06,-1.46585337930585e-06,-6.19895215242498e-07,-1.19104742450864e-06,4.20940447710064e-08,-2.45096512072575e-07,-9.92708447007733e-06,-7.2030445218356e-07,-2.22423384793105e-06,1.62289192279202e-06,3.89394364351701e-06,-1.46808561890124e-06,-4.27377724667588e-06,-0.000116064541608978,-5.57194190349827e-06,3.27221834094489e-05,9.80278088597789e-06,-8.3563588299374e-05,-0.000246662455811946,-8.88944388735635e-05,-0.000320753213138118,0.000521234083676312,-2.72169555479729e-05,3.46410845467035e-06,-3.3087917607292e-05,-8.85879080971979e-05,2.46044302135466e-05,-8.97488215997737e-05,-5.8448855344215e-05,0.000327530875441001,-8.86046683814679e-09,-3.8403147629007e-07,1.51276818173394e-07,2.76404934519107e-08,5.46331911005219e-07,-1.07547091638223e-07,2.1726353560236e-07,-5.50582174587959e-08,-2.64186734927553e-07,4.26472672024657e-07,0.000198499174761461,-6.09406250717299e-05,-5.41495679716878e-05,0.000142483680244143,-4.01221759317166e-05,0.000114704014305761,8.11849742210905e-06,0.000117671210418944,0.000592902024034785,0.000811687049959021,2.7134214637643e-07,-0.000383815083062619,3.12004768934109e-05,7.62008520562481e-05,-0.00424007762207948,8.28418706038045e-06,6.11670092207247e-06,1.91214703723046e-05
"north_west","rho_pillar2_tests",-1.93305346244944e-08,-2.46496789731603e-07,-6.64346335011803e-09,-3.98365990106953e-08,3.3367205510981e-09,3.30060204007512e-10,1.35610594537375e-09,-7.67528225382582e-10,9.13564538447766e-10,-1.30781946436774e-09,-1.32101410706481e-09,-1.45636517251579e-09,3.32029914762722e-10,4.65370541064966e-10,-1.60385895882862e-09,-2.9660330631389e-08,-3.84009013871131e-09,-6.04532839073094e-10,-5.68133407682046e-09,-4.72658932318561e-09,2.28134425826219e-10,-9.69047499732726e-09,-1.99698169730353e-09,-5.91269779749934e-09,-1.08522797473198e-08,-5.13867829518976e-09,2.09802178701264e-09,-7.45755499271939e-09,-8.49006429041125e-09,-1.11660502627935e-08,-5.00180402656354e-09,-7.89575664927896e-09,-2.33818009620342e-09,-2.43647311407107e-08,-1.91591495846422e-09,-1.12857326541668e-09,5.33062304881999e-09,-6.53041886638048e-09,6.88992983379394e-09,7.20779662453473e-10,1.33493002435053e-07,-1.30837968817736e-07,1.94685574760632e-07,2.50334389193713e-07,-1.66943947610956e-08,-3.55438499783548e-07,-1.41238778013805e-07,-1.44523160915349e-07,3.94367307048507e-07,-3.44184718245502e-08,-2.66932305135535e-10,-1.17284630184633e-09,1.55367971045154e-07,-1.77526832582023e-08,-1.3146594973282e-07,3.52668388058379e-08,1.10707991708804e-07,-1.09205863382077e-10,-5.54458018413972e-10,-6.37477121942524e-10,-3.03749041416531e-10,-1.93685067217108e-09,-3.32327260151051e-10,-2.95964303284423e-10,-1.20349208178774e-10,-4.0375743148845e-11,-1.54376806922328e-10,-2.13398057074769e-07,-1.12793604911154e-07,-2.58692280296488e-07,3.01814149103871e-07,-2.59827672879524e-07,3.85211622963447e-07,-3.29225372571549e-07,-7.94587606204955e-07,-2.55191995201641e-07,2.7134214637643e-07,7.71906510206587e-09,-6.37030205035062e-07,1.33971721746646e-06,2.25313560251754e-06,-1.24732405285397e-07,3.40379252889635e-08,1.00392311252151e-07,1.42763070447194e-07
"north_west","seed_date_alpha",-0.000371257406835727,7.89537742032883e-06,9.73197501202012e-05,-0.00102759874487002,0.000101093651026654,5.15769813348775e-06,-0.000170052221888971,0.000151334123400638,-6.01709744985159e-05,8.12600607113848e-05,5.63660526368163e-05,-0.000127043817246319,-0.000155292170449226,-0.000149785596573501,-0.000123600486919843,0.000133616121633635,-0.00025035443471056,-0.000107524528870051,-0.000208695900921046,-0.00021362292146969,-0.000183610266548861,-0.000188684799325195,-0.0002605478647027,-0.000188745724932023,-0.00035522765324475,-0.000228243724743188,-1.78741697719397e-06,-0.000221080667895505,-0.00036647420099385,-0.000222288886548392,-0.000126625756433525,-0.00012292043688757,-0.000201067420461471,-0.000181242284207666,-1.70369498100061e-05,-8.63670985470514e-06,-1.49593808185649e-05,4.91782797758326e-07,-2.95271281872196e-06,1.89335023553448e-05,0.00288436010962388,0.00160709393651739,0.000715332187647713,-0.00185538451329654,0.00180465660954725,-0.00267620176224725,0.000541888650831228,-0.00533769888822936,-0.000725894058323111,0.000366920711390093,-0.000252460471358465,0.00217960668850992,0.000380157858847866,-0.00222689958291511,-0.00212743229403067,0.000296628425028916,-0.00129102739317541,2.0324290026222e-06,-5.99923532248095e-06,-6.88788926989628e-06,-2.98083686159052e-06,-9.58554813570535e-06,-2.79326785722815e-06,1.05871636501954e-06,-5.38262955874024e-06,2.42167516393947e-06,-3.59254232883878e-06,-9.91879160714049e-05,0.00481309388027465,0.00128249518744968,-0.00258301834998536,-0.00474084750576308,0.00236222718162085,0.000528541187935904,0.00652612181392141,-0.0138978780142644,-0.000383815083062619,-6.37030205035062e-07,0.898613214964369,0.0263161327631823,-0.0209883016823461,0.0513626972508955,0.00777492951800521,0.000560511257755859,4.34080551174167e-05
"north_west","seed_date_delta",-6.54164057748797e-05,-0.000114059430328414,-4.31122340286255e-05,-0.000280194260363916,4.19448725400958e-06,-3.88443995362251e-06,-5.57598743361549e-06,6.26153490270652e-06,8.3394856652117e-07,-6.72947857583e-06,6.05415815583532e-06,-5.61444486249204e-06,-4.79325121720845e-06,-6.0648008790661e-06,6.91888443250653e-06,8.54117660867632e-06,-2.22721880521609e-05,-8.92326587304263e-06,-3.04102403901429e-05,-5.81331745467873e-06,-1.95445108280042e-05,-1.59875253263516e-05,-2.27327093102605e-05,-2.03603302140122e-05,-2.34814711127424e-05,-2.73209615447495e-05,-5.55912191247414e-07,-1.83009113689637e-05,-2.99143974257481e-05,-2.33565393282096e-05,-1.42814876756947e-05,-6.04113298761562e-06,-2.41276986822475e-05,8.11839258228853e-07,9.1204112356566e-07,-6.59841192204682e-06,5.84861912764789e-06,6.17085585466403e-07,-9.58071729736015e-06,1.28333480969256e-05,-7.42406823519077e-06,-0.000177018940256324,0.000151108946743931,6.40990362200472e-06,0.000429499370261299,-0.000968701954260532,0.000208662185358405,0.000556539294882551,0.000250864860489489,-9.39208320201253e-05,2.52118208302562e-05,7.9571225107614e-05,0.00019735154914629,1.57133755923986e-05,2.36376336490935e-05,0.000109278969395129,1.73156186464203e-05,6.6881541782408e-07,1.370500429177e-07,2.34777079193914e-07,3.05017717498613e-07,9.2380153869069e-07,8.22502256577144e-07,4.09895039487051e-07,-6.67832289942738e-08,4.15225323937199e-07,-1.96423900524351e-06,-0.000691264764741266,-0.000177091801959433,-3.89168741089311e-05,-0.000245682111133406,-0.000480173721673187,0.000303777687100167,-0.000287125981742434,0.00231336727618267,-0.00309851835713714,3.12004768934109e-05,1.33971721746646e-06,0.0263161327631823,0.0306526564054383,-0.000615288209452796,0.0029367621618162,0.000274264654997623,0.000577832881803305,-7.64454139908135e-06
"north_west","seed_date_omicron",1.46651959599428e-05,0.000597521787492664,-1.67481663480105e-05,0.00012416115016559,3.31945306215609e-05,1.52280599814008e-06,3.66192154103321e-07,-3.3186967063557e-06,5.39221968819951e-06,-8.68762460349057e-06,-1.48850627379137e-06,4.11096244747093e-06,1.29113576422292e-06,1.34685607172576e-05,-9.24386565921286e-07,-8.51824660927791e-05,-2.86942572488639e-06,2.23989512653997e-06,5.33432386881312e-06,-2.04048980748022e-05,1.20305231841738e-05,-5.54906612085806e-06,2.54761361572375e-06,7.45897811561064e-06,-7.27367034341099e-06,6.31102148249751e-06,4.41014314356787e-06,-6.0639613421963e-06,9.92466765492268e-06,-8.54161728723252e-05,-2.07594989329659e-05,-6.00691413009623e-05,-2.60351968149681e-05,-6.17723339933578e-05,-2.90956627301495e-06,9.14716188975468e-06,-1.55310675510323e-05,1.09595395255145e-05,-1.19865023824508e-05,8.86908108393628e-06,-0.000430074107969973,-0.000520874757647894,0.000617229788328424,0.000218364519044552,-0.000755195109073873,-0.000872932706545196,0.000955774313924635,-0.000233228530365991,0.000668794780459523,-3.64401954336205e-05,4.11764928629951e-05,-0.00013955471601091,0.000229936535088312,0.000366271753159872,-0.000183950102906882,4.47349740468621e-05,0.000564221752084715,1.03423138866647e-06,-4.7289802239344e-07,1.18786557005146e-06,-2.62070533727443e-07,-1.25921307916387e-06,9.65376474923496e-07,-6.80419448010189e-07,4.92494658608537e-07,3.99488404733098e-07,7.54179139391061e-07,0.000517475137027692,-0.00118617942511862,-9.6913610265884e-05,0.000618879365459195,-0.000444985964412434,0.000474774545476467,-0.000555593804416501,-0.00218230467996709,0.00173889737627849,7.62008520562481e-05,2.25313560251754e-06,-0.0209883016823461,-0.000615288209452796,0.0396144202087297,0.0073552184721153,-0.0001491799786324,0.000194608871541373,0.00146113734819583
"north_west","start_date",-0.000167438511923048,0.000810790365141855,2.45622903284555e-05,-0.00135226703730318,0.000540788399520081,-3.92453916024308e-05,-1.9705972459725e-05,2.8130775677156e-05,-1.59371756540109e-05,-1.65964257337966e-05,-9.6327599166954e-06,-1.18236744910268e-05,-1.21260666986463e-05,-2.19611171561656e-05,-2.7331040332453e-06,-3.28271744345364e-05,-3.09710262912603e-05,5.15124564499463e-06,-4.44960954458065e-05,3.67291482063689e-05,-4.30013323586696e-05,3.18980395577873e-06,-1.05430031020628e-05,-1.88566662812856e-05,-1.83464898743423e-06,-1.97343394322588e-05,-4.09178925020098e-06,-4.2591026211654e-06,-1.38361300919878e-05,-6.97006685695177e-06,-2.5446371553584e-05,-1.54980214796368e-05,1.1067324987799e-06,4.1026397834236e-06,-9.30014128208138e-06,3.20745722718042e-05,-2.74638653863522e-05,-9.8021841563493e-06,-3.96054233110782e-05,5.38854879283848e-05,-0.00018964467290574,-0.00184751320902009,0.000142244488292752,-0.00156800758948267,-0.000966948062966508,-0.000241588547036317,0.00203559595323398,-0.00208094940072006,-0.00439904522357136,0.000109915600273956,-1.37381687359053e-05,0.000790746125558057,0.00112239282541632,0.00132793295627167,0.000342818681859445,0.000835658859890432,-0.0038387306854724,1.04489716116462e-07,2.02891656729902e-06,-1.8624859778378e-06,-9.54220514741239e-07,-6.12933331244715e-07,1.51431943105671e-06,-3.71857733674909e-06,-1.73735602196348e-06,3.24380430246721e-06,2.68062214411633e-06,-0.00556801545239896,-0.00124842203710877,0.00193927775565788,-0.00128700504980624,-0.00163737420847586,-0.000320085314694962,0.000190961786756385,0.00617154343995623,-0.0197452139609416,-0.00424007762207948,-1.24732405285397e-07,0.0513626972508955,0.0029367621618162,0.0073552184721153,0.20033173347195,0.000356515063379509,5.94318441649546e-05,0.00021260701367076
"north_west","ta_alpha",-3.24650862928054e-06,1.72573393366901e-06,1.60518132101175e-06,-5.89162044634834e-06,6.17721240940365e-07,1.73850673794595e-07,-1.12003759013394e-06,7.63870316614948e-07,-1.60373001535816e-07,1.89676044512233e-07,3.70395110238295e-07,-1.24785268778515e-06,-1.40660308507866e-06,-1.48481130474114e-06,-1.12141687688057e-06,3.90043972034669e-07,-2.34993564565481e-06,-1.05613935989454e-06,-1.81035500592219e-06,-2.25918326406608e-06,-1.61974849402649e-06,-1.784312525859e-06,-2.4247046640074e-06,-1.75633394950656e-06,-3.24169969803399e-06,-2.18158729363616e-06,1.33581751379082e-07,-2.07461813135065e-06,-3.34495056475805e-06,-2.1539471347663e-06,-1.23857501269499e-06,-9.89545516006745e-07,-2.16571050535681e-06,-1.0223641813689e-06,-2.75534710488035e-07,6.54639468613315e-08,-2.40854261621156e-07,1.55280534493764e-07,-1.73689092382149e-07,-1.0879005088743e-08,2.01405630751014e-05,6.56412084380766e-06,6.843600871173e-06,-1.63432290650803e-05,1.08406985415688e-05,-3.56288385254499e-05,-2.61429840814385e-07,-3.91329167092409e-05,6.47522921746084e-06,3.07418173881582e-06,-1.51603167573493e-06,1.72451176469523e-05,7.42007481210909e-06,-1.26351072561966e-05,-1.83221521736309e-05,8.35181265430168e-07,-7.66445607294217e-06,1.91269947700776e-08,-4.49897907958994e-08,-5.22059495691016e-08,-2.66836215865682e-08,-6.76958836408428e-08,-1.09430411796859e-08,1.98085998318512e-08,-4.23433235349685e-08,3.03021058693735e-08,-1.81257053647821e-08,-4.22287530188473e-06,3.81040177821377e-05,9.06575956174527e-06,-1.99805547590788e-05,-4.86993495627207e-05,2.33677522397721e-05,-5.74296794085526e-07,7.25410452430126e-05,-0.000105922758258494,8.28418706038045e-06,3.40379252889635e-08,0.00777492951800521,0.000274264654997623,-0.0001491799786324,0.000356515063379509,7.3686711474103e-05,6.69041286682887e-06,6.25011923740673e-07
"north_west","ta_delta",-2.55668585202441e-06,1.06412492033247e-05,1.2216287243986e-07,-7.79609853938322e-06,1.10039884126294e-07,4.97517096168758e-08,-6.09336556336011e-08,-1.28687441585853e-07,3.14760294382549e-07,-9.72227833106292e-07,8.26930491059605e-07,-2.06052699567435e-07,-1.97343021865264e-07,1.67217487368982e-06,-1.75880650178306e-06,-6.11546461960586e-07,-1.67936655323938e-06,-1.02418393578674e-06,-1.68344764339987e-06,-2.03342073754748e-06,-1.08378589258496e-06,-1.85406098765487e-06,-2.36863081637892e-06,-1.04711268925857e-06,-3.2576340404525e-06,-1.9660167650826e-06,-3.36504875220565e-08,-2.12216745983009e-06,-2.82102667401985e-06,-2.68857401426208e-06,-1.31068055931993e-06,-1.49227339005716e-06,-1.89660421931167e-06,-2.19585666897882e-06,3.64550020077376e-08,-2.50236335562974e-07,1.06922831673212e-07,-1.75745153266064e-07,3.06432514330817e-07,-1.67174629913066e-07,-1.01019905016915e-05,-1.93940155343023e-05,2.83716300409755e-05,1.97327892026786e-05,5.04184850773999e-06,-3.25268284472143e-05,4.62587002306407e-05,-3.1818552577593e-05,4.31020301632908e-05,-6.00901508623619e-06,5.92916871551068e-06,2.9338022116277e-06,-7.79422009137223e-06,1.5230833157609e-05,-2.01882579631801e-05,1.24879128032852e-06,4.25752547510866e-06,3.69912967060466e-08,-3.05854776098611e-08,9.41010615158158e-09,-7.03218646140347e-10,-5.42319111087777e-08,4.41645271260748e-09,-1.57419413875511e-09,-1.46370106096679e-08,3.53467612729073e-09,-5.19924874474406e-08,3.74361303815317e-05,-6.76313242162005e-05,-2.3647944525699e-06,9.70557895631682e-06,-4.23698868140746e-05,4.45528291421182e-05,-5.54686966770544e-06,6.1950699161103e-05,-7.83163308500104e-05,6.11670092207247e-06,1.00392311252151e-07,0.000560511257755859,0.000577832881803305,0.000194608871541373,5.94318441649546e-05,6.69041286682887e-06,6.70325587289814e-05,1.22135818014771e-05
"north_west","ta_omicron",-5.7458374587513e-07,1.67877290205499e-05,-1.04677729820603e-06,5.40997960930127e-06,9.56886898361805e-07,9.84335922749649e-08,-7.36726719366911e-07,2.04960406374512e-07,-1.09284827108598e-07,-9.86936425250171e-07,5.38740752860793e-07,-2.2409100267195e-07,-1.16980094473786e-07,2.33374447057949e-07,-6.41220323933726e-07,-4.94090502658636e-06,-5.96631113125027e-07,-2.07027302967658e-07,-4.48758697733625e-07,-1.61380437861818e-06,1.19793045875463e-07,-1.32535025538672e-06,-7.56493800576831e-07,-9.75805481526942e-07,-1.37368518446397e-06,-1.75791524988944e-06,3.15981040046566e-07,-3.60184180826532e-07,-2.56584150762907e-06,-5.24229795533765e-06,-1.9718536121946e-06,-3.28756182439643e-06,-2.71090087006602e-06,-3.97108979709567e-06,-2.02883956290461e-07,-2.88017529803101e-09,-4.03346364248336e-07,1.96581797003763e-07,-1.47156289191701e-07,5.80144074918641e-08,-1.75832437885468e-05,-2.128020612395e-05,4.70982029677516e-05,1.32681604886269e-05,-2.98991978198508e-05,-5.15459053588358e-05,5.03510016561193e-05,-4.16512175582877e-05,8.81275037151536e-05,-2.0655823964638e-06,2.72890779994471e-06,7.67879974523102e-06,8.23442434429182e-06,1.72378674945624e-05,-1.49778608546936e-05,2.43747929879647e-06,2.3036514270844e-05,-3.9587271470005e-09,-1.40247922801631e-07,-7.54087528461469e-08,-9.71351225708365e-08,-2.45563519214956e-07,-3.3494089957235e-08,-9.03380901735738e-08,-3.85502726916002e-08,-3.31923443082324e-08,-5.75479838079879e-09,1.90908642651074e-05,-6.60668225179114e-05,1.84072192016995e-06,2.65412690274355e-05,-2.63482622772383e-05,4.02250109098386e-05,-2.73130180995831e-05,-0.000161120619957954,0.000141745448375734,1.91214703723046e-05,1.42763070447194e-07,4.34080551174167e-05,-7.64454139908135e-06,0.00146113734819583,0.00021260701367076,6.25011923740673e-07,1.22135818014771e-05,8.97430523794578e-05
