"region","name","alpha_admission","alpha_D","alpha_death_hosp","alpha_H","beta1","beta10","beta11","beta12","beta13","beta14","beta15","beta16","beta17","beta18","beta19","beta2","beta20","beta21","beta22","beta23","beta24","beta25","beta26","beta27","beta28","beta29","beta3","beta30","beta31","beta32","beta33","beta34","beta35","beta36","beta4","beta5","beta6","beta7","beta8","beta9","mu_D","mu_D_2","mu_D_3","mu_D_4","mu_D_5","mu_gamma_H","mu_gamma_H_2","mu_gamma_H_3","mu_gamma_H_4","p_G_D","p_G_D_2","p_H","p_H_2","p_H_D","p_ICU","p_ICU_2","p_ICU_D","p_NC_15_24","p_NC_25_49","p_NC_50_64","p_NC_65_79","p_NC_80_plus","p_NC_weekend_15_24","p_NC_weekend_25_49","p_NC_weekend_50_64","p_NC_weekend_65_79","p_NC_weekend_80_plus","p_W_D","rel_p_D_alpha","rel_p_D_delta","rel_p_D_omicron","rel_p_H_alpha","rel_p_H_delta","rel_p_H_omicron","rel_p_ICU_alpha","rel_p_ICU_delta","rel_p_ICU_omicron","rho_pillar2_tests","seed_date_alpha","seed_date_delta","seed_date_omicron","start_date","ta_alpha","ta_delta","ta_omicron"
"north_west","alpha_admission",7.43019102007737e-06,-1.70348365395623e-05,1.61522011248583e-05,-2.83263777502446e-06,-1.6269883339744e-07,1.40688617900884e-07,1.25565276947153e-09,1.25913775937762e-07,4.52852171182501e-09,-1.76653846650973e-07,1.46380754149666e-07,-5.4799523064608e-08,9.32692721409414e-08,-2.19044471013948e-07,-1.16407077870606e-08,1.12451895963147e-06,-9.3402393651343e-08,-5.9302803573577e-09,-1.90723021734492e-07,1.18265293728847e-07,-2.85249893032339e-07,1.53426219270059e-07,-5.23209281362197e-08,-3.33681945866311e-07,3.83749616751889e-07,-3.41380926169561e-07,1.79147871187703e-07,1.03567556245562e-07,-2.56934427644848e-07,9.11704233712163e-08,2.07066097258525e-08,-1.64714070980929e-07,3.03702912803999e-07,-3.72958025160851e-07,-4.50480703416173e-08,6.61842552191865e-08,-1.97468199766519e-08,-4.357657817323e-07,5.21321221919171e-07,4.77190705182275e-08,3.3960524487116e-05,-1.63736984067709e-05,0.000114821580458789,-6.23818962366898e-05,0.00010240802757518,1.94698119200237e-06,-1.17974979094717e-05,-2.20922941252322e-05,-2.97234701892929e-06,7.16096391505829e-06,2.26527396877539e-07,-3.26097675382428e-06,1.27269338883397e-06,-2.1853609238916e-05,5.18244968631654e-05,1.32230014771976e-05,-3.86372080597565e-05,1.76674463129722e-08,6.35284877837907e-09,3.09965753755106e-08,1.20963311559576e-08,1.52466691143231e-08,1.77420058667194e-08,-2.62479190673633e-09,2.3757737072865e-09,1.32537487456373e-08,4.96861836112904e-08,-7.93411121402973e-06,3.56234578284528e-05,-1.99264965405602e-05,5.44606539689152e-06,-2.05017783758696e-07,4.97094632861407e-06,-1.40689133566023e-05,0.000239569899532546,1.81775793052986e-05,6.26917500595463e-06,3.54018893075228e-08,0.000297403097554069,-2.18389318759719e-05,7.99376317766324e-05,3.14759512172438e-05,2.95808251265529e-06,2.43144118461214e-06,1.07814102763975e-06
"north_west","alpha_D",-1.70348365395623e-05,0.000680835235950979,-0.000133570223105634,3.67027082433062e-05,-2.92806727165964e-06,-2.20497944339764e-06,7.27379306978956e-07,-2.06505527892601e-06,-3.59395618220031e-07,5.72372248789665e-06,-8.28410377564766e-07,-5.24966344866132e-07,-6.07464679829356e-07,2.30108081167264e-06,2.4377232109218e-07,-1.92484239491912e-05,-2.93121877891665e-07,-6.63096118136337e-07,9.47607384348541e-07,-6.78757520041816e-08,2.34242104770567e-06,-2.82331167808045e-06,7.57279438952048e-07,3.10672968665941e-07,-2.15966322271792e-06,2.03908436135018e-06,-4.14270965387693e-07,-1.11915005745028e-06,1.15843356042523e-06,-7.12273144891145e-07,-1.33120075031636e-06,1.36756877017723e-06,-3.11992055146755e-06,3.84706864944691e-06,4.10229440273357e-07,-1.12142251070121e-06,1.1181293569593e-06,4.33685971725039e-06,-6.71528582723039e-06,1.58450981519245e-06,-8.2626003511413e-05,0.000137182208518038,-0.000712950261186731,0.00141417351067889,-0.00171285394818201,-0.000297295851528788,0.000318329425607301,0.00027821177386395,-1.90443952136317e-07,-0.000155796728092984,5.44668744937435e-06,1.12949800431523e-05,-8.91240025085427e-06,2.41308428981365e-05,-0.000986469572018118,-0.000131854525009948,0.000466447901817168,-2.31337369535041e-07,2.39203651070764e-08,-1.26593050649064e-07,-2.02098838773242e-07,-2.34358672406254e-07,-2.69663938391134e-07,-9.45448103507949e-09,7.77770330075448e-09,-8.22009143288297e-08,-2.90401533302779e-07,-1.61071264362049e-05,-0.000625602959171335,0.000204759868978589,-4.32768679330962e-06,2.44040515904299e-05,-5.47596635043734e-05,0.000175747846698314,-0.00397850215355741,0.000350264190948074,-0.000108174220330764,-8.05130128984783e-07,-0.00139506794924172,0.000227421227860124,-0.000764024996994973,-0.00225651465397679,-1.3975779103247e-05,-5.86046197352681e-06,-1.50390297546622e-05
"north_west","alpha_death_hosp",1.61522011248583e-05,-0.000133570223105634,0.000865919740309022,-4.53444588436725e-05,7.00223366789703e-08,2.90956085024349e-06,-1.07470170736437e-06,4.54358749370031e-06,-2.27426734619212e-06,-5.2940364314143e-06,4.84278747773528e-06,-1.64354496326057e-06,6.6397933983881e-07,-7.31519454662323e-06,1.297769115292e-06,1.13763207303027e-05,-2.81780562681052e-06,7.43024972082539e-07,-5.92919859906151e-06,5.66898993859144e-06,-6.29663032864434e-06,3.09528086672571e-06,-2.93527055014852e-06,-3.35778805994293e-06,5.99490395423391e-06,-7.27217606909937e-06,1.12208961948997e-06,2.24877293029555e-06,-5.63755854112881e-06,2.26585638296448e-07,1.39512729658112e-06,-5.78125069808098e-06,7.71284295814727e-06,-1.79203736867302e-05,-1.17444663701378e-06,1.32934450646549e-06,1.24847477345506e-06,-1.04317199824574e-05,1.28600597281263e-05,-2.52940598704511e-06,0.000386327613051977,-0.000205581054665367,0.00239289846114182,-0.00250292913811369,0.00262840239811103,5.20133806567231e-05,-0.000213925995989798,-0.000524449674363131,-1.30142369100176e-05,0.000107029191861952,-2.55452078820224e-05,-5.41194008343807e-06,2.39908707678096e-05,-0.000335944302230699,0.00128164798772651,0.000178627114211524,-0.000429062030879633,2.95463413454152e-07,-1.29026313701995e-07,3.4115879535454e-07,2.88209750642566e-07,7.16950331435607e-07,3.82635780179248e-07,8.67509216278697e-08,6.93512172111314e-08,1.9875576436478e-07,5.66453471049257e-07,5.7795528229513e-05,0.00083872638413052,-0.000264379090396216,0.000147522495688337,-4.01344076791768e-05,6.2363298372802e-05,-0.000197868199142447,0.00573852923165855,-0.000699112363833496,0.00018441912404277,7.99827823849542e-07,0.00850755709071457,0.000326929246913221,0.000553626481294376,0.00112177476744449,7.7380902647931e-05,9.68503043909983e-06,1.82846545663321e-05
"north_west","alpha_H",-2.83263777502446e-06,3.67027082433062e-05,-4.53444588436725e-05,8.3335157391164e-06,5.82368314370298e-08,-4.99792758557743e-07,2.05493996447947e-07,-5.02129219298428e-07,1.69652801352924e-09,9.3899512145348e-07,-4.33924025317318e-07,8.25276739628419e-08,-1.45762177428172e-07,7.11504585521822e-07,-1.6176825003637e-07,-4.48093359173812e-06,2.04119634073741e-07,-1.14835076879529e-07,3.45597479049484e-07,-1.25798997822154e-07,5.10415186400499e-07,-3.63949594903835e-07,1.78889061258132e-07,3.63248679045991e-07,-5.78201435269629e-07,5.87612484120451e-07,-3.00981014889123e-08,-1.72130799510455e-07,4.05064045361485e-07,1.54520819837858e-08,-3.31371826995752e-07,6.32264231934282e-07,-7.7586500015615e-07,1.41647204729041e-06,-5.85354099375129e-08,1.02650384817202e-08,1.20184950465163e-08,1.23289348619178e-06,-1.67760578932424e-06,2.08949631660324e-07,-6.57488953106452e-05,4.25046303471996e-05,-0.000263340587124298,0.000268020950059113,-0.000307929807101709,-1.14346035649204e-05,3.49278255973848e-05,5.70269746829135e-05,-1.11666838210114e-06,-1.40204657764254e-05,1.57402293032197e-06,1.6489027352217e-06,-2.22156519901097e-06,2.91591393778687e-05,-0.00015164074631785,-2.65530887592865e-05,7.37429629231392e-05,-4.15431467165548e-08,6.49216368755632e-09,-4.03115729222405e-08,-3.49920136568234e-08,-3.85493081598144e-08,-4.01316261110445e-08,-1.27716683239108e-08,4.45298812123252e-09,-2.53851072981683e-08,-6.60560649332393e-08,-6.69075716501281e-06,-0.000105539190774874,3.23269448222441e-05,-1.5955260974305e-07,5.25050536722487e-06,-6.30029717138512e-06,2.5012716230539e-05,-0.000691105579175553,7.97488260683861e-05,-2.32569432909962e-05,-1.75479517829721e-07,-0.000722665063767898,-3.16958774088218e-05,-8.68149243831241e-05,-0.000231545859972422,-6.79771806674154e-06,-1.29622672354065e-06,-1.25052174479105e-06
"north_west","beta1",-1.6269883339744e-07,-2.92806727165964e-06,7.00223366789703e-08,5.82368314370298e-08,1.90308543922999e-06,-4.85049724734367e-08,8.64984588436262e-08,8.91548028482971e-09,1.24199213447516e-08,-5.17462757453784e-08,7.34915240136849e-08,1.81458558755318e-09,-2.27420396944728e-08,7.90733870895023e-09,1.86191591619631e-08,-3.22691254254324e-06,1.91363183671895e-10,6.44069893460848e-09,-1.07818097562064e-08,5.03219461437761e-08,2.91495269047458e-08,-1.87654140460037e-09,3.92192302324272e-08,2.82827550882776e-08,5.23374214644974e-08,1.30670050320625e-07,5.9480492146383e-08,2.35881319104119e-08,2.34214396884071e-08,5.7410821531304e-08,5.51175404117378e-08,-5.23576659740882e-08,9.64884986358944e-08,-8.19667958597051e-08,-1.41747345622733e-08,8.68036598842113e-09,2.02400205737544e-08,7.16432498279997e-08,-1.63937320232994e-07,8.46069303486201e-08,2.12654989209646e-05,-5.83945391701578e-06,2.11036909536505e-05,5.66243545953449e-06,2.53171005971858e-05,1.62718908253921e-06,3.00055933954013e-06,-2.68027285818434e-06,8.03399266198944e-07,2.36277591278844e-07,4.19615375281368e-07,-8.30370502986512e-07,-1.09678223342174e-06,-5.2423666982618e-06,-1.74153008624759e-06,1.41467800592475e-06,8.66353606546526e-06,2.87771384416629e-09,-8.72319256066506e-09,3.98492469067572e-09,6.09902296026815e-09,7.90907504237835e-09,2.95102951877159e-09,3.80307241167505e-09,5.18625031515211e-09,9.63694167244432e-09,1.58170805659906e-08,-5.37220352369404e-06,-1.33888245876713e-06,7.46140004141866e-07,-7.33848597710829e-06,-3.36643961773633e-07,-4.5940592479016e-07,1.79546408649533e-06,3.95415596622935e-05,-9.42331571924634e-06,3.35641886962181e-06,-3.65239881805019e-09,9.78923096470216e-05,-1.24185929701151e-06,-1.47662234054766e-05,0.00056497234469719,8.01939854589014e-07,-5.6606140831977e-07,-1.18801831464167e-06
"north_west","beta10",1.40688617900884e-07,-2.20497944339764e-06,2.90956085024349e-06,-4.99792758557743e-07,-4.85049724734367e-08,2.3554745431632e-07,-2.17141087040693e-07,8.0353499118894e-08,-2.04067455984873e-08,-4.14863172293961e-08,9.33479145482846e-08,-1.37504780408923e-08,1.93649315132304e-08,-7.70452353643273e-08,2.65657594132946e-08,3.0730290677467e-07,-2.34757196908128e-08,1.07625430381809e-09,-1.89620593086987e-08,2.13023133240638e-08,-4.91930822514698e-08,1.73687484275903e-08,-7.61767391892028e-09,-5.59032020290791e-08,6.35495285543506e-08,-9.26238312925719e-08,3.13192003090104e-09,1.65154141033734e-08,-4.58845132147344e-08,-1.12477596342999e-08,1.57117015613643e-08,-3.17475522825076e-08,3.91341330671345e-08,-1.45604265237301e-07,1.15300086574224e-08,-2.83854690140031e-08,6.27172769532476e-08,-1.45361666995428e-07,2.41721396702522e-07,-2.17235911867356e-07,9.69248909657116e-06,-2.29290069177941e-06,2.89554307978777e-05,-3.4401424617188e-05,2.780349479007e-05,8.38721355835879e-07,-1.58635302286148e-06,-4.28830855122928e-06,-3.79857471818479e-08,1.02742062893378e-06,-4.17314867049052e-07,-4.29046331595668e-07,7.49098074140207e-07,-2.08708050632701e-06,8.70645662652794e-06,2.27469372247148e-06,-4.06352320695759e-06,3.22145453787221e-09,4.68020025501312e-09,1.27911443701916e-09,2.13008358311269e-09,-4.14135964948987e-09,1.23958592390179e-09,4.51935486239671e-10,-2.77377990116681e-10,-4.62287453697041e-10,-2.52505070090595e-10,2.36363324763349e-06,1.14638737189424e-05,-2.15522468658904e-06,-3.5930081462036e-07,2.66264261329989e-07,7.85172298448562e-07,-2.57345277636759e-06,4.45340503298661e-05,-2.11788261425341e-06,3.59382242571085e-06,1.77878335179861e-08,6.59078368263618e-05,1.26497001078093e-05,1.08838739415489e-06,-3.82842778727345e-06,7.30417143446873e-07,2.22204615097916e-07,-2.77683537610243e-08
"north_west","beta11",1.25565276947153e-09,7.27379306978956e-07,-1.07470170736437e-06,2.05493996447947e-07,8.64984588436262e-08,-2.17141087040693e-07,4.87735733204936e-07,-2.78550602418101e-07,1.53310028032132e-07,-9.14175714195371e-08,3.84063289946323e-08,1.44328760040954e-08,-9.65787594863051e-09,3.92070933421486e-08,-1.34703215145303e-08,9.9587927195391e-08,3.55221411687246e-08,1.53119050707712e-08,5.00863566627365e-09,7.12062480149223e-09,4.25057889310119e-08,1.32017031954561e-08,1.65592780745014e-08,6.19785777307016e-08,-1.79760521240752e-08,9.93653260290914e-08,-1.98808417437285e-11,1.24699379702166e-08,4.69020867046098e-08,1.60746064555031e-08,8.25750970968782e-09,2.16685491681958e-08,-2.22197341599004e-08,1.10802113389155e-07,-1.25956778810229e-08,4.22595634888321e-08,-5.79116430105001e-08,1.12378260556414e-07,-1.46956673033589e-07,1.71896443529083e-07,7.88431460200965e-07,1.26497326498568e-06,-2.01855964465184e-05,1.02956485034902e-05,-1.01022250243471e-05,1.55264665408437e-06,-1.92989463566676e-07,3.1674664784956e-06,-8.23726542973951e-07,-5.18872084304792e-07,-1.43123696326915e-08,-8.86513830399312e-07,-9.13561574080519e-07,2.02073850480495e-06,-4.14618918062747e-06,-6.53644355328186e-07,2.85669662435662e-06,4.9843465741478e-10,-1.65842868414317e-09,7.92769256102051e-10,1.13157715746416e-09,1.00114208224805e-08,-2.49830020209826e-09,4.66250019624027e-10,4.75653108007655e-10,2.3550275576851e-09,3.53881289290713e-09,7.54970865299074e-09,-1.972973120461e-06,1.28989218679036e-06,-1.89050471307368e-06,1.34445695791863e-06,-1.02079781490135e-06,2.31723902396572e-06,-3.39784807304088e-05,1.16469174355944e-05,-1.65156938091251e-06,-1.13074005907822e-08,-6.27189514844792e-05,-1.50595714366284e-05,-4.18513927836874e-06,2.42210486286702e-05,6.72681285362856e-08,-6.50032314834619e-07,-3.33374259289887e-07
"north_west","beta12",1.25913775937762e-07,-2.06505527892601e-06,4.54358749370031e-06,-5.02129219298428e-07,8.91548028482971e-09,8.0353499118894e-08,-2.78550602418101e-07,3.47323779607028e-07,-2.38713738630846e-07,1.73999958499812e-07,-9.25779158539225e-08,-4.10602847946281e-09,1.13307172239761e-08,-3.29280705612533e-08,1.22406314826365e-08,-3.83496540962439e-08,-3.51181613365617e-08,-1.13047033629763e-09,-1.46340389731486e-08,1.54613767373198e-08,-5.81046955098771e-08,2.46817104701472e-08,-2.45988159696096e-08,-4.02585947606532e-08,5.61120795340436e-08,-8.08269978013113e-08,1.2195085729591e-08,2.36423105331757e-08,-5.82554261523815e-08,2.35077641934269e-08,1.25140910773437e-08,-4.08989269805288e-08,9.17639704290605e-08,-1.57537950706557e-07,6.2430698597051e-09,-8.91376227583762e-09,1.50517860765547e-08,-1.14640376070384e-07,1.51315447358757e-07,-5.53771821845944e-08,6.02659928502481e-07,-2.16598080438987e-06,2.46116941291694e-05,-1.63605981515128e-05,2.22450951460514e-05,-1.51542208263808e-06,-5.30410628680875e-07,-4.92742693317311e-06,3.9430341899074e-07,1.16257687591895e-06,-4.96907100373632e-08,1.53043983892102e-08,6.85158072879863e-07,-3.48385319570695e-06,8.26607095797937e-06,1.53516636557537e-06,-3.94350346182788e-06,2.99643057983303e-09,-1.30509447103282e-09,5.18943830649745e-09,3.38584566824826e-09,4.83356397752203e-10,5.04921201265754e-09,2.07955578195967e-09,3.36872692135286e-10,2.67949165861263e-09,8.0123854546543e-09,-2.12374940386263e-08,5.75771838081808e-06,-3.11345089464499e-06,2.25715367921414e-06,-1.649608746856e-06,1.90984095821882e-06,-3.53856328634446e-06,4.79332686156385e-05,-5.97291032141624e-06,2.07173520664532e-06,9.98375978169206e-09,0.000109920032058946,5.9207780956922e-06,4.41559826849976e-06,1.17996742450332e-05,2.46242740377263e-07,6.92035125813012e-07,-9.14322577564448e-09
"north_west","beta13",4.52852171182501e-09,-3.59395618220031e-07,-2.27426734619212e-06,1.69652801352924e-09,1.24199213447516e-08,-2.04067455984873e-08,1.53310028032132e-07,-2.38713738630846e-07,2.6568081914421e-07,-2.99011690428874e-07,1.50382416755815e-07,5.38608525617063e-09,5.93591128861986e-09,-5.57898633716667e-09,1.69134796432033e-08,2.70375877696044e-07,2.72731385398899e-08,1.64020618792653e-08,1.09533268301276e-09,1.61188676513604e-08,3.43650328942482e-08,2.1613619235723e-08,2.0425382753742e-08,6.44484427582081e-08,-1.44404974760287e-08,9.20882721446546e-08,-1.955079575588e-08,5.57856134154701e-09,6.73025715509101e-08,2.61247818950548e-08,2.29935722395646e-08,4.43007698320555e-08,-2.70219917838158e-08,1.13141918312025e-07,7.85726962280933e-09,6.85659002801208e-09,-3.69760460463362e-09,3.6589680147964e-08,-3.98292905698324e-08,4.27960557242665e-08,3.5343877935202e-06,-1.04034300050641e-06,-4.67588438363876e-06,1.55561474515157e-06,2.5495055089951e-07,1.58415676176683e-06,-1.48729179776343e-06,6.11864077113064e-07,4.40364688382821e-08,-2.50807038234123e-07,1.29778515427099e-07,-9.28987011013362e-07,-4.55442033320375e-07,1.2916811239649e-06,1.63504548083171e-06,5.00904510114881e-07,-4.61763780303914e-07,2.11839408982539e-09,3.22233393466789e-09,2.56744419196768e-09,2.02155472869124e-09,9.15642775806515e-09,-6.59157151149709e-10,5.42960464889907e-10,4.28934841923057e-10,4.73370565225431e-10,1.39544856691078e-10,6.06966900264442e-08,-2.61028080360321e-06,1.47403832218833e-06,-3.17689633995674e-06,1.8541441475309e-06,-1.46852672594157e-06,9.11475870759614e-07,3.41202027194787e-06,-6.9892109465343e-06,-7.92844655783288e-07,6.2562105099705e-09,-4.05379629808704e-05,-3.03655106429549e-06,-7.10517417234424e-06,1.78739912969847e-06,1.76598724640936e-07,-5.92403246288188e-07,-7.78805083815937e-07
"north_west","beta14",-1.76653846650973e-07,5.72372248789665e-06,-5.2940364314143e-06,9.3899512145348e-07,-5.17462757453784e-08,-4.14863172293961e-08,-9.14175714195371e-08,1.73999958499812e-07,-2.99011690428874e-07,7.90321320697929e-07,-5.78425533242205e-07,2.98478328533946e-08,-2.89041619482628e-08,1.37109311000572e-07,-3.91458408678707e-08,-6.50120087924386e-07,7.51220696866811e-09,-3.7519485020446e-08,8.07016914906945e-08,-6.39653675603836e-08,5.21493810729965e-08,-7.34862445987973e-08,2.98649505489946e-08,-2.34986968078153e-08,-4.58930598681661e-08,-1.57269005357184e-08,2.74744411112964e-08,-3.33600813974413e-09,-3.22805731914997e-09,-4.26401553348078e-08,-6.25639195548012e-08,2.99516748618413e-08,-5.97631163193588e-08,1.20598753815549e-07,-2.17700630534477e-08,2.77043106150571e-08,-3.55439412539786e-08,1.38605963895285e-07,-1.43695396630863e-07,-2.54034854021244e-09,-8.41147670188767e-06,5.11363275731935e-06,-2.86977055157463e-05,4.71877058564134e-05,-4.6947002491829e-05,-5.58347865160504e-06,6.25248859553063e-06,8.30756026329361e-06,-3.09802249808529e-07,-1.68388448408825e-06,2.29677730310476e-07,-1.97940949548018e-07,-2.27749165624966e-07,1.3696295558871e-06,-2.3381801230683e-05,-3.69217554194903e-06,7.86662929719261e-06,-5.76519824567597e-09,2.86528584185909e-09,-4.99656543147967e-09,-4.32184229051298e-09,-1.00051187400152e-08,-4.07891103038849e-09,-1.85230126328579e-10,3.62572063779748e-09,-2.40143108566508e-09,-3.70118581380225e-09,8.13397542393153e-07,-1.54153860324206e-05,2.2293476059062e-06,5.75280241408992e-06,-1.85005968131425e-06,2.74457787936959e-06,6.6918675525226e-07,-9.87517399434289e-05,1.58311062534403e-05,-1.89939329297293e-06,-3.35733518268166e-08,-1.10587395403903e-05,-3.71402370892187e-06,7.95255935483681e-06,-4.92051811900873e-05,-6.68199178485472e-07,5.48073273215273e-07,7.47266792793556e-07
"north_west","beta15",1.46380754149666e-07,-8.28410377564766e-07,4.84278747773528e-06,-4.33924025317318e-07,7.34915240136849e-08,9.33479145482846e-08,3.84063289946323e-08,-9.25779158539225e-08,1.50382416755815e-07,-5.78425533242205e-07,1.03883319245542e-06,-1.09665455360787e-07,5.62514823328598e-08,-2.10111444772462e-07,6.20243892952518e-08,-5.01902287225398e-08,-4.96144089817097e-08,2.80560568444677e-08,-7.17886128130324e-08,1.2603694258676e-07,-1.02796142370371e-07,8.07452338817243e-08,-4.02166600661012e-08,-3.95287202526161e-08,1.56257744324787e-07,-8.3553680982795e-08,1.63970319668682e-08,5.46608784844177e-08,-2.567397750395e-08,8.45102784878365e-09,2.50836642243291e-08,-2.63771675266066e-08,6.93239470048711e-08,-2.59246279290184e-07,1.57326848551889e-08,-5.0876956240195e-08,8.24959973812141e-08,-1.27820573207428e-07,1.66495802405931e-07,-6.058232216147e-08,1.72794607124305e-05,-4.34696009988541e-06,4.11066666038277e-05,-7.09142970927192e-05,3.37994531850472e-05,1.80137947326219e-06,3.08619163639494e-06,-6.26953673943159e-06,-2.49796058611715e-06,2.267625537003e-07,-1.1470903901053e-06,-3.25695771839706e-07,1.18521270831912e-06,-1.33930045929245e-06,6.37786985490477e-06,2.95970398801258e-06,2.32210081793796e-06,7.60775468497333e-09,4.05290942529686e-09,8.4364937094174e-09,6.08852174229451e-09,7.54233939447959e-09,4.42766420066039e-09,3.15774211740579e-09,-1.45824072872661e-09,3.76069470601845e-09,9.10617383693896e-09,3.04664982291456e-06,3.41266338851852e-05,-6.74728873419648e-06,-3.34594174997838e-07,-6.64066232588263e-09,-7.22965805058452e-07,-5.04507475246837e-07,1.81290807873308e-05,3.09735253299708e-05,4.2292269027999e-06,7.73928146584462e-09,0.000240905599801655,5.80599232709505e-07,6.15453619136842e-06,2.38368310652792e-05,2.12431452124705e-06,-7.46469635444625e-07,-5.24952243845665e-07
"north_west","beta16",-5.4799523064608e-08,-5.24966344866132e-07,-1.64354496326057e-06,8.25276739628419e-08,1.81458558755318e-09,-1.37504780408923e-08,1.44328760040954e-08,-4.10602847946281e-09,5.38608525617063e-09,2.98478328533946e-08,-1.09665455360787e-07,5.24693432436258e-08,-1.6874184087392e-10,7.75699744626301e-08,7.04177445387805e-09,1.55457920213498e-07,4.9003724896408e-08,1.35876154328125e-08,6.06040825046741e-08,-1.16712446285177e-08,5.12946921050823e-08,2.66924358788535e-08,3.99678323110958e-08,6.36893172336458e-08,1.50003223113453e-09,9.15211449966302e-08,-1.8989957952031e-08,2.50569348356822e-08,7.35170578295198e-08,4.01038734288705e-08,2.56418461282948e-08,4.36043049345524e-08,-5.59130463408434e-09,1.35699296414795e-07,5.8698684187243e-09,1.01790139482706e-08,-1.62440782751152e-08,4.15718030853841e-08,-4.42639914026789e-08,2.04645388588058e-08,-2.42647333671547e-06,1.89365608168988e-06,-1.10525639021861e-05,1.19528721587279e-05,-7.58177150590626e-07,2.3675010392415e-06,-1.68632954992755e-06,1.19386716363103e-06,4.63003849601584e-07,1.28493604132441e-07,1.77415442373957e-07,-4.20759461773323e-07,-3.46152293941734e-07,9.46421262538263e-07,7.27632753826889e-08,-4.02902594304706e-07,-4.86862673286001e-08,-2.26833640932546e-10,1.11610893662494e-09,-1.51661193814562e-11,1.1631278337652e-09,1.87680020771452e-09,-1.12082003656666e-09,1.32836847903802e-10,3.22822366374528e-10,-1.76342371562364e-10,-4.10956850000846e-10,-1.22219338675387e-06,-6.57403874612716e-06,1.98659826863539e-06,-1.16498052505112e-06,6.47380471179536e-07,-1.54404758279101e-07,1.6415615492449e-07,-9.89614363454808e-07,-9.46282157369315e-06,-9.7269514560481e-07,2.30471075939253e-09,-0.000141255430962188,-1.94738615166742e-06,-4.91618663034684e-06,-1.43683389712497e-06,-1.36454508919229e-06,-4.81818194391111e-08,-3.65307543656407e-07
"north_west","beta17",9.32692721409414e-08,-6.07464679829356e-07,6.6397933983881e-07,-1.45762177428172e-07,-2.27420396944728e-08,1.93649315132304e-08,-9.65787594863051e-09,1.13307172239761e-08,5.93591128861986e-09,-2.89041619482628e-08,5.62514823328598e-08,-1.6874184087392e-10,5.1837695110727e-08,-3.04677320510145e-08,4.31207970866624e-08,2.58024852224301e-07,2.3748877433443e-08,2.19049316647714e-08,2.94412521870005e-08,3.42905791121508e-08,1.39366123136933e-08,4.72561256408032e-08,2.48884683765665e-08,3.5387010332204e-08,5.21892393189729e-08,3.48161303037414e-08,-9.37454297999802e-09,4.12008424142644e-08,5.22833502875274e-08,3.6132727857082e-08,2.77021351309199e-08,1.73024146949557e-08,2.7713568326192e-08,3.66487052589845e-08,5.27615759873565e-09,7.54742918485431e-09,3.05702877809465e-09,-3.14837406358444e-08,4.97984260984611e-08,-1.25881195191765e-08,3.27123090507159e-06,-2.60681131803823e-07,2.54272340971659e-06,-5.44019872579219e-06,9.17563604017736e-06,1.74222840741041e-06,-1.60249334974386e-06,-1.09504998258222e-06,-1.29929067681043e-07,1.97972560217776e-07,-3.84743277833947e-08,-4.43400046400001e-07,-1.71285512361435e-07,-4.7827502415651e-07,2.68903855125566e-06,5.3704919040239e-07,-1.79502975108943e-06,1.97083645893291e-09,1.68387443891493e-09,2.34626539643841e-09,1.52051112684683e-09,1.76224725277483e-09,1.36032925249555e-09,1.34004255426326e-09,1.08990806894495e-10,4.68650267114313e-10,6.28827649209016e-10,1.47674785687408e-08,2.01167616781843e-06,-6.93896170959478e-07,-2.05516140727842e-07,5.5468261979282e-08,5.44583219324136e-07,-5.20216444516809e-07,1.47646185855838e-05,-2.56829275674501e-06,5.87415710521208e-07,4.59659037465927e-09,-9.79184064504586e-05,9.05160933195958e-07,4.86888432592065e-06,-1.28216121769248e-06,-9.57766792022235e-07,-3.06386638598343e-08,-1.66749015916831e-07
"north_west","beta18",-2.19044471013948e-07,2.30108081167264e-06,-7.31519454662323e-06,7.11504585521822e-07,7.90733870895023e-09,-7.70452353643273e-08,3.92070933421486e-08,-3.29280705612533e-08,-5.57898633716667e-09,1.37109311000572e-07,-2.10111444772462e-07,7.75699744626301e-08,-3.04677320510145e-08,3.39658857045825e-07,-1.31309398092738e-07,-2.81207265085635e-07,1.03424757547535e-07,-5.81009343503694e-08,1.23712087425116e-07,-1.00032403073572e-07,9.80135416952879e-08,-4.44753909805723e-08,1.9997762996619e-08,8.63486946615325e-08,-1.12932975685502e-07,7.64224358357365e-08,-2.35782468037184e-08,-1.76199929042494e-08,7.17910778339513e-08,-1.116349113722e-08,-3.22575132245809e-08,7.52401708550811e-08,-1.08621527971171e-07,3.12516220672814e-07,1.01583035506248e-08,1.50427865075675e-08,-5.25884774228824e-08,1.75079291443103e-07,-2.04512843662791e-07,6.76807005870382e-08,-1.46224488388423e-05,5.24898846489665e-06,-4.33660411130032e-05,6.7455243833777e-05,-4.722801161726e-05,-2.61984429901441e-06,1.57075583872056e-06,8.46450697012154e-06,9.27461432638252e-07,-1.20369039930538e-06,6.42925699179617e-07,-3.65466219702118e-07,-5.64438890127521e-07,2.98409251930012e-06,-1.64015130551587e-05,-3.47193344658192e-06,4.18589621952466e-06,-6.35298973905568e-09,3.63655808590899e-09,-3.47085585533467e-09,-4.88471254828393e-09,-7.94755451778765e-09,-6.3217046043631e-09,-2.42254642958642e-09,8.11048556022478e-10,-4.86382357730373e-09,-8.07874710759924e-09,-3.18021161495092e-06,-2.58360270831236e-05,6.825534542827e-06,1.51950180249222e-06,2.02699024200328e-06,-7.92854342958374e-07,1.46791571395506e-06,-7.9182684923509e-05,-1.02661355540204e-05,-5.52109402778997e-06,-1.42140116444438e-08,-0.000301929583909998,-1.33705705117578e-05,-7.9312698497917e-06,-2.5981201917484e-05,-2.72953381932567e-06,1.59534806568253e-06,-6.32281088705767e-08
"north_west","beta19",-1.16407077870606e-08,2.4377232109218e-07,1.297769115292e-06,-1.6176825003637e-07,1.86191591619631e-08,2.65657594132946e-08,-1.34703215145303e-08,1.22406314826365e-08,1.69134796432033e-08,-3.91458408678707e-08,6.20243892952518e-08,7.04177445387805e-09,4.31207970866624e-08,-1.31309398092738e-07,2.15980347166189e-07,3.34007693548864e-07,-4.32701525570301e-08,1.18643210685237e-07,-2.51303837334706e-09,1.10959388483674e-07,5.07943237760929e-08,8.42807244667165e-08,9.45862108741149e-08,8.10560055792176e-08,1.07789755166803e-07,1.68897686265458e-07,-1.61351395489441e-08,8.23069208236318e-08,1.32111960849521e-07,1.13318312508081e-07,5.8892871985204e-08,8.20098005213718e-08,6.15681115577044e-08,5.60035231136817e-08,1.2840092069545e-08,-9.5554155221941e-09,1.78374216501358e-08,-2.37204984982996e-08,2.26823794788983e-08,2.02978791776271e-09,7.62467376549966e-06,-9.76345970332489e-07,1.05264586280007e-05,-2.09892941625795e-05,2.26790510189722e-05,-2.07640540264321e-07,9.3295159391577e-07,-3.43202234399178e-06,-1.62649769980708e-07,-9.55106355782978e-08,-2.21453585202116e-07,-4.94158759526296e-07,-6.72676360610006e-07,-4.4493603589536e-07,3.07966617813266e-06,5.81413538877469e-07,1.1522397753314e-06,4.81278337734884e-09,-3.33822917279584e-10,3.79606387450242e-09,5.17081000910774e-09,1.09825680729462e-08,2.31594196093555e-09,3.92914689492893e-09,8.00830196396414e-10,3.74905946315258e-09,8.09874333748147e-09,-4.73773890906606e-07,5.73416441965218e-06,-7.14499624012386e-07,-3.65869940477533e-06,-7.85403015767467e-07,8.53361676217337e-08,6.45029829911721e-07,2.33330909169443e-05,-1.3278547351433e-06,1.71722751421705e-06,6.8601598425571e-09,-5.67382124534794e-05,1.33326376457153e-05,-3.2332091824576e-07,1.74054677218305e-05,-6.09681710564904e-07,-1.90884991213245e-06,-7.9017387098471e-07
"north_west","beta2",1.12451895963147e-06,-1.92484239491912e-05,1.13763207303027e-05,-4.48093359173812e-06,-3.22691254254324e-06,3.0730290677467e-07,9.9587927195391e-08,-3.83496540962439e-08,2.70375877696044e-07,-6.50120087924386e-07,-5.01902287225398e-08,1.55457920213498e-07,2.58024852224301e-07,-2.81207265085635e-07,3.34007693548864e-07,2.39823454701017e-05,1.77810986191971e-07,2.13554069288798e-07,4.34584054883524e-07,-4.4338357549354e-07,1.22649059695166e-07,4.68323785339377e-07,1.01982790181856e-07,2.35096609951043e-07,3.03326357196866e-07,-1.00745097456274e-07,-1.10657271129285e-06,2.83028810677294e-07,2.61677925851282e-07,2.46889613677929e-07,1.36182762148662e-07,4.36144062085443e-08,2.23581499082435e-07,1.65506581728043e-07,4.65788957394327e-07,-7.84812503558152e-09,-3.40900428100554e-07,-3.44753846177595e-07,8.65000330843683e-07,-1.32427263842932e-07,1.46068238131056e-05,-8.24169467286652e-06,-3.98992493523531e-05,-9.55707568753772e-05,0.00010993855080938,2.97164413698511e-05,-5.33612297522764e-05,-1.79958394107505e-05,2.56445566200869e-06,9.02774741606873e-06,-1.8715564466541e-07,-2.93284371751923e-06,6.37156454329075e-07,9.5723840456664e-06,0.000105337882244105,9.5796800788431e-06,-7.13850963647368e-05,7.73081738371918e-09,4.02710194469838e-08,1.93912820736481e-08,1.65883789625448e-08,9.55885264444614e-09,2.71366442060166e-09,-1.00494492926622e-08,-1.27756782974315e-08,-1.4147036580892e-08,-1.36557652256378e-08,2.11273872286181e-05,1.55908435515598e-05,-3.03293080572173e-06,-1.44689540912943e-05,9.06697378167491e-06,-1.84693707890381e-06,-1.24513706411053e-05,0.000280614312424626,-8.01830166848955e-05,8.38237229144895e-07,1.51903285648442e-07,-0.000587245511571389,-2.31302695506932e-05,5.50292961447251e-05,-0.000306064858302002,-4.19275839159905e-06,-3.43579436776168e-06,1.29246518877049e-06
"north_west","beta20",-9.3402393651343e-08,-2.93121877891665e-07,-2.81780562681052e-06,2.04119634073741e-07,1.91363183671895e-10,-2.34757196908128e-08,3.55221411687246e-08,-3.51181613365617e-08,2.72731385398899e-08,7.51220696866811e-09,-4.96144089817097e-08,4.9003724896408e-08,2.3748877433443e-08,1.03424757547535e-07,-4.32701525570301e-08,1.77810986191971e-07,1.66951660401618e-07,-3.02760721544759e-08,1.78941440264447e-07,-2.91084343191838e-08,9.33094616413116e-08,5.94182365848291e-08,7.47965955752065e-08,1.1572953836725e-07,4.38050180271284e-08,1.12314230586992e-07,-3.4418415948193e-08,8.16180769839274e-08,1.33749580928121e-07,6.62962822836723e-08,4.31154332815667e-08,8.26505873198409e-08,-1.52463580851987e-08,2.41403857099978e-07,1.02420076389347e-08,2.83477336157432e-08,-2.70025193825015e-08,4.932943970022e-08,-4.51649194334605e-08,1.79712922539618e-08,-2.21213561985046e-06,2.05488378691147e-06,-2.31115557632559e-05,2.82519141080704e-05,-1.04924714651241e-05,2.54573473520258e-06,-3.4835874738542e-06,3.63643819747545e-06,5.21719962680169e-07,9.31345525074741e-10,3.20405691641906e-07,-7.47121778554774e-07,-7.21797740367802e-08,2.73394238408786e-06,-1.93774454260202e-06,-6.75542408038546e-07,-1.09416044887649e-06,-7.03979208452686e-10,2.76041009867929e-09,1.63814318442846e-09,7.29527307387534e-10,4.95188548248664e-10,-1.27296649677035e-09,1.89048694590972e-10,9.99568762200412e-10,-1.83744718262913e-09,-3.19852321717008e-09,-1.28389923592881e-06,-1.03036401769351e-05,2.63231873650794e-06,7.82878585055262e-07,2.27550851071794e-06,-1.22798984360575e-06,-2.1081400785509e-07,-1.26791210523254e-05,-9.76468229063498e-06,-2.10194340777031e-07,-2.36735069369714e-09,-0.00022682162815512,-1.88058997679237e-05,-3.2708481856219e-06,-7.7945757576291e-06,-2.08115373971163e-06,-8.52188271010649e-07,-3.55045009764867e-07
"north_west","beta21",-5.9302803573577e-09,-6.63096118136337e-07,7.43024972082539e-07,-1.14835076879529e-07,6.44069893460848e-09,1.07625430381809e-09,1.53119050707712e-08,-1.13047033629763e-09,1.64020618792653e-08,-3.7519485020446e-08,2.80560568444677e-08,1.35876154328125e-08,2.19049316647714e-08,-5.81009343503694e-08,1.18643210685237e-07,2.13554069288798e-07,-3.02760721544759e-08,1.37090849833421e-07,-8.55676046598123e-08,1.12852404185179e-07,3.62378264876884e-08,7.14990242167193e-08,6.33578680392546e-08,7.47870010543663e-08,6.66324725689811e-08,1.51038064759574e-07,-4.05401291953982e-09,5.15223614049563e-08,1.01783233198375e-07,7.59523188620293e-08,4.13495539053135e-08,6.43568880585676e-08,3.51950188411101e-08,5.86353272551605e-08,6.30104959157395e-10,1.63099063547458e-09,1.60639511164866e-10,-3.01446166934397e-09,4.69788001309416e-09,1.12777131701797e-08,2.94787777992311e-06,-1.38980054716829e-06,6.68384662953418e-06,-1.93432562505058e-05,1.96394225669735e-05,1.77840685683009e-06,-9.93305180859384e-08,-2.36721289905447e-06,-3.40468413865591e-07,1.29344073172565e-07,-2.05251551363345e-07,-2.36450436697591e-07,-3.38131287965532e-07,-7.38957197785989e-07,4.05289027600589e-06,7.11800072756438e-07,4.60164973828351e-07,2.7843666180527e-09,-1.66200880973682e-09,1.73734772537418e-09,4.60708968498087e-09,9.38905642022029e-09,1.86542941169044e-09,2.69252328077611e-09,-1.7336236866644e-10,3.07157329825534e-09,8.26457538615808e-09,1.35847563413434e-07,5.68690551241942e-06,-5.56923936458361e-07,-2.75063942696471e-06,-4.16628931201422e-07,-2.34425504593557e-07,5.72206513339082e-07,1.87331110233373e-05,3.41208296034856e-07,5.54477590447573e-07,3.39745110449512e-09,-5.77231592550651e-05,-9.18216338362629e-06,-6.16995601066724e-07,1.00384623586521e-05,-5.88771323132198e-07,-1.52103928250384e-06,-4.52795830245542e-07
"north_west","beta22",-1.90723021734492e-07,9.47607384348541e-07,-5.92919859906151e-06,3.45597479049484e-07,-1.07818097562064e-08,-1.89620593086987e-08,5.00863566627365e-09,-1.46340389731486e-08,1.09533268301276e-09,8.07016914906945e-08,-7.17886128130324e-08,6.06040825046741e-08,2.94412521870005e-08,1.23712087425116e-07,-2.51303837334706e-09,4.34584054883524e-07,1.78941440264447e-07,-8.55676046598123e-08,5.38941760791229e-07,-3.20098191527259e-07,1.79743891265087e-07,3.36316107129026e-08,1.35016822070957e-07,1.2300159690519e-07,6.71954183637706e-08,1.44594813330503e-07,-7.76093142572307e-08,9.92561351683477e-08,1.85234553063766e-07,1.15746351954806e-07,5.31653987435622e-08,1.22991093312323e-07,-5.01043589691882e-09,2.73022881810541e-07,4.4420706320907e-08,-1.70867904775436e-09,-7.45724686150131e-09,7.67103229119085e-08,-8.64199206253689e-08,3.28192706706214e-08,7.15568738604144e-07,2.4402992567915e-06,-3.59411447059843e-05,4.58811529649522e-05,-3.21256032468867e-05,-2.97380167627663e-06,-2.41564492172871e-07,6.61597628135371e-06,5.98827374932469e-07,-5.53485023446169e-07,2.53276834541815e-07,-8.46231000024513e-07,-2.52928739974989e-07,1.54649364042297e-06,-1.17891914461596e-05,-2.44289664599014e-06,3.34411585231193e-06,-2.31407204693422e-09,4.38210260871875e-09,1.22237819535001e-09,-1.04702483757946e-09,-4.40144901853283e-09,-3.68505633724474e-09,-9.45715883360465e-10,8.76428282944557e-10,-4.84068699073558e-09,-1.01918187411844e-08,-2.5868290219937e-06,-1.02053559603119e-05,3.10027221145302e-06,7.69031537348327e-07,1.75342536847681e-06,-5.82301623382013e-07,5.37227379485026e-07,-5.06029443631386e-05,-3.704449878254e-06,-1.74789816849996e-06,-3.08481419127229e-09,-0.000278150216740856,-3.23996534276116e-05,-9.56035113825122e-06,-1.30837334194346e-05,-2.63002565307006e-06,-1.35497736335493e-06,-8.67574242057677e-07
"north_west","beta23",1.18265293728847e-07,-6.78757520041816e-08,5.66898993859144e-06,-1.25798997822154e-07,5.03219461437761e-08,2.13023133240638e-08,7.12062480149223e-09,1.54613767373198e-08,1.61188676513604e-08,-6.39653675603836e-08,1.2603694258676e-07,-1.16712446285177e-08,3.42905791121508e-08,-1.00032403073572e-07,1.10959388483674e-07,-4.4338357549354e-07,-2.91084343191838e-08,1.12852404185179e-07,-3.20098191527259e-07,6.53605790802241e-07,-1.95727193286472e-07,1.93526788191809e-07,-2.68881431556685e-08,1.0769814189457e-07,1.10877847767753e-07,7.49289268989425e-08,6.87360019660635e-08,1.1023342858974e-07,6.34165642685136e-08,5.17682507240045e-08,4.36807855054202e-08,3.09789048464825e-09,8.87318497674761e-08,-6.77111039297961e-08,-3.63099287522506e-08,2.9811124237444e-08,8.18440514022915e-09,-5.79291231623403e-08,7.5519021183867e-08,-2.98211287022038e-08,5.31183813391153e-06,-1.19900138667527e-06,2.69491372695861e-05,-3.74507300936395e-05,3.83833171309597e-05,1.06492580683729e-06,4.13347712649444e-08,-4.30055960792138e-06,-1.04620466297701e-06,2.20531163682888e-07,-2.05988419247104e-07,-6.32232123496458e-07,-2.25969952735732e-07,8.46374807538256e-07,5.66126425781604e-06,1.91434485241956e-06,-1.14783444123105e-06,8.32698453615683e-09,1.28557058725412e-09,8.62634362820467e-09,6.78147518195927e-09,1.41152828040445e-08,4.64381860374396e-09,5.60455757722638e-09,3.85262590268983e-09,7.43543398594236e-09,1.98965494663061e-08,7.52703945082581e-07,6.02158949947824e-06,-1.34590425343761e-06,-1.95886256273636e-06,-1.08368805503327e-06,7.91728119170169e-08,2.36618895320556e-07,3.41301111959681e-05,9.68192244063894e-07,4.80584122379424e-06,-1.87406609728806e-09,1.32938662174754e-05,6.55330825307319e-06,1.02770147821269e-05,1.46721994668509e-05,6.4264406861633e-08,-9.90645479130386e-07,-1.78332140925972e-07
"north_west","beta24",-2.85249893032339e-07,2.34242104770567e-06,-6.29663032864434e-06,5.10415186400499e-07,2.91495269047458e-08,-4.91930822514698e-08,4.25057889310119e-08,-5.81046955098771e-08,3.43650328942482e-08,5.21493810729965e-08,-1.02796142370371e-07,5.12946921050823e-08,1.39366123136933e-08,9.80135416952879e-08,5.07943237760929e-08,1.22649059695166e-07,9.33094616413116e-08,3.62378264876884e-08,1.79743891265087e-07,-1.95727193286472e-07,2.73337227880641e-07,-6.69268943436053e-08,1.81585537876195e-07,9.9090508317374e-08,1.75674534709034e-08,2.40952769444917e-07,-5.34574926044786e-08,4.28063509703011e-08,1.96195650508921e-07,1.01617245059917e-07,3.11998731756667e-08,1.68726373161168e-07,-5.46353572341934e-08,3.20897375360369e-07,2.50507290459038e-08,8.02175504097325e-10,-1.18347545387806e-08,1.13943477960643e-07,-1.48295889568478e-07,5.35825466042273e-08,-4.54220763235808e-06,2.97714569142952e-06,-3.69500770798246e-05,4.32188552849895e-05,-2.68542353060311e-05,1.12722390209455e-06,-1.34591703527571e-07,5.74786619396052e-06,6.86768051511658e-07,-1.38826935194952e-06,3.14071116500204e-07,-5.72440661249761e-07,-4.25607816226275e-07,1.96819961590295e-06,-1.07007009844994e-05,-2.62256827814016e-06,4.48160525444383e-06,-2.12685262592657e-09,2.39454825976381e-09,-1.45963830480438e-09,3.61807012501776e-10,3.71440586301219e-09,-3.05271234238552e-09,1.51009744489731e-09,8.29333427399641e-10,-1.31044242379592e-09,-4.8265588289896e-09,-2.73564497298465e-06,-1.30965100034783e-05,3.99852666238413e-06,-1.8800010832168e-06,2.13691658056928e-06,-2.09673080268527e-06,1.73269661652301e-06,-4.50643923822587e-05,-7.79742829273023e-06,-3.13605506548261e-06,-6.95580917896471e-09,-0.000252162660983288,-1.98976628647018e-05,-1.33760149115066e-05,-3.77800031276024e-06,-2.19823033804927e-06,-1.4529225022946e-06,-1.00021380951417e-06
"north_west","beta25",1.53426219270059e-07,-2.82331167808045e-06,3.09528086672571e-06,-3.63949594903835e-07,-1.87654140460037e-09,1.73687484275903e-08,1.32017031954561e-08,2.46817104701472e-08,2.1613619235723e-08,-7.34862445987973e-08,8.07452338817243e-08,2.66924358788535e-08,4.72561256408032e-08,-4.44753909805723e-08,8.42807244667165e-08,4.68323785339377e-07,5.94182365848291e-08,7.14990242167193e-08,3.36316107129026e-08,1.93526788191809e-07,-6.69268943436053e-08,2.37136223816478e-07,-2.47819750150579e-08,1.83428922423037e-07,1.08954732617887e-07,1.34312317042308e-07,-1.5294629445136e-08,1.33923387443276e-07,1.20842656494887e-07,1.20618421296499e-07,8.35412046950123e-08,3.72477241427603e-08,1.00200514971487e-07,7.94117593200825e-08,4.91002993956571e-09,2.0041396057561e-08,-5.43939733311522e-09,-3.99611231874125e-08,6.47815028150514e-08,6.48888738097243e-09,7.12435391690805e-06,-1.96039268164055e-06,1.27658337461085e-05,-2.32391189523839e-05,3.29472728587311e-05,2.22126626925438e-06,-2.97415198328677e-06,-4.0004496598092e-06,-2.74970850560141e-07,1.32282878760852e-06,-6.25933567691018e-08,-1.05976274695517e-06,-6.26617198300449e-07,3.30687660169417e-07,1.04855228456773e-05,2.22781809115569e-06,-3.67971181731254e-06,6.44810230066085e-09,1.50166932303157e-09,9.313131769635e-09,7.31173356506512e-09,1.04334546014187e-08,4.30110991093584e-09,3.28762266391301e-09,1.409254300267e-09,4.20003393584487e-09,1.10241378973506e-08,4.40165509009605e-07,5.25047404516579e-06,-1.65069043337468e-06,-6.97371062893364e-07,-3.98073593846352e-07,5.6889100481146e-07,-7.9154786950068e-07,4.53835612411938e-05,-4.36382054855697e-06,3.68604122863049e-06,9.96381054629124e-09,-8.80765666369315e-05,-1.84643222685308e-05,4.74097681183641e-06,1.16730338223649e-05,-9.86531969000832e-07,-1.45329786094705e-06,-7.04275956253861e-07
"north_west","beta26",-5.23209281362197e-08,7.57279438952048e-07,-2.93527055014852e-06,1.78889061258132e-07,3.92192302324272e-08,-7.61767391892028e-09,1.65592780745014e-08,-2.45988159696096e-08,2.0425382753742e-08,2.98649505489946e-08,-4.02166600661012e-08,3.99678323110958e-08,2.48884683765665e-08,1.9997762996619e-08,9.45862108741149e-08,1.01982790181856e-07,7.47965955752065e-08,6.33578680392546e-08,1.35016822070957e-07,-2.68881431556685e-08,1.81585537876195e-07,-2.47819750150579e-08,2.81690095323651e-07,-3.26453509039573e-08,1.76502761172757e-07,1.88539925643515e-07,-2.42114008060005e-08,1.03346992757761e-07,2.02090795578705e-07,9.83153320475463e-08,5.2831461842302e-08,1.45362783329174e-07,-1.02137860181851e-08,2.52969310580383e-07,1.02934013622487e-08,1.10072726252157e-08,-3.79428391469828e-09,3.41358943746008e-08,-3.8280727717976e-08,1.96129523945603e-08,-7.25393199038082e-07,-2.26960213129394e-07,-1.49520649277766e-05,1.80879858062369e-05,-6.16836076342846e-06,-3.84821997693817e-07,-3.98590977242914e-07,1.75364834584574e-06,2.74760033840943e-07,-8.07090894290505e-07,1.79459075262006e-07,-5.91112475916822e-07,1.27149701695544e-07,-4.43999923600576e-08,-4.28784775626015e-06,-9.12391330220891e-07,1.9432858674762e-06,3.11458702142792e-09,2.57497447835215e-09,2.54739646870947e-09,4.37053697825863e-09,1.30380577093519e-08,6.82598555842187e-10,3.58939040231967e-09,2.55180924342735e-09,1.4527865744205e-09,3.19158015948395e-09,-2.95202885003365e-06,-5.83643473506423e-06,1.758031907456e-06,-1.55709820603729e-06,6.21053820333973e-07,-1.8308145109718e-06,7.91596739299337e-07,-1.43863807647549e-05,-5.43969939236101e-06,-7.70535956069278e-07,-1.36388319175333e-09,-0.000188368391802493,-1.48764157435872e-05,-3.12075556331933e-06,7.72272501942696e-06,-1.64708082234479e-06,-1.83194969499842e-06,-8.98218009243398e-07
"north_west","beta27",-3.33681945866311e-07,3.10672968665941e-07,-3.35778805994293e-06,3.63248679045991e-07,2.82827550882776e-08,-5.59032020290791e-08,6.19785777307016e-08,-4.02585947606532e-08,6.44484427582081e-08,-2.34986968078153e-08,-3.95287202526161e-08,6.36893172336458e-08,3.5387010332204e-08,8.63486946615325e-08,8.10560055792176e-08,2.35096609951043e-07,1.1572953836725e-07,7.47870010543663e-08,1.2300159690519e-07,1.0769814189457e-07,9.9090508317374e-08,1.83428922423037e-07,-3.26453509039573e-08,5.07583976374706e-07,-1.90918682413373e-07,4.12620529373295e-07,-4.03013654999921e-08,9.52558422137138e-08,2.60111520851094e-07,1.8738861632522e-07,9.25770274096629e-08,1.62150902489521e-07,5.28879431735926e-08,3.14241223341974e-07,1.61023899928446e-08,2.94321055815924e-08,-3.04525830576445e-08,1.04494730132603e-07,-1.2352926786177e-07,6.22364040614249e-08,6.05145950075646e-07,2.32906816906821e-06,-2.53244622520263e-05,2.31765077059543e-05,1.04917136639631e-06,2.29694835504877e-06,-1.38990996426012e-06,3.31969284845881e-06,7.75672386112734e-07,-3.68307619007484e-07,2.18395603832478e-07,-1.63976324198697e-06,-1.17496698476568e-06,4.77515145492787e-06,-3.92416607877096e-06,-1.13413460364737e-06,2.6849281115682e-06,2.91399260920782e-09,4.95918958611444e-09,7.54450336447367e-09,5.86426244584443e-09,1.16582566747671e-08,4.41303052255868e-10,5.0106399037915e-09,2.44442295923272e-09,2.76841906381502e-09,8.70985767412462e-09,-7.38623954861064e-07,-1.01818575856847e-05,3.46426259055338e-06,-3.3486186984726e-06,1.73382818919377e-06,-1.36501368534687e-06,9.16593690735554e-07,-9.8536961976126e-06,-1.65797524642279e-05,6.16765909999111e-07,-3.03629121923719e-09,-0.000258984773525156,-3.00353504367269e-05,-1.32120822877747e-05,1.60107143531649e-06,-2.39321468143313e-06,-1.97275491196927e-06,-1.8662741898174e-06
"north_west","beta28",3.83749616751889e-07,-2.15966322271792e-06,5.99490395423391e-06,-5.78201435269629e-07,5.23374214644974e-08,6.35495285543506e-08,-1.79760521240752e-08,5.61120795340436e-08,-1.44404974760287e-08,-4.58930598681661e-08,1.56257744324787e-07,1.50003223113453e-09,5.21892393189729e-08,-1.12932975685502e-07,1.07789755166803e-07,3.03326357196866e-07,4.38050180271284e-08,6.66324725689811e-08,6.71954183637706e-08,1.10877847767753e-07,1.75674534709034e-08,1.08954732617887e-07,1.76502761172757e-07,-1.90918682413373e-07,6.41703917827141e-07,-2.139828224476e-07,-7.51034009573797e-09,2.57177224152875e-07,5.53549201213612e-08,1.02198927052698e-07,5.90101345890106e-08,4.24789001304617e-08,9.5112857703513e-08,-3.77777857930324e-08,1.8107073240182e-08,-1.75086683336848e-08,3.95373188955418e-08,-1.04348427062333e-07,1.45057315441929e-07,-2.99127180566171e-08,1.45900999383187e-05,-4.66731650036158e-06,3.0965730497832e-05,-4.00343776977492e-05,3.55340282987244e-05,1.91383986290122e-06,-2.67549851073388e-07,-5.94849540338332e-06,-1.7963645699977e-06,6.27885374087485e-07,-4.61274577333379e-07,-9.64286168461223e-07,2.98513836952442e-07,-3.97079182974235e-06,1.01895130014243e-05,2.81928149707764e-06,-3.49484765221108e-06,8.16772243830441e-09,1.78990295000252e-09,1.21068003943438e-08,9.58308099753188e-09,1.76570117121327e-08,5.59970489289191e-09,4.64465395179944e-09,2.87120040453429e-09,5.69958954481644e-09,1.26135024348414e-08,6.55206323929293e-07,1.80532797164752e-05,-4.42341495520441e-06,9.41424294119668e-07,-1.71576751244755e-06,1.13195949165089e-06,-1.20661796745317e-06,3.8509024402878e-05,1.85493632528787e-05,3.712684886204e-06,7.26589424562363e-09,-7.26893785924293e-06,-1.40509309915934e-05,1.15026081336661e-05,2.77059946643003e-05,-1.7939996217961e-07,-1.74998532455427e-06,-8.70382227058484e-08
"north_west","beta29",-3.41380926169561e-07,2.03908436135018e-06,-7.27217606909937e-06,5.87612484120451e-07,1.30670050320625e-07,-9.26238312925719e-08,9.93653260290914e-08,-8.08269978013113e-08,9.20882721446546e-08,-1.57269005357184e-08,-8.3553680982795e-08,9.15211449966302e-08,3.48161303037414e-08,7.64224358357365e-08,1.68897686265458e-07,-1.00745097456274e-07,1.12314230586992e-07,1.51038064759574e-07,1.44594813330503e-07,7.49289268989425e-08,2.40952769444917e-07,1.34312317042308e-07,1.88539925643515e-07,4.12620529373295e-07,-2.139828224476e-07,8.65108385360503e-07,-3.79819971123597e-08,-2.40870177338687e-08,4.72813027872149e-07,2.46805488079882e-07,1.44652122663415e-07,2.54188583190742e-07,5.27676610693101e-08,3.85077208137614e-07,-2.71097117653053e-10,5.08325630466087e-08,-2.95216903663626e-08,1.51950128076948e-07,-2.18549587841929e-07,1.26383229284809e-07,-5.30326783126229e-06,2.35925947736071e-06,-4.0180210420059e-05,3.5363854184034e-05,-4.9137679147188e-06,2.48041281289144e-06,-1.40295846577302e-06,4.15079810963787e-06,1.28799780156006e-06,-1.05411432140432e-06,6.62294455469424e-07,-1.22150081098612e-06,-9.67216471328841e-07,4.17807748319311e-06,-9.02530132901771e-06,-1.90455667341168e-06,7.88134743793082e-06,5.08086449850313e-09,4.28015883981458e-10,5.15802541305313e-09,9.31505954497113e-09,2.34077665083619e-08,7.82810389061877e-10,8.17150640183743e-09,3.17614969783875e-09,6.52727956681228e-09,1.00781879305346e-08,-5.92868206300536e-06,-1.95819685816563e-05,5.42674122112681e-06,-8.22799290617559e-06,1.82904221214768e-06,-4.29914683931311e-06,4.32997529602835e-06,-1.97356762491954e-05,-2.21991072744175e-05,-1.08468990257774e-06,-1.66512659330208e-09,-0.000352081124621923,-3.70832467079195e-05,-2.11876519852991e-05,1.68456107188443e-05,-3.23451221287581e-06,-3.07114874817855e-06,-3.44545565887014e-06
"north_west","beta3",1.79147871187703e-07,-4.14270965387693e-07,1.12208961948997e-06,-3.00981014889123e-08,5.9480492146383e-08,3.13192003090104e-09,-1.98808417437285e-11,1.2195085729591e-08,-1.955079575588e-08,2.74744411112964e-08,1.63970319668682e-08,-1.8989957952031e-08,-9.37454297999802e-09,-2.35782468037184e-08,-1.61351395489441e-08,-1.10657271129285e-06,-3.4418415948193e-08,-4.05401291953982e-09,-7.76093142572307e-08,6.87360019660635e-08,-5.34574926044786e-08,-1.5294629445136e-08,-2.42114008060005e-08,-4.03013654999921e-08,-7.51034009573797e-09,-3.79819971123597e-08,1.7035512167959e-07,-2.08114632963251e-08,-5.05476946643955e-08,-3.59669900841889e-08,-6.35195476144304e-09,-3.74031000622324e-08,6.43787851869881e-09,-1.02185526519878e-07,-1.00051410482076e-07,6.86067279963105e-08,-3.38080157488342e-08,1.20803010915418e-08,-2.27970862332306e-08,4.17493804668184e-09,1.02400545422135e-06,1.53645665581063e-07,1.21303636583851e-05,-1.1494386907426e-05,2.17172393160034e-06,-7.09217918128311e-07,2.50988533595885e-06,-8.13952468175331e-07,-2.8818315391388e-07,-3.54539016884232e-07,-2.47882348579209e-07,5.04885542874615e-08,4.12775652180756e-07,-1.82035365265418e-06,-1.33480474661745e-06,5.31141281823688e-07,2.38583704030453e-06,1.07278508588417e-09,1.3459413272598e-10,1.74156358727731e-10,-5.8168687512441e-10,-3.24590925945133e-09,8.39572809455906e-10,-3.21512932928244e-10,3.16921922472705e-12,1.23900275483062e-09,2.37443404113115e-09,-1.94275501089969e-07,8.1651734560933e-06,-2.48521594328584e-06,2.18091647650127e-06,-1.16205897342837e-06,6.66616105261158e-07,-1.98789493014283e-07,-1.30399439525367e-06,8.56409943149963e-06,9.07676082017234e-07,-4.00132283120645e-09,8.72516911995007e-05,1.89550424554794e-06,4.84845004222953e-06,5.73518190627895e-06,8.01990868093405e-07,4.04818438948515e-07,1.633637610472e-07
"north_west","beta30",1.03567556245562e-07,-1.11915005745028e-06,2.24877293029555e-06,-1.72130799510455e-07,2.35881319104119e-08,1.65154141033734e-08,1.24699379702166e-08,2.36423105331757e-08,5.57856134154701e-09,-3.33600813974413e-09,5.46608784844177e-08,2.50569348356822e-08,4.12008424142644e-08,-1.76199929042494e-08,8.23069208236318e-08,2.83028810677294e-07,8.16180769839274e-08,5.15223614049563e-08,9.92561351683477e-08,1.1023342858974e-07,4.28063509703011e-08,1.33923387443276e-07,1.03346992757761e-07,9.52558422137138e-08,2.57177224152875e-07,-2.40870177338687e-08,-2.08114632963251e-08,3.04064774229981e-07,5.3143154496386e-08,1.40551194557566e-07,5.06349893622732e-08,9.57976994580131e-08,5.13896625910664e-08,1.7860298258914e-07,2.19943558231268e-08,-4.7873255049151e-09,1.6173635610595e-08,-3.67625452598045e-08,7.26799267252179e-08,-1.03717639994073e-08,8.32611190012735e-06,-1.59669932604099e-06,9.26989229343506e-06,-9.64956562445305e-06,1.82695594322611e-05,8.00290307154563e-07,-5.97943009930417e-07,-1.34190365408788e-06,-7.2121232111639e-07,2.51331422112726e-07,-2.83034570753799e-07,-1.49227595857416e-06,-1.14898572533324e-06,-8.42583162197843e-07,3.16166879464045e-06,1.01851610280136e-06,-1.81129213035124e-06,7.37203728409695e-09,7.03618486447326e-09,1.20367400346111e-08,7.48958428328236e-09,1.15778695413106e-08,3.95872950119612e-09,4.12478351985717e-09,4.16822071657593e-09,3.63748744428783e-09,1.25754943350641e-08,2.72173098875274e-07,7.99575067235974e-06,-1.65754244242172e-06,1.57143753774979e-06,-2.05838334987482e-07,3.09070714402621e-07,-6.36901362199942e-07,1.84488561939443e-05,7.40479552562423e-07,2.97256919443183e-06,1.31116527802632e-09,-9.86517499774261e-05,-1.86226552112495e-05,-4.73083840463996e-06,1.2728902207887e-05,-9.17672973749612e-07,-1.77468890797201e-06,-2.7650622149477e-07
"north_west","beta31",-2.56934427644848e-07,1.15843356042523e-06,-5.63755854112881e-06,4.05064045361485e-07,2.34214396884071e-08,-4.58845132147344e-08,4.69020867046098e-08,-5.82554261523815e-08,6.73025715509101e-08,-3.22805731914997e-09,-2.567397750395e-08,7.35170578295198e-08,5.22833502875274e-08,7.17910778339513e-08,1.32111960849521e-07,2.61677925851282e-07,1.33749580928121e-07,1.01783233198375e-07,1.85234553063766e-07,6.34165642685136e-08,1.96195650508921e-07,1.20842656494887e-07,2.02090795578705e-07,2.60111520851094e-07,5.53549201213612e-08,4.72813027872149e-07,-5.05476946643955e-08,5.3143154496386e-08,4.4402303241109e-07,1.45771202822445e-07,1.35935016407229e-07,1.952653040875e-07,5.13296759231172e-08,3.60827028043957e-07,1.56115055477139e-08,2.64227735240769e-08,-1.98488186042545e-08,1.10486380943149e-07,-1.44805164985493e-07,7.26171271911096e-08,-2.35310918082155e-06,1.55699143279058e-06,-3.23199369452178e-05,3.00812932083406e-05,-6.35375418147966e-06,4.51699690621817e-07,-1.64800949607203e-06,3.79585477723126e-06,5.83790302999866e-07,-9.35878641159853e-07,5.20318380660175e-07,-1.08335169620044e-06,-4.19930208033949e-07,3.53606805636782e-06,-6.07400363257457e-06,-1.41733353190334e-06,3.80470543815515e-06,3.98061364538265e-09,4.49254186045672e-09,6.10110523106084e-09,7.44596798364059e-09,1.96739423359934e-08,8.12480676362346e-10,6.76318073247715e-09,3.39850250466614e-09,3.64463582490661e-09,5.74871431763483e-09,-3.40876061463187e-06,-1.56676492595605e-05,4.32239504703488e-06,-4.43815489473871e-06,1.11603994167224e-06,-2.73838235737852e-06,2.11592484189317e-06,-2.80507443078173e-05,-9.26376931519062e-06,-1.11418581526182e-06,-9.55542319236291e-10,-0.000342708357900733,-2.88247090577424e-05,6.35451811515682e-06,-3.32467694013466e-06,-3.21533871750334e-06,-2.50363598813979e-06,-2.20751430239272e-06
"north_west","beta32",9.11704233712163e-08,-7.12273144891145e-07,2.26585638296448e-07,1.54520819837858e-08,5.7410821531304e-08,-1.12477596342999e-08,1.60746064555031e-08,2.35077641934269e-08,2.61247818950548e-08,-4.26401553348078e-08,8.45102784878365e-09,4.01038734288705e-08,3.6132727857082e-08,-1.116349113722e-08,1.13318312508081e-07,2.46889613677929e-07,6.62962822836723e-08,7.59523188620293e-08,1.15746351954806e-07,5.17682507240045e-08,1.01617245059917e-07,1.20618421296499e-07,9.83153320475463e-08,1.8738861632522e-07,1.02198927052698e-07,2.46805488079882e-07,-3.59669900841889e-08,1.40551194557566e-07,1.45771202822445e-07,5.02197438015498e-07,3.03163694907655e-08,3.44008253276178e-07,4.29718569823221e-08,5.24963362874907e-07,1.5595673441743e-08,1.67640750811042e-08,1.10621832092939e-09,1.86073352624928e-08,-3.84269774602248e-09,1.54679288061521e-08,3.91305462665367e-06,1.60744978737722e-07,-8.15094835142471e-06,1.00985813368534e-05,9.87185795786201e-06,2.92694601345183e-06,-1.23494597076687e-06,-6.35483539452299e-07,6.5199618388869e-07,3.95994943238588e-07,-2.48456294196066e-09,-1.56068118294086e-06,-5.9419592707499e-07,-5.13304250773568e-07,1.50316277043317e-06,2.21559060057287e-07,5.13341179188732e-07,6.07764542656647e-09,-5.13334420599955e-10,8.59621422288634e-09,7.21030956836684e-09,2.1224720052172e-08,4.81535000329992e-09,5.10772233031017e-09,3.0294012013271e-09,5.03168286442693e-09,1.38091052606787e-08,-3.49346675975077e-06,3.05184969768549e-07,1.04051522486849e-06,-2.62935246648275e-06,7.00101414936181e-07,-4.09817553335441e-07,-6.50767948090765e-07,2.71572119452233e-05,-1.60674301446491e-05,1.39316317779786e-06,3.59172622454575e-09,-0.000140240489213207,-2.52237062433872e-05,-7.26049234287883e-05,1.53018922756251e-05,-1.27707575560974e-06,-1.99803231313356e-06,-4.68961782732474e-06
"north_west","beta33",2.07066097258525e-08,-1.33120075031636e-06,1.39512729658112e-06,-3.31371826995752e-07,5.51175404117378e-08,1.57117015613643e-08,8.25750970968782e-09,1.25140910773437e-08,2.29935722395646e-08,-6.25639195548012e-08,2.50836642243291e-08,2.56418461282948e-08,2.77021351309199e-08,-3.22575132245809e-08,5.8892871985204e-08,1.36182762148662e-07,4.31154332815667e-08,4.13495539053135e-08,5.31653987435622e-08,4.36807855054202e-08,3.11998731756667e-08,8.35412046950123e-08,5.2831461842302e-08,9.25770274096629e-08,5.90101345890106e-08,1.44652122663415e-07,-6.35195476144304e-09,5.06349893622732e-08,1.35935016407229e-07,3.03163694907655e-08,1.87298968257513e-07,-8.96436558660801e-08,1.65980722977295e-07,-5.6994772268124e-08,-3.80468467796311e-09,2.35950414611883e-08,-7.94347113324219e-09,-3.53265662387659e-08,5.43142328017121e-08,9.1796299853243e-10,7.36890223285362e-06,-3.4154522923026e-06,1.08273355105885e-05,-1.28918127372066e-05,2.73813201750008e-05,1.23654306380731e-06,-3.06333997675731e-06,-2.90856849279373e-06,2.4412879871312e-07,7.22552214803736e-07,2.93984007600904e-08,-5.58012509422341e-07,-1.71771744145276e-07,5.73700449250962e-07,1.05722230190542e-05,1.92071178208611e-06,-1.87023770774265e-06,4.36107106447818e-09,1.90648448160205e-09,6.40447806214835e-09,5.70319294200342e-09,1.01818408611085e-08,2.99143179245512e-09,3.52464206112037e-09,1.49438701477064e-09,3.45164815990489e-09,5.94588968529773e-09,5.21271116264204e-07,2.02580691514588e-06,-5.97955872195484e-07,-1.90825794341955e-06,1.56891849281045e-07,-6.44397884324113e-07,-5.61148669606827e-07,4.00060674584559e-05,-6.15385686488874e-06,2.79292991458431e-06,1.41376457644922e-08,-6.41093219592894e-05,-8.32775985050681e-06,-1.45164865571397e-05,2.16104597943977e-05,-6.61283099375756e-07,-8.69176636794634e-07,-1.51970559088904e-06
"north_west","beta34",-1.64714070980929e-07,1.36756877017723e-06,-5.78125069808098e-06,6.32264231934282e-07,-5.23576659740882e-08,-3.17475522825076e-08,2.16685491681958e-08,-4.08989269805288e-08,4.43007698320555e-08,2.99516748618413e-08,-2.63771675266066e-08,4.36043049345524e-08,1.73024146949557e-08,7.52401708550811e-08,8.20098005213718e-08,4.36144062085443e-08,8.26505873198409e-08,6.43568880585676e-08,1.22991093312323e-07,3.09789048464825e-09,1.68726373161168e-07,3.72477241427603e-08,1.45362783329174e-07,1.62150902489521e-07,4.24789001304617e-08,2.54188583190742e-07,-3.74031000622324e-08,9.57976994580131e-08,1.952653040875e-07,3.44008253276178e-07,-8.96436558660801e-08,6.66107258874362e-07,-3.58686956275946e-07,1.04017204619235e-06,2.1211756104526e-08,-7.07017395213893e-09,1.44930432867932e-08,1.13858819613188e-07,-1.38016713428952e-07,3.93590836583854e-08,-8.00497830170841e-06,8.34796284284162e-06,-3.75409307454753e-05,3.58773778187152e-05,-2.72753888183325e-05,7.99115096985943e-08,1.38659790894837e-06,5.52596908169514e-06,-1.93495993854577e-07,-1.09805169264897e-06,1.05363090827066e-07,-1.24165170647595e-06,-6.60286726137082e-09,1.57158514693336e-06,-1.62181771620341e-05,-2.55902217632542e-06,6.18981643664302e-06,-7.56746066714734e-10,-8.3379413937756e-10,2.94166666113205e-09,2.7288658202369e-09,1.49407381046665e-08,4.36617143897527e-10,2.76562896838381e-09,2.91144566918315e-09,1.51261112944961e-09,6.39073406028913e-09,-3.77760335690328e-06,-8.89684357405413e-06,3.52936843762538e-06,-1.72324088960595e-06,2.19050558086907e-06,-1.72231055057105e-06,-1.19518821694897e-06,-5.43680154107148e-05,1.48910792906074e-06,-2.27770098036091e-06,-1.47209181049913e-08,-0.000207402911366537,-2.26136487964252e-05,-5.86945700449448e-05,-3.99537327147262e-05,-1.73813920765156e-06,-1.98344887607516e-06,-3.22472185605845e-06
"north_west","beta35",3.03702912803999e-07,-3.11992055146755e-06,7.71284295814727e-06,-7.7586500015615e-07,9.64884986358944e-08,3.91341330671345e-08,-2.22197341599004e-08,9.17639704290605e-08,-2.70219917838158e-08,-5.97631163193588e-08,6.93239470048711e-08,-5.59130463408434e-09,2.7713568326192e-08,-1.08621527971171e-07,6.15681115577044e-08,2.23581499082435e-07,-1.52463580851987e-08,3.51950188411101e-08,-5.01043589691882e-09,8.87318497674761e-08,-5.46353572341934e-08,1.00200514971487e-07,-1.02137860181851e-08,5.28879431735926e-08,9.5112857703513e-08,5.27676610693101e-08,6.43787851869881e-09,5.13896625910664e-08,5.13296759231172e-08,4.29718569823221e-08,1.65980722977295e-07,-3.58686956275946e-07,6.89037432943166e-07,-1.22776810852257e-06,5.78565393629211e-10,1.35938821903184e-08,2.13507018819914e-08,-1.79077203341615e-07,2.49226058859264e-07,-4.44714201645562e-08,1.59377077832769e-05,-1.10066527404251e-05,3.81133055144926e-05,-4.54200485277721e-05,5.39562384829906e-05,7.38721264975151e-07,-2.84258481956093e-06,-7.79099035756939e-06,1.18594763273138e-07,1.65224736654841e-06,-2.60434414818117e-07,-5.59556255155234e-07,-7.61040960223745e-07,-3.99882316779998e-06,1.91417878919608e-05,3.55235985332953e-06,-5.54575737959608e-06,1.11795006545529e-08,4.44718974350527e-09,1.06352931255338e-08,1.03892656550956e-08,9.46016694296238e-09,6.97209798819164e-09,7.68757293789821e-09,2.74443571364906e-09,5.55855561331185e-09,1.60964216956701e-08,1.79761938667287e-06,1.24845922921669e-05,-3.5360067372621e-06,-1.10825255933045e-06,-1.46992294404613e-06,9.16144323122153e-07,-1.66808857946861e-06,8.05467163371956e-05,-1.19690841049106e-05,4.03407776970989e-06,1.81551631477314e-08,9.53717674071159e-05,7.19383894793016e-07,9.54975123162593e-06,5.18781963029253e-05,6.30416019242733e-07,-3.73280715764584e-07,-9.95458425306573e-07
"north_west","beta36",-3.72958025160851e-07,3.84706864944691e-06,-1.79203736867302e-05,1.41647204729041e-06,-8.19667958597051e-08,-1.45604265237301e-07,1.10802113389155e-07,-1.57537950706557e-07,1.13141918312025e-07,1.20598753815549e-07,-2.59246279290184e-07,1.35699296414795e-07,3.66487052589845e-08,3.12516220672814e-07,5.60035231136817e-08,1.65506581728043e-07,2.41403857099978e-07,5.86353272551605e-08,2.73022881810541e-07,-6.77111039297961e-08,3.20897375360369e-07,7.94117593200825e-08,2.52969310580383e-07,3.14241223341974e-07,-3.77777857930324e-08,3.85077208137614e-07,-1.02185526519878e-07,1.7860298258914e-07,3.60827028043957e-07,5.24963362874907e-07,-5.6994772268124e-08,1.04017204619235e-06,-1.22776810852257e-06,4.10822964237895e-06,1.76927329738111e-08,5.5324684060903e-08,-8.84389788193878e-08,4.16256404850762e-07,-5.1572106266681e-07,1.47172911588658e-07,-3.04574908900307e-05,2.17420999137081e-05,-0.000103481168260766,0.000152683815468371,-9.35064138076176e-05,-3.61390268111462e-06,-2.66433480436518e-06,1.45162049636055e-05,2.13558992469706e-06,-1.91282800962134e-06,1.40790710688417e-06,-2.53381541053302e-06,5.04593418031021e-07,8.13470271981123e-06,-2.23248517068654e-05,-6.08919230434378e-06,1.60731508305671e-06,-8.10039418508207e-09,1.09370791400382e-09,-1.44546908110834e-09,-8.05823376799428e-09,1.91885128847707e-08,-3.12675341862888e-09,-1.70751107172377e-09,1.92674137154838e-09,-1.59351767916489e-09,-1.02649765011288e-08,-1.063103764431e-05,-4.32888840382467e-05,1.06447856336517e-05,1.08116120173724e-07,5.24976933018736e-06,-2.25225627397461e-06,-2.12076375165599e-06,-7.84311605651156e-05,-2.8661527895946e-05,-7.09786736095289e-06,-2.70230126743444e-08,-0.000624632034600129,-5.43498237245488e-05,-0.000117346935399403,-7.23871491758304e-05,-5.4776160496145e-06,-2.29093384162733e-06,-5.22596407448065e-06
"north_west","beta4",-4.50480703416173e-08,4.10229440273357e-07,-1.17444663701378e-06,-5.85354099375129e-08,-1.41747345622733e-08,1.15300086574224e-08,-1.25956778810229e-08,6.2430698597051e-09,7.85726962280933e-09,-2.17700630534477e-08,1.57326848551889e-08,5.8698684187243e-09,5.27615759873565e-09,1.01583035506248e-08,1.2840092069545e-08,4.65788957394327e-07,1.02420076389347e-08,6.30104959157395e-10,4.4420706320907e-08,-3.63099287522506e-08,2.50507290459038e-08,4.91002993956571e-09,1.02934013622487e-08,1.61023899928446e-08,1.8107073240182e-08,-2.71097117653053e-10,-1.00051410482076e-07,2.19943558231268e-08,1.56115055477139e-08,1.5595673441743e-08,-3.80468467796311e-09,2.1211756104526e-08,5.78565393629211e-10,1.76927329738111e-08,8.93047340095101e-08,-1.02044446760815e-07,6.92648851162248e-08,-4.13794423202079e-08,5.1654629525459e-08,-1.24242800500081e-08,-6.82827294171221e-07,-1.0284399060514e-06,-1.43117775201617e-06,1.64853062928992e-06,-1.6003009613699e-07,-1.56777838542275e-06,-1.30256850026914e-07,6.82528120011907e-08,-1.04504377037903e-07,-6.61101477610845e-08,5.19151161080426e-08,-2.11375569344347e-07,-3.50171536922773e-07,8.89249654482733e-07,-1.33702139262237e-06,-3.18596319611004e-07,-6.28517991880852e-07,4.85580181837469e-11,1.89699604311359e-11,3.01091808885269e-10,4.01609295204483e-10,3.37454757997476e-10,-3.51320291162772e-10,7.52747494408321e-10,3.92034792251011e-11,-8.9730260467998e-11,7.81168901978519e-11,1.15892921580253e-06,-2.31818504039557e-06,8.48724452476631e-07,-1.20551501774384e-06,8.32166429311553e-07,-3.15797468777181e-07,1.63828483227555e-08,-2.38734408636608e-06,-1.22673958133314e-06,8.4110426886199e-08,2.26475575422355e-09,-3.02981624802042e-05,-6.82980225972647e-07,9.90758052349163e-08,-6.24852984209786e-07,-2.66367512761037e-07,-1.79083743472096e-07,2.32328410978097e-08
"north_west","beta5",6.61842552191865e-08,-1.12142251070121e-06,1.32934450646549e-06,1.02650384817202e-08,8.68036598842113e-09,-2.83854690140031e-08,4.22595634888321e-08,-8.91376227583762e-09,6.85659002801208e-09,2.77043106150571e-08,-5.0876956240195e-08,1.01790139482706e-08,7.54742918485431e-09,1.50427865075675e-08,-9.5554155221941e-09,-7.84812503558152e-09,2.83477336157432e-08,1.63099063547458e-09,-1.70867904775436e-09,2.9811124237444e-08,8.02175504097325e-10,2.0041396057561e-08,1.10072726252157e-08,2.94321055815924e-08,-1.75086683336848e-08,5.08325630466087e-08,6.86067279963105e-08,-4.7873255049151e-09,2.64227735240769e-08,1.67640750811042e-08,2.35950414611883e-08,-7.07017395213893e-09,1.35938821903184e-08,5.5324684060903e-08,-1.02044446760815e-07,2.31103673624849e-07,-2.51353308607184e-07,1.33725357980675e-07,-1.0802918638162e-07,5.03516091270224e-08,4.58874835184079e-06,1.2486159409581e-06,-7.20629850164479e-06,1.00963316251616e-05,1.48931823249873e-06,5.50146432264466e-06,-3.05187512334659e-06,8.57690049523065e-07,1.95911213764916e-07,7.39177874269679e-07,1.5421767659656e-07,-4.59906757159224e-07,6.63677234115744e-08,4.17276812928806e-07,3.96041533763927e-06,6.21186934101425e-07,-1.51889478600558e-06,1.20276311660467e-09,1.94232955689601e-09,1.24985536735077e-09,1.7170127358524e-09,3.6820316435902e-09,5.99463648580409e-10,5.80413969460923e-10,6.72604371827936e-10,-1.51447483775262e-10,5.50742853245413e-11,-2.35017477906262e-06,-1.53290139266265e-06,-1.59653912729015e-07,5.51953067578655e-07,5.46884620516475e-07,1.96045762049061e-07,-6.5689867263596e-07,1.13412156908743e-05,-8.43416708894701e-06,-1.19174577294069e-06,1.77601637226265e-09,-2.73420072975906e-05,-2.53539773203017e-07,-2.55778579771271e-06,4.03828650253479e-06,-2.27390164289086e-07,-3.44605441239334e-08,-3.29876535701871e-07
"north_west","beta6",-1.97468199766519e-08,1.1181293569593e-06,1.24847477345506e-06,1.20184950465163e-08,2.02400205737544e-08,6.27172769532476e-08,-5.79116430105001e-08,1.50517860765547e-08,-3.69760460463362e-09,-3.55439412539786e-08,8.24959973812141e-08,-1.62440782751152e-08,3.05702877809465e-09,-5.25884774228824e-08,1.78374216501358e-08,-3.40900428100554e-07,-2.70025193825015e-08,1.60639511164866e-10,-7.45724686150131e-09,8.18440514022915e-09,-1.18347545387806e-08,-5.43939733311522e-09,-3.79428391469828e-09,-3.04525830576445e-08,3.95373188955418e-08,-2.95216903663626e-08,-3.38080157488342e-08,1.6173635610595e-08,-1.98488186042545e-08,1.10621832092939e-09,-7.94347113324219e-09,1.44930432867932e-08,2.13507018819914e-08,-8.84389788193878e-08,6.92648851162248e-08,-2.51353308607184e-07,4.68415285123285e-07,-3.421590716401e-07,2.68567935807522e-07,-1.14360330465768e-07,-3.10189085594913e-06,-1.33441477294429e-06,1.53711486815415e-05,-1.97371064709859e-05,9.27694088978524e-06,-4.70761857421789e-06,2.8357749299346e-06,-2.60254608094595e-06,1.3805749665546e-07,-5.00606712474136e-07,-1.43162545595762e-07,1.41673449562103e-07,2.95315884243618e-07,-2.59080787198633e-06,-1.88249443919817e-07,-7.83227881028825e-08,-1.32922977367511e-07,-4.01336155229116e-11,-1.6296386634269e-09,9.28682982242067e-10,-1.05645723672679e-09,-1.93281118688352e-09,7.54005637354257e-10,4.90493754091085e-10,7.54798731649676e-10,1.68465009832954e-09,1.18391134365776e-09,1.81455223958812e-06,5.2004555715883e-07,-3.63242962641119e-07,6.29084183505144e-07,-1.11548882901124e-06,1.44014880466092e-07,-4.7984438783845e-07,7.80741886828058e-06,7.58009766789458e-06,2.89539307937666e-06,-9.74807913480165e-10,5.51615901432747e-05,-9.6968226738721e-07,2.78840134558491e-06,-7.93194784159796e-06,4.75596505066852e-07,-1.45890418633111e-08,1.30413252438332e-08
"north_west","beta7",-4.357657817323e-07,4.33685971725039e-06,-1.04317199824574e-05,1.23289348619178e-06,7.16432498279997e-08,-1.45361666995428e-07,1.12378260556414e-07,-1.14640376070384e-07,3.6589680147964e-08,1.38605963895285e-07,-1.27820573207428e-07,4.15718030853841e-08,-3.14837406358444e-08,1.75079291443103e-07,-2.37204984982996e-08,-3.44753846177595e-07,4.932943970022e-08,-3.01446166934397e-09,7.67103229119085e-08,-5.79291231623403e-08,1.13943477960643e-07,-3.99611231874125e-08,3.41358943746008e-08,1.04494730132603e-07,-1.04348427062333e-07,1.51950128076948e-07,1.20803010915418e-08,-3.67625452598045e-08,1.10486380943149e-07,1.86073352624928e-08,-3.53265662387659e-08,1.13858819613188e-07,-1.79077203341615e-07,4.16256404850762e-07,-4.13794423202079e-08,1.33725357980675e-07,-3.421590716401e-07,6.09451664437326e-07,-7.00944792130545e-07,2.00024117750787e-07,-1.08702066779247e-05,6.48419182199433e-06,-5.84828710011768e-05,6.08486629850858e-05,-5.8990713803479e-05,2.72714996173861e-06,3.66241206706371e-06,1.15435264694255e-05,-2.32908362117855e-07,-1.96444609327017e-06,4.65109390654547e-07,-3.86768964346683e-07,-5.41388535189856e-07,7.14310533711677e-06,-2.49211008964458e-05,-4.20825215262172e-06,1.30112811083893e-05,-6.99906177286852e-09,1.89863515936834e-09,-5.90109130893612e-09,-2.04551250576467e-09,2.29777222418701e-09,-8.11088969355009e-09,-2.57302016802171e-09,-9.01475996169862e-10,-4.53869823389097e-09,-7.1893235850162e-09,-3.18484139667314e-06,-1.75851776389752e-05,5.85851412789733e-06,-2.47051696144676e-06,2.67371807913279e-06,-2.10862536113269e-06,4.79479789299827e-06,-0.000121795852834877,1.02657952744783e-05,-6.94611096040591e-06,-3.00446704493926e-08,-0.000180905330774897,-8.95558280422465e-06,-1.99441547651844e-05,-2.51780600697832e-06,-1.52769224660222e-06,-2.70908532426548e-07,-6.55312505031355e-07
"north_west","beta8",5.21321221919171e-07,-6.71528582723039e-06,1.28600597281263e-05,-1.67760578932424e-06,-1.63937320232994e-07,2.41721396702522e-07,-1.46956673033589e-07,1.51315447358757e-07,-3.98292905698324e-08,-1.43695396630863e-07,1.66495802405931e-07,-4.42639914026789e-08,4.97984260984611e-08,-2.04512843662791e-07,2.26823794788983e-08,8.65000330843683e-07,-4.51649194334605e-08,4.69788001309416e-09,-8.64199206253689e-08,7.5519021183867e-08,-1.48295889568478e-07,6.47815028150514e-08,-3.8280727717976e-08,-1.2352926786177e-07,1.45057315441929e-07,-2.18549587841929e-07,-2.27970862332306e-08,7.26799267252179e-08,-1.44805164985493e-07,-3.84269774602248e-09,5.43142328017121e-08,-1.38016713428952e-07,2.49226058859264e-07,-5.1572106266681e-07,5.1654629525459e-08,-1.0802918638162e-07,2.68567935807522e-07,-7.00944792130545e-07,1.03328536906168e-06,-3.8042927220673e-07,1.79099167434984e-05,-5.82728891332513e-06,7.63487798850202e-05,-8.09314771061879e-05,7.74499871331341e-05,-2.27308682119771e-06,-6.52673745943543e-06,-1.38980823652089e-05,5.35214786654648e-08,2.7094311001971e-06,-8.6875930724893e-07,-5.2603849447013e-07,8.55484858936066e-07,-9.85486679493265e-06,3.23533675447199e-05,5.97356551040566e-06,-1.73867178777852e-05,1.15032702681331e-08,1.97817465788733e-09,9.69413609686415e-09,3.88349415163134e-09,4.0980098768613e-10,1.16620836736038e-08,4.66769278971948e-09,1.63825544027893e-09,5.11850379338402e-09,1.26215958825523e-08,5.32728978181572e-06,2.52087383475117e-05,-7.07520940277617e-06,2.51778811517898e-06,-1.68388929495321e-06,2.78325935165048e-06,-7.52070287474795e-06,0.000150739622119502,-1.21477359803844e-05,9.05588556923779e-06,4.09405819971053e-08,0.000222550297072664,1.29630827019658e-05,1.51895809422881e-05,-1.62710258155948e-05,1.98253265528794e-06,5.25207073380702e-07,4.09350392148534e-07
"north_west","beta9",4.77190705182275e-08,1.58450981519245e-06,-2.52940598704511e-06,2.08949631660324e-07,8.46069303486201e-08,-2.17235911867356e-07,1.71896443529083e-07,-5.53771821845944e-08,4.27960557242665e-08,-2.54034854021244e-09,-6.058232216147e-08,2.04645388588058e-08,-1.25881195191765e-08,6.76807005870382e-08,2.02978791776271e-09,-1.32427263842932e-07,1.79712922539618e-08,1.12777131701797e-08,3.28192706706214e-08,-2.98211287022038e-08,5.35825466042273e-08,6.48888738097243e-09,1.96129523945603e-08,6.22364040614249e-08,-2.99127180566171e-08,1.26383229284809e-07,4.17493804668184e-09,-1.03717639994073e-08,7.26171271911096e-08,1.54679288061521e-08,9.1796299853243e-10,3.93590836583854e-08,-4.44714201645562e-08,1.47172911588658e-07,-1.24242800500081e-08,5.03516091270224e-08,-1.14360330465768e-07,2.00024117750787e-07,-3.8042927220673e-07,3.59646451880536e-07,-4.61441089903803e-06,-1.0829845870582e-06,-2.01990516304598e-05,2.53811285469242e-05,-1.80465061951689e-05,1.56002926274638e-06,1.34105641318168e-06,2.0872570355859e-06,-1.41205624044514e-07,-6.74197634545285e-07,4.27332303127669e-07,-1.42439660715088e-07,-7.8123264315229e-07,2.26236697629243e-06,-5.82615349078042e-06,-1.16898047314044e-06,4.01139701853008e-06,-1.74844153230704e-09,-4.12550256250314e-09,1.29000784194207e-09,2.82948369043311e-09,7.38902660944919e-09,-1.04334072481118e-09,6.32343769389844e-10,1.82608137496672e-10,2.38570793276548e-09,3.84149229837286e-09,-2.20440613533697e-06,-5.85893759874726e-06,5.32402466798422e-07,1.62729554878572e-07,1.79586597086887e-07,-7.93538264810538e-07,2.2007673796353e-06,-2.56412583053472e-05,-2.44846185619105e-06,-3.67891438878836e-06,-8.03798694296901e-09,-4.91311167827362e-05,-1.03553265257035e-05,6.12572094809792e-06,1.92479242242319e-05,-4.92802303496366e-07,-3.13193836226025e-07,-2.0629066363564e-07
"north_west","mu_D",3.3960524487116e-05,-8.2626003511413e-05,0.000386327613051977,-6.57488953106452e-05,2.12654989209646e-05,9.69248909657116e-06,7.88431460200965e-07,6.02659928502481e-07,3.5343877935202e-06,-8.41147670188767e-06,1.72794607124305e-05,-2.42647333671547e-06,3.27123090507159e-06,-1.46224488388423e-05,7.62467376549966e-06,1.46068238131056e-05,-2.21213561985046e-06,2.94787777992311e-06,7.15568738604144e-07,5.31183813391153e-06,-4.54220763235808e-06,7.12435391690805e-06,-7.25393199038082e-07,6.05145950075646e-07,1.45900999383187e-05,-5.30326783126229e-06,1.02400545422135e-06,8.32611190012735e-06,-2.35310918082155e-06,3.91305462665367e-06,7.36890223285362e-06,-8.00497830170841e-06,1.59377077832769e-05,-3.04574908900307e-05,-6.82827294171221e-07,4.58874835184079e-06,-3.10189085594913e-06,-1.08702066779247e-05,1.79099167434984e-05,-4.61441089903803e-06,0.00780785132226112,-0.00116880690692246,0.0043725306517138,-0.00462869214245422,0.00400208163763406,-0.000516355797526982,0.0002196196802756,-0.000617789112671184,-0.000203303269942098,0.000135900475109802,-5.50117362348832e-05,-6.77036262703581e-05,-7.91665522549125e-05,-0.000560340831977825,0.000709285481979279,0.000394173300077419,-0.000401460313589915,4.46362217256674e-07,-6.31167395775788e-08,7.92800804368864e-07,8.20193229547028e-07,-3.39401975669428e-07,1.10314285043347e-07,1.5316244143441e-07,1.64283176612436e-07,3.9420360075287e-07,1.07343114180686e-06,0.0002627778509036,0.00246067936466053,-0.000634312453675363,7.13109452896069e-05,-0.000257352245409377,0.000333864814156077,-0.000116752177220084,0.00362157270090153,0.00213430462295916,0.000530205453385052,1.70707243056441e-06,0.0145518937870285,0.000209907961492337,0.000608744302577193,0.00771137290083475,0.000135769478361185,-9.14569631032933e-05,-4.48184030749095e-05
"north_west","mu_D_2",-1.63736984067709e-05,0.000137182208518038,-0.000205581054665367,4.25046303471996e-05,-5.83945391701578e-06,-2.29290069177941e-06,1.26497326498568e-06,-2.16598080438987e-06,-1.04034300050641e-06,5.11363275731935e-06,-4.34696009988541e-06,1.89365608168988e-06,-2.60681131803823e-07,5.24898846489665e-06,-9.76345970332489e-07,-8.24169467286652e-06,2.05488378691147e-06,-1.38980054716829e-06,2.4402992567915e-06,-1.19900138667527e-06,2.97714569142952e-06,-1.96039268164055e-06,-2.26960213129394e-07,2.32906816906821e-06,-4.66731650036158e-06,2.35925947736071e-06,1.53645665581063e-07,-1.59669932604099e-06,1.55699143279058e-06,1.60744978737722e-07,-3.4154522923026e-06,8.34796284284162e-06,-1.10066527404251e-05,2.17420999137081e-05,-1.0284399060514e-06,1.2486159409581e-06,-1.33441477294429e-06,6.48419182199433e-06,-5.82728891332513e-06,-1.0829845870582e-06,-0.00116880690692246,0.00272804216893702,-0.00237298346091642,0.00156966195968868,-0.0013857360852,0.000492790315100205,-5.39144289821718e-05,0.000339290032211955,1.90635471990131e-05,-4.58337385072023e-05,-7.59880799682212e-07,-1.34896538641798e-05,7.6886786493895e-07,0.000265582257758329,-0.000706389574899125,-0.000206305151069605,0.000227498458833293,-3.60647119236375e-07,2.28434711355542e-07,-4.49874884777528e-07,-3.43179592621029e-07,-3.04891139457372e-07,-1.71113188295553e-07,-1.61337493668958e-07,-1.62117672500307e-07,-1.65555679502653e-07,-1.09737942711713e-06,8.33070288402286e-05,-0.000693533406075781,0.000289712117654554,-0.000197708781415973,0.000123397412427863,6.48219731080851e-06,9.88748815534334e-05,-0.00252689536120735,-0.000184778146891299,-0.000274866199133431,-6.64696895140118e-07,-0.00866823233996243,0.000512301569145548,-0.000977168294188211,-0.0028876696706102,-8.09434125885674e-05,2.46455599465809e-05,-2.96091139406399e-06
"north_west","mu_D_3",0.000114821580458789,-0.000712950261186731,0.00239289846114182,-0.000263340587124298,2.11036909536505e-05,2.89554307978777e-05,-2.01855964465184e-05,2.46116941291694e-05,-4.67588438363876e-06,-2.86977055157463e-05,4.11066666038277e-05,-1.10525639021861e-05,2.54272340971659e-06,-4.33660411130032e-05,1.05264586280007e-05,-3.98992493523531e-05,-2.31115557632559e-05,6.68384662953418e-06,-3.59411447059843e-05,2.69491372695861e-05,-3.69500770798246e-05,1.27658337461085e-05,-1.49520649277766e-05,-2.53244622520263e-05,3.0965730497832e-05,-4.0180210420059e-05,1.21303636583851e-05,9.26989229343506e-06,-3.23199369452178e-05,-8.15094835142471e-06,1.08273355105885e-05,-3.75409307454753e-05,3.81133055144926e-05,-0.000103481168260766,-1.43117775201617e-06,-7.20629850164479e-06,1.53711486815415e-05,-5.84828710011768e-05,7.63487798850202e-05,-2.01990516304598e-05,0.0043725306517138,-0.00237298346091642,0.0204386754680642,-0.0168801944156758,0.0175324341832842,-0.00126502813979405,0.00063782175748884,-0.0030354208143274,-0.000169120379801753,0.000411616129378863,-9.65614514262086e-05,-3.95442739700006e-05,0.000103717917165484,-0.00220606634702076,0.00528010024779635,0.0012903703956474,-0.0016500895910538,2.35386979986887e-06,4.48472056342556e-09,2.30449032546758e-06,1.98504276830162e-06,2.59667572013721e-06,2.05121857312093e-06,7.70501353851836e-07,1.87042206090101e-07,1.42620407785476e-06,4.80092062759658e-06,0.000422944475000848,0.00543296801994459,-0.00178920349666086,-0.000246587104204862,-0.000875597311200543,0.000752768739461041,-0.00100758154035575,0.025596719552322,-5.0179575666965e-05,0.0014556087787879,6.0175266885674e-06,0.068736129319072,0.00525506260964736,0.00585819949984023,0.0102235876353655,0.000590964678616425,9.7262902797722e-05,0.000119316997296785
"north_west","mu_D_4",-6.23818962366898e-05,0.00141417351067889,-0.00250292913811369,0.000268020950059113,5.66243545953449e-06,-3.4401424617188e-05,1.02956485034902e-05,-1.63605981515128e-05,1.55561474515157e-06,4.71877058564134e-05,-7.09142970927192e-05,1.19528721587279e-05,-5.44019872579219e-06,6.7455243833777e-05,-2.09892941625795e-05,-9.55707568753772e-05,2.82519141080704e-05,-1.93432562505058e-05,4.58811529649522e-05,-3.74507300936395e-05,4.32188552849895e-05,-2.32391189523839e-05,1.80879858062369e-05,2.31765077059543e-05,-4.00343776977492e-05,3.5363854184034e-05,-1.1494386907426e-05,-9.64956562445305e-06,3.00812932083406e-05,1.00985813368534e-05,-1.28918127372066e-05,3.58773778187152e-05,-4.54200485277721e-05,0.000152683815468371,1.64853062928992e-06,1.00963316251616e-05,-1.97371064709859e-05,6.08486629850858e-05,-8.09314771061879e-05,2.53811285469242e-05,-0.00462869214245422,0.00156966195968868,-0.0168801944156758,0.0331698871726383,-0.0219259407777729,-0.00116050591403021,0.000341234576218809,0.00344716164102538,0.000390119034561399,-0.000546544669756264,0.000441361412360003,9.62993755168271e-06,-3.53580657296185e-05,0.000431127117182057,-0.00601157587685475,-0.00142027449984619,0.000458702018723035,-2.41401341749449e-06,8.84526823873632e-08,-8.84741311899482e-07,-2.56275242487764e-06,-2.60133553349041e-06,-1.37379245864228e-06,-4.79302572657804e-07,5.42354277737421e-07,-1.71538941336357e-06,-3.59884424307009e-06,-0.00201434342081855,-0.0125331229086059,0.00222057509499859,0.000806577428107415,0.000509087387151976,-0.000346071661978354,0.00051660761165273,-0.0242047839039873,-0.00703982385875456,-0.00223701734394108,-7.88822069689598e-06,-0.0749688198667965,-0.00532558225688447,-0.00374934857202284,-0.00628959473746558,-0.000667977982935897,6.18404870131732e-05,-6.76038921486837e-05
"north_west","mu_D_5",0.00010240802757518,-0.00171285394818201,0.00262840239811103,-0.000307929807101709,2.53171005971858e-05,2.780349479007e-05,-1.01022250243471e-05,2.22450951460514e-05,2.5495055089951e-07,-4.6947002491829e-05,3.37994531850472e-05,-7.58177150590626e-07,9.17563604017736e-06,-4.722801161726e-05,2.26790510189722e-05,0.00010993855080938,-1.04924714651241e-05,1.96394225669735e-05,-3.21256032468867e-05,3.83833171309597e-05,-2.68542353060311e-05,3.29472728587311e-05,-6.16836076342846e-06,1.04917136639631e-06,3.55340282987244e-05,-4.9137679147188e-06,2.17172393160034e-06,1.82695594322611e-05,-6.35375418147966e-06,9.87185795786201e-06,2.73813201750008e-05,-2.72753888183325e-05,5.39562384829906e-05,-9.35064138076176e-05,-1.6003009613699e-07,1.48931823249873e-06,9.27694088978524e-06,-5.8990713803479e-05,7.74499871331341e-05,-1.80465061951689e-05,0.00400208163763406,-0.0013857360852,0.0175324341832842,-0.0219259407777729,0.0289883092912823,0.00189376213064613,-0.00151935987195373,-0.0036105777488948,5.25354957182306e-05,0.000803584138027266,-0.000142286102151839,-0.00019156395505011,-6.78530210958701e-05,-0.000963542272283751,0.00855587483691035,0.00155407674193817,-0.00224770772100185,3.22064242187393e-06,-2.83919654089188e-07,2.50757871694008e-06,3.22361868486921e-06,4.65393342466889e-06,2.14964186731237e-06,1.53600880557788e-06,1.6804320748339e-08,1.87243890610974e-06,4.76773683417317e-06,0.00068183073638321,0.00669012707053022,-0.0013270488419754,-0.00254526797659707,-0.000219087595430894,0.000308113398026292,-0.00113613065976987,0.0394411550043544,-0.00396004095081732,0.00220738446185071,1.00400330360398e-05,0.0351743544048916,0.00448787283059043,0.00374853448252984,0.0161646266618506,0.000301029454406661,-9.41037903114952e-05,-7.31922214149996e-05
"north_west","mu_gamma_H",1.94698119200237e-06,-0.000297295851528788,5.20133806567231e-05,-1.14346035649204e-05,1.62718908253921e-06,8.38721355835879e-07,1.55264665408437e-06,-1.51542208263808e-06,1.58415676176683e-06,-5.58347865160504e-06,1.80137947326219e-06,2.3675010392415e-06,1.74222840741041e-06,-2.61984429901441e-06,-2.07640540264321e-07,2.97164413698511e-05,2.54573473520258e-06,1.77840685683009e-06,-2.97380167627663e-06,1.06492580683729e-06,1.12722390209455e-06,2.22126626925438e-06,-3.84821997693817e-07,2.29694835504877e-06,1.91383986290122e-06,2.48041281289144e-06,-7.09217918128311e-07,8.00290307154563e-07,4.51699690621817e-07,2.92694601345183e-06,1.23654306380731e-06,7.99115096985943e-08,7.38721264975151e-07,-3.61390268111462e-06,-1.56777838542275e-06,5.50146432264466e-06,-4.70761857421789e-06,2.72714996173861e-06,-2.27308682119771e-06,1.56002926274638e-06,-0.000516355797526982,0.000492790315100205,-0.00126502813979405,-0.00116050591403021,0.00189376213064613,0.00393565170544099,-0.00113071307106522,9.31751216474228e-06,2.81241179598982e-05,0.000112700022494935,-1.70390727654144e-05,-0.000100025102442566,-3.72814894440551e-05,0.000281366784604338,0.00107195548196779,0.000122996360306985,-0.0003510306839813,1.19539232781128e-07,1.02524922690536e-07,-6.35812293091261e-08,3.44908214207379e-07,3.27251406633006e-07,-4.39922080796266e-08,6.37641502117878e-08,-1.23476851301423e-07,8.35044014866017e-08,-3.65009722623844e-07,-4.81732693922495e-06,0.000499785280751904,-1.15760271609894e-05,-0.000224380387596217,0.000221043389454301,-0.000113475331284448,0.000118542773513421,0.004624748339115,-0.00161411558313304,-7.43866109058344e-05,8.39769499001854e-07,-0.00484533922282242,0.000428555003058831,-0.00127125422213638,0.000964571237545161,-3.88075084560584e-05,8.42382949728399e-06,-4.12515796027739e-05
"north_west","mu_gamma_H_2",-1.17974979094717e-05,0.000318329425607301,-0.000213925995989798,3.49278255973848e-05,3.00055933954013e-06,-1.58635302286148e-06,-1.92989463566676e-07,-5.30410628680875e-07,-1.48729179776343e-06,6.25248859553063e-06,3.08619163639494e-06,-1.68632954992755e-06,-1.60249334974386e-06,1.57075583872056e-06,9.3295159391577e-07,-5.33612297522764e-05,-3.4835874738542e-06,-9.93305180859384e-08,-2.41564492172871e-07,4.13347712649444e-08,-1.34591703527571e-07,-2.97415198328677e-06,-3.98590977242914e-07,-1.38990996426012e-06,-2.67549851073388e-07,-1.40295846577302e-06,2.50988533595885e-06,-5.97943009930417e-07,-1.64800949607203e-06,-1.23494597076687e-06,-3.06333997675731e-06,1.38659790894837e-06,-2.84258481956093e-06,-2.66433480436518e-06,-1.30256850026914e-07,-3.05187512334659e-06,2.8357749299346e-06,3.66241206706371e-06,-6.52673745943543e-06,1.34105641318168e-06,0.0002196196802756,-5.39144289821718e-05,0.00063782175748884,0.000341234576218809,-0.00151935987195373,-0.00113071307106522,0.00110675515023462,0.000155833226175648,-6.84620090313111e-05,-0.000147943196986304,-1.2875372225795e-05,4.86118443548216e-05,3.51180574964861e-05,-7.38900923221266e-05,-0.00132657818395906,-0.000130345010399161,0.000801876677690268,-9.95034513849973e-08,1.04606319774224e-07,-7.19040517501237e-08,-1.37536849609655e-07,-8.86974590661621e-08,-2.12195657993255e-07,-7.29563170654315e-08,1.29809940900036e-07,-5.41675911221559e-08,1.98649700580179e-07,3.06703532651764e-05,0.000246952300037968,-4.81132663461758e-05,6.0414807606291e-05,-0.000316757789078874,0.000175447775203698,0.000123532720756311,-0.00553015268765578,0.00185728037730461,-3.67781685432321e-05,-1.15509809334062e-06,0.00478069336062714,0.00033798349825454,0.000374605451941109,-0.000727264795129261,3.76499314603382e-05,2.32795792916303e-06,1.741539402808e-05
"north_west","mu_gamma_H_3",-2.20922941252322e-05,0.00027821177386395,-0.000524449674363131,5.70269746829135e-05,-2.68027285818434e-06,-4.28830855122928e-06,3.1674664784956e-06,-4.92742693317311e-06,6.11864077113064e-07,8.30756026329361e-06,-6.26953673943159e-06,1.19386716363103e-06,-1.09504998258222e-06,8.46450697012154e-06,-3.43202234399178e-06,-1.79958394107505e-05,3.63643819747545e-06,-2.36721289905447e-06,6.61597628135371e-06,-4.30055960792138e-06,5.74786619396052e-06,-4.0004496598092e-06,1.75364834584574e-06,3.31969284845881e-06,-5.94849540338332e-06,4.15079810963787e-06,-8.13952468175331e-07,-1.34190365408788e-06,3.79585477723126e-06,-6.35483539452299e-07,-2.90856849279373e-06,5.52596908169514e-06,-7.79099035756939e-06,1.45162049636055e-05,6.82528120011907e-08,8.57690049523065e-07,-2.60254608094595e-06,1.15435264694255e-05,-1.38980823652089e-05,2.0872570355859e-06,-0.000617789112671184,0.000339290032211955,-0.0030354208143274,0.00344716164102538,-0.0036105777488948,9.31751216474228e-06,0.000155833226175648,0.000849353793149838,-3.65579929058399e-06,-0.000128902650293816,1.90972724512858e-05,2.85791049368798e-06,7.31314480508321e-06,0.000270975045597726,-0.00150918681103668,-0.000253455776637319,0.000560324548931834,-4.31823207847126e-07,8.98173388978764e-08,-4.5832930158469e-07,-4.44507448316788e-07,-7.64155318349857e-07,-4.08724523433469e-07,-1.81409886353389e-07,4.62642304876617e-08,-3.3771610522968e-07,-7.29704172522077e-07,-8.09940289143388e-05,-0.00102815326181183,0.000289732507192518,0.000123497898331937,8.81212223295822e-05,-0.000108860361132859,0.000208333391066187,-0.00699169309690295,0.000607450859974667,-0.000292549305574133,-1.50441382003513e-06,-0.0095960433197452,-0.000668405045791008,-0.00076263629146676,-0.0024554510316262,-8.02438624197779e-05,-6.34863622778399e-06,7.43758572306552e-07
"north_west","mu_gamma_H_4",-2.97234701892929e-06,-1.90443952136317e-07,-1.30142369100176e-05,-1.11666838210114e-06,8.03399266198944e-07,-3.79857471818479e-08,-8.23726542973951e-07,3.9430341899074e-07,4.40364688382821e-08,-3.09802249808529e-07,-2.49796058611715e-06,4.63003849601584e-07,-1.29929067681043e-07,9.27461432638252e-07,-1.62649769980708e-07,2.56445566200869e-06,5.21719962680169e-07,-3.40468413865591e-07,5.98827374932469e-07,-1.04620466297701e-06,6.86768051511658e-07,-2.74970850560141e-07,2.74760033840943e-07,7.75672386112734e-07,-1.7963645699977e-06,1.28799780156006e-06,-2.8818315391388e-07,-7.2121232111639e-07,5.83790302999866e-07,6.5199618388869e-07,2.4412879871312e-07,-1.93495993854577e-07,1.18594763273138e-07,2.13558992469706e-06,-1.04504377037903e-07,1.95911213764916e-07,1.3805749665546e-07,-2.32908362117855e-07,5.35214786654648e-08,-1.41205624044514e-07,-0.000203303269942098,1.90635471990131e-05,-0.000169120379801753,0.000390119034561399,5.25354957182306e-05,2.81241179598982e-05,-6.84620090313111e-05,-3.65579929058399e-06,9.29104241136463e-05,-2.04222597915331e-06,8.43955212230368e-06,2.59384392486189e-06,-4.31849472310585e-06,3.95936870190427e-05,9.45792322260248e-05,-9.54539539077856e-06,-4.11685826486434e-05,-3.71408788032111e-08,-1.6352964640882e-08,-2.59667730121634e-08,-3.59300295666008e-08,8.0530405741545e-08,-9.73953479128927e-09,-7.0485314854864e-10,-3.02380044808639e-08,-3.74047936463985e-08,-9.30226039080996e-08,-1.24819584606118e-05,-0.000275967113990465,7.4428985806145e-05,-2.22405187426023e-05,2.95726114460484e-05,-5.14505525456117e-05,-2.20225798036351e-06,0.000686434778008564,-0.000722399393913768,-7.04260955833654e-06,2.60320020632101e-07,-0.00170171190241547,8.8254147342189e-05,-0.00022383937875398,0.000418650853978269,-1.55455895736615e-05,4.61657163546823e-06,-9.17645871656784e-06
"north_west","p_G_D",7.16096391505829e-06,-0.000155796728092984,0.000107029191861952,-1.40204657764254e-05,2.36277591278844e-07,1.02742062893378e-06,-5.18872084304792e-07,1.16257687591895e-06,-2.50807038234123e-07,-1.68388448408825e-06,2.267625537003e-07,1.28493604132441e-07,1.97972560217776e-07,-1.20369039930538e-06,-9.55106355782978e-08,9.02774741606873e-06,9.31345525074741e-10,1.29344073172565e-07,-5.53485023446169e-07,2.20531163682888e-07,-1.38826935194952e-06,1.32282878760852e-06,-8.07090894290505e-07,-3.68307619007484e-07,6.27885374087485e-07,-1.05411432140432e-06,-3.54539016884232e-07,2.51331422112726e-07,-9.35878641159853e-07,3.95994943238588e-07,7.22552214803736e-07,-1.09805169264897e-06,1.65224736654841e-06,-1.91282800962134e-06,-6.61101477610845e-08,7.39177874269679e-07,-5.00606712474136e-07,-1.96444609327017e-06,2.7094311001971e-06,-6.74197634545285e-07,0.000135900475109802,-4.58337385072023e-05,0.000411616129378863,-0.000546544669756264,0.000803584138027266,0.000112700022494935,-0.000147943196986304,-0.000128902650293816,-2.04222597915331e-06,9.71556335092009e-05,-4.01185142696603e-06,-4.47773468474053e-06,8.39320180616266e-07,-3.46427934608684e-05,0.000471628792823663,7.03116539623722e-05,-0.000217716305840828,7.1686758249907e-08,-4.34396934995228e-08,5.51405153860787e-08,8.24352464362645e-08,3.9378293800412e-08,9.61179425713889e-08,2.04304819383181e-08,1.17842886726299e-09,3.58413424031668e-08,1.03823929669647e-07,8.25469743458327e-06,0.000213894190082767,-6.06698632936628e-05,-7.65048120568179e-06,-1.26841939005218e-05,3.91000876556187e-05,-8.00912173014869e-05,0.0018457543567177,-0.000203166450526235,4.13333228819093e-05,3.24204833331985e-07,0.00134371911107435,1.89934664195814e-06,0.000163099428206692,0.000456349503732217,1.09652612685288e-05,2.13411421703896e-06,2.49377039617834e-06
"north_west","p_G_D_2",2.26527396877539e-07,5.44668744937435e-06,-2.55452078820224e-05,1.57402293032197e-06,4.19615375281368e-07,-4.17314867049052e-07,-1.43123696326915e-08,-4.96907100373632e-08,1.29778515427099e-07,2.29677730310476e-07,-1.1470903901053e-06,1.77415442373957e-07,-3.84743277833947e-08,6.42925699179617e-07,-2.21453585202116e-07,-1.8715564466541e-07,3.20405691641906e-07,-2.05251551363345e-07,2.53276834541815e-07,-2.05988419247104e-07,3.14071116500204e-07,-6.25933567691018e-08,1.79459075262006e-07,2.18395603832478e-07,-4.61274577333379e-07,6.62294455469424e-07,-2.47882348579209e-07,-2.83034570753799e-07,5.20318380660175e-07,-2.48456294196066e-09,2.93984007600904e-08,1.05363090827066e-07,-2.60434414818117e-07,1.40790710688417e-06,5.19151161080426e-08,1.5421767659656e-07,-1.43162545595762e-07,4.65109390654547e-07,-8.6875930724893e-07,4.27332303127669e-07,-5.50117362348832e-05,-7.59880799682212e-07,-9.65614514262086e-05,0.000441361412360003,-0.000142286102151839,-1.70390727654144e-05,-1.2875372225795e-05,1.90972724512858e-05,8.43955212230368e-06,-4.01185142696603e-06,2.01977660921795e-05,1.1311170089071e-08,-5.60791950252349e-06,3.8630424977102e-06,-5.61403893481389e-06,-1.13547310986064e-05,-3.48195559127417e-05,-1.7856395353875e-08,-9.3662442146333e-09,1.09982811661769e-08,-2.09405740779895e-08,4.13241152339422e-08,9.77694368124526e-09,3.48333414782732e-09,3.82293428202665e-09,-6.84941019843647e-09,-4.1451924391468e-08,-3.50377668627533e-05,-0.000362919361868851,2.9624319357847e-05,-8.36363526955135e-06,7.25437019565005e-06,-5.4427410138641e-06,2.89272341971023e-06,2.75012920817796e-05,-0.000192189622436879,-3.51684420307058e-05,-9.72489440173805e-09,-0.000797076061260792,-3.5441517832215e-05,5.84233226650939e-05,8.94176366051286e-05,-7.57111282384767e-06,2.4584936461812e-06,1.46839963792682e-08
"north_west","p_H",-3.26097675382428e-06,1.12949800431523e-05,-5.41194008343807e-06,1.6489027352217e-06,-8.30370502986512e-07,-4.29046331595668e-07,-8.86513830399312e-07,1.53043983892102e-08,-9.28987011013362e-07,-1.97940949548018e-07,-3.25695771839706e-07,-4.20759461773323e-07,-4.43400046400001e-07,-3.65466219702118e-07,-4.94158759526296e-07,-2.93284371751923e-06,-7.47121778554774e-07,-2.36450436697591e-07,-8.46231000024513e-07,-6.32232123496458e-07,-5.72440661249761e-07,-1.05976274695517e-06,-5.91112475916822e-07,-1.63976324198697e-06,-9.64286168461223e-07,-1.22150081098612e-06,5.04885542874615e-08,-1.49227595857416e-06,-1.08335169620044e-06,-1.56068118294086e-06,-5.58012509422341e-07,-1.24165170647595e-06,-5.59556255155234e-07,-2.53381541053302e-06,-2.11375569344347e-07,-4.59906757159224e-07,1.41673449562103e-07,-3.86768964346683e-07,-5.2603849447013e-07,-1.42439660715088e-07,-6.77036262703581e-05,-1.34896538641798e-05,-3.95442739700006e-05,9.62993755168271e-06,-0.00019156395505011,-0.000100025102442566,4.86118443548216e-05,2.85791049368798e-06,2.59384392486189e-06,-4.47773468474053e-06,1.1311170089071e-08,6.51890116921006e-05,1.06705830342521e-05,4.82287346861537e-06,-4.60053007007975e-05,-2.01172005442695e-05,5.58239068237006e-05,-9.28672478803368e-08,-1.27102826467477e-07,-1.58402529434926e-07,-1.26924920437987e-07,-2.57886178854634e-07,-3.95639438904692e-08,-8.16626519883552e-08,-4.69579208679238e-08,-6.45501144827535e-08,-2.00497199841803e-07,-1.05392901720397e-05,1.16802930847427e-05,5.26076419373426e-06,1.42411766225899e-05,-8.75531024439991e-05,5.97242274058319e-06,5.23932668002824e-05,-0.000212929612523642,0.000134761497901161,2.93006976037206e-06,-5.95628843697376e-08,0.000297670565446599,6.83479602416801e-05,0.000133173667723189,-4.52327693951003e-05,-2.41383368248099e-06,3.62934036128509e-06,2.32327018640679e-05
"north_west","p_H_2",1.27269338883397e-06,-8.91240025085427e-06,2.39908707678096e-05,-2.22156519901097e-06,-1.09678223342174e-06,7.49098074140207e-07,-9.13561574080519e-07,6.85158072879863e-07,-4.55442033320375e-07,-2.27749165624966e-07,1.18521270831912e-06,-3.46152293941734e-07,-1.71285512361435e-07,-5.64438890127521e-07,-6.72676360610006e-07,6.37156454329075e-07,-7.21797740367802e-08,-3.38131287965532e-07,-2.52928739974989e-07,-2.25969952735732e-07,-4.25607816226275e-07,-6.26617198300449e-07,1.27149701695544e-07,-1.17496698476568e-06,2.98513836952442e-07,-9.67216471328841e-07,4.12775652180756e-07,-1.14898572533324e-06,-4.19930208033949e-07,-5.9419592707499e-07,-1.71771744145276e-07,-6.60286726137082e-09,-7.61040960223745e-07,5.04593418031021e-07,-3.50171536922773e-07,6.63677234115744e-08,2.95315884243618e-07,-5.41388535189856e-07,8.55484858936066e-07,-7.8123264315229e-07,-7.91665522549125e-05,7.6886786493895e-07,0.000103717917165484,-3.53580657296185e-05,-6.78530210958701e-05,-3.72814894440551e-05,3.51180574964861e-05,7.31314480508321e-06,-4.31849472310585e-06,8.39320180616266e-07,-5.60791950252349e-06,1.06705830342521e-05,0.000153777428373638,-4.87126229942335e-05,-5.58593899070168e-06,1.19005020357563e-05,2.71311872346184e-05,1.00536252931659e-08,1.50048695224524e-08,1.23954125743704e-08,-4.23859390494362e-08,-7.97158973034184e-08,7.78804746510202e-09,-1.85510317763333e-08,-1.05911104873246e-08,-3.02514735100164e-08,-6.73099450536278e-08,1.78021016958261e-05,0.000109528946440424,-2.18894290825759e-05,2.01160332491667e-05,-3.7011051882308e-05,-6.38139582262379e-07,-0.000121627630638642,-0.00011273136985807,0.00014185727213713,2.01898258370089e-07,-2.35265007974541e-07,0.00157985408157565,1.67397408679533e-05,8.27117238627651e-05,-0.000307804441491735,1.37827266256744e-05,1.68315034311251e-06,3.00305695149252e-06
"north_west","p_H_D",-2.1853609238916e-05,2.41308428981365e-05,-0.000335944302230699,2.91591393778687e-05,-5.2423666982618e-06,-2.08708050632701e-06,2.02073850480495e-06,-3.48385319570695e-06,1.2916811239649e-06,1.3696295558871e-06,-1.33930045929245e-06,9.46421262538263e-07,-4.7827502415651e-07,2.98409251930012e-06,-4.4493603589536e-07,9.5723840456664e-06,2.73394238408786e-06,-7.38957197785989e-07,1.54649364042297e-06,8.46374807538256e-07,1.96819961590295e-06,3.30687660169417e-07,-4.43999923600576e-08,4.77515145492787e-06,-3.97079182974235e-06,4.17807748319311e-06,-1.82035365265418e-06,-8.42583162197843e-07,3.53606805636782e-06,-5.13304250773568e-07,5.73700449250962e-07,1.57158514693336e-06,-3.99882316779998e-06,8.13470271981123e-06,8.89249654482733e-07,4.17276812928806e-07,-2.59080787198633e-06,7.14310533711677e-06,-9.85486679493265e-06,2.26236697629243e-06,-0.000560340831977825,0.000265582257758329,-0.00220606634702076,0.000431127117182057,-0.000963542272283751,0.000281366784604338,-7.38900923221266e-05,0.000270975045597726,3.95936870190427e-05,-3.46427934608684e-05,3.8630424977102e-06,4.82287346861537e-06,-4.87126229942335e-05,0.00107274286922462,-0.00041396898768147,-0.000122421423350699,0.000321971815314288,-1.58077602947402e-07,8.70192130235549e-08,-2.86471601442532e-07,-1.06487767253828e-07,-3.38775984536523e-07,-3.22680013144513e-07,-2.48674924018537e-08,-3.54639983132773e-08,-1.78604498248726e-07,-7.33621868210198e-07,3.73656067069871e-05,-0.000417515798040494,0.000277142148156894,-0.000204660138210772,0.000108935392738364,-9.38919864341566e-05,0.000187308709635673,-0.00241386439290365,0.000233079517492031,0.000102590115025809,-5.17624516244651e-08,-0.00518298815410519,0.00013554568608799,-0.000755498221728973,-0.00191184429961836,-4.14076288293993e-05,-1.91820917765122e-05,-2.15786999340106e-05
"north_west","p_ICU",5.18244968631654e-05,-0.000986469572018118,0.00128164798772651,-0.00015164074631785,-1.74153008624759e-06,8.70645662652794e-06,-4.14618918062747e-06,8.26607095797937e-06,1.63504548083171e-06,-2.3381801230683e-05,6.37786985490477e-06,7.27632753826889e-08,2.68903855125566e-06,-1.64015130551587e-05,3.07966617813266e-06,0.000105337882244105,-1.93774454260202e-06,4.05289027600589e-06,-1.17891914461596e-05,5.66126425781604e-06,-1.07007009844994e-05,1.04855228456773e-05,-4.28784775626015e-06,-3.92416607877096e-06,1.01895130014243e-05,-9.02530132901771e-06,-1.33480474661745e-06,3.16166879464045e-06,-6.07400363257457e-06,1.50316277043317e-06,1.05722230190542e-05,-1.62181771620341e-05,1.91417878919608e-05,-2.23248517068654e-05,-1.33702139262237e-06,3.96041533763927e-06,-1.88249443919817e-07,-2.49211008964458e-05,3.23533675447199e-05,-5.82615349078042e-06,0.000709285481979279,-0.000706389574899125,0.00528010024779635,-0.00601157587685475,0.00855587483691035,0.00107195548196779,-0.00132657818395906,-0.00150918681103668,9.45792322260248e-05,0.000471628792823663,-5.61403893481389e-06,-4.60053007007975e-05,-5.58593899070168e-06,-0.00041396898768147,0.00517307260196823,0.000633634873743689,-0.00207686554080573,8.95269935163162e-07,-1.75986052565885e-07,9.08153228601106e-07,8.72688345741657e-07,1.75199901132375e-06,1.00508890767078e-06,3.2117906192844e-07,-9.24501945214843e-08,5.508599109584e-07,1.04473693113897e-06,9.97715418827511e-05,0.00176593145560142,-0.000643735701781544,-0.000166983323764996,-5.66222563663307e-05,0.000168201289826451,-0.000606651653577322,0.0211011877189614,-0.00383995040873075,0.000482483759434735,4.15029141926397e-06,0.0135010652101039,0.000543627482416658,0.00135397716365547,0.00502103791973883,0.000116229764081028,6.12095137357365e-06,-4.25082042682441e-07
"north_west","p_ICU_2",1.32230014771976e-05,-0.000131854525009948,0.000178627114211524,-2.65530887592865e-05,1.41467800592475e-06,2.27469372247148e-06,-6.53644355328186e-07,1.53516636557537e-06,5.00904510114881e-07,-3.69217554194903e-06,2.95970398801258e-06,-4.02902594304706e-07,5.3704919040239e-07,-3.47193344658192e-06,5.81413538877469e-07,9.5796800788431e-06,-6.75542408038546e-07,7.11800072756438e-07,-2.44289664599014e-06,1.91434485241956e-06,-2.62256827814016e-06,2.22781809115569e-06,-9.12391330220891e-07,-1.13413460364737e-06,2.81928149707764e-06,-1.90455667341168e-06,5.31141281823688e-07,1.01851610280136e-06,-1.41733353190334e-06,2.21559060057287e-07,1.92071178208611e-06,-2.55902217632542e-06,3.55235985332953e-06,-6.08919230434378e-06,-3.18596319611004e-07,6.21186934101425e-07,-7.83227881028825e-08,-4.20825215262172e-06,5.97356551040566e-06,-1.16898047314044e-06,0.000394173300077419,-0.000206305151069605,0.0012903703956474,-0.00142027449984619,0.00155407674193817,0.000122996360306985,-0.000130345010399161,-0.000253455776637319,-9.54539539077856e-06,7.03116539623722e-05,-1.13547310986064e-05,-2.01172005442695e-05,1.19005020357563e-05,-0.000122421423350699,0.000633634873743689,0.000164911023136793,-0.000231451179427377,2.05656134122443e-07,-1.06571097591035e-08,2.50217293627186e-07,2.32710523590202e-07,2.05050632750717e-07,1.73732888721341e-07,5.08716031149682e-08,-7.58850016068615e-09,1.40177537209367e-07,3.41908153049084e-07,4.73612941547216e-05,0.000495002190078223,-0.00014800048256946,3.46893662480113e-06,-3.53269239644199e-05,4.39192015324112e-05,-0.000104426039142708,0.00249801247656393,-4.61908875234698e-05,0.000135231151476844,7.2259647532401e-07,0.00455054545197064,0.000136996931557094,0.000190629391432034,0.00105780443636051,4.014378729726e-05,4.6645780297916e-07,-9.4191080112207e-06
"north_west","p_ICU_D",-3.86372080597565e-05,0.000466447901817168,-0.000429062030879633,7.37429629231392e-05,8.66353606546526e-06,-4.06352320695759e-06,2.85669662435662e-06,-3.94350346182788e-06,-4.61763780303914e-07,7.86662929719261e-06,2.32210081793796e-06,-4.86862673286001e-08,-1.79502975108943e-06,4.18589621952466e-06,1.1522397753314e-06,-7.13850963647368e-05,-1.09416044887649e-06,4.60164973828351e-07,3.34411585231193e-06,-1.14783444123105e-06,4.48160525444383e-06,-3.67971181731254e-06,1.9432858674762e-06,2.6849281115682e-06,-3.49484765221108e-06,7.88134743793082e-06,2.38583704030453e-06,-1.81129213035124e-06,3.80470543815515e-06,5.13341179188732e-07,-1.87023770774265e-06,6.18981643664302e-06,-5.54575737959608e-06,1.60731508305671e-06,-6.28517991880852e-07,-1.51889478600558e-06,-1.32922977367511e-07,1.30112811083893e-05,-1.73867178777852e-05,4.01139701853008e-06,-0.000401460313589915,0.000227498458833293,-0.0016500895910538,0.000458702018723035,-0.00224770772100185,-0.0003510306839813,0.000801876677690268,0.000560324548931834,-4.11685826486434e-05,-0.000217716305840828,-3.48195559127417e-05,5.58239068237006e-05,2.71311872346184e-05,0.000321971815314288,-0.00207686554080573,-0.000231451179427377,0.00202539659253196,-3.034829708642e-07,1.76995417102152e-07,-4.34956593557539e-07,-1.72949797700231e-07,-2.28390330759031e-07,-5.35060097146713e-07,-1.13212466844826e-07,6.3380914898168e-08,-8.44755666596482e-08,-3.88059134893108e-07,8.50561401315502e-05,-4.25081101790311e-05,0.000206906192643933,-3.69596221094499e-05,-6.59230374059498e-05,-0.000108379745120922,0.00033666488969119,-0.0088859035798691,0.00223632485379345,-5.4497818300002e-05,-1.4348825770413e-06,-0.00249689786406731,0.000120471690676277,-0.00137678762648816,-0.000163775951437213,-2.41671617928063e-05,-2.28763307763229e-05,-4.84008222764092e-05
"north_west","p_NC_15_24",1.76674463129722e-08,-2.31337369535041e-07,2.95463413454152e-07,-4.15431467165548e-08,2.87771384416629e-09,3.22145453787221e-09,4.9843465741478e-10,2.99643057983303e-09,2.11839408982539e-09,-5.76519824567597e-09,7.60775468497333e-09,-2.26833640932546e-10,1.97083645893291e-09,-6.35298973905568e-09,4.81278337734884e-09,7.73081738371918e-09,-7.03979208452686e-10,2.7843666180527e-09,-2.31407204693422e-09,8.32698453615683e-09,-2.12685262592657e-09,6.44810230066085e-09,3.11458702142792e-09,2.91399260920782e-09,8.16772243830441e-09,5.08086449850313e-09,1.07278508588417e-09,7.37203728409695e-09,3.98061364538265e-09,6.07764542656647e-09,4.36107106447818e-09,-7.56746066714734e-10,1.11795006545529e-08,-8.10039418508207e-09,4.85580181837469e-11,1.20276311660467e-09,-4.01336155229116e-11,-6.99906177286852e-09,1.15032702681331e-08,-1.74844153230704e-09,4.46362217256674e-07,-3.60647119236375e-07,2.35386979986887e-06,-2.41401341749449e-06,3.22064242187393e-06,1.19539232781128e-07,-9.95034513849973e-08,-4.31823207847126e-07,-3.71408788032111e-08,7.1686758249907e-08,-1.7856395353875e-08,-9.28672478803368e-08,1.00536252931659e-08,-1.58077602947402e-07,8.95269935163162e-07,2.05656134122443e-07,-3.034829708642e-07,1.63060125143136e-09,5.47314899373843e-10,1.15518982976778e-09,8.2621217930694e-10,1.5785955462168e-09,6.3863779034234e-10,6.24398877192232e-10,3.79738558982771e-10,5.97166509912732e-10,1.31429728263044e-09,-3.39301136061279e-08,1.00868876655979e-06,-2.76262979406582e-07,-1.47648610434589e-07,-2.149235537522e-07,1.05285630825617e-07,-1.80934108296646e-07,4.66772542185503e-06,-2.11907803976888e-07,3.31023137087491e-07,1.16900786587925e-09,7.32667784826077e-06,-2.79528746114162e-07,7.6455103664484e-07,1.58219591490072e-06,7.93062821446866e-08,-2.92115915604259e-08,-8.0959712846737e-08
"north_west","p_NC_25_49",6.35284877837907e-09,2.39203651070764e-08,-1.29026313701995e-07,6.49216368755632e-09,-8.72319256066506e-09,4.68020025501312e-09,-1.65842868414317e-09,-1.30509447103282e-09,3.22233393466789e-09,2.86528584185909e-09,4.05290942529686e-09,1.11610893662494e-09,1.68387443891493e-09,3.63655808590899e-09,-3.33822917279584e-10,4.02710194469838e-08,2.76041009867929e-09,-1.66200880973682e-09,4.38210260871875e-09,1.28557058725412e-09,2.39454825976381e-09,1.50166932303157e-09,2.57497447835215e-09,4.95918958611444e-09,1.78990295000252e-09,4.28015883981458e-10,1.3459413272598e-10,7.03618486447326e-09,4.49254186045672e-09,-5.13334420599955e-10,1.90648448160205e-09,-8.3379413937756e-10,4.44718974350527e-09,1.09370791400382e-09,1.89699604311359e-11,1.94232955689601e-09,-1.6296386634269e-09,1.89863515936834e-09,1.97817465788733e-09,-4.12550256250314e-09,-6.31167395775788e-08,2.28434711355542e-07,4.48472056342556e-09,8.84526823873632e-08,-2.83919654089188e-07,1.02524922690536e-07,1.04606319774224e-07,8.98173388978764e-08,-1.6352964640882e-08,-4.34396934995228e-08,-9.3662442146333e-09,-1.27102826467477e-07,1.50048695224524e-08,8.70192130235549e-08,-1.75986052565885e-07,-1.06571097591035e-08,1.76995417102152e-07,5.47314899373843e-10,2.82336522717801e-09,7.96118561274183e-10,3.95270583075117e-10,6.11209505234753e-10,7.4803094645909e-11,2.15895314126159e-10,3.40384853560934e-10,1.08673557046662e-10,2.4576476159044e-10,1.93172784247619e-07,-9.8753751673186e-08,2.35954715465715e-08,6.29310972571792e-08,-1.02260409291748e-07,1.36366885534597e-07,-1.13704421953378e-07,-1.28464488421128e-06,-2.57764449901436e-07,-1.83718160017e-07,1.93505742902135e-10,-1.90711196189452e-06,-1.55282302668138e-07,7.65957458921821e-07,-1.83849952832758e-06,-5.334554481263e-09,4.56210572139407e-08,-3.31530743720329e-08
"north_west","p_NC_50_64",3.09965753755106e-08,-1.26593050649064e-07,3.4115879535454e-07,-4.03115729222405e-08,3.98492469067572e-09,1.27911443701916e-09,7.92769256102051e-10,5.18943830649745e-09,2.56744419196768e-09,-4.99656543147967e-09,8.4364937094174e-09,-1.51661193814562e-11,2.34626539643841e-09,-3.47085585533467e-09,3.79606387450242e-09,1.93912820736481e-08,1.63814318442846e-09,1.73734772537418e-09,1.22237819535001e-09,8.62634362820467e-09,-1.45963830480438e-09,9.313131769635e-09,2.54739646870947e-09,7.54450336447367e-09,1.21068003943438e-08,5.15802541305313e-09,1.74156358727731e-10,1.20367400346111e-08,6.10110523106084e-09,8.59621422288634e-09,6.40447806214835e-09,2.94166666113205e-09,1.06352931255338e-08,-1.44546908110834e-09,3.01091808885269e-10,1.24985536735077e-09,9.28682982242067e-10,-5.90109130893612e-09,9.69413609686415e-09,1.29000784194207e-09,7.92800804368864e-07,-4.49874884777528e-07,2.30449032546758e-06,-8.84741311899482e-07,2.50757871694008e-06,-6.35812293091261e-08,-7.19040517501237e-08,-4.5832930158469e-07,-2.59667730121634e-08,5.51405153860787e-08,1.09982811661769e-08,-1.58402529434926e-07,1.23954125743704e-08,-2.86471601442532e-07,9.08153228601106e-07,2.50217293627186e-07,-4.34956593557539e-07,1.15518982976778e-09,7.96118561274183e-10,3.22871020673312e-09,9.86666811214121e-10,1.93016198161671e-09,8.47190635493292e-10,7.81049896864899e-10,6.33685069043103e-10,7.2295380872617e-10,1.51753996661765e-09,-1.80663926585008e-07,4.3056720314664e-07,-3.6537127325699e-07,1.890075218988e-07,-2.57008178391932e-07,1.54963151339565e-07,-2.49632622243985e-07,4.42424248540811e-06,-5.52732180572228e-07,3.57386556085883e-07,6.20851913245184e-10,8.08259245992874e-06,-8.95816949831654e-07,5.33285209875679e-07,1.92057362283674e-06,8.57586252026952e-08,-2.96449386825011e-08,-1.30208912087586e-07
"north_west","p_NC_65_79",1.20963311559576e-08,-2.02098838773242e-07,2.88209750642566e-07,-3.49920136568234e-08,6.09902296026815e-09,2.13008358311269e-09,1.13157715746416e-09,3.38584566824826e-09,2.02155472869124e-09,-4.32184229051298e-09,6.08852174229451e-09,1.1631278337652e-09,1.52051112684683e-09,-4.88471254828393e-09,5.17081000910774e-09,1.65883789625448e-08,7.29527307387534e-10,4.60708968498087e-09,-1.04702483757946e-09,6.78147518195927e-09,3.61807012501776e-10,7.31173356506512e-09,4.37053697825863e-09,5.86426244584443e-09,9.58308099753188e-09,9.31505954497113e-09,-5.8168687512441e-10,7.48958428328236e-09,7.44596798364059e-09,7.21030956836684e-09,5.70319294200342e-09,2.7288658202369e-09,1.03892656550956e-08,-8.05823376799428e-09,4.01609295204483e-10,1.7170127358524e-09,-1.05645723672679e-09,-2.04551250576467e-09,3.88349415163134e-09,2.82948369043311e-09,8.20193229547028e-07,-3.43179592621029e-07,1.98504276830162e-06,-2.56275242487764e-06,3.22361868486921e-06,3.44908214207379e-07,-1.37536849609655e-07,-4.44507448316788e-07,-3.59300295666008e-08,8.24352464362645e-08,-2.09405740779895e-08,-1.26924920437987e-07,-4.23859390494362e-08,-1.06487767253828e-07,8.72688345741657e-07,2.32710523590202e-07,-1.72949797700231e-07,8.2621217930694e-10,3.95270583075117e-10,9.86666811214121e-10,1.6325242353036e-09,2.10393709489251e-09,6.04833812278565e-10,6.57243009379386e-10,2.61053678829257e-10,6.74931731164268e-10,1.53496761390507e-09,5.01367011020171e-08,9.86288710078821e-07,-1.96118579923454e-07,-3.57934849677854e-07,-6.48267780851576e-08,1.11383281067453e-08,-1.17124389093683e-07,4.29593486976921e-06,-2.84903460731078e-07,2.17833560679279e-07,1.08943699420876e-09,5.63750260491235e-06,-4.27573801324646e-07,3.68290877584079e-07,2.06922001364443e-06,5.71015427513788e-08,-6.00087034027116e-08,-1.08717635348506e-07
"north_west","p_NC_80_plus",1.52466691143231e-08,-2.34358672406254e-07,7.16950331435607e-07,-3.85493081598144e-08,7.90907504237835e-09,-4.14135964948987e-09,1.00114208224805e-08,4.83356397752203e-10,9.15642775806515e-09,-1.00051187400152e-08,7.54233939447959e-09,1.87680020771452e-09,1.76224725277483e-09,-7.94755451778765e-09,1.09825680729462e-08,9.55885264444614e-09,4.95188548248664e-10,9.38905642022029e-09,-4.40144901853283e-09,1.41152828040445e-08,3.71440586301219e-09,1.04334546014187e-08,1.30380577093519e-08,1.16582566747671e-08,1.76570117121327e-08,2.34077665083619e-08,-3.24590925945133e-09,1.15778695413106e-08,1.96739423359934e-08,2.1224720052172e-08,1.01818408611085e-08,1.49407381046665e-08,9.46016694296238e-09,1.91885128847707e-08,3.37454757997476e-10,3.6820316435902e-09,-1.93281118688352e-09,2.29777222418701e-09,4.0980098768613e-10,7.38902660944919e-09,-3.39401975669428e-07,-3.04891139457372e-07,2.59667572013721e-06,-2.60133553349041e-06,4.65393342466889e-06,3.27251406633006e-07,-8.86974590661621e-08,-7.64155318349857e-07,8.0530405741545e-08,3.9378293800412e-08,4.13241152339422e-08,-2.57886178854634e-07,-7.97158973034184e-08,-3.38775984536523e-07,1.75199901132375e-06,2.05050632750717e-07,-2.28390330759031e-07,1.5785955462168e-09,6.11209505234753e-10,1.93016198161671e-09,2.10393709489251e-09,1.47993755836393e-08,1.13167988554511e-09,1.32982895381427e-09,7.08266868579368e-10,1.62850888716518e-09,3.87817938829654e-09,-1.24364267922848e-07,2.95152147040871e-07,-1.48612668796397e-07,-5.68797754573638e-07,8.54640197905616e-08,-2.83075544007506e-07,-1.79692161981011e-07,9.09344886272092e-06,-7.36488892934925e-07,7.79992346512634e-08,7.78966987760815e-11,1.08920587602471e-05,-7.48149732543324e-07,-8.50498861989685e-07,1.19601095747045e-06,1.02654166165653e-07,-1.18901978032629e-07,-3.30476799715411e-07
"north_west","p_NC_weekend_15_24",1.77420058667194e-08,-2.69663938391134e-07,3.82635780179248e-07,-4.01316261110445e-08,2.95102951877159e-09,1.23958592390179e-09,-2.49830020209826e-09,5.04921201265754e-09,-6.59157151149709e-10,-4.07891103038849e-09,4.42766420066039e-09,-1.12082003656666e-09,1.36032925249555e-09,-6.3217046043631e-09,2.31594196093555e-09,2.71366442060166e-09,-1.27296649677035e-09,1.86542941169044e-09,-3.68505633724474e-09,4.64381860374396e-09,-3.05271234238552e-09,4.30110991093584e-09,6.82598555842187e-10,4.41303052255868e-10,5.59970489289191e-09,7.82810389061877e-10,8.39572809455906e-10,3.95872950119612e-09,8.12480676362346e-10,4.81535000329992e-09,2.99143179245512e-09,4.36617143897527e-10,6.97209798819164e-09,-3.12675341862888e-09,-3.51320291162772e-10,5.99463648580409e-10,7.54005637354257e-10,-8.11088969355009e-09,1.16620836736038e-08,-1.04334072481118e-09,1.10314285043347e-07,-1.71113188295553e-07,2.05121857312093e-06,-1.37379245864228e-06,2.14964186731237e-06,-4.39922080796266e-08,-2.12195657993255e-07,-4.08724523433469e-07,-9.73953479128927e-09,9.61179425713889e-08,9.77694368124526e-09,-3.95639438904692e-08,7.78804746510202e-09,-3.22680013144513e-07,1.00508890767078e-06,1.73732888721341e-07,-5.35060097146713e-07,6.3863779034234e-10,7.4803094645909e-11,8.47190635493292e-10,6.04833812278565e-10,1.13167988554511e-09,1.43351956823028e-09,4.44000467966359e-10,2.60317652833605e-10,5.05413794581696e-10,1.15542659638027e-09,-1.47050115832141e-08,3.03102541798704e-07,-2.02635668065523e-07,-7.59364057437094e-09,-1.63722507742064e-07,1.00480777200612e-07,-2.37522546234027e-07,5.55747766378955e-06,-8.94418362143486e-07,3.73088303627565e-08,5.10828429560773e-10,7.57417000956757e-06,-2.63171916742916e-07,9.93203098761859e-07,1.81054416225397e-06,6.79812682423111e-08,-1.1016774934164e-08,-4.06406932727966e-08
"north_west","p_NC_weekend_25_49",-2.62479190673633e-09,-9.45448103507949e-09,8.67509216278697e-08,-1.27716683239108e-08,3.80307241167505e-09,4.51935486239671e-10,4.66250019624027e-10,2.07955578195967e-09,5.42960464889907e-10,-1.85230126328579e-10,3.15774211740579e-09,1.32836847903802e-10,1.34004255426326e-09,-2.42254642958642e-09,3.92914689492893e-09,-1.00494492926622e-08,1.89048694590972e-10,2.69252328077611e-09,-9.45715883360465e-10,5.60455757722638e-09,1.51009744489731e-09,3.28762266391301e-09,3.58939040231967e-09,5.0106399037915e-09,4.64465395179944e-09,8.17150640183743e-09,-3.21512932928244e-10,4.12478351985717e-09,6.76318073247715e-09,5.10772233031017e-09,3.52464206112037e-09,2.76562896838381e-09,7.68757293789821e-09,-1.70751107172377e-09,7.52747494408321e-10,5.80413969460923e-10,4.90493754091085e-10,-2.57302016802171e-09,4.66769278971948e-09,6.32343769389844e-10,1.5316244143441e-07,-1.61337493668958e-07,7.70501353851836e-07,-4.79302572657804e-07,1.53600880557788e-06,6.37641502117878e-08,-7.29563170654315e-08,-1.81409886353389e-07,-7.0485314854864e-10,2.04304819383181e-08,3.48333414782732e-09,-8.16626519883552e-08,-1.85510317763333e-08,-2.48674924018537e-08,3.2117906192844e-07,5.08716031149682e-08,-1.13212466844826e-07,6.24398877192232e-10,2.15895314126159e-10,7.81049896864899e-10,6.57243009379386e-10,1.32982895381427e-09,4.44000467966359e-10,1.56083113065959e-09,2.81490279352453e-10,4.77078236930084e-10,1.05406817403466e-09,-1.60831041291571e-07,2.59356265973169e-07,-1.08895824504755e-07,-1.62609646096009e-07,-6.54066016407501e-08,2.73398393269352e-08,-1.08218369466761e-07,2.83576139626213e-06,-8.79196867311351e-07,1.27909074041463e-07,2.2537682932125e-10,1.72878121058508e-06,2.23782362466522e-07,1.97618236466258e-07,5.05281994880136e-07,2.84250719658305e-08,-2.75813961189011e-08,-9.00123629749127e-08
"north_west","p_NC_weekend_50_64",2.3757737072865e-09,7.77770330075448e-09,6.93512172111314e-08,4.45298812123252e-09,5.18625031515211e-09,-2.77377990116681e-10,4.75653108007655e-10,3.36872692135286e-10,4.28934841923057e-10,3.62572063779748e-09,-1.45824072872661e-09,3.22822366374528e-10,1.08990806894495e-10,8.11048556022478e-10,8.00830196396414e-10,-1.27756782974315e-08,9.99568762200412e-10,-1.7336236866644e-10,8.76428282944557e-10,3.85262590268983e-09,8.29333427399641e-10,1.409254300267e-09,2.55180924342735e-09,2.44442295923272e-09,2.87120040453429e-09,3.17614969783875e-09,3.16921922472705e-12,4.16822071657593e-09,3.39850250466614e-09,3.0294012013271e-09,1.49438701477064e-09,2.91144566918315e-09,2.74443571364906e-09,1.92674137154838e-09,3.92034792251011e-11,6.72604371827936e-10,7.54798731649676e-10,-9.01475996169862e-10,1.63825544027893e-09,1.82608137496672e-10,1.64283176612436e-07,-1.62117672500307e-07,1.87042206090101e-07,5.42354277737421e-07,1.6804320748339e-08,-1.23476851301423e-07,1.29809940900036e-07,4.62642304876617e-08,-3.02380044808639e-08,1.17842886726299e-09,3.82293428202665e-09,-4.69579208679238e-08,-1.05911104873246e-08,-3.54639983132773e-08,-9.24501945214843e-08,-7.58850016068615e-09,6.3380914898168e-08,3.79738558982771e-10,3.40384853560934e-10,6.33685069043103e-10,2.61053678829257e-10,7.08266868579368e-10,2.60317652833605e-10,2.81490279352453e-10,1.02033469790351e-09,2.13842740025855e-10,5.90479315433494e-10,-1.33929794839118e-07,-2.44426654472041e-08,-4.74618188607157e-08,2.09862026602488e-07,-1.75200440296967e-07,9.76321407983081e-08,-4.66940024420501e-08,-3.86391483358622e-07,2.27069701676482e-07,1.00649918909224e-07,-4.05349388655939e-10,1.86376768426254e-06,-1.86370069394555e-07,1.54614657042105e-07,1.19181662775019e-06,2.64721974642601e-08,-1.20106172049003e-08,-5.03248535390391e-08
"north_west","p_NC_weekend_65_79",1.32537487456373e-08,-8.22009143288297e-08,1.9875576436478e-07,-2.53851072981683e-08,9.63694167244432e-09,-4.62287453697041e-10,2.3550275576851e-09,2.67949165861263e-09,4.73370565225431e-10,-2.40143108566508e-09,3.76069470601845e-09,-1.76342371562364e-10,4.68650267114313e-10,-4.86382357730373e-09,3.74905946315258e-09,-1.4147036580892e-08,-1.83744718262913e-09,3.07157329825534e-09,-4.84068699073558e-09,7.43543398594236e-09,-1.31044242379592e-09,4.20003393584487e-09,1.4527865744205e-09,2.76841906381502e-09,5.69958954481644e-09,6.52727956681228e-09,1.23900275483062e-09,3.63748744428783e-09,3.64463582490661e-09,5.03168286442693e-09,3.45164815990489e-09,1.51261112944961e-09,5.55855561331185e-09,-1.59351767916489e-09,-8.9730260467998e-11,-1.51447483775262e-10,1.68465009832954e-09,-4.53869823389097e-09,5.11850379338402e-09,2.38570793276548e-09,3.9420360075287e-07,-1.65555679502653e-07,1.42620407785476e-06,-1.71538941336357e-06,1.87243890610974e-06,8.35044014866017e-08,-5.41675911221559e-08,-3.3771610522968e-07,-3.74047936463985e-08,3.58413424031668e-08,-6.84941019843647e-09,-6.45501144827535e-08,-3.02514735100164e-08,-1.78604498248726e-07,5.508599109584e-07,1.40177537209367e-07,-8.44755666596482e-08,5.97166509912732e-10,1.08673557046662e-10,7.2295380872617e-10,6.74931731164268e-10,1.62850888716518e-09,5.05413794581696e-10,4.77078236930084e-10,2.13842740025855e-10,1.05778908618256e-09,1.30920448864941e-09,-1.21378043849359e-07,5.2183495278653e-07,-1.98228462634771e-07,-1.36843542595246e-07,-1.37608905383156e-07,3.60386912275275e-08,-3.2382671925797e-08,3.35883158966529e-06,-3.15526777638707e-08,1.54130325551941e-07,4.70306045670644e-10,7.73312231784857e-06,-4.56515697329134e-07,4.29398361297972e-08,3.07333517100657e-06,7.30529798080606e-08,-2.8745639944185e-08,-9.01808881955199e-08
"north_west","p_NC_weekend_80_plus",4.96861836112904e-08,-2.90401533302779e-07,5.66453471049257e-07,-6.60560649332393e-08,1.58170805659906e-08,-2.52505070090595e-10,3.53881289290713e-09,8.0123854546543e-09,1.39544856691078e-10,-3.70118581380225e-09,9.10617383693896e-09,-4.10956850000846e-10,6.28827649209016e-10,-8.07874710759924e-09,8.09874333748147e-09,-1.36557652256378e-08,-3.19852321717008e-09,8.26457538615808e-09,-1.01918187411844e-08,1.98965494663061e-08,-4.8265588289896e-09,1.10241378973506e-08,3.19158015948395e-09,8.70985767412462e-09,1.26135024348414e-08,1.00781879305346e-08,2.37443404113115e-09,1.25754943350641e-08,5.74871431763483e-09,1.38091052606787e-08,5.94588968529773e-09,6.39073406028913e-09,1.60964216956701e-08,-1.02649765011288e-08,7.81168901978519e-11,5.50742853245413e-11,1.18391134365776e-09,-7.1893235850162e-09,1.26215958825523e-08,3.84149229837286e-09,1.07343114180686e-06,-1.09737942711713e-06,4.80092062759658e-06,-3.59884424307009e-06,4.76773683417317e-06,-3.65009722623844e-07,1.98649700580179e-07,-7.29704172522077e-07,-9.30226039080996e-08,1.03823929669647e-07,-4.1451924391468e-08,-2.00497199841803e-07,-6.73099450536278e-08,-7.33621868210198e-07,1.04473693113897e-06,3.41908153049084e-07,-3.88059134893108e-07,1.31429728263044e-09,2.4576476159044e-10,1.51753996661765e-09,1.53496761390507e-09,3.87817938829654e-09,1.15542659638027e-09,1.05406817403466e-09,5.90479315433494e-10,1.30920448864941e-09,9.19866560519281e-09,-2.95364872861605e-07,1.80000547961493e-06,-5.17352159052723e-07,-3.40694158979226e-07,-2.44345678844871e-07,1.77834170612696e-07,-3.80061986310261e-07,5.99295279101619e-06,1.08317236006069e-07,4.11822319903474e-07,-4.02414428376647e-10,1.71055807852026e-05,-5.14917798967413e-07,1.16436311058871e-06,4.97900973148428e-06,1.62318635175922e-07,-1.04601047154742e-07,-1.36777087697449e-07
"north_west","p_W_D",-7.93411121402973e-06,-1.61071264362049e-05,5.7795528229513e-05,-6.69075716501281e-06,-5.37220352369404e-06,2.36363324763349e-06,7.54970865299074e-09,-2.12374940386263e-08,6.06966900264442e-08,8.13397542393153e-07,3.04664982291456e-06,-1.22219338675387e-06,1.47674785687408e-08,-3.18021161495092e-06,-4.73773890906606e-07,2.11273872286181e-05,-1.28389923592881e-06,1.35847563413434e-07,-2.5868290219937e-06,7.52703945082581e-07,-2.73564497298465e-06,4.40165509009605e-07,-2.95202885003365e-06,-7.38623954861064e-07,6.55206323929293e-07,-5.92868206300536e-06,-1.94275501089969e-07,2.72173098875274e-07,-3.40876061463187e-06,-3.49346675975077e-06,5.21271116264204e-07,-3.77760335690328e-06,1.79761938667287e-06,-1.063103764431e-05,1.15892921580253e-06,-2.35017477906262e-06,1.81455223958812e-06,-3.18484139667314e-06,5.32728978181572e-06,-2.20440613533697e-06,0.0002627778509036,8.33070288402286e-05,0.000422944475000848,-0.00201434342081855,0.00068183073638321,-4.81732693922495e-06,3.06703532651764e-05,-8.09940289143388e-05,-1.24819584606118e-05,8.25469743458327e-06,-3.50377668627533e-05,-1.05392901720397e-05,1.78021016958261e-05,3.73656067069871e-05,9.97715418827511e-05,4.73612941547216e-05,8.50561401315502e-05,-3.39301136061279e-08,1.93172784247619e-07,-1.80663926585008e-07,5.01367011020171e-08,-1.24364267922848e-07,-1.47050115832141e-08,-1.60831041291571e-07,-1.33929794839118e-07,-1.21378043849359e-07,-2.95364872861605e-07,0.00155972466770482,0.000654697275600852,-0.000114704127373374,4.32462454276849e-05,-7.21497738340219e-05,6.88885988525839e-05,-5.31581170087769e-05,-3.54653446354259e-05,0.000936029581881577,5.00040264416388e-05,1.84927782933808e-07,0.00658508942791335,-0.000140795243085743,9.47977695857805e-06,-0.00101282434883804,6.32524186132842e-05,-3.45067278803738e-06,1.95071552946349e-05
"north_west","rel_p_D_alpha",3.56234578284528e-05,-0.000625602959171335,0.00083872638413052,-0.000105539190774874,-1.33888245876713e-06,1.14638737189424e-05,-1.972973120461e-06,5.75771838081808e-06,-2.61028080360321e-06,-1.54153860324206e-05,3.41266338851852e-05,-6.57403874612716e-06,2.01167616781843e-06,-2.58360270831236e-05,5.73416441965218e-06,1.55908435515598e-05,-1.03036401769351e-05,5.68690551241942e-06,-1.02053559603119e-05,6.02158949947824e-06,-1.30965100034783e-05,5.25047404516579e-06,-5.83643473506423e-06,-1.01818575856847e-05,1.80532797164752e-05,-1.95819685816563e-05,8.1651734560933e-06,7.99575067235974e-06,-1.56676492595605e-05,3.05184969768549e-07,2.02580691514588e-06,-8.89684357405413e-06,1.24845922921669e-05,-4.32888840382467e-05,-2.31818504039557e-06,-1.53290139266265e-06,5.2004555715883e-07,-1.75851776389752e-05,2.52087383475117e-05,-5.85893759874726e-06,0.00246067936466053,-0.000693533406075781,0.00543296801994459,-0.0125331229086059,0.00669012707053022,0.000499785280751904,0.000246952300037968,-0.00102815326181183,-0.000275967113990465,0.000213894190082767,-0.000362919361868851,1.16802930847427e-05,0.000109528946440424,-0.000417515798040494,0.00176593145560142,0.000495002190078223,-4.25081101790311e-05,1.00868876655979e-06,-9.8753751673186e-08,4.3056720314664e-07,9.86288710078821e-07,2.95152147040871e-07,3.03102541798704e-07,2.59356265973169e-07,-2.44426654472041e-08,5.2183495278653e-07,1.80000547961493e-06,0.000654697275600852,0.0106019405393491,-0.0017398261620889,-4.67641531201738e-05,-0.000488015790387925,0.000368825528416634,-0.000208859927903073,0.00748203180398318,0.00417427503663124,0.00105874879857323,1.6214207228354e-06,0.0330875235621406,-0.000347439821093901,0.000625870994671887,0.00282128296807765,0.000304707216001601,-7.26018711960686e-05,1.73579719190266e-05
"north_west","rel_p_D_delta",-1.99264965405602e-05,0.000204759868978589,-0.000264379090396216,3.23269448222441e-05,7.46140004141866e-07,-2.15522468658904e-06,1.28989218679036e-06,-3.11345089464499e-06,1.47403832218833e-06,2.2293476059062e-06,-6.74728873419648e-06,1.98659826863539e-06,-6.93896170959478e-07,6.825534542827e-06,-7.14499624012386e-07,-3.03293080572173e-06,2.63231873650794e-06,-5.56923936458361e-07,3.10027221145302e-06,-1.34590425343761e-06,3.99852666238413e-06,-1.65069043337468e-06,1.758031907456e-06,3.46426259055338e-06,-4.42341495520441e-06,5.42674122112681e-06,-2.48521594328584e-06,-1.65754244242172e-06,4.32239504703488e-06,1.04051522486849e-06,-5.97955872195484e-07,3.52936843762538e-06,-3.5360067372621e-06,1.06447856336517e-05,8.48724452476631e-07,-1.59653912729015e-07,-3.63242962641119e-07,5.85851412789733e-06,-7.07520940277617e-06,5.32402466798422e-07,-0.000634312453675363,0.000289712117654554,-0.00178920349666086,0.00222057509499859,-0.0013270488419754,-1.15760271609894e-05,-4.81132663461758e-05,0.000289732507192518,7.4428985806145e-05,-6.06698632936628e-05,2.9624319357847e-05,5.26076419373426e-06,-2.18894290825759e-05,0.000277142148156894,-0.000643735701781544,-0.00014800048256946,0.000206906192643933,-2.76262979406582e-07,2.35954715465715e-08,-3.6537127325699e-07,-1.96118579923454e-07,-1.48612668796397e-07,-2.02635668065523e-07,-1.08895824504755e-07,-4.74618188607157e-08,-1.98228462634771e-07,-5.17352159052723e-07,-0.000114704127373374,-0.0017398261620889,0.000717914239101362,-0.00049190895545921,0.000195481174685205,-0.000164630647577033,0.000113744947160341,-0.00299024203463733,-0.000520282444700989,-0.000177175701997251,-3.73765728737061e-07,-0.0102969928634419,0.000483192565529868,-0.000968308835672009,-0.000679710487079049,-8.84142120048818e-05,4.26118724626548e-06,-2.54425095018042e-05
"north_west","rel_p_D_omicron",5.44606539689152e-06,-4.32768679330962e-06,0.000147522495688337,-1.5955260974305e-07,-7.33848597710829e-06,-3.5930081462036e-07,-1.89050471307368e-06,2.25715367921414e-06,-3.17689633995674e-06,5.75280241408992e-06,-3.34594174997838e-07,-1.16498052505112e-06,-2.05516140727842e-07,1.51950180249222e-06,-3.65869940477533e-06,-1.44689540912943e-05,7.82878585055262e-07,-2.75063942696471e-06,7.69031537348327e-07,-1.95886256273636e-06,-1.8800010832168e-06,-6.97371062893364e-07,-1.55709820603729e-06,-3.3486186984726e-06,9.41424294119668e-07,-8.22799290617559e-06,2.18091647650127e-06,1.57143753774979e-06,-4.43815489473871e-06,-2.62935246648275e-06,-1.90825794341955e-06,-1.72324088960595e-06,-1.10825255933045e-06,1.08116120173724e-07,-1.20551501774384e-06,5.51953067578655e-07,6.29084183505144e-07,-2.47051696144676e-06,2.51778811517898e-06,1.62729554878572e-07,7.13109452896069e-05,-0.000197708781415973,-0.000246587104204862,0.000806577428107415,-0.00254526797659707,-0.000224380387596217,6.0414807606291e-05,0.000123497898331937,-2.22405187426023e-05,-7.65048120568179e-06,-8.36363526955135e-06,1.42411766225899e-05,2.01160332491667e-05,-0.000204660138210772,-0.000166983323764996,3.46893662480113e-06,-3.69596221094499e-05,-1.47648610434589e-07,6.29310972571792e-08,1.890075218988e-07,-3.57934849677854e-07,-5.68797754573638e-07,-7.59364057437094e-09,-1.62609646096009e-07,2.09862026602488e-07,-1.36843542595246e-07,-3.40694158979226e-07,4.32462454276849e-05,-4.67641531201738e-05,-0.00049190895545921,0.00224278790541619,-0.000158012996940658,0.000141928884575466,-8.76820550919797e-05,-0.00150212196437052,0.000542226355750607,-0.000103931572337838,-6.57202381948925e-07,0.00289551581434156,-0.000706392905896658,0.000843003248133507,-0.00302010825128927,1.8152711996433e-05,2.80567614589497e-05,5.91509546752281e-05
"north_west","rel_p_H_alpha",-2.05017783758696e-07,2.44040515904299e-05,-4.01344076791768e-05,5.25050536722487e-06,-3.36643961773633e-07,2.66264261329989e-07,1.34445695791863e-06,-1.649608746856e-06,1.8541441475309e-06,-1.85005968131425e-06,-6.64066232588263e-09,6.47380471179536e-07,5.5468261979282e-08,2.02699024200328e-06,-7.85403015767467e-07,9.06697378167491e-06,2.27550851071794e-06,-4.16628931201422e-07,1.75342536847681e-06,-1.08368805503327e-06,2.13691658056928e-06,-3.98073593846352e-07,6.21053820333973e-07,1.73382818919377e-06,-1.71576751244755e-06,1.82904221214768e-06,-1.16205897342837e-06,-2.05838334987482e-07,1.11603994167224e-06,7.00101414936181e-07,1.56891849281045e-07,2.19050558086907e-06,-1.46992294404613e-06,5.24976933018736e-06,8.32166429311553e-07,5.46884620516475e-07,-1.11548882901124e-06,2.67371807913279e-06,-1.68388929495321e-06,1.79586597086887e-07,-0.000257352245409377,0.000123397412427863,-0.000875597311200543,0.000509087387151976,-0.000219087595430894,0.000221043389454301,-0.000316757789078874,8.81212223295822e-05,2.95726114460484e-05,-1.26841939005218e-05,7.25437019565005e-06,-8.75531024439991e-05,-3.7011051882308e-05,0.000108935392738364,-5.66222563663307e-05,-3.53269239644199e-05,-6.59230374059498e-05,-2.149235537522e-07,-1.02260409291748e-07,-2.57008178391932e-07,-6.48267780851576e-08,8.54640197905616e-08,-1.63722507742064e-07,-6.54066016407501e-08,-1.75200440296967e-07,-1.37608905383156e-07,-2.44345678844871e-07,-7.21497738340219e-05,-0.000488015790387925,0.000195481174685205,-0.000158012996940658,0.000708706521739267,-0.000441082088978706,-3.20788523550322e-05,-0.000578246076575148,-0.000195904541200371,-7.9814050307703e-05,-1.36181021347041e-07,-0.00427692316753203,0.000382627152676608,-0.000877493701994359,-0.000553221667879202,-3.06731918149221e-05,-1.29930626551849e-05,-1.70744997964238e-05
"north_west","rel_p_H_delta",4.97094632861407e-06,-5.47596635043734e-05,6.2363298372802e-05,-6.30029717138512e-06,-4.5940592479016e-07,7.85172298448562e-07,-1.02079781490135e-06,1.90984095821882e-06,-1.46852672594157e-06,2.74457787936959e-06,-7.22965805058452e-07,-1.54404758279101e-07,5.44583219324136e-07,-7.92854342958374e-07,8.53361676217337e-08,-1.84693707890381e-06,-1.22798984360575e-06,-2.34425504593557e-07,-5.82301623382013e-07,7.91728119170169e-08,-2.09673080268527e-06,5.6889100481146e-07,-1.8308145109718e-06,-1.36501368534687e-06,1.13195949165089e-06,-4.29914683931311e-06,6.66616105261158e-07,3.09070714402621e-07,-2.73838235737852e-06,-4.09817553335441e-07,-6.44397884324113e-07,-1.72231055057105e-06,9.16144323122153e-07,-2.25225627397461e-06,-3.15797468777181e-07,1.96045762049061e-07,1.44014880466092e-07,-2.10862536113269e-06,2.78325935165048e-06,-7.93538264810538e-07,0.000333864814156077,6.48219731080851e-06,0.000752768739461041,-0.000346071661978354,0.000308113398026292,-0.000113475331284448,0.000175447775203698,-0.000108860361132859,-5.14505525456117e-05,3.91000876556187e-05,-5.4427410138641e-06,5.97242274058319e-06,-6.38139582262379e-07,-9.38919864341566e-05,0.000168201289826451,4.39192015324112e-05,-0.000108379745120922,1.05285630825617e-07,1.36366885534597e-07,1.54963151339565e-07,1.11383281067453e-08,-2.83075544007506e-07,1.00480777200612e-07,2.73398393269352e-08,9.76321407983081e-08,3.60386912275275e-08,1.77834170612696e-07,6.88885988525839e-05,0.000368825528416634,-0.000164630647577033,0.000141928884575466,-0.000441082088978706,0.000488327581385266,-0.000123880799253145,0.000956759424233055,-0.000195951994605094,2.35972308215429e-05,2.368055113178e-07,0.00242579710561734,-0.00018668409637333,0.000646425785276822,-2.05481219180869e-05,1.70395950029656e-05,2.84950109635628e-05,2.36183252425744e-05
"north_west","rel_p_H_omicron",-1.40689133566023e-05,0.000175747846698314,-0.000197868199142447,2.5012716230539e-05,1.79546408649533e-06,-2.57345277636759e-06,2.31723902396572e-06,-3.53856328634446e-06,9.11475870759614e-07,6.6918675525226e-07,-5.04507475246837e-07,1.6415615492449e-07,-5.20216444516809e-07,1.46791571395506e-06,6.45029829911721e-07,-1.24513706411053e-05,-2.1081400785509e-07,5.72206513339082e-07,5.37227379485026e-07,2.36618895320556e-07,1.73269661652301e-06,-7.9154786950068e-07,7.91596739299337e-07,9.16593690735554e-07,-1.20661796745317e-06,4.32997529602835e-06,-1.98789493014283e-07,-6.36901362199942e-07,2.11592484189317e-06,-6.50767948090765e-07,-5.61148669606827e-07,-1.19518821694897e-06,-1.66808857946861e-06,-2.12076375165599e-06,1.63828483227555e-08,-6.5689867263596e-07,-4.7984438783845e-07,4.79479789299827e-06,-7.52070287474795e-06,2.2007673796353e-06,-0.000116752177220084,9.88748815534334e-05,-0.00100758154035575,0.00051660761165273,-0.00113613065976987,0.000118542773513421,0.000123532720756311,0.000208333391066187,-2.20225798036351e-06,-8.00912173014869e-05,2.89272341971023e-06,5.23932668002824e-05,-0.000121627630638642,0.000187308709635673,-0.000606651653577322,-0.000104426039142708,0.00033666488969119,-1.80934108296646e-07,-1.13704421953378e-07,-2.49632622243985e-07,-1.17124389093683e-07,-1.79692161981011e-07,-2.37522546234027e-07,-1.08218369466761e-07,-4.66940024420501e-08,-3.2382671925797e-08,-3.80061986310261e-07,-5.31581170087769e-05,-0.000208859927903073,0.000113744947160341,-8.76820550919797e-05,-3.20788523550322e-05,-0.000123880799253145,0.000491153623046818,-0.00256559165155122,0.000487590962132636,-4.41394115574918e-05,-1.70576292030566e-07,-0.00346160176289607,-0.000274508606345658,-0.000620477529616021,0.000197797168885171,-3.06827434134153e-05,-1.77832324100793e-05,-1.38059529186364e-05
"north_west","rel_p_ICU_alpha",0.000239569899532546,-0.00397850215355741,0.00573852923165855,-0.000691105579175553,3.95415596622935e-05,4.45340503298661e-05,-3.39784807304088e-05,4.79332686156385e-05,3.41202027194787e-06,-9.87517399434289e-05,1.81290807873308e-05,-9.89614363454808e-07,1.47646185855838e-05,-7.9182684923509e-05,2.33330909169443e-05,0.000280614312424626,-1.26791210523254e-05,1.87331110233373e-05,-5.06029443631386e-05,3.41301111959681e-05,-4.50643923822587e-05,4.53835612411938e-05,-1.43863807647549e-05,-9.8536961976126e-06,3.8509024402878e-05,-1.97356762491954e-05,-1.30399439525367e-06,1.84488561939443e-05,-2.80507443078173e-05,2.71572119452233e-05,4.00060674584559e-05,-5.43680154107148e-05,8.05467163371956e-05,-7.84311605651156e-05,-2.38734408636608e-06,1.13412156908743e-05,7.80741886828058e-06,-0.000121795852834877,0.000150739622119502,-2.56412583053472e-05,0.00362157270090153,-0.00252689536120735,0.025596719552322,-0.0242047839039873,0.0394411550043544,0.004624748339115,-0.00553015268765578,-0.00699169309690295,0.000686434778008564,0.0018457543567177,2.75012920817796e-05,-0.000212929612523642,-0.00011273136985807,-0.00241386439290365,0.0211011877189614,0.00249801247656393,-0.0088859035798691,4.66772542185503e-06,-1.28464488421128e-06,4.42424248540811e-06,4.29593486976921e-06,9.09344886272092e-06,5.55747766378955e-06,2.83576139626213e-06,-3.86391483358622e-07,3.35883158966529e-06,5.99295279101619e-06,-3.54653446354259e-05,0.00748203180398318,-0.00299024203463733,-0.00150212196437052,-0.000578246076575148,0.000956759424233055,-0.00256559165155122,0.108102097693243,-0.0265870023369936,0.00205904302381386,1.8292814990194e-05,0.0565581798407051,0.00274467640993633,0.00441931190639348,0.0327745309849187,0.000496460849845547,1.19241552470961e-05,-0.00012139232230523
"north_west","rel_p_ICU_delta",1.81775793052986e-05,0.000350264190948074,-0.000699112363833496,7.97488260683861e-05,-9.42331571924634e-06,-2.11788261425341e-06,1.16469174355944e-05,-5.97291032141624e-06,-6.9892109465343e-06,1.58311062534403e-05,3.09735253299708e-05,-9.46282157369315e-06,-2.56829275674501e-06,-1.02661355540204e-05,-1.3278547351433e-06,-8.01830166848955e-05,-9.76468229063498e-06,3.41208296034856e-07,-3.704449878254e-06,9.68192244063894e-07,-7.79742829273023e-06,-4.36382054855697e-06,-5.43969939236101e-06,-1.65797524642279e-05,1.85493632528787e-05,-2.21991072744175e-05,8.56409943149963e-06,7.40479552562423e-07,-9.26376931519062e-06,-1.60674301446491e-05,-6.15385686488874e-06,1.48910792906074e-06,-1.19690841049106e-05,-2.8661527895946e-05,-1.22673958133314e-06,-8.43416708894701e-06,7.58009766789458e-06,1.02657952744783e-05,-1.21477359803844e-05,-2.44846185619105e-06,0.00213430462295916,-0.000184778146891299,-5.0179575666965e-05,-0.00703982385875456,-0.00396004095081732,-0.00161411558313304,0.00185728037730461,0.000607450859974667,-0.000722399393913768,-0.000203166450526235,-0.000192189622436879,0.000134761497901161,0.00014185727213713,0.000233079517492031,-0.00383995040873075,-4.61908875234698e-05,0.00223632485379345,-2.11907803976888e-07,-2.57764449901436e-07,-5.52732180572228e-07,-2.84903460731078e-07,-7.36488892934925e-07,-8.94418362143486e-07,-8.79196867311351e-07,2.27069701676482e-07,-3.15526777638707e-08,1.08317236006069e-07,0.000936029581881577,0.00417427503663124,-0.000520282444700989,0.000542226355750607,-0.000195904541200371,-0.000195951994605094,0.000487590962132636,-0.0265870023369936,0.0217522859312963,0.000674275051355605,-4.60049502265995e-06,0.03081979684709,3.85213926048703e-05,0.00178812255001848,-0.00605834072513698,0.000286320599079436,-7.0427667135303e-05,0.000108672041584335
"north_west","rel_p_ICU_omicron",6.26917500595463e-06,-0.000108174220330764,0.00018441912404277,-2.32569432909962e-05,3.35641886962181e-06,3.59382242571085e-06,-1.65156938091251e-06,2.07173520664532e-06,-7.92844655783288e-07,-1.89939329297293e-06,4.2292269027999e-06,-9.7269514560481e-07,5.87415710521208e-07,-5.52109402778997e-06,1.71722751421705e-06,8.38237229144895e-07,-2.10194340777031e-07,5.54477590447573e-07,-1.74789816849996e-06,4.80584122379424e-06,-3.13605506548261e-06,3.68604122863049e-06,-7.70535956069278e-07,6.16765909999111e-07,3.712684886204e-06,-1.08468990257774e-06,9.07676082017234e-07,2.97256919443183e-06,-1.11418581526182e-06,1.39316317779786e-06,2.79292991458431e-06,-2.27770098036091e-06,4.03407776970989e-06,-7.09786736095289e-06,8.4110426886199e-08,-1.19174577294069e-06,2.89539307937666e-06,-6.94611096040591e-06,9.05588556923779e-06,-3.67891438878836e-06,0.000530205453385052,-0.000274866199133431,0.0014556087787879,-0.00223701734394108,0.00220738446185071,-7.43866109058344e-05,-3.67781685432321e-05,-0.000292549305574133,-7.04260955833654e-06,4.13333228819093e-05,-3.51684420307058e-05,2.93006976037206e-06,2.01898258370089e-07,0.000102590115025809,0.000482483759434735,0.000135231151476844,-5.4497818300002e-05,3.31023137087491e-07,-1.83718160017e-07,3.57386556085883e-07,2.17833560679279e-07,7.79992346512634e-08,3.73088303627565e-08,1.27909074041463e-07,1.00649918909224e-07,1.54130325551941e-07,4.11822319903474e-07,5.00040264416388e-05,0.00105874879857323,-0.000177175701997251,-0.000103931572337838,-7.9814050307703e-05,2.35972308215429e-05,-4.41394115574918e-05,0.00205904302381386,0.000674275051355605,0.000616380940341966,6.96577543143812e-07,0.00660715539244556,-0.000262242697886864,-6.90765642119814e-05,0.00167864622053326,5.85252789633906e-05,-3.94886096742478e-05,-1.81614705556119e-05
"north_west","rho_pillar2_tests",3.54018893075228e-08,-8.05130128984783e-07,7.99827823849542e-07,-1.75479517829721e-07,-3.65239881805019e-09,1.77878335179861e-08,-1.13074005907822e-08,9.98375978169206e-09,6.2562105099705e-09,-3.35733518268166e-08,7.73928146584462e-09,2.30471075939253e-09,4.59659037465927e-09,-1.42140116444438e-08,6.8601598425571e-09,1.51903285648442e-07,-2.36735069369714e-09,3.39745110449512e-09,-3.08481419127229e-09,-1.87406609728806e-09,-6.95580917896471e-09,9.96381054629124e-09,-1.36388319175333e-09,-3.03629121923719e-09,7.26589424562363e-09,-1.66512659330208e-09,-4.00132283120645e-09,1.31116527802632e-09,-9.55542319236291e-10,3.59172622454575e-09,1.41376457644922e-08,-1.47209181049913e-08,1.81551631477314e-08,-2.70230126743444e-08,2.26475575422355e-09,1.77601637226265e-09,-9.74807913480165e-10,-3.00446704493926e-08,4.09405819971053e-08,-8.03798694296901e-09,1.70707243056441e-06,-6.64696895140118e-07,6.0175266885674e-06,-7.88822069689598e-06,1.00400330360398e-05,8.39769499001854e-07,-1.15509809334062e-06,-1.50441382003513e-06,2.60320020632101e-07,3.24204833331985e-07,-9.72489440173805e-09,-5.95628843697376e-08,-2.35265007974541e-07,-5.17624516244651e-08,4.15029141926397e-06,7.2259647532401e-07,-1.4348825770413e-06,1.16900786587925e-09,1.93505742902135e-10,6.20851913245184e-10,1.08943699420876e-09,7.78966987760815e-11,5.10828429560773e-10,2.2537682932125e-10,-4.05349388655939e-10,4.70306045670644e-10,-4.02414428376647e-10,1.84927782933808e-07,1.6214207228354e-06,-3.73765728737061e-07,-6.57202381948925e-07,-1.36181021347041e-07,2.368055113178e-07,-1.70576292030566e-07,1.8292814990194e-05,-4.60049502265995e-06,6.96577543143812e-07,1.36438085028011e-08,5.5987743458914e-06,8.66839264481101e-07,-9.28987248789238e-07,5.5870618962888e-06,6.18779425129904e-08,4.7244936304173e-08,-1.40338442310014e-07
"north_west","seed_date_alpha",0.000297403097554069,-0.00139506794924172,0.00850755709071457,-0.000722665063767898,9.78923096470216e-05,6.59078368263618e-05,-6.27189514844792e-05,0.000109920032058946,-4.05379629808704e-05,-1.10587395403903e-05,0.000240905599801655,-0.000141255430962188,-9.79184064504586e-05,-0.000301929583909998,-5.67382124534794e-05,-0.000587245511571389,-0.00022682162815512,-5.77231592550651e-05,-0.000278150216740856,1.32938662174754e-05,-0.000252162660983288,-8.80765666369315e-05,-0.000188368391802493,-0.000258984773525156,-7.26893785924293e-06,-0.000352081124621923,8.72516911995007e-05,-9.86517499774261e-05,-0.000342708357900733,-0.000140240489213207,-6.41093219592894e-05,-0.000207402911366537,9.53717674071159e-05,-0.000624632034600129,-3.02981624802042e-05,-2.73420072975906e-05,5.51615901432747e-05,-0.000180905330774897,0.000222550297072664,-4.91311167827362e-05,0.0145518937870285,-0.00866823233996243,0.068736129319072,-0.0749688198667965,0.0351743544048916,-0.00484533922282242,0.00478069336062714,-0.0095960433197452,-0.00170171190241547,0.00134371911107435,-0.000797076061260792,0.000297670565446599,0.00157985408157565,-0.00518298815410519,0.0135010652101039,0.00455054545197064,-0.00249689786406731,7.32667784826077e-06,-1.90711196189452e-06,8.08259245992874e-06,5.63750260491235e-06,1.08920587602471e-05,7.57417000956757e-06,1.72878121058508e-06,1.86376768426254e-06,7.73312231784857e-06,1.71055807852026e-05,0.00658508942791335,0.0330875235621406,-0.0102969928634419,0.00289551581434156,-0.00427692316753203,0.00242579710561734,-0.00346160176289607,0.0565581798407051,0.03081979684709,0.00660715539244556,5.5987743458914e-06,0.916074035464891,0.00630454660769889,0.00481908958487175,0.0383779857345857,0.00811043404770518,-5.44415445405878e-05,0.000224148173960542
"north_west","seed_date_delta",-2.18389318759719e-05,0.000227421227860124,0.000326929246913221,-3.16958774088218e-05,-1.24185929701151e-06,1.26497001078093e-05,-1.50595714366284e-05,5.9207780956922e-06,-3.03655106429549e-06,-3.71402370892187e-06,5.80599232709505e-07,-1.94738615166742e-06,9.05160933195958e-07,-1.33705705117578e-05,1.33326376457153e-05,-2.31302695506932e-05,-1.88058997679237e-05,-9.18216338362629e-06,-3.23996534276116e-05,6.55330825307319e-06,-1.98976628647018e-05,-1.84643222685308e-05,-1.48764157435872e-05,-3.00353504367269e-05,-1.40509309915934e-05,-3.70832467079195e-05,1.89550424554794e-06,-1.86226552112495e-05,-2.88247090577424e-05,-2.52237062433872e-05,-8.32775985050681e-06,-2.26136487964252e-05,7.19383894793016e-07,-5.43498237245488e-05,-6.82980225972647e-07,-2.53539773203017e-07,-9.6968226738721e-07,-8.95558280422465e-06,1.29630827019658e-05,-1.03553265257035e-05,0.000209907961492337,0.000512301569145548,0.00525506260964736,-0.00532558225688447,0.00448787283059043,0.000428555003058831,0.00033798349825454,-0.000668405045791008,8.8254147342189e-05,1.89934664195814e-06,-3.5441517832215e-05,6.83479602416801e-05,1.67397408679533e-05,0.00013554568608799,0.000543627482416658,0.000136996931557094,0.000120471690676277,-2.79528746114162e-07,-1.55282302668138e-07,-8.95816949831654e-07,-4.27573801324646e-07,-7.48149732543324e-07,-2.63171916742916e-07,2.23782362466522e-07,-1.86370069394555e-07,-4.56515697329134e-07,-5.14917798967413e-07,-0.000140795243085743,-0.000347439821093901,0.000483192565529868,-0.000706392905896658,0.000382627152676608,-0.00018668409637333,-0.000274508606345658,0.00274467640993633,3.85213926048703e-05,-0.000262242697886864,8.66839264481101e-07,0.00630454660769889,0.038084049376252,0.0026118611537136,-0.000610139462933156,2.21184146260656e-05,0.000687744463591493,0.000149175039831929
"north_west","seed_date_omicron",7.99376317766324e-05,-0.000764024996994973,0.000553626481294376,-8.68149243831241e-05,-1.47662234054766e-05,1.08838739415489e-06,-4.18513927836874e-06,4.41559826849976e-06,-7.10517417234424e-06,7.95255935483681e-06,6.15453619136842e-06,-4.91618663034684e-06,4.86888432592065e-06,-7.9312698497917e-06,-3.2332091824576e-07,5.50292961447251e-05,-3.2708481856219e-06,-6.16995601066724e-07,-9.56035113825122e-06,1.02770147821269e-05,-1.33760149115066e-05,4.74097681183641e-06,-3.12075556331933e-06,-1.32120822877747e-05,1.15026081336661e-05,-2.11876519852991e-05,4.84845004222953e-06,-4.73083840463996e-06,6.35451811515682e-06,-7.26049234287883e-05,-1.45164865571397e-05,-5.86945700449448e-05,9.54975123162593e-06,-0.000117346935399403,9.90758052349163e-08,-2.55778579771271e-06,2.78840134558491e-06,-1.99441547651844e-05,1.51895809422881e-05,6.12572094809792e-06,0.000608744302577193,-0.000977168294188211,0.00585819949984023,-0.00374934857202284,0.00374853448252984,-0.00127125422213638,0.000374605451941109,-0.00076263629146676,-0.00022383937875398,0.000163099428206692,5.84233226650939e-05,0.000133173667723189,8.27117238627651e-05,-0.000755498221728973,0.00135397716365547,0.000190629391432034,-0.00137678762648816,7.6455103664484e-07,7.65957458921821e-07,5.33285209875679e-07,3.68290877584079e-07,-8.50498861989685e-07,9.93203098761859e-07,1.97618236466258e-07,1.54614657042105e-07,4.29398361297972e-08,1.16436311058871e-06,9.47977695857805e-06,0.000625870994671887,-0.000968308835672009,0.000843003248133507,-0.000877493701994359,0.000646425785276822,-0.000620477529616021,0.00441931190639348,0.00178812255001848,-6.90765642119814e-05,-9.28987248789238e-07,0.00481908958487175,0.0026118611537136,0.0396428302358145,0.000568366915888224,1.08705534424249e-05,0.000112855610388841,0.00138492885922381
"north_west","start_date",3.14759512172438e-05,-0.00225651465397679,0.00112177476744449,-0.000231545859972422,0.00056497234469719,-3.82842778727345e-06,2.42210486286702e-05,1.17996742450332e-05,1.78739912969847e-06,-4.92051811900873e-05,2.38368310652792e-05,-1.43683389712497e-06,-1.28216121769248e-06,-2.5981201917484e-05,1.74054677218305e-05,-0.000306064858302002,-7.7945757576291e-06,1.00384623586521e-05,-1.30837334194346e-05,1.46721994668509e-05,-3.77800031276024e-06,1.16730338223649e-05,7.72272501942696e-06,1.60107143531649e-06,2.77059946643003e-05,1.68456107188443e-05,5.73518190627895e-06,1.2728902207887e-05,-3.32467694013466e-06,1.53018922756251e-05,2.16104597943977e-05,-3.99537327147262e-05,5.18781963029253e-05,-7.23871491758304e-05,-6.24852984209786e-07,4.03828650253479e-06,-7.93194784159796e-06,-2.51780600697832e-06,-1.62710258155948e-05,1.92479242242319e-05,0.00771137290083475,-0.0028876696706102,0.0102235876353655,-0.00628959473746558,0.0161646266618506,0.000964571237545161,-0.000727264795129261,-0.0024554510316262,0.000418650853978269,0.000456349503732217,8.94176366051286e-05,-4.52327693951003e-05,-0.000307804441491735,-0.00191184429961836,0.00502103791973883,0.00105780443636051,-0.000163775951437213,1.58219591490072e-06,-1.83849952832758e-06,1.92057362283674e-06,2.06922001364443e-06,1.19601095747045e-06,1.81054416225397e-06,5.05281994880136e-07,1.19181662775019e-06,3.07333517100657e-06,4.97900973148428e-06,-0.00101282434883804,0.00282128296807765,-0.000679710487079049,-0.00302010825128927,-0.000553221667879202,-2.05481219180869e-05,0.000197797168885171,0.0327745309849187,-0.00605834072513698,0.00167864622053326,5.5870618962888e-06,0.0383779857345857,-0.000610139462933156,0.000568366915888224,0.202145168553326,0.000343989516907167,-0.000270230370141245,-0.000133822059889378
"north_west","ta_alpha",2.95808251265529e-06,-1.3975779103247e-05,7.7380902647931e-05,-6.79771806674154e-06,8.01939854589014e-07,7.30417143446873e-07,6.72681285362856e-08,2.46242740377263e-07,1.76598724640936e-07,-6.68199178485472e-07,2.12431452124705e-06,-1.36454508919229e-06,-9.57766792022235e-07,-2.72953381932567e-06,-6.09681710564904e-07,-4.19275839159905e-06,-2.08115373971163e-06,-5.88771323132198e-07,-2.63002565307006e-06,6.4264406861633e-08,-2.19823033804927e-06,-9.86531969000832e-07,-1.64708082234479e-06,-2.39321468143313e-06,-1.7939996217961e-07,-3.23451221287581e-06,8.01990868093405e-07,-9.17672973749612e-07,-3.21533871750334e-06,-1.27707575560974e-06,-6.61283099375756e-07,-1.73813920765156e-06,6.30416019242733e-07,-5.4776160496145e-06,-2.66367512761037e-07,-2.27390164289086e-07,4.75596505066852e-07,-1.52769224660222e-06,1.98253265528794e-06,-4.92802303496366e-07,0.000135769478361185,-8.09434125885674e-05,0.000590964678616425,-0.000667977982935897,0.000301029454406661,-3.88075084560584e-05,3.76499314603382e-05,-8.02438624197779e-05,-1.55455895736615e-05,1.09652612685288e-05,-7.57111282384767e-06,-2.41383368248099e-06,1.37827266256744e-05,-4.14076288293993e-05,0.000116229764081028,4.014378729726e-05,-2.41671617928063e-05,7.93062821446866e-08,-5.334554481263e-09,8.57586252026952e-08,5.71015427513788e-08,1.02654166165653e-07,6.79812682423111e-08,2.84250719658305e-08,2.64721974642601e-08,7.30529798080606e-08,1.62318635175922e-07,6.32524186132842e-05,0.000304707216001601,-8.84142120048818e-05,1.8152711996433e-05,-3.06731918149221e-05,1.70395950029656e-05,-3.06827434134153e-05,0.000496460849845547,0.000286320599079436,5.85252789633906e-05,6.18779425129904e-08,0.00811043404770518,2.21184146260656e-05,1.08705534424249e-05,0.000343989516907167,7.97588387891823e-05,-1.45529368229031e-06,-1.73094314830111e-07
"north_west","ta_delta",2.43144118461214e-06,-5.86046197352681e-06,9.68503043909983e-06,-1.29622672354065e-06,-5.6606140831977e-07,2.22204615097916e-07,-6.50032314834619e-07,6.92035125813012e-07,-5.92403246288188e-07,5.48073273215273e-07,-7.46469635444625e-07,-4.81818194391111e-08,-3.06386638598343e-08,1.59534806568253e-06,-1.90884991213245e-06,-3.43579436776168e-06,-8.52188271010649e-07,-1.52103928250384e-06,-1.35497736335493e-06,-9.90645479130386e-07,-1.4529225022946e-06,-1.45329786094705e-06,-1.83194969499842e-06,-1.97275491196927e-06,-1.74998532455427e-06,-3.07114874817855e-06,4.04818438948515e-07,-1.77468890797201e-06,-2.50363598813979e-06,-1.99803231313356e-06,-8.69176636794634e-07,-1.98344887607516e-06,-3.73280715764584e-07,-2.29093384162733e-06,-1.79083743472096e-07,-3.44605441239334e-08,-1.45890418633111e-08,-2.70908532426548e-07,5.25207073380702e-07,-3.13193836226025e-07,-9.14569631032933e-05,2.46455599465809e-05,9.7262902797722e-05,6.18404870131732e-05,-9.41037903114952e-05,8.42382949728399e-06,2.32795792916303e-06,-6.34863622778399e-06,4.61657163546823e-06,2.13411421703896e-06,2.4584936461812e-06,3.62934036128509e-06,1.68315034311251e-06,-1.91820917765122e-05,6.12095137357365e-06,4.6645780297916e-07,-2.28763307763229e-05,-2.92115915604259e-08,4.56210572139407e-08,-2.96449386825011e-08,-6.00087034027116e-08,-1.18901978032629e-07,-1.1016774934164e-08,-2.75813961189011e-08,-1.20106172049003e-08,-2.8745639944185e-08,-1.04601047154742e-07,-3.45067278803738e-06,-7.26018711960686e-05,4.26118724626548e-06,2.80567614589497e-05,-1.29930626551849e-05,2.84950109635628e-05,-1.77832324100793e-05,1.19241552470961e-05,-7.0427667135303e-05,-3.94886096742478e-05,4.7244936304173e-08,-5.44415445405878e-05,0.000687744463591493,0.000112855610388841,-0.000270230370141245,-1.45529368229031e-06,6.59213228807017e-05,8.44412161056085e-06
"north_west","ta_omicron",1.07814102763975e-06,-1.50390297546622e-05,1.82846545663321e-05,-1.25052174479105e-06,-1.18801831464167e-06,-2.77683537610243e-08,-3.33374259289887e-07,-9.14322577564448e-09,-7.78805083815937e-07,7.47266792793556e-07,-5.24952243845665e-07,-3.65307543656407e-07,-1.66749015916831e-07,-6.32281088705767e-08,-7.9017387098471e-07,1.29246518877049e-06,-3.55045009764867e-07,-4.52795830245542e-07,-8.67574242057677e-07,-1.78332140925972e-07,-1.00021380951417e-06,-7.04275956253861e-07,-8.98218009243398e-07,-1.8662741898174e-06,-8.70382227058484e-08,-3.44545565887014e-06,1.633637610472e-07,-2.7650622149477e-07,-2.20751430239272e-06,-4.68961782732474e-06,-1.51970559088904e-06,-3.22472185605845e-06,-9.95458425306573e-07,-5.22596407448065e-06,2.32328410978097e-08,-3.29876535701871e-07,1.30413252438332e-08,-6.55312505031355e-07,4.09350392148534e-07,-2.0629066363564e-07,-4.48184030749095e-05,-2.96091139406399e-06,0.000119316997296785,-6.76038921486837e-05,-7.31922214149996e-05,-4.12515796027739e-05,1.741539402808e-05,7.43758572306552e-07,-9.17645871656784e-06,2.49377039617834e-06,1.46839963792682e-08,2.32327018640679e-05,3.00305695149252e-06,-2.15786999340106e-05,-4.25082042682441e-07,-9.4191080112207e-06,-4.84008222764092e-05,-8.0959712846737e-08,-3.31530743720329e-08,-1.30208912087586e-07,-1.08717635348506e-07,-3.30476799715411e-07,-4.06406932727966e-08,-9.00123629749127e-08,-5.03248535390391e-08,-9.01808881955199e-08,-1.36777087697449e-07,1.95071552946349e-05,1.73579719190266e-05,-2.54425095018042e-05,5.91509546752281e-05,-1.70744997964238e-05,2.36183252425744e-05,-1.38059529186364e-05,-0.00012139232230523,0.000108672041584335,-1.81614705556119e-05,-1.40338442310014e-07,0.000224148173960542,0.000149175039831929,0.00138492885922381,-0.000133822059889378,-1.73094314830111e-07,8.44412161056085e-06,8.48279018371023e-05
