"region","name","alpha_admission","alpha_D","alpha_death_hosp","alpha_H","beta1","beta10","beta11","beta12","beta13","beta14","beta15","beta16","beta17","beta18","beta19","beta2","beta20","beta21","beta22","beta23","beta24","beta25","beta26","beta27","beta28","beta29","beta3","beta30","beta31","beta32","beta33","beta34","beta35","beta36","beta4","beta5","beta6","beta7","beta8","beta9","mu_D","mu_D_2","mu_D_3","mu_D_4","mu_D_5","mu_gamma_H","mu_gamma_H_2","mu_gamma_H_3","mu_gamma_H_4","p_G_D","p_G_D_2","p_H","p_H_2","p_H_D","p_ICU","p_ICU_2","p_ICU_D","p_NC_15_24","p_NC_25_49","p_NC_50_64","p_NC_65_79","p_NC_80_plus","p_NC_weekend_15_24","p_NC_weekend_25_49","p_NC_weekend_50_64","p_NC_weekend_65_79","p_NC_weekend_80_plus","p_W_D","rel_p_D_alpha","rel_p_D_delta","rel_p_D_omicron","rel_p_H_alpha","rel_p_H_delta","rel_p_H_omicron","rel_p_ICU_alpha","rel_p_ICU_delta","rel_p_ICU_omicron","rho_pillar2_tests","seed_date_alpha","seed_date_delta","seed_date_omicron","start_date","ta_alpha","ta_delta","ta_omicron"
"north_west","alpha_admission",4.55367901952973e-06,-4.55885445648884e-05,3.04401043158126e-07,-8.69124444913375e-08,-1.70428402678456e-07,-7.12160141518741e-08,4.21262576896382e-09,1.17734683008122e-07,-1.12334308234019e-07,1.11398272053315e-07,3.83261779433903e-07,1.85286958103928e-08,2.12569344863638e-08,1.99896617809163e-07,-1.87440690064701e-08,-4.64203648877079e-07,-5.71433385494662e-08,1.39565651030891e-08,-1.34209327126263e-07,1.59918197618121e-07,-5.59630678315969e-09,-4.73789628979485e-08,-2.22592009512576e-08,6.15890647474877e-08,-1.37365567388125e-07,6.13810431520719e-08,6.61342792983818e-08,-1.45548404808395e-07,1.31356814642094e-07,2.19063687563904e-07,7.55676249606863e-08,-2.75495728857684e-09,1.59537467226488e-07,-1.67322200971044e-07,-1.58673150494437e-08,5.04072290673512e-08,-6.47712625396841e-08,1.17345440873502e-08,-8.4379414743617e-08,1.45691408928938e-07,-6.47148439181546e-06,-2.84990187277689e-06,-3.27230655736255e-06,2.32264725316366e-06,2.61253311475318e-05,-3.59541287372871e-07,-1.69706650581737e-05,1.67396946139651e-05,-8.45134340710099e-06,2.01651975819471e-07,1.13553532839259e-06,-3.4837912402871e-06,-8.29624138621196e-07,5.20360725992526e-06,8.10534665292269e-07,4.13732875908339e-07,2.35832489868155e-06,-9.57261244956559e-10,-6.47331841255237e-09,9.12309819895813e-10,2.8089308075136e-09,-1.93783956196841e-08,-8.14552381722039e-09,5.94069109269479e-09,1.44584347937158e-08,4.03501717662155e-09,6.69526836390098e-09,4.21463479922411e-06,-5.97707361450787e-07,-2.89063649577036e-05,-2.79753969346682e-05,7.1245686142707e-06,-2.89151041724544e-06,-8.37717439810422e-07,-8.96178958121135e-08,4.25320978581771e-08,-2.15851930726559e-06,1.08577589108677e-08,-7.68412219240692e-05,-5.61909629154604e-05,5.32998430944253e-05,-6.36875726082004e-05,-1.51383335996947e-06,2.1944547355353e-06,-1.73015780663531e-06
"north_west","alpha_D",-4.55885445648884e-05,0.0368622884596709,2.90520783330306e-05,-1.16656897265868e-05,5.00389832563241e-06,6.27263690520817e-06,-2.74514732741188e-05,1.87006050625232e-05,-1.33978073780066e-05,9.33675664060102e-06,8.48592332807412e-06,5.10325164365962e-06,1.59417193855866e-05,8.76405138781784e-06,7.69286537139631e-06,1.02247522462889e-05,-7.84340223120729e-06,1.67579810492381e-05,-2.60706748989548e-06,-8.23210080907129e-07,4.36412293246811e-06,8.42858691977743e-06,6.97949939877598e-06,6.25336095531799e-06,2.44658004116528e-05,8.23550994481926e-06,1.2255331621555e-06,4.27925375126642e-06,1.76702101839635e-05,2.40103547922729e-05,1.80349336910246e-05,1.64407922467689e-05,6.45232741856243e-06,5.54217530977824e-05,-2.18941880802042e-06,8.22138457020108e-06,-1.32216331098295e-05,9.14365745088869e-06,3.76724338628576e-06,-1.01954380975724e-05,0.000185831031563482,0.000192914595006986,0.000475897827092888,0.000204162905683066,-0.000855779222793563,-0.00129673959479895,0.000473986616982507,-0.000480855997792258,-0.000490376497991234,-9.00197537479975e-05,0.000260819588964999,9.18719867203616e-05,-0.000689389229898785,-0.000419085601784925,1.7555308807094e-05,-4.90804464305767e-05,-0.000510109625952612,6.20395318227734e-07,1.66525589601416e-06,9.35855667500005e-07,5.87381051733177e-07,-5.1390439695582e-07,2.6997747501763e-07,1.17429595508725e-06,1.38008787842901e-06,8.38989782182981e-07,1.14107970513705e-06,-5.98870988785086e-05,-0.000330688126401119,0.00072326091124254,0.00107825086385889,-0.00117820877659608,0.00116912044272281,0.00073458302403039,0.000867395140005279,-0.000615208898182124,-6.97092757147966e-05,-6.76182595363913e-07,-0.0477812970360295,-0.00437223201944696,-0.00898666189313409,0.00187067616111175,-0.000368954795397949,0.000400099770860372,-0.00052494983145903
"north_west","alpha_death_hosp",3.04401043158126e-07,2.90520783330306e-05,9.40264784046373e-06,-2.98545257477076e-07,-6.21154018907863e-07,-2.97000701365842e-08,-1.36797524712997e-08,4.86676741026224e-08,-1.13762709933777e-07,-1.84197827257449e-08,2.38745160251361e-07,-8.0954889727632e-09,-7.24577695670041e-08,8.60251442484936e-08,-4.97603355642658e-08,4.86842684559968e-08,7.52434041061788e-08,-4.80883115975874e-08,3.66086882540316e-08,-1.66323767748613e-07,8.13116543944289e-09,-1.10479539604326e-07,-1.34779165817344e-07,4.22669171869179e-11,-7.94048888123437e-08,-1.55689755598691e-07,9.65625192843433e-08,-1.23714091323056e-07,-2.90551161749556e-07,-1.35884691897447e-08,1.90696316052478e-07,1.99948496300043e-08,-2.7885334283743e-08,1.78273763335179e-07,-1.6031477774564e-07,1.72856218831899e-07,8.04984173381787e-08,-3.03795990717871e-07,2.51684508950033e-07,-2.92674404726465e-08,-4.82332445964725e-06,-4.91112677209572e-06,-1.61807182507333e-05,-4.30483344536723e-06,-2.76443069337461e-06,-7.85027221680284e-06,1.32466523836284e-05,1.808664693431e-06,-1.98755313421508e-05,2.92838867464381e-07,-4.28014800876775e-06,4.07585357760902e-06,6.81161927475131e-06,4.24342421443317e-06,5.82246825085024e-07,-7.19312037039822e-07,-2.47331686281708e-06,-3.44685114649326e-09,-2.06766769304596e-08,-1.26831284074744e-09,-1.34917079376009e-08,-1.64055860572014e-08,-2.93937250073626e-09,-1.26970188125622e-08,-2.31088710067886e-10,-1.67435057811591e-09,-5.46134614387224e-09,4.51595500830153e-06,2.8195594306086e-05,-1.66451764734016e-05,-3.60732542662805e-06,-5.05309246126415e-06,-6.68797250524714e-06,1.32916820465462e-06,6.33368309014804e-06,5.97320285293392e-06,-1.95623949289144e-06,-5.857512986098e-09,6.19094910554955e-05,0.000165767727240345,-0.000217293276902999,-0.000187663616650078,-8.4675125035569e-08,-1.31514190836586e-08,-2.65223391828598e-06
"north_west","alpha_H",-8.69124444913375e-08,-1.16656897265868e-05,-2.98545257477076e-07,1.6125700511228e-06,1.13832758125508e-07,9.66610489986419e-09,1.0356436868946e-07,-8.97592545102764e-08,1.81095406525953e-07,-1.61166897162811e-07,-7.65882648393039e-08,-5.54896295653637e-08,-6.53418092510933e-08,-3.0956348669829e-07,1.1196278268345e-07,-1.20002857577078e-06,-1.49228809259441e-07,-5.01067453906222e-09,-2.1493875769558e-07,-6.23439626890639e-08,-7.49740968661362e-08,-9.9894563785988e-08,-1.30122912246765e-07,-1.1272473992318e-07,-1.68594906381248e-07,-1.95568037878357e-07,-4.82526759463493e-08,-2.59177890093832e-08,-2.57950487308302e-07,-1.6689596617474e-07,-1.33735136445303e-07,-1.14042015064819e-07,-8.89955220435652e-08,-2.75269284293362e-07,1.10886539812883e-09,8.66047160267319e-08,-7.09282366347718e-08,3.58358819795225e-08,-6.16059145302897e-08,2.12852491513525e-08,6.81855323293811e-08,2.89558624725126e-07,-6.44880019342431e-06,-4.08620516926271e-06,-3.79529630911436e-06,4.60474697870537e-06,6.87279432774482e-06,-7.3639814937927e-07,-5.43102855682647e-06,4.13626474210469e-07,-2.11146857510811e-06,1.64296908176011e-06,3.85344784957318e-06,-1.55825002054124e-06,5.77865962920137e-08,-1.63348536969451e-07,2.93509640582386e-06,1.26611024318691e-09,-3.65999242967109e-09,5.99593558831939e-09,-4.10982370657276e-09,5.93534081809526e-09,2.88056859343949e-09,-5.05410893369668e-09,-1.61591422651745e-08,7.42658917096795e-10,-4.37106010453397e-09,2.11386068031926e-06,1.29970364131817e-05,1.0901861096583e-05,9.9180689902947e-07,-3.54213087641484e-07,-2.98970729342881e-06,-1.4082708081182e-06,-3.49971107296987e-06,4.9421813402852e-06,9.29342940119343e-07,-2.39949479546695e-10,0.00050286119920365,0.000162567466050672,-3.34718491678028e-06,-4.32232690804188e-05,3.89313022019051e-06,-4.29747787622591e-07,1.41623852648336e-06
"north_west","beta1",-1.70428402678456e-07,5.00389832563241e-06,-6.21154018907863e-07,1.13832758125508e-07,1.02788870694353e-06,7.60943828053472e-08,-1.28892162835915e-07,6.65486670243462e-08,2.24999958624334e-08,7.86847950648467e-08,-7.34142910491756e-08,5.24487712206762e-08,3.00485448730198e-09,5.07463721592607e-08,9.16576916066107e-08,-1.49823567900493e-06,4.23855660891754e-08,7.81947176915619e-09,1.15556904836712e-07,-6.23097609288903e-09,2.75770948077263e-08,5.28965783657781e-08,5.68182901123167e-08,-2.25805291882102e-08,1.4525127246087e-07,-1.63167674143405e-08,4.40353785609746e-08,1.20356332225752e-07,9.75512496732585e-09,1.05000106264386e-07,4.32228043863101e-08,5.98285207893527e-08,7.67785760538517e-08,1.52017537738142e-08,-1.79392779215484e-08,2.22204439882601e-08,-4.00252537160451e-08,4.69470247623253e-08,-1.4992291464489e-08,-3.52358778419043e-08,3.38002499851117e-06,2.63244311690643e-07,6.52330170282416e-06,1.81350504722038e-06,-7.96320692159946e-07,-5.90957848379079e-06,-2.35093473670467e-06,5.62405624331467e-08,-8.60282418126874e-06,-2.49807983829013e-08,1.26764526260536e-07,-4.23904581959951e-07,-4.64133382896922e-07,-1.20909612590819e-06,-5.55576691870592e-07,1.33294964387296e-07,-6.08542316337127e-07,2.35372353398888e-09,-9.78186781387713e-10,-2.75442783796663e-09,1.38550021201717e-09,-7.72333475385707e-09,-6.86519612279615e-09,5.64922983099374e-09,-8.20872882554825e-10,1.74186415589217e-09,9.73529847963525e-09,-2.439165640489e-06,-4.59639546988576e-06,-3.73780459286796e-06,4.40121527215328e-06,-7.01972511446055e-07,2.69676402881603e-06,3.96792933406425e-07,1.19258460271814e-08,-2.39160517591752e-06,3.51039688034561e-08,1.59474869603072e-08,1.29494105177861e-06,4.71228850703028e-05,-5.22384855574126e-05,0.00029608216786084,-8.23423745195023e-07,-9.71152285964754e-07,-1.40310469910976e-06
"north_west","beta10",-7.12160141518741e-08,6.27263690520817e-06,-2.97000701365842e-08,9.66610489986419e-09,7.60943828053472e-08,1.39949145040437e-07,-1.66358240918832e-07,5.85646088811311e-08,-1.53297741660621e-08,7.32143835389507e-08,-5.30825805458341e-08,6.25782662362067e-09,3.3527106748128e-10,-8.28021327652917e-10,-4.68807705216447e-09,2.03945837939024e-08,8.09090900501301e-09,2.06423987310615e-08,2.37686343157908e-08,1.91593222283038e-08,9.3611330151505e-09,2.84573423505687e-08,4.26373256678973e-08,8.2226595817663e-09,4.89142296954172e-08,4.50835091807434e-08,3.5883664176972e-09,1.40050954186094e-08,6.51480414759001e-08,6.55626753005498e-08,2.10974867247728e-08,1.4267230603944e-08,5.33086444511949e-08,9.9749341541846e-08,5.25967447143844e-09,-2.26809445281475e-08,5.82720374984826e-08,-6.35567093443922e-08,1.14200457611293e-07,-1.49536979363598e-07,8.12366803575495e-07,2.79885178595717e-07,2.89117276060679e-07,2.84415865524885e-07,-8.8486560415216e-07,-5.29236420897766e-07,1.65999978699145e-06,-1.6578047363658e-07,-3.04297481211379e-06,-1.13560469459283e-07,2.25926535973684e-07,-1.66299707109335e-07,5.37333982543693e-07,-3.56908952106345e-07,-2.68843945006503e-08,-2.53480382159453e-08,3.21098087906186e-07,2.08429569263764e-09,2.34760344693002e-09,3.34081178322712e-09,1.17690748874559e-09,7.39746108315155e-09,3.1160673310555e-10,1.76919083767999e-09,1.04111411546279e-09,7.31079111815461e-10,-1.30856205851195e-10,7.08820129627585e-07,-5.18960592472581e-07,-1.66700673206558e-06,1.612651248984e-06,-4.55019072875405e-07,8.22214059991019e-07,-4.35759804863944e-07,6.06978768244263e-07,-1.07763555386615e-06,-6.56105584849374e-08,2.64216161491639e-10,6.12694894349081e-05,-4.19462549643289e-05,-8.27490460059619e-06,2.86516688595093e-05,1.9306702146375e-07,-9.352998077598e-07,-9.27281011305677e-07
"north_west","beta11",4.21262576896382e-09,-2.74514732741188e-05,-1.36797524712997e-08,1.0356436868946e-07,-1.28892162835915e-07,-1.66358240918832e-07,4.29519179186903e-07,-1.97516460342858e-07,1.3756017269489e-07,-1.32281508141188e-07,-8.54013727889027e-09,-4.42108065659955e-08,-5.33049740831775e-08,-1.2058072830849e-07,-3.32557590855602e-09,1.23783386237938e-07,-7.70408931927648e-08,-3.79849535627025e-08,-1.45009341509251e-07,-7.06231433771761e-08,-3.28276313980256e-08,-1.16645023936928e-07,-8.63316607142809e-08,-9.16740293344741e-08,-1.44723334691972e-07,-1.32348062440827e-07,-8.47167629094587e-09,-6.16064762853113e-08,-1.88260968437463e-07,-2.26763565765202e-07,-1.02768511146833e-07,-6.46486012538686e-08,-1.65209373935805e-07,-1.6749514606074e-07,-2.21684497016327e-08,6.8104271266255e-08,-5.42535055445806e-08,3.76551548760127e-08,-7.63279736523748e-08,1.49199953667174e-07,3.76027158436875e-07,8.98703943924395e-07,-1.82990771119748e-06,-1.02194807660376e-06,-4.33943271874012e-07,-2.69397711886524e-07,1.52924595857477e-07,-6.76028097105777e-07,7.84843447584963e-07,2.67170805212824e-07,-8.95769359546684e-07,-3.3856368963757e-07,-9.29147081057605e-07,-7.98210141612634e-07,-3.22657195498132e-07,3.75068216790487e-08,1.11534674212585e-06,-1.59708459904616e-10,-3.47697375332626e-10,5.28734116630931e-10,-1.92061294655564e-10,-5.56610279813402e-11,2.67356245671415e-09,-6.29482775644673e-09,-4.24197690634485e-09,-9.74182474348899e-11,4.79103276463713e-09,6.85763474377084e-09,4.25385429192596e-06,4.15341371278132e-06,-6.05910099206859e-07,2.60512296473615e-06,-2.40201577036087e-06,-6.80204523136293e-07,-2.5149374715375e-06,2.83913808661635e-06,5.58700846147294e-07,-4.59891669473254e-09,0.000263220935542366,8.61339143331123e-05,3.53883051158562e-05,-5.58673039560759e-05,2.5724058898003e-06,8.5642914316627e-07,2.42913086925527e-06
"north_west","beta12",1.17734683008122e-07,1.87006050625232e-05,4.86676741026224e-08,-8.97592545102764e-08,6.65486670243462e-08,5.85646088811311e-08,-1.97516460342858e-07,2.54516402986481e-07,-1.6446366282829e-07,1.79449763447121e-07,-2.76306242616183e-08,3.00196051583238e-09,-1.84375605195056e-08,4.30767002090523e-08,-3.51525045391763e-08,7.80894776610725e-08,2.24362550233293e-08,-2.05176452002358e-08,3.50423710024945e-08,-1.87250197864591e-08,7.21842324879497e-10,-7.35549301620293e-09,1.6627205873769e-08,-2.62109099613444e-08,1.84391223509645e-08,-2.39261169068487e-09,-2.30959553049665e-09,-3.73964217600766e-08,6.81128985577878e-08,8.15743281215909e-08,3.1668034785953e-08,-1.81987273234149e-08,5.41798645349001e-08,-5.64190049913233e-09,7.99218846865872e-09,-2.72023973936699e-08,3.35235024683651e-08,-4.68560269885833e-08,8.79584937210857e-08,-6.06616870401305e-08,-5.59980193616396e-07,-4.74965214337706e-07,-1.53433726007706e-06,-7.41877933457635e-08,2.89610936315233e-07,1.2118793523367e-06,-3.74048157077262e-08,4.4389138722958e-06,-4.40470261383667e-06,-1.59006643340004e-07,1.43365238458277e-07,-2.21161533532529e-07,-1.8579140385542e-08,6.22932021169464e-07,1.45901365890828e-07,2.65038399195501e-08,-8.6403360524931e-07,4.82322421782854e-10,-2.29618575775318e-09,-1.38614729816013e-10,3.20676442901781e-10,-4.72716719770134e-09,-1.71682267678598e-09,2.39394799650296e-09,2.17233032275154e-09,-3.26184835108082e-10,6.02940939877749e-10,-2.56992257964939e-06,3.61323899659451e-06,-6.89218038748375e-06,-5.15188083301286e-07,-1.01048613815418e-06,1.30769907407546e-06,3.64653198316935e-07,1.57160164811242e-06,-1.99249393689888e-06,-4.76957515138521e-07,2.06402949311538e-09,0.000106336087214568,-1.1106039614713e-05,1.23426487968962e-05,3.04164489620116e-05,4.64369167294784e-07,-5.34312986802709e-07,-1.09347391244925e-06
"north_west","beta13",-1.12334308234019e-07,-1.33978073780066e-05,-1.13762709933777e-07,1.81095406525953e-07,2.24999958624334e-08,-1.53297741660621e-08,1.3756017269489e-07,-1.6446366282829e-07,2.43339362934131e-07,-2.25310529822556e-07,8.92522551209836e-08,-2.24314653821602e-08,-3.16876902108123e-08,-9.32891158154307e-08,2.16983776076843e-08,-1.06893901629079e-07,-4.66019366711684e-08,-4.33235147841581e-09,-9.53652473129793e-08,-1.72048091227997e-08,-3.45817379241636e-08,-4.55992647346746e-08,-5.13306130448831e-08,-5.10914607735764e-08,-7.46143379192035e-08,-7.12311343268711e-08,-2.66418007744161e-09,-1.01224697169967e-08,-1.56376742925444e-07,-1.51898349275741e-07,-3.51296183808812e-08,-6.12627478823751e-08,-4.23186266628021e-08,-1.16697112767983e-07,-2.00290813439987e-08,4.80150564979874e-08,-2.95376930386441e-08,2.62916169552966e-08,-2.29082421187375e-08,3.31127393768747e-08,1.1360260542952e-06,8.44677763204551e-07,-3.55047588039709e-06,-1.57610801168674e-06,-1.45206603522437e-06,-9.42372429332806e-07,-2.33194839361036e-08,-1.50393524636845e-06,-5.47186284076417e-06,1.74515989234353e-07,-1.5029494469635e-06,3.15677145192479e-08,9.31229559175623e-07,-1.90219020487845e-06,-4.33721771677681e-07,1.63684858011809e-08,8.28572942617746e-07,1.08277163408169e-09,2.44361239047399e-10,1.94479941126802e-09,-9.58617305429981e-10,5.12901970641923e-09,1.39735337057604e-09,-3.2928844527075e-09,-4.03508885482167e-09,-3.61466079405746e-10,-1.1916688561303e-09,2.03878901238072e-06,8.37063141479517e-06,1.72339235489663e-06,2.19106244915401e-07,1.20721629045796e-06,-1.4625916469474e-06,-1.23363587859156e-06,-1.139188577241e-06,1.29001037823683e-06,4.11341083235747e-07,1.8653822220377e-09,0.000254618319734161,6.72482085114622e-05,-2.47357698399081e-05,-1.19017599848836e-05,1.76097835281149e-06,3.61050818114573e-08,9.29006863339156e-07
"north_west","beta14",1.11398272053315e-07,9.33675664060102e-06,-1.84197827257449e-08,-1.61166897162811e-07,7.86847950648467e-08,7.32143835389507e-08,-1.32281508141188e-07,1.79449763447121e-07,-2.25310529822556e-07,6.54790346232972e-07,-3.6537705318686e-07,6.66060851113908e-08,1.90595818853404e-08,1.34517938401863e-07,-9.8808984300001e-09,1.87838160419649e-07,5.23388252474103e-08,2.25965800537788e-09,1.50806741032183e-07,-1.38823897066361e-09,3.57777115985565e-08,6.5512717796512e-08,8.08387855097329e-08,4.4302112568626e-08,1.17382658020415e-07,8.80841520156649e-08,-4.95317192355098e-09,1.54250381221489e-08,2.32142055719268e-07,1.17790849054323e-07,-1.71596401869165e-08,5.21203499085045e-08,-4.04034451280117e-08,2.59064997918157e-07,2.3614135503343e-08,-7.28765320295137e-08,8.91270056733135e-08,-4.61983389848458e-08,6.25808136004918e-08,-7.9315935283152e-08,2.60430093538213e-07,9.87531755704035e-07,3.2121271320523e-06,2.24061514951309e-06,-1.01432149287328e-06,3.01298661950889e-08,-2.53342615653354e-06,3.3258410302287e-06,-6.57496303109754e-06,-3.762466599581e-07,1.76217383160024e-06,-9.52505496999635e-07,-1.96632419201956e-07,4.10708678404788e-07,1.98212646346411e-07,2.72435075795978e-08,-2.02165005851159e-06,3.97931626336433e-09,3.55445677482595e-09,-3.09828791411517e-09,5.47073702724868e-09,1.02960171624617e-08,-8.99104229184923e-10,5.25542354275345e-09,5.66982353712207e-09,9.99281229170377e-10,7.52362731952483e-09,-3.76753523073778e-06,-6.11967603048542e-06,-7.63282291375e-06,3.45095823848369e-06,-4.82394115287439e-07,2.98228414289344e-06,3.12745069516838e-07,9.00197024599929e-07,-3.01378200365025e-06,-3.32065149666447e-07,1.53645169242944e-09,-4.89207163815388e-05,-6.4900325191395e-05,8.00535581857392e-05,4.22573965920967e-05,-1.52941743137368e-06,-1.76461490080716e-07,-5.07836603848943e-08
"north_west","beta15",3.83261779433903e-07,8.48592332807412e-06,2.38745160251361e-07,-7.65882648393039e-08,-7.34142910491756e-08,-5.30825805458341e-08,-8.54013727889027e-09,-2.76306242616183e-08,8.92522551209836e-08,-3.6537705318686e-07,1.26614197773055e-06,9.26677061983226e-08,2.49238233610788e-07,3.16851002374818e-07,1.37747467848419e-07,-2.49859140754881e-07,1.4372571391931e-07,8.53085752049829e-08,2.18837046790182e-07,1.20718247265975e-07,1.76874123429798e-07,1.24466747354005e-07,2.01095686205763e-07,1.52840271615945e-07,2.77637392491137e-07,1.42644040695509e-07,-8.21117397982885e-10,2.6174916835905e-07,1.28303468651248e-07,4.23089648036262e-07,3.3733033256136e-07,2.46532936528983e-07,4.13740892580911e-07,1.98242136466797e-07,8.57294457858811e-09,5.02473721282835e-09,-3.12397690721188e-08,8.99895761174847e-08,-1.43360102380866e-07,9.21911864807599e-08,-4.54798973639078e-06,-2.00158443979498e-06,-2.66611915025879e-06,1.97665237466772e-06,6.26865862764929e-06,-6.55502896465656e-07,-1.99112463961669e-05,3.51797485209557e-06,-1.10485115443307e-06,-7.06644670923879e-08,5.85514835651208e-07,-2.605687948055e-07,5.73058150790509e-06,1.75823542825333e-06,2.01459453483355e-07,-3.78083940336589e-07,-6.10674975228663e-07,-1.58367261854119e-09,2.71376500128427e-09,-2.6203353801166e-09,-7.86648666355805e-10,-3.96325170289431e-09,-1.40329895240121e-09,8.13111469535582e-09,1.18797731416566e-08,1.49861720142701e-09,9.6790652647126e-10,-3.95885714192179e-06,1.47627222006662e-06,-1.29501999872772e-05,-8.15588066293734e-06,8.94221018919748e-07,-3.68932418760811e-06,-4.40920158020306e-06,5.75838013433789e-06,1.07111489120043e-06,-1.8038823431794e-06,-5.98081679292706e-09,-0.000741405301429311,-1.54330380162369e-05,-0.000219756002742826,-4.35669544177662e-05,-8.73298701378773e-06,3.70828225200877e-06,-6.45360539970805e-06
"north_west","beta16",1.85286958103928e-08,5.10325164365962e-06,-8.0954889727632e-09,-5.54896295653637e-08,5.24487712206762e-08,6.25782662362067e-09,-4.42108065659955e-08,3.00196051583238e-09,-2.24314653821602e-08,6.66060851113908e-08,9.26677061983226e-08,8.02864413973653e-08,6.83361156019081e-08,1.63395403977375e-07,3.741054308048e-08,-9.74214674292478e-08,6.49008264629904e-08,3.17329286034677e-08,1.27634207463125e-07,4.93561078278165e-08,6.23010398869861e-08,7.95808214446588e-08,9.14704628444472e-08,7.491401235127e-08,1.42737490919149e-07,8.84352262929998e-08,8.66947702214405e-10,1.00997922462729e-07,1.27225068400274e-07,1.58898044284536e-07,7.4007129782928e-08,1.11416864109514e-07,7.12534994227161e-08,2.11597789340415e-07,1.29364215329824e-08,-6.37543944960915e-09,-1.95266657388118e-08,4.30499798729814e-08,-4.79529130134156e-08,1.33000393290705e-08,-7.18146570826335e-07,1.51110273989111e-07,2.40417671557093e-06,1.22117124534229e-06,6.20051524188667e-07,-2.6022528070049e-07,-7.49393579070139e-06,8.37873579353362e-07,2.29386008908157e-06,-8.19212808001619e-08,8.32643932798031e-07,-7.10940764873028e-07,8.06198224350563e-07,3.29118848765842e-07,1.44588060574678e-07,-1.17443034231302e-07,-1.06337449000599e-06,3.00522652037719e-10,2.00383975001634e-09,-2.20011927133811e-09,2.18915575440741e-09,4.55365134667504e-09,-3.652066141107e-10,5.88634249593358e-09,4.7988238541754e-09,1.31366504662225e-09,2.19580440801717e-09,-2.0714098507508e-06,-4.52568761756433e-06,1.63825693946229e-07,-3.90931291284812e-07,-8.14149194907886e-08,8.40557704956577e-07,-4.34904436947265e-07,2.33802389593516e-06,-8.72884166130213e-07,-4.99581350600448e-07,-7.79876680837914e-10,-0.000343811120160253,-3.51071845176068e-05,-3.33038957248821e-05,1.20905535171883e-05,-3.42661248200586e-06,1.14905031716102e-06,-1.64268298431859e-06
"north_west","beta17",2.12569344863638e-08,1.59417193855866e-05,-7.24577695670041e-08,-6.53418092510933e-08,3.00485448730198e-09,3.3527106748128e-10,-5.33049740831775e-08,-1.84375605195056e-08,-3.16876902108123e-08,1.90595818853404e-08,2.49238233610788e-07,6.83361156019081e-08,1.63396747408269e-07,1.07970503970867e-07,1.1375784780267e-07,-1.50724278481454e-07,6.80473275556694e-08,9.01120802748172e-08,1.39810805520378e-07,1.02396852366636e-07,9.35961410105229e-08,1.45746332281026e-07,1.17393337555317e-07,1.70095168513735e-07,1.95693142778417e-07,1.59149208982916e-07,1.00510042197009e-08,1.75485491660369e-07,1.78283329823852e-07,2.06312100032912e-07,1.15675744686308e-07,1.70363532757913e-07,1.36965677794458e-07,2.5001057628911e-07,1.53910211218742e-08,-1.691851573955e-08,-2.01469633152198e-08,7.11100948259504e-08,-8.51993852058156e-08,1.45645763984982e-08,-6.64729181038926e-07,4.05084247594601e-07,4.67279579700101e-06,2.20048972781892e-06,2.14591949653695e-06,1.11245406041459e-06,-7.19722481236504e-06,-3.38110564187458e-07,4.35711572264246e-06,-1.0480683675909e-07,1.65847272310599e-06,-6.46457758311159e-07,6.21194246074501e-07,4.66838054469896e-08,6.13530224460156e-08,-7.62217346548471e-08,-4.27305083619155e-07,8.01060011568901e-10,7.63915954836614e-09,5.49480476638277e-10,3.278112538603e-09,1.01280303581443e-08,1.7778046246249e-10,7.49561624852106e-09,5.39102273313197e-09,2.16270330133306e-09,2.24257206630411e-09,9.37400352581556e-08,-1.00353169975618e-05,1.44660702636388e-06,-6.15513076687041e-07,-4.99962563658684e-08,7.19496381271677e-07,-7.10614181585096e-07,1.57231423731949e-06,-5.26558482403635e-08,-3.57955179474377e-07,8.6132400939741e-10,-0.000569015474758938,-6.27238935314972e-05,-5.98214121846413e-05,-6.65022360713812e-06,-5.20716086686061e-06,1.43489355532815e-06,-2.14100148337921e-06
"north_west","beta18",1.99896617809163e-07,8.76405138781784e-06,8.60251442484936e-08,-3.0956348669829e-07,5.07463721592607e-08,-8.28021327652917e-10,-1.2058072830849e-07,4.30767002090523e-08,-9.32891158154307e-08,1.34517938401863e-07,3.16851002374818e-07,1.63395403977375e-07,1.07970503970867e-07,6.48298833255974e-07,-1.25132208872258e-07,-6.20102073030226e-08,1.91687408258926e-07,-2.96944507308192e-08,3.62992574349967e-07,-1.4447230632395e-08,1.424792178188e-07,6.93530236480438e-08,2.08520956072929e-07,5.94146068658728e-08,2.40770304758439e-07,1.50938925385422e-07,-7.31936180962899e-09,8.47917485006326e-08,2.97751932492523e-07,3.32810253388299e-07,1.55084708503225e-07,1.59470663390288e-07,1.50455593518463e-07,2.9648226366411e-07,4.49382386176888e-08,-6.7034406133021e-08,4.87207774403096e-08,2.89547095304098e-08,-7.46925117994148e-08,2.80942861660856e-08,-3.562839952788e-06,-1.18673573261206e-07,6.20116691695429e-06,4.25340712629846e-06,2.50069372488662e-06,-3.17656884304819e-06,-2.06110177396076e-05,-1.9002463504027e-06,5.17733790180811e-06,-4.25559703198494e-07,2.34624995757761e-06,-1.73639112827028e-06,1.43125871672517e-06,2.72791495843098e-06,6.95964107127138e-07,-3.61937650836849e-07,-3.25060953742492e-06,-2.81414363389481e-09,-2.7776923426941e-09,-1.18113084330178e-08,2.48799858138855e-09,-9.31164800778546e-09,-4.62436993909712e-09,1.10492730370813e-08,1.61777676035972e-08,7.7619892617969e-10,1.06774109771727e-08,-8.28744030051433e-06,-1.43095357309153e-05,-7.19252372930709e-06,-1.30633144365516e-06,-5.86337770489276e-07,3.45025792998878e-06,-9.11886074403279e-07,8.23138078086372e-06,-5.16268974848224e-06,-1.61415911231378e-06,-1.23887806199516e-09,-0.000760542341904002,-0.000109546239262049,-1.97510701321364e-05,2.02657826791919e-05,-7.49691018896558e-06,3.96494076807583e-06,-3.1456072066413e-06
"north_west","beta19",-1.87440690064701e-08,7.69286537139631e-06,-4.97603355642658e-08,1.1196278268345e-07,9.16576916066107e-08,-4.68807705216447e-09,-3.32557590855602e-09,-3.51525045391763e-08,2.16983776076843e-08,-9.8808984300001e-09,1.37747467848419e-07,3.741054308048e-08,1.1375784780267e-07,-1.25132208872258e-07,3.82095808218614e-07,-3.56986599666075e-07,2.78348810382008e-08,1.65107571389954e-07,9.37157908102569e-08,1.71929897670083e-07,8.80818878542979e-08,2.01059459388876e-07,1.32457849880029e-07,2.00392732777773e-07,2.2148042112025e-07,1.96370676344312e-07,1.08660405969561e-08,2.49694678856973e-07,1.7280803465252e-07,2.60617020353059e-07,1.36579295090508e-07,2.38311123312743e-07,1.44440486600386e-07,3.14501722998423e-07,4.83550629372569e-10,-9.74342058009926e-11,1.22856191383933e-08,5.01011401459892e-08,-7.65092337929589e-08,2.99608939797737e-08,1.0774967933743e-06,-2.65265863566149e-07,7.9117416259281e-07,-3.01304328951699e-07,-1.46225422943743e-06,2.97642637892267e-06,-3.71787571511267e-06,-1.52617978849238e-06,2.94906490403302e-06,1.11071722048841e-08,-3.5011597771477e-08,-7.96498286250116e-07,-8.5350742161423e-07,-7.22316513053973e-07,-9.24840460717603e-08,-3.08279935623245e-08,-1.39394374452699e-06,3.89847883946387e-09,4.45769841173331e-09,6.2304566693728e-09,3.40542151977355e-09,1.52350034323583e-08,3.23166337247807e-09,5.93573076601145e-09,1.03545358861393e-09,2.63385861791521e-09,4.86061011274672e-09,2.70134665901032e-06,-8.49312561613153e-08,5.47655318506541e-06,7.73862700259248e-07,1.91798596710325e-06,-1.08354357520649e-06,8.56981374858787e-07,-1.66503303151104e-07,1.09168734608144e-06,2.18064987160865e-08,2.00195624892373e-09,-0.000305286804905704,0.000104436167942153,-0.00010081129407388,6.14891673509692e-06,-2.80578645679363e-06,-2.7019622386101e-06,-3.05364864849387e-06
"north_west","beta2",-4.64203648877079e-07,1.02247522462889e-05,4.86842684559968e-08,-1.20002857577078e-06,-1.49823567900493e-06,2.03945837939024e-08,1.23783386237938e-07,7.80894776610725e-08,-1.06893901629079e-07,1.87838160419649e-07,-2.49859140754881e-07,-9.74214674292478e-08,-1.50724278481454e-07,-6.20102073030226e-08,-3.56986599666075e-07,1.22847306450504e-05,3.33556348492939e-08,-1.04942591991729e-07,9.10957201254956e-08,-2.21945456970287e-07,-4.56729982038938e-08,-8.29205366562192e-08,-2.42946476519772e-08,-9.11215903348684e-08,-1.88931914327098e-07,8.97480524861483e-08,-5.35298483188928e-07,-3.5768873041855e-07,2.22231822092222e-07,-1.10001308958342e-07,-2.54085686494914e-07,1.12988451993591e-07,-4.2609223530501e-07,4.54145860057744e-07,2.03075983986549e-07,-2.02505815866724e-07,1.38524833753119e-07,-5.67094855281608e-08,1.86854613456379e-07,-1.42349232525838e-07,4.63851509557335e-06,2.04279395146217e-06,5.30919702688791e-06,3.71272644712865e-07,-4.35060881496024e-06,-1.62751991304733e-05,2.043064986858e-05,-1.0062012781898e-05,1.01496231624225e-05,3.78261178630823e-07,6.96575977850857e-07,2.83477461302637e-06,-5.58383409335808e-06,-4.52776753095632e-06,-2.61705044128284e-06,-2.8184394787189e-07,-4.40983494034687e-06,-6.7728883836892e-09,-1.428669880259e-08,-1.83766716258515e-09,5.32209063730944e-09,2.26546784635262e-08,2.84029804998503e-09,-2.62348979233713e-08,-2.86807279943374e-09,-9.44946492771836e-09,-1.18732815386916e-08,-3.88490224277399e-06,-7.70748563597754e-06,1.21808656579246e-05,1.12769929397024e-05,-2.81753590968494e-07,-7.19666769361325e-07,3.03965344970552e-06,-2.16494552662435e-06,8.92630810957789e-07,1.60280335660094e-06,-2.11527223966258e-08,0.00054490239392309,-0.000226239883873838,0.000221330284029294,-3.62895982194919e-05,4.97974909046014e-06,-3.500403899855e-06,3.49582306514631e-06
"north_west","beta20",-5.71433385494662e-08,-7.84340223120729e-06,7.52434041061788e-08,-1.49228809259441e-07,4.23855660891754e-08,8.09090900501301e-09,-7.70408931927648e-08,2.24362550233293e-08,-4.66019366711684e-08,5.23388252474103e-08,1.4372571391931e-07,6.49008264629904e-08,6.80473275556694e-08,1.91687408258926e-07,2.78348810382008e-08,3.33556348492939e-08,3.23949164422459e-07,7.96071055731278e-09,4.08584202666046e-07,9.43136923114352e-08,1.3863055601469e-07,2.18752508860459e-07,2.27282176431e-07,1.68545722141755e-07,3.2389016907287e-07,2.6678388582751e-07,-8.02563972298419e-09,2.09275285663367e-07,3.48686872416684e-07,3.68741041087543e-07,1.45203441874667e-07,2.63154563472886e-07,1.7327593428872e-07,3.09778485075402e-07,2.71839189030462e-08,-6.65803488463748e-08,6.48175775556686e-08,3.80137078039031e-08,-8.81041397451693e-08,3.02493538709138e-08,-6.37402810413449e-07,1.19690911442911e-07,3.78922251002635e-06,2.05516740982321e-06,-9.44167150457066e-07,-1.37781974480034e-06,-8.87479876211861e-06,-2.83156823315472e-06,4.41469202191735e-06,-2.0710794817389e-07,8.65245969115684e-07,-1.21101521119419e-06,-4.3733180370635e-07,1.15425119391436e-06,1.53834087318328e-07,-7.15221708650399e-08,-2.72600992119726e-06,-1.91641083459348e-09,-2.90724835458358e-09,-3.04498233609632e-09,1.32001916321922e-09,-1.70235273375381e-09,-9.47190292333825e-10,6.33922463148292e-09,4.72494643567169e-09,2.34764767484053e-09,1.1109647354632e-08,-1.41340843439295e-06,-7.35789848617153e-06,-2.56888577681459e-06,1.13102985410829e-06,-2.53613482163824e-07,2.66097646618397e-06,7.21500332670451e-07,3.5317797805671e-06,-3.27831791911519e-06,-5.66122062499889e-07,3.82391810849724e-09,-0.000346387857669885,-3.6187302337547e-05,-4.02546514297e-05,1.56694771264442e-05,-3.26814618318407e-06,-4.74627870000833e-06,-2.65649182592633e-06
"north_west","beta21",1.39565651030891e-08,1.67579810492381e-05,-4.80883115975874e-08,-5.01067453906222e-09,7.81947176915619e-09,2.06423987310615e-08,-3.79849535627025e-08,-2.05176452002358e-08,-4.33235147841581e-09,2.25965800537788e-09,8.53085752049829e-08,3.17329286034677e-08,9.01120802748172e-08,-2.96944507308192e-08,1.65107571389954e-07,-1.04942591991729e-07,7.96071055731278e-09,2.14829399881693e-07,-4.49941061256441e-08,2.00575156209632e-07,8.759023513707e-08,1.82412580581305e-07,1.15252168917416e-07,1.79581761348031e-07,2.29307367887304e-07,1.72705156703525e-07,1.83179533071497e-08,2.07009609013066e-07,1.77466955193233e-07,2.02986477695861e-07,1.03970073687674e-07,2.01808201124688e-07,9.73280993606782e-08,3.02490707118868e-07,8.51107391851838e-09,-1.8227965033106e-08,-1.04892577085098e-08,5.21852406657082e-08,-5.99911928275537e-08,2.99880576843478e-09,3.28377341420629e-07,-6.28271409122394e-07,9.70273632877281e-08,3.48644171750118e-07,-1.72685568711606e-06,3.16158184557928e-06,-8.56861283486525e-07,-6.16278107374449e-08,1.17384172843632e-06,-1.2932260016323e-07,4.77763665312892e-07,-3.32066932718715e-07,-9.75362075765666e-07,-4.83228249801691e-07,-1.09228988402395e-07,3.69169861876349e-08,6.26036454986099e-07,1.12077234981984e-09,5.35153777571189e-09,2.79004056454796e-09,3.78698622454666e-09,8.65355246605648e-09,2.10562626885196e-09,4.65620516344753e-09,7.43203963255692e-10,1.14049293949642e-09,-6.34326107253124e-10,2.42879884135945e-06,1.61067031308546e-07,5.17241347374169e-07,1.8909982771997e-06,-6.70466269506047e-07,8.38871035660629e-07,7.85495828071057e-07,7.0337479762102e-07,4.33422479852628e-08,1.32584839656424e-08,3.01982596889789e-09,-0.000284147651028879,-9.18613231013501e-05,-6.29009879928928e-05,-3.58375789620642e-06,-2.47184074388551e-06,-2.79054324301514e-06,-1.82054573404144e-06
"north_west","beta22",-1.34209327126263e-07,-2.60706748989548e-06,3.66086882540316e-08,-2.1493875769558e-07,1.15556904836712e-07,2.37686343157908e-08,-1.45009341509251e-07,3.50423710024945e-08,-9.53652473129793e-08,1.50806741032183e-07,2.18837046790182e-07,1.27634207463125e-07,1.39810805520378e-07,3.62992574349967e-07,9.37157908102569e-08,9.10957201254956e-08,4.08584202666046e-07,-4.49941061256441e-08,9.19065262536739e-07,-1.99663811335287e-07,2.55213418855168e-07,2.76736018659414e-07,3.42950222141142e-07,2.36960649636149e-07,4.7130937347889e-07,3.81486070817756e-07,-1.94905023997527e-08,2.77978238829024e-07,5.33043942050755e-07,5.8117745872586e-07,1.82971143920195e-07,3.82007220804247e-07,2.66148089650338e-07,4.18101389803205e-07,4.65882822117829e-08,-8.32052249672847e-08,9.04570544211648e-08,2.93445841834165e-08,-8.07347464810124e-08,1.51616129694253e-09,-7.05685140601232e-07,1.6186050743229e-06,1.18482514654716e-05,4.64692374858455e-06,1.00203158985848e-06,-5.67954805549962e-06,-1.0616718555324e-05,-8.04883311477848e-06,9.544654014291e-06,-5.50825861661554e-07,2.35039085109525e-06,-2.34173796288858e-06,-2.04754746045588e-07,1.89654784543324e-06,6.71521910571388e-07,-2.31472440651449e-07,-4.86322641717352e-06,4.63557392103428e-10,-2.88131590879395e-09,-8.10955189225401e-09,2.80381203832071e-09,-1.74278218383677e-09,-2.5814677017064e-09,8.62286607598867e-09,1.10333160537187e-08,2.37505467459029e-09,1.50047799847155e-08,-2.42835710190907e-06,-2.25896655594658e-05,4.53299610161784e-07,1.56455963957157e-06,1.43127685119126e-06,2.92883486152802e-06,8.03117755014502e-07,5.94930185096837e-06,-4.49139518274354e-06,-1.05335544599021e-06,6.57225157676107e-10,-0.000705099309310554,-4.91847003237822e-05,-4.10586201125914e-05,4.50880544151604e-05,-6.62816288260261e-06,-4.06225888466115e-06,-4.15227021942005e-06
"north_west","beta23",1.59918197618121e-07,-8.23210080907129e-07,-1.66323767748613e-07,-6.23439626890639e-08,-6.23097609288903e-09,1.91593222283038e-08,-7.06231433771761e-08,-1.87250197864591e-08,-1.72048091227997e-08,-1.38823897066361e-09,1.20718247265975e-07,4.93561078278165e-08,1.02396852366636e-07,-1.4447230632395e-08,1.71929897670083e-07,-2.21945456970287e-07,9.43136923114352e-08,2.00575156209632e-07,-1.99663811335287e-07,8.13720993643597e-07,-7.72467012582281e-08,3.1953124150474e-07,1.315408004155e-07,2.5005023971689e-07,3.00176106610228e-07,2.03458494348407e-07,3.79111293115988e-08,2.99609147323e-07,2.22305046741487e-07,2.12222104238108e-07,1.43623591016873e-07,1.97312615471741e-07,1.59922919200184e-07,3.06729174103663e-07,7.92476462704605e-09,-4.21103092340928e-08,-2.87209665057309e-08,1.33359805172083e-07,-1.81340367003676e-07,4.31881480568189e-08,-4.2507103519937e-07,-1.57035218041081e-06,-3.21193720693484e-06,4.56092155583555e-08,-1.89121931609634e-06,7.1923058377472e-06,-9.61874630693982e-06,7.62707622823607e-06,2.5904960758778e-06,-4.21982960287411e-09,6.56726403423515e-07,-4.21839993406745e-07,-1.82676527074625e-06,2.6644154787085e-07,-2.19283314556153e-07,1.80488846665493e-07,6.103456237762e-07,-1.70052566150422e-09,4.80789520647803e-09,3.51126021226611e-09,2.98386547977047e-09,6.49871949395832e-09,3.21321725830162e-09,1.1440698032024e-08,2.08907621553322e-09,1.77442845407198e-09,1.82549496433154e-09,3.41515406846482e-06,3.33132821835527e-06,-4.28578546200344e-06,8.80533215566693e-07,-9.30972761734336e-07,2.20054500653419e-06,1.23134281642581e-06,4.59908105176456e-07,-1.35665361667669e-06,-2.14879432129421e-07,4.48438200983769e-09,-0.000365481410351933,-0.000120267649655561,-7.531984910828e-05,-6.25329743282329e-06,-3.25678819971371e-06,-4.12303710597563e-06,-1.51077283653299e-06
"north_west","beta24",-5.59630678315969e-09,4.36412293246811e-06,8.13116543944289e-09,-7.49740968661362e-08,2.75770948077263e-08,9.3611330151505e-09,-3.28276313980256e-08,7.21842324879497e-10,-3.45817379241636e-08,3.57777115985565e-08,1.76874123429798e-07,6.23010398869861e-08,9.35961410105229e-08,1.424792178188e-07,8.80818878542979e-08,-4.56729982038938e-08,1.3863055601469e-07,8.759023513707e-08,2.55213418855168e-07,-7.72467012582281e-08,2.62455126349097e-07,7.88650432569027e-08,2.22019999339618e-07,1.411761894474e-07,2.85446115772882e-07,2.09686420891348e-07,-5.50709908814916e-09,1.83300842080084e-07,2.74049235352705e-07,3.1954966963892e-07,1.41152749682701e-07,2.24883905304348e-07,1.84043317173835e-07,2.47568000791212e-07,3.27314786180602e-08,-4.75774724519664e-08,2.87456577106292e-08,2.85136727873923e-08,-4.24603742079762e-08,4.34963270053925e-09,-1.01776526954204e-06,-2.15025921531487e-07,2.817489810049e-06,2.08885737562911e-06,2.64558984695011e-08,-2.62522271733502e-07,-5.12465664516556e-06,-1.79041435274771e-06,4.28874098310756e-06,-1.25245454952824e-07,1.27926639092402e-06,-1.0399647637683e-06,7.26922822139216e-07,6.099797762618e-07,1.50518873989029e-07,-8.37058858668083e-08,-1.00131928344523e-06,1.50046902234004e-09,4.33595614796981e-09,-4.6299432019183e-10,3.8704919527598e-09,4.98846600775205e-09,-7.33464069598959e-11,6.0611339771108e-09,5.78696322063087e-09,2.98691098155331e-09,2.02102773614896e-09,3.24044235135057e-07,-5.37951982156104e-06,-4.11259441094455e-06,1.17581546005311e-06,2.78631398231707e-08,8.70951396877469e-07,-4.0481851677993e-07,2.6466189310309e-06,-1.18647593002919e-06,-5.42893782545537e-07,3.62204448720197e-10,-0.000386733015670378,-8.38313003464972e-05,-5.43057776152512e-05,4.45590152851279e-06,-3.57610509053449e-06,-2.16488976934501e-06,-3.03032417807769e-06
"north_west","beta25",-4.73789628979485e-08,8.42858691977743e-06,-1.10479539604326e-07,-9.9894563785988e-08,5.28965783657781e-08,2.84573423505687e-08,-1.16645023936928e-07,-7.35549301620293e-09,-4.55992647346746e-08,6.5512717796512e-08,1.24466747354005e-07,7.95808214446588e-08,1.45746332281026e-07,6.93530236480438e-08,2.01059459388876e-07,-8.29205366562192e-08,2.18752508860459e-07,1.82412580581305e-07,2.76736018659414e-07,3.1953124150474e-07,7.88650432569027e-08,4.40116526446132e-07,1.61356191544112e-07,3.89959050618847e-07,4.14210576484945e-07,3.65125464990886e-07,5.90169626757584e-09,3.71737581193709e-07,3.87802499008151e-07,4.15255563157771e-07,1.80539754298401e-07,3.66962940420689e-07,1.97141792040265e-07,5.37258550907015e-07,3.3070389136808e-08,-6.79340227469102e-08,2.19990927939389e-08,9.0911872222141e-08,-1.31235803369486e-07,2.25593030743628e-08,8.72028745099217e-07,-3.03325734997177e-07,3.81859306860178e-06,1.57118772374161e-06,-7.73685814551827e-07,2.64330016542829e-06,-4.84257231534406e-06,-1.81595242599309e-06,6.64640190817464e-06,-3.4386177506056e-07,1.392669850382e-06,-1.22382453081276e-06,-9.49067277294085e-07,4.24062376566278e-07,8.22991476102951e-08,1.25392196874346e-07,-8.806451240434e-07,1.37427180846567e-09,8.15983712708779e-09,4.80202224351488e-09,6.08082945372819e-09,1.21922925376623e-08,2.33243128624285e-09,1.11345226908435e-08,3.67849090015206e-09,3.0664692353576e-09,4.78658572443767e-09,3.73463184089071e-06,-8.530614671749e-06,3.14638876090811e-06,1.36320543941855e-06,-3.67395334332913e-07,1.65231089880088e-06,1.26342099554251e-06,6.82449320786521e-07,-9.35896169928191e-07,-2.41617375885359e-07,4.17416903869768e-09,-0.000561731205586796,-0.000113849357539174,-9.29600888439538e-05,1.3091219924957e-05,-4.91308916302516e-06,-5.21843572584541e-06,-3.33643628072253e-06
"north_west","beta26",-2.22592009512576e-08,6.97949939877598e-06,-1.34779165817344e-07,-1.30122912246765e-07,5.68182901123167e-08,4.26373256678973e-08,-8.63316607142809e-08,1.6627205873769e-08,-5.13306130448831e-08,8.08387855097329e-08,2.01095686205763e-07,9.14704628444472e-08,1.17393337555317e-07,2.08520956072929e-07,1.32457849880029e-07,-2.42946476519772e-08,2.27282176431e-07,1.15252168917416e-07,3.42950222141142e-07,1.315408004155e-07,2.22019999339618e-07,1.61356191544112e-07,4.31507075889271e-07,4.68262872097306e-08,4.68980722406182e-07,2.86039058729139e-07,1.78742588266391e-11,2.81258460601538e-07,4.23335131851628e-07,4.5397016742262e-07,1.7507663550898e-07,3.10904562365614e-07,2.37353138695828e-07,3.82761944242025e-07,4.20055267391432e-08,-7.96815861639374e-08,6.27918258975719e-08,6.42691277453647e-08,-8.98923993288325e-08,-6.34328866263743e-09,-3.48346168568084e-07,1.01631269773486e-06,7.41638967782458e-06,3.30407172201556e-06,-2.51597766020141e-06,-1.85570528970526e-06,-1.13899921430598e-05,-2.57808411940421e-06,7.50860825523807e-06,-2.06929381207149e-07,2.02043788002022e-06,-1.98991968833873e-06,-1.43849669906722e-06,3.24530733115365e-07,3.63032572139552e-08,-1.2171397348005e-07,-2.36080106461195e-06,1.70438995816493e-09,1.19329632406696e-09,-3.11925776225707e-09,4.28976012423074e-09,6.5581895014321e-09,5.93335981506442e-10,1.02347545448349e-08,9.41598633086138e-09,3.09264767338791e-09,1.71668987150598e-08,-1.51540241942133e-06,-1.29497613551677e-05,-3.90068081787102e-07,3.99970820787382e-06,2.27057530907051e-07,3.67019826953704e-06,1.00939102055871e-06,5.47136734524281e-06,-4.83837604268049e-06,-6.09245237198072e-07,1.32415591201124e-09,-0.00049634084230133,-8.1026103783529e-05,-5.20348984056294e-05,1.40111452558317e-05,-4.63339547183553e-06,-3.78722320077612e-06,-3.85812955178153e-06
"north_west","beta27",6.15890647474877e-08,6.25336095531799e-06,4.22669171869179e-11,-1.1272473992318e-07,-2.25805291882102e-08,8.2226595817663e-09,-9.16740293344741e-08,-2.62109099613444e-08,-5.10914607735764e-08,4.4302112568626e-08,1.52840271615945e-07,7.491401235127e-08,1.70095168513735e-07,5.94146068658728e-08,2.00392732777773e-07,-9.11215903348684e-08,1.68545722141755e-07,1.79581761348031e-07,2.36960649636149e-07,2.5005023971689e-07,1.411761894474e-07,3.89959050618847e-07,4.68262872097306e-08,6.50196802083606e-07,1.61218174568068e-07,4.55731475772929e-07,1.42822978936331e-08,3.1669924262082e-07,3.81980762483433e-07,4.47062025493025e-07,2.36705300747696e-07,3.91180826756346e-07,2.38348799378192e-07,5.97235091720792e-07,2.19787793394395e-08,-3.02496374820913e-08,-3.40517498566508e-08,1.16062527719785e-07,-1.5270991280474e-07,4.40741810559607e-08,-2.04532512880369e-07,-7.35525246207476e-07,2.21842250116391e-06,1.49670615666761e-06,1.99558054403043e-06,3.17005293317939e-06,-1.64441207361197e-06,-9.26463669012868e-07,1.14670574843708e-05,-2.31478940255552e-07,1.61970516731747e-06,-1.24854115879638e-06,4.34646907298106e-07,9.20211748704625e-07,2.69890719589235e-07,1.45952086846317e-07,-7.77433599332468e-07,2.15306855726659e-09,1.38317424211867e-08,7.9724035073804e-09,6.84691365873508e-09,1.51421806981416e-08,2.45441764740725e-09,1.37414724964417e-08,5.39727115731018e-09,4.7747035616447e-09,-1.87084784804793e-09,5.56141553367851e-06,-7.54859416476925e-06,2.44816372662581e-06,-1.5138968456738e-06,2.14357373137848e-07,-5.05215798424809e-07,3.04449679152299e-07,-2.49882396834297e-07,8.75169511552114e-07,-4.81357490947811e-07,5.9758713072556e-09,-0.000640581695877508,-0.000137990506375037,-0.00013738483103992,-1.32136269205671e-05,-5.35019406837972e-06,-3.50530215556061e-06,-5.25445141224366e-06
"north_west","beta28",-1.37365567388125e-07,2.44658004116528e-05,-7.94048888123437e-08,-1.68594906381248e-07,1.4525127246087e-07,4.89142296954172e-08,-1.44723334691972e-07,1.84391223509645e-08,-7.46143379192035e-08,1.17382658020415e-07,2.77637392491137e-07,1.42737490919149e-07,1.95693142778417e-07,2.40770304758439e-07,2.2148042112025e-07,-1.88931914327098e-07,3.2389016907287e-07,2.29307367887304e-07,4.7130937347889e-07,3.00176106610228e-07,2.85446115772882e-07,4.14210576484945e-07,4.68980722406182e-07,1.61218174568068e-07,1.06371996514235e-06,1.90571220631612e-07,9.12530785627694e-09,5.91179046287072e-07,5.30218071421465e-07,6.15512068385546e-07,2.52704152666858e-07,4.63964338349178e-07,3.58116438562997e-07,5.71454774957799e-07,6.96480213951259e-08,-1.34149086845075e-07,7.93423852166839e-08,8.36685193102013e-08,-1.29475977453905e-07,2.96064091666061e-09,-9.77808326864322e-07,-1.84853346204931e-07,6.13994358880672e-06,3.40986399592484e-06,-4.36740026665636e-06,2.96062092927351e-06,-1.29720809063747e-05,-2.31613544603496e-06,5.14062925125575e-06,-6.39033254303124e-07,2.27849608708335e-06,-2.23421045512832e-06,-7.06674670506513e-07,7.08232711679102e-07,4.21624428641893e-08,1.09173991848801e-08,-1.55717759672604e-06,2.84419268801084e-09,9.77804211086103e-09,5.68833554493513e-10,1.05671745120975e-08,1.25923918536185e-08,1.36957466175706e-09,1.47337346021064e-08,1.05768503713725e-08,3.94574929018024e-09,1.20540630060216e-08,1.85701644533962e-06,-1.07328656343568e-05,-5.14303765084997e-06,6.54749009272072e-06,-1.57305602094382e-07,3.52883982755002e-06,6.68290004427161e-07,4.40135822403566e-06,-3.73255152085821e-06,-6.48915444782331e-07,-3.12268236338486e-09,-0.000805773047144223,-0.00019494763150718,-0.000114170458317889,4.27513914082723e-05,-7.5807094211629e-06,-6.62253168436536e-06,-4.37647185465331e-06
"north_west","beta29",6.13810431520719e-08,8.23550994481926e-06,-1.55689755598691e-07,-1.95568037878357e-07,-1.63167674143405e-08,4.50835091807434e-08,-1.32348062440827e-07,-2.39261169068487e-09,-7.12311343268711e-08,8.80841520156649e-08,1.42644040695509e-07,8.84352262929998e-08,1.59149208982916e-07,1.50938925385422e-07,1.96370676344312e-07,8.97480524861483e-08,2.6678388582751e-07,1.72705156703525e-07,3.81486070817756e-07,2.03458494348407e-07,2.09686420891348e-07,3.65125464990886e-07,2.86039058729139e-07,4.55731475772929e-07,1.90571220631612e-07,7.67518160617847e-07,1.46809572695486e-08,1.97719767999126e-07,6.62027769501683e-07,5.82306724016163e-07,2.33340574628686e-07,4.51303567470364e-07,2.3943744888523e-07,6.69175838967174e-07,2.64905102553521e-08,-5.42395309081924e-08,1.54132868168134e-08,1.31458502815528e-07,-1.67095861460061e-07,2.59453765331579e-08,9.60677492042278e-07,1.34509188347044e-06,9.72311063094813e-06,3.43363598139511e-06,3.84235777501053e-07,-3.09819622592631e-06,-6.43254694886999e-06,-3.39898453863244e-06,1.67133608957064e-05,-1.02275747159356e-07,2.77360037160818e-06,-2.2760077536554e-06,-2.74625227722947e-06,8.0108326905837e-08,1.41355736005483e-07,5.52999104300407e-08,-2.16515206811073e-06,1.14932674380976e-09,7.56104100966608e-09,4.66292278407121e-09,5.92654862801881e-09,1.31856906153687e-08,2.06132999676464e-09,1.49567158276055e-08,9.18882779121314e-09,6.28345481816367e-09,1.20119652160497e-08,2.76083604948171e-06,-1.84980610911243e-05,7.71666901623798e-06,7.77333786208438e-07,-8.21836262910792e-07,4.02556454966743e-06,2.61104995111129e-06,3.91294412097095e-06,-4.30338815189877e-06,-6.36502483334708e-07,6.16970367500148e-09,-0.000646219132275969,-0.000111684067221447,-4.48155908854003e-05,-9.22565824401682e-06,-5.27247760708702e-06,-5.29636411826221e-06,-5.58003337970815e-06
"north_west","beta3",6.61342792983818e-08,1.2255331621555e-06,9.65625192843433e-08,-4.82526759463493e-08,4.40353785609746e-08,3.5883664176972e-09,-8.47167629094587e-09,-2.30959553049665e-09,-2.66418007744161e-09,-4.95317192355098e-09,-8.21117397982885e-10,8.66947702214405e-10,1.00510042197009e-08,-7.31936180962899e-09,1.08660405969561e-08,-5.35298483188928e-07,-8.02563972298419e-09,1.83179533071497e-08,-1.94905023997527e-08,3.79111293115988e-08,-5.50709908814916e-09,5.90169626757584e-09,1.78742588266391e-11,1.42822978936331e-08,9.12530785627694e-09,1.46809572695486e-08,1.03492284872112e-07,-6.88424422815607e-09,1.32839283545021e-08,-2.94619164349417e-08,2.37106795049449e-08,-2.90496011719205e-08,1.38172636514219e-08,-5.5314794421032e-09,-7.06818177467939e-08,7.46133341293383e-08,-5.40251738011305e-08,2.34640383132922e-08,-1.19268173043275e-08,1.22256670278606e-08,-9.57450757283024e-07,-8.90322051412384e-08,-5.36308301540855e-07,-2.80192810484664e-08,3.75569137184164e-07,3.68386952076643e-07,3.8522145620808e-07,4.54701425397113e-07,6.66612373021762e-07,6.09464754918656e-09,-1.84282323568147e-08,-6.10260817925684e-07,-5.25849248025681e-07,5.08255236241462e-07,4.68167064345146e-09,2.96996342631032e-08,4.98521535804943e-07,6.12751540659304e-10,7.67742255041227e-10,-7.34426098021081e-10,1.03847087408151e-10,4.951272255253e-10,1.05310084658512e-09,1.25670068802921e-09,5.75785713333879e-10,9.50086869359458e-10,1.54532707555906e-09,6.34892520930636e-07,-1.59114385387965e-07,-7.11997105949527e-07,-6.59540626387896e-07,1.25473200487638e-06,-9.2565267889232e-08,-5.93372122237956e-07,2.03457365999973e-07,-3.34236416877804e-08,-1.15758016138554e-08,1.24556575343367e-10,-3.78707000535433e-05,-4.26055916753839e-06,1.67100339341354e-06,4.36256039456796e-06,-1.21291150831047e-07,1.01934133259356e-07,1.49792938814194e-07
"north_west","beta30",-1.45548404808395e-07,4.27925375126642e-06,-1.23714091323056e-07,-2.59177890093832e-08,1.20356332225752e-07,1.40050954186094e-08,-6.16064762853113e-08,-3.73964217600766e-08,-1.01224697169967e-08,1.54250381221489e-08,2.6174916835905e-07,1.00997922462729e-07,1.75485491660369e-07,8.47917485006326e-08,2.49694678856973e-07,-3.5768873041855e-07,2.09275285663367e-07,2.07009609013066e-07,2.77978238829024e-07,2.99609147323e-07,1.83300842080084e-07,3.71737581193709e-07,2.81258460601538e-07,3.1669924262082e-07,5.91179046287072e-07,1.97719767999126e-07,-6.88424422815607e-09,6.00594892805315e-07,2.09077650220046e-07,4.07457742773814e-07,2.15857558271163e-07,3.73081174869323e-07,3.14287571227905e-07,3.93396212341698e-07,5.48250640963507e-08,-7.81638146417634e-08,1.20874360318156e-08,9.93874785945005e-08,-1.36338904243622e-07,2.67686023228916e-08,5.25698060636636e-07,-6.33403773232073e-07,1.18407735662564e-06,1.70159672303681e-06,-2.49376438099847e-06,5.13386386688961e-06,-8.88135630613442e-06,1.00040128525872e-08,3.58337166646963e-06,-3.55954017677632e-07,1.28098824678998e-06,-1.42542844651359e-06,-3.76636494645154e-07,4.57667218419203e-07,-5.80328515375611e-08,1.04793472891231e-07,-7.03686059967987e-07,5.05155236100417e-09,1.15321079283774e-08,4.46221656564328e-09,7.23914964495101e-09,1.86559111287734e-08,3.21789298000236e-09,1.33166016953947e-08,5.9249591438459e-09,3.59236012218476e-09,4.52851226059115e-09,2.76677462091494e-06,-3.98714382136401e-06,-2.39730355857077e-06,3.75335111128372e-06,1.09007389507903e-06,-8.21420510922022e-07,7.88451992289593e-07,-1.76992008385016e-07,1.0855471681901e-06,-3.05553851403066e-07,1.77458696096456e-09,-0.000646663303886002,-0.000118009498841474,-0.000192291235131364,1.97606496344164e-05,-6.01378870731974e-06,-4.58010606698911e-06,-3.70628691462486e-06
"north_west","beta31",1.31356814642094e-07,1.76702101839635e-05,-2.90551161749556e-07,-2.57950487308302e-07,9.75512496732585e-09,6.51480414759001e-08,-1.88260968437463e-07,6.81128985577878e-08,-1.56376742925444e-07,2.32142055719268e-07,1.28303468651248e-07,1.27225068400274e-07,1.78283329823852e-07,2.97751932492523e-07,1.7280803465252e-07,2.22231822092222e-07,3.48686872416684e-07,1.77466955193233e-07,5.33043942050755e-07,2.22305046741487e-07,2.74049235352705e-07,3.87802499008151e-07,4.23335131851628e-07,3.81980762483433e-07,5.30218071421465e-07,6.62027769501683e-07,1.32839283545021e-08,2.09077650220046e-07,1.03153342231933e-06,8.3007466956334e-07,2.56338494821435e-07,5.42660154906862e-07,2.60670135768707e-07,9.0557904130615e-07,5.46011238300496e-08,-1.21251487854902e-07,1.07636675741259e-07,7.56901263509742e-08,-1.24036001497571e-07,-7.21921488175214e-09,-1.07031824299138e-06,1.25789666462771e-06,1.56709534908394e-05,5.35541114352845e-06,9.24502633074957e-07,-6.25284115927294e-06,-9.60890856297701e-06,-6.71066119467876e-06,1.98718019334621e-05,-4.41203022787669e-07,3.98493670110861e-06,-3.02920494798251e-06,-6.09868375096472e-06,1.16491652527541e-06,5.10081298184946e-07,-4.088489218899e-08,-2.97591633302367e-06,-3.84189846533158e-10,7.33447814679805e-09,2.50218967455393e-09,1.04749664188934e-08,1.01387984859383e-08,2.04736756824459e-09,1.81551330330976e-08,1.30941063046172e-08,6.77405934122189e-09,2.74849566095552e-08,1.16477576122286e-06,-2.80950765557828e-05,6.36364226899867e-06,9.50191013215059e-07,-1.42319381171627e-06,7.06699882384237e-06,4.91305660080997e-06,7.91958007584451e-06,-8.09048377288979e-06,-1.01325321450045e-06,1.45030119001589e-09,-0.000782383023384289,-0.000161630484038894,7.37648360108156e-05,1.45545119619327e-05,-6.68760562367661e-06,-6.27456068199795e-06,-6.82195110397818e-06
"north_west","beta32",2.19063687563904e-07,2.40103547922729e-05,-1.35884691897447e-08,-1.6689596617474e-07,1.05000106264386e-07,6.55626753005498e-08,-2.26763565765202e-07,8.15743281215909e-08,-1.51898349275741e-07,1.17790849054323e-07,4.23089648036262e-07,1.58898044284536e-07,2.06312100032912e-07,3.32810253388299e-07,2.60617020353059e-07,-1.10001308958342e-07,3.68741041087543e-07,2.02986477695861e-07,5.8117745872586e-07,2.12222104238108e-07,3.1954966963892e-07,4.15255563157771e-07,4.5397016742262e-07,4.47062025493025e-07,6.15512068385546e-07,5.82306724016163e-07,-2.94619164349417e-08,4.07457742773814e-07,8.3007466956334e-07,1.75566380643194e-06,4.71918688127614e-07,1.08435798299775e-06,6.5467739400942e-07,1.31454248855311e-06,8.45687414882319e-08,-1.31873844638233e-07,4.95042908914687e-08,1.26125729615539e-07,-1.52058710728411e-07,1.8453053319701e-08,-1.77555127509281e-06,6.90043043388383e-07,1.61950718670639e-05,4.49138760529407e-06,-2.44811240934429e-06,-6.97126823445322e-06,-1.30178846992948e-05,-2.01867885681497e-06,2.81920991936258e-05,-1.35285618637786e-07,3.51830516596901e-06,-2.69096231975848e-06,-2.16468811077597e-06,2.46724792019395e-06,8.32655507211963e-07,-3.08808048864917e-07,-7.13756941210335e-06,3.55387365289085e-09,-2.25429079408595e-09,2.18386754081042e-09,7.74725374864939e-09,1.33962227290919e-08,7.41176016983127e-10,1.88941796540662e-08,1.53563583314822e-08,9.43356981161727e-09,2.36082955627291e-08,-1.88117462442772e-06,-2.53494751667657e-05,1.28135216626799e-05,1.10689823420618e-06,4.78316529449542e-07,4.55797417130411e-06,2.24906260038736e-06,1.05726423878546e-05,-8.16149236074756e-06,-2.1746064446941e-06,-4.24415620150348e-10,-0.000908628071265636,-0.000124617754200576,-0.000328230240797962,2.55088580004496e-05,-8.40504593740312e-06,-5.96254525826127e-06,-2.06411231851329e-05
"north_west","beta33",7.55676249606863e-08,1.80349336910246e-05,1.90696316052478e-07,-1.33735136445303e-07,4.32228043863101e-08,2.10974867247728e-08,-1.02768511146833e-07,3.1668034785953e-08,-3.51296183808812e-08,-1.71596401869165e-08,3.3733033256136e-07,7.4007129782928e-08,1.15675744686308e-07,1.55084708503225e-07,1.36579295090508e-07,-2.54085686494914e-07,1.45203441874667e-07,1.03970073687674e-07,1.82971143920195e-07,1.43623591016873e-07,1.41152749682701e-07,1.80539754298401e-07,1.7507663550898e-07,2.36705300747696e-07,2.52704152666858e-07,2.33340574628686e-07,2.37106795049449e-08,2.15857558271163e-07,2.56338494821435e-07,4.71918688127614e-07,3.80371927508619e-07,2.54786071457984e-07,3.92937862064162e-07,3.9693767211017e-07,3.59139535947731e-09,-2.78659081458671e-09,-3.37883703397545e-08,9.22499153410521e-08,-1.12429212603929e-07,3.95535802010318e-08,-9.52805976871287e-07,-1.37173022838601e-08,1.23604456185145e-06,9.52929480587014e-07,-1.33365990916095e-06,2.38107874838867e-07,-6.65354254014093e-06,-1.04074406247713e-06,9.21909207754979e-06,-1.71192017072615e-07,9.14785448316062e-07,-1.22013368455288e-06,-6.11894170056319e-07,1.66265294663467e-07,8.73736495811715e-08,-7.40334613954764e-08,-1.48493294290882e-06,2.49872433390711e-09,3.11297473637511e-09,2.08338272745534e-09,3.48644835563239e-09,4.97054944699227e-09,4.74350307222783e-10,9.03817642699994e-09,7.60581820090732e-09,4.81602149064719e-09,2.7837737260186e-09,-9.77160746709268e-07,-1.53250421714458e-06,4.28679953268461e-07,6.58658618099365e-07,6.17719240531406e-07,1.34451195767805e-06,-1.25577483208976e-07,3.16013023784503e-06,-1.87188111140449e-06,-6.58850310404383e-07,8.26603725354691e-09,-0.000445215402225486,-4.08337434738975e-05,-0.000217706487724236,1.9323312350688e-06,-4.33353426597633e-06,-1.37516661408239e-06,-8.36830295737932e-06
"north_west","beta34",-2.75495728857684e-09,1.64407922467689e-05,1.99948496300043e-08,-1.14042015064819e-07,5.98285207893527e-08,1.4267230603944e-08,-6.46486012538686e-08,-1.81987273234149e-08,-6.12627478823751e-08,5.21203499085045e-08,2.46532936528983e-07,1.11416864109514e-07,1.70363532757913e-07,1.59470663390288e-07,2.38311123312743e-07,1.12988451993591e-07,2.63154563472886e-07,2.01808201124688e-07,3.82007220804247e-07,1.97312615471741e-07,2.24883905304348e-07,3.66962940420689e-07,3.10904562365614e-07,3.91180826756346e-07,4.63964338349178e-07,4.51303567470364e-07,-2.90496011719205e-08,3.73081174869323e-07,5.42660154906862e-07,1.08435798299775e-06,2.54786071457984e-07,1.02372553098714e-06,1.35340301604212e-07,1.44129345319642e-06,6.54814170878416e-08,-1.00037668329775e-07,5.07746269237228e-08,9.93811876283781e-08,-1.29612980229728e-07,2.47677476671508e-08,4.37719718304137e-07,1.05861365700681e-07,9.03780930262535e-06,1.87861794342703e-06,-2.69315150925465e-06,-2.16951685039989e-06,-8.67293992187501e-06,-4.07603551515676e-06,1.63762975780462e-05,-8.29371493883307e-08,1.55263588265272e-06,-2.27497313874535e-06,-1.15760883971741e-06,1.08582703462235e-06,4.89122936503901e-07,-1.88224307079126e-07,-4.97684822930071e-06,3.94472365256178e-09,-5.46766456422362e-10,3.78683504352502e-09,4.94194502922156e-09,1.48149112242891e-08,2.51587858675643e-09,1.34560422665784e-08,6.794495010808e-09,6.4587454963789e-09,1.11563353060435e-08,-4.56192549134653e-07,-1.37584443965282e-05,1.3248189045942e-05,7.66110465008832e-07,1.23469825305717e-06,2.58869083905957e-06,2.3415415654089e-07,5.77685202047902e-06,-4.38106756730558e-06,-1.09060991967916e-06,-3.71640415866889e-09,-0.000698848053170678,-8.90001734143804e-05,-0.000254509066197376,1.65161650499867e-05,-6.15137082337146e-06,-5.07119706470874e-06,-1.28405629003475e-05
"north_west","beta35",1.59537467226488e-07,6.45232741856243e-06,-2.7885334283743e-08,-8.89955220435652e-08,7.67785760538517e-08,5.33086444511949e-08,-1.65209373935805e-07,5.41798645349001e-08,-4.23186266628021e-08,-4.04034451280117e-08,4.13740892580911e-07,7.12534994227161e-08,1.36965677794458e-07,1.50455593518463e-07,1.44440486600386e-07,-4.2609223530501e-07,1.7327593428872e-07,9.73280993606782e-08,2.66148089650338e-07,1.59922919200184e-07,1.84043317173835e-07,1.97141792040265e-07,2.37353138695828e-07,2.38348799378192e-07,3.58116438562997e-07,2.3943744888523e-07,1.38172636514219e-08,3.14287571227905e-07,2.60670135768707e-07,6.5467739400942e-07,3.92937862064162e-07,1.35340301604212e-07,1.00358781965004e-06,-7.24538966677986e-07,1.53366577526378e-08,-1.77440280410669e-08,-2.62964407795127e-08,8.83986099283229e-08,-1.09499679409554e-07,2.37786514225134e-08,-5.89772488416722e-07,1.2234758827368e-06,6.96187959174086e-06,3.06528155762548e-06,3.11772397650985e-07,8.08595339354455e-07,-6.77674792496293e-06,1.61629262743557e-06,1.0501528788948e-05,-3.34047268317704e-07,2.40348704861875e-06,-1.0775396236655e-06,-3.84759532288379e-07,2.15090837567423e-07,8.50651376757214e-08,4.64238728287818e-08,-2.57160282980785e-06,4.72239208363613e-09,5.08140446203818e-09,4.92289408045157e-09,6.2507763566655e-09,1.14638541691642e-08,-6.82199983656298e-10,1.35543449065629e-08,1.07999722437582e-08,4.93537109314112e-09,1.38679533391795e-09,-4.05125684319035e-07,-1.01523855785343e-05,-3.75738012866851e-06,1.77088554569752e-06,2.06440221053995e-07,5.89278364177717e-07,-2.74397938291596e-07,2.65423410117977e-06,-1.76651831281925e-06,-9.58922645131909e-07,8.48770184773087e-09,-0.000483460909616181,-9.76624950364615e-05,-0.000261268246773598,4.57861916692286e-06,-4.80595241903687e-06,-2.38188371695377e-06,-9.77668473341186e-06
"north_west","beta36",-1.67322200971044e-07,5.54217530977824e-05,1.78273763335179e-07,-2.75269284293362e-07,1.52017537738142e-08,9.9749341541846e-08,-1.6749514606074e-07,-5.64190049913233e-09,-1.16697112767983e-07,2.59064997918157e-07,1.98242136466797e-07,2.11597789340415e-07,2.5001057628911e-07,2.9648226366411e-07,3.14501722998423e-07,4.54145860057744e-07,3.09778485075402e-07,3.02490707118868e-07,4.18101389803205e-07,3.06729174103663e-07,2.47568000791212e-07,5.37258550907015e-07,3.82761944242025e-07,5.97235091720792e-07,5.71454774957799e-07,6.69175838967174e-07,-5.5314794421032e-09,3.93396212341698e-07,9.0557904130615e-07,1.31454248855311e-06,3.9693767211017e-07,1.44129345319642e-06,-7.24538966677986e-07,4.62951322655188e-06,8.58079581760277e-08,-1.48752310880661e-07,7.82576743287596e-08,1.72439730170357e-07,-1.82538514505168e-07,-4.19824086753937e-08,9.78457629584373e-07,1.01323618446521e-06,1.16069613315056e-05,2.34470252173606e-06,-8.64204217402851e-06,-7.50333856617289e-06,-1.41872356646887e-05,-8.93733883163691e-06,2.63657755411055e-05,-9.88202348546469e-09,2.37666801012074e-06,-4.22846440369353e-06,-2.92882980895483e-06,6.09337867043412e-07,5.20667006686196e-07,-4.36720702310232e-07,-5.40653842357152e-06,7.39323288636448e-09,1.06428913430093e-08,3.49266178803896e-09,1.1538524106454e-08,3.09893340541411e-08,6.67831134974824e-09,2.12113412265774e-08,1.05998460812155e-08,1.26855431403725e-08,3.23460188800406e-08,8.25518196387589e-07,-2.20595022940266e-05,2.99162638921541e-05,5.54880758442538e-06,2.34771494477372e-06,6.63546520633434e-06,2.4854803792172e-06,1.06278090204311e-05,-9.93525464093916e-06,-5.18615350694237e-07,-3.42706729668773e-09,-0.00105962308198537,-8.94473899782313e-05,-0.000278588523316882,1.45304171442801e-05,-9.49486151194982e-06,-3.18348681042231e-06,-1.7464196465667e-05
"north_west","beta4",-1.58673150494437e-08,-2.18941880802042e-06,-1.6031477774564e-07,1.10886539812883e-09,-1.79392779215484e-08,5.25967447143844e-09,-2.21684497016327e-08,7.99218846865872e-09,-2.00290813439987e-08,2.3614135503343e-08,8.57294457858811e-09,1.29364215329824e-08,1.53910211218742e-08,4.49382386176888e-08,4.83550629372569e-10,2.03075983986549e-07,2.71839189030462e-08,8.51107391851838e-09,4.65882822117829e-08,7.92476462704605e-09,3.27314786180602e-08,3.3070389136808e-08,4.20055267391432e-08,2.19787793394395e-08,6.96480213951259e-08,2.64905102553521e-08,-7.06818177467939e-08,5.48250640963507e-08,5.46011238300496e-08,8.45687414882319e-08,3.59139535947731e-09,6.54814170878416e-08,1.53366577526378e-08,8.58079581760277e-08,8.24278225717897e-08,-1.20119989944877e-07,8.11596490571143e-08,-1.54801056274822e-08,-9.32372666353837e-11,-1.71018235921653e-08,1.7621281226778e-07,1.76637806765295e-07,1.4485077621506e-06,7.82480685460073e-07,-2.09932953257601e-07,1.43630740435167e-06,-1.37853037052331e-06,1.83755052815286e-07,1.47853999715925e-06,-1.03538642276018e-07,6.27548323334242e-07,-1.93754870861996e-08,-4.29399885223247e-07,-8.97606002956703e-08,1.24877018120482e-07,2.5487948006102e-08,5.2752797741704e-07,3.69731229119605e-10,3.3592267531384e-09,1.43901340576234e-09,1.21007515716207e-09,3.05054881155033e-09,-6.42770198732614e-10,2.31579535513184e-09,2.32053653022129e-09,-3.25126317249892e-10,-2.61925121632563e-10,6.71713405772484e-07,-3.15672103043669e-06,-6.9638023541583e-07,1.0650495936347e-06,-7.98760710819322e-07,8.16626137952472e-07,9.72850539712072e-07,2.72905938214731e-07,-8.53200084600504e-07,-8.22381321846323e-08,1.67511819234483e-09,-8.65154855187313e-05,-3.40835931918198e-05,-4.62472517436267e-06,-1.62935154841125e-06,-7.66616123752642e-07,-3.53647135928602e-07,-5.79545898539782e-07
"north_west","beta5",5.04072290673512e-08,8.22138457020108e-06,1.72856218831899e-07,8.66047160267319e-08,2.22204439882601e-08,-2.26809445281475e-08,6.8104271266255e-08,-2.72023973936699e-08,4.80150564979874e-08,-7.28765320295137e-08,5.02473721282835e-09,-6.37543944960915e-09,-1.691851573955e-08,-6.7034406133021e-08,-9.74342058009926e-11,-2.02505815866724e-07,-6.65803488463748e-08,-1.8227965033106e-08,-8.32052249672847e-08,-4.21103092340928e-08,-4.75774724519664e-08,-6.79340227469102e-08,-7.96815861639374e-08,-3.02496374820913e-08,-1.34149086845075e-07,-5.42395309081924e-08,7.46133341293383e-08,-7.81638146417634e-08,-1.21251487854902e-07,-1.31873844638233e-07,-2.78659081458671e-09,-1.00037668329775e-07,-1.77440280410669e-08,-1.48752310880661e-07,-1.20119989944877e-07,2.9667012637267e-07,-3.26613204492139e-07,1.27222997399178e-07,-6.03393768849266e-08,6.42655584922988e-08,-3.72675619653743e-07,-6.77847665719298e-08,-2.55178058858074e-06,-1.65276912315437e-06,1.16616667794839e-06,-2.89560344888437e-06,-8.94484372735764e-07,-2.48459204342244e-07,8.27556751943414e-07,2.41701664051845e-07,-8.81232643391826e-07,-2.61987808946515e-07,9.28444374382821e-07,-2.93337987186904e-07,-2.6019361511891e-07,-9.68591048796183e-08,-8.11593450773731e-07,-1.28929816736368e-09,-6.6223349569959e-09,6.53901670281575e-10,-9.76349111942708e-10,-5.1541034466775e-09,1.1383990664806e-09,-4.35812766593261e-09,-3.29898715457992e-09,1.83567910423611e-09,4.41211954470063e-09,-1.78442737846187e-06,6.59741444498433e-06,3.64203961915821e-06,-3.13430400416107e-06,2.24503546022519e-06,-2.30218574739122e-06,-1.79595701433188e-06,-3.74936787740007e-07,2.54360635959981e-06,2.07299220606522e-08,-5.23307997659609e-09,0.000101070814778721,5.36316471916449e-05,-5.23964278964577e-06,-8.71871153189402e-06,9.94228915237206e-07,1.72064014304541e-06,5.16502564888636e-07
"north_west","beta6",-6.47712625396841e-08,-1.32216331098295e-05,8.04984173381787e-08,-7.09282366347718e-08,-4.00252537160451e-08,5.82720374984826e-08,-5.42535055445806e-08,3.35235024683651e-08,-2.95376930386441e-08,8.91270056733135e-08,-3.12397690721188e-08,-1.95266657388118e-08,-2.01469633152198e-08,4.87207774403096e-08,1.22856191383933e-08,1.38524833753119e-07,6.48175775556686e-08,-1.04892577085098e-08,9.04570544211648e-08,-2.87209665057309e-08,2.87456577106292e-08,2.19990927939389e-08,6.27918258975719e-08,-3.40517498566508e-08,7.93423852166839e-08,1.54132868168134e-08,-5.40251738011305e-08,1.20874360318156e-08,1.07636675741259e-07,4.95042908914687e-08,-3.37883703397545e-08,5.07746269237228e-08,-2.62964407795127e-08,7.82576743287596e-08,8.11596490571143e-08,-3.26613204492139e-07,6.60988896478361e-07,-4.53464582998425e-07,3.06128569116061e-07,-1.56165580930474e-07,8.64189214665469e-07,3.86515415274044e-07,2.80242742588206e-06,1.69827552736198e-06,-2.03678263273184e-06,1.38499492483324e-06,3.93768151900193e-06,-1.61306573383754e-06,-7.27879538386237e-06,-2.45358187973674e-07,1.39883484002004e-07,8.26231062686911e-08,-1.08872868829261e-07,5.67791213651512e-07,6.10706929226526e-07,8.18496170622844e-08,2.3651075892101e-07,1.79484655651211e-09,8.15075477739397e-09,-2.3580335836132e-10,2.02021832098049e-10,1.09665481905398e-08,-2.01662075786688e-10,2.8450935354397e-09,2.490315750811e-09,-2.54585544691767e-09,-5.32037579759589e-09,-3.93096245620876e-07,-6.66684031637158e-06,-4.49257675307571e-06,4.10380233397167e-06,-2.17089436946534e-06,2.1634420499208e-06,4.35603458436651e-07,1.2389438054045e-07,-3.05974927984861e-06,-9.89653011494691e-08,9.68755650308134e-10,8.75430317939062e-05,3.50581747354114e-05,4.00944596764724e-05,-4.54405134965423e-07,4.93693614955038e-07,-2.22512062412458e-06,3.88644105710002e-07
"north_west","beta7",1.17345440873502e-08,9.14365745088869e-06,-3.03795990717871e-07,3.58358819795225e-08,4.69470247623253e-08,-6.35567093443922e-08,3.76551548760127e-08,-4.68560269885833e-08,2.62916169552966e-08,-4.61983389848458e-08,8.99895761174847e-08,4.30499798729814e-08,7.11100948259504e-08,2.89547095304098e-08,5.01011401459892e-08,-5.67094855281608e-08,3.80137078039031e-08,5.21852406657082e-08,2.93445841834165e-08,1.33359805172083e-07,2.85136727873923e-08,9.0911872222141e-08,6.42691277453647e-08,1.16062527719785e-07,8.36685193102013e-08,1.31458502815528e-07,2.34640383132922e-08,9.93874785945005e-08,7.56901263509742e-08,1.26125729615539e-07,9.22499153410521e-08,9.93811876283781e-08,8.83986099283229e-08,1.72439730170357e-07,-1.54801056274822e-08,1.27222997399178e-07,-4.53464582998425e-07,5.38502640294212e-07,-5.02542893177324e-07,1.97161839929102e-07,-4.1850475477544e-07,1.03182611783162e-06,1.58742359480132e-06,-1.5868426285144e-07,1.08010759223207e-07,5.1412000862996e-07,-9.08744534779845e-06,4.15006154705368e-07,1.10575144842761e-05,1.55606560159802e-07,9.09636211374631e-07,-1.12646048937038e-06,-2.25667100193309e-06,-9.10494272789799e-07,-7.61399218596889e-07,-2.12796859078718e-08,-1.53549143212832e-06,2.34652968120468e-10,-3.27990601118432e-09,-1.25214153214909e-09,2.69689355522075e-09,-6.2376567648705e-09,3.91109422859329e-10,3.06495805148802e-09,1.60985033068188e-09,2.2284600794171e-09,1.28376335325985e-08,2.18625512762801e-06,-2.14298443103568e-06,8.53050687227839e-06,-5.34059141605632e-07,2.29653740992986e-06,9.39858295595468e-07,1.12129722645413e-06,1.68238633563618e-06,-5.79666815455925e-07,2.52549110357604e-07,4.35528433882106e-09,-0.000273628741471334,-4.77850287661213e-05,-6.69098888203359e-05,7.33797544997505e-07,-2.15566669929164e-06,4.40139617963404e-07,-2.0841792792306e-06
"north_west","beta8",-8.4379414743617e-08,3.76724338628576e-06,2.51684508950033e-07,-6.16059145302897e-08,-1.4992291464489e-08,1.14200457611293e-07,-7.63279736523748e-08,8.79584937210857e-08,-2.29082421187375e-08,6.25808136004918e-08,-1.43360102380866e-07,-4.79529130134156e-08,-8.51993852058156e-08,-7.46925117994148e-08,-7.65092337929589e-08,1.86854613456379e-07,-8.81041397451693e-08,-5.99911928275537e-08,-8.07347464810124e-08,-1.81340367003676e-07,-4.24603742079762e-08,-1.31235803369486e-07,-8.98923993288325e-08,-1.5270991280474e-07,-1.29475977453905e-07,-1.67095861460061e-07,-1.19268173043275e-08,-1.36338904243622e-07,-1.24036001497571e-07,-1.52058710728411e-07,-1.12429212603929e-07,-1.29612980229728e-07,-1.09499679409554e-07,-1.82538514505168e-07,-9.32372666353837e-11,-6.03393768849266e-08,3.06128569116061e-07,-5.02542893177324e-07,6.31952937314909e-07,-2.91401207383477e-07,8.86126518043785e-07,-1.03349372582282e-06,-2.99211173294289e-06,-5.53899566497611e-07,-1.35313711494049e-07,-1.62213355960414e-06,1.19378396994972e-05,3.65880423638361e-07,-1.19911613149007e-05,-2.23618796647915e-07,-1.07750601738014e-06,9.85837653709641e-07,1.56110880658964e-06,2.03250838559156e-07,4.61826940217531e-07,-1.52031349333134e-08,2.16782641203647e-06,1.86445275168749e-09,5.08832417815935e-09,5.22522087716653e-09,-1.36487240827739e-09,1.22097701487329e-08,6.04858596332362e-10,-2.96004396549084e-09,-2.04019649559049e-09,-8.14119062786758e-10,-1.48117035117706e-08,-2.49300935054365e-06,5.56239521705083e-06,-8.07998472367218e-06,1.0949760834274e-08,-2.13189372688908e-06,-1.20637474689954e-06,-7.61594848611055e-07,-1.77203580549608e-06,1.5693752888475e-06,-1.84976139304932e-07,-3.87341904677957e-09,0.00037784440627493,2.85614021329111e-05,7.09523234289122e-05,1.26385301694296e-05,3.08061419303443e-06,3.73639258366229e-07,1.9247399998666e-06
"north_west","beta9",1.45691408928938e-07,-1.01954380975724e-05,-2.92674404726465e-08,2.12852491513525e-08,-3.52358778419043e-08,-1.49536979363598e-07,1.49199953667174e-07,-6.06616870401305e-08,3.31127393768747e-08,-7.9315935283152e-08,9.21911864807599e-08,1.33000393290705e-08,1.45645763984982e-08,2.80942861660856e-08,2.99608939797737e-08,-1.42349232525838e-07,3.02493538709138e-08,2.99880576843478e-09,1.51616129694253e-09,4.31881480568189e-08,4.34963270053925e-09,2.25593030743628e-08,-6.34328866263743e-09,4.40741810559607e-08,2.96064091666061e-09,2.59453765331579e-08,1.22256670278606e-08,2.67686023228916e-08,-7.21921488175214e-09,1.8453053319701e-08,3.95535802010318e-08,2.47677476671508e-08,2.37786514225134e-08,-4.19824086753937e-08,-1.71018235921653e-08,6.42655584922988e-08,-1.56165580930474e-07,1.97161839929102e-07,-2.91401207383477e-07,2.70191865991649e-07,-1.08911836792036e-06,2.00330203327221e-07,-9.14688747489219e-07,-5.81025651882e-07,3.17101481707722e-07,1.6842817482682e-06,-6.71417720561788e-06,5.84761652056462e-07,6.7126258632198e-06,2.5671117422337e-07,-2.23254537048993e-07,-7.00854114878969e-07,-1.23052488893902e-06,1.22517030336541e-07,-2.56887092287426e-07,9.63317508184445e-08,-7.79773212759917e-07,-2.77120681901025e-09,-3.92127284906854e-09,-3.12817471021515e-09,3.9859942278353e-10,-9.87831610398676e-09,-8.94745796171666e-11,4.52062668571191e-10,4.34312130559213e-10,2.53473784611702e-10,7.20781590064348e-09,-9.89929509500173e-07,2.24736167392436e-06,2.92208904476016e-06,-1.82856830277462e-06,1.51871948786334e-06,-1.22894454302162e-07,6.20081985427265e-07,-3.71119356125316e-08,1.1749374800498e-07,4.405359288795e-08,2.16469684048875e-09,-0.000105155916501778,3.96039932739384e-05,-2.6872877641053e-05,-2.88198730512337e-05,-6.31070016460826e-07,3.04364024285072e-07,-5.02695928201837e-07
"north_west","mu_D",-6.47148439181546e-06,0.000185831031563482,-4.82332445964725e-06,6.81855323293811e-08,3.38002499851117e-06,8.12366803575495e-07,3.76027158436875e-07,-5.59980193616396e-07,1.1360260542952e-06,2.60430093538213e-07,-4.54798973639078e-06,-7.18146570826335e-07,-6.64729181038926e-07,-3.562839952788e-06,1.0774967933743e-06,4.63851509557335e-06,-6.37402810413449e-07,3.28377341420629e-07,-7.05685140601232e-07,-4.2507103519937e-07,-1.01776526954204e-06,8.72028745099217e-07,-3.48346168568084e-07,-2.04532512880369e-07,-9.77808326864322e-07,9.60677492042278e-07,-9.57450757283024e-07,5.25698060636636e-07,-1.07031824299138e-06,-1.77555127509281e-06,-9.52805976871287e-07,4.37719718304137e-07,-5.89772488416722e-07,9.78457629584373e-07,1.7621281226778e-07,-3.72675619653743e-07,8.64189214665469e-07,-4.1850475477544e-07,8.86126518043785e-07,-1.08911836792036e-06,0.000405718150436254,0.000134486721581489,0.000272539027657115,6.08431935706968e-05,-3.81792014556977e-05,-0.000143799377650425,0.000293369576538478,-7.14118475169399e-05,-0.000178162159852395,2.0654696590349e-06,1.29551741124955e-05,7.76287307323e-06,-5.18002478737999e-05,-0.000154169911771204,-1.70630883636946e-05,8.35923831153366e-06,-5.39251932347677e-05,7.13967684766463e-08,1.04794686449401e-07,1.22055991013281e-07,3.39923574812235e-08,3.33662059269007e-07,4.27071842392161e-09,5.00548744060465e-08,-1.56676871985723e-07,1.0001076118003e-08,2.14538348275027e-07,-2.94434842524146e-05,-0.000230512352786505,0.000147447190387591,0.000162807105159034,-6.30078690660562e-05,7.54175931398772e-05,3.90975339473396e-05,-8.58184482348993e-05,-3.63360125975237e-05,2.91706892967617e-05,4.87298113532902e-08,0.00500358448788921,0.000744353348532427,-0.000644034050624378,0.0010878491750564,4.63458191015122e-05,-3.66091601432733e-05,-1.93869970290449e-06
"north_west","mu_D_2",-2.84990187277689e-06,0.000192914595006986,-4.91112677209572e-06,2.89558624725126e-07,2.63244311690643e-07,2.79885178595717e-07,8.98703943924395e-07,-4.74965214337706e-07,8.44677763204551e-07,9.87531755704035e-07,-2.00158443979498e-06,1.51110273989111e-07,4.05084247594601e-07,-1.18673573261206e-07,-2.65265863566149e-07,2.04279395146217e-06,1.19690911442911e-07,-6.28271409122394e-07,1.6186050743229e-06,-1.57035218041081e-06,-2.15025921531487e-07,-3.03325734997177e-07,1.01631269773486e-06,-7.35525246207476e-07,-1.84853346204931e-07,1.34509188347044e-06,-8.90322051412384e-08,-6.33403773232073e-07,1.25789666462771e-06,6.90043043388383e-07,-1.37173022838601e-08,1.05861365700681e-07,1.2234758827368e-06,1.01323618446521e-06,1.76637806765295e-07,-6.77847665719298e-08,3.86515415274044e-07,1.03182611783162e-06,-1.03349372582282e-06,2.00330203327221e-07,0.000134486721581489,0.000282803404188297,0.00034057779232478,0.000108690020227328,1.47216270507437e-05,2.03644525930568e-05,-8.52166875231846e-05,1.49477541618031e-05,0.000107109732475978,-2.13700481692143e-06,4.23217493156573e-05,-3.29084814204468e-05,-5.01345637532608e-05,-0.000145069385944351,-1.54655470976465e-05,5.37210690959068e-06,-4.40925491298394e-05,4.20337701837551e-08,4.72745597213315e-08,-5.70371102976031e-09,7.92629855596185e-08,2.42742595667636e-07,-1.73578247590824e-08,4.6208999638993e-08,3.31415106005653e-08,6.37690173065473e-08,3.42505204393882e-07,-5.95767846093943e-05,-0.000498362154655722,0.000278478520234541,0.000130827163848332,-1.22915551793519e-05,0.000102136658112737,2.66145080571356e-05,3.81421601178144e-05,-0.000121404454733532,9.8652130435111e-06,4.85294407328337e-08,0.000629575864866986,0.000530413304077583,-0.000195982223947927,-0.000259853199811213,7.20230737988564e-06,2.36771441663241e-05,-3.39555721057456e-05
"north_west","mu_D_3",-3.27230655736255e-06,0.000475897827092888,-1.61807182507333e-05,-6.44880019342431e-06,6.52330170282416e-06,2.89117276060679e-07,-1.82990771119748e-06,-1.53433726007706e-06,-3.55047588039709e-06,3.2121271320523e-06,-2.66611915025879e-06,2.40417671557093e-06,4.67279579700101e-06,6.20116691695429e-06,7.9117416259281e-07,5.30919702688791e-06,3.78922251002635e-06,9.70273632877281e-08,1.18482514654716e-05,-3.21193720693484e-06,2.817489810049e-06,3.81859306860178e-06,7.41638967782458e-06,2.21842250116391e-06,6.13994358880672e-06,9.72311063094813e-06,-5.36308301540855e-07,1.18407735662564e-06,1.56709534908394e-05,1.61950718670639e-05,1.23604456185145e-06,9.03780930262535e-06,6.96187959174086e-06,1.16069613315056e-05,1.4485077621506e-06,-2.55178058858074e-06,2.80242742588206e-06,1.58742359480132e-06,-2.99211173294289e-06,-9.14688747489219e-07,0.000272539027657115,0.00034057779232478,0.00206526334874171,0.000542245478628771,0.000435756052946264,-0.00104269573479128,0.000168501427473851,-0.000309512151465457,0.000738808946027937,8.53308507620948e-06,0.000266975334793237,-3.00006992263735e-05,-0.000270410063373964,-0.000148728145144413,-5.57202857513421e-06,2.26617936812554e-06,-0.000152006744453822,3.90392735596776e-08,1.35217106870207e-07,-2.84861493493599e-07,1.58982008544454e-07,7.48830409229469e-07,-1.26081526767543e-07,3.2555171623102e-07,2.17931231169852e-07,1.56904351871072e-07,1.02235455333733e-06,2.24042465161378e-05,-0.00332795249514929,0.00120231934999805,0.000148160426656473,-0.000123137162512231,0.000301240361677487,0.00022936712417916,0.000145290989697608,-0.000310419648546221,1.98915456317385e-05,-1.93783456135537e-08,-0.0227351951644471,-0.00233769276124906,0.000510235154618867,0.00250647371857087,-0.000157985516939384,6.76238271005849e-05,-0.000180077904820055
"north_west","mu_D_4",2.32264725316366e-06,0.000204162905683066,-4.30483344536723e-06,-4.08620516926271e-06,1.81350504722038e-06,2.84415865524885e-07,-1.02194807660376e-06,-7.41877933457635e-08,-1.57610801168674e-06,2.24061514951309e-06,1.97665237466772e-06,1.22117124534229e-06,2.20048972781892e-06,4.25340712629846e-06,-3.01304328951699e-07,3.71272644712865e-07,2.05516740982321e-06,3.48644171750118e-07,4.64692374858455e-06,4.56092155583555e-08,2.08885737562911e-06,1.57118772374161e-06,3.30407172201556e-06,1.49670615666761e-06,3.40986399592484e-06,3.43363598139511e-06,-2.80192810484664e-08,1.70159672303681e-06,5.35541114352845e-06,4.49138760529407e-06,9.52929480587014e-07,1.87861794342703e-06,3.06528155762548e-06,2.34470252173606e-06,7.82480685460073e-07,-1.65276912315437e-06,1.69827552736198e-06,-1.5868426285144e-07,-5.53899566497611e-07,-5.81025651882e-07,6.08431935706968e-05,0.000108690020227328,0.000542245478628771,0.000240794324503151,0.000159032358498298,-0.000208333375741463,-9.22571976656482e-05,4.0014793563559e-06,7.37828447230159e-05,-1.50476227122642e-06,9.48058606296113e-05,-9.38332357715143e-06,-2.41840014818823e-05,-3.97679308004318e-05,-2.33600374987825e-06,1.23833515514883e-06,-1.87267236442074e-05,-4.5488883757517e-09,1.18527485174971e-07,-1.33630698616442e-07,6.78365234838155e-08,1.1657283052461e-07,-7.453397754344e-08,1.62556817908557e-07,1.54779930270839e-07,4.53200633490901e-08,2.21974105099093e-07,-2.9946052449945e-05,-0.000960319822510633,-6.73189797297414e-05,8.53989116583134e-05,-3.5928334302321e-05,5.571590783517e-05,4.20319502689619e-05,5.61528928425131e-05,-8.67906909031854e-05,-9.03436790781426e-06,-8.92833815731642e-08,-0.00961136682387342,-0.0022484142268693,0.000386653495330217,0.000791717053790085,-8.49253342971932e-05,1.83924034145172e-05,-2.76313969031448e-05
"north_west","mu_D_5",2.61253311475318e-05,-0.000855779222793563,-2.76443069337461e-06,-3.79529630911436e-06,-7.96320692159946e-07,-8.8486560415216e-07,-4.33943271874012e-07,2.89610936315233e-07,-1.45206603522437e-06,-1.01432149287328e-06,6.26865862764929e-06,6.20051524188667e-07,2.14591949653695e-06,2.50069372488662e-06,-1.46225422943743e-06,-4.35060881496024e-06,-9.44167150457066e-07,-1.72685568711606e-06,1.00203158985848e-06,-1.89121931609634e-06,2.64558984695011e-08,-7.73685814551827e-07,-2.51597766020141e-06,1.99558054403043e-06,-4.36740026665636e-06,3.84235777501053e-07,3.75569137184164e-07,-2.49376438099847e-06,9.24502633074957e-07,-2.44811240934429e-06,-1.33365990916095e-06,-2.69315150925465e-06,3.11772397650985e-07,-8.64204217402851e-06,-2.09932953257601e-07,1.16616667794839e-06,-2.03678263273184e-06,1.08010759223207e-07,-1.35313711494049e-07,3.17101481707722e-07,-3.81792014556977e-05,1.47216270507437e-05,0.000435756052946264,0.000159032358498298,0.00100692497177477,-8.86928149413641e-05,-0.000116362977558484,0.000187448206220818,-0.000171813564113692,1.12398949511219e-05,7.07518768748231e-05,-7.33532225331151e-06,-3.05344069718579e-05,6.54949859887618e-05,1.55116075925894e-05,6.41612570077806e-06,-2.28487049935411e-06,-1.06060180704861e-07,8.52221517619889e-08,-6.69611945133456e-09,-1.03002480498391e-07,1.33670123550507e-07,-2.03577737985905e-07,-1.15730469908374e-08,8.59405211056606e-09,7.15971510659291e-09,-7.83125265290414e-08,9.9840420398341e-05,-0.000876503467752939,-0.000297869604214614,-0.000821410812685185,5.66243266557451e-05,-5.78108134000332e-05,-2.55020828510425e-05,-7.70468785546926e-05,4.02860491651883e-05,1.0667343588515e-05,-2.58581308332579e-07,-0.00881012771132227,-0.00147995385309339,0.00284674719438252,-0.000136471296476872,-8.11602246418539e-05,0.000129131430704728,6.31899043890071e-05
"north_west","mu_gamma_H",-3.59541287372871e-07,-0.00129673959479895,-7.85027221680284e-06,4.60474697870537e-06,-5.90957848379079e-06,-5.29236420897766e-07,-2.69397711886524e-07,1.2118793523367e-06,-9.42372429332806e-07,3.01298661950889e-08,-6.55502896465656e-07,-2.6022528070049e-07,1.11245406041459e-06,-3.17656884304819e-06,2.97642637892267e-06,-1.62751991304733e-05,-1.37781974480034e-06,3.16158184557928e-06,-5.67954805549962e-06,7.1923058377472e-06,-2.62522271733502e-07,2.64330016542829e-06,-1.85570528970526e-06,3.17005293317939e-06,2.96062092927351e-06,-3.09819622592631e-06,3.68386952076643e-07,5.13386386688961e-06,-6.25284115927294e-06,-6.97126823445322e-06,2.38107874838867e-07,-2.16951685039989e-06,8.08595339354455e-07,-7.50333856617289e-06,1.43630740435167e-06,-2.89560344888437e-06,1.38499492483324e-06,5.1412000862996e-07,-1.62213355960414e-06,1.6842817482682e-06,-0.000143799377650425,2.03644525930568e-05,-0.00104269573479128,-0.000208333375741463,-8.86928149413641e-05,0.00230011128839344,-0.00089107738398172,0.000390465808893633,-8.23730370972737e-05,-1.95322830452333e-05,-8.3269071199066e-05,-2.66955327694671e-05,0.000189154879416871,3.54408703447389e-05,-2.77334233647514e-06,8.80536868596626e-06,4.93946123129791e-05,4.34945876631375e-11,1.84300561608088e-07,4.28601560655591e-07,4.54677947340349e-08,-2.62725447819713e-08,7.96601991316189e-09,6.42291605711201e-08,-2.67113888779928e-08,-1.24501885534731e-08,-6.28023365335444e-07,3.22151566050061e-05,0.00153310031675055,-0.000652473705473677,-0.000111310122704922,9.45749625150391e-05,-0.000124646727933368,-0.000187801162713755,-0.000127441371993877,0.000157328204686757,-7.50960924905143e-06,3.98766838233121e-07,-0.00229964411051915,-0.00122660153396001,-0.0018699040295547,-0.00296803550527562,-1.39833885492943e-05,-4.25060136202634e-05,8.9245564248333e-05
"north_west","mu_gamma_H_2",-1.69706650581737e-05,0.000473986616982507,1.32466523836284e-05,6.87279432774482e-06,-2.35093473670467e-06,1.65999978699145e-06,1.52924595857477e-07,-3.74048157077262e-08,-2.33194839361036e-08,-2.53342615653354e-06,-1.99112463961669e-05,-7.49393579070139e-06,-7.19722481236504e-06,-2.06110177396076e-05,-3.71787571511267e-06,2.043064986858e-05,-8.87479876211861e-06,-8.56861283486525e-07,-1.0616718555324e-05,-9.61874630693982e-06,-5.12465664516556e-06,-4.84257231534406e-06,-1.13899921430598e-05,-1.64441207361197e-06,-1.29720809063747e-05,-6.43254694886999e-06,3.8522145620808e-07,-8.88135630613442e-06,-9.60890856297701e-06,-1.30178846992948e-05,-6.65354254014093e-06,-8.67293992187501e-06,-6.77674792496293e-06,-1.41872356646887e-05,-1.37853037052331e-06,-8.94484372735764e-07,3.93768151900193e-06,-9.08744534779845e-06,1.19378396994972e-05,-6.71417720561788e-06,0.000293369576538478,-8.52166875231846e-05,0.000168501427473851,-9.22571976656482e-05,-0.000116362977558484,-0.00089107738398172,0.00268437826925698,-0.00049751134176987,-0.000275149861471586,8.29512781198095e-06,-1.06907342032224e-05,0.000132287107620848,-8.67668824304913e-05,-6.09963505374462e-05,-1.38633394557849e-05,2.29765568077439e-05,0.000265817805074051,1.70558255306147e-07,3.59629123245593e-07,3.32605325636286e-07,-1.4180292494478e-07,7.58900184137686e-07,5.096690263894e-08,-5.32865736343818e-07,-6.23815851678372e-07,-2.3161542415928e-07,-1.16473188073939e-06,0.000446374959474731,-0.000182846224045022,0.000396759808723409,0.00026013256143501,-0.000163132379959106,6.73262871133052e-06,7.48513492045061e-05,-0.000399018830770268,0.000101974444905061,7.18727291132003e-05,-3.04819082495874e-07,0.030469190660611,-0.001562054540649,0.00291898025295716,0.00112793364624444,0.000325754251100451,-0.000139306305302035,0.000119309799528939
"north_west","mu_gamma_H_3",1.67396946139651e-05,-0.000480855997792258,1.808664693431e-06,-7.3639814937927e-07,5.62405624331467e-08,-1.6578047363658e-07,-6.76028097105777e-07,4.4389138722958e-06,-1.50393524636845e-06,3.3258410302287e-06,3.51797485209557e-06,8.37873579353362e-07,-3.38110564187458e-07,-1.9002463504027e-06,-1.52617978849238e-06,-1.0062012781898e-05,-2.83156823315472e-06,-6.16278107374449e-08,-8.04883311477848e-06,7.62707622823607e-06,-1.79041435274771e-06,-1.81595242599309e-06,-2.57808411940421e-06,-9.26463669012868e-07,-2.31613544603496e-06,-3.39898453863244e-06,4.54701425397113e-07,1.00040128525872e-08,-6.71066119467876e-06,-2.01867885681497e-06,-1.04074406247713e-06,-4.07603551515676e-06,1.61629262743557e-06,-8.93733883163691e-06,1.83755052815286e-07,-2.48459204342244e-07,-1.61306573383754e-06,4.15006154705368e-07,3.65880423638361e-07,5.84761652056462e-07,-7.14118475169399e-05,1.49477541618031e-05,-0.000309512151465457,4.0014793563559e-06,0.000187448206220818,0.000390465808893633,-0.00049751134176987,0.00133956925027716,-0.00039388818662302,-2.20716235741278e-06,-2.21897748535403e-05,7.21681457202592e-06,0.00022193821410235,-2.5913650482896e-05,-9.08468149863883e-06,9.50747053791736e-06,0.000139252737248159,-3.20938544267434e-08,1.46990865196494e-07,-1.14501145789417e-07,-7.87848598631672e-08,-3.31155975175304e-07,2.96036129338614e-08,1.11451635200979e-07,1.1523450950185e-07,3.49779066326531e-10,-5.46431349708745e-07,4.83935467852551e-05,0.000601816254640314,-0.000953813352526719,-0.000178970948362086,-3.29972845064326e-05,-0.000101450707224412,-0.000125127371658535,3.58415626476237e-05,3.31111604031021e-05,-4.38274493267737e-05,1.81589037035789e-07,0.00487462794613056,-0.00321754528825203,-0.00109188073211692,-0.000428007078287717,-4.23835313416311e-06,5.13853466344379e-05,3.05191209198665e-05
"north_west","mu_gamma_H_4",-8.45134340710099e-06,-0.000490376497991234,-1.98755313421508e-05,-5.43102855682647e-06,-8.60282418126874e-06,-3.04297481211379e-06,7.84843447584963e-07,-4.40470261383667e-06,-5.47186284076417e-06,-6.57496303109754e-06,-1.10485115443307e-06,2.29386008908157e-06,4.35711572264246e-06,5.17733790180811e-06,2.94906490403302e-06,1.01496231624225e-05,4.41469202191735e-06,1.17384172843632e-06,9.544654014291e-06,2.5904960758778e-06,4.28874098310756e-06,6.64640190817464e-06,7.50860825523807e-06,1.14670574843708e-05,5.14062925125575e-06,1.67133608957064e-05,6.66612373021762e-07,3.58337166646963e-06,1.98718019334621e-05,2.81920991936258e-05,9.21909207754979e-06,1.63762975780462e-05,1.0501528788948e-05,2.63657755411055e-05,1.47853999715925e-06,8.27556751943414e-07,-7.27879538386237e-06,1.10575144842761e-05,-1.19911613149007e-05,6.7126258632198e-06,-0.000178162159852395,0.000107109732475978,0.000738808946027937,7.37828447230159e-05,-0.000171813564113692,-8.23730370972737e-05,-0.000275149861471586,-0.00039388818662302,0.00323103113542352,1.05766573913354e-05,0.000197940449689557,-0.000113132601828907,-0.000300911407940886,3.5544458318271e-05,-6.34768320163459e-06,-5.10327811496612e-06,-0.00013422622588094,8.27109806026875e-08,3.55758964310786e-07,3.30964249142711e-07,3.95264150405199e-07,3.59905648888255e-07,2.56392474575318e-07,5.3442139720043e-07,4.70827506008681e-07,3.82378782377934e-07,1.05282824602737e-06,0.000155874283731929,-0.00136401887199838,0.00214327002636581,0.000124194240017675,0.000146769713356095,-1.65791776357485e-06,0.000272041174450581,0.000194742714568027,-6.08237236333218e-05,1.45369786669199e-06,2.6140130722985e-07,-0.0329000025977271,-0.00278761812239595,-0.00388216407309642,-0.00299777094440586,-0.00014482898869594,4.52891762958023e-05,-0.000417646326784153
"north_west","p_G_D",2.01651975819471e-07,-9.00197537479975e-05,2.92838867464381e-07,4.13626474210469e-07,-2.49807983829013e-08,-1.13560469459283e-07,2.67170805212824e-07,-1.59006643340004e-07,1.74515989234353e-07,-3.762466599581e-07,-7.06644670923879e-08,-8.19212808001619e-08,-1.0480683675909e-07,-4.25559703198494e-07,1.11071722048841e-08,3.78261178630823e-07,-2.0710794817389e-07,-1.2932260016323e-07,-5.50825861661554e-07,-4.21982960287411e-09,-1.25245454952824e-07,-3.4386177506056e-07,-2.06929381207149e-07,-2.31478940255552e-07,-6.39033254303124e-07,-1.02275747159356e-07,6.09464754918656e-09,-3.55954017677632e-07,-4.41203022787669e-07,-1.35285618637786e-07,-1.71192017072615e-07,-8.29371493883307e-08,-3.34047268317704e-07,-9.88202348546469e-09,-1.03538642276018e-07,2.41701664051845e-07,-2.45358187973674e-07,1.55606560159802e-07,-2.23618796647915e-07,2.5671117422337e-07,2.0654696590349e-06,-2.13700481692143e-06,8.53308507620948e-06,-1.50476227122642e-06,1.12398949511219e-05,-1.95322830452333e-05,8.29512781198095e-06,-2.20716235741278e-06,1.05766573913354e-05,1.43412815964006e-05,-1.7855278217347e-06,3.76476877835162e-06,2.38014246388673e-06,-6.62423525285939e-07,-1.99431674586326e-06,-1.61974441198398e-07,6.18567756025208e-06,-1.12694677902124e-08,-3.16759892959968e-08,1.0737855919842e-08,-2.21742302307079e-08,-4.53963336628213e-09,4.09428545483637e-09,-1.58390293333166e-08,-2.39825310236665e-08,-5.02773140256004e-09,-1.90582250433816e-08,2.90865785480662e-06,-1.68883511317558e-05,3.0267264915707e-05,-1.07503699883663e-05,-2.03381605619317e-06,-4.89800705302709e-06,2.09518659461319e-06,-8.55020814654943e-06,9.99215210634024e-06,1.22255945315352e-06,-1.18754755859285e-08,0.000483699176786477,0.000237720374666691,-2.27849955490523e-05,-2.9324663663848e-05,5.14257615550728e-06,4.74597870887131e-06,-9.45699951258843e-07
"north_west","p_G_D_2",1.13553532839259e-06,0.000260819588964999,-4.28014800876775e-06,-2.11146857510811e-06,1.26764526260536e-07,2.25926535973684e-07,-8.95769359546684e-07,1.43365238458277e-07,-1.5029494469635e-06,1.76217383160024e-06,5.85514835651208e-07,8.32643932798031e-07,1.65847272310599e-06,2.34624995757761e-06,-3.5011597771477e-08,6.96575977850857e-07,8.65245969115684e-07,4.77763665312892e-07,2.35039085109525e-06,6.56726403423515e-07,1.27926639092402e-06,1.392669850382e-06,2.02043788002022e-06,1.61970516731747e-06,2.27849608708335e-06,2.77360037160818e-06,-1.84282323568147e-08,1.28098824678998e-06,3.98493670110861e-06,3.51830516596901e-06,9.14785448316062e-07,1.55263588265272e-06,2.40348704861875e-06,2.37666801012074e-06,6.27548323334242e-07,-8.81232643391826e-07,1.39883484002004e-07,9.09636211374631e-07,-1.07750601738014e-06,-2.23254537048993e-07,1.29551741124955e-05,4.23217493156573e-05,0.000266975334793237,9.48058606296113e-05,7.07518768748231e-05,-8.3269071199066e-05,-1.06907342032224e-05,-2.21897748535403e-05,0.000197940449689557,-1.7855278217347e-06,7.38090371342457e-05,-1.49609780694107e-05,-3.17246047998929e-05,1.15564469520806e-06,8.61476964343558e-07,1.52940439326027e-06,-2.0534519052408e-05,3.46392528858146e-08,1.59369620963571e-07,8.30132677679374e-09,8.05772302689139e-08,1.08096520848659e-07,-2.41905449087599e-08,1.4296377947356e-07,1.29991731785192e-07,5.76243981590299e-08,1.23678613883717e-07,4.16561010715589e-05,-0.000494718761060851,9.12705111336121e-05,2.84065196994621e-05,-9.06702156990211e-06,5.07524019755592e-05,2.06446524544978e-05,2.04465096820067e-05,-5.00706690162969e-05,-1.5724574985114e-06,-7.4467184869747e-08,-0.00722568633813676,-0.00189539770860253,0.000130621180262367,0.000112934759502339,-5.70304751487349e-05,2.24634617276498e-05,-3.38347649879708e-05
"north_west","p_H",-3.4837912402871e-06,9.18719867203616e-05,4.07585357760902e-06,1.64296908176011e-06,-4.23904581959951e-07,-1.66299707109335e-07,-3.3856368963757e-07,-2.21161533532529e-07,3.15677145192479e-08,-9.52505496999635e-07,-2.605687948055e-07,-7.10940764873028e-07,-6.46457758311159e-07,-1.73639112827028e-06,-7.96498286250116e-07,2.83477461302637e-06,-1.21101521119419e-06,-3.32066932718715e-07,-2.34173796288858e-06,-4.21839993406745e-07,-1.0399647637683e-06,-1.22382453081276e-06,-1.98991968833873e-06,-1.24854115879638e-06,-2.23421045512832e-06,-2.2760077536554e-06,-6.10260817925684e-07,-1.42542844651359e-06,-3.02920494798251e-06,-2.69096231975848e-06,-1.22013368455288e-06,-2.27497313874535e-06,-1.0775396236655e-06,-4.22846440369353e-06,-1.93754870861996e-08,-2.61987808946515e-07,8.26231062686911e-08,-1.12646048937038e-06,9.85837653709641e-07,-7.00854114878969e-07,7.76287307323e-06,-3.29084814204468e-05,-3.00006992263735e-05,-9.38332357715143e-06,-7.33532225331151e-06,-2.66955327694671e-05,0.000132287107620848,7.21681457202592e-06,-0.000113132601828907,3.76476877835162e-06,-1.49609780694107e-05,7.58029856630735e-05,9.13018241445756e-05,-1.19567222536207e-05,-4.27012958882929e-06,-4.24162582172414e-06,1.0007639581429e-05,-6.23101590356866e-08,-1.31449662671819e-07,-8.97248676805752e-08,-1.1172197566615e-07,-2.12009972544423e-07,-3.50036980114876e-08,-1.69881456088268e-07,-1.52990775453285e-07,-6.913878731343e-08,-2.75617532713436e-07,1.65008450269061e-05,8.8640566779386e-05,-6.10355007735433e-05,1.81440130572797e-05,-0.00011348082390364,-2.53437255662934e-05,-1.66046800192691e-05,-1.12020312627319e-05,4.488417553744e-05,3.41399815621751e-06,2.87892953548758e-08,0.00247930497888473,5.31501372755122e-05,0.000323024049295067,0.000251142901348723,1.51655545556772e-05,4.7863161622826e-06,4.09920279083621e-05
"north_west","p_H_2",-8.29624138621196e-07,-0.000689389229898785,6.81161927475131e-06,3.85344784957318e-06,-4.64133382896922e-07,5.37333982543693e-07,-9.29147081057605e-07,-1.8579140385542e-08,9.31229559175623e-07,-1.96632419201956e-07,5.73058150790509e-06,8.06198224350563e-07,6.21194246074501e-07,1.43125871672517e-06,-8.5350742161423e-07,-5.58383409335808e-06,-4.3733180370635e-07,-9.75362075765666e-07,-2.04754746045588e-07,-1.82676527074625e-06,7.26922822139216e-07,-9.49067277294085e-07,-1.43849669906722e-06,4.34646907298106e-07,-7.06674670506513e-07,-2.74625227722947e-06,-5.25849248025681e-07,-3.76636494645154e-07,-6.09868375096472e-06,-2.16468811077597e-06,-6.11894170056319e-07,-1.15760883971741e-06,-3.84759532288379e-07,-2.92882980895483e-06,-4.29399885223247e-07,9.28444374382821e-07,-1.08872868829261e-07,-2.25667100193309e-06,1.56110880658964e-06,-1.23052488893902e-06,-5.18002478737999e-05,-5.01345637532608e-05,-0.000270410063373964,-2.41840014818823e-05,-3.05344069718579e-05,0.000189154879416871,-8.67668824304913e-05,0.00022193821410235,-0.000300911407940886,2.38014246388673e-06,-3.17246047998929e-05,9.13018241445756e-05,0.000881469356339164,1.73082992529702e-06,6.9179928388109e-06,-7.90890451505401e-06,2.503330079942e-05,-8.64022036950719e-08,-9.92275993160578e-08,-3.51097602791739e-08,-1.85989071071004e-07,-2.81301048212723e-07,-1.29271170362705e-07,-1.36723565032244e-07,-1.79747921742191e-07,-9.55039158779968e-08,-7.10541336127429e-07,-7.39438221582416e-06,0.000438534526848077,-0.000427021305346174,-6.3758991539594e-06,-0.000107692405961714,-0.000209732412793569,-0.000631248546160684,1.38645473080027e-05,0.000100643681644501,-4.27016272307639e-05,-4.84629786213081e-08,-0.00102477423472859,-0.000647459623303532,-0.00158995791849888,-0.000176533759438786,-5.71279256784566e-05,6.39928259851962e-05,3.23504810858181e-05
"north_west","p_H_D",5.20360725992526e-06,-0.000419085601784925,4.24342421443317e-06,-1.55825002054124e-06,-1.20909612590819e-06,-3.56908952106345e-07,-7.98210141612634e-07,6.22932021169464e-07,-1.90219020487845e-06,4.10708678404788e-07,1.75823542825333e-06,3.29118848765842e-07,4.66838054469896e-08,2.72791495843098e-06,-7.22316513053973e-07,-4.52776753095632e-06,1.15425119391436e-06,-4.83228249801691e-07,1.89654784543324e-06,2.6644154787085e-07,6.099797762618e-07,4.24062376566278e-07,3.24530733115365e-07,9.20211748704625e-07,7.08232711679102e-07,8.0108326905837e-08,5.08255236241462e-07,4.57667218419203e-07,1.16491652527541e-06,2.46724792019395e-06,1.66265294663467e-07,1.08582703462235e-06,2.15090837567423e-07,6.09337867043412e-07,-8.97606002956703e-08,-2.93337987186904e-07,5.67791213651512e-07,-9.10494272789799e-07,2.03250838559156e-07,1.22517030336541e-07,-0.000154169911771204,-0.000145069385944351,-0.000148728145144413,-3.97679308004318e-05,6.54949859887618e-05,3.54408703447389e-05,-6.09963505374462e-05,-2.5913650482896e-05,3.5544458318271e-05,-6.62423525285939e-07,1.15564469520806e-06,-1.19567222536207e-05,1.73082992529702e-06,0.000173226280225063,1.91131424787528e-05,-1.6359295768574e-06,-2.75665638937671e-05,-5.24229318408974e-08,-6.2997033783388e-08,-4.92704613511276e-08,-4.6311957232973e-08,-2.29136171069964e-07,-3.12158814649524e-08,9.21902911740977e-09,8.28662405243374e-08,-1.48297010684206e-08,-1.88122352960692e-07,5.17548232890235e-05,4.7103288836324e-05,-0.000157203994036745,-0.000146835286087226,6.95584103015197e-05,-6.00993383421106e-05,-1.4159073539776e-05,-1.39109115980995e-05,4.52228440381469e-05,-1.60277905636563e-05,-1.89771043466266e-07,-0.00381998795806546,-0.00080349853194665,0.00036173318302422,-0.000239539582484584,-2.98702208322229e-05,-4.89482357493277e-06,1.13850361490641e-06
"north_west","p_ICU",8.10534665292269e-07,1.7555308807094e-05,5.82246825085024e-07,5.77865962920137e-08,-5.55576691870592e-07,-2.68843945006503e-08,-3.22657195498132e-07,1.45901365890828e-07,-4.33721771677681e-07,1.98212646346411e-07,2.01459453483355e-07,1.44588060574678e-07,6.13530224460156e-08,6.95964107127138e-07,-9.24840460717603e-08,-2.61705044128284e-06,1.53834087318328e-07,-1.09228988402395e-07,6.71521910571388e-07,-2.19283314556153e-07,1.50518873989029e-07,8.22991476102951e-08,3.63032572139552e-08,2.69890719589235e-07,4.21624428641893e-08,1.41355736005483e-07,4.68167064345146e-09,-5.80328515375611e-08,5.10081298184946e-07,8.32655507211963e-07,8.73736495811715e-08,4.89122936503901e-07,8.50651376757214e-08,5.20667006686196e-07,1.24877018120482e-07,-2.6019361511891e-07,6.10706929226526e-07,-7.61399218596889e-07,4.61826940217531e-07,-2.56887092287426e-07,-1.70630883636946e-05,-1.54655470976465e-05,-5.57202857513421e-06,-2.33600374987825e-06,1.55116075925894e-05,-2.77334233647514e-06,-1.38633394557849e-05,-9.08468149863883e-06,-6.34768320163459e-06,-1.99431674586326e-06,8.61476964343558e-07,-4.27012958882929e-06,6.9179928388109e-06,1.91131424787528e-05,2.3321971031502e-05,-1.86832882777061e-06,8.2831727006068e-06,-7.39781857050026e-10,-8.46238601726111e-09,-2.39679511543237e-09,-2.91177130812114e-08,-4.32076807936217e-08,-2.08065159372208e-08,6.69969287840976e-09,2.12706378484972e-08,-4.15818309420433e-11,3.0383525612758e-08,1.25049836979794e-05,-1.58896636780994e-05,-5.1111296720503e-06,-2.9339720430169e-05,4.86854550034233e-06,-1.38569382950055e-06,-5.88919885582535e-06,2.16476526826123e-05,-4.34695362859723e-06,-3.68775064269656e-06,-3.70035370451304e-08,-0.00108154097932227,-0.000134953393633015,6.18511115842509e-05,-0.000170109985082294,-8.64202207799486e-06,3.1940234970896e-06,-5.58955916713996e-06
"north_west","p_ICU_2",4.13732875908339e-07,-4.90804464305767e-05,-7.19312037039822e-07,-1.63348536969451e-07,1.33294964387296e-07,-2.53480382159453e-08,3.75068216790487e-08,2.65038399195501e-08,1.63684858011809e-08,2.72435075795978e-08,-3.78083940336589e-07,-1.17443034231302e-07,-7.62217346548471e-08,-3.61937650836849e-07,-3.08279935623245e-08,-2.8184394787189e-07,-7.15221708650399e-08,3.69169861876349e-08,-2.31472440651449e-07,1.80488846665493e-07,-8.37058858668083e-08,1.25392196874346e-07,-1.2171397348005e-07,1.45952086846317e-07,1.09173991848801e-08,5.52999104300407e-08,2.96996342631032e-08,1.04793472891231e-07,-4.088489218899e-08,-3.08808048864917e-07,-7.40334613954764e-08,-1.88224307079126e-07,4.64238728287818e-08,-4.36720702310232e-07,2.5487948006102e-08,-9.68591048796183e-08,8.18496170622844e-08,-2.12796859078718e-08,-1.52031349333134e-08,9.63317508184445e-08,8.35923831153366e-06,5.37210690959068e-06,2.26617936812554e-06,1.23833515514883e-06,6.41612570077806e-06,8.80536868596626e-06,2.29765568077439e-05,9.50747053791736e-06,-5.10327811496612e-06,-1.61974441198398e-07,1.52940439326027e-06,-4.24162582172414e-06,-7.90890451505401e-06,-1.6359295768574e-06,-1.86832882777061e-06,3.6168347099165e-06,8.85489263867099e-06,5.97487097443596e-09,3.07819591068531e-08,1.59125676233287e-08,9.14220420657683e-09,3.77123402477606e-08,3.21785098578246e-09,1.59588158615463e-08,8.16100021378984e-10,5.38006656371731e-10,-6.92705879230792e-09,1.71097350143947e-05,-7.74935690304501e-06,-1.21995220574743e-05,-8.95586727547111e-07,7.4570805799557e-06,-8.02865527839816e-07,2.49832428216583e-06,-3.28076560307159e-05,1.10125226293759e-06,1.88011886310861e-06,-2.44215255402722e-09,0.000479867566500895,-0.000162182326850644,5.66703709528828e-05,2.11209077991663e-05,5.44901327843175e-06,-5.09306914773482e-06,3.31713871836565e-06
"north_west","p_ICU_D",2.35832489868155e-06,-0.000510109625952612,-2.47331686281708e-06,2.93509640582386e-06,-6.08542316337127e-07,3.21098087906186e-07,1.11534674212585e-06,-8.6403360524931e-07,8.28572942617746e-07,-2.02165005851159e-06,-6.10674975228663e-07,-1.06337449000599e-06,-4.27305083619155e-07,-3.25060953742492e-06,-1.39394374452699e-06,-4.40983494034687e-06,-2.72600992119726e-06,6.26036454986099e-07,-4.86322641717352e-06,6.103456237762e-07,-1.00131928344523e-06,-8.806451240434e-07,-2.36080106461195e-06,-7.77433599332468e-07,-1.55717759672604e-06,-2.16515206811073e-06,4.98521535804943e-07,-7.03686059967987e-07,-2.97591633302367e-06,-7.13756941210335e-06,-1.48493294290882e-06,-4.97684822930071e-06,-2.57160282980785e-06,-5.40653842357152e-06,5.2752797741704e-07,-8.11593450773731e-07,2.3651075892101e-07,-1.53549143212832e-06,2.16782641203647e-06,-7.79773212759917e-07,-5.39251932347677e-05,-4.40925491298394e-05,-0.000152006744453822,-1.87267236442074e-05,-2.28487049935411e-06,4.93946123129791e-05,0.000265817805074051,0.000139252737248159,-0.00013422622588094,6.18567756025208e-06,-2.0534519052408e-05,1.0007639581429e-05,2.503330079942e-05,-2.75665638937671e-05,8.2831727006068e-06,8.85489263867099e-06,0.000602875532417531,4.28136088317503e-08,3.2161310112078e-07,1.46621825704053e-07,9.04203358302926e-09,1.40650709162841e-07,5.93514513128333e-08,2.76841689067282e-08,-3.51851989622077e-08,-4.26976193058119e-09,-1.68909664189926e-07,-0.000100258938215649,0.00017316194202385,-0.000280339634938279,4.96804001351442e-05,-1.68936367547988e-05,-5.24184660143326e-05,-1.70168654095503e-05,-7.58791511368107e-05,6.00036292533701e-05,1.50322158071435e-05,7.64991927606978e-08,0.00354605319865783,-0.00223107931395805,0.00169358674468678,-0.000217273314484001,4.14482081042543e-05,1.25908041756049e-05,8.96030500011505e-05
"north_west","p_NC_15_24",-9.57261244956559e-10,6.20395318227734e-07,-3.44685114649326e-09,1.26611024318691e-09,2.35372353398888e-09,2.08429569263764e-09,-1.59708459904616e-10,4.82322421782854e-10,1.08277163408169e-09,3.97931626336433e-09,-1.58367261854119e-09,3.00522652037719e-10,8.01060011568901e-10,-2.81414363389481e-09,3.89847883946387e-09,-6.7728883836892e-09,-1.91641083459348e-09,1.12077234981984e-09,4.63557392103428e-10,-1.70052566150422e-09,1.50046902234004e-09,1.37427180846567e-09,1.70438995816493e-09,2.15306855726659e-09,2.84419268801084e-09,1.14932674380976e-09,6.12751540659304e-10,5.05155236100417e-09,-3.84189846533158e-10,3.55387365289085e-09,2.49872433390711e-09,3.94472365256178e-09,4.72239208363613e-09,7.39323288636448e-09,3.69731229119605e-10,-1.28929816736368e-09,1.79484655651211e-09,2.34652968120468e-10,1.86445275168749e-09,-2.77120681901025e-09,7.13967684766463e-08,4.20337701837551e-08,3.90392735596776e-08,-4.5488883757517e-09,-1.06060180704861e-07,4.34945876631375e-11,1.70558255306147e-07,-3.20938544267434e-08,8.27109806026875e-08,-1.12694677902124e-08,3.46392528858146e-08,-6.23101590356866e-08,-8.64022036950719e-08,-5.24229318408974e-08,-7.39781857050026e-10,5.97487097443596e-09,4.28136088317503e-08,1.09329001660727e-09,6.42354439276424e-10,6.59186416263823e-10,2.6309729985886e-10,6.85719436782909e-10,1.65552852347563e-10,3.6902860333087e-10,1.62982714357143e-10,1.61774493167045e-10,1.10967207966998e-10,6.74710640037992e-08,-6.24886751864737e-08,2.24660350670092e-07,1.39174925030131e-07,7.04026329887505e-08,-3.03826032117954e-08,3.88765008807159e-08,-1.10315700119921e-07,2.9382790859258e-08,9.62259463158001e-09,-1.81613183674304e-10,2.60575447878829e-06,7.46074062286646e-07,-4.08034968452092e-06,2.62362013911356e-07,1.70494481112583e-08,2.49274675058804e-08,-1.41569689496797e-07
"north_west","p_NC_25_49",-6.47331841255237e-09,1.66525589601416e-06,-2.06766769304596e-08,-3.65999242967109e-09,-9.78186781387713e-10,2.34760344693002e-09,-3.47697375332626e-10,-2.29618575775318e-09,2.44361239047399e-10,3.55445677482595e-09,2.71376500128427e-09,2.00383975001634e-09,7.63915954836614e-09,-2.7776923426941e-09,4.45769841173331e-09,-1.428669880259e-08,-2.90724835458358e-09,5.35153777571189e-09,-2.88131590879395e-09,4.80789520647803e-09,4.33595614796981e-09,8.15983712708779e-09,1.19329632406696e-09,1.38317424211867e-08,9.77804211086103e-09,7.56104100966608e-09,7.67742255041227e-10,1.15321079283774e-08,7.33447814679805e-09,-2.25429079408595e-09,3.11297473637511e-09,-5.46766456422362e-10,5.08140446203818e-09,1.06428913430093e-08,3.3592267531384e-09,-6.6223349569959e-09,8.15075477739397e-09,-3.27990601118432e-09,5.08832417815935e-09,-3.92127284906854e-09,1.04794686449401e-07,4.72745597213315e-08,1.35217106870207e-07,1.18527485174971e-07,8.52221517619889e-08,1.84300561608088e-07,3.59629123245593e-07,1.46990865196494e-07,3.55758964310786e-07,-3.16759892959968e-08,1.59369620963571e-07,-1.31449662671819e-07,-9.92275993160578e-08,-6.2997033783388e-08,-8.46238601726111e-09,3.07819591068531e-08,3.2161310112078e-07,6.42354439276424e-10,3.80507281678198e-09,1.13216107831923e-09,7.6282392100485e-10,2.9887581091242e-09,2.63188529989586e-10,9.91547090590905e-10,8.0565277697202e-10,3.15563756110315e-10,-6.86512306296912e-11,3.33375176681488e-07,-3.85320588210963e-07,-2.0421062988663e-07,1.44361724907799e-07,5.79238106039269e-08,-6.6986338040411e-08,6.79665375302112e-09,-3.29825179647231e-07,9.60833060534323e-08,3.10078410162359e-08,-3.84742455701913e-10,-2.03242705465093e-05,-7.24133114913024e-06,-1.7066936826718e-07,-1.55333547318073e-06,-1.38450684278665e-07,1.59668590436419e-07,-3.51532643567141e-08
"north_west","p_NC_50_64",9.12309819895813e-10,9.35855667500005e-07,-1.26831284074744e-09,5.99593558831939e-09,-2.75442783796663e-09,3.34081178322712e-09,5.28734116630931e-10,-1.38614729816013e-10,1.94479941126802e-09,-3.09828791411517e-09,-2.6203353801166e-09,-2.20011927133811e-09,5.49480476638277e-10,-1.18113084330178e-08,6.2304566693728e-09,-1.83766716258515e-09,-3.04498233609632e-09,2.79004056454796e-09,-8.10955189225401e-09,3.51126021226611e-09,-4.6299432019183e-10,4.80202224351488e-09,-3.11925776225707e-09,7.9724035073804e-09,5.68833554493513e-10,4.66292278407121e-09,-7.34426098021081e-10,4.46221656564328e-09,2.50218967455393e-09,2.18386754081042e-09,2.08338272745534e-09,3.78683504352502e-09,4.92289408045157e-09,3.49266178803896e-09,1.43901340576234e-09,6.53901670281575e-10,-2.3580335836132e-10,-1.25214153214909e-09,5.22522087716653e-09,-3.12817471021515e-09,1.22055991013281e-07,-5.70371102976031e-09,-2.84861493493599e-07,-1.33630698616442e-07,-6.69611945133456e-09,4.28601560655591e-07,3.32605325636286e-07,-1.14501145789417e-07,3.30964249142711e-07,1.0737855919842e-08,8.30132677679374e-09,-8.97248676805752e-08,-3.51097602791739e-08,-4.92704613511276e-08,-2.39679511543237e-09,1.59125676233287e-08,1.46621825704053e-07,6.59186416263823e-10,1.13216107831923e-09,3.21079317141104e-09,5.09389312555552e-10,1.26539014672718e-09,4.19990287630643e-10,5.10363199613209e-10,1.02256592496963e-10,3.13025966341829e-10,1.19707850795035e-10,2.34687508205302e-07,3.65788998921811e-07,3.86913167607915e-07,-9.53256960307442e-08,1.3056284010528e-07,-2.134752110402e-07,-2.56394346369314e-08,-3.51359859906996e-07,3.17814266025854e-07,-1.05594958884273e-08,-1.23445510935721e-10,8.67275572676151e-06,2.61538520161674e-06,-1.91271190435219e-06,-2.38018783467265e-06,1.27683522649557e-07,-2.42642161642638e-08,-1.4047133893083e-07
"north_west","p_NC_65_79",2.8089308075136e-09,5.87381051733177e-07,-1.34917079376009e-08,-4.10982370657276e-09,1.38550021201717e-09,1.17690748874559e-09,-1.92061294655564e-10,3.20676442901781e-10,-9.58617305429981e-10,5.47073702724868e-09,-7.86648666355805e-10,2.18915575440741e-09,3.278112538603e-09,2.48799858138855e-09,3.40542151977355e-09,5.32209063730944e-09,1.32001916321922e-09,3.78698622454666e-09,2.80381203832071e-09,2.98386547977047e-09,3.8704919527598e-09,6.08082945372819e-09,4.28976012423074e-09,6.84691365873508e-09,1.05671745120975e-08,5.92654862801881e-09,1.03847087408151e-10,7.23914964495101e-09,1.04749664188934e-08,7.74725374864939e-09,3.48644835563239e-09,4.94194502922156e-09,6.2507763566655e-09,1.1538524106454e-08,1.21007515716207e-09,-9.76349111942708e-10,2.02021832098049e-10,2.69689355522075e-09,-1.36487240827739e-09,3.9859942278353e-10,3.39923574812235e-08,7.92629855596185e-08,1.58982008544454e-07,6.78365234838155e-08,-1.03002480498391e-07,4.54677947340349e-08,-1.4180292494478e-07,-7.87848598631672e-08,3.95264150405199e-07,-2.21742302307079e-08,8.05772302689139e-08,-1.1172197566615e-07,-1.85989071071004e-07,-4.6311957232973e-08,-2.91177130812114e-08,9.14220420657683e-09,9.04203358302926e-09,2.6309729985886e-10,7.6282392100485e-10,5.09389312555552e-10,1.33972331944488e-09,9.59286916352464e-10,2.11235510954518e-10,4.86876400676336e-10,3.95450081547076e-10,2.1521661929806e-10,6.62323868120802e-10,6.55564969214674e-08,-3.51423458066452e-07,2.67483364124308e-07,1.67044887276957e-07,5.87917756479278e-08,8.32087041113659e-08,1.05222611428283e-07,-3.53176403254477e-08,-4.26502585290904e-08,-1.44605360115187e-09,-1.87520795593778e-10,-1.04169676399506e-05,-3.5208968328035e-06,-4.91532126551441e-07,-1.3328855308134e-07,-7.41022394584035e-08,-4.11229945661758e-09,-1.09563276283936e-07
"north_west","p_NC_80_plus",-1.93783956196841e-08,-5.1390439695582e-07,-1.64055860572014e-08,5.93534081809526e-09,-7.72333475385707e-09,7.39746108315155e-09,-5.56610279813402e-11,-4.72716719770134e-09,5.12901970641923e-09,1.02960171624617e-08,-3.96325170289431e-09,4.55365134667504e-09,1.01280303581443e-08,-9.31164800778546e-09,1.52350034323583e-08,2.26546784635262e-08,-1.70235273375381e-09,8.65355246605648e-09,-1.74278218383677e-09,6.49871949395832e-09,4.98846600775205e-09,1.21922925376623e-08,6.5581895014321e-09,1.51421806981416e-08,1.25923918536185e-08,1.31856906153687e-08,4.951272255253e-10,1.86559111287734e-08,1.01387984859383e-08,1.33962227290919e-08,4.97054944699227e-09,1.48149112242891e-08,1.14638541691642e-08,3.09893340541411e-08,3.05054881155033e-09,-5.1541034466775e-09,1.09665481905398e-08,-6.2376567648705e-09,1.22097701487329e-08,-9.87831610398676e-09,3.33662059269007e-07,2.42742595667636e-07,7.48830409229469e-07,1.1657283052461e-07,1.33670123550507e-07,-2.62725447819713e-08,7.58900184137686e-07,-3.31155975175304e-07,3.59905648888255e-07,-4.53963336628213e-09,1.08096520848659e-07,-2.12009972544423e-07,-2.81301048212723e-07,-2.29136171069964e-07,-4.32076807936217e-08,3.77123402477606e-08,1.40650709162841e-07,6.85719436782909e-10,2.9887581091242e-09,1.26539014672718e-09,9.59286916352464e-10,1.38560746379359e-08,8.12738749448793e-10,1.05136615511845e-09,2.52627976712887e-10,6.01226801965603e-10,1.09377083301304e-09,6.84344898332505e-07,-1.32234479874284e-06,1.01843692962632e-06,1.97941507989779e-07,3.10541642095961e-07,-1.84811522095062e-07,4.67654332133562e-08,-4.42174403730657e-07,1.26166729848443e-07,6.96509819498209e-08,-4.66719443141237e-10,-1.87885014989841e-05,6.76487014864388e-07,-5.6950271000843e-06,-3.51449756114393e-06,-1.61764715811063e-07,1.46769050672575e-07,-2.8308858738985e-07
"north_west","p_NC_weekend_15_24",-8.14552381722039e-09,2.6997747501763e-07,-2.93937250073626e-09,2.88056859343949e-09,-6.86519612279615e-09,3.1160673310555e-10,2.67356245671415e-09,-1.71682267678598e-09,1.39735337057604e-09,-8.99104229184923e-10,-1.40329895240121e-09,-3.652066141107e-10,1.7778046246249e-10,-4.62436993909712e-09,3.23166337247807e-09,2.84029804998503e-09,-9.47190292333825e-10,2.10562626885196e-09,-2.5814677017064e-09,3.21321725830162e-09,-7.33464069598959e-11,2.33243128624285e-09,5.93335981506442e-10,2.45441764740725e-09,1.36957466175706e-09,2.06132999676464e-09,1.05310084658512e-09,3.21789298000236e-09,2.04736756824459e-09,7.41176016983127e-10,4.74350307222783e-10,2.51587858675643e-09,-6.82199983656298e-10,6.67831134974824e-09,-6.42770198732614e-10,1.1383990664806e-09,-2.01662075786688e-10,3.91109422859329e-10,6.04858596332362e-10,-8.94745796171666e-11,4.27071842392161e-09,-1.73578247590824e-08,-1.26081526767543e-07,-7.453397754344e-08,-2.03577737985905e-07,7.96601991316189e-09,5.096690263894e-08,2.96036129338614e-08,2.56392474575318e-07,4.09428545483637e-09,-2.41905449087599e-08,-3.50036980114876e-08,-1.29271170362705e-07,-3.12158814649524e-08,-2.08065159372208e-08,3.21785098578246e-09,5.93514513128333e-08,1.65552852347563e-10,2.63188529989586e-10,4.19990287630643e-10,2.11235510954518e-10,8.12738749448793e-10,1.15880739239616e-09,1.94001124358592e-10,-1.57461917306523e-11,9.4431629311172e-11,2.94072012594488e-10,5.92927218224526e-08,1.70188460258409e-07,2.9878564530424e-07,1.530362546226e-07,9.44439983701334e-08,-7.58563498891435e-08,5.64539667046083e-08,-1.25647513405554e-07,1.23510799606911e-07,3.1993983402606e-09,-1.40094717823711e-10,2.45578153944935e-06,5.38476897877827e-07,-3.27472315301693e-07,-2.71847958695354e-06,4.12004346841524e-08,-4.17704669320363e-08,-3.22460980297191e-08
"north_west","p_NC_weekend_25_49",5.94069109269479e-09,1.17429595508725e-06,-1.26970188125622e-08,-5.05410893369668e-09,5.64922983099374e-09,1.76919083767999e-09,-6.29482775644673e-09,2.39394799650296e-09,-3.2928844527075e-09,5.25542354275345e-09,8.13111469535582e-09,5.88634249593358e-09,7.49561624852106e-09,1.10492730370813e-08,5.93573076601145e-09,-2.62348979233713e-08,6.33922463148292e-09,4.65620516344753e-09,8.62286607598867e-09,1.1440698032024e-08,6.0611339771108e-09,1.11345226908435e-08,1.02347545448349e-08,1.37414724964417e-08,1.47337346021064e-08,1.49567158276055e-08,1.25670068802921e-09,1.33166016953947e-08,1.81551330330976e-08,1.88941796540662e-08,9.03817642699994e-09,1.34560422665784e-08,1.35543449065629e-08,2.12113412265774e-08,2.31579535513184e-09,-4.35812766593261e-09,2.8450935354397e-09,3.06495805148802e-09,-2.96004396549084e-09,4.52062668571191e-10,5.00548744060465e-08,4.6208999638993e-08,3.2555171623102e-07,1.62556817908557e-07,-1.15730469908374e-08,6.42291605711201e-08,-5.32865736343818e-07,1.11451635200979e-07,5.3442139720043e-07,-1.58390293333166e-08,1.4296377947356e-07,-1.69881456088268e-07,-1.36723565032244e-07,9.21902911740977e-09,6.69969287840976e-09,1.59588158615463e-08,2.76841689067282e-08,3.6902860333087e-10,9.91547090590905e-10,5.10363199613209e-10,4.86876400676336e-10,1.05136615511845e-09,1.94001124358592e-10,2.28442015465601e-09,6.32192530270866e-10,3.53934351695506e-10,6.12171034183371e-10,6.03919254657153e-08,-6.6367860277488e-07,-1.0622476186468e-08,1.0754674829808e-07,1.21090406053287e-07,5.2850781929426e-08,6.23794812563887e-08,7.72324636337174e-09,-1.1173796413647e-07,-3.72858655149626e-08,-8.93702119441113e-12,-3.09513148201875e-05,-4.20666203818504e-06,-4.04667423157462e-06,4.00732653731217e-07,-2.67037236541438e-07,5.06148202862453e-08,-2.58152945108508e-07
"north_west","p_NC_weekend_50_64",1.44584347937158e-08,1.38008787842901e-06,-2.31088710067886e-10,-1.61591422651745e-08,-8.20872882554825e-10,1.04111411546279e-09,-4.24197690634485e-09,2.17233032275154e-09,-4.03508885482167e-09,5.66982353712207e-09,1.18797731416566e-08,4.7988238541754e-09,5.39102273313197e-09,1.61777676035972e-08,1.03545358861393e-09,-2.86807279943374e-09,4.72494643567169e-09,7.43203963255692e-10,1.10333160537187e-08,2.08907621553322e-09,5.78696322063087e-09,3.67849090015206e-09,9.41598633086138e-09,5.39727115731018e-09,1.05768503713725e-08,9.18882779121314e-09,5.75785713333879e-10,5.9249591438459e-09,1.30941063046172e-08,1.53563583314822e-08,7.60581820090732e-09,6.794495010808e-09,1.07999722437582e-08,1.05998460812155e-08,2.32053653022129e-09,-3.29898715457992e-09,2.490315750811e-09,1.60985033068188e-09,-2.04019649559049e-09,4.34312130559213e-10,-1.56676871985723e-07,3.31415106005653e-08,2.17931231169852e-07,1.54779930270839e-07,8.59405211056606e-09,-2.67113888779928e-08,-6.23815851678372e-07,1.1523450950185e-07,4.70827506008681e-07,-2.39825310236665e-08,1.29991731785192e-07,-1.52990775453285e-07,-1.79747921742191e-07,8.28662405243374e-08,2.12706378484972e-08,8.16100021378984e-10,-3.51851989622077e-08,1.62982714357143e-10,8.0565277697202e-10,1.02256592496963e-10,3.95450081547076e-10,2.52627976712887e-10,-1.57461917306523e-11,6.32192530270866e-10,1.72140635599408e-09,2.00702295478246e-10,7.84865277784092e-10,-1.07096048807701e-07,-4.85153432377799e-07,-2.7814153993335e-07,4.22633174616939e-08,8.20332273593015e-08,1.21210455878062e-07,1.24192145245253e-07,2.26952625980039e-07,-2.13071709402951e-07,-6.16888654951547e-08,-2.7684479487575e-10,-2.62335312639397e-05,-2.96166502647517e-06,-2.22930808741461e-06,-5.10221587802173e-07,-2.3195885231915e-07,1.34626316751185e-07,-2.06857148724763e-07
"north_west","p_NC_weekend_65_79",4.03501717662155e-09,8.38989782182981e-07,-1.67435057811591e-09,7.42658917096795e-10,1.74186415589217e-09,7.31079111815461e-10,-9.74182474348899e-11,-3.26184835108082e-10,-3.61466079405746e-10,9.99281229170377e-10,1.49861720142701e-09,1.31366504662225e-09,2.16270330133306e-09,7.7619892617969e-10,2.63385861791521e-09,-9.44946492771836e-09,2.34764767484053e-09,1.14049293949642e-09,2.37505467459029e-09,1.77442845407198e-09,2.98691098155331e-09,3.0664692353576e-09,3.09264767338791e-09,4.7747035616447e-09,3.94574929018024e-09,6.28345481816367e-09,9.50086869359458e-10,3.59236012218476e-09,6.77405934122189e-09,9.43356981161727e-09,4.81602149064719e-09,6.4587454963789e-09,4.93537109314112e-09,1.26855431403725e-08,-3.25126317249892e-10,1.83567910423611e-09,-2.54585544691767e-09,2.2284600794171e-09,-8.14119062786758e-10,2.53473784611702e-10,1.0001076118003e-08,6.37690173065473e-08,1.56904351871072e-07,4.53200633490901e-08,7.15971510659291e-09,-1.24501885534731e-08,-2.3161542415928e-07,3.49779066326531e-10,3.82378782377934e-07,-5.02773140256004e-09,5.76243981590299e-08,-6.913878731343e-08,-9.55039158779968e-08,-1.48297010684206e-08,-4.15818309420433e-11,5.38006656371731e-10,-4.26976193058119e-09,1.61774493167045e-10,3.15563756110315e-10,3.13025966341829e-10,2.1521661929806e-10,6.01226801965603e-10,9.4431629311172e-11,3.53934351695506e-10,2.00702295478246e-10,7.67540577424345e-10,4.11483697006155e-10,6.45271491300552e-08,-2.65069362891039e-07,1.56134795785346e-07,2.64479329168366e-08,3.03493477484246e-08,4.5779177529218e-08,4.85519611644593e-08,6.100859243479e-08,-5.01840331066103e-08,-5.1644180683115e-09,9.12461528425084e-11,-6.51052368921105e-06,-3.18935269853836e-08,-2.91764978985338e-06,-1.36626718130184e-07,-4.34678848583073e-08,-2.98227940238574e-10,-1.70817308405746e-07
"north_west","p_NC_weekend_80_plus",6.69526836390098e-09,1.14107970513705e-06,-5.46134614387224e-09,-4.37106010453397e-09,9.73529847963525e-09,-1.30856205851195e-10,4.79103276463713e-09,6.02940939877749e-10,-1.1916688561303e-09,7.52362731952483e-09,9.6790652647126e-10,2.19580440801717e-09,2.24257206630411e-09,1.06774109771727e-08,4.86061011274672e-09,-1.18732815386916e-08,1.1109647354632e-08,-6.34326107253124e-10,1.50047799847155e-08,1.82549496433154e-09,2.02102773614896e-09,4.78658572443767e-09,1.71668987150598e-08,-1.87084784804793e-09,1.20540630060216e-08,1.20119652160497e-08,1.54532707555906e-09,4.52851226059115e-09,2.74849566095552e-08,2.36082955627291e-08,2.7837737260186e-09,1.11563353060435e-08,1.38679533391795e-09,3.23460188800406e-08,-2.61925121632563e-10,4.41211954470063e-09,-5.32037579759589e-09,1.28376335325985e-08,-1.48117035117706e-08,7.20781590064348e-09,2.14538348275027e-07,3.42505204393882e-07,1.02235455333733e-06,2.21974105099093e-07,-7.83125265290414e-08,-6.28023365335444e-07,-1.16473188073939e-06,-5.46431349708745e-07,1.05282824602737e-06,-1.90582250433816e-08,1.23678613883717e-07,-2.75617532713436e-07,-7.10541336127429e-07,-1.88122352960692e-07,3.0383525612758e-08,-6.92705879230792e-09,-1.68909664189926e-07,1.10967207966998e-10,-6.86512306296912e-11,1.19707850795035e-10,6.62323868120802e-10,1.09377083301304e-09,2.94072012594488e-10,6.12171034183371e-10,7.84865277784092e-10,4.11483697006155e-10,8.32533950423586e-09,-2.03952636795436e-07,-1.31345327389975e-06,9.80908034270813e-07,1.11715249365597e-07,3.0098651917722e-07,2.9003115335428e-07,4.10370495440033e-07,6.29683694112569e-07,-6.67328169135887e-07,2.18442746302641e-08,-5.38668676214528e-10,-4.32241609383258e-06,9.79685781031563e-06,6.83441924359774e-06,1.1835742911726e-06,-1.39818525488771e-08,-7.63979882904306e-08,-1.87862185818598e-07
"north_west","p_W_D",4.21463479922411e-06,-5.98870988785086e-05,4.51595500830153e-06,2.11386068031926e-06,-2.439165640489e-06,7.08820129627585e-07,6.85763474377084e-09,-2.56992257964939e-06,2.03878901238072e-06,-3.76753523073778e-06,-3.95885714192179e-06,-2.0714098507508e-06,9.37400352581556e-08,-8.28744030051433e-06,2.70134665901032e-06,-3.88490224277399e-06,-1.41340843439295e-06,2.42879884135945e-06,-2.42835710190907e-06,3.41515406846482e-06,3.24044235135057e-07,3.73463184089071e-06,-1.51540241942133e-06,5.56141553367851e-06,1.85701644533962e-06,2.76083604948171e-06,6.34892520930636e-07,2.76677462091494e-06,1.16477576122286e-06,-1.88117462442772e-06,-9.77160746709268e-07,-4.56192549134653e-07,-4.05125684319035e-07,8.25518196387589e-07,6.71713405772484e-07,-1.78442737846187e-06,-3.93096245620876e-07,2.18625512762801e-06,-2.49300935054365e-06,-9.89929509500173e-07,-2.94434842524146e-05,-5.95767846093943e-05,2.24042465161378e-05,-2.9946052449945e-05,9.9840420398341e-05,3.22151566050061e-05,0.000446374959474731,4.83935467852551e-05,0.000155874283731929,2.90865785480662e-06,4.16561010715589e-05,1.65008450269061e-05,-7.39438221582416e-06,5.17548232890235e-05,1.25049836979794e-05,1.71097350143947e-05,-0.000100258938215649,6.74710640037992e-08,3.33375176681488e-07,2.34687508205302e-07,6.55564969214674e-08,6.84344898332505e-07,5.92927218224526e-08,6.03919254657153e-08,-1.07096048807701e-07,6.45271491300552e-08,-2.03952636795436e-07,0.00170843632888373,-0.000264360783279284,0.00024960309054116,-9.98075134014906e-05,2.93450414624053e-05,-7.30936744065199e-05,2.03153861173983e-05,-0.00022189581433391,0.000114358628717973,3.39063004210404e-05,1.00460000934685e-07,0.0030253948718941,-0.00321696463819984,0.000591739788523471,-0.000681138293176498,5.45035898210694e-05,-0.000119844774335514,4.68009385765319e-05
"north_west","rel_p_D_alpha",-5.97707361450787e-07,-0.000330688126401119,2.8195594306086e-05,1.29970364131817e-05,-4.59639546988576e-06,-5.18960592472581e-07,4.25385429192596e-06,3.61323899659451e-06,8.37063141479517e-06,-6.11967603048542e-06,1.47627222006662e-06,-4.52568761756433e-06,-1.00353169975618e-05,-1.43095357309153e-05,-8.49312561613153e-08,-7.70748563597754e-06,-7.35789848617153e-06,1.61067031308546e-07,-2.25896655594658e-05,3.33132821835527e-06,-5.37951982156104e-06,-8.530614671749e-06,-1.29497613551677e-05,-7.54859416476925e-06,-1.07328656343568e-05,-1.84980610911243e-05,-1.59114385387965e-07,-3.98714382136401e-06,-2.80950765557828e-05,-2.53494751667657e-05,-1.53250421714458e-06,-1.37584443965282e-05,-1.01523855785343e-05,-2.20595022940266e-05,-3.15672103043669e-06,6.59741444498433e-06,-6.66684031637158e-06,-2.14298443103568e-06,5.56239521705083e-06,2.24736167392436e-06,-0.000230512352786505,-0.000498362154655722,-0.00332795249514929,-0.000960319822510633,-0.000876503467752939,0.00153310031675055,-0.000182846224045022,0.000601816254640314,-0.00136401887199838,-1.68883511317558e-05,-0.000494718761060851,8.8640566779386e-05,0.000438534526848077,4.7103288836324e-05,-1.58896636780994e-05,-7.74935690304501e-06,0.00017316194202385,-6.24886751864737e-08,-3.85320588210963e-07,3.65788998921811e-07,-3.51423458066452e-07,-1.32234479874284e-06,1.70188460258409e-07,-6.6367860277488e-07,-4.85153432377799e-07,-2.65069362891039e-07,-1.31345327389975e-06,-0.000264360783279284,0.0061866894861421,-0.00198360581871773,-0.000162968350637816,2.32062778556459e-05,-0.000355553787943898,-0.00035908355541743,-8.46313109672579e-05,0.000379929861103207,-2.32980685936737e-05,3.8097762484458e-07,0.0507582035485437,0.00731169576954457,-0.00254274882345955,-0.0024842822804547,0.000353863494557616,-0.000164099002797362,0.000229091277794181
"north_west","rel_p_D_delta",-2.89063649577036e-05,0.00072326091124254,-1.66451764734016e-05,1.0901861096583e-05,-3.73780459286796e-06,-1.66700673206558e-06,4.15341371278132e-06,-6.89218038748375e-06,1.72339235489663e-06,-7.63282291375e-06,-1.29501999872772e-05,1.63825693946229e-07,1.44660702636388e-06,-7.19252372930709e-06,5.47655318506541e-06,1.21808656579246e-05,-2.56888577681459e-06,5.17241347374169e-07,4.53299610161784e-07,-4.28578546200344e-06,-4.11259441094455e-06,3.14638876090811e-06,-3.90068081787102e-07,2.44816372662581e-06,-5.14303765084997e-06,7.71666901623798e-06,-7.11997105949527e-07,-2.39730355857077e-06,6.36364226899867e-06,1.28135216626799e-05,4.28679953268461e-07,1.3248189045942e-05,-3.75738012866851e-06,2.99162638921541e-05,-6.9638023541583e-07,3.64203961915821e-06,-4.49257675307571e-06,8.53050687227839e-06,-8.07998472367218e-06,2.92208904476016e-06,0.000147447190387591,0.000278478520234541,0.00120231934999805,-6.73189797297414e-05,-0.000297869604214614,-0.000652473705473677,0.000396759808723409,-0.000953813352526719,0.00214327002636581,3.0267264915707e-05,9.12705111336121e-05,-6.10355007735433e-05,-0.000427021305346174,-0.000157203994036745,-5.1111296720503e-06,-1.21995220574743e-05,-0.000280339634938279,2.24660350670092e-07,-2.0421062988663e-07,3.86913167607915e-07,2.67483364124308e-07,1.01843692962632e-06,2.9878564530424e-07,-1.0622476186468e-08,-2.7814153993335e-07,1.56134795785346e-07,9.80908034270813e-07,0.00024960309054116,-0.00198360581871773,0.00380340772449709,0.000155530609253779,2.25852762060029e-05,0.000212976663434583,0.000317406047473179,4.81617522638499e-05,-5.35519132875097e-05,7.60806229832115e-05,4.89850121209898e-07,-0.011765121107795,0.00626311693471398,-0.00325494511092641,-0.00221449746841971,2.26353663000471e-05,0.000129562251221604,-0.000298490258308929
"north_west","rel_p_D_omicron",-2.79753969346682e-05,0.00107825086385889,-3.60732542662805e-06,9.9180689902947e-07,4.40121527215328e-06,1.612651248984e-06,-6.05910099206859e-07,-5.15188083301286e-07,2.19106244915401e-07,3.45095823848369e-06,-8.15588066293734e-06,-3.90931291284812e-07,-6.15513076687041e-07,-1.30633144365516e-06,7.73862700259248e-07,1.12769929397024e-05,1.13102985410829e-06,1.8909982771997e-06,1.56455963957157e-06,8.80533215566693e-07,1.17581546005311e-06,1.36320543941855e-06,3.99970820787382e-06,-1.5138968456738e-06,6.54749009272072e-06,7.77333786208438e-07,-6.59540626387896e-07,3.75335111128372e-06,9.50191013215059e-07,1.10689823420618e-06,6.58658618099365e-07,7.66110465008832e-07,1.77088554569752e-06,5.54880758442538e-06,1.0650495936347e-06,-3.13430400416107e-06,4.10380233397167e-06,-5.34059141605632e-07,1.0949760834274e-08,-1.82856830277462e-06,0.000162807105159034,0.000130827163848332,0.000148160426656473,8.53989116583134e-05,-0.000821410812685185,-0.000111310122704922,0.00026013256143501,-0.000178970948362086,0.000124194240017675,-1.07503699883663e-05,2.84065196994621e-05,1.81440130572797e-05,-6.3758991539594e-06,-0.000146835286087226,-2.9339720430169e-05,-8.95586727547111e-07,4.96804001351442e-05,1.39174925030131e-07,1.44361724907799e-07,-9.53256960307442e-08,1.67044887276957e-07,1.97941507989779e-07,1.530362546226e-07,1.0754674829808e-07,4.22633174616939e-08,2.64479329168366e-08,1.11715249365597e-07,-9.98075134014906e-05,-0.000162968350637816,0.000155530609253779,0.00105879907068778,-9.01240064092114e-05,0.000109797971926719,5.93010477153669e-05,2.39333700223596e-05,-9.2998631459946e-05,7.35228359791236e-06,2.07635599732482e-07,0.00304914009250895,-0.000959698332173918,-0.00204579178662095,0.00186954117561984,3.66574740892693e-05,-0.000109902218667362,-3.15691576145302e-05
"north_west","rel_p_H_alpha",7.1245686142707e-06,-0.00117820877659608,-5.05309246126415e-06,-3.54213087641484e-07,-7.01972511446055e-07,-4.55019072875405e-07,2.60512296473615e-06,-1.01048613815418e-06,1.20721629045796e-06,-4.82394115287439e-07,8.94221018919748e-07,-8.14149194907886e-08,-4.99962563658684e-08,-5.86337770489276e-07,1.91798596710325e-06,-2.81753590968494e-07,-2.53613482163824e-07,-6.70466269506047e-07,1.43127685119126e-06,-9.30972761734336e-07,2.78631398231707e-08,-3.67395334332913e-07,2.27057530907051e-07,2.14357373137848e-07,-1.57305602094382e-07,-8.21836262910792e-07,1.25473200487638e-06,1.09007389507903e-06,-1.42319381171627e-06,4.78316529449542e-07,6.17719240531406e-07,1.23469825305717e-06,2.06440221053995e-07,2.34771494477372e-06,-7.98760710819322e-07,2.24503546022519e-06,-2.17089436946534e-06,2.29653740992986e-06,-2.13189372688908e-06,1.51871948786334e-06,-6.30078690660562e-05,-1.22915551793519e-05,-0.000123137162512231,-3.5928334302321e-05,5.66243266557451e-05,9.45749625150391e-05,-0.000163132379959106,-3.29972845064326e-05,0.000146769713356095,-2.03381605619317e-06,-9.06702156990211e-06,-0.00011348082390364,-0.000107692405961714,6.95584103015197e-05,4.86854550034233e-06,7.4570805799557e-06,-1.68936367547988e-05,7.04026329887505e-08,5.79238106039269e-08,1.3056284010528e-07,5.87917756479278e-08,3.10541642095961e-07,9.44439983701334e-08,1.21090406053287e-07,8.20332273593015e-08,3.03493477484246e-08,3.0098651917722e-07,2.93450414624053e-05,2.32062778556459e-05,2.25852762060029e-05,-9.01240064092114e-05,0.000524385288264442,-0.000268931133182542,-4.61205320528007e-05,-0.00019164615813932,0.000120496247182012,6.11492934007168e-06,-1.208051229579e-07,0.000838064135181537,0.00217194112489304,-0.00107500258390022,-0.000498164623649184,1.27652689671954e-05,1.42234006115035e-05,-2.74951899427901e-05
"north_west","rel_p_H_delta",-2.89151041724544e-06,0.00116912044272281,-6.68797250524714e-06,-2.98970729342881e-06,2.69676402881603e-06,8.22214059991019e-07,-2.40201577036087e-06,1.30769907407546e-06,-1.4625916469474e-06,2.98228414289344e-06,-3.68932418760811e-06,8.40557704956577e-07,7.19496381271677e-07,3.45025792998878e-06,-1.08354357520649e-06,-7.19666769361325e-07,2.66097646618397e-06,8.38871035660629e-07,2.92883486152802e-06,2.20054500653419e-06,8.70951396877469e-07,1.65231089880088e-06,3.67019826953704e-06,-5.05215798424809e-07,3.52883982755002e-06,4.02556454966743e-06,-9.2565267889232e-08,-8.21420510922022e-07,7.06699882384237e-06,4.55797417130411e-06,1.34451195767805e-06,2.58869083905957e-06,5.89278364177717e-07,6.63546520633434e-06,8.16626137952472e-07,-2.30218574739122e-06,2.1634420499208e-06,9.39858295595468e-07,-1.20637474689954e-06,-1.22894454302162e-07,7.54175931398772e-05,0.000102136658112737,0.000301240361677487,5.571590783517e-05,-5.78108134000332e-05,-0.000124646727933368,6.73262871133052e-06,-0.000101450707224412,-1.65791776357485e-06,-4.89800705302709e-06,5.07524019755592e-05,-2.53437255662934e-05,-0.000209732412793569,-6.00993383421106e-05,-1.38569382950055e-06,-8.02865527839816e-07,-5.24184660143326e-05,-3.03826032117954e-08,-6.6986338040411e-08,-2.134752110402e-07,8.32087041113659e-08,-1.84811522095062e-07,-7.58563498891435e-08,5.2850781929426e-08,1.21210455878062e-07,4.5779177529218e-08,2.9003115335428e-07,-7.30936744065199e-05,-0.000355553787943898,0.000212976663434583,0.000109797971926719,-0.000268931133182542,0.000484405063137049,0.000113816163587417,0.00022327509838139,-0.000317387234310507,1.52815676904828e-05,2.43140775818561e-07,-0.00410553079337107,-0.00189583484275875,0.000726233254302992,0.000760357356678203,-2.2440553093129e-05,-4.62182067969762e-05,-4.60483470722907e-05
"north_west","rel_p_H_omicron",-8.37717439810422e-07,0.00073458302403039,1.32916820465462e-06,-1.4082708081182e-06,3.96792933406425e-07,-4.35759804863944e-07,-6.80204523136293e-07,3.64653198316935e-07,-1.23363587859156e-06,3.12745069516838e-07,-4.40920158020306e-06,-4.34904436947265e-07,-7.10614181585096e-07,-9.11886074403279e-07,8.56981374858787e-07,3.03965344970552e-06,7.21500332670451e-07,7.85495828071057e-07,8.03117755014502e-07,1.23134281642581e-06,-4.0481851677993e-07,1.26342099554251e-06,1.00939102055871e-06,3.04449679152299e-07,6.68290004427161e-07,2.61104995111129e-06,-5.93372122237956e-07,7.88451992289593e-07,4.91305660080997e-06,2.24906260038736e-06,-1.25577483208976e-07,2.3415415654089e-07,-2.74397938291596e-07,2.4854803792172e-06,9.72850539712072e-07,-1.79595701433188e-06,4.35603458436651e-07,1.12129722645413e-06,-7.61594848611055e-07,6.20081985427265e-07,3.90975339473396e-05,2.66145080571356e-05,0.00022936712417916,4.20319502689619e-05,-2.55020828510425e-05,-0.000187801162713755,7.48513492045061e-05,-0.000125127371658535,0.000272041174450581,2.09518659461319e-06,2.06446524544978e-05,-1.66046800192691e-05,-0.000631248546160684,-1.4159073539776e-05,-5.88919885582535e-06,2.49832428216583e-06,-1.70168654095503e-05,3.88765008807159e-08,6.79665375302112e-09,-2.56394346369314e-08,1.05222611428283e-07,4.67654332133562e-08,5.64539667046083e-08,6.23794812563887e-08,1.24192145245253e-07,4.85519611644593e-08,4.10370495440033e-07,2.03153861173983e-05,-0.00035908355541743,0.000317406047473179,5.93010477153669e-05,-4.61205320528007e-05,0.000113816163587417,0.000645398910297133,2.55575650737536e-05,-3.7207952176201e-05,7.65513879053519e-06,4.226183308286e-09,0.000343935935361899,0.000417508191445801,0.00131102981461522,0.000207927036360545,3.29455441507116e-05,-6.5095320736411e-05,-1.65028062708365e-05
"north_west","rel_p_ICU_alpha",-8.96178958121135e-08,0.000867395140005279,6.33368309014804e-06,-3.49971107296987e-06,1.19258460271814e-08,6.06978768244263e-07,-2.5149374715375e-06,1.57160164811242e-06,-1.139188577241e-06,9.00197024599929e-07,5.75838013433789e-06,2.33802389593516e-06,1.57231423731949e-06,8.23138078086372e-06,-1.66503303151104e-07,-2.16494552662435e-06,3.5317797805671e-06,7.0337479762102e-07,5.94930185096837e-06,4.59908105176456e-07,2.6466189310309e-06,6.82449320786521e-07,5.47136734524281e-06,-2.49882396834297e-07,4.40135822403566e-06,3.91294412097095e-06,2.03457365999973e-07,-1.76992008385016e-07,7.91958007584451e-06,1.05726423878546e-05,3.16013023784503e-06,5.77685202047902e-06,2.65423410117977e-06,1.06278090204311e-05,2.72905938214731e-07,-3.74936787740007e-07,1.2389438054045e-07,1.68238633563618e-06,-1.77203580549608e-06,-3.71119356125316e-08,-8.58184482348993e-05,3.81421601178144e-05,0.000145290989697608,5.61528928425131e-05,-7.70468785546926e-05,-0.000127441371993877,-0.000399018830770268,3.58415626476237e-05,0.000194742714568027,-8.55020814654943e-06,2.04465096820067e-05,-1.12020312627319e-05,1.38645473080027e-05,-1.39109115980995e-05,2.16476526826123e-05,-3.28076560307159e-05,-7.58791511368107e-05,-1.10315700119921e-07,-3.29825179647231e-07,-3.51359859906996e-07,-3.53176403254477e-08,-4.42174403730657e-07,-1.25647513405554e-07,7.72324636337174e-09,2.26952625980039e-07,6.100859243479e-08,6.29683694112569e-07,-0.00022189581433391,-8.46313109672579e-05,4.81617522638499e-05,2.39333700223596e-05,-0.00019164615813932,0.00022327509838139,2.55575650737536e-05,0.000685251476904471,-0.000350152937089839,-3.84602261654669e-05,4.72098628736494e-08,-0.00908038963556484,-0.000300107200395067,-0.000666273694496096,-9.67576645553201e-05,-9.51172408902639e-05,3.68577535894486e-06,-0.000111095146977998
"north_west","rel_p_ICU_delta",4.25320978581771e-08,-0.000615208898182124,5.97320285293392e-06,4.9421813402852e-06,-2.39160517591752e-06,-1.07763555386615e-06,2.83913808661635e-06,-1.99249393689888e-06,1.29001037823683e-06,-3.01378200365025e-06,1.07111489120043e-06,-8.72884166130213e-07,-5.26558482403635e-08,-5.16268974848224e-06,1.09168734608144e-06,8.92630810957789e-07,-3.27831791911519e-06,4.33422479852628e-08,-4.49139518274354e-06,-1.35665361667669e-06,-1.18647593002919e-06,-9.35896169928191e-07,-4.83837604268049e-06,8.75169511552114e-07,-3.73255152085821e-06,-4.30338815189877e-06,-3.34236416877804e-08,1.0855471681901e-06,-8.09048377288979e-06,-8.16149236074756e-06,-1.87188111140449e-06,-4.38106756730558e-06,-1.76651831281925e-06,-9.93525464093916e-06,-8.53200084600504e-07,2.54360635959981e-06,-3.05974927984861e-06,-5.79666815455925e-07,1.5693752888475e-06,1.1749374800498e-07,-3.63360125975237e-05,-0.000121404454733532,-0.000310419648546221,-8.67906909031854e-05,4.02860491651883e-05,0.000157328204686757,0.000101974444905061,3.31111604031021e-05,-6.08237236333218e-05,9.99215210634024e-06,-5.00706690162969e-05,4.488417553744e-05,0.000100643681644501,4.52228440381469e-05,-4.34695362859723e-06,1.10125226293759e-06,6.00036292533701e-05,2.9382790859258e-08,9.60833060534323e-08,3.17814266025854e-07,-4.26502585290904e-08,1.26166729848443e-07,1.23510799606911e-07,-1.1173796413647e-07,-2.13071709402951e-07,-5.01840331066103e-08,-6.67328169135887e-07,0.000114358628717973,0.000379929861103207,-5.35519132875097e-05,-9.2998631459946e-05,0.000120496247182012,-0.000317387234310507,-3.7207952176201e-05,-0.000350152937089839,0.00045690223370159,-1.0063113014894e-05,-2.53403495109073e-08,0.0019836979088237,0.000544501363538557,-0.000130405475558412,-0.000748440411938903,2.05229598142878e-05,5.05238149311727e-05,9.4478363352455e-05
"north_west","rel_p_ICU_omicron",-2.15851930726559e-06,-6.97092757147966e-05,-1.95623949289144e-06,9.29342940119343e-07,3.51039688034561e-08,-6.56105584849374e-08,5.58700846147294e-07,-4.76957515138521e-07,4.11341083235747e-07,-3.32065149666447e-07,-1.8038823431794e-06,-4.99581350600448e-07,-3.57955179474377e-07,-1.61415911231378e-06,2.18064987160865e-08,1.60280335660094e-06,-5.66122062499889e-07,1.32584839656424e-08,-1.05335544599021e-06,-2.14879432129421e-07,-5.42893782545537e-07,-2.41617375885359e-07,-6.09245237198072e-07,-4.81357490947811e-07,-6.48915444782331e-07,-6.36502483334708e-07,-1.15758016138554e-08,-3.05553851403066e-07,-1.01325321450045e-06,-2.1746064446941e-06,-6.58850310404383e-07,-1.09060991967916e-06,-9.58922645131909e-07,-5.18615350694237e-07,-8.22381321846323e-08,2.07299220606522e-08,-9.89653011494691e-08,2.52549110357604e-07,-1.84976139304932e-07,4.405359288795e-08,2.91706892967617e-05,9.8652130435111e-06,1.98915456317385e-05,-9.03436790781426e-06,1.0667343588515e-05,-7.50960924905143e-06,7.18727291132003e-05,-4.38274493267737e-05,1.45369786669199e-06,1.22255945315352e-06,-1.5724574985114e-06,3.41399815621751e-06,-4.27016272307639e-05,-1.60277905636563e-05,-3.68775064269656e-06,1.88011886310861e-06,1.50322158071435e-05,9.62259463158001e-09,3.10078410162359e-08,-1.05594958884273e-08,-1.44605360115187e-09,6.96509819498209e-08,3.1993983402606e-09,-3.72858655149626e-08,-6.16888654951547e-08,-5.1644180683115e-09,2.18442746302641e-08,3.39063004210404e-05,-2.32980685936737e-05,7.60806229832115e-05,7.35228359791236e-06,6.11492934007168e-06,1.52815676904828e-05,7.65513879053519e-06,-3.84602261654669e-05,-1.0063113014894e-05,3.25109485896655e-05,7.81899221949723e-09,0.00201495246555012,0.000328663850215858,0.000267545737044715,5.05579766853167e-05,2.3463819026988e-05,-6.95942637067536e-06,2.08234484076924e-05
"north_west","rho_pillar2_tests",1.08577589108677e-08,-6.76182595363913e-07,-5.857512986098e-09,-2.39949479546695e-10,1.59474869603072e-08,2.64216161491639e-10,-4.59891669473254e-09,2.06402949311538e-09,1.8653822220377e-09,1.53645169242944e-09,-5.98081679292706e-09,-7.79876680837914e-10,8.6132400939741e-10,-1.23887806199516e-09,2.00195624892373e-09,-2.11527223966258e-08,3.82391810849724e-09,3.01982596889789e-09,6.57225157676107e-10,4.48438200983769e-09,3.62204448720197e-10,4.17416903869768e-09,1.32415591201124e-09,5.9758713072556e-09,-3.12268236338486e-09,6.16970367500148e-09,1.24556575343367e-10,1.77458696096456e-09,1.45030119001589e-09,-4.24415620150348e-10,8.26603725354691e-09,-3.71640415866889e-09,8.48770184773087e-09,-3.42706729668773e-09,1.67511819234483e-09,-5.23307997659609e-09,9.68755650308134e-10,4.35528433882106e-09,-3.87341904677957e-09,2.16469684048875e-09,4.87298113532902e-08,4.85294407328337e-08,-1.93783456135537e-08,-8.92833815731642e-08,-2.58581308332579e-07,3.98766838233121e-07,-3.04819082495874e-07,1.81589037035789e-07,2.6140130722985e-07,-1.18754755859285e-08,-7.4467184869747e-08,2.87892953548758e-08,-4.84629786213081e-08,-1.89771043466266e-07,-3.70035370451304e-08,-2.44215255402722e-09,7.64991927606978e-08,-1.81613183674304e-10,-3.84742455701913e-10,-1.23445510935721e-10,-1.87520795593778e-10,-4.66719443141237e-10,-1.40094717823711e-10,-8.93702119441113e-12,-2.7684479487575e-10,9.12461528425084e-11,-5.38668676214528e-10,1.00460000934685e-07,3.8097762484458e-07,4.89850121209898e-07,2.07635599732482e-07,-1.208051229579e-07,2.43140775818561e-07,4.226183308286e-09,4.72098628736494e-08,-2.53403495109073e-08,7.81899221949723e-09,7.79841774874455e-09,2.86808584921899e-06,-2.17349919030758e-06,-4.6060683448458e-06,4.84496354669909e-06,2.66653280939532e-08,-1.92414129850483e-07,-6.33689308956338e-08
"north_west","seed_date_alpha",-7.68412219240692e-05,-0.0477812970360295,6.19094910554955e-05,0.00050286119920365,1.29494105177861e-06,6.12694894349081e-05,0.000263220935542366,0.000106336087214568,0.000254618319734161,-4.89207163815388e-05,-0.000741405301429311,-0.000343811120160253,-0.000569015474758938,-0.000760542341904002,-0.000305286804905704,0.00054490239392309,-0.000346387857669885,-0.000284147651028879,-0.000705099309310554,-0.000365481410351933,-0.000386733015670378,-0.000561731205586796,-0.00049634084230133,-0.000640581695877508,-0.000805773047144223,-0.000646219132275969,-3.78707000535433e-05,-0.000646663303886002,-0.000782383023384289,-0.000908628071265636,-0.000445215402225486,-0.000698848053170678,-0.000483460909616181,-0.00105962308198537,-8.65154855187313e-05,0.000101070814778721,8.75430317939062e-05,-0.000273628741471334,0.00037784440627493,-0.000105155916501778,0.00500358448788921,0.000629575864866986,-0.0227351951644471,-0.00961136682387342,-0.00881012771132227,-0.00229964411051915,0.030469190660611,0.00487462794613056,-0.0329000025977271,0.000483699176786477,-0.00722568633813676,0.00247930497888473,-0.00102477423472859,-0.00381998795806546,-0.00108154097932227,0.000479867566500895,0.00354605319865783,2.60575447878829e-06,-2.03242705465093e-05,8.67275572676151e-06,-1.04169676399506e-05,-1.87885014989841e-05,2.45578153944935e-06,-3.09513148201875e-05,-2.62335312639397e-05,-6.51052368921105e-06,-4.32241609383258e-06,0.0030253948718941,0.0507582035485437,-0.011765121107795,0.00304914009250895,0.000838064135181537,-0.00410553079337107,0.000343935935361899,-0.00908038963556484,0.0019836979088237,0.00201495246555012,2.86808584921899e-06,2.70191658693558,0.301149894001847,0.195881955132523,0.005845604950964,0.0227053475496418,-0.00666005411854261,0.00810236241562715
"north_west","seed_date_delta",-5.61909629154604e-05,-0.00437223201944696,0.000165767727240345,0.000162567466050672,4.71228850703028e-05,-4.19462549643289e-05,8.61339143331123e-05,-1.1106039614713e-05,6.72482085114622e-05,-6.4900325191395e-05,-1.54330380162369e-05,-3.51071845176068e-05,-6.27238935314972e-05,-0.000109546239262049,0.000104436167942153,-0.000226239883873838,-3.6187302337547e-05,-9.18613231013501e-05,-4.91847003237822e-05,-0.000120267649655561,-8.38313003464972e-05,-0.000113849357539174,-8.1026103783529e-05,-0.000137990506375037,-0.00019494763150718,-0.000111684067221447,-4.26055916753839e-06,-0.000118009498841474,-0.000161630484038894,-0.000124617754200576,-4.08337434738975e-05,-8.90001734143804e-05,-9.76624950364615e-05,-8.94473899782313e-05,-3.40835931918198e-05,5.36316471916449e-05,3.50581747354114e-05,-4.77850287661213e-05,2.85614021329111e-05,3.96039932739384e-05,0.000744353348532427,0.000530413304077583,-0.00233769276124906,-0.0022484142268693,-0.00147995385309339,-0.00122660153396001,-0.001562054540649,-0.00321754528825203,-0.00278761812239595,0.000237720374666691,-0.00189539770860253,5.31501372755122e-05,-0.000647459623303532,-0.00080349853194665,-0.000134953393633015,-0.000162182326850644,-0.00223107931395805,7.46074062286646e-07,-7.24133114913024e-06,2.61538520161674e-06,-3.5208968328035e-06,6.76487014864388e-07,5.38476897877827e-07,-4.20666203818504e-06,-2.96166502647517e-06,-3.18935269853836e-08,9.79685781031563e-06,-0.00321696463819984,0.00731169576954457,0.00626311693471398,-0.000959698332173918,0.00217194112489304,-0.00189583484275875,0.000417508191445801,-0.000300107200395067,0.000544501363538557,0.000328663850215858,-2.17349919030758e-06,0.301149894001847,0.297019448126102,0.0032119316399943,-0.00457237196483128,0.00250173257661334,0.00139476954814315,0.000149249903919214
"north_west","seed_date_omicron",5.32998430944253e-05,-0.00898666189313409,-0.000217293276902999,-3.34718491678028e-06,-5.22384855574126e-05,-8.27490460059619e-06,3.53883051158562e-05,1.23426487968962e-05,-2.47357698399081e-05,8.00535581857392e-05,-0.000219756002742826,-3.33038957248821e-05,-5.98214121846413e-05,-1.97510701321364e-05,-0.00010081129407388,0.000221330284029294,-4.02546514297e-05,-6.29009879928928e-05,-4.10586201125914e-05,-7.531984910828e-05,-5.43057776152512e-05,-9.29600888439538e-05,-5.20348984056294e-05,-0.00013738483103992,-0.000114170458317889,-4.48155908854003e-05,1.67100339341354e-06,-0.000192291235131364,7.37648360108156e-05,-0.000328230240797962,-0.000217706487724236,-0.000254509066197376,-0.000261268246773598,-0.000278588523316882,-4.62472517436267e-06,-5.23964278964577e-06,4.00944596764724e-05,-6.69098888203359e-05,7.09523234289122e-05,-2.6872877641053e-05,-0.000644034050624378,-0.000195982223947927,0.000510235154618867,0.000386653495330217,0.00284674719438252,-0.0018699040295547,0.00291898025295716,-0.00109188073211692,-0.00388216407309642,-2.27849955490523e-05,0.000130621180262367,0.000323024049295067,-0.00158995791849888,0.00036173318302422,6.18511115842509e-05,5.66703709528828e-05,0.00169358674468678,-4.08034968452092e-06,-1.7066936826718e-07,-1.91271190435219e-06,-4.91532126551441e-07,-5.6950271000843e-06,-3.27472315301693e-07,-4.04667423157462e-06,-2.22930808741461e-06,-2.91764978985338e-06,6.83441924359774e-06,0.000591739788523471,-0.00254274882345955,-0.00325494511092641,-0.00204579178662095,-0.00107500258390022,0.000726233254302992,0.00131102981461522,-0.000666273694496096,-0.000130405475558412,0.000267545737044715,-4.6060683448458e-06,0.195881955132523,0.0032119316399943,0.269706251106963,-0.00239472134703263,0.00205945241968912,0.000293266531117461,0.00707071100840077
"north_west","start_date",-6.36875726082004e-05,0.00187067616111175,-0.000187663616650078,-4.32232690804188e-05,0.00029608216786084,2.86516688595093e-05,-5.58673039560759e-05,3.04164489620116e-05,-1.19017599848836e-05,4.22573965920967e-05,-4.35669544177662e-05,1.20905535171883e-05,-6.65022360713812e-06,2.02657826791919e-05,6.14891673509692e-06,-3.62895982194919e-05,1.56694771264442e-05,-3.58375789620642e-06,4.50880544151604e-05,-6.25329743282329e-06,4.45590152851279e-06,1.3091219924957e-05,1.40111452558317e-05,-1.32136269205671e-05,4.27513914082723e-05,-9.22565824401682e-06,4.36256039456796e-06,1.97606496344164e-05,1.45545119619327e-05,2.55088580004496e-05,1.9323312350688e-06,1.65161650499867e-05,4.57861916692286e-06,1.45304171442801e-05,-1.62935154841125e-06,-8.71871153189402e-06,-4.54405134965423e-07,7.33797544997505e-07,1.26385301694296e-05,-2.88198730512337e-05,0.0010878491750564,-0.000259853199811213,0.00250647371857087,0.000791717053790085,-0.000136471296476872,-0.00296803550527562,0.00112793364624444,-0.000428007078287717,-0.00299777094440586,-2.9324663663848e-05,0.000112934759502339,0.000251142901348723,-0.000176533759438786,-0.000239539582484584,-0.000170109985082294,2.11209077991663e-05,-0.000217273314484001,2.62362013911356e-07,-1.55333547318073e-06,-2.38018783467265e-06,-1.3328855308134e-07,-3.51449756114393e-06,-2.71847958695354e-06,4.00732653731217e-07,-5.10221587802173e-07,-1.36626718130184e-07,1.1835742911726e-06,-0.000681138293176498,-0.0024842822804547,-0.00221449746841971,0.00186954117561984,-0.000498164623649184,0.000760357356678203,0.000207927036360545,-9.67576645553201e-05,-0.000748440411938903,5.05579766853167e-05,4.84496354669909e-06,0.005845604950964,-0.00457237196483128,-0.00239472134703263,0.108804648350561,-0.000204631459531098,-0.000530677223272067,-8.18247313080979e-05
"north_west","ta_alpha",-1.51383335996947e-06,-0.000368954795397949,-8.4675125035569e-08,3.89313022019051e-06,-8.23423745195023e-07,1.9306702146375e-07,2.5724058898003e-06,4.64369167294784e-07,1.76097835281149e-06,-1.52941743137368e-06,-8.73298701378773e-06,-3.42661248200586e-06,-5.20716086686061e-06,-7.49691018896558e-06,-2.80578645679363e-06,4.97974909046014e-06,-3.26814618318407e-06,-2.47184074388551e-06,-6.62816288260261e-06,-3.25678819971371e-06,-3.57610509053449e-06,-4.91308916302516e-06,-4.63339547183553e-06,-5.35019406837972e-06,-7.5807094211629e-06,-5.27247760708702e-06,-1.21291150831047e-07,-6.01378870731974e-06,-6.68760562367661e-06,-8.40504593740312e-06,-4.33353426597633e-06,-6.15137082337146e-06,-4.80595241903687e-06,-9.49486151194982e-06,-7.66616123752642e-07,9.94228915237206e-07,4.93693614955038e-07,-2.15566669929164e-06,3.08061419303443e-06,-6.31070016460826e-07,4.63458191015122e-05,7.20230737988564e-06,-0.000157985516939384,-8.49253342971932e-05,-8.11602246418539e-05,-1.39833885492943e-05,0.000325754251100451,-4.23835313416311e-06,-0.00014482898869594,5.14257615550728e-06,-5.70304751487349e-05,1.51655545556772e-05,-5.71279256784566e-05,-2.98702208322229e-05,-8.64202207799486e-06,5.44901327843175e-06,4.14482081042543e-05,1.70494481112583e-08,-1.38450684278665e-07,1.27683522649557e-07,-7.41022394584035e-08,-1.61764715811063e-07,4.12004346841524e-08,-2.67037236541438e-07,-2.3195885231915e-07,-4.34678848583073e-08,-1.39818525488771e-08,5.45035898210694e-05,0.000353863494557616,2.26353663000471e-05,3.66574740892693e-05,1.27652689671954e-05,-2.2440553093129e-05,3.29455441507116e-05,-9.51172408902639e-05,2.05229598142878e-05,2.3463819026988e-05,2.66653280939532e-08,0.0227053475496418,0.00250173257661334,0.00205945241968912,-0.000204631459531098,0.00021338908634806,-6.50808337693023e-05,7.73318146661899e-05
"north_west","ta_delta",2.1944547355353e-06,0.000400099770860372,-1.31514190836586e-08,-4.29747787622591e-07,-9.71152285964754e-07,-9.352998077598e-07,8.5642914316627e-07,-5.34312986802709e-07,3.61050818114573e-08,-1.76461490080716e-07,3.70828225200877e-06,1.14905031716102e-06,1.43489355532815e-06,3.96494076807583e-06,-2.7019622386101e-06,-3.500403899855e-06,-4.74627870000833e-06,-2.79054324301514e-06,-4.06225888466115e-06,-4.12303710597563e-06,-2.16488976934501e-06,-5.21843572584541e-06,-3.78722320077612e-06,-3.50530215556061e-06,-6.62253168436536e-06,-5.29636411826221e-06,1.01934133259356e-07,-4.58010606698911e-06,-6.27456068199795e-06,-5.96254525826127e-06,-1.37516661408239e-06,-5.07119706470874e-06,-2.38188371695377e-06,-3.18348681042231e-06,-3.53647135928602e-07,1.72064014304541e-06,-2.22512062412458e-06,4.40139617963404e-07,3.73639258366229e-07,3.04364024285072e-07,-3.66091601432733e-05,2.36771441663241e-05,6.76238271005849e-05,1.83924034145172e-05,0.000129131430704728,-4.25060136202634e-05,-0.000139306305302035,5.13853466344379e-05,4.52891762958023e-05,4.74597870887131e-06,2.24634617276498e-05,4.7863161622826e-06,6.39928259851962e-05,-4.89482357493277e-06,3.1940234970896e-06,-5.09306914773482e-06,1.25908041756049e-05,2.49274675058804e-08,1.59668590436419e-07,-2.42642161642638e-08,-4.11229945661758e-09,1.46769050672575e-07,-4.17704669320363e-08,5.06148202862453e-08,1.34626316751185e-07,-2.98227940238574e-10,-7.63979882904306e-08,-0.000119844774335514,-0.000164099002797362,0.000129562251221604,-0.000109902218667362,1.42234006115035e-05,-4.62182067969762e-05,-6.5095320736411e-05,3.68577535894486e-06,5.05238149311727e-05,-6.95942637067536e-06,-1.92414129850483e-07,-0.00666005411854261,0.00139476954814315,0.000293266531117461,-0.000530677223272067,-6.50808337693023e-05,0.000278090404943817,1.35022100909026e-05
"north_west","ta_omicron",-1.73015780663531e-06,-0.00052494983145903,-2.65223391828598e-06,1.41623852648336e-06,-1.40310469910976e-06,-9.27281011305677e-07,2.42913086925527e-06,-1.09347391244925e-06,9.29006863339156e-07,-5.07836603848943e-08,-6.45360539970805e-06,-1.64268298431859e-06,-2.14100148337921e-06,-3.1456072066413e-06,-3.05364864849387e-06,3.49582306514631e-06,-2.65649182592633e-06,-1.82054573404144e-06,-4.15227021942005e-06,-1.51077283653299e-06,-3.03032417807769e-06,-3.33643628072253e-06,-3.85812955178153e-06,-5.25445141224366e-06,-4.37647185465331e-06,-5.58003337970815e-06,1.49792938814194e-07,-3.70628691462486e-06,-6.82195110397818e-06,-2.06411231851329e-05,-8.36830295737932e-06,-1.28405629003475e-05,-9.77668473341186e-06,-1.7464196465667e-05,-5.79545898539782e-07,5.16502564888636e-07,3.88644105710002e-07,-2.0841792792306e-06,1.9247399998666e-06,-5.02695928201837e-07,-1.93869970290449e-06,-3.39555721057456e-05,-0.000180077904820055,-2.76313969031448e-05,6.31899043890071e-05,8.9245564248333e-05,0.000119309799528939,3.05191209198665e-05,-0.000417646326784153,-9.45699951258843e-07,-3.38347649879708e-05,4.09920279083621e-05,3.23504810858181e-05,1.13850361490641e-06,-5.58955916713996e-06,3.31713871836565e-06,8.96030500011505e-05,-1.41569689496797e-07,-3.51532643567141e-08,-1.4047133893083e-07,-1.09563276283936e-07,-2.8308858738985e-07,-3.22460980297191e-08,-2.58152945108508e-07,-2.06857148724763e-07,-1.70817308405746e-07,-1.87862185818598e-07,4.68009385765319e-05,0.000229091277794181,-0.000298490258308929,-3.15691576145302e-05,-2.74951899427901e-05,-4.60483470722907e-05,-1.65028062708365e-05,-0.000111095146977998,9.4478363352455e-05,2.08234484076924e-05,-6.33689308956338e-08,0.00810236241562715,0.000149249903919214,0.00707071100840077,-8.18247313080979e-05,7.73318146661899e-05,1.35022100909026e-05,0.000341135139532138
