"region","name","alpha_admission","alpha_D","alpha_death_hosp","alpha_H","beta1","beta10","beta11","beta12","beta13","beta14","beta15","beta16","beta17","beta18","beta19","beta2","beta20","beta21","beta22","beta23","beta24","beta25","beta26","beta27","beta28","beta29","beta3","beta30","beta31","beta32","beta33","beta34","beta35","beta36","beta4","beta5","beta6","beta7","beta8","beta9","mu_D","mu_D_2","mu_D_3","mu_D_4","mu_D_5","mu_gamma_H","mu_gamma_H_2","mu_gamma_H_3","mu_gamma_H_4","p_G_D","p_G_D_2","p_H","p_H_2","p_H_D","p_ICU","p_ICU_2","p_ICU_D","p_NC_15_24","p_NC_25_49","p_NC_50_64","p_NC_65_79","p_NC_80_plus","p_NC_weekend_15_24","p_NC_weekend_25_49","p_NC_weekend_50_64","p_NC_weekend_65_79","p_NC_weekend_80_plus","p_W_D","rel_p_D_alpha","rel_p_D_delta","rel_p_D_omicron","rel_p_H_alpha","rel_p_H_delta","rel_p_H_omicron","rel_p_ICU_alpha","rel_p_ICU_delta","rel_p_ICU_omicron","rho_pillar2_tests","seed_date_alpha","seed_date_delta","seed_date_omicron","start_date","ta_alpha","ta_delta","ta_omicron"
"north_west","alpha_admission",0.000124734229624459,9.67997757808202e-06,5.04380153851549e-05,-4.64366313058248e-07,7.96655320642455e-07,-1.02183239985907e-06,2.40425847202684e-06,-1.28270149303431e-06,-5.05908325893179e-07,3.71349385948715e-06,-1.77097626608883e-06,1.13273167554256e-07,1.02597399106986e-07,1.04638224812277e-06,5.63986780089859e-07,-1.75113915688247e-05,-1.12248089332954e-06,1.48161939989789e-07,-1.01768530636632e-06,1.15627204225445e-07,-2.1314404629493e-07,-5.9940861239946e-07,3.66477283872032e-07,-8.32956359373268e-07,1.08638560992424e-06,-3.03970781347794e-06,2.20848831578847e-06,2.05352411134777e-06,-1.44288637740812e-06,-9.91891193636448e-07,1.28551793491137e-06,-1.93299523323895e-06,1.85208700842285e-06,-7.74064853863397e-06,-7.8012314092811e-07,-2.67272576287056e-07,8.20721757298096e-08,-5.91160061106771e-08,2.36738660193222e-07,4.72761822022185e-07,3.28305476453044e-05,-8.39679727329636e-05,-0.000292240944823698,-2.22578421720653e-05,-3.24174143412495e-05,-0.000180794729124452,-1.21995605815864e-05,-0.000194153488516102,-0.000141207402996039,1.16971151117726e-06,2.07193269035309e-06,1.25159500593261e-05,-9.37082476360311e-05,2.67401271900624e-05,-2.17732555870152e-06,-3.07481106435492e-06,4.52493028069231e-05,6.66075112243101e-08,1.48395120583366e-07,1.69897739133763e-07,-1.19142503458341e-08,1.21176311935249e-07,9.96154117281141e-08,8.69259990108976e-08,5.01209875056038e-08,9.74525308209612e-08,-9.70594559720116e-08,7.80838890971352e-05,-0.000204520173551543,-3.22975031466788e-05,-9.33092588728362e-05,-1.48288214586133e-05,6.95446395738575e-05,0.000168599340406315,-0.000130348918915643,-1.38429514030843e-05,1.29210022520532e-05,2.88476853919099e-07,-0.00112610113226054,0.000275000277089264,-0.00030375521030232,0.000250646857622655,-5.97164051241107e-06,2.89470291182518e-05,-7.00830881728958e-06
"north_west","alpha_D",9.67997757808202e-06,0.000357892448089067,7.30495597251151e-05,1.93835727590641e-06,3.677847842051e-06,2.13527042285082e-07,-7.13306058727681e-07,-6.46622585430426e-07,-9.97918717434559e-07,2.78623713716999e-06,7.17896342741059e-07,-4.4461095341598e-07,1.84435229465486e-07,5.78543752502831e-07,3.6501683696776e-07,1.81362178797872e-06,-9.07458151577415e-07,1.94710190564977e-08,-1.82893746562676e-06,3.59284154404981e-06,-1.37828792175034e-06,-1.99380089588973e-07,-3.15149800600308e-07,-7.74115912519738e-07,1.62995978900932e-06,-2.84687391851485e-06,-2.75636873960444e-07,-7.86828600498399e-08,-7.29352346952405e-07,9.45316954742091e-07,8.54397500569436e-07,-1.97238028549173e-06,4.6867557384383e-06,-1.2097263115436e-05,5.4082600047682e-07,-9.46961979470088e-07,1.58206807899603e-06,-2.52986617694622e-06,2.88213647769692e-06,-1.41671929929395e-06,-1.64545625306417e-05,-0.000410550475436518,-0.000203526958056868,-0.000311198987791161,-0.000101384182081741,-0.000188648933574711,4.4604824177021e-05,-5.21222514551864e-05,3.5273856597631e-05,-2.97898389994214e-06,1.71650380832838e-05,5.85647657296756e-06,9.90161719839878e-06,0.000190002550757972,2.17156847263015e-06,-1.00717036123632e-06,6.27630364837504e-05,-6.31023176427186e-08,-1.14993581036418e-07,-4.06662646641971e-08,-1.02349843857356e-07,1.50141799669231e-07,-1.06828846710992e-07,-7.94306660140961e-08,1.93384853708434e-09,4.79234813882084e-08,-1.16077105548186e-07,0.000142655320709854,-0.000378549308132233,5.37505140444543e-05,0.000197189435215329,-7.91515742737627e-05,2.06819031567376e-05,3.14902138849117e-05,-5.91636581970419e-05,6.65599346376357e-05,-9.51101537751244e-06,1.94565644659021e-09,-0.0017043372272925,-0.000250100972114863,-0.000196091742076201,0.00170409309635642,-1.746932027929e-05,1.51010107486113e-05,-9.5140043129649e-06
"north_west","alpha_death_hosp",5.04380153851549e-05,7.30495597251151e-05,0.00170988897486295,2.51743283265376e-07,4.16202094747888e-06,3.22951410181622e-06,-6.76137619621626e-06,4.01549615324117e-06,-8.84394009798857e-06,1.60226634152722e-05,-1.30281458011472e-05,2.07016871963989e-06,-1.26284742356852e-07,2.90356658492044e-06,1.37535226214362e-06,6.56360078280934e-06,-3.82384182193868e-06,5.33122225070103e-07,-1.71220144970912e-06,3.05935984994482e-06,-3.75417723890349e-06,-2.62313674217165e-06,2.80125013199885e-07,-7.3098783468402e-06,5.63356946137878e-06,-1.36844256794878e-05,2.43346316318491e-06,2.26037710331264e-06,-5.64372096157433e-06,-3.23995843693155e-06,3.24345812732946e-06,-8.67116200684431e-06,-1.70679179747737e-06,1.49237549545897e-05,-2.25550108027056e-06,1.75959940490764e-06,7.13576470544865e-07,-2.0542886818011e-06,4.59678625042876e-06,-5.69884225791291e-06,0.000216444409791181,-0.000914368715509306,-0.00093892154348459,-0.000228903475596472,-0.000636334062460964,0.000240412811994947,0.000147989899671487,0.000196719321713303,0.000596169959444709,-1.19822637704707e-05,-6.05846020512503e-06,2.7273841007027e-05,-0.000311024101564241,0.000320558413022471,4.42299170660612e-06,-1.22968279086976e-06,0.000189330264719307,-4.56519769973757e-07,-3.23128503615887e-07,-2.9123736139152e-07,-4.55060162537535e-07,-1.98757605762823e-07,-3.604166809784e-08,-2.33622993149055e-07,-6.75053005433747e-08,7.1126133502129e-08,-1.63868399779962e-06,0.000489348697938672,0.000468812405002875,0.000240858733377147,-0.000582017566651179,-0.000542627294285904,6.12474741996482e-05,0.000444376048573914,0.000245287388013125,0.000366154534566807,2.20650295033105e-05,1.49726912197121e-07,-0.0100340881243576,0.000564559181177334,-0.00126752508127681,0.00254849174193588,-8.30992997266079e-05,9.40328761692175e-05,7.51949165439315e-06
"north_west","alpha_H",-4.64366313058248e-07,1.93835727590641e-06,2.51743283265376e-07,6.80884416420636e-07,7.94148663871635e-08,3.26453816367856e-08,-4.47568026008673e-08,-3.84783911585952e-08,-7.14889643832164e-08,1.75455877697948e-07,-8.61837488799629e-09,-1.46739811621755e-09,-5.24330898450715e-09,-1.08546670030742e-08,2.8084738592604e-09,5.98920273989265e-08,1.54142274732263e-08,-7.43085223399348e-09,-3.2456642026875e-08,1.44991989037878e-07,-1.98884586213258e-08,9.4778091462175e-09,-8.712208713333e-09,6.33465208257066e-08,-2.70682553842467e-08,3.04349708636426e-09,7.76295514389612e-09,-1.07696185840401e-08,-3.63597146737094e-09,1.34736002657e-07,-5.92765647388478e-09,1.0722863762917e-07,1.60521268445106e-07,-5.17406619242511e-07,-2.19779809051214e-08,2.07384352848521e-08,3.77520731228482e-08,-4.07748084067472e-08,9.99985992684326e-08,-1.534384172304e-07,-2.70137058296333e-06,1.87307416745277e-06,-2.64191290492738e-06,-5.83774847016193e-06,-7.36405996861052e-06,-1.40341780325052e-06,-1.13856644569497e-06,1.11648306573012e-06,-6.72643076514707e-07,7.74471231171195e-07,6.06111547469448e-07,2.61747777130513e-07,4.35189181491928e-06,6.48827552764509e-06,-7.5654341353106e-08,7.3234746671992e-09,-8.17149661444585e-07,-4.64252109952386e-09,-1.20387754987189e-08,-1.38686520333287e-08,-2.08550237754009e-09,-3.50246255571185e-09,-7.3477637258888e-09,-7.11775194180134e-09,-1.1425409635627e-09,-4.4080652780051e-09,-2.51290645564603e-09,2.6739947877662e-06,-1.99812894036136e-05,-3.19277079632864e-07,1.04160147762397e-05,3.80952703069736e-06,-2.46977952231939e-06,-4.15406713525842e-06,-4.75708972690107e-06,4.70287903874133e-06,-1.13539649660986e-06,-8.47244623034787e-09,-6.79032976687917e-05,-2.29192824226392e-05,-2.50826339360795e-07,3.88074152561141e-05,-8.41488780330658e-07,-6.80665887607101e-07,-3.50509578911604e-07
"north_west","beta1",7.96655320642455e-07,3.677847842051e-06,4.16202094747888e-06,7.94148663871635e-08,1.66861990144966e-06,-3.38435534498954e-08,-1.43210845640034e-08,1.15342847793083e-09,-4.26141573301688e-08,2.74353122551068e-07,-1.63763034716165e-07,2.07870604832584e-09,2.36350601091563e-08,2.50595761183874e-08,6.65675574907608e-08,-3.48310984115817e-06,-1.42294275885527e-07,2.51488490077446e-08,-8.77265551701879e-08,-1.59990333637773e-08,-1.04593683221307e-08,-1.07146093714115e-07,-1.07908265945648e-08,-5.95674881480072e-08,7.44925387726919e-08,-2.33643496627641e-07,1.88181948515285e-07,-3.12779036711014e-08,-2.73416020516478e-08,-1.48797845619456e-08,1.39220228039194e-07,-7.27798954234203e-08,-3.35902625472039e-08,2.54189745637518e-07,-6.28792599852543e-08,-2.72520921282945e-08,8.04180817219964e-08,-1.02863003187274e-07,1.34762769359931e-07,3.74917804860586e-08,-7.09156640509902e-06,-2.93046298079615e-05,-7.2042388412877e-07,-9.07895272584511e-06,8.96740371391656e-06,-2.48201631030261e-06,4.6239092821017e-06,-2.53557873850884e-06,2.14787547393077e-06,1.1243497568833e-06,4.49303921440857e-07,-5.4684101815777e-07,-1.03382713921908e-06,5.87950323531261e-06,-1.14174849835565e-07,-1.35582111481551e-07,2.24555218007494e-07,4.43174060972818e-11,3.66334417521356e-09,2.41768648249394e-10,-7.21096064362542e-09,-2.08564623424898e-10,-5.20695428832123e-10,4.2224230265171e-09,-2.49053631788641e-09,8.53175179023524e-09,1.31621660313554e-08,1.24635607750709e-05,-7.28482125338802e-06,-1.10468482977637e-08,1.17974837287647e-06,-1.48227871565476e-05,6.21337754056995e-06,1.97022898310615e-06,9.38958529420216e-06,-6.01379134111706e-06,-1.013297638046e-07,2.76480189758682e-08,-4.3739397309039e-05,-2.02832264539901e-05,-4.66214826439006e-05,0.000510042575530619,-5.16601461143317e-07,2.35186135362323e-06,-2.36494587380737e-06
"north_west","beta10",-1.02183239985907e-06,2.13527042285082e-07,3.22951410181622e-06,3.26453816367856e-08,-3.38435534498954e-08,2.52485937862292e-07,-2.91196416648673e-07,9.39478777710672e-08,-1.0764095316969e-07,6.41713395355975e-08,-8.12023692393812e-09,6.53136443451615e-09,-1.89009909673044e-09,4.1320963808313e-09,1.71750355008255e-09,2.59402919130641e-07,1.39721930012366e-08,3.60929272904123e-08,-6.20111669666305e-08,1.23049282074128e-07,-2.831935464886e-08,2.80721040867125e-08,2.5814096856904e-08,-3.80808152249665e-08,9.46276180572166e-08,-7.35175026008513e-08,-7.89236609569883e-08,7.46028100162608e-08,-3.6050333343671e-08,1.11772038640705e-08,-1.17347874136192e-09,-5.45021171136954e-08,5.14240629491961e-08,-9.0997923771644e-08,3.37643492406358e-08,-2.31935770069209e-08,7.637720739565e-08,-1.14388619078154e-07,1.96635774965674e-07,-3.21885601773492e-07,2.39609240613643e-06,8.09658886221401e-06,-4.48138841881862e-06,-3.34660735572448e-06,1.12187877325116e-06,-2.15575765127442e-06,-4.47354352718606e-06,-9.78991559822644e-07,1.1226682968066e-06,5.54572894176767e-07,2.19484090222347e-07,3.79795051698887e-07,1.20862080200992e-06,8.71104961864131e-07,3.39774829868998e-07,1.78968448517135e-07,1.22686529075301e-06,-2.76013642580447e-09,-6.61440849449926e-09,-3.49565360948138e-09,-2.35278697975893e-09,1.87443571338411e-09,-4.41956289327402e-09,-2.86848956153135e-09,-1.41174417082531e-09,-4.76321355951579e-09,-2.00366529566114e-08,-1.00585949269824e-06,-1.47780325959453e-05,2.67838756746952e-06,-1.18328971994121e-06,9.91958312844162e-06,-5.64974457553448e-06,2.32801300437469e-07,-9.94437099901571e-06,8.16513425945779e-06,1.11611151609084e-07,1.5797135951096e-09,-9.75386435388131e-05,-4.76889818595917e-06,4.11311757628239e-06,-1.31712955320146e-05,-6.8834601111075e-07,-5.8526054400306e-07,8.94802888452651e-07
"north_west","beta11",2.40425847202684e-06,-7.13306058727681e-07,-6.76137619621626e-06,-4.47568026008673e-08,-1.43210845640034e-08,-2.91196416648673e-07,6.1241733715668e-07,-3.37652125587145e-07,2.39111381833263e-07,-1.4759322385884e-07,7.16353932983888e-08,-1.13313848321997e-08,-2.51155706172472e-11,-3.81728859201559e-08,4.3107803181515e-08,-1.71656893938526e-07,-1.05423445107492e-08,-1.2282891856378e-08,7.8631066336754e-08,-8.28573885182742e-08,3.32713634887417e-08,-5.56777861617449e-09,1.46683896245148e-08,5.0058919227491e-08,-3.22988736546639e-08,6.64631896363272e-08,8.34184506114746e-08,2.34242834982902e-08,9.4890013574485e-09,1.82453668185551e-08,-2.45137149809472e-08,1.10310056765324e-07,-7.11482406681684e-08,-6.71158606944442e-08,-3.88593513049334e-08,2.37942000016809e-08,-7.481351579917e-08,1.15209233278147e-07,-1.63934549209998e-07,3.13343843568733e-07,-1.09046205765072e-06,7.65003293198388e-06,-7.18490175117369e-07,2.36241307317625e-06,2.15331276849333e-07,-2.19566341623188e-06,1.38676318831404e-08,-5.28610823076855e-06,-7.87796672529571e-06,-2.23490752565436e-07,-8.30096456656013e-08,-5.39533445901636e-07,-3.52312875970229e-06,-4.84780709014559e-06,-5.30843203166298e-07,2.13033034246941e-08,-2.09951481953601e-07,3.01997923447701e-09,7.83101951216866e-09,6.06389082735186e-09,3.44676332039164e-09,3.58492404140639e-09,3.85940696221122e-09,5.02955262789306e-09,3.40712691762195e-09,5.15977656131866e-09,2.24132340275592e-08,6.28299167945433e-07,1.30381483398146e-06,-5.1108081329312e-06,8.52853642132762e-06,7.25699062576317e-07,3.61000670273043e-06,3.25061801013956e-06,-1.31583696202689e-06,-6.58925530064768e-06,3.36856192901002e-08,7.13354893180529e-09,8.78562532810751e-05,2.57818092938156e-06,6.19867884521091e-06,-6.07846487769002e-06,1.24811453917117e-06,-5.30988427614415e-07,-2.03837387427355e-07
"north_west","beta12",-1.28270149303431e-06,-6.46622585430426e-07,4.01549615324117e-06,-3.84783911585952e-08,1.15342847793083e-09,9.39478777710672e-08,-3.37652125587145e-07,4.09775080766024e-07,-3.04650168953241e-07,2.23813405898517e-07,-7.90010552402193e-08,2.85555116291072e-08,1.27162121602169e-08,4.09224687876901e-08,-2.09475671270024e-08,3.09740641135054e-07,4.73364672615265e-08,1.18918175669996e-08,-1.3485203060947e-08,8.04950573890772e-08,4.78979230027996e-09,3.36097292758515e-08,2.17358621001254e-08,9.86807409923575e-09,5.31276784369111e-08,4.60023606003965e-08,-6.85989196803864e-08,-2.58789859469756e-08,9.40188580792832e-08,-7.19707683354093e-09,4.09607825646905e-08,1.62841482858811e-09,2.22582014697143e-08,2.16624662603466e-07,4.07813605367651e-08,-6.82043957458397e-09,3.85099969921211e-08,-6.14599946833939e-08,7.92538595069273e-08,-7.56971984768234e-08,2.37773404754871e-06,-9.59951985539941e-06,5.25710175787496e-06,1.48581868114873e-06,-1.86472713721755e-07,3.9455644403035e-06,1.42678730742194e-07,5.86421099306381e-06,7.58983652086059e-06,1.67843939424484e-07,-1.28783869654636e-07,-9.58130512411816e-07,1.85853794860027e-06,5.06087318011172e-07,1.23688751775856e-07,-2.03644206261166e-08,-2.44729873369314e-07,8.89525099568039e-10,-7.49246752179842e-11,2.40100350535272e-09,4.50016553688092e-10,3.55152234663487e-10,-6.63835965206008e-10,-2.58590979540912e-09,7.63628759171006e-10,-8.04688233400182e-10,-2.07359716648154e-09,2.71812665226794e-07,5.37991623390529e-06,2.9793609465495e-06,-4.19849330516283e-06,-7.09880648777265e-07,-2.53532594656651e-06,-3.90297230205191e-06,3.48812768602033e-06,4.18198252198747e-06,6.98907673697935e-08,-5.77800690656187e-09,-4.0609083567292e-05,-5.07833361294978e-06,-3.73263617533831e-06,-7.36520775200302e-06,-1.05773414236925e-06,1.96783877653531e-07,-5.58452296389102e-07
"north_west","beta13",-5.05908325893179e-07,-9.97918717434559e-07,-8.84394009798857e-06,-7.14889643832164e-08,-4.26141573301688e-08,-1.0764095316969e-07,2.39111381833263e-07,-3.04650168953241e-07,4.37724260280714e-07,-5.21643922177997e-07,1.88215883425076e-07,-2.27189195502581e-08,-7.42437598435804e-09,-2.80972086937581e-08,-5.70678094716978e-09,2.69568250616148e-08,-1.34166568748527e-08,-5.27325334461608e-08,1.01532492120796e-07,-2.35164011171168e-07,4.90930540562135e-08,-3.86099846109835e-08,-3.55862552947854e-08,2.80344911101576e-08,-1.26262467157345e-07,9.43172443444585e-08,4.43113779108489e-08,-6.55968785836169e-08,-8.1833753997707e-09,2.90596952850041e-08,-3.62471532136777e-08,3.22863273772246e-08,-5.72187332700724e-08,7.67265899527076e-08,-1.85915098516812e-08,1.77653485008264e-09,-4.55504031207793e-08,1.19864490909768e-07,-1.6697981397308e-07,1.9132355644589e-07,-5.55525259877881e-06,6.80470071673895e-06,7.39190666479613e-06,4.82260651598813e-06,1.14621903284157e-06,4.90376567068011e-07,3.55294090142821e-06,-3.77433107178922e-07,-4.28123952768928e-06,-1.01276125123145e-06,-3.1490494933293e-07,-7.60619234542767e-07,-3.41577922311841e-07,-3.72054634632264e-06,-3.32631760264845e-07,-1.02454668101691e-07,-2.32352144730533e-06,4.39514058529659e-09,9.80081585237803e-09,3.29205444182625e-09,5.26697328551739e-09,4.85813942416104e-09,3.9519158119787e-09,6.39914937390859e-09,3.7257842922953e-10,3.74098409567351e-09,2.45560827803995e-08,-2.96323877888969e-06,1.58026051561743e-05,-3.75645561174572e-06,3.42363104778653e-06,-4.53512716692837e-06,4.67750031716767e-06,-1.50151987234666e-06,7.80877007707085e-06,-9.98711754390398e-06,-1.41037065161387e-07,9.94914960674646e-10,0.00016602361579797,2.04986166167717e-05,-4.19196361170682e-06,-1.52240956232955e-05,1.91195409256738e-06,2.78619107602093e-07,-1.02124226901403e-06
"north_west","beta14",3.71349385948715e-06,2.78623713716999e-06,1.60226634152722e-05,1.75455877697948e-07,2.74353122551068e-07,6.41713395355975e-08,-1.4759322385884e-07,2.23813405898517e-07,-5.21643922177997e-07,1.27089406984601e-06,-7.6796918455816e-07,5.30460490236001e-08,1.89569357230959e-08,8.93967012576675e-08,4.49052989613336e-08,-6.81138942463648e-07,-4.91011945548209e-08,5.496674522962e-08,-1.23074992722785e-07,2.7452503720919e-07,-8.08391867638014e-08,3.09894744088791e-08,5.49440817916976e-08,-1.90092140941916e-08,2.16390398550922e-07,-2.65107401896794e-07,9.23243653908698e-08,1.45015751336241e-07,-4.11105911146497e-09,4.54352314054244e-08,1.2028859201621e-07,-7.41639592644397e-08,1.55763345769793e-07,-1.83305793229704e-07,-3.50422628548923e-08,2.40506159933606e-08,5.87889203946751e-08,-1.46187565339945e-07,2.42773553195013e-07,-1.49846408167415e-07,5.18143723352864e-06,-3.73961635746361e-05,-9.2505885408038e-06,-5.85532403636463e-06,-4.19486237850483e-06,-7.88655823994905e-06,2.50159559511663e-06,-3.6145063023712e-06,5.43176172196225e-06,1.63746332035448e-06,7.22017978846023e-07,-2.25930380469259e-07,-4.62958268055965e-06,1.19091908857332e-05,1.04659903774117e-07,-2.1821950258828e-07,4.48939276384477e-06,-4.49117760624785e-10,-9.01024937096182e-10,3.07607876155034e-09,-5.64520585796031e-09,1.17122571609451e-08,2.44772967192514e-09,-1.51494175862427e-09,5.63607593852673e-10,4.55741768360472e-09,-2.56129479804116e-08,1.38159547666359e-05,-2.1616353050845e-05,2.52148312536247e-06,3.32011124860642e-07,-7.08204639452431e-06,9.36490277429726e-07,8.64976820763533e-06,3.35410799426861e-07,6.41420908923456e-06,7.78323462592379e-08,2.40475349832661e-09,-0.000197500841148536,-2.12575838943246e-05,-2.05189656801304e-05,9.93903051344366e-05,-2.08694528694836e-06,1.49344844615151e-06,-1.10677766498856e-06
"north_west","beta15",-1.77097626608883e-06,7.17896342741059e-07,-1.30281458011472e-05,-8.61837488799629e-09,-1.63763034716165e-07,-8.12023692393812e-09,7.16353932983888e-08,-7.90010552402193e-08,1.88215883425076e-07,-7.6796918455816e-07,1.08639920377158e-06,-8.99376992489628e-08,5.05570841618201e-08,-9.96236787688251e-08,4.13700858968773e-08,5.07502180453803e-07,4.76547075578609e-08,1.94743430556096e-08,-1.08205271240778e-09,4.34283777147613e-08,4.43112174148659e-08,2.50123175337001e-08,1.65186884857587e-08,6.01232738376085e-08,-4.96091548317783e-08,1.48206321493662e-07,-1.09757130199793e-07,2.20072468855819e-08,3.38472785667383e-08,1.9391983839571e-08,-5.49627712081772e-08,6.89977366526226e-08,-1.3858630408738e-08,-1.43978802090154e-08,6.24835700497362e-08,-4.84898643543487e-08,1.83958549731163e-08,7.13837634290559e-08,-1.26056586183303e-07,4.78263994139257e-08,3.05790333001411e-07,2.22081162364744e-05,1.38076914047773e-06,-3.71687333354093e-06,5.74587060640155e-06,8.7443968553201e-07,-4.48969632377266e-06,-1.96438909007977e-06,-3.97818806730172e-06,-5.64131436822256e-07,-1.6572511277114e-07,-2.84652059923351e-07,-2.29003102784364e-07,-6.06241540663881e-06,-2.28792837935152e-07,3.41974004873137e-07,-2.44331140113107e-06,3.4475285529636e-09,-5.02074610511725e-09,2.5720980537942e-10,1.72322372992842e-09,-1.29224187647241e-09,-1.08788630117565e-09,1.09262507519157e-09,1.1245802587087e-09,-2.32634190271732e-09,7.14938328654048e-09,-8.61112881658237e-06,-3.82614959783916e-06,3.0376991147104e-07,8.95675276233266e-07,1.09487480616486e-05,-3.43097530186718e-06,-1.04267008363695e-06,-1.17732849431699e-05,2.40601508206806e-06,6.21807596681548e-07,-2.24097253870112e-09,0.000111459453958794,5.44257787826617e-06,1.1818630256872e-05,-6.95249826909406e-05,7.66419893975743e-07,-1.78366123641988e-06,7.02816649259644e-07
"north_west","beta16",1.13273167554256e-07,-4.4461095341598e-07,2.07016871963989e-06,-1.46739811621755e-09,2.07870604832584e-09,6.53136443451615e-09,-1.13313848321997e-08,2.85555116291072e-08,-2.27189195502581e-08,5.30460490236001e-08,-8.99376992489628e-08,4.60017116857969e-08,1.72113052327506e-10,5.93948946519595e-08,4.81469501502147e-09,-8.02297226137186e-09,2.96638596957071e-08,1.6689725456254e-08,3.23703320596918e-08,2.5895475306257e-08,1.34527493474486e-08,3.73273513137128e-08,3.02872279118887e-08,2.49461554664839e-08,4.705777470392e-08,4.13141567548289e-08,5.1791274700788e-09,3.09405420177971e-08,5.25310321946293e-08,2.7984096235241e-08,3.32852458094377e-08,6.87427216830361e-09,2.62654812276276e-08,6.84576152203548e-08,-1.35644288817004e-09,6.10626262374235e-09,1.03429376281476e-08,-7.07797611397285e-09,1.60195331630775e-08,-3.04451510804082e-09,7.56754043939981e-07,-1.67204452702035e-06,-2.99913426333739e-07,2.08687150492297e-07,3.17460937372242e-07,7.89647074660571e-07,-3.59808451556429e-07,5.89134317227801e-07,1.05281384221003e-06,2.81746432401694e-09,-1.08175995543832e-07,-4.92462142799277e-07,1.17689650264812e-07,2.3990086240819e-07,4.21411889960917e-09,4.30754442764358e-09,8.83358226794323e-08,3.1748426344121e-11,1.99998048217442e-09,2.56885863072119e-09,5.03477312169369e-10,2.40218154887187e-09,5.42720114463493e-10,1.1876046843538e-09,1.03034902813691e-09,3.64043553958022e-10,-3.11419261094362e-10,7.61209790955479e-07,1.69042808006746e-06,8.48931653319592e-07,-1.46075636652781e-06,-9.82713049618113e-09,-1.83194178973324e-07,-7.21500358061937e-07,-2.55405450150766e-08,1.1414687530544e-06,6.555945737695e-08,-8.45459169636342e-10,-9.52384859336508e-05,-4.38707286142455e-06,1.2379541022991e-07,-3.0452026203084e-06,-9.7296926350962e-07,1.63029795153712e-07,-3.06265949733168e-07
"north_west","beta17",1.02597399106986e-07,1.84435229465486e-07,-1.26284742356852e-07,-5.24330898450715e-09,2.36350601091563e-08,-1.89009909673044e-09,-2.51155706172472e-11,1.27162121602169e-08,-7.42437598435804e-09,1.89569357230959e-08,5.05570841618201e-08,1.72113052327506e-10,5.57260818973089e-08,-1.07723111464447e-08,4.835637613348e-08,-7.96997006886012e-08,2.08171180730521e-08,2.54177759422629e-08,2.1303249133044e-08,5.11125523788172e-08,1.72875732573744e-08,3.48772130265195e-08,4.51427200482684e-08,1.86170127457911e-08,6.44736627244115e-08,2.65148781100242e-08,3.0431420913658e-09,5.28349392784618e-08,5.36644539456968e-08,3.17888806979431e-08,3.77057437989491e-08,1.58223393924893e-08,3.92593475662094e-08,5.1388253630027e-08,7.16035696557938e-09,-1.07418470663936e-08,2.61119592603037e-08,-9.51805076790689e-09,1.03953706997613e-08,1.44878181149149e-08,7.01710777286408e-07,-4.54843313068641e-06,1.38249917619972e-06,2.06815428089796e-07,2.20937970487265e-06,-2.32201169627451e-07,-3.86117253972639e-07,-1.08406023860386e-06,2.08924405394647e-07,2.54619123617657e-08,-2.03902882873779e-08,-6.49381327715222e-07,-1.29505575228109e-06,5.85286358189545e-07,-6.61624128228638e-08,-2.02099757045018e-08,-8.25521137979531e-10,9.59805780940717e-10,2.61627958514125e-09,3.16562241986953e-09,2.81103848792778e-10,4.96997005416386e-09,1.74177944481099e-09,6.13436683809905e-10,9.5329115331058e-10,2.06318587446263e-09,2.21842120331564e-09,8.90644319257083e-07,-8.85411026710287e-07,6.49830323870981e-07,-1.90670178448094e-06,2.03648262730514e-07,4.88905050786977e-07,7.92461547275704e-07,-7.34959377053356e-07,9.81383070967981e-07,2.04388824085927e-07,2.50587559051714e-10,-0.000119088029208616,-7.54773286884621e-08,-6.14742352212474e-06,1.50713565643501e-06,-1.07842892036617e-06,1.95168520241175e-07,-4.53100599864824e-07
"north_west","beta18",1.04638224812277e-06,5.78543752502831e-07,2.90356658492044e-06,-1.08546670030742e-08,2.50595761183874e-08,4.1320963808313e-09,-3.81728859201559e-08,4.09224687876901e-08,-2.80972086937581e-08,8.93967012576675e-08,-9.96236787688251e-08,5.93948946519595e-08,-1.07723111464447e-08,2.40225269644023e-07,-8.46699345562173e-08,-1.46121915937898e-08,2.13486594841613e-08,-9.90599873118895e-09,2.36115773432215e-08,-1.56454218824878e-08,-9.28320688477982e-09,1.81011771267479e-08,6.25290846188661e-09,-2.14694431763098e-09,2.95181387507392e-08,6.74240300128375e-10,2.94803530567204e-08,-9.82780936673892e-09,4.65400743990144e-08,3.66895051205778e-08,5.44451362367075e-08,-3.40628035059646e-09,4.12891434640209e-08,9.4711950873018e-08,-2.53934537915979e-09,-3.95229702964292e-09,2.4759439669257e-08,-1.59816618449882e-08,1.65086012314528e-08,5.39931067677996e-09,1.81905474299232e-06,-1.18636013025507e-05,-3.75242702750618e-06,2.11478968330769e-07,1.17728199220356e-06,-4.55805934096167e-07,4.16856697358203e-06,-1.5706691879639e-06,1.17161010965211e-06,-2.52211684928672e-07,-1.34223173097688e-07,-6.21583501325293e-07,5.95168501096768e-08,3.89974931515739e-06,7.74581295779817e-08,-9.47602121488949e-08,5.86575196543225e-07,1.6005196190416e-09,5.7439022982948e-09,5.48524091929722e-09,-3.26710620898056e-11,5.38363477915948e-09,2.29054594600823e-09,2.05727286507369e-09,1.64967182777419e-09,2.2365264222051e-09,-2.52472818204683e-09,3.82862940173332e-06,5.18619595154796e-06,1.23431483096262e-06,-5.11543717889683e-06,-7.13860188821343e-06,3.58354351539014e-06,-1.65299956599965e-06,4.80048049875154e-06,-2.53611717271283e-06,2.67523461139477e-07,1.26484766133509e-10,-0.000168692218000018,-1.24278055962363e-05,-1.04951397664049e-05,1.4155089968831e-05,-1.67699821331561e-06,2.20320374785105e-06,-1.27981562235614e-06
"north_west","beta19",5.63986780089859e-07,3.6501683696776e-07,1.37535226214362e-06,2.8084738592604e-09,6.65675574907608e-08,1.71750355008255e-09,4.3107803181515e-08,-2.09475671270024e-08,-5.70678094716978e-09,4.49052989613336e-08,4.13700858968773e-08,4.81469501502147e-09,4.835637613348e-08,-8.46699345562173e-08,1.74722201440183e-07,-1.38692744645894e-08,-1.56760154889418e-08,8.56785962912039e-08,-7.80488401849995e-09,1.43790094012721e-07,2.55043993043158e-08,7.23774137434283e-08,7.02657906962398e-08,7.16642306331737e-08,1.25012767040972e-07,3.52642367207463e-08,6.7369924577553e-09,1.13099377113848e-07,7.76453608695283e-08,8.07245781037448e-08,6.06411430197259e-08,1.49468959596509e-08,1.02620791770855e-07,-1.10498625294587e-07,7.42498428214751e-09,-2.64664524160307e-08,5.12398476927384e-08,-4.38863805716512e-08,6.63803429435273e-08,-9.94370850335952e-09,6.65804013349528e-08,1.37705987618067e-06,-2.61307131699666e-06,-3.40333481285297e-06,-1.32570246833748e-06,-2.96035719596852e-06,-2.83182405886282e-06,-2.26581580796935e-06,-1.74407394540714e-07,5.94257233312151e-07,9.83683576627313e-08,-5.83703931956972e-07,-9.72452623136635e-07,-8.44121536479279e-07,-1.3430182236813e-07,5.0572980620515e-08,2.96348197566319e-07,1.10491263177651e-10,-4.75381216620889e-11,-4.53117213692645e-10,6.14270402095417e-11,6.87843516627572e-09,-2.47585430648499e-10,1.63240474271148e-09,9.19685394649054e-10,1.27752541225003e-09,2.85159505961207e-09,2.54794836188079e-06,-8.67881107558141e-06,-2.03054972090436e-07,5.62024302086305e-06,4.96801106697801e-06,-2.13818729050826e-06,1.74782346726711e-06,-5.52041216140074e-06,3.885318961161e-06,-1.104812404476e-07,3.83941700458019e-09,-0.000114344345834221,1.4973674867663e-05,-4.10804164914788e-06,2.27933446487477e-05,-1.01999820144221e-06,-1.26857312754403e-06,-3.50957178633336e-07
"north_west","beta2",-1.75113915688247e-05,1.81362178797872e-06,6.56360078280934e-06,5.98920273989265e-08,-3.48310984115817e-06,2.59402919130641e-07,-1.71656893938526e-07,3.09740641135054e-07,2.69568250616148e-08,-6.81138942463648e-07,5.07502180453803e-07,-8.02297226137186e-09,-7.96997006886012e-08,-1.46121915937898e-08,-1.38692744645894e-08,3.16123200543295e-05,4.6647970898758e-07,1.00853972376134e-08,2.86709261040621e-07,2.63507292178988e-07,3.92508775316643e-07,3.47564183055431e-07,1.05554573239193e-08,5.90801524551517e-07,1.76051311666275e-07,9.46565259896644e-07,-1.52264787116995e-06,-1.93014529345429e-07,5.03546495547193e-07,1.45448391394738e-06,-3.54089828056519e-07,1.21419232146893e-06,3.58066022007159e-07,5.7814664553478e-07,6.15693244553718e-07,-1.32242351937583e-07,-3.91307618590908e-08,3.37667975892473e-08,2.46775191746852e-07,-6.04560941503905e-08,6.21083615181467e-06,5.38517719484015e-05,5.18553111535242e-05,4.38995585992017e-06,-5.33332066770726e-05,4.0127175783252e-05,6.80059982997781e-06,4.43042235965786e-05,2.72334270010982e-05,-8.8694144164568e-07,-5.03630901098641e-07,-5.37514392093278e-06,3.12696452572476e-05,-2.52627188448561e-05,-4.81041827308499e-06,1.12741936135956e-06,-3.39226349243016e-06,-2.03262971224153e-08,-4.15303103587665e-08,-3.08273003104181e-08,2.67712083812164e-08,6.44747609754835e-08,-4.14592723967696e-08,-3.96334450471576e-08,-8.78188448901642e-09,-4.41375787681825e-08,3.77233154408739e-08,3.74233962725416e-06,2.32419440720752e-05,-9.36922420078892e-06,9.25327798302101e-05,8.68898161529662e-06,-1.53462037269963e-05,-4.89916092362993e-05,2.62514984256006e-05,-5.6652313125967e-06,-5.43449022512976e-06,-1.25077330229323e-07,1.90263259568305e-05,-0.000146885703757292,-7.93056008837286e-05,-0.000334142525739737,9.11194528781277e-07,-1.2427628690359e-05,-8.14559769217198e-06
"north_west","beta20",-1.12248089332954e-06,-9.07458151577415e-07,-3.82384182193868e-06,1.54142274732263e-08,-1.42294275885527e-07,1.39721930012366e-08,-1.05423445107492e-08,4.73364672615265e-08,-1.34166568748527e-08,-4.91011945548209e-08,4.76547075578609e-08,2.96638596957071e-08,2.08171180730521e-08,2.13486594841613e-08,-1.56760154889418e-08,4.6647970898758e-07,1.70362330922799e-07,-1.46312741497548e-08,1.58371079531859e-07,5.09888770385146e-08,6.734403870194e-08,1.00112207724315e-07,7.88552792994582e-08,9.75309864640928e-08,1.03859377500719e-07,1.5445892952396e-07,-6.01184496067334e-08,9.57413260910419e-08,1.13367775733672e-07,1.17420665361921e-07,-3.39997476634152e-09,1.16028937298177e-07,7.42058560691022e-08,-1.38298284205081e-08,2.83936272673936e-08,-3.57392491595323e-09,1.42656694464765e-08,2.76893557981327e-09,-1.93492257882516e-09,-2.84444107210346e-10,7.51369072906921e-07,7.37187995343236e-06,3.25640621566664e-06,7.76034630400663e-07,2.36293749329743e-06,4.88364468126055e-07,-2.49191633998575e-06,2.33093355695483e-06,1.06078950979036e-06,7.14038460261112e-08,-1.00284680719601e-07,-7.75733823472859e-07,2.83674478583281e-06,-1.79397371825137e-06,-1.04600275156742e-07,1.16182679856577e-07,-1.05177752252537e-06,9.78357571340534e-11,-7.34745262525649e-10,1.63248241097958e-09,3.21948770283176e-09,1.43470897639294e-10,-1.79674315749649e-09,-9.08090266098726e-10,9.67264008215207e-10,-2.46989379163739e-09,6.31047609978022e-09,-2.48772713042779e-06,-1.18331485511159e-06,7.94346824006125e-07,2.44572570800194e-06,6.41851529695719e-06,-3.44723610647097e-06,-5.43943912679662e-06,-4.76603116243083e-06,4.78745380771827e-06,-1.11321556495757e-07,-6.60536936614813e-09,-0.000105325113454092,-2.1921655024737e-05,7.5120194989466e-06,-5.70356161064311e-05,-1.14349836243799e-06,-1.97554547473538e-06,1.75767453636825e-07
"north_west","beta21",1.48161939989789e-07,1.94710190564977e-08,5.33122225070103e-07,-7.43085223399348e-09,2.51488490077446e-08,3.60929272904123e-08,-1.2282891856378e-08,1.18918175669996e-08,-5.27325334461608e-08,5.496674522962e-08,1.94743430556096e-08,1.6689725456254e-08,2.54177759422629e-08,-9.90599873118895e-09,8.56785962912039e-08,1.00853972376134e-08,-1.46312741497548e-08,1.39820970397833e-07,-1.22987568944444e-07,1.82678901044699e-07,1.13346166633721e-08,7.7760045842653e-08,6.99087451132314e-08,4.10401650633867e-08,1.21526367114908e-07,3.52969358382108e-08,-2.11950451142847e-08,1.05590539814112e-07,6.56393218960757e-08,5.06612693208859e-08,5.54236866330356e-08,2.05991967908048e-09,5.90983878576394e-08,-4.73280935782674e-09,1.63271877662097e-08,-2.28577285441136e-08,3.9019901927816e-08,-4.84764791136204e-08,8.24019768945522e-08,-6.96870380673568e-08,2.12138078106852e-06,3.6800160346117e-06,-2.15938440624881e-06,-3.0379732706972e-06,2.65240378997957e-06,-1.23408512265666e-06,-3.0940086371716e-06,-2.42693050732755e-06,-1.71130056544067e-06,3.12166893813368e-07,3.82282472665771e-08,1.04372102431085e-07,6.7092802232213e-07,-1.16630463964361e-06,8.0498117196697e-08,9.69250030060469e-08,6.04153255520069e-07,-1.54054511533165e-09,-1.19719278980565e-09,1.29514411487231e-10,-1.4142720392969e-09,2.3819523196903e-09,-5.57942062912148e-10,6.70733455253732e-10,5.68787742876222e-10,-7.41311332564067e-10,-5.02595946120986e-09,5.7258011263344e-07,-8.86593215514846e-06,1.32017520490029e-06,-9.53684140904041e-07,5.13622100180111e-06,-2.00467890700394e-06,1.85696628356959e-07,-5.91269470017192e-06,2.64877113441112e-06,1.07693443099461e-07,7.03073185018951e-10,-0.00013592240986226,-2.82100097390082e-05,3.64901180717795e-06,5.85438480915452e-06,-1.2505166299747e-06,-1.30416662354869e-06,2.73381624954774e-07
"north_west","beta22",-1.01768530636632e-06,-1.82893746562676e-06,-1.71220144970912e-06,-3.2456642026875e-08,-8.77265551701879e-08,-6.20111669666305e-08,7.8631066336754e-08,-1.3485203060947e-08,1.01532492120796e-07,-1.23074992722785e-07,-1.08205271240778e-09,3.23703320596918e-08,2.1303249133044e-08,2.36115773432215e-08,-7.80488401849995e-09,2.86709261040621e-07,1.58371079531859e-07,-1.22987568944444e-07,6.12698490582494e-07,-4.83236938103788e-07,1.42537848844964e-07,5.24796045036536e-08,6.69078378056455e-08,1.14497734915182e-07,4.77231575923697e-08,1.43464687141233e-07,4.07959403143274e-09,9.49952801577585e-08,1.10632491007952e-07,7.79494991091568e-08,-2.52899525816481e-08,1.07304133138331e-07,4.88086361220857e-08,3.79727715179169e-08,-5.91570118942694e-09,1.63479352689614e-08,-1.76624454808282e-08,8.35577945253876e-08,-1.40694132556352e-07,1.44770787118587e-07,-1.17394651774259e-06,5.869329991837e-06,8.34580552197536e-07,3.48561788045109e-06,1.74186222783059e-06,3.08592735375653e-06,3.48064552676779e-06,4.88674862662207e-06,2.53463403295726e-06,-8.69258336611123e-08,-4.06304839780502e-07,-1.33585165162113e-06,-2.59616086253328e-06,-2.15551076856205e-06,-2.87141860870234e-07,4.81196672201689e-08,-1.97775431210374e-06,4.97280702913795e-09,6.3811330729934e-09,6.37234350654259e-09,5.53251430703583e-09,2.19361334270378e-09,2.9326628826988e-09,3.56025554465419e-09,1.13035235226123e-09,1.94944751081756e-09,1.38431610333007e-08,-4.14611893054942e-06,1.79684933896579e-05,-3.14507351791184e-06,4.6026564547184e-06,-6.59401952444283e-06,2.62546611973748e-06,6.28307655570546e-07,5.69136958360756e-06,-2.62718708317295e-06,2.00456930663634e-07,2.38549072136895e-10,-4.5681604748762e-05,-3.11653400517972e-06,2.78904915384913e-06,-3.41575883362898e-05,-4.69246990128825e-07,-1.12672595856342e-06,-2.88616636545817e-07
"north_west","beta23",1.15627204225445e-07,3.59284154404981e-06,3.05935984994482e-06,1.44991989037878e-07,-1.59990333637773e-08,1.23049282074128e-07,-8.28573885182742e-08,8.04950573890772e-08,-2.35164011171168e-07,2.7452503720919e-07,4.34283777147613e-08,2.5895475306257e-08,5.11125523788172e-08,-1.56454218824878e-08,1.43790094012721e-07,2.63507292178988e-07,5.09888770385146e-08,1.82678901044699e-07,-4.83236938103788e-07,1.19459729351949e-06,-2.56183113872501e-07,2.68925734961828e-07,4.89451332230757e-08,1.47432964910971e-07,3.05450606144909e-07,-1.47280566176773e-08,-8.96941882506842e-08,1.85368257862208e-07,1.09044343982385e-07,2.4516110232911e-07,9.92975391549476e-08,3.30763178817334e-08,2.92371549704002e-07,-4.34686648998032e-07,6.40129453499476e-08,-5.52733242592136e-08,1.32054527558955e-07,-2.15881046617465e-07,3.27084121076386e-07,-2.52118253586587e-07,4.68745589203286e-06,-1.20048887305724e-07,-4.97502216219014e-06,-1.18555704001537e-05,-8.19861767711705e-07,-8.75208676513229e-06,-1.13624900499683e-05,-6.73836960209333e-06,-5.47583795848478e-07,1.34335662398435e-06,9.72305692955659e-07,4.74164529309718e-08,7.56255667725777e-06,2.94919351691623e-06,1.0659137840693e-07,2.08146180851675e-07,3.63210556018945e-06,-1.00421332836783e-08,-1.43133917296072e-08,-1.20116698495545e-08,-4.84806755435398e-09,6.99117064366887e-09,-1.16512645050937e-08,-7.09818903637208e-09,7.79653607944753e-10,-7.1817054363058e-09,-1.767832142463e-08,5.23486368165796e-06,-5.13112721129282e-05,5.21218375642918e-06,8.96765259878516e-06,2.39816574319496e-05,-1.17123407927442e-05,-8.82894832784293e-06,-2.44270391519238e-05,1.87619762099489e-05,-7.40067953342678e-07,-9.23385219125355e-10,-0.000323588809697395,-5.73970843177587e-05,1.04987620175868e-05,-1.17425117337794e-05,-3.17923021215796e-06,-2.7849488837665e-06,2.37189556192819e-07
"north_west","beta24",-2.1314404629493e-07,-1.37828792175034e-06,-3.75417723890349e-06,-1.98884586213258e-08,-1.04593683221307e-08,-2.831935464886e-08,3.32713634887417e-08,4.78979230027996e-09,4.90930540562135e-08,-8.08391867638014e-08,4.43112174148659e-08,1.34527493474486e-08,1.72875732573744e-08,-9.28320688477982e-09,2.55043993043158e-08,3.92508775316643e-07,6.734403870194e-08,1.13346166633721e-08,1.42537848844964e-07,-2.56183113872501e-07,2.12337213171168e-07,-4.70907698137631e-08,1.27935551584216e-07,1.58208402094028e-08,5.16819859768946e-08,1.45218296531551e-07,-1.74940602966661e-08,5.24355096074349e-08,9.2213204416662e-08,5.63717805855479e-08,1.36236465990004e-08,9.38721330420395e-08,2.05071960690136e-08,5.27364336675325e-08,9.04622475571745e-09,-1.4850872040616e-09,-1.03574721427208e-08,4.28671085782804e-08,-5.45420181373414e-08,6.54651908474244e-08,-2.73881053052707e-07,1.09353142294243e-06,3.43683680998851e-06,1.25485017712074e-06,7.76211345803999e-07,1.27333563951313e-06,9.05466168082035e-07,2.43853951482478e-06,7.5962363375001e-07,-2.46374412234134e-07,-3.68672731052233e-07,-8.54850927041312e-07,1.13653937564317e-06,-2.02047578105555e-06,-1.4579900729552e-07,1.50612101730899e-09,-1.87560523355884e-06,4.39016785378599e-09,5.28682217824526e-09,6.13989346973047e-09,4.31742342980608e-09,3.91253345914516e-10,3.92915083371269e-09,3.50923832536888e-09,1.55774658310363e-09,1.57608687266519e-09,1.20804760773732e-08,-1.22720909211444e-06,1.38960686395074e-05,-6.98874585842027e-07,1.13772690032746e-07,-2.01024880449967e-06,3.89996196810665e-07,-2.5765926575599e-06,2.66381061337386e-06,-9.59925382207067e-07,4.07092719874092e-08,-5.56376805542514e-09,-2.08091622239884e-05,-9.48131506713979e-06,-8.8955762012342e-06,9.70147938663628e-07,-2.20368096748592e-07,-9.88652989469327e-07,-6.79580059256774e-07
"north_west","beta25",-5.9940861239946e-07,-1.99380089588973e-07,-2.62313674217165e-06,9.4778091462175e-09,-1.07146093714115e-07,2.80721040867125e-08,-5.56777861617449e-09,3.36097292758515e-08,-3.86099846109835e-08,3.09894744088791e-08,2.50123175337001e-08,3.73273513137128e-08,3.48772130265195e-08,1.81011771267479e-08,7.23774137434283e-08,3.47564183055431e-07,1.00112207724315e-07,7.7760045842653e-08,5.24796045036536e-08,2.68925734961828e-07,-4.70907698137631e-08,2.43241491204032e-07,-4.59028253293648e-09,2.14547218258646e-07,1.43999846463193e-07,1.46328948258507e-07,-4.85850425716045e-08,1.46030940935262e-07,1.56396964186187e-07,1.67124632876969e-07,4.97318687422455e-08,1.11634441884556e-07,1.1559410968858e-07,1.33767219755495e-08,3.42585090151165e-08,-2.85208025304905e-08,5.53630358455149e-08,-3.75200206814576e-08,4.91747076929147e-08,-2.75518534190371e-08,1.82173484262106e-06,7.27085582938777e-06,5.5064883194194e-07,-1.44010054117601e-06,1.31375664059738e-06,-1.11351593597611e-06,-3.22687273383272e-06,-9.18650086526521e-07,-1.43816787464659e-06,5.11950394770318e-07,5.34527206423559e-08,-6.6762130766144e-07,2.1787831938518e-06,-2.37274169635744e-06,-5.13236500000739e-08,8.66893046945391e-08,2.42052659821027e-07,-1.35890973626278e-09,-3.99787649866152e-10,8.99747014273464e-10,2.55779774067377e-09,5.02724748446294e-09,-2.01630498058453e-09,-3.91655993988464e-10,1.13935397857017e-09,-1.48126692589515e-09,5.11621284428964e-09,-2.34211038606065e-06,-1.00021419323186e-05,-8.40867290093526e-09,6.02122791880258e-06,7.60290229772506e-06,-3.12659276624006e-06,-3.5933832208042e-06,-6.37110778249754e-06,3.42269364151786e-06,-1.97271868801912e-07,-4.07650950211819e-09,-0.000175369495328474,-3.64114189586276e-05,6.44552660217046e-06,-4.31370512015128e-05,-1.77484089774652e-06,-2.25023680469493e-06,-3.06380119853268e-07
"north_west","beta26",3.66477283872032e-07,-3.15149800600308e-07,2.80125013199885e-07,-8.712208713333e-09,-1.07908265945648e-08,2.5814096856904e-08,1.46683896245148e-08,2.17358621001254e-08,-3.55862552947854e-08,5.49440817916976e-08,1.65186884857587e-08,3.02872279118887e-08,4.51427200482684e-08,6.25290846188661e-09,7.02657906962398e-08,1.05554573239193e-08,7.88552792994582e-08,6.99087451132314e-08,6.69078378056455e-08,4.89451332230757e-08,1.27935551584216e-07,-4.59028253293648e-09,3.30976128841688e-07,-1.78871802787528e-07,3.13618311018684e-07,4.06307939966038e-08,-3.11221489349902e-08,1.80728271546439e-07,1.25846961346774e-07,9.78275713280225e-08,6.87295793112701e-08,3.56455618745035e-08,1.25649029338802e-07,3.85866841901984e-08,2.40329826590033e-08,-1.1383798179273e-08,3.3324488340345e-08,-2.15058059307996e-08,4.97859485803391e-08,-3.62153895196538e-08,3.04083117141884e-06,-2.01569686396902e-06,-4.20939103417172e-07,-1.6221456575478e-06,7.42695204708992e-07,-1.99720338485086e-06,-2.41325878855429e-06,-1.82050636469253e-06,-2.80771398839461e-09,1.33556193793347e-07,-1.07548824592147e-07,-1.03641105596083e-06,-1.03014424305809e-06,7.77521171426622e-07,9.63318940888563e-09,1.07831216586602e-07,-1.76150725012151e-08,4.04221473003625e-09,5.14538611715714e-09,7.34013304680254e-09,2.17564460509884e-09,8.96530529794681e-09,4.62544219018123e-09,5.23053702668729e-09,4.45542905383047e-09,1.53262878184596e-09,-1.45073686560767e-09,2.82558893177726e-06,-5.15179240070169e-06,1.64826590554668e-06,-3.32081322481894e-06,4.25599320690486e-06,-2.14342211179158e-06,1.66259306431464e-06,-6.33997134082647e-06,4.58274860798621e-06,3.36975427523231e-07,-2.67559156655316e-09,-0.000183875057321376,-2.52531278352873e-05,-7.66706323018753e-06,-1.88744765468387e-05,-1.49052419181036e-06,-1.24620219538177e-06,-6.89945110448517e-07
"north_west","beta27",-8.32956359373268e-07,-7.74115912519738e-07,-7.3098783468402e-06,6.33465208257066e-08,-5.95674881480072e-08,-3.80808152249665e-08,5.0058919227491e-08,9.86807409923575e-09,2.80344911101576e-08,-1.90092140941916e-08,6.01232738376085e-08,2.49461554664839e-08,1.86170127457911e-08,-2.14694431763098e-09,7.16642306331737e-08,5.90801524551517e-07,9.75309864640928e-08,4.10401650633867e-08,1.14497734915182e-07,1.47432964910971e-07,1.58208402094028e-08,2.14547218258646e-07,-1.78871802787528e-07,6.26005612321699e-07,-2.65330427996748e-07,3.66690887627816e-07,-1.90297195002099e-09,4.75741206156749e-08,1.88732634112778e-07,1.60614012257709e-07,2.74598571998146e-08,1.44453421400984e-07,1.66816434139198e-07,-3.08089580526275e-07,9.02548946829568e-09,-1.93445173568113e-08,3.14824352935796e-08,1.13846799863443e-08,-2.78174187850068e-08,8.67244140158886e-08,-2.69350288301272e-06,9.50916709920063e-06,6.08758970379009e-06,2.34235883458127e-07,4.84822312460508e-06,-2.25063269188397e-07,8.57097442336613e-07,1.71793947043909e-06,1.24921405644852e-09,3.13093370879057e-07,6.47229359255179e-09,-1.05142853733567e-06,6.96837212869785e-06,-5.043015750782e-06,-3.48302281845271e-07,-3.01689225443633e-09,-1.25507347484549e-06,1.38688540444723e-09,2.08372371305237e-09,8.09142742567704e-11,5.91109107140015e-09,5.61634755293916e-10,-3.37289160646312e-09,3.19843653065134e-10,9.81135926998136e-10,1.84347991523533e-10,2.47062799925239e-08,-5.26046997624084e-06,-8.77517931611405e-07,-1.67845010025735e-06,1.0063845784905e-05,2.74960317554029e-07,-9.53175437578406e-07,-1.11421112422672e-05,2.00067710066341e-06,-1.5333564877396e-06,-5.42762504215908e-07,-7.87822304814458e-09,-3.65892317529796e-05,-3.05892690159071e-05,1.84160457546093e-05,-6.81726820606129e-06,-6.98924301179657e-07,-2.4548139612743e-06,-5.34045596656508e-07
"north_west","beta28",1.08638560992424e-06,1.62995978900932e-06,5.63356946137878e-06,-2.70682553842467e-08,7.44925387726919e-08,9.46276180572166e-08,-3.22988736546639e-08,5.31276784369111e-08,-1.26262467157345e-07,2.16390398550922e-07,-4.96091548317783e-08,4.705777470392e-08,6.44736627244115e-08,2.95181387507392e-08,1.25012767040972e-07,1.76051311666275e-07,1.03859377500719e-07,1.21526367114908e-07,4.77231575923697e-08,3.05450606144909e-07,5.16819859768946e-08,1.43999846463193e-07,3.13618311018684e-07,-2.65330427996748e-07,9.5918992087067e-07,-3.79052861814835e-07,-7.84460410910103e-08,4.09043482560933e-07,1.04122948315398e-07,3.41706288881367e-07,8.77962768433675e-08,1.50222253289471e-07,2.3705259433045e-07,-1.19819975991e-07,7.12526672760237e-08,-8.94240842335168e-08,1.55295463659738e-07,-1.96796222133024e-07,2.95335697713634e-07,-1.74495940825301e-07,6.37556133217869e-06,-2.55318256853344e-06,-9.91532601984472e-06,-1.11364232251464e-05,-2.35754061254452e-06,-7.40880293116583e-06,-6.35884744735799e-06,-5.53577306403113e-06,-5.08249129139208e-07,1.66548539106181e-06,3.312259757471e-07,-8.90651257129211e-07,-1.33640329592641e-07,1.08091622191367e-06,-9.3226727755702e-10,2.53946413610598e-07,2.90234710571635e-06,4.04412702501436e-11,-3.02763702964245e-09,7.02584653379957e-09,-5.82144601716618e-10,1.65994705075124e-08,-5.05961503142857e-10,3.92396828452923e-09,3.07117555007055e-09,-1.82484360273601e-09,-1.3616565429711e-08,7.64554088792545e-06,-2.86030657029676e-05,1.41278369487444e-06,1.48981029485915e-05,1.25601674098989e-05,-6.42597924458902e-06,1.99518091804709e-06,-1.74662395088558e-05,1.15014478614699e-05,1.44898131007759e-07,1.57741415123431e-08,-0.000336440093491997,-4.77577303366164e-05,-3.57611937452102e-05,1.50136047993202e-05,-3.07819328655827e-06,-2.15201978006756e-06,-1.81724885478074e-06
"north_west","beta29",-3.03970781347794e-06,-2.84687391851485e-06,-1.36844256794878e-05,3.04349708636426e-09,-2.33643496627641e-07,-7.35175026008513e-08,6.64631896363272e-08,4.60023606003965e-08,9.43172443444585e-08,-2.65107401896794e-07,1.48206321493662e-07,4.13141567548289e-08,2.65148781100242e-08,6.74240300128375e-10,3.52642367207463e-08,9.46565259896644e-07,1.5445892952396e-07,3.52969358382108e-08,1.43464687141233e-07,-1.47280566176773e-08,1.45218296531551e-07,1.46328948258507e-07,4.06307939966038e-08,3.66690887627816e-07,-3.79052861814835e-07,8.09343874851086e-07,-6.21164802805998e-08,-1.45401000269912e-07,3.57262667399529e-07,1.15736867440516e-07,4.13771067902432e-08,2.17198506450979e-07,3.9944013714725e-08,2.779875959337e-07,2.35006416943594e-08,2.93266497117629e-08,-5.36021423175125e-08,1.39984148356337e-07,-2.0968220948013e-07,1.86932343238901e-07,-1.94934519700986e-06,1.01496335101547e-05,1.69594494496092e-05,9.6363728295885e-06,3.71305888152248e-06,7.3262877397203e-06,1.79046244844386e-07,7.43518023105383e-06,6.2780118404143e-07,-1.09199944218079e-06,-5.0368020392475e-07,-2.03985250431292e-06,6.9671012939806e-06,-6.08847661998668e-06,-1.2916295390259e-07,-6.35839177441921e-08,-4.54438524583341e-06,4.60497406993582e-09,1.10418055684279e-08,3.83871053910875e-09,1.15009046340517e-08,-1.42938109019058e-09,3.62660627257459e-09,1.52610719349127e-09,2.53063627412997e-09,1.45692770362258e-09,3.60852223545999e-08,-9.97163531017702e-06,2.31572721864645e-05,-1.60353340540003e-06,-2.26946354238577e-06,9.43822310846929e-07,-9.98409534269496e-07,-1.34533923004678e-05,7.07240878165461e-06,-3.12038023781746e-06,-5.77343383323561e-07,-2.76748098814044e-08,-3.30544712461731e-05,-2.53134887291296e-05,2.06778772246148e-05,-8.39705164815911e-05,-5.28162367889182e-07,-2.50051502889928e-06,-1.33483259143464e-06
"north_west","beta3",2.20848831578847e-06,-2.75636873960444e-07,2.43346316318491e-06,7.76295514389612e-09,1.88181948515285e-07,-7.89236609569883e-08,8.34184506114746e-08,-6.85989196803864e-08,4.43113779108489e-08,9.23243653908698e-08,-1.09757130199793e-07,5.1791274700788e-09,3.0431420913658e-09,2.94803530567204e-08,6.7369924577553e-09,-1.52264787116995e-06,-6.01184496067334e-08,-2.11950451142847e-08,4.07959403143274e-09,-8.96941882506842e-08,-1.74940602966661e-08,-4.85850425716045e-08,-3.11221489349902e-08,-1.90297195002099e-09,-7.84460410910103e-08,-6.21164802805998e-08,2.36571005419518e-07,-3.26902559170361e-08,-2.78610375892105e-08,-5.31363643914666e-08,3.27851532962108e-08,-6.68622555348034e-08,-9.08425075541413e-10,-5.65360537679013e-08,-1.2339816835857e-07,6.41865815144175e-08,-3.09334374474254e-08,2.56971626823788e-08,-4.74707002150091e-08,9.62401640790011e-08,-2.51519227435812e-06,-1.3952676751693e-05,-1.78588991175258e-06,1.01557765161473e-06,-1.91994403800467e-07,-1.50114527272793e-06,5.40887170891952e-06,-3.46396069179985e-07,3.44751645669333e-07,6.9040433852075e-08,4.45038936869907e-08,2.10890472421558e-07,-2.94845285179311e-06,3.5456698220668e-06,-4.15667445605713e-08,-2.37011734124375e-07,6.91537728665538e-07,2.48465407074129e-09,4.9147781520202e-09,3.06649394763172e-09,-1.66518570190363e-09,6.5400895355601e-10,4.0116967507868e-09,3.10060639634584e-09,4.64390046443541e-10,5.58106293000973e-09,2.49346663246542e-09,4.29404603257678e-06,5.90506110213931e-06,-1.17072464201364e-06,-4.07992210346894e-06,-1.24515554276567e-05,5.76694566641518e-06,3.8040212333487e-06,9.68179419885852e-06,-6.75017198443913e-06,3.2308979009929e-07,7.36259368435904e-09,3.53831044922672e-06,1.772365449308e-05,-6.04587214907138e-06,6.01006991171308e-05,6.28112650743732e-08,1.74109637228437e-06,-5.86546591672568e-07
"north_west","beta30",2.05352411134777e-06,-7.86828600498399e-08,2.26037710331264e-06,-1.07696185840401e-08,-3.12779036711014e-08,7.46028100162608e-08,2.34242834982902e-08,-2.58789859469756e-08,-6.55968785836169e-08,1.45015751336241e-07,2.20072468855819e-08,3.09405420177971e-08,5.28349392784618e-08,-9.82780936673892e-09,1.13099377113848e-07,-1.93014529345429e-07,9.57413260910419e-08,1.05590539814112e-07,9.49952801577585e-08,1.85368257862208e-07,5.24355096074349e-08,1.46030940935262e-07,1.80728271546439e-07,4.75741206156749e-08,4.09043482560933e-07,-1.45401000269912e-07,-3.26902559170361e-08,4.68684038420585e-07,-1.41956596129827e-08,1.36293580525541e-07,4.64083231888453e-08,-1.09583600244358e-08,1.82306634513012e-07,-2.12762612173941e-07,2.51949131976967e-08,-2.84380459614105e-08,6.29188185249429e-08,-7.77122025219427e-08,1.44393275516608e-07,-1.2806951896629e-07,4.7908518702684e-06,1.33594166200612e-05,-1.10384218199989e-05,-6.85397500025364e-06,4.93786247154655e-06,-7.49168971555742e-06,-6.76647947191696e-06,-6.89085661189392e-06,-4.54401931164525e-06,8.76836854862296e-07,5.31309465144545e-08,-2.33058559599946e-07,-5.14544201561651e-06,-1.9973281112464e-06,4.05007954988554e-08,3.3229074100072e-07,2.25852245995658e-06,2.15637273675761e-09,1.1087699477561e-09,8.79049466863836e-09,8.79624509744813e-10,1.00511735708933e-08,1.88896853291084e-09,5.76066174839873e-09,5.2155565474427e-09,-3.01562481036329e-11,-1.1064503960279e-08,7.8454167164549e-07,-2.21296199544087e-05,1.57584841822138e-06,1.95232744519279e-06,1.30601403083072e-05,-4.65725361044521e-06,8.89376806695979e-06,-1.96356538776092e-05,9.10628878825754e-06,8.72182635460344e-07,4.45186486492565e-09,-0.000254000047445464,-3.7466226021703e-05,-5.52952698694938e-06,-2.93338871194884e-05,-2.11070888716986e-06,-2.46480970786627e-06,1.17018264223401e-06
"north_west","beta31",-1.44288637740812e-06,-7.29352346952405e-07,-5.64372096157433e-06,-3.63597146737094e-09,-2.73416020516478e-08,-3.6050333343671e-08,9.4890013574485e-09,9.40188580792832e-08,-8.1833753997707e-09,-4.11105911146497e-09,3.38472785667383e-08,5.25310321946293e-08,5.36644539456968e-08,4.65400743990144e-08,7.76453608695283e-08,5.03546495547193e-07,1.13367775733672e-07,6.56393218960757e-08,1.10632491007952e-07,1.09044343982385e-07,9.2213204416662e-08,1.56396964186187e-07,1.25846961346774e-07,1.88732634112778e-07,1.04122948315398e-07,3.57262667399529e-07,-2.78610375892105e-08,-1.41956596129827e-08,4.19294936537524e-07,1.76029045687612e-07,1.44851740039701e-07,2.11492743847182e-07,1.14947476264411e-07,3.40003621145741e-07,3.26752601939426e-08,-2.42132389782126e-08,4.99054540701364e-08,1.28211532250672e-08,-3.39386648879684e-08,9.99694671419405e-08,8.91458698815929e-07,-7.70887592815218e-06,1.00969899547586e-05,1.68095303465954e-06,1.82698124364184e-06,1.7748161659139e-06,2.62272089774052e-06,2.41888810801879e-06,2.47588841861527e-06,-6.5615013694868e-10,-2.17932953925751e-07,-2.10214468395043e-06,3.76577395350622e-06,-9.21496863861916e-07,-2.75835857901047e-07,-1.20921255281172e-07,-2.02655910897172e-06,4.86672783083219e-09,1.12197762117391e-08,9.67010920033356e-09,7.59680403533389e-09,1.40238402760034e-08,5.30171433732008e-09,5.2561366743216e-09,3.07068215825138e-09,4.67447799526111e-09,2.20126630896631e-08,-1.9218197722895e-06,8.98721661084176e-06,5.90349726953376e-07,2.62338984721148e-07,-4.37653828086491e-06,8.77911198084111e-07,-7.82130381149752e-06,7.10492381631885e-06,-3.01807315026929e-06,-2.83135785837967e-07,-1.07870596095475e-08,-0.000156542659662459,-3.5982488263017e-05,-1.3176995034465e-06,-1.29214310213429e-05,-1.72949940278491e-06,-1.37712543300561e-06,-3.44690939760724e-06
"north_west","beta32",-9.91891193636448e-07,9.45316954742091e-07,-3.23995843693155e-06,1.34736002657e-07,-1.48797845619456e-08,1.11772038640705e-08,1.82453668185551e-08,-7.19707683354093e-09,2.90596952850041e-08,4.54352314054244e-08,1.9391983839571e-08,2.7984096235241e-08,3.17888806979431e-08,3.66895051205778e-08,8.07245781037448e-08,1.45448391394738e-06,1.17420665361921e-07,5.06612693208859e-08,7.79494991091568e-08,2.4516110232911e-07,5.63717805855479e-08,1.67124632876969e-07,9.78275713280225e-08,1.60614012257709e-07,3.41706288881367e-07,1.15736867440516e-07,-5.31363643914666e-08,1.36293580525541e-07,1.76029045687612e-07,8.33279839659618e-07,-3.33740272522476e-09,5.52291277155174e-07,4.50143825355411e-07,-3.96647564410358e-07,5.88961151966981e-08,-8.40002367092215e-08,1.37416448340482e-07,-1.35924132665165e-07,1.82884154549651e-07,1.08439457397242e-09,3.69497387569969e-07,-7.36837636472592e-06,1.05098140495117e-05,-1.56436441631334e-06,-8.0388522043219e-06,2.10537761129393e-06,2.00711117298949e-06,6.3294103838927e-06,5.70988295868321e-06,1.43451684491329e-06,1.8920974558171e-07,-2.00675967511596e-06,8.86343004960052e-06,-2.35665475490853e-06,-4.48396384301812e-07,-3.41462677475975e-08,-1.57579826406084e-07,2.33524752988884e-09,-1.04214379911866e-09,-3.09839994718242e-09,4.6352015098076e-09,1.33721727745481e-08,-6.31291896175144e-09,-2.37095701465091e-10,7.2351533538415e-10,-1.05205300380566e-09,2.45760304039448e-08,7.2240340996816e-06,-7.25992387994949e-06,-4.10990347540487e-06,2.79759359925134e-05,-1.98610277410077e-06,-3.18103627449904e-06,-1.38241774322126e-05,5.92475480689523e-06,3.40666117965748e-07,-1.30475878177642e-06,5.50814499707076e-10,-0.000139783573212492,-3.88276263885291e-05,-0.00011256248591726,3.52200332474113e-05,-1.42766965473992e-06,-2.32858341057026e-06,-7.50333207941177e-06
"north_west","beta33",1.28551793491137e-06,8.54397500569436e-07,3.24345812732946e-06,-5.92765647388478e-09,1.39220228039194e-07,-1.17347874136192e-09,-2.45137149809472e-08,4.09607825646905e-08,-3.62471532136777e-08,1.2028859201621e-07,-5.49627712081772e-08,3.32852458094377e-08,3.77057437989491e-08,5.44451362367075e-08,6.06411430197259e-08,-3.54089828056519e-07,-3.39997476634152e-09,5.54236866330356e-08,-2.52899525816481e-08,9.92975391549476e-08,1.36236465990004e-08,4.97318687422455e-08,6.87295793112701e-08,2.74598571998146e-08,8.77962768433675e-08,4.13771067902432e-08,3.27851532962108e-08,4.64083231888453e-08,1.44851740039701e-07,-3.33740272522476e-09,2.609449320414e-07,-2.17563684185196e-07,2.63481215753791e-07,-6.44867282837097e-08,-7.1224007139919e-10,-2.28159274082791e-08,5.37964422767612e-08,-3.16021711708499e-08,4.23788971028416e-08,1.36117668665712e-08,2.76992530363318e-07,-1.12293501641292e-05,-3.13521591760601e-06,-4.49274391561753e-06,-3.40008016591323e-06,-4.42617814729215e-06,1.25508396460288e-06,-2.72100320055925e-06,3.25491993973263e-07,1.97615179457395e-07,-6.90341388215461e-09,-5.67208167292019e-07,-3.2040555001094e-06,3.10726340021135e-06,-2.74323296893825e-07,-1.13048025231975e-07,6.37221215752706e-07,1.32078074064203e-09,6.36723508935103e-09,5.4438221454628e-09,1.10731186431578e-09,7.90723550240895e-09,3.26032451560773e-09,6.05134425747889e-09,1.68259549920215e-09,5.3646399951613e-09,1.04684387208998e-11,3.4622115281685e-06,7.0400240005708e-07,-5.28438186529122e-07,-1.08717861545365e-06,-3.5869406213877e-06,1.60983093697751e-06,5.07331557249631e-06,3.08600650085013e-07,4.42401492319207e-07,2.98381719954435e-07,2.34081585166458e-09,-0.000160113737208879,-1.20103808877735e-05,-3.50652805717189e-05,3.83685191256314e-05,-1.56082701398196e-06,6.85997875958949e-07,-2.44916267784228e-06
"north_west","beta34",-1.93299523323895e-06,-1.97238028549173e-06,-8.67116200684431e-06,1.0722863762917e-07,-7.27798954234203e-08,-5.45021171136954e-08,1.10310056765324e-07,1.62841482858811e-09,3.22863273772246e-08,-7.41639592644397e-08,6.89977366526226e-08,6.87427216830361e-09,1.58223393924893e-08,-3.40628035059646e-09,1.49468959596509e-08,1.21419232146893e-06,1.16028937298177e-07,2.05991967908048e-09,1.07304133138331e-07,3.30763178817334e-08,9.38721330420395e-08,1.11634441884556e-07,3.56455618745035e-08,1.44453421400984e-07,1.50222253289471e-07,2.17198506450979e-07,-6.68622555348034e-08,-1.09583600244358e-08,2.11492743847182e-07,5.52291277155174e-07,-2.17563684185196e-07,1.19447520159047e-06,-6.23591256295178e-07,1.24139105049961e-06,5.09189462537157e-08,-3.84466048399687e-08,2.83926643681467e-08,-9.95471988218936e-09,2.8038146817762e-08,6.3663337574774e-08,3.89865737716235e-06,-5.79371168871853e-06,1.30375118675983e-05,6.28012097893832e-06,-1.67657665828183e-06,9.28177881402047e-06,2.42999190261673e-06,7.12546236044172e-06,3.51859328377225e-06,8.66591551497019e-07,-3.10996522221549e-07,-1.57371029288823e-06,1.09336712685996e-05,-5.78114295413785e-06,-2.55109988113259e-07,-1.27804038345516e-07,-2.14667263526642e-06,3.18921102079123e-09,2.01495480871463e-10,-2.11755614682442e-09,5.32865926509432e-09,5.7997582370333e-09,-9.13183306995162e-10,-4.11171014490743e-09,1.41616376676083e-09,-1.22560498975868e-09,2.44316201897091e-08,-2.4117892800494e-06,1.1470817469895e-05,-4.0983366090243e-06,1.77157742023023e-05,-3.47804959720612e-06,-1.02929985257022e-06,-2.03595404683213e-05,1.12246066767423e-05,-5.21782522834626e-06,-1.32092631022887e-06,-9.36018658694867e-09,1.29936723605203e-05,-4.2524770439744e-05,-5.8727758816312e-05,-4.6338721032079e-07,-4.05072791679376e-08,-2.34084294265265e-06,-4.87992533348934e-06
"north_west","beta35",1.85208700842285e-06,4.6867557384383e-06,-1.70679179747737e-06,1.60521268445106e-07,-3.35902625472039e-08,5.14240629491961e-08,-7.11482406681684e-08,2.22582014697143e-08,-5.72187332700724e-08,1.55763345769793e-07,-1.3858630408738e-08,2.62654812276276e-08,3.92593475662094e-08,4.12891434640209e-08,1.02620791770855e-07,3.58066022007159e-07,7.42058560691022e-08,5.90983878576394e-08,4.88086361220857e-08,2.92371549704002e-07,2.05071960690136e-08,1.1559410968858e-07,1.25649029338802e-07,1.66816434139198e-07,2.3705259433045e-07,3.9944013714725e-08,-9.08425075541413e-10,1.82306634513012e-07,1.14947476264411e-07,4.50143825355411e-07,2.63481215753791e-07,-6.23591256295178e-07,2.10109546563931e-06,-4.12636417425086e-06,3.96254965218011e-08,-9.56285974666431e-08,1.96928591003493e-07,-2.20176010527967e-07,2.28658323510272e-07,-7.1799643931577e-08,-5.54986086366935e-06,4.08754440838987e-06,-5.08636344470122e-06,-1.54459867925507e-05,-1.97095294825268e-06,-1.14729396150351e-05,-2.3425812084101e-06,-1.52121688735351e-06,-1.21636136894521e-06,7.39249232164661e-07,6.60311904052711e-07,-1.67536699715494e-06,6.42505575464766e-06,1.69598864303525e-06,-1.89457327643339e-07,1.41772405290381e-07,2.60489312261216e-06,-1.46335114329753e-09,-1.85835774125381e-09,-2.91664366267757e-09,3.62652900767117e-09,1.5706692978465e-09,-9.65623064763486e-09,5.7213844791372e-09,8.96279605182142e-10,-8.89327748369514e-10,1.73487408266637e-08,9.67685537941254e-06,-2.72491829716625e-05,-1.9831030713401e-06,1.85097671249919e-05,6.46617757709868e-06,-4.1912984214924e-06,-7.47680381962174e-06,-8.66367345888731e-06,6.25973800363002e-06,-8.22958444894279e-07,1.10680874121852e-09,-0.000270537347965009,-2.29735460264917e-05,-7.23618125183705e-05,9.2121117042251e-06,-2.48104379362915e-06,-1.30592357044213e-06,-4.18962973682167e-06
"north_west","beta36",-7.74064853863397e-06,-1.2097263115436e-05,1.49237549545897e-05,-5.17406619242511e-07,2.54189745637518e-07,-9.0997923771644e-08,-6.71158606944442e-08,2.16624662603466e-07,7.67265899527076e-08,-1.83305793229704e-07,-1.43978802090154e-08,6.84576152203548e-08,5.1388253630027e-08,9.4711950873018e-08,-1.10498625294587e-07,5.7814664553478e-07,-1.38298284205081e-08,-4.73280935782674e-09,3.79727715179169e-08,-4.34686648998032e-07,5.27364336675325e-08,1.33767219755495e-08,3.85866841901984e-08,-3.08089580526275e-07,-1.19819975991e-07,2.779875959337e-07,-5.65360537679013e-08,-2.12762612173941e-07,3.40003621145741e-07,-3.96647564410358e-07,-6.44867282837097e-08,1.24139105049961e-06,-4.12636417425086e-06,1.18736971718975e-05,-4.230752337367e-08,2.57311572152079e-07,-4.13248967000179e-07,6.19337066484641e-07,-6.96906359851731e-07,3.48182934669868e-07,1.74041737220103e-05,-6.67935616118344e-05,3.87629037594649e-05,3.89931262470063e-05,-5.43476935829011e-07,3.45275611021289e-05,1.90578436246632e-05,1.29725854136774e-05,1.97043811478176e-05,-1.52361164074616e-06,-2.59400872538597e-06,-1.40675702362308e-06,-2.10818244671534e-05,8.3070505686158e-06,3.56835527545978e-07,-8.16245287027108e-07,-8.96684912901837e-06,1.33664693811837e-08,4.3669090218398e-08,4.46142910509647e-08,8.78505484365484e-09,4.61630154222913e-08,4.1489523329398e-08,6.91851901738116e-09,2.3911095743581e-09,2.26406828559232e-08,-2.25109295841762e-08,-1.4325827989966e-05,0.000103130795566368,1.41216853568798e-05,-7.65625427694837e-05,-4.10896068490827e-05,1.73059607728802e-05,1.83493688839205e-05,5.01479778835943e-05,-2.36430975347386e-05,3.42583311912322e-06,-4.48952588749241e-08,0.000151319307953141,1.61643592924679e-05,-3.9939736898007e-05,4.52018273153292e-05,1.29246269409951e-06,4.17662276275309e-06,-3.85719178656181e-06
"north_west","beta4",-7.8012314092811e-07,5.4082600047682e-07,-2.25550108027056e-06,-2.19779809051214e-08,-6.28792599852543e-08,3.37643492406358e-08,-3.88593513049334e-08,4.07813605367651e-08,-1.85915098516812e-08,-3.50422628548923e-08,6.24835700497362e-08,-1.35644288817004e-09,7.16035696557938e-09,-2.53934537915979e-09,7.42498428214751e-09,6.15693244553718e-07,2.83936272673936e-08,1.63271877662097e-08,-5.91570118942694e-09,6.40129453499476e-08,9.04622475571745e-09,3.42585090151165e-08,2.40329826590033e-08,9.02548946829568e-09,7.12526672760237e-08,2.35006416943594e-08,-1.2339816835857e-07,2.51949131976967e-08,3.26752601939426e-08,5.88961151966981e-08,-7.1224007139919e-10,5.09189462537157e-08,3.96254965218011e-08,-4.230752337367e-08,9.60135680179021e-08,-8.89255222874902e-08,6.13952856939478e-08,-3.60593762187199e-08,3.59227624992944e-08,-2.70446855743018e-08,1.59445958025917e-06,8.95285935373678e-07,1.67748592187042e-06,-1.727636065814e-06,1.16221295185056e-06,1.72457675348401e-07,-2.14678301788234e-06,-3.01677715419119e-07,3.49250218681553e-07,6.549253447348e-08,1.60448464234153e-08,-6.51161555818705e-07,1.54314776457031e-06,-8.47901722076475e-07,3.23406525487548e-08,5.73467300730602e-08,6.1464843489332e-09,4.01520323760873e-12,-4.34218813847647e-10,-3.76821243457316e-10,1.08557299293051e-09,3.71671303115097e-09,-1.57941478708372e-09,1.77129573186235e-10,6.91278135568092e-10,-1.18808816203405e-09,2.57312097924675e-09,-8.66850988922114e-07,-3.80665618199318e-06,3.91745467800931e-07,4.25260678827786e-06,5.45784128622735e-06,-2.45115184853911e-06,-2.72852732454713e-06,-3.7149304806453e-06,3.22705687286232e-06,-1.17656585711713e-07,-5.65210126566917e-10,-1.75621084967628e-05,-1.15321776180906e-05,-3.42668590756982e-06,-2.2862508908829e-05,-1.34943550071213e-07,-6.95040134659466e-07,-3.00113872723215e-07
"north_west","beta5",-2.67272576287056e-07,-9.46961979470088e-07,1.75959940490764e-06,2.07384352848521e-08,-2.72520921282945e-08,-2.31935770069209e-08,2.37942000016809e-08,-6.82043957458397e-09,1.77653485008264e-09,2.40506159933606e-08,-4.84898643543487e-08,6.10626262374235e-09,-1.07418470663936e-08,-3.95229702964292e-09,-2.64664524160307e-08,-1.32242351937583e-07,-3.57392491595323e-09,-2.28577285441136e-08,1.63479352689614e-08,-5.52733242592136e-08,-1.4850872040616e-09,-2.85208025304905e-08,-1.1383798179273e-08,-1.93445173568113e-08,-8.94240842335168e-08,2.93266497117629e-08,6.41865815144175e-08,-2.84380459614105e-08,-2.42132389782126e-08,-8.40002367092215e-08,-2.28159274082791e-08,-3.84466048399687e-08,-9.56285974666431e-08,2.57311572152079e-07,-8.89255222874902e-08,1.81897238689668e-07,-2.0400693859563e-07,1.30962460872778e-07,-1.04398966057186e-07,2.47558043559196e-08,-4.01518678147715e-07,9.71766233020065e-07,2.41198313072487e-06,3.41001762985998e-06,-2.70775348764249e-06,2.41953215545548e-06,1.15620532831501e-06,1.42834542514813e-06,-1.53607609291552e-07,-4.83347110724489e-07,-1.40639573252502e-07,5.32133279755212e-08,-2.08680679158997e-06,1.11298958579754e-06,8.89492427812144e-08,-9.83196255046176e-09,-7.67429541459429e-07,-1.11777338094084e-09,1.27335261466538e-09,1.82700586844998e-09,1.17449563420152e-09,-5.0700415107963e-09,1.92507532744049e-09,-2.02381115385882e-09,-9.15029178801288e-10,-3.62992535205221e-10,-3.88449711114432e-09,-2.35187333121718e-06,8.62467816022783e-06,1.7136330599874e-07,-7.06750514600257e-06,-1.29308132629499e-06,1.01970027545591e-06,2.41908868287565e-06,2.60870860665113e-06,-2.10450517884978e-06,2.56288771765198e-08,-1.25925553670416e-08,4.42237916560004e-05,9.02446581832379e-06,1.22373709456609e-05,-1.1719227804999e-05,3.34782217675241e-07,3.7118762840017e-07,7.75402923042131e-07
"north_west","beta6",8.20721757298096e-08,1.58206807899603e-06,7.13576470544865e-07,3.77520731228482e-08,8.04180817219964e-08,7.637720739565e-08,-7.481351579917e-08,3.85099969921211e-08,-4.55504031207793e-08,5.87889203946751e-08,1.83958549731163e-08,1.03429376281476e-08,2.61119592603037e-08,2.4759439669257e-08,5.12398476927384e-08,-3.91307618590908e-08,1.42656694464765e-08,3.9019901927816e-08,-1.76624454808282e-08,1.32054527558955e-07,-1.03574721427208e-08,5.53630358455149e-08,3.3324488340345e-08,3.14824352935796e-08,1.55295463659738e-07,-5.36021423175125e-08,-3.09334374474254e-08,6.29188185249429e-08,4.99054540701364e-08,1.37416448340482e-07,5.37964422767612e-08,2.83926643681467e-08,1.96928591003493e-07,-4.13248967000179e-07,6.13952856939478e-08,-2.0400693859563e-07,4.27120180962443e-07,-3.54193855918469e-07,3.07372086209816e-07,-1.11935711194946e-07,9.22062142324593e-07,-2.41064879464024e-06,-3.78532148091342e-06,-4.47454405253369e-06,1.95926911889932e-06,-4.43130120518125e-06,-1.89453406284801e-06,-2.00968609585907e-06,1.71793597956157e-06,9.1619785384938e-07,2.784090105443e-07,-3.85784835714345e-07,2.86881072239577e-06,-1.5936813263844e-07,-2.43414818262232e-07,1.1501902050846e-07,1.68940442225644e-06,1.08222597435474e-09,-2.90672975661302e-09,-1.49464427193521e-09,-3.43079326128127e-09,4.94113499842947e-09,-3.68836661924126e-09,2.22745115349138e-09,1.65592558730098e-09,1.79183777622285e-10,-4.99483082898886e-09,6.36714734869012e-06,-1.96283900043833e-05,2.41901412463478e-06,8.2971548335635e-06,3.05710817372631e-06,-2.31050351076154e-06,-3.52662323237025e-06,-5.49328729720494e-06,5.44031850149161e-06,-7.36967362789307e-08,1.68631106872741e-08,-0.000134479534557783,-7.83257222044113e-06,-1.81101822710003e-05,2.36643546338317e-05,-1.16668818358326e-06,-2.54546962528451e-07,-1.26297481859489e-06
"north_west","beta7",-5.91160061106771e-08,-2.52986617694622e-06,-2.0542886818011e-06,-4.07748084067472e-08,-1.02863003187274e-07,-1.14388619078154e-07,1.15209233278147e-07,-6.14599946833939e-08,1.19864490909768e-07,-1.46187565339945e-07,7.13837634290559e-08,-7.07797611397285e-09,-9.51805076790689e-09,-1.59816618449882e-08,-4.38863805716512e-08,3.37667975892473e-08,2.76893557981327e-09,-4.84764791136204e-08,8.35577945253876e-08,-2.15881046617465e-07,4.28671085782804e-08,-3.75200206814576e-08,-2.15058059307996e-08,1.13846799863443e-08,-1.96796222133024e-07,1.39984148356337e-07,2.56971626823788e-08,-7.77122025219427e-08,1.28211532250672e-08,-1.35924132665165e-07,-3.16021711708499e-08,-9.95471988218936e-09,-2.20176010527967e-07,6.19337066484641e-07,-3.60593762187199e-08,1.30962460872778e-07,-3.54193855918469e-07,4.82921848963871e-07,-5.64698286268198e-07,2.48053874063978e-07,-9.6427444643152e-07,-3.30432573896165e-06,7.41201613444613e-06,7.28466179613126e-06,-1.66742340566003e-06,7.15678489677301e-06,3.30835277459134e-06,2.66898557910051e-06,-1.78979731462175e-06,-1.27374528288642e-06,-3.82860041726597e-07,-7.09789637948953e-07,-3.72682376051788e-06,-4.16886744127867e-07,4.83283424798497e-08,-1.87761404143517e-07,-2.70890942297456e-06,2.96153494472062e-09,9.13257596464392e-09,5.54964329100373e-09,5.82759324503515e-09,3.62924916549659e-10,7.30738269011293e-09,1.49208690524175e-09,4.97459911759188e-10,3.13750683055916e-09,1.45897463488082e-08,-6.37455038467184e-06,2.73682523612514e-05,-2.8329543668038e-06,-1.36626177032796e-05,-5.11369921706341e-06,3.94534343426093e-06,2.72358644476164e-06,8.90605638236716e-06,-7.45568809560838e-06,2.31283645955181e-07,-1.84971616116513e-08,0.000150663412956392,9.39597389233303e-06,1.30379489529544e-05,-4.35032889323313e-05,1.35384810450968e-06,4.76504791328673e-07,4.34023807648209e-07
"north_west","beta8",2.36738660193222e-07,2.88213647769692e-06,4.59678625042876e-06,9.99985992684326e-08,1.34762769359931e-07,1.96635774965674e-07,-1.63934549209998e-07,7.92538595069273e-08,-1.6697981397308e-07,2.42773553195013e-07,-1.26056586183303e-07,1.60195331630775e-08,1.03953706997613e-08,1.65086012314528e-08,6.63803429435273e-08,2.46775191746852e-07,-1.93492257882516e-09,8.24019768945522e-08,-1.40694132556352e-07,3.27084121076386e-07,-5.45420181373414e-08,4.91747076929147e-08,4.97859485803391e-08,-2.78174187850068e-08,2.95335697713634e-07,-2.0968220948013e-07,-4.74707002150091e-08,1.44393275516608e-07,-3.39386648879684e-08,1.82884154549651e-07,4.23788971028416e-08,2.8038146817762e-08,2.28658323510272e-07,-6.96906359851731e-07,3.59227624992944e-08,-1.04398966057186e-07,3.07372086209816e-07,-5.64698286268198e-07,8.8422284820554e-07,-4.71030650416129e-07,4.39807032516558e-07,1.13773603982397e-05,-1.17405303128911e-05,-1.01239621821035e-05,3.97498675658576e-06,-1.01726537326173e-05,-4.95883519372783e-06,-4.06233550810014e-06,1.91497374285851e-06,1.78588210886803e-06,5.70665690665753e-07,1.03261812831293e-06,2.81308641500013e-06,-6.64259480430518e-07,-1.9518728636555e-07,2.44809133128646e-07,3.2595496861568e-06,-4.25452043339839e-09,-1.13679527729114e-08,-6.48220850720882e-09,-7.0133061792316e-09,7.15033777508969e-09,-1.02784873333487e-08,-1.67134842292514e-09,-5.09806506724894e-10,-4.28018366282903e-09,-1.77155316415544e-08,6.3214250018362e-06,-3.74726553400868e-05,2.36042033188824e-06,1.92759400757613e-05,8.0438101828525e-06,-5.61165491491608e-06,2.63408158482439e-07,-1.23049728463356e-05,9.03965262619275e-06,-1.30208916195528e-07,2.24022586463367e-08,-0.000199346682661598,-1.36798156010024e-05,-1.63612116411848e-05,6.0444441841523e-05,-1.70271447597048e-06,-8.86291095944379e-07,-4.06741406528033e-07
"north_west","beta9",4.72761822022185e-07,-1.41671929929395e-06,-5.69884225791291e-06,-1.534384172304e-07,3.74917804860586e-08,-3.21885601773492e-07,3.13343843568733e-07,-7.56971984768234e-08,1.9132355644589e-07,-1.49846408167415e-07,4.78263994139257e-08,-3.04451510804082e-09,1.44878181149149e-08,5.39931067677996e-09,-9.94370850335952e-09,-6.04560941503905e-08,-2.84444107210346e-10,-6.96870380673568e-08,1.44770787118587e-07,-2.52118253586587e-07,6.54651908474244e-08,-2.75518534190371e-08,-3.62153895196538e-08,8.67244140158886e-08,-1.74495940825301e-07,1.86932343238901e-07,9.62401640790011e-08,-1.2806951896629e-07,9.99694671419405e-08,1.08439457397242e-09,1.36117668665712e-08,6.3663337574774e-08,-7.1799643931577e-08,3.48182934669868e-07,-2.70446855743018e-08,2.47558043559196e-08,-1.11935711194946e-07,2.48053874063978e-07,-4.71030650416129e-07,5.95238788385024e-07,-3.85520406381739e-06,-1.86062105383431e-05,1.67878187359009e-05,8.30425756518017e-06,-1.42591821290104e-06,7.4895902720409e-06,8.47161765821044e-06,4.53254957638259e-06,1.01390910140292e-06,-1.12335336486123e-06,-5.53536641907207e-07,-2.21574295427839e-06,-2.37120919391057e-06,-2.48874376581478e-06,-5.09897705470953e-07,-3.18516168844387e-07,-2.97737583673637e-06,7.42719259289044e-09,1.47112827115079e-08,8.6347963337984e-09,6.72601226115979e-09,1.84012542555961e-09,1.01418684163121e-08,6.29616811767584e-09,1.9766571415657e-09,8.55230251224589e-09,3.5365316750187e-08,9.6035907217946e-07,3.42963938364971e-05,-4.11713463104774e-06,-1.76986332442996e-06,-1.56199826183766e-05,8.52193698387459e-06,-1.91583780080228e-06,2.04293279905678e-05,-1.39596799065885e-05,-3.65730663567393e-08,-7.33012021846863e-09,0.00017455226954635,1.39948691092949e-05,-1.27006024790214e-05,1.14322207998605e-05,1.43799207192044e-06,1.22944258799874e-06,-2.28145821796475e-06
"north_west","mu_D",3.28305476453044e-05,-1.64545625306417e-05,0.000216444409791181,-2.70137058296333e-06,-7.09156640509902e-06,2.39609240613643e-06,-1.09046205765072e-06,2.37773404754871e-06,-5.55525259877881e-06,5.18143723352864e-06,3.05790333001411e-07,7.56754043939981e-07,7.01710777286408e-07,1.81905474299232e-06,6.65804013349528e-08,6.21083615181467e-06,7.51369072906921e-07,2.12138078106852e-06,-1.17394651774259e-06,4.68745589203286e-06,-2.73881053052707e-07,1.82173484262106e-06,3.04083117141884e-06,-2.69350288301272e-06,6.37556133217869e-06,-1.94934519700986e-06,-2.51519227435812e-06,4.7908518702684e-06,8.91458698815929e-07,3.69497387569969e-07,2.76992530363318e-07,3.89865737716235e-06,-5.54986086366935e-06,1.74041737220103e-05,1.59445958025917e-06,-4.01518678147715e-07,9.22062142324593e-07,-9.6427444643152e-07,4.39807032516558e-07,-3.85520406381739e-06,0.00104545058438267,2.53607099155679e-05,-0.00036357483997151,5.14627092049117e-06,-2.60980813606833e-05,-0.000150013528992209,-0.000190635914529717,-0.000143248495079319,-1.91358738175251e-05,-2.18349172156938e-05,-9.09132960013848e-07,2.19085542728174e-05,-8.61739359895412e-05,3.52567135536811e-05,8.95714254383387e-06,1.0505344751313e-05,0.000140607895832254,-5.69482119823189e-08,2.86799544304907e-08,1.66279331555163e-07,-3.98192107649377e-08,-9.14979751257864e-08,7.43573918009247e-08,-7.98513716820416e-08,9.5532252263284e-08,-1.12360679431112e-08,-1.00356194730219e-06,-0.000230933173170761,-0.000483834555601528,0.000200092110888556,-0.000351951328512161,0.000352861694590036,-0.000156549852867004,0.000122457270047812,-0.000580389116183672,0.000397844888270575,2.55820199057508e-05,-9.26902068225829e-08,-0.00574474166687197,-0.00080646536206461,-7.90412861079891e-05,-0.00280724495231823,-4.85615634852113e-05,-9.46669087072813e-06,1.09644863166958e-05
"north_west","mu_D_2",-8.39679727329636e-05,-0.000410550475436518,-0.000914368715509306,1.87307416745277e-06,-2.93046298079615e-05,8.09658886221401e-06,7.65003293198388e-06,-9.59951985539941e-06,6.80470071673895e-06,-3.73961635746361e-05,2.22081162364744e-05,-1.67204452702035e-06,-4.54843313068641e-06,-1.18636013025507e-05,1.37705987618067e-06,5.38517719484015e-05,7.37187995343236e-06,3.6800160346117e-06,5.869329991837e-06,-1.20048887305724e-07,1.09353142294243e-06,7.27085582938777e-06,-2.01569686396902e-06,9.50916709920063e-06,-2.55318256853344e-06,1.01496335101547e-05,-1.3952676751693e-05,1.33594166200612e-05,-7.70887592815218e-06,-7.36837636472592e-06,-1.12293501641292e-05,-5.79371168871853e-06,4.08754440838987e-06,-6.67935616118344e-05,8.95285935373678e-07,9.71766233020065e-07,-2.41064879464024e-06,-3.30432573896165e-06,1.13773603982397e-05,-1.86062105383431e-05,2.53607099155679e-05,0.00915760412655311,-0.000990037499391489,0.0003697854920488,0.000568052079697874,-0.000147587961372119,-0.00182136089277338,-0.000646407601000807,-0.00154474297263529,5.81571786206563e-06,6.23542369839981e-06,0.000237225755941819,8.95045242453124e-05,-0.00210108917756108,5.93566293747982e-06,0.00010128592302853,-7.16759092131696e-05,-3.23731486803287e-07,-1.21753934381271e-06,-5.2913196974134e-07,5.06316786960122e-07,-7.92007092258986e-07,-9.66466585686675e-07,-2.06154859830675e-07,-2.99407652351279e-08,-1.43045796828899e-06,-6.25238193913801e-07,-0.00125956866026076,-0.00292715324261581,-0.000285993050428996,0.00086196379989674,0.00349662481588129,-0.00120345962162782,0.00040032708430846,-0.00377005740583748,0.0010348700499007,-1.74238917371106e-06,1.09965121301594e-06,0.00811753246486985,0.00117326169716938,0.00687989447756971,-0.0116467974874201,8.68105729337974e-05,-0.000394838376782056,0.00047062944798152
"north_west","mu_D_3",-0.000292240944823698,-0.000203526958056868,-0.00093892154348459,-2.64191290492738e-06,-7.2042388412877e-07,-4.48138841881862e-06,-7.18490175117369e-07,5.25710175787496e-06,7.39190666479613e-06,-9.2505885408038e-06,1.38076914047773e-06,-2.99913426333739e-07,1.38249917619972e-06,-3.75242702750618e-06,-2.61307131699666e-06,5.18553111535242e-05,3.25640621566664e-06,-2.15938440624881e-06,8.34580552197536e-07,-4.97502216219014e-06,3.43683680998851e-06,5.5064883194194e-07,-4.20939103417172e-07,6.08758970379009e-06,-9.91532601984472e-06,1.69594494496092e-05,-1.78588991175258e-06,-1.10384218199989e-05,1.00969899547586e-05,1.05098140495117e-05,-3.13521591760601e-06,1.30375118675983e-05,-5.08636344470122e-06,3.87629037594649e-05,1.67748592187042e-06,2.41198313072487e-06,-3.78532148091342e-06,7.41201613444613e-06,-1.17405303128911e-05,1.67878187359009e-05,-0.00036357483997151,-0.000990037499391489,0.00402026329679725,0.00164543440638802,0.000924124392255523,0.000922233680430234,0.000463945086550291,0.000754138610471743,0.000464869425707052,-6.69897241780864e-06,2.8145587878249e-05,-0.000219628540297522,0.000225894161861347,-0.000523804116151982,-2.66917591451302e-05,-1.35013667405655e-05,-0.000317901226007355,5.37516712660709e-07,8.85035558986147e-07,3.55820406785466e-07,7.08147825894571e-07,6.45787443541581e-07,4.57386831178224e-07,3.06550015447088e-07,1.8428098539253e-07,2.67087771484851e-07,2.78440335149613e-06,-0.000361444178717875,0.000181842255884389,0.000154505006465421,8.0210499552725e-07,-0.000563564663778,0.000163568327468033,-0.000647435711743596,0.00168180075875323,-0.000849465966000236,-4.17537384856527e-05,-1.77303244040746e-06,0.0124163387039805,-0.000182607723279528,-0.001378864963551,-0.000426760593982602,0.000120411391472025,9.43699753550651e-06,-0.000220386508695409
"north_west","mu_D_4",-2.22578421720653e-05,-0.000311198987791161,-0.000228903475596472,-5.83774847016193e-06,-9.07895272584511e-06,-3.34660735572448e-06,2.36241307317625e-06,1.48581868114873e-06,4.82260651598813e-06,-5.85532403636463e-06,-3.71687333354093e-06,2.08687150492297e-07,2.06815428089796e-07,2.11478968330769e-07,-3.40333481285297e-06,4.38995585992017e-06,7.76034630400663e-07,-3.0379732706972e-06,3.48561788045109e-06,-1.18555704001537e-05,1.25485017712074e-06,-1.44010054117601e-06,-1.6221456575478e-06,2.34235883458127e-07,-1.11364232251464e-05,9.6363728295885e-06,1.01557765161473e-06,-6.85397500025364e-06,1.68095303465954e-06,-1.56436441631334e-06,-4.49274391561753e-06,6.28012097893832e-06,-1.54459867925507e-05,3.89931262470063e-05,-1.727636065814e-06,3.41001762985998e-06,-4.47454405253369e-06,7.28466179613126e-06,-1.01239621821035e-05,8.30425756518017e-06,5.14627092049117e-06,0.0003697854920488,0.00164543440638802,0.00233452886981504,0.000248321213406755,0.000456398213406671,0.000203144670642427,0.000224741276832495,-0.000159273620771623,-0.000113418421196365,6.28367484854818e-06,-4.98317803365487e-05,6.06902714003828e-05,-0.000637017766987704,-4.22438605171501e-06,-4.37288703150194e-06,-0.000214741456462454,4.27722090704926e-07,8.7946726266805e-07,5.12953709688504e-07,4.53274230983299e-07,2.4012928091257e-07,7.27633320783642e-07,1.79254734563422e-07,1.22552939324135e-07,2.68341548781602e-07,1.7674117883254e-06,-0.000318272870984249,0.000308659819942254,-0.000113282555193675,-0.000653667784984881,-0.000310693056888724,0.000255433406720844,-0.00021455008823779,0.000789416339489593,-0.000667194677699886,-7.51767302698875e-06,-8.85928288688784e-07,0.00770704615450285,0.002209433231905,-0.000107156756549016,-0.00383418016108658,7.7624741805878e-05,6.94209116640684e-05,-5.01600048784831e-05
"north_west","mu_D_5",-3.24174143412495e-05,-0.000101384182081741,-0.000636334062460964,-7.36405996861052e-06,8.96740371391656e-06,1.12187877325116e-06,2.15331276849333e-07,-1.86472713721755e-07,1.14621903284157e-06,-4.19486237850483e-06,5.74587060640155e-06,3.17460937372242e-07,2.20937970487265e-06,1.17728199220356e-06,-1.32570246833748e-06,-5.33332066770726e-05,2.36293749329743e-06,2.65240378997957e-06,1.74186222783059e-06,-8.19861767711705e-07,7.76211345803999e-07,1.31375664059738e-06,7.42695204708992e-07,4.84822312460508e-06,-2.35754061254452e-06,3.71305888152248e-06,-1.91994403800467e-07,4.93786247154655e-06,1.82698124364184e-06,-8.0388522043219e-06,-3.40008016591323e-06,-1.67657665828183e-06,-1.97095294825268e-06,-5.43476935829011e-07,1.16221295185056e-06,-2.70775348764249e-06,1.95926911889932e-06,-1.66742340566003e-06,3.97498675658576e-06,-1.42591821290104e-06,-2.60980813606833e-05,0.000568052079697874,0.000924124392255523,0.000248321213406755,0.00559087681331498,-9.08886405694755e-05,-1.66976787024019e-05,-0.000421183698903641,-1.05090640006821e-05,4.4533212448081e-05,4.66617532394102e-05,-1.2529611700429e-05,-0.000527153686599967,-0.00042970501718809,1.89239996107216e-05,1.76323401917779e-05,-1.09299162363361e-05,4.79743587971736e-07,6.25968369389483e-07,6.52133579753306e-07,-8.46961137682573e-08,1.5215724373006e-06,4.29673647412577e-07,5.14320728298413e-07,1.37838326024838e-07,3.07113697712891e-07,-6.29611882909978e-07,-0.000324916282779809,-0.00151820816468662,0.000646454329161684,-0.00207983889960544,-2.84653706463525e-05,0.000173925910576715,0.000585039740480308,-8.38622951811878e-05,-0.000462297958786065,0.000253161751312921,1.2985965757564e-06,-0.00514711710225472,-0.00123497671487882,0.00286650024044759,0.00111261513337659,-2.40232421661541e-05,9.3302829954508e-06,0.000139943782781062
"north_west","mu_gamma_H",-0.000180794729124452,-0.000188648933574711,0.000240412811994947,-1.40341780325052e-06,-2.48201631030261e-06,-2.15575765127442e-06,-2.19566341623188e-06,3.9455644403035e-06,4.90376567068011e-07,-7.88655823994905e-06,8.7443968553201e-07,7.89647074660571e-07,-2.32201169627451e-07,-4.55805934096167e-07,-2.96035719596852e-06,4.0127175783252e-05,4.88364468126055e-07,-1.23408512265666e-06,3.08592735375653e-06,-8.75208676513229e-06,1.27333563951313e-06,-1.11351593597611e-06,-1.99720338485086e-06,-2.25063269188397e-07,-7.40880293116583e-06,7.3262877397203e-06,-1.50114527272793e-06,-7.49168971555742e-06,1.7748161659139e-06,2.10537761129393e-06,-4.42617814729215e-06,9.28177881402047e-06,-1.14729396150351e-05,3.45275611021289e-05,1.72457675348401e-07,2.41953215545548e-06,-4.43130120518125e-06,7.15678489677301e-06,-1.01726537326173e-05,7.4895902720409e-06,-0.000150013528992209,-0.000147587961372119,0.000922233680430234,0.000456398213406671,-9.08886405694755e-05,0.00208186458478109,0.000246706315721338,0.000729329243237106,0.000494737516493027,-3.00888275088406e-05,-1.68271863176633e-05,-9.70609391487026e-05,2.61205766392174e-05,-0.000221350303683114,9.3036435739749e-06,3.91125345621172e-06,-0.000177067909637717,-1.12199184193401e-07,8.05021553833652e-08,-1.68459191864367e-07,7.07165487007691e-08,-4.41479610270818e-07,2.21002488090069e-08,-5.97515489775158e-09,-1.66753796224109e-07,-2.76326443215378e-08,4.83933441377689e-07,-0.000258993256779978,0.0020798208521957,-0.000200224264574483,-0.000346020953751789,-0.000765045292748956,0.000209575732542678,-0.000339746557186049,0.00125010595642175,-0.000586372039446444,-2.7366503720516e-06,-6.81785063403516e-07,0.00217905947267677,-0.000404393936641849,-0.000908652238782792,-0.000314823987479588,1.93970832018756e-05,1.97855521254376e-05,-4.64468673608156e-05
"north_west","mu_gamma_H_2",-1.21995605815864e-05,4.4604824177021e-05,0.000147989899671487,-1.13856644569497e-06,4.6239092821017e-06,-4.47354352718606e-06,1.38676318831404e-08,1.42678730742194e-07,3.55294090142821e-06,2.50159559511663e-06,-4.48969632377266e-06,-3.59808451556429e-07,-3.86117253972639e-07,4.16856697358203e-06,-2.83182405886282e-06,6.80059982997781e-06,-2.49191633998575e-06,-3.0940086371716e-06,3.48064552676779e-06,-1.13624900499683e-05,9.05466168082035e-07,-3.22687273383272e-06,-2.41325878855429e-06,8.57097442336613e-07,-6.35884744735799e-06,1.79046244844386e-07,5.40887170891952e-06,-6.76647947191696e-06,2.62272089774052e-06,2.00711117298949e-06,1.25508396460288e-06,2.42999190261673e-06,-2.3425812084101e-06,1.90578436246632e-05,-2.14678301788234e-06,1.15620532831501e-06,-1.89453406284801e-06,3.30835277459134e-06,-4.95883519372783e-06,8.47161765821044e-06,-0.000190635914529717,-0.00182136089277338,0.000463945086550291,0.000203144670642427,-1.66976787024019e-05,0.000246706315721338,0.00112817074852988,0.000337323551857028,0.000392392117356208,5.10241938412605e-07,-1.60081240591536e-05,-4.28711211259417e-05,-8.10004878793984e-05,0.000268181334322268,-7.04038991645247e-06,-2.56982150610379e-05,-5.82639094130024e-05,2.9127774930212e-07,6.30676296520106e-07,1.1973451170504e-07,-1.12283987149665e-08,1.92107497915361e-07,3.86855330820961e-07,1.50481985938205e-07,2.63376535187542e-08,5.45787074770268e-07,5.29025669549508e-07,0.000210309868235573,0.00218191132575937,-0.000196990155424706,-0.000451709094889269,-0.0017640509014614,0.000699954312072751,-3.63686048275731e-05,0.00192489585691656,-0.00112270815666057,7.96021063315496e-06,-2.66148671250976e-07,0.00366229175374199,-0.000227209580043344,-0.00166900411858823,0.0031416087142793,3.51158108855969e-05,0.000115127013015316,-0.000149219473662143
"north_west","mu_gamma_H_3",-0.000194153488516102,-5.21222514551864e-05,0.000196719321713303,1.11648306573012e-06,-2.53557873850884e-06,-9.78991559822644e-07,-5.28610823076855e-06,5.86421099306381e-06,-3.77433107178922e-07,-3.6145063023712e-06,-1.96438909007977e-06,5.89134317227801e-07,-1.08406023860386e-06,-1.5706691879639e-06,-2.26581580796935e-06,4.43042235965786e-05,2.33093355695483e-06,-2.42693050732755e-06,4.88674862662207e-06,-6.73836960209333e-06,2.43853951482478e-06,-9.18650086526521e-07,-1.82050636469253e-06,1.71793947043909e-06,-5.53577306403113e-06,7.43518023105383e-06,-3.46396069179985e-07,-6.89085661189392e-06,2.41888810801879e-06,6.3294103838927e-06,-2.72100320055925e-06,7.12546236044172e-06,-1.52121688735351e-06,1.29725854136774e-05,-3.01677715419119e-07,1.42834542514813e-06,-2.00968609585907e-06,2.66898557910051e-06,-4.06233550810014e-06,4.53254957638259e-06,-0.000143248495079319,-0.000646407601000807,0.000754138610471743,0.000224741276832495,-0.000421183698903641,0.000729329243237106,0.000337323551857028,0.00106932554374161,0.000745187426275937,-1.02906869247561e-05,-1.21400784893137e-05,-4.89828989389651e-05,0.000244433225487089,-1.08819979498906e-05,-2.09014442777204e-06,-7.37134523035223e-06,-9.99254169761775e-05,-9.78144348022053e-08,-1.33661573997622e-08,-3.92803782402372e-07,-8.73280047226659e-10,-2.96898443257851e-07,-1.34193437341739e-07,-2.59134227302409e-07,-1.58210174442688e-07,-2.0315450767728e-08,7.13707327216323e-07,-0.000106886031824026,0.0015543381292448,-8.03977218266792e-05,0.000446770275759092,-0.000822212041774147,3.1377387305056e-05,-0.00048274246607819,0.00123657095531868,-0.000237783808655972,-4.17388053942136e-05,-6.26282812647595e-07,0.0045985164642736,2.39152692548649e-05,-0.00118698442057771,0.000483032937252592,2.70130941649821e-05,-2.44859347695821e-05,-7.47887200545632e-05
"north_west","mu_gamma_H_4",-0.000141207402996039,3.5273856597631e-05,0.000596169959444709,-6.72643076514707e-07,2.14787547393077e-06,1.1226682968066e-06,-7.87796672529571e-06,7.58983652086059e-06,-4.28123952768928e-06,5.43176172196225e-06,-3.97818806730172e-06,1.05281384221003e-06,2.08924405394647e-07,1.17161010965211e-06,-1.74407394540714e-07,2.72334270010982e-05,1.06078950979036e-06,-1.71130056544067e-06,2.53463403295726e-06,-5.47583795848478e-07,7.5962363375001e-07,-1.43816787464659e-06,-2.80771398839461e-09,1.24921405644852e-09,-5.08249129139208e-07,6.2780118404143e-07,3.44751645669333e-07,-4.54401931164525e-06,2.47588841861527e-06,5.70988295868321e-06,3.25491993973263e-07,3.51859328377225e-06,-1.21636136894521e-06,1.97043811478176e-05,3.49250218681553e-07,-1.53607609291552e-07,1.71793597956157e-06,-1.78979731462175e-06,1.91497374285851e-06,1.01390910140292e-06,-1.91358738175251e-05,-0.00154474297263529,0.000464869425707052,-0.000159273620771623,-1.05090640006821e-05,0.000494737516493027,0.000392392117356208,0.000745187426275937,0.00118867249248544,-4.09235033255965e-06,-8.8760637099585e-06,-6.52341729983997e-05,-3.32254227034881e-05,0.000223056730313489,4.45949923146178e-06,-8.22883026360879e-06,2.4059224768999e-05,-1.21069715615077e-07,-8.14849571465934e-09,-1.87583990747684e-07,-1.62930508874503e-07,2.40259310920432e-07,-1.40565940129638e-07,-2.21140135899064e-07,-7.44190160496357e-08,1.34097948416713e-07,2.41373587406359e-08,0.000135542642706458,0.00118638451778961,0.000267156247752219,0.000150019014859549,-0.000891695890891681,-3.91791672496585e-05,-0.000187113228309709,0.00110966501649002,0.000176040604401614,9.61952345077694e-06,4.43145827988759e-09,-0.00126468739100586,7.41495020145458e-05,-0.00173682766048512,0.00173017167585194,-2.53077493450454e-05,3.05417508534005e-05,-9.99577787343661e-05
"north_west","p_G_D",1.16971151117726e-06,-2.97898389994214e-06,-1.19822637704707e-05,7.74471231171195e-07,1.1243497568833e-06,5.54572894176767e-07,-2.23490752565436e-07,1.67843939424484e-07,-1.01276125123145e-06,1.63746332035448e-06,-5.64131436822256e-07,2.81746432401694e-09,2.54619123617657e-08,-2.52211684928672e-07,5.94257233312151e-07,-8.8694144164568e-07,7.14038460261112e-08,3.12166893813368e-07,-8.69258336611123e-08,1.34335662398435e-06,-2.46374412234134e-07,5.11950394770318e-07,1.33556193793347e-07,3.13093370879057e-07,1.66548539106181e-06,-1.09199944218079e-06,6.9040433852075e-08,8.76836854862296e-07,-6.5615013694868e-10,1.43451684491329e-06,1.97615179457395e-07,8.66591551497019e-07,7.39249232164661e-07,-1.52361164074616e-06,6.549253447348e-08,-4.83347110724489e-07,9.1619785384938e-07,-1.27374528288642e-06,1.78588210886803e-06,-1.12335336486123e-06,-2.18349172156938e-05,5.81571786206563e-06,-6.69897241780864e-06,-0.000113418421196365,4.4533212448081e-05,-3.00888275088406e-05,5.10241938412605e-07,-1.02906869247561e-05,-4.09235033255965e-06,7.0200337420084e-05,2.91764554269855e-06,4.05157180470914e-06,1.99271616228201e-05,5.77683110981439e-07,-3.00508322655881e-06,1.54415268011938e-06,1.68876858904548e-05,-4.25572961665996e-08,-8.20190554075719e-08,-6.57601002394756e-08,-1.70392400339703e-08,2.71527089875069e-08,-7.38239663581457e-08,-1.84671601435803e-08,-1.99783904419244e-08,-3.68477880374011e-08,-6.04060727252477e-08,4.48095584848256e-05,-0.000119614411909654,-4.49227924918239e-05,0.000171902955240966,2.78866987470723e-05,-2.67569655125667e-05,-5.28474882553963e-06,-4.67357218666967e-05,2.06351528628297e-05,-2.53403279482168e-06,1.16992029783067e-07,-0.000990656975423583,-7.9558018646855e-05,-8.82390772379125e-05,0.000443502442711919,-8.46713502372247e-06,-1.05676713175e-05,-4.29442792409788e-06
"north_west","p_G_D_2",2.07193269035309e-06,1.71650380832838e-05,-6.05846020512503e-06,6.06111547469448e-07,4.49303921440857e-07,2.19484090222347e-07,-8.30096456656013e-08,-1.28783869654636e-07,-3.1490494933293e-07,7.22017978846023e-07,-1.6572511277114e-07,-1.08175995543832e-07,-2.03902882873779e-08,-1.34223173097688e-07,9.83683576627313e-08,-5.03630901098641e-07,-1.00284680719601e-07,3.82282472665771e-08,-4.06304839780502e-07,9.72305692955659e-07,-3.68672731052233e-07,5.34527206423559e-08,-1.07548824592147e-07,6.47229359255179e-09,3.312259757471e-07,-5.0368020392475e-07,4.45038936869907e-08,5.31309465144545e-08,-2.17932953925751e-07,1.8920974558171e-07,-6.90341388215461e-09,-3.10996522221549e-07,6.60311904052711e-07,-2.59400872538597e-06,1.60448464234153e-08,-1.40639573252502e-07,2.784090105443e-07,-3.82860041726597e-07,5.70665690665753e-07,-5.53536641907207e-07,-9.09132960013848e-07,6.23542369839981e-06,2.8145587878249e-05,6.28367484854818e-06,4.66617532394102e-05,-1.68271863176633e-05,-1.60081240591536e-05,-1.21400784893137e-05,-8.8760637099585e-06,2.91764554269855e-06,1.39709415667005e-05,3.69820434761229e-06,9.00523462258717e-06,2.45057337739511e-05,-1.69772941482163e-07,1.05814863785757e-06,1.07745989799135e-05,-2.09637570685737e-08,-5.97751039676789e-08,-1.93763692879105e-08,-2.44857190830087e-08,4.48182226524143e-08,-1.96927074777536e-08,-1.6499964695853e-08,-5.80133451116765e-09,-1.20500433881628e-08,-4.4216147058259e-08,8.15376896742681e-06,-0.00030700618693155,-1.28699319095145e-06,6.70856821212297e-05,2.54455383260307e-05,-1.28564379017798e-05,9.69165971708945e-07,-4.67908576614127e-05,1.37333679190934e-05,6.90063452403148e-07,2.29853214212021e-08,-0.000159684075138813,1.88132047426637e-05,6.31876103521746e-05,0.000191577605066662,-8.99105720462575e-07,-1.57630526182459e-06,2.78348573204732e-06
"north_west","p_H",1.25159500593261e-05,5.85647657296756e-06,2.7273841007027e-05,2.61747777130513e-07,-5.4684101815777e-07,3.79795051698887e-07,-5.39533445901636e-07,-9.58130512411816e-07,-7.60619234542767e-07,-2.25930380469259e-07,-2.84652059923351e-07,-4.92462142799277e-07,-6.49381327715222e-07,-6.21583501325293e-07,-5.83703931956972e-07,-5.37514392093278e-06,-7.75733823472859e-07,1.04372102431085e-07,-1.33585165162113e-06,4.74164529309718e-08,-8.54850927041312e-07,-6.6762130766144e-07,-1.03641105596083e-06,-1.05142853733567e-06,-8.90651257129211e-07,-2.03985250431292e-06,2.10890472421558e-07,-2.33058559599946e-07,-2.10214468395043e-06,-2.00675967511596e-06,-5.67208167292019e-07,-1.57371029288823e-06,-1.67536699715494e-06,-1.40675702362308e-06,-6.51161555818705e-07,5.32133279755212e-08,-3.85784835714345e-07,-7.09789637948953e-07,1.03261812831293e-06,-2.21574295427839e-06,2.19085542728174e-05,0.000237225755941819,-0.000219628540297522,-4.98317803365487e-05,-1.2529611700429e-05,-9.70609391487026e-05,-4.28711211259417e-05,-4.89828989389651e-05,-6.52341729983997e-05,4.05157180470914e-06,3.69820434761229e-06,8.00946572583699e-05,4.56934253061537e-05,-1.01786252071293e-06,-6.73985517459919e-07,-6.93826235232802e-07,3.64199344036173e-05,-1.02895666691998e-07,-2.20670866357782e-07,-1.6683495448979e-07,-1.11753296800052e-07,-2.35369167667802e-07,-6.89969594489813e-08,-1.01816825889223e-07,-6.36947656971306e-08,-9.06196378226439e-08,-3.53018650922929e-07,-4.71564938177808e-05,-0.000202199704300763,1.50669970913391e-05,-6.89996544012212e-05,-1.77739544760879e-05,-1.65608360903966e-05,4.44280433380169e-05,-0.000111224677323636,3.69520385829906e-05,1.06629538379636e-06,1.34827619898832e-07,0.000261438936835244,-8.99870503447399e-05,0.000302076249188224,3.4285910495578e-05,5.13705181846046e-08,-8.03144603736546e-06,4.03920337608283e-05
"north_west","p_H_2",-9.37082476360311e-05,9.90161719839878e-06,-0.000311024101564241,4.35189181491928e-06,-1.03382713921908e-06,1.20862080200992e-06,-3.52312875970229e-06,1.85853794860027e-06,-3.41577922311841e-07,-4.62958268055965e-06,-2.29003102784364e-07,1.17689650264812e-07,-1.29505575228109e-06,5.95168501096768e-08,-9.72452623136635e-07,3.12696452572476e-05,2.83674478583281e-06,6.7092802232213e-07,-2.59616086253328e-06,7.56255667725777e-06,1.13653937564317e-06,2.1787831938518e-06,-1.03014424305809e-06,6.96837212869785e-06,-1.33640329592641e-07,6.9671012939806e-06,-2.94845285179311e-06,-5.14544201561651e-06,3.76577395350622e-06,8.86343004960052e-06,-3.2040555001094e-06,1.09336712685996e-05,6.42505575464766e-06,-2.10818244671534e-05,1.54314776457031e-06,-2.08680679158997e-06,2.86881072239577e-06,-3.72682376051788e-06,2.81308641500013e-06,-2.37120919391057e-06,-8.61739359895412e-05,8.95045242453124e-05,0.000225894161861347,6.06902714003828e-05,-0.000527153686599967,2.61205766392174e-05,-8.10004878793984e-05,0.000244433225487089,-3.32254227034881e-05,1.99271616228201e-05,9.00523462258717e-06,4.56934253061537e-05,0.00135814890306463,6.93893387828622e-06,-1.0848552627949e-05,-5.25350742007685e-06,-2.02935894398673e-05,-2.17761771674009e-07,-4.34543189410623e-07,-7.29513671818607e-07,2.57148330649181e-08,-7.27858164089473e-07,-3.83833081330839e-07,-4.26030330677577e-07,-1.42492619314897e-07,-4.08668055301653e-07,8.11714391379995e-07,-4.95041419427101e-05,-0.000348770473272724,-0.00010495046421157,0.000752430361658935,9.15422701638619e-05,-0.000204186334884967,-0.00174274918171917,8.54069259315665e-05,3.36601231038958e-05,-0.000107105372534085,-4.82949530222337e-07,0.000367093606131151,-0.00161484102230804,0.000398659138582438,0.000667261504711482,-1.1067850564092e-05,-9.07009166028805e-05,-1.94407802939866e-05
"north_west","p_H_D",2.67401271900624e-05,0.000190002550757972,0.000320558413022471,6.48827552764509e-06,5.87950323531261e-06,8.71104961864131e-07,-4.84780709014559e-06,5.06087318011172e-07,-3.72054634632264e-06,1.19091908857332e-05,-6.06241540663881e-06,2.3990086240819e-07,5.85286358189545e-07,3.89974931515739e-06,-8.44121536479279e-07,-2.52627188448561e-05,-1.79397371825137e-06,-1.16630463964361e-06,-2.15551076856205e-06,2.94919351691623e-06,-2.02047578105555e-06,-2.37274169635744e-06,7.77521171426622e-07,-5.043015750782e-06,1.08091622191367e-06,-6.08847661998668e-06,3.5456698220668e-06,-1.9973281112464e-06,-9.21496863861916e-07,-2.35665475490853e-06,3.10726340021135e-06,-5.78114295413785e-06,1.69598864303525e-06,8.3070505686158e-06,-8.47901722076475e-07,1.11298958579754e-06,-1.5936813263844e-07,-4.16886744127867e-07,-6.64259480430518e-07,-2.48874376581478e-06,3.52567135536811e-05,-0.00210108917756108,-0.000523804116151982,-0.000637017766987704,-0.00042970501718809,-0.000221350303683114,0.000268181334322268,-1.08819979498906e-05,0.000223056730313489,5.77683110981439e-07,2.45057337739511e-05,-1.01786252071293e-06,6.93893387828622e-06,0.00127517273798016,1.88227772340894e-05,-1.76733868774934e-05,2.15673818012592e-05,-1.65431901170611e-07,-2.01041690400151e-07,-1.04481846127081e-07,-3.20843231042951e-07,-4.4066477197534e-08,-7.30999568957546e-08,-2.53272093090382e-07,-1.06561417969681e-07,1.83313296017397e-07,-1.15688928322275e-06,0.000389174488849027,-0.000432882485547532,0.000267878434818408,-0.000479385990180885,-0.000520057943481155,0.000206500323493896,6.22958372009722e-06,0.000279423929413303,5.10859878355892e-05,-1.87765106891096e-05,-4.20397832007147e-07,-0.00619047776027453,0.000275783286583033,-0.00045097568564215,0.00253503249465914,-6.47966252145284e-05,9.31785137972626e-05,-1.88263301841504e-05
"north_west","p_ICU",-2.17732555870152e-06,2.17156847263015e-06,4.42299170660612e-06,-7.5654341353106e-08,-1.14174849835565e-07,3.39774829868998e-07,-5.30843203166298e-07,1.23688751775856e-07,-3.32631760264845e-07,1.04659903774117e-07,-2.28792837935152e-07,4.21411889960917e-09,-6.61624128228638e-08,7.74581295779817e-08,-1.3430182236813e-07,-4.81041827308499e-06,-1.04600275156742e-07,8.0498117196697e-08,-2.87141860870234e-07,1.0659137840693e-07,-1.4579900729552e-07,-5.13236500000739e-08,9.63318940888563e-09,-3.48302281845271e-07,-9.3226727755702e-10,-1.2916295390259e-07,-4.15667445605713e-08,4.05007954988554e-08,-2.75835857901047e-07,-4.48396384301812e-07,-2.74323296893825e-07,-2.55109988113259e-07,-1.89457327643339e-07,3.56835527545978e-07,3.23406525487548e-08,8.89492427812144e-08,-2.43414818262232e-07,4.83283424798497e-08,-1.9518728636555e-07,-5.09897705470953e-07,8.95714254383387e-06,5.93566293747982e-06,-2.66917591451302e-05,-4.22438605171501e-06,1.89239996107216e-05,9.3036435739749e-06,-7.04038991645247e-06,-2.09014442777204e-06,4.45949923146178e-06,-3.00508322655881e-06,-1.69772941482163e-07,-6.73985517459919e-07,-1.0848552627949e-05,1.88227772340894e-05,1.19979039654122e-05,1.3522356695751e-07,1.99322355661727e-06,1.02406644262455e-09,9.17985587097001e-09,1.73364235749153e-08,3.22369606637176e-09,-1.81825039210347e-08,-6.38441201355196e-09,-5.33015222263534e-09,3.23538723661859e-09,-8.98371561499694e-09,-7.47834048199089e-08,-9.34842598836419e-06,1.47072188194026e-06,2.24360282926352e-05,-5.11925759843925e-05,1.62514130828573e-05,-5.6627902710235e-06,8.67327278090958e-06,-1.28412267641517e-05,1.99132309941991e-05,1.311907964208e-06,-2.10989081310123e-08,-0.000240683977251597,-1.191766761725e-06,8.26200008711245e-05,-0.000144896200532465,-9.22731251884805e-07,1.32034531165401e-06,8.38607198460106e-06
"north_west","p_ICU_2",-3.07481106435492e-06,-1.00717036123632e-06,-1.22968279086976e-06,7.3234746671992e-09,-1.35582111481551e-07,1.78968448517135e-07,2.13033034246941e-08,-2.03644206261166e-08,-1.02454668101691e-07,-2.1821950258828e-07,3.41974004873137e-07,4.30754442764358e-09,-2.02099757045018e-08,-9.47602121488949e-08,5.0572980620515e-08,1.12741936135956e-06,1.16182679856577e-07,9.69250030060469e-08,4.81196672201689e-08,2.08146180851675e-07,1.50612101730899e-09,8.66893046945391e-08,1.07831216586602e-07,-3.01689225443633e-09,2.53946413610598e-07,-6.35839177441921e-08,-2.37011734124375e-07,3.3229074100072e-07,-1.20921255281172e-07,-3.41462677475975e-08,-1.13048025231975e-07,-1.27804038345516e-07,1.41772405290381e-07,-8.16245287027108e-07,5.73467300730602e-08,-9.83196255046176e-09,1.1501902050846e-07,-1.87761404143517e-07,2.44809133128646e-07,-3.18516168844387e-07,1.0505344751313e-05,0.00010128592302853,-1.35013667405655e-05,-4.37288703150194e-06,1.76323401917779e-05,3.91125345621172e-06,-2.56982150610379e-05,-7.37134523035223e-06,-8.22883026360879e-06,1.54415268011938e-06,1.05814863785757e-06,-6.93826235232802e-07,-5.25350742007685e-06,-1.76733868774934e-05,1.3522356695751e-07,3.65922980943454e-06,4.04533052306028e-06,-1.15355232979236e-08,-2.68858337016592e-08,-1.09279780472371e-08,9.63132005751468e-11,-6.15331748641218e-09,-2.17855445517901e-08,-8.45980900734063e-09,-8.42657591962791e-10,-1.93603463289342e-08,-3.56943660254111e-08,1.3802222715684e-06,-6.82464622922151e-05,3.46876947110524e-06,1.52248625018477e-05,5.43061121836504e-05,-2.15815244631519e-05,9.99587674187152e-06,-7.85538103243027e-05,2.93782079091082e-05,5.83246209300264e-07,5.44047887057529e-09,-5.73179775556257e-05,-1.20351858272921e-06,6.81557749463991e-05,-6.54746556721524e-05,-1.03821976081698e-06,-5.14583293533862e-06,6.27309374582932e-06
"north_west","p_ICU_D",4.52493028069231e-05,6.27630364837504e-05,0.000189330264719307,-8.17149661444585e-07,2.24555218007494e-07,1.22686529075301e-06,-2.09951481953601e-07,-2.44729873369314e-07,-2.32352144730533e-06,4.48939276384477e-06,-2.44331140113107e-06,8.83358226794323e-08,-8.25521137979531e-10,5.86575196543225e-07,2.96348197566319e-07,-3.39226349243016e-06,-1.05177752252537e-06,6.04153255520069e-07,-1.97775431210374e-06,3.63210556018945e-06,-1.87560523355884e-06,2.42052659821027e-07,-1.76150725012151e-08,-1.25507347484549e-06,2.90234710571635e-06,-4.54438524583341e-06,6.91537728665538e-07,2.25852245995658e-06,-2.02655910897172e-06,-1.57579826406084e-07,6.37221215752706e-07,-2.14667263526642e-06,2.60489312261216e-06,-8.96684912901837e-06,6.1464843489332e-09,-7.67429541459429e-07,1.68940442225644e-06,-2.70890942297456e-06,3.2595496861568e-06,-2.97737583673637e-06,0.000140607895832254,-7.16759092131696e-05,-0.000317901226007355,-0.000214741456462454,-1.09299162363361e-05,-0.000177067909637717,-5.82639094130024e-05,-9.99254169761775e-05,2.4059224768999e-05,1.68876858904548e-05,1.07745989799135e-05,3.64199344036173e-05,-2.02935894398673e-05,2.15673818012592e-05,1.99322355661727e-06,4.04533052306028e-06,0.000381417928470383,-1.07746493360628e-07,-1.31706011814539e-07,-1.96800355888409e-08,-1.40114110492142e-07,2.17589793018195e-07,-1.67287350512564e-07,-2.89544437958346e-08,4.35668167762598e-08,-8.57645841855577e-08,-4.96750229981426e-07,2.45043554115012e-05,-0.000582465610523778,5.85461836335098e-05,0.000180924263056652,5.2296569290142e-05,-5.34611196886544e-05,9.27448438172852e-05,-0.00021320345867301,0.000136665498523054,1.13180572577184e-05,1.80862426035621e-07,-0.00256823057631284,-0.000169557155684732,-0.000121001739049565,0.000408970216111564,-1.93909473538217e-05,1.54157478456239e-05,9.57605100415229e-06
"north_west","p_NC_15_24",6.66075112243101e-08,-6.31023176427186e-08,-4.56519769973757e-07,-4.64252109952386e-09,4.43174060972818e-11,-2.76013642580447e-09,3.01997923447701e-09,8.89525099568039e-10,4.39514058529659e-09,-4.49117760624785e-10,3.4475285529636e-09,3.1748426344121e-11,9.59805780940717e-10,1.6005196190416e-09,1.10491263177651e-10,-2.03262971224153e-08,9.78357571340534e-11,-1.54054511533165e-09,4.97280702913795e-09,-1.00421332836783e-08,4.39016785378599e-09,-1.35890973626278e-09,4.04221473003625e-09,1.38688540444723e-09,4.04412702501436e-11,4.60497406993582e-09,2.48465407074129e-09,2.15637273675761e-09,4.86672783083219e-09,2.33524752988884e-09,1.32078074064203e-09,3.18921102079123e-09,-1.46335114329753e-09,1.33664693811837e-08,4.01520323760873e-12,-1.11777338094084e-09,1.08222597435474e-09,2.96153494472062e-09,-4.25452043339839e-09,7.42719259289044e-09,-5.69482119823189e-08,-3.23731486803287e-07,5.37516712660709e-07,4.27722090704926e-07,4.79743587971736e-07,-1.12199184193401e-07,2.9127774930212e-07,-9.78144348022053e-08,-1.21069715615077e-07,-4.25572961665996e-08,-2.09637570685737e-08,-1.02895666691998e-07,-2.17761771674009e-07,-1.65431901170611e-07,1.02406644262455e-09,-1.15355232979236e-08,-1.07746493360628e-07,1.70988848189736e-09,1.02234664316404e-09,1.15979735025e-09,5.81622496431555e-10,1.06883316730866e-09,6.27718427117305e-10,7.09876428573995e-10,3.40124095865343e-10,4.90966672644277e-10,1.29978246881935e-09,-2.01001097084893e-08,6.92955155858634e-07,-9.33169880508808e-08,-3.68258466538491e-07,-5.46352397191058e-07,3.1040601616059e-07,2.22603390613116e-07,4.86714369325807e-07,-4.75899779959746e-07,3.98683514621672e-08,-9.45134169715172e-11,7.13249418873932e-06,1.02421338917009e-06,-4.99461325219214e-07,-9.13725731076622e-07,7.59432640142968e-08,7.02775195683992e-08,-1.32587864403318e-07
"north_west","p_NC_25_49",1.48395120583366e-07,-1.14993581036418e-07,-3.23128503615887e-07,-1.20387754987189e-08,3.66334417521356e-09,-6.61440849449926e-09,7.83101951216866e-09,-7.49246752179842e-11,9.80081585237803e-09,-9.01024937096182e-10,-5.02074610511725e-09,1.99998048217442e-09,2.61627958514125e-09,5.7439022982948e-09,-4.75381216620889e-11,-4.15303103587665e-08,-7.34745262525649e-10,-1.19719278980565e-09,6.3811330729934e-09,-1.43133917296072e-08,5.28682217824526e-09,-3.99787649866152e-10,5.14538611715714e-09,2.08372371305237e-09,-3.02763702964245e-09,1.10418055684279e-08,4.9147781520202e-09,1.1087699477561e-09,1.12197762117391e-08,-1.04214379911866e-09,6.36723508935103e-09,2.01495480871463e-10,-1.85835774125381e-09,4.3669090218398e-08,-4.34218813847647e-10,1.27335261466538e-09,-2.90672975661302e-09,9.13257596464392e-09,-1.13679527729114e-08,1.47112827115079e-08,2.86799544304907e-08,-1.21753934381271e-06,8.85035558986147e-07,8.7946726266805e-07,6.25968369389483e-07,8.05021553833652e-08,6.30676296520106e-07,-1.33661573997622e-08,-8.14849571465934e-09,-8.20190554075719e-08,-5.97751039676789e-08,-2.20670866357782e-07,-4.34543189410623e-07,-2.01041690400151e-07,9.17985587097001e-09,-2.68858337016592e-08,-1.31706011814539e-07,1.02234664316404e-09,4.13214461946457e-09,2.00693949714605e-09,9.62003642198922e-10,2.0382861354663e-09,1.42652446405147e-09,1.18849321929644e-09,6.33085263677984e-10,1.07843476401148e-09,2.42700600657745e-09,-1.12600987624612e-07,2.20385486836694e-06,1.65514411538956e-07,-1.44450456988955e-06,-1.12015815614375e-06,6.80285547178928e-07,1.75019813334995e-07,1.30884574976545e-06,-9.96694752409395e-07,9.21521999346974e-08,-6.83420400312814e-10,3.20678042659067e-06,1.7330662306277e-06,-1.71399984004957e-06,-5.37539261244e-07,6.39906956305402e-08,1.83732048637009e-07,-2.45643116029072e-07
"north_west","p_NC_50_64",1.69897739133763e-07,-4.06662646641971e-08,-2.9123736139152e-07,-1.38686520333287e-08,2.41768648249394e-10,-3.49565360948138e-09,6.06389082735186e-09,2.40100350535272e-09,3.29205444182625e-09,3.07607876155034e-09,2.5720980537942e-10,2.56885863072119e-09,3.16562241986953e-09,5.48524091929722e-09,-4.53117213692645e-10,-3.08273003104181e-08,1.63248241097958e-09,1.29514411487231e-10,6.37234350654259e-09,-1.20116698495545e-08,6.13989346973047e-09,8.99747014273464e-10,7.34013304680254e-09,8.09142742567704e-11,7.02584653379957e-09,3.83871053910875e-09,3.06649394763172e-09,8.79049466863836e-09,9.67010920033356e-09,-3.09839994718242e-09,5.4438221454628e-09,-2.11755614682442e-09,-2.91664366267757e-09,4.46142910509647e-08,-3.76821243457316e-10,1.82700586844998e-09,-1.49464427193521e-09,5.54964329100373e-09,-6.48220850720882e-09,8.6347963337984e-09,1.66279331555163e-07,-5.2913196974134e-07,3.55820406785466e-07,5.12953709688504e-07,6.52133579753306e-07,-1.68459191864367e-07,1.1973451170504e-07,-3.92803782402372e-07,-1.87583990747684e-07,-6.57601002394756e-08,-1.93763692879105e-08,-1.6683495448979e-07,-7.29513671818607e-07,-1.04481846127081e-07,1.73364235749153e-08,-1.09279780472371e-08,-1.96800355888409e-08,1.15979735025e-09,2.00693949714605e-09,4.06000826180504e-09,8.80167110199254e-10,2.18415833772208e-09,1.26972636702357e-09,1.01706048618178e-09,6.40374817759561e-10,9.02930970975217e-10,1.17821632565574e-09,-2.09860842253389e-07,5.78137867390807e-07,9.91118056462923e-08,-9.23819701659788e-07,-4.1785596289703e-07,3.80246280729215e-07,7.72930750388785e-07,1.94517804147726e-07,-4.0465462449549e-07,1.21537610863519e-07,-1.36056545356571e-10,-8.15471583922195e-07,2.33665885360572e-08,-5.16722997026304e-07,-1.60181063442967e-06,1.30861995205338e-08,1.42358611041288e-07,-1.46083439528405e-07
"north_west","p_NC_65_79",-1.19142503458341e-08,-1.02349843857356e-07,-4.55060162537535e-07,-2.08550237754009e-09,-7.21096064362542e-09,-2.35278697975893e-09,3.44676332039164e-09,4.50016553688092e-10,5.26697328551739e-09,-5.64520585796031e-09,1.72322372992842e-09,5.03477312169369e-10,2.81103848792778e-10,-3.26710620898056e-11,6.14270402095417e-11,2.67712083812164e-08,3.21948770283176e-09,-1.4142720392969e-09,5.53251430703583e-09,-4.84806755435398e-09,4.31742342980608e-09,2.55779774067377e-09,2.17564460509884e-09,5.91109107140015e-09,-5.82144601716618e-10,1.15009046340517e-08,-1.66518570190363e-09,8.79624509744813e-10,7.59680403533389e-09,4.6352015098076e-09,1.10731186431578e-09,5.32865926509432e-09,3.62652900767117e-09,8.78505484365484e-09,1.08557299293051e-09,1.17449563420152e-09,-3.43079326128127e-09,5.82759324503515e-09,-7.0133061792316e-09,6.72601226115979e-09,-3.98192107649377e-08,5.06316786960122e-07,7.08147825894571e-07,4.53274230983299e-07,-8.46961137682573e-08,7.07165487007691e-08,-1.12283987149665e-08,-8.73280047226659e-10,-1.62930508874503e-07,-1.70392400339703e-08,-2.44857190830087e-08,-1.11753296800052e-07,2.57148330649181e-08,-3.20843231042951e-07,3.22369606637176e-09,9.63132005751468e-11,-1.40114110492142e-07,5.81622496431555e-10,9.62003642198922e-10,8.80167110199254e-10,1.37590518311984e-09,5.86801218678066e-10,3.69432922199742e-10,4.45543409370631e-10,2.292865197975e-10,1.49803772210011e-10,1.65205881909844e-09,-3.21451486314996e-07,6.04610925557562e-07,-5.42094708634434e-08,1.62869362773739e-08,7.6392791872128e-08,4.73200285218343e-08,-2.20576402240253e-07,1.05752751553502e-07,-2.4257842533596e-07,6.43935358147416e-09,-7.95847311383782e-10,5.73188814994169e-06,-3.42004966483361e-07,-4.81619965434675e-07,-2.61304080190534e-06,6.06415664928431e-08,-2.60799148833614e-08,-1.07073507569018e-07
"north_west","p_NC_80_plus",1.21176311935249e-07,1.50141799669231e-07,-1.98757605762823e-07,-3.50246255571185e-09,-2.08564623424898e-10,1.87443571338411e-09,3.58492404140639e-09,3.55152234663487e-10,4.85813942416104e-09,1.17122571609451e-08,-1.29224187647241e-09,2.40218154887187e-09,4.96997005416386e-09,5.38363477915948e-09,6.87843516627572e-09,6.44747609754835e-08,1.43470897639294e-10,2.3819523196903e-09,2.19361334270378e-09,6.99117064366887e-09,3.91253345914516e-10,5.02724748446294e-09,8.96530529794681e-09,5.61634755293916e-10,1.65994705075124e-08,-1.42938109019058e-09,6.5400895355601e-10,1.00511735708933e-08,1.40238402760034e-08,1.33721727745481e-08,7.90723550240895e-09,5.7997582370333e-09,1.5706692978465e-09,4.61630154222913e-08,3.71671303115097e-09,-5.0700415107963e-09,4.94113499842947e-09,3.62924916549659e-10,7.15033777508969e-09,1.84012542555961e-09,-9.14979751257864e-08,-7.92007092258986e-07,6.45787443541581e-07,2.4012928091257e-07,1.5215724373006e-06,-4.41479610270818e-07,1.92107497915361e-07,-2.96898443257851e-07,2.40259310920432e-07,2.71527089875069e-08,4.48182226524143e-08,-2.35369167667802e-07,-7.27858164089473e-07,-4.4066477197534e-08,-1.81825039210347e-08,-6.15331748641218e-09,2.17589793018195e-07,1.06883316730866e-09,2.0382861354663e-09,2.18415833772208e-09,5.86801218678066e-10,1.36210118920161e-08,4.41445093123006e-10,9.86676558168455e-10,6.23919473804457e-10,1.07919373109971e-09,1.03392416820756e-09,7.51463641003639e-07,-1.59120265361053e-06,2.33037009046877e-07,1.96553395738231e-07,-4.8717686806532e-07,2.3395933600366e-07,9.06910222259172e-07,2.6853550408418e-07,-2.71306857346268e-07,1.52337881528933e-07,2.86163223249267e-10,-7.02246154568514e-06,3.6523025943513e-06,-3.93882762831741e-06,1.68164396030016e-06,-2.39001000165404e-08,1.53024697465463e-07,-3.76036900320847e-07
"north_west","p_NC_weekend_15_24",9.96154117281141e-08,-1.06828846710992e-07,-3.604166809784e-08,-7.3477637258888e-09,-5.20695428832123e-10,-4.41956289327402e-09,3.85940696221122e-09,-6.63835965206008e-10,3.9519158119787e-09,2.44772967192514e-09,-1.08788630117565e-09,5.42720114463493e-10,1.74177944481099e-09,2.29054594600823e-09,-2.47585430648499e-10,-4.14592723967696e-08,-1.79674315749649e-09,-5.57942062912148e-10,2.9326628826988e-09,-1.16512645050937e-08,3.92915083371269e-09,-2.01630498058453e-09,4.62544219018123e-09,-3.37289160646312e-09,-5.05961503142857e-10,3.62660627257459e-09,4.0116967507868e-09,1.88896853291084e-09,5.30171433732008e-09,-6.31291896175144e-09,3.26032451560773e-09,-9.13183306995162e-10,-9.65623064763486e-09,4.1489523329398e-08,-1.57941478708372e-09,1.92507532744049e-09,-3.68836661924126e-09,7.30738269011293e-09,-1.02784873333487e-08,1.01418684163121e-08,7.43573918009247e-08,-9.66466585686675e-07,4.57386831178224e-07,7.27633320783642e-07,4.29673647412577e-07,2.21002488090069e-08,3.86855330820961e-07,-1.34193437341739e-07,-1.40565940129638e-07,-7.38239663581457e-08,-1.96927074777536e-08,-6.89969594489813e-08,-3.83833081330839e-07,-7.30999568957546e-08,-6.38441201355196e-09,-2.17855445517901e-08,-1.67287350512564e-07,6.27718427117305e-10,1.42652446405147e-09,1.26972636702357e-09,3.69432922199742e-10,4.41445093123006e-10,1.84100974378573e-09,7.55261729302137e-10,3.61650946894294e-10,7.34911591369617e-10,8.07545941735213e-10,-2.67545551164544e-07,1.27690189122668e-06,6.21068978129172e-08,-1.2280012585169e-06,-8.21805592937284e-07,5.05879051189822e-07,4.08390005979597e-07,7.97966998558592e-07,-7.21467329547237e-07,7.46481139302977e-08,-4.78891001581563e-10,2.86439033959467e-06,4.41920380745961e-07,-5.66683997621178e-07,-1.6083677171463e-06,3.95515110217654e-08,1.22159426759338e-07,-9.96302816661018e-08
"north_west","p_NC_weekend_25_49",8.69259990108976e-08,-7.94306660140961e-08,-2.33622993149055e-07,-7.11775194180134e-09,4.2224230265171e-09,-2.86848956153135e-09,5.02955262789306e-09,-2.58590979540912e-09,6.39914937390859e-09,-1.51494175862427e-09,1.09262507519157e-09,1.1876046843538e-09,6.13436683809905e-10,2.05727286507369e-09,1.63240474271148e-09,-3.96334450471576e-08,-9.08090266098726e-10,6.70733455253732e-10,3.56025554465419e-09,-7.09818903637208e-09,3.50923832536888e-09,-3.91655993988464e-10,5.23053702668729e-09,3.19843653065134e-10,3.92396828452923e-09,1.52610719349127e-09,3.10060639634584e-09,5.76066174839873e-09,5.2561366743216e-09,-2.37095701465091e-10,6.05134425747889e-09,-4.11171014490743e-09,5.7213844791372e-09,6.91851901738116e-09,1.77129573186235e-10,-2.02381115385882e-09,2.22745115349138e-09,1.49208690524175e-09,-1.67134842292514e-09,6.29616811767584e-09,-7.98513716820416e-08,-2.06154859830675e-07,3.06550015447088e-07,1.79254734563422e-07,5.14320728298413e-07,-5.97515489775158e-09,1.50481985938205e-07,-2.59134227302409e-07,-2.21140135899064e-07,-1.84671601435803e-08,-1.6499964695853e-08,-1.01816825889223e-07,-4.26030330677577e-07,-2.53272093090382e-07,-5.33015222263534e-09,-8.45980900734063e-09,-2.89544437958346e-08,7.09876428573995e-10,1.18849321929644e-09,1.01706048618178e-09,4.45543409370631e-10,9.86676558168455e-10,7.55261729302137e-10,2.11373788431479e-09,4.28034792073654e-10,6.76650084177373e-10,1.21120977507864e-09,1.27234760715147e-07,5.57825683444575e-07,-1.01596732605954e-07,-2.55513602087016e-07,-3.69929088395134e-07,2.85711402318749e-07,5.3187896703591e-07,2.85493873700218e-07,-4.5078054737351e-07,7.29305686153657e-08,8.44640537091675e-12,3.32754180454687e-06,5.83579191876504e-07,-1.14779014618623e-06,7.50365678581911e-09,5.0132873330315e-08,6.03377621316524e-08,-1.35560449365985e-07
"north_west","p_NC_weekend_50_64",5.01209875056038e-08,1.93384853708434e-09,-6.75053005433747e-08,-1.1425409635627e-09,-2.49053631788641e-09,-1.41174417082531e-09,3.40712691762195e-09,7.63628759171006e-10,3.7257842922953e-10,5.63607593852673e-10,1.1245802587087e-09,1.03034902813691e-09,9.5329115331058e-10,1.64967182777419e-09,9.19685394649054e-10,-8.78188448901642e-09,9.67264008215207e-10,5.68787742876222e-10,1.13035235226123e-09,7.79653607944753e-10,1.55774658310363e-09,1.13935397857017e-09,4.45542905383047e-09,9.81135926998136e-10,3.07117555007055e-09,2.53063627412997e-09,4.64390046443541e-10,5.2155565474427e-09,3.07068215825138e-09,7.2351533538415e-10,1.68259549920215e-09,1.41616376676083e-09,8.96279605182142e-10,2.3911095743581e-09,6.91278135568092e-10,-9.15029178801288e-10,1.65592558730098e-09,4.97459911759188e-10,-5.09806506724894e-10,1.9766571415657e-09,9.5532252263284e-08,-2.99407652351279e-08,1.8428098539253e-07,1.22552939324135e-07,1.37838326024838e-07,-1.66753796224109e-07,2.63376535187542e-08,-1.58210174442688e-07,-7.44190160496357e-08,-1.99783904419244e-08,-5.80133451116765e-09,-6.36947656971306e-08,-1.42492619314897e-07,-1.06561417969681e-07,3.23538723661859e-09,-8.42657591962791e-10,4.35668167762598e-08,3.40124095865343e-10,6.33085263677984e-10,6.40374817759561e-10,2.292865197975e-10,6.23919473804457e-10,3.61650946894294e-10,4.28034792073654e-10,1.01973056288399e-09,2.88763367929244e-10,5.2118075955029e-10,7.1085077412742e-08,-3.17445792761367e-07,1.34068954401945e-07,-2.64283081252611e-07,-6.19889121749723e-08,7.62671034518126e-08,1.48521098658096e-07,-2.50710766187664e-08,-8.12990961375582e-08,2.50928610918801e-08,-3.86531925089755e-10,-2.05437135380871e-06,1.31217175729224e-07,-7.7686723479423e-08,-1.57392209007475e-06,-4.68438572575043e-09,3.20042932268163e-08,-4.83227010484331e-08
"north_west","p_NC_weekend_65_79",9.74525308209612e-08,4.79234813882084e-08,7.1126133502129e-08,-4.4080652780051e-09,8.53175179023524e-09,-4.76321355951579e-09,5.15977656131866e-09,-8.04688233400182e-10,3.74098409567351e-09,4.55741768360472e-09,-2.32634190271732e-09,3.64043553958022e-10,2.06318587446263e-09,2.2365264222051e-09,1.27752541225003e-09,-4.41375787681825e-08,-2.46989379163739e-09,-7.41311332564067e-10,1.94944751081756e-09,-7.1817054363058e-09,1.57608687266519e-09,-1.48126692589515e-09,1.53262878184596e-09,1.84347991523533e-10,-1.82484360273601e-09,1.45692770362258e-09,5.58106293000973e-09,-3.01562481036329e-11,4.67447799526111e-09,-1.05205300380566e-09,5.3646399951613e-09,-1.22560498975868e-09,-8.89327748369514e-10,2.26406828559232e-08,-1.18808816203405e-09,-3.62992535205221e-10,1.79183777622285e-10,3.13750683055916e-09,-4.28018366282903e-09,8.55230251224589e-09,-1.12360679431112e-08,-1.43045796828899e-06,2.67087771484851e-07,2.68341548781602e-07,3.07113697712891e-07,-2.76326443215378e-08,5.45787074770268e-07,-2.0315450767728e-08,1.34097948416713e-07,-3.68477880374011e-08,-1.20500433881628e-08,-9.06196378226439e-08,-4.08668055301653e-07,1.83313296017397e-07,-8.98371561499694e-09,-1.93603463289342e-08,-8.57645841855577e-08,4.90966672644277e-10,1.07843476401148e-09,9.02930970975217e-10,1.49803772210011e-10,1.07919373109971e-09,7.34911591369617e-10,6.76650084177373e-10,2.88763367929244e-10,1.16571688010424e-09,8.92453515124158e-10,1.31229196432548e-07,1.07825735830438e-06,-1.8380558114441e-08,-6.84934398264924e-07,-1.0397405991448e-06,4.8888854469366e-07,4.37615022778876e-07,9.40113994149437e-07,-6.08964772514524e-07,5.14455552591309e-08,4.71662110731398e-11,8.88296956413774e-07,1.3712670283814e-06,-1.77591052283387e-06,2.03372743646985e-06,1.92905186544104e-08,1.35142290873552e-07,-1.60662186056523e-07
"north_west","p_NC_weekend_80_plus",-9.70594559720116e-08,-1.16077105548186e-07,-1.63868399779962e-06,-2.51290645564603e-09,1.31621660313554e-08,-2.00366529566114e-08,2.24132340275592e-08,-2.07359716648154e-09,2.45560827803995e-08,-2.56129479804116e-08,7.14938328654048e-09,-3.11419261094362e-10,2.21842120331564e-09,-2.52472818204683e-09,2.85159505961207e-09,3.77233154408739e-08,6.31047609978022e-09,-5.02595946120986e-09,1.38431610333007e-08,-1.767832142463e-08,1.20804760773732e-08,5.11621284428964e-09,-1.45073686560767e-09,2.47062799925239e-08,-1.3616565429711e-08,3.60852223545999e-08,2.49346663246542e-09,-1.1064503960279e-08,2.20126630896631e-08,2.45760304039448e-08,1.04684387208998e-11,2.44316201897091e-08,1.73487408266637e-08,-2.25109295841762e-08,2.57312097924675e-09,-3.88449711114432e-09,-4.99483082898886e-09,1.45897463488082e-08,-1.77155316415544e-08,3.5365316750187e-08,-1.00356194730219e-06,-6.25238193913801e-07,2.78440335149613e-06,1.7674117883254e-06,-6.29611882909978e-07,4.83933441377689e-07,5.29025669549508e-07,7.13707327216323e-07,2.41373587406359e-08,-6.04060727252477e-08,-4.4216147058259e-08,-3.53018650922929e-07,8.11714391379995e-07,-1.15688928322275e-06,-7.47834048199089e-08,-3.56943660254111e-08,-4.96750229981426e-07,1.29978246881935e-09,2.42700600657745e-09,1.17821632565574e-09,1.65205881909844e-09,1.03392416820756e-09,8.07545941735213e-10,1.21120977507864e-09,5.2118075955029e-10,8.92453515124158e-10,1.49242901442471e-08,2.73882062309351e-07,2.49517449939002e-06,-8.1985629411331e-07,2.81816102864108e-06,-9.89462401661052e-07,4.33578348358441e-07,-1.75117763900689e-06,2.05130041163831e-06,-1.3467878575722e-06,-1.24266058844939e-07,-5.54526021661639e-10,2.41530590956481e-05,8.26808023713696e-07,-2.29540560560478e-06,4.78240169100307e-06,2.00634308187044e-07,-3.82520298386761e-08,-4.36215521317953e-07
"north_west","p_W_D",7.80838890971352e-05,0.000142655320709854,0.000489348697938672,2.6739947877662e-06,1.24635607750709e-05,-1.00585949269824e-06,6.28299167945433e-07,2.71812665226794e-07,-2.96323877888969e-06,1.38159547666359e-05,-8.61112881658237e-06,7.61209790955479e-07,8.90644319257083e-07,3.82862940173332e-06,2.54794836188079e-06,3.74233962725416e-06,-2.48772713042779e-06,5.7258011263344e-07,-4.14611893054942e-06,5.23486368165796e-06,-1.22720909211444e-06,-2.34211038606065e-06,2.82558893177726e-06,-5.26046997624084e-06,7.64554088792545e-06,-9.97163531017702e-06,4.29404603257678e-06,7.8454167164549e-07,-1.9218197722895e-06,7.2240340996816e-06,3.4622115281685e-06,-2.4117892800494e-06,9.67685537941254e-06,-1.4325827989966e-05,-8.66850988922114e-07,-2.35187333121718e-06,6.36714734869012e-06,-6.37455038467184e-06,6.3214250018362e-06,9.6035907217946e-07,-0.000230933173170761,-0.00125956866026076,-0.000361444178717875,-0.000318272870984249,-0.000324916282779809,-0.000258993256779978,0.000210309868235573,-0.000106886031824026,0.000135542642706458,4.48095584848256e-05,8.15376896742681e-06,-4.71564938177808e-05,-4.95041419427101e-05,0.000389174488849027,-9.34842598836419e-06,1.3802222715684e-06,2.45043554115012e-05,-2.01001097084893e-08,-1.12600987624612e-07,-2.09860842253389e-07,-3.21451486314996e-07,7.51463641003639e-07,-2.67545551164544e-07,1.27234760715147e-07,7.1085077412742e-08,1.31229196432548e-07,2.73882062309351e-07,0.00230810457611971,-0.00013304878445625,-0.00013965749159956,0.000430591391875801,-0.000349830631544949,0.000170693564170213,8.04031968112927e-05,0.000136636931619722,2.49065456419551e-05,-3.13803259532059e-05,6.10307173938449e-07,-0.00557591061536194,0.00130975343106124,-0.00202652867659579,0.00597675562444298,-5.08825271259904e-05,8.02654361088276e-05,-0.000109811110176705
"north_west","rel_p_D_alpha",-0.000204520173551543,-0.000378549308132233,0.000468812405002875,-1.99812894036136e-05,-7.28482125338802e-06,-1.47780325959453e-05,1.30381483398146e-06,5.37991623390529e-06,1.58026051561743e-05,-2.1616353050845e-05,-3.82614959783916e-06,1.69042808006746e-06,-8.85411026710287e-07,5.18619595154796e-06,-8.67881107558141e-06,2.32419440720752e-05,-1.18331485511159e-06,-8.86593215514846e-06,1.79684933896579e-05,-5.13112721129282e-05,1.38960686395074e-05,-1.00021419323186e-05,-5.15179240070169e-06,-8.77517931611405e-07,-2.86030657029676e-05,2.31572721864645e-05,5.90506110213931e-06,-2.21296199544087e-05,8.98721661084176e-06,-7.25992387994949e-06,7.0400240005708e-07,1.1470817469895e-05,-2.72491829716625e-05,0.000103130795566368,-3.80665618199318e-06,8.62467816022783e-06,-1.96283900043833e-05,2.73682523612514e-05,-3.74726553400868e-05,3.42963938364971e-05,-0.000483834555601528,-0.00292715324261581,0.000181842255884389,0.000308659819942254,-0.00151820816468662,0.0020798208521957,0.00218191132575937,0.0015543381292448,0.00118638451778961,-0.000119614411909654,-0.00030700618693155,-0.000202199704300763,-0.000348770473272724,-0.000432882485547532,1.47072188194026e-06,-6.82464622922151e-05,-0.000582465610523778,6.92955155858634e-07,2.20385486836694e-06,5.78137867390807e-07,6.04610925557562e-07,-1.59120265361053e-06,1.27690189122668e-06,5.57825683444575e-07,-3.17445792761367e-07,1.07825735830438e-06,2.49517449939002e-06,-0.00013304878445625,0.014451761219213,-0.00133014946277905,-0.00194025489019809,-0.00353599963031347,0.00133577768199638,-0.00031615444751945,0.0048015725360876,-0.00228590980175796,-1.96135851394505e-05,-1.67499700229838e-06,0.0190302957268265,-0.000776571840181104,-0.00431939073091978,-0.00201144228994475,0.000142608410592336,0.00019222956520882,-0.00026340250620585
"north_west","rel_p_D_delta",-3.22975031466788e-05,5.37505140444543e-05,0.000240858733377147,-3.19277079632864e-07,-1.10468482977637e-08,2.67838756746952e-06,-5.1108081329312e-06,2.9793609465495e-06,-3.75645561174572e-06,2.52148312536247e-06,3.0376991147104e-07,8.48931653319592e-07,6.49830323870981e-07,1.23431483096262e-06,-2.03054972090436e-07,-9.36922420078892e-06,7.94346824006125e-07,1.32017520490029e-06,-3.14507351791184e-06,5.21218375642918e-06,-6.98874585842027e-07,-8.40867290093526e-09,1.64826590554668e-06,-1.67845010025735e-06,1.41278369487444e-06,-1.60353340540003e-06,-1.17072464201364e-06,1.57584841822138e-06,5.90349726953376e-07,-4.10990347540487e-06,-5.28438186529122e-07,-4.0983366090243e-06,-1.9831030713401e-06,1.41216853568798e-05,3.91745467800931e-07,1.7136330599874e-07,2.41901412463478e-06,-2.8329543668038e-06,2.36042033188824e-06,-4.11713463104774e-06,0.000200092110888556,-0.000285993050428996,0.000154505006465421,-0.000113282555193675,0.000646454329161684,-0.000200224264574483,-0.000196990155424706,-8.03977218266792e-05,0.000267156247752219,-4.49227924918239e-05,-1.28699319095145e-06,1.50669970913391e-05,-0.00010495046421157,0.000267878434818408,2.24360282926352e-05,3.46876947110524e-06,5.85461836335098e-05,-9.33169880508808e-08,1.65514411538956e-07,9.91118056462923e-08,-5.42094708634434e-08,2.33037009046877e-07,6.21068978129172e-08,-1.01596732605954e-07,1.34068954401945e-07,-1.8380558114441e-08,-8.1985629411331e-07,-0.00013965749159956,-0.00133014946277905,0.00103263939824065,-0.00133929802164372,0.00016250767297851,-0.000100946190882608,9.56673077345745e-05,-0.000342101395275995,0.000483634927748835,5.23662939143623e-05,-1.64832374496986e-07,-0.00592764859882914,0.000379856530168829,0.000861647523885189,-0.000546646515199303,-4.92352559323127e-05,2.43757762136639e-05,5.47091866236516e-05
"north_west","rel_p_D_omicron",-9.33092588728362e-05,0.000197189435215329,-0.000582017566651179,1.04160147762397e-05,1.17974837287647e-06,-1.18328971994121e-06,8.52853642132762e-06,-4.19849330516283e-06,3.42363104778653e-06,3.32011124860642e-07,8.95675276233266e-07,-1.46075636652781e-06,-1.90670178448094e-06,-5.11543717889683e-06,5.62024302086305e-06,9.25327798302101e-05,2.44572570800194e-06,-9.53684140904041e-07,4.6026564547184e-06,8.96765259878516e-06,1.13772690032746e-07,6.02122791880258e-06,-3.32081322481894e-06,1.0063845784905e-05,1.48981029485915e-05,-2.26946354238577e-06,-4.07992210346894e-06,1.95232744519279e-06,2.62338984721148e-07,2.79759359925134e-05,-1.08717861545365e-06,1.77157742023023e-05,1.85097671249919e-05,-7.65625427694837e-05,4.25260678827786e-06,-7.06750514600257e-06,8.2971548335635e-06,-1.36626177032796e-05,1.92759400757613e-05,-1.76986332442996e-06,-0.000351951328512161,0.00086196379989674,8.0210499552725e-07,-0.000653667784984881,-0.00207983889960544,-0.000346020953751789,-0.000451709094889269,0.000446770275759092,0.000150019014859549,0.000171902955240966,6.70856821212297e-05,-6.89996544012212e-05,0.000752430361658935,-0.000479385990180885,-5.11925759843925e-05,1.52248625018477e-05,0.000180924263056652,-3.68258466538491e-07,-1.44450456988955e-06,-9.23819701659788e-07,1.62869362773739e-08,1.96553395738231e-07,-1.2280012585169e-06,-2.55513602087016e-07,-2.64283081252611e-07,-6.84934398264924e-07,2.81816102864108e-06,0.000430591391875801,-0.00194025489019809,-0.00133929802164372,0.00660038932572419,0.000913508302990684,-0.000778878419080676,-0.000901720846264892,-0.000598521476472276,0.000628829927141765,-0.000189188878740051,1.53775637610373e-06,0.00953508282985185,-0.000765724690888459,-0.00148495595886837,0.00365154715791093,5.30046436321349e-05,-0.000207353407358639,-0.000147567630753618
"north_west","rel_p_H_alpha",-1.48288214586133e-05,-7.91515742737627e-05,-0.000542627294285904,3.80952703069736e-06,-1.48227871565476e-05,9.91958312844162e-06,7.25699062576317e-07,-7.09880648777265e-07,-4.53512716692837e-06,-7.08204639452431e-06,1.09487480616486e-05,-9.82713049618113e-09,2.03648262730514e-07,-7.13860188821343e-06,4.96801106697801e-06,8.68898161529662e-06,6.41851529695719e-06,5.13622100180111e-06,-6.59401952444283e-06,2.39816574319496e-05,-2.01024880449967e-06,7.60290229772506e-06,4.25599320690486e-06,2.74960317554029e-07,1.25601674098989e-05,9.43822310846929e-07,-1.24515554276567e-05,1.30601403083072e-05,-4.37653828086491e-06,-1.98610277410077e-06,-3.5869406213877e-06,-3.47804959720612e-06,6.46617757709868e-06,-4.10896068490827e-05,5.45784128622735e-06,-1.29308132629499e-06,3.05710817372631e-06,-5.11369921706341e-06,8.0438101828525e-06,-1.56199826183766e-05,0.000352861694590036,0.00349662481588129,-0.000563564663778,-0.000310693056888724,-2.84653706463525e-05,-0.000765045292748956,-0.0017640509014614,-0.000822212041774147,-0.000891695890891681,2.78866987470723e-05,2.54455383260307e-05,-1.77739544760879e-05,9.15422701638619e-05,-0.000520057943481155,1.62514130828573e-05,5.43061121836504e-05,5.2296569290142e-05,-5.46352397191058e-07,-1.12015815614375e-06,-4.1785596289703e-07,7.6392791872128e-08,-4.8717686806532e-07,-8.21805592937284e-07,-3.69929088395134e-07,-6.19889121749723e-08,-1.0397405991448e-06,-9.89462401661052e-07,-0.000349830631544949,-0.00353599963031347,0.00016250767297851,0.000913508302990684,0.00394624166344035,-0.00145109977231291,6.87873519326572e-05,-0.00367684030863773,0.00198314445724937,-4.63669737183613e-05,-4.94634580561301e-08,-0.00454717424663827,0.000592847654289416,0.00355903928957123,-0.00842202748384471,-3.94562154845716e-05,-0.000258499560832555,0.000289129791718294
"north_west","rel_p_H_delta",6.95446395738575e-05,2.06819031567376e-05,6.12474741996482e-05,-2.46977952231939e-06,6.21337754056995e-06,-5.64974457553448e-06,3.61000670273043e-06,-2.53532594656651e-06,4.67750031716767e-06,9.36490277429726e-07,-3.43097530186718e-06,-1.83194178973324e-07,4.88905050786977e-07,3.58354351539014e-06,-2.13818729050826e-06,-1.53462037269963e-05,-3.44723610647097e-06,-2.00467890700394e-06,2.62546611973748e-06,-1.17123407927442e-05,3.89996196810665e-07,-3.12659276624006e-06,-2.14342211179158e-06,-9.53175437578406e-07,-6.42597924458902e-06,-9.98409534269496e-07,5.76694566641518e-06,-4.65725361044521e-06,8.77911198084111e-07,-3.18103627449904e-06,1.60983093697751e-06,-1.02929985257022e-06,-4.1912984214924e-06,1.73059607728802e-05,-2.45115184853911e-06,1.01970027545591e-06,-2.31050351076154e-06,3.94534343426093e-06,-5.61165491491608e-06,8.52193698387459e-06,-0.000156549852867004,-0.00120345962162782,0.000163568327468033,0.000255433406720844,0.000173925910576715,0.000209575732542678,0.000699954312072751,3.1377387305056e-05,-3.91791672496585e-05,-2.67569655125667e-05,-1.28564379017798e-05,-1.65608360903966e-05,-0.000204186334884967,0.000206500323493896,-5.6627902710235e-06,-2.15815244631519e-05,-5.34611196886544e-05,3.1040601616059e-07,6.80285547178928e-07,3.80246280729215e-07,4.73200285218343e-08,2.3395933600366e-07,5.05879051189822e-07,2.85711402318749e-07,7.62671034518126e-08,4.8888854469366e-07,4.33578348358441e-07,0.000170693564170213,0.00133577768199638,-0.000100946190882608,-0.000778878419080676,-0.00145109977231291,0.000787203345000244,0.000144584129412239,0.00131634494523582,-0.00105288734828641,3.45388409450417e-05,6.79092699264639e-09,0.00180215628407425,3.83177740464393e-05,-0.00091705821880903,0.00300901431478353,2.40600629753312e-05,0.000132428818057112,-8.88891706379759e-05
"north_west","rel_p_H_omicron",0.000168599340406315,3.14902138849117e-05,0.000444376048573914,-4.15406713525842e-06,1.97022898310615e-06,2.32801300437469e-07,3.25061801013956e-06,-3.90297230205191e-06,-1.50151987234666e-06,8.64976820763533e-06,-1.04267008363695e-06,-7.21500358061937e-07,7.92461547275704e-07,-1.65299956599965e-06,1.74782346726711e-06,-4.89916092362993e-05,-5.43943912679662e-06,1.85696628356959e-07,6.28307655570546e-07,-8.82894832784293e-06,-2.5765926575599e-06,-3.5933832208042e-06,1.66259306431464e-06,-1.11421112422672e-05,1.99518091804709e-06,-1.34533923004678e-05,3.8040212333487e-06,8.89376806695979e-06,-7.82130381149752e-06,-1.38241774322126e-05,5.07331557249631e-06,-2.03595404683213e-05,-7.47680381962174e-06,1.83493688839205e-05,-2.72852732454713e-06,2.41908868287565e-06,-3.52662323237025e-06,2.72358644476164e-06,2.63408158482439e-07,-1.91583780080228e-06,0.000122457270047812,0.00040032708430846,-0.000647435711743596,-0.00021455008823779,0.000585039740480308,-0.000339746557186049,-3.63686048275731e-05,-0.00048274246607819,-0.000187113228309709,-5.28474882553963e-06,9.69165971708945e-07,4.44280433380169e-05,-0.00174274918171917,6.22958372009722e-06,8.67327278090958e-06,9.99587674187152e-06,9.27448438172852e-05,2.22603390613116e-07,1.75019813334995e-07,7.72930750388785e-07,-2.20576402240253e-07,9.06910222259172e-07,4.08390005979597e-07,5.3187896703591e-07,1.48521098658096e-07,4.37615022778876e-07,-1.75117763900689e-06,8.04031968112927e-05,-0.00031615444751945,9.56673077345745e-05,-0.000901720846264892,6.87873519326572e-05,0.000144584129412239,0.00269839628052899,-0.00054825777132251,0.000103995483668684,0.000119658888392781,9.02727096686368e-07,-0.000542024696909717,0.00232459098427746,-0.000176362893562714,-0.000394321545673589,1.49360282420917e-05,0.000107544172391631,6.3434916670538e-05
"north_west","rel_p_ICU_alpha",-0.000130348918915643,-5.91636581970419e-05,0.000245287388013125,-4.75708972690107e-06,9.38958529420216e-06,-9.94437099901571e-06,-1.31583696202689e-06,3.48812768602033e-06,7.80877007707085e-06,3.35410799426861e-07,-1.17732849431699e-05,-2.55405450150766e-08,-7.34959377053356e-07,4.80048049875154e-06,-5.52041216140074e-06,2.62514984256006e-05,-4.76603116243083e-06,-5.91269470017192e-06,5.69136958360756e-06,-2.44270391519238e-05,2.66381061337386e-06,-6.37110778249754e-06,-6.33997134082647e-06,2.00067710066341e-06,-1.74662395088558e-05,7.07240878165461e-06,9.68179419885852e-06,-1.96356538776092e-05,7.10492381631885e-06,5.92475480689523e-06,3.08600650085013e-07,1.12246066767423e-05,-8.66367345888731e-06,5.01479778835943e-05,-3.7149304806453e-06,2.60870860665113e-06,-5.49328729720494e-06,8.90605638236716e-06,-1.23049728463356e-05,2.04293279905678e-05,-0.000580389116183672,-0.00377005740583748,0.00168180075875323,0.000789416339489593,-8.38622951811878e-05,0.00125010595642175,0.00192489585691656,0.00123657095531868,0.00110966501649002,-4.67357218666967e-05,-4.67908576614127e-05,-0.000111224677323636,8.54069259315665e-05,0.000279423929413303,-1.28412267641517e-05,-7.85538103243027e-05,-0.00021320345867301,4.86714369325807e-07,1.30884574976545e-06,1.94517804147726e-07,1.05752751553502e-07,2.6853550408418e-07,7.97966998558592e-07,2.85493873700218e-07,-2.50710766187664e-08,9.40113994149437e-07,2.05130041163831e-06,0.000136636931619722,0.0048015725360876,-0.000342101395275995,-0.000598521476472276,-0.00367684030863773,0.00131634494523582,-0.00054825777132251,0.00472358727964572,-0.0024230632710095,-4.12531896878673e-06,-5.8747610708399e-07,0.010596569325579,-8.58679802877114e-05,-0.0038921280611587,0.00621013230642455,0.000102733767293999,0.000217162146497713,-0.000335990365061448
"north_west","rel_p_ICU_delta",-1.38429514030843e-05,6.65599346376357e-05,0.000366154534566807,4.70287903874133e-06,-6.01379134111706e-06,8.16513425945779e-06,-6.58925530064768e-06,4.18198252198747e-06,-9.98711754390398e-06,6.41420908923456e-06,2.40601508206806e-06,1.1414687530544e-06,9.81383070967981e-07,-2.53611717271283e-06,3.885318961161e-06,-5.6652313125967e-06,4.78745380771827e-06,2.64877113441112e-06,-2.62718708317295e-06,1.87619762099489e-05,-9.59925382207067e-07,3.42269364151786e-06,4.58274860798621e-06,-1.5333564877396e-06,1.15014478614699e-05,-3.12038023781746e-06,-6.75017198443913e-06,9.10628878825754e-06,-3.01807315026929e-06,3.40666117965748e-07,4.42401492319207e-07,-5.21782522834626e-06,6.25973800363002e-06,-2.36430975347386e-05,3.22705687286232e-06,-2.10450517884978e-06,5.44031850149161e-06,-7.45568809560838e-06,9.03965262619275e-06,-1.39596799065885e-05,0.000397844888270575,0.0010348700499007,-0.000849465966000236,-0.000667194677699886,-0.000462297958786065,-0.000586372039446444,-0.00112270815666057,-0.000237783808655972,0.000176040604401614,2.06351528628297e-05,1.37333679190934e-05,3.69520385829906e-05,3.36601231038958e-05,5.10859878355892e-05,1.99132309941991e-05,2.93782079091082e-05,0.000136665498523054,-4.75899779959746e-07,-9.96694752409395e-07,-4.0465462449549e-07,-2.4257842533596e-07,-2.71306857346268e-07,-7.21467329547237e-07,-4.5078054737351e-07,-8.12990961375582e-08,-6.08964772514524e-07,-1.3467878575722e-06,2.49065456419551e-05,-0.00228590980175796,0.000483634927748835,0.000628829927141765,0.00198314445724937,-0.00105288734828641,0.000103995483668684,-0.0024230632710095,0.00220911826952171,-3.22434654308971e-05,2.06870781680934e-07,-0.0104300718891709,-9.00248105053874e-06,0.0013450527095167,-0.00369605739695289,-0.000108796428564278,-0.00013087083759112,0.000163973720008765
"north_west","rel_p_ICU_omicron",1.29210022520532e-05,-9.51101537751244e-06,2.20650295033105e-05,-1.13539649660986e-06,-1.013297638046e-07,1.11611151609084e-07,3.36856192901002e-08,6.98907673697935e-08,-1.41037065161387e-07,7.78323462592379e-08,6.21807596681548e-07,6.555945737695e-08,2.04388824085927e-07,2.67523461139477e-07,-1.104812404476e-07,-5.43449022512976e-06,-1.11321556495757e-07,1.07693443099461e-07,2.00456930663634e-07,-7.40067953342678e-07,4.07092719874092e-08,-1.97271868801912e-07,3.36975427523231e-07,-5.42762504215908e-07,1.44898131007759e-07,-5.77343383323561e-07,3.2308979009929e-07,8.72182635460344e-07,-2.83135785837967e-07,-1.30475878177642e-06,2.98381719954435e-07,-1.32092631022887e-06,-8.22958444894279e-07,3.42583311912322e-06,-1.17656585711713e-07,2.56288771765198e-08,-7.36967362789307e-08,2.31283645955181e-07,-1.30208916195528e-07,-3.65730663567393e-08,2.55820199057508e-05,-1.74238917371106e-06,-4.17537384856527e-05,-7.51767302698875e-06,0.000253161751312921,-2.7366503720516e-06,7.96021063315496e-06,-4.17388053942136e-05,9.61952345077694e-06,-2.53403279482168e-06,6.90063452403148e-07,1.06629538379636e-06,-0.000107105372534085,-1.87765106891096e-05,1.311907964208e-06,5.83246209300264e-07,1.13180572577184e-05,3.98683514621672e-08,9.21521999346974e-08,1.21537610863519e-07,6.43935358147416e-09,1.52337881528933e-07,7.46481139302977e-08,7.29305686153657e-08,2.50928610918801e-08,5.14455552591309e-08,-1.24266058844939e-07,-3.13803259532059e-05,-1.96135851394505e-05,5.23662939143623e-05,-0.000189188878740051,-4.63669737183613e-05,3.45388409450417e-05,0.000119658888392781,-4.12531896878673e-06,-3.22434654308971e-05,3.8370917899522e-05,1.20787599813721e-07,-0.000522674110232819,7.11670205383042e-05,1.67736333299104e-05,-0.000206075470655712,-2.05073352087539e-06,1.1593269318105e-05,6.58854082918471e-06
"north_west","rho_pillar2_tests",2.88476853919099e-07,1.94565644659021e-09,1.49726912197121e-07,-8.47244623034787e-09,2.76480189758682e-08,1.5797135951096e-09,7.13354893180529e-09,-5.77800690656187e-09,9.94914960674646e-10,2.40475349832661e-09,-2.24097253870112e-09,-8.45459169636342e-10,2.50587559051714e-10,1.26484766133509e-10,3.83941700458019e-09,-1.25077330229323e-07,-6.60536936614813e-09,7.03073185018951e-10,2.38549072136895e-10,-9.23385219125355e-10,-5.56376805542514e-09,-4.07650950211819e-09,-2.67559156655316e-09,-7.87822304814458e-09,1.57741415123431e-08,-2.76748098814044e-08,7.36259368435904e-09,4.45186486492565e-09,-1.07870596095475e-08,5.50814499707076e-10,2.34081585166458e-09,-9.36018658694867e-09,1.10680874121852e-09,-4.48952588749241e-08,-5.65210126566917e-10,-1.25925553670416e-08,1.68631106872741e-08,-1.84971616116513e-08,2.24022586463367e-08,-7.33012021846863e-09,-9.26902068225829e-08,1.09965121301594e-06,-1.77303244040746e-06,-8.85928288688784e-07,1.2985965757564e-06,-6.81785063403516e-07,-2.66148671250976e-07,-6.26282812647595e-07,4.43145827988759e-09,1.16992029783067e-07,2.29853214212021e-08,1.34827619898832e-07,-4.82949530222337e-07,-4.20397832007147e-07,-2.10989081310123e-08,5.44047887057529e-09,1.80862426035621e-07,-9.45134169715172e-11,-6.83420400312814e-10,-1.36056545356571e-10,-7.95847311383782e-10,2.86163223249267e-10,-4.78891001581563e-10,8.44640537091675e-12,-3.86531925089755e-10,4.71662110731398e-11,-5.54526021661639e-10,6.10307173938449e-07,-1.67499700229838e-06,-1.64832374496986e-07,1.53775637610373e-06,-4.94634580561301e-08,6.79092699264639e-09,9.02727096686368e-07,-5.8747610708399e-07,2.06870781680934e-07,1.20787599813721e-07,1.12838011014805e-08,-2.40080837388051e-06,3.26094602104475e-07,-8.41797781452927e-07,8.21862089242488e-06,-1.28931339077976e-08,6.34341418431175e-08,2.69577706911495e-08
"north_west","seed_date_alpha",-0.00112610113226054,-0.0017043372272925,-0.0100340881243576,-6.79032976687917e-05,-4.3739397309039e-05,-9.75386435388131e-05,8.78562532810751e-05,-4.0609083567292e-05,0.00016602361579797,-0.000197500841148536,0.000111459453958794,-9.52384859336508e-05,-0.000119088029208616,-0.000168692218000018,-0.000114344345834221,1.90263259568305e-05,-0.000105325113454092,-0.00013592240986226,-4.5681604748762e-05,-0.000323588809697395,-2.08091622239884e-05,-0.000175369495328474,-0.000183875057321376,-3.65892317529796e-05,-0.000336440093491997,-3.30544712461731e-05,3.53831044922672e-06,-0.000254000047445464,-0.000156542659662459,-0.000139783573212492,-0.000160113737208879,1.29936723605203e-05,-0.000270537347965009,0.000151319307953141,-1.75621084967628e-05,4.42237916560004e-05,-0.000134479534557783,0.000150663412956392,-0.000199346682661598,0.00017455226954635,-0.00574474166687197,0.00811753246486985,0.0124163387039805,0.00770704615450285,-0.00514711710225472,0.00217905947267677,0.00366229175374199,0.0045985164642736,-0.00126468739100586,-0.000990656975423583,-0.000159684075138813,0.000261438936835244,0.000367093606131151,-0.00619047776027453,-0.000240683977251597,-5.73179775556257e-05,-0.00256823057631284,7.13249418873932e-06,3.20678042659067e-06,-8.15471583922195e-07,5.73188814994169e-06,-7.02246154568514e-06,2.86439033959467e-06,3.32754180454687e-06,-2.05437135380871e-06,8.88296956413774e-07,2.41530590956481e-05,-0.00557591061536194,0.0190302957268265,-0.00592764859882914,0.00953508282985185,-0.00454717424663827,0.00180215628407425,-0.000542024696909717,0.010596569325579,-0.0104300718891709,-0.000522674110232819,-2.40080837388051e-06,0.771035287018849,0.0295175493188321,0.010774113423352,-0.0189932800252306,0.00672085157878053,-0.000534636160362206,-5.65860098389973e-05
"north_west","seed_date_delta",0.000275000277089264,-0.000250100972114863,0.000564559181177334,-2.29192824226392e-05,-2.02832264539901e-05,-4.76889818595917e-06,2.57818092938156e-06,-5.07833361294978e-06,2.04986166167717e-05,-2.12575838943246e-05,5.44257787826617e-06,-4.38707286142455e-06,-7.54773286884621e-08,-1.24278055962363e-05,1.4973674867663e-05,-0.000146885703757292,-2.1921655024737e-05,-2.82100097390082e-05,-3.11653400517972e-06,-5.73970843177587e-05,-9.48131506713979e-06,-3.64114189586276e-05,-2.52531278352873e-05,-3.05892690159071e-05,-4.77577303366164e-05,-2.53134887291296e-05,1.772365449308e-05,-3.7466226021703e-05,-3.5982488263017e-05,-3.88276263885291e-05,-1.20103808877735e-05,-4.2524770439744e-05,-2.29735460264917e-05,1.61643592924679e-05,-1.15321776180906e-05,9.02446581832379e-06,-7.83257222044113e-06,9.39597389233303e-06,-1.36798156010024e-05,1.39948691092949e-05,-0.00080646536206461,0.00117326169716938,-0.000182607723279528,0.002209433231905,-0.00123497671487882,-0.000404393936641849,-0.000227209580043344,2.39152692548649e-05,7.41495020145458e-05,-7.9558018646855e-05,1.88132047426637e-05,-8.99870503447399e-05,-0.00161484102230804,0.000275783286583033,-1.191766761725e-06,-1.20351858272921e-06,-0.000169557155684732,1.02421338917009e-06,1.7330662306277e-06,2.33665885360572e-08,-3.42004966483361e-07,3.6523025943513e-06,4.41920380745961e-07,5.83579191876504e-07,1.31217175729224e-07,1.3712670283814e-06,8.26808023713696e-07,0.00130975343106124,-0.000776571840181104,0.000379856530168829,-0.000765724690888459,0.000592847654289416,3.83177740464393e-05,0.00232459098427746,-8.58679802877114e-05,-9.00248105053874e-06,7.11670205383042e-05,3.26094602104475e-07,0.0295175493188321,0.0621617307133398,6.36863758297098e-05,-0.0104969411380062,0.000284664868205814,0.0010422984696971,-6.22782903271918e-05
"north_west","seed_date_omicron",-0.00030375521030232,-0.000196091742076201,-0.00126752508127681,-2.50826339360795e-07,-4.66214826439006e-05,4.11311757628239e-06,6.19867884521091e-06,-3.73263617533831e-06,-4.19196361170682e-06,-2.05189656801304e-05,1.1818630256872e-05,1.2379541022991e-07,-6.14742352212474e-06,-1.04951397664049e-05,-4.10804164914788e-06,-7.93056008837286e-05,7.5120194989466e-06,3.64901180717795e-06,2.78904915384913e-06,1.04987620175868e-05,-8.8955762012342e-06,6.44552660217046e-06,-7.66706323018753e-06,1.84160457546093e-05,-3.57611937452102e-05,2.06778772246148e-05,-6.04587214907138e-06,-5.52952698694938e-06,-1.3176995034465e-06,-0.00011256248591726,-3.50652805717189e-05,-5.8727758816312e-05,-7.23618125183705e-05,-3.9939736898007e-05,-3.42668590756982e-06,1.22373709456609e-05,-1.81101822710003e-05,1.30379489529544e-05,-1.63612116411848e-05,-1.27006024790214e-05,-7.90412861079891e-05,0.00687989447756971,-0.001378864963551,-0.000107156756549016,0.00286650024044759,-0.000908652238782792,-0.00166900411858823,-0.00118698442057771,-0.00173682766048512,-8.82390772379125e-05,6.31876103521746e-05,0.000302076249188224,0.000398659138582438,-0.00045097568564215,8.26200008711245e-05,6.81557749463991e-05,-0.000121001739049565,-4.99461325219214e-07,-1.71399984004957e-06,-5.16722997026304e-07,-4.81619965434675e-07,-3.93882762831741e-06,-5.66683997621178e-07,-1.14779014618623e-06,-7.7686723479423e-08,-1.77591052283387e-06,-2.29540560560478e-06,-0.00202652867659579,-0.00431939073091978,0.000861647523885189,-0.00148495595886837,0.00355903928957123,-0.00091705821880903,-0.000176362893562714,-0.0038921280611587,0.0013450527095167,1.67736333299104e-05,-8.41797781452927e-07,0.010774113423352,6.36863758297098e-05,0.0487997667253492,-0.0209811661694056,7.17305694262964e-05,-0.000386258245050097,0.00214523837014668
"north_west","start_date",0.000250646857622655,0.00170409309635642,0.00254849174193588,3.88074152561141e-05,0.000510042575530619,-1.31712955320146e-05,-6.07846487769002e-06,-7.36520775200302e-06,-1.52240956232955e-05,9.93903051344366e-05,-6.95249826909406e-05,-3.0452026203084e-06,1.50713565643501e-06,1.4155089968831e-05,2.27933446487477e-05,-0.000334142525739737,-5.70356161064311e-05,5.85438480915452e-06,-3.41575883362898e-05,-1.17425117337794e-05,9.70147938663628e-07,-4.31370512015128e-05,-1.88744765468387e-05,-6.81726820606129e-06,1.50136047993202e-05,-8.39705164815911e-05,6.01006991171308e-05,-2.93338871194884e-05,-1.29214310213429e-05,3.52200332474113e-05,3.83685191256314e-05,-4.6338721032079e-07,9.2121117042251e-06,4.52018273153292e-05,-2.2862508908829e-05,-1.1719227804999e-05,2.36643546338317e-05,-4.35032889323313e-05,6.0444441841523e-05,1.14322207998605e-05,-0.00280724495231823,-0.0116467974874201,-0.000426760593982602,-0.00383418016108658,0.00111261513337659,-0.000314823987479588,0.0031416087142793,0.000483032937252592,0.00173017167585194,0.000443502442711919,0.000191577605066662,3.4285910495578e-05,0.000667261504711482,0.00253503249465914,-0.000144896200532465,-6.54746556721524e-05,0.000408970216111564,-9.13725731076622e-07,-5.37539261244e-07,-1.60181063442967e-06,-2.61304080190534e-06,1.68164396030016e-06,-1.6083677171463e-06,7.50365678581911e-09,-1.57392209007475e-06,2.03372743646985e-06,4.78240169100307e-06,0.00597675562444298,-0.00201144228994475,-0.000546646515199303,0.00365154715791093,-0.00842202748384471,0.00300901431478353,-0.000394321545673589,0.00621013230642455,-0.00369605739695289,-0.000206075470655712,8.21862089242488e-06,-0.0189932800252306,-0.0104969411380062,-0.0209811661694056,0.193255354512125,-0.000173909893655825,0.000766768894137426,-0.00112017030264757
"north_west","ta_alpha",-5.97164051241107e-06,-1.746932027929e-05,-8.30992997266079e-05,-8.41488780330658e-07,-5.16601461143317e-07,-6.8834601111075e-07,1.24811453917117e-06,-1.05773414236925e-06,1.91195409256738e-06,-2.08694528694836e-06,7.66419893975743e-07,-9.7296926350962e-07,-1.07842892036617e-06,-1.67699821331561e-06,-1.01999820144221e-06,9.11194528781277e-07,-1.14349836243799e-06,-1.2505166299747e-06,-4.69246990128825e-07,-3.17923021215796e-06,-2.20368096748592e-07,-1.77484089774652e-06,-1.49052419181036e-06,-6.98924301179657e-07,-3.07819328655827e-06,-5.28162367889182e-07,6.28112650743732e-08,-2.11070888716986e-06,-1.72949940278491e-06,-1.42766965473992e-06,-1.56082701398196e-06,-4.05072791679376e-08,-2.48104379362915e-06,1.29246269409951e-06,-1.34943550071213e-07,3.34782217675241e-07,-1.16668818358326e-06,1.35384810450968e-06,-1.70271447597048e-06,1.43799207192044e-06,-4.85615634852113e-05,8.68105729337974e-05,0.000120411391472025,7.7624741805878e-05,-2.40232421661541e-05,1.93970832018756e-05,3.51158108855969e-05,2.70130941649821e-05,-2.53077493450454e-05,-8.46713502372247e-06,-8.99105720462575e-07,5.13705181846046e-08,-1.1067850564092e-05,-6.47966252145284e-05,-9.22731251884805e-07,-1.03821976081698e-06,-1.93909473538217e-05,7.59432640142968e-08,6.39906956305402e-08,1.30861995205338e-08,6.06415664928431e-08,-2.39001000165404e-08,3.95515110217654e-08,5.0132873330315e-08,-4.68438572575043e-09,1.92905186544104e-08,2.00634308187044e-07,-5.08825271259904e-05,0.000142608410592336,-4.92352559323127e-05,5.30046436321349e-05,-3.94562154845716e-05,2.40600629753312e-05,1.49360282420917e-05,0.000102733767293999,-0.000108796428564278,-2.05073352087539e-06,-1.28931339077976e-08,0.00672085157878053,0.000284664868205814,7.17305694262964e-05,-0.000173909893655825,6.61030762482642e-05,-2.78432890785219e-06,-4.93147830884797e-07
"north_west","ta_delta",2.89470291182518e-05,1.51010107486113e-05,9.40328761692175e-05,-6.80665887607101e-07,2.35186135362323e-06,-5.8526054400306e-07,-5.30988427614415e-07,1.96783877653531e-07,2.78619107602093e-07,1.49344844615151e-06,-1.78366123641988e-06,1.63029795153712e-07,1.95168520241175e-07,2.20320374785105e-06,-1.26857312754403e-06,-1.2427628690359e-05,-1.97554547473538e-06,-1.30416662354869e-06,-1.12672595856342e-06,-2.7849488837665e-06,-9.88652989469327e-07,-2.25023680469493e-06,-1.24620219538177e-06,-2.4548139612743e-06,-2.15201978006756e-06,-2.50051502889928e-06,1.74109637228437e-06,-2.46480970786627e-06,-1.37712543300561e-06,-2.32858341057026e-06,6.85997875958949e-07,-2.34084294265265e-06,-1.30592357044213e-06,4.17662276275309e-06,-6.95040134659466e-07,3.7118762840017e-07,-2.54546962528451e-07,4.76504791328673e-07,-8.86291095944379e-07,1.22944258799874e-06,-9.46669087072813e-06,-0.000394838376782056,9.43699753550651e-06,6.94209116640684e-05,9.3302829954508e-06,1.97855521254376e-05,0.000115127013015316,-2.44859347695821e-05,3.05417508534005e-05,-1.05676713175e-05,-1.57630526182459e-06,-8.03144603736546e-06,-9.07009166028805e-05,9.31785137972626e-05,1.32034531165401e-06,-5.14583293533862e-06,1.54157478456239e-05,7.02775195683992e-08,1.83732048637009e-07,1.42358611041288e-07,-2.60799148833614e-08,1.53024697465463e-07,1.22159426759338e-07,6.03377621316524e-08,3.20042932268163e-08,1.35142290873552e-07,-3.82520298386761e-08,8.02654361088276e-05,0.00019222956520882,2.43757762136639e-05,-0.000207353407358639,-0.000258499560832555,0.000132428818057112,0.000107544172391631,0.000217162146497713,-0.00013087083759112,1.1593269318105e-05,6.34341418431175e-08,-0.000534636160362206,0.0010422984696971,-0.000386258245050097,0.000766768894137426,-2.78432890785219e-06,9.22000909388186e-05,-3.02573558481551e-05
"north_west","ta_omicron",-7.00830881728958e-06,-9.5140043129649e-06,7.51949165439315e-06,-3.50509578911604e-07,-2.36494587380737e-06,8.94802888452651e-07,-2.03837387427355e-07,-5.58452296389102e-07,-1.02124226901403e-06,-1.10677766498856e-06,7.02816649259644e-07,-3.06265949733168e-07,-4.53100599864824e-07,-1.27981562235614e-06,-3.50957178633336e-07,-8.14559769217198e-06,1.75767453636825e-07,2.73381624954774e-07,-2.88616636545817e-07,2.37189556192819e-07,-6.79580059256774e-07,-3.06380119853268e-07,-6.89945110448517e-07,-5.34045596656508e-07,-1.81724885478074e-06,-1.33483259143464e-06,-5.86546591672568e-07,1.17018264223401e-06,-3.44690939760724e-06,-7.50333207941177e-06,-2.44916267784228e-06,-4.87992533348934e-06,-4.18962973682167e-06,-3.85719178656181e-06,-3.00113872723215e-07,7.75402923042131e-07,-1.26297481859489e-06,4.34023807648209e-07,-4.06741406528033e-07,-2.28145821796475e-06,1.09644863166958e-05,0.00047062944798152,-0.000220386508695409,-5.01600048784831e-05,0.000139943782781062,-4.64468673608156e-05,-0.000149219473662143,-7.47887200545632e-05,-9.99577787343661e-05,-4.29442792409788e-06,2.78348573204732e-06,4.03920337608283e-05,-1.94407802939866e-05,-1.88263301841504e-05,8.38607198460106e-06,6.27309374582932e-06,9.57605100415229e-06,-1.32587864403318e-07,-2.45643116029072e-07,-1.46083439528405e-07,-1.07073507569018e-07,-3.76036900320847e-07,-9.96302816661018e-08,-1.35560449365985e-07,-4.83227010484331e-08,-1.60662186056523e-07,-4.36215521317953e-07,-0.000109811110176705,-0.00026340250620585,5.47091866236516e-05,-0.000147567630753618,0.000289129791718294,-8.88891706379759e-05,6.3434916670538e-05,-0.000335990365061448,0.000163973720008765,6.58854082918471e-06,2.69577706911495e-08,-5.65860098389973e-05,-6.22782903271918e-05,0.00214523837014668,-0.00112017030264757,-4.93147830884797e-07,-3.02573558481551e-05,0.000150777196244807
