"region","name","alpha_admission","alpha_D","alpha_death_hosp","alpha_H","beta1","beta10","beta11","beta12","beta13","beta14","beta15","beta16","beta17","beta18","beta19","beta2","beta20","beta21","beta22","beta23","beta24","beta25","beta26","beta27","beta28","beta29","beta3","beta30","beta31","beta32","beta33","beta34","beta35","beta36","beta4","beta5","beta6","beta7","beta8","beta9","mu_D","mu_D_2","mu_D_3","mu_D_4","mu_D_5","mu_gamma_H","mu_gamma_H_2","mu_gamma_H_3","mu_gamma_H_4","p_G_D","p_G_D_2","p_H","p_H_2","p_H_D","p_ICU","p_ICU_2","p_ICU_D","p_NC_15_24","p_NC_25_49","p_NC_50_64","p_NC_65_79","p_NC_80_plus","p_NC_weekend_15_24","p_NC_weekend_25_49","p_NC_weekend_50_64","p_NC_weekend_65_79","p_NC_weekend_80_plus","p_W_D","rel_p_D_alpha","rel_p_D_delta","rel_p_D_omicron","rel_p_H_alpha","rel_p_H_delta","rel_p_H_omicron","rel_p_ICU_alpha","rel_p_ICU_delta","rel_p_ICU_omicron","rho_pillar2_tests","seed_date_alpha","seed_date_delta","seed_date_omicron","start_date","ta_alpha","ta_delta","ta_omicron"
"north_west","alpha_admission",5.10735054742898e-06,-6.43154046840406e-06,-1.4149808511359e-07,-1.33655007633671e-07,-3.11566513493571e-07,8.12068224336636e-08,-1.39113398482714e-07,-6.01922399791602e-08,-3.80803423930111e-08,2.92641652213281e-07,-7.60843700569021e-08,-9.29515079884717e-09,-3.6078859989751e-08,1.51693433546298e-08,-2.74038091426464e-07,-2.52314448162876e-07,-1.38801113906937e-07,-1.24397300998033e-07,-2.30219355822093e-07,-2.52336888298068e-07,-2.1422521341284e-07,-1.31896744912876e-07,-2.10398271100728e-07,-2.87242516550941e-07,-3.19503878320501e-07,-2.91213564977908e-07,4.98466422756438e-08,-1.34806764879628e-07,-6.12776540651048e-07,1.69414932987097e-08,2.66500324861478e-08,-3.05380705716667e-08,-1.83713032349175e-08,-9.45822360902048e-08,-5.51634462219726e-08,4.54300839695484e-08,-1.63668873634012e-07,-1.47632958200211e-08,1.32083212490172e-07,-1.64523808102195e-07,8.19277221260783e-07,-9.85976593280949e-07,4.87302434288418e-06,-5.54742073906427e-06,-1.70047398749364e-06,-5.64325029614757e-06,-1.39788932338783e-06,2.04701484842625e-06,-1.35157533497446e-06,1.88700835026216e-06,-3.65844362659515e-07,4.81170489637548e-06,3.56911975205269e-06,-1.16334290441115e-06,1.92115134368731e-07,-7.92828616643821e-08,1.97903784492458e-06,-4.87487657351728e-08,-7.44895997340739e-08,9.04495777276196e-08,-8.22815243890699e-08,1.07605951981132e-07,-2.24179913173678e-08,-2.82430919083693e-08,-3.19911859728597e-08,3.88911534706606e-08,-2.36748463465171e-08,5.15417218290484e-06,-4.39405662783848e-06,1.0180044334057e-05,-3.5662776305562e-06,-7.592880557398e-06,1.04312846394606e-06,-2.72253239804692e-06,-6.48822709502967e-06,7.8481839192053e-06,-8.11119765093637e-07,1.03627926266542e-07,0.000212918521647267,-2.68827380263306e-05,-0.000233163393766503,-8.04229306990329e-05,-7.71741866087118e-08,5.48931304486441e-06,-2.09861462378488e-06
"north_west","alpha_D",-6.43154046840406e-06,0.000637015599290272,-5.48392173973001e-06,4.75271698849004e-07,3.14164760187991e-06,-9.07772518612061e-07,2.11405583635073e-06,-1.41785656438124e-06,9.48542146068559e-07,2.05853772583128e-06,-1.19010895472035e-06,-1.79611056307786e-07,1.88052039964807e-07,-8.70093023582174e-07,2.14709371926925e-06,-1.51179616345467e-06,1.63756464430033e-06,-4.05877197952295e-07,1.25803428790078e-06,9.15303523564858e-08,4.33420106679928e-07,6.16124007635333e-07,8.22115612649523e-07,-5.11381033060963e-07,2.99467547369223e-06,-8.63945723702073e-07,-6.06173240633835e-07,2.5815361277651e-07,2.43930824304166e-06,3.52212160460421e-06,1.04105675264799e-06,1.88606170207567e-06,2.97227827547389e-06,-2.16201213311263e-06,3.58147049139022e-07,-6.94613633420087e-07,8.70361126202819e-07,3.57051484485229e-07,-1.61815756508715e-06,4.23527561896422e-07,-9.20626093068636e-06,2.00923435278504e-05,7.52235969719533e-05,-8.80834493310098e-06,2.44513081723499e-05,1.81830965113323e-05,-2.71311596015913e-05,-1.94537733218075e-05,1.12387470460201e-05,-4.93612968136977e-05,1.28275164423502e-05,-1.4214979790643e-07,-2.82247767100503e-05,-5.30208388202901e-06,-3.22416932551588e-06,2.42419698970646e-07,4.10661826241186e-05,3.53208790613326e-07,-1.70626485786618e-07,-2.32738379850648e-07,-4.36384840159138e-07,-1.43667802757505e-06,-2.91992796982652e-08,-6.66690683951977e-08,8.48493960983922e-08,-6.16136784975871e-08,-3.65127610850321e-07,6.71810556622418e-06,-0.000217822272534982,0.000109115085778724,-2.8796761736731e-05,-3.27934971052383e-05,2.71522848607385e-05,3.83991990247248e-05,-6.37932535251111e-06,1.26117738442869e-06,-1.78044085387943e-06,-8.89846321092765e-07,0.00247515511648639,0.00314606369969186,-0.000353665466353211,0.00102287829095105,1.1490028684736e-05,-2.17989779527911e-05,-5.08249175182664e-05
"north_west","alpha_death_hosp",-1.4149808511359e-07,-5.48392173973001e-06,1.05666296714069e-05,1.08616120625987e-08,-9.27473523881792e-09,1.71578592697735e-07,-2.06359016984036e-07,1.46281712269639e-08,-4.53156753253984e-08,2.40578416386288e-09,-1.49030570930668e-07,-1.11832342079573e-07,-2.0057677297539e-08,-2.88931703161098e-07,-1.35259693578065e-08,-9.81552619216109e-07,-5.90065784703085e-08,-6.73046291614878e-08,-8.95100436327825e-08,-4.55486202583829e-08,-1.00874632820526e-08,-2.8069886049705e-07,-9.31980529526185e-08,6.44116137155373e-08,-5.07255639369584e-07,2.81012411136505e-07,1.62163993587254e-07,-4.1838050389992e-07,1.36928643539344e-07,-1.09489695864243e-07,-4.70808224280625e-08,-2.85664948800979e-07,1.25055273707945e-07,-8.01707252527697e-07,-1.11815102294708e-07,3.72859206495715e-08,5.40088508132867e-08,-2.86226573090016e-07,5.45414147069115e-07,-3.78701426645652e-07,4.86334229961773e-06,6.3242546363512e-06,-6.20361784413776e-06,1.61553094436823e-06,4.35311718694821e-06,3.10950663368669e-06,-8.58637712957403e-07,4.25679212539094e-06,-3.06656382974789e-07,1.11905898430206e-06,-1.49245597206482e-06,1.60890899058143e-06,-9.78514490473358e-06,-4.45576487497469e-06,2.69992528644144e-07,-4.89991306328866e-07,2.01538232003175e-06,5.21820464715718e-08,-5.13665237697404e-08,-2.34272838835058e-07,-1.4333491231996e-08,3.16938970672685e-07,-8.08158048373543e-08,2.64351748257574e-07,8.99241566213725e-08,-1.15315152924263e-07,8.31879553598567e-08,-8.66018587613377e-06,2.07420361955404e-05,-9.29602346098697e-06,5.71997098553561e-07,-1.69129250759827e-06,7.28393140446569e-07,1.39067691440948e-05,6.70412772195398e-06,-1.42022744574565e-06,-4.69067623623956e-07,-3.27779988782183e-07,0.000222187514591565,9.54067319778151e-05,0.000202162355675879,1.47229265406423e-06,2.74230736348798e-06,7.5443201712052e-08,2.7438226534322e-06
"north_west","alpha_H",-1.33655007633671e-07,4.75271698849004e-07,1.08616120625987e-08,1.05259924058782e-06,1.79035323115565e-07,6.93922802588852e-08,-7.72061119660279e-08,2.69316685828014e-09,-4.05195455007024e-08,9.54101394748698e-08,-1.9588858455431e-07,-1.40886684773531e-08,-7.15630745229332e-09,-1.25967202733206e-07,1.47862107023827e-07,-9.40843531250714e-07,2.87037116708759e-08,4.19985185366965e-10,-1.85904833534595e-08,3.91214109001107e-08,4.51120488223279e-08,-5.07153077046489e-08,3.7471161580101e-08,6.20518673204127e-08,-3.71355989807767e-08,2.81614358402121e-08,-4.40624510992263e-09,6.65542922854511e-09,-1.34537983428365e-08,2.41310635442135e-08,1.21516268289782e-07,1.03285520141218e-07,3.19733106897198e-08,2.82106199674099e-07,-1.46946618686905e-08,1.29276488399145e-08,3.46936322178005e-08,3.34201659307555e-08,-6.48834808259362e-09,-7.96598545049632e-08,6.35096633268389e-07,1.61066416189033e-07,-2.02080327898834e-06,-6.49334365722168e-07,1.7920178904412e-06,2.98352798012412e-06,-3.00200136353453e-07,2.2328272331096e-06,-1.35829212698232e-06,9.83593825727878e-07,-2.09464893340811e-07,-1.00906587131695e-06,-3.30920003688035e-07,4.47573141744914e-08,4.31106996182216e-07,2.41937162421555e-07,5.06288101889021e-07,-2.77242253046761e-08,-6.95901692088902e-08,-1.13014148834922e-08,-2.82604472583907e-08,-9.71643106230337e-08,-9.87184825254145e-09,7.86114675604325e-08,-4.05904705751974e-08,2.63708793630196e-08,-1.29319062254367e-07,4.92137977476206e-07,5.64020796804333e-06,-1.73247734723882e-06,-2.53656178279633e-06,1.67387796908708e-06,-7.12003079263328e-07,1.32481625856708e-06,-3.26113207599632e-06,1.51650252293221e-06,8.31382289696736e-08,5.68227169148247e-09,-2.9361708144366e-06,0.000167629321507447,-0.000144023690783959,2.70259518802788e-06,8.80204345389263e-07,-9.92619685087728e-07,-3.17569588284168e-06
"north_west","beta1",-3.11566513493571e-07,3.14164760187991e-06,-9.27473523881792e-09,1.79035323115565e-07,1.69460939132182e-06,5.44537793991858e-08,6.28042078889546e-09,2.6094115638227e-08,-6.94518259293638e-08,1.67532890718855e-07,-1.84652768560019e-08,5.21369137054725e-08,2.75065960763391e-08,3.77493689369412e-08,1.89082764609642e-07,-1.86583739153036e-06,-2.80948229941218e-08,2.61659256097151e-08,-3.03500194683297e-08,-4.24045169568747e-08,8.85087673687743e-08,-3.22432333043312e-08,-2.36883622886764e-08,4.0780666169914e-08,-5.18947992932078e-08,-1.82100173569032e-08,-1.45937853045561e-08,-1.57948289289446e-08,8.65041243772714e-08,3.16361496257564e-07,4.55174072499187e-08,1.71644086823617e-07,9.91372947687045e-08,2.46739931909967e-07,2.74050540806324e-08,-4.74703497394968e-08,7.25563647372794e-08,5.69324193817246e-08,-3.80822002779329e-08,-6.41043170554595e-08,5.14283744692909e-07,-4.80499658851039e-08,-3.29593365119139e-06,-9.3643005041416e-07,-1.46989408555156e-06,1.4087296514068e-07,4.5674521426192e-07,-1.82766228118649e-06,-1.12341058371552e-06,-1.78423141326855e-08,-5.21137277287692e-07,-1.52202815385035e-06,-3.79438146939642e-06,-1.11978796033226e-06,-2.85729666779622e-07,2.09473169619632e-07,-2.19382010841589e-06,-5.13490001733158e-08,-2.25487955016025e-08,-4.31283203830739e-08,-7.43552054594852e-08,3.367899742114e-08,5.86142450359795e-08,-5.16044034749366e-08,-4.34247926232418e-08,-9.64485851829569e-09,-5.77434487669197e-08,3.93059124436217e-06,1.05361175581833e-05,-2.70963565667077e-06,-1.72582083658312e-06,3.66707424933524e-06,3.47377487319738e-06,3.21149057841128e-06,-5.06133247543069e-06,2.54531340628628e-06,-2.61089348040341e-08,9.85359675641238e-08,-0.000116392495261416,0.000182371094893661,-8.36360432230594e-05,0.00046397721288829,-1.35927073630107e-06,1.49788541868906e-06,-5.00134363952284e-06
"north_west","beta10",8.12068224336636e-08,-9.07772518612061e-07,1.71578592697735e-07,6.93922802588852e-08,5.44537793991858e-08,3.14943729113721e-07,-4.14920237155746e-07,1.32591656686093e-07,-4.87970482748395e-08,1.38075201840664e-07,-7.09849759157016e-08,1.33041982063487e-09,5.22141984169016e-09,-4.99112940442099e-08,5.37186116829241e-08,-1.17564725222543e-07,-4.6184275462994e-08,3.2480071155963e-08,-1.12363468581942e-07,3.96221720333562e-08,-9.22299703730472e-09,-4.51856646519849e-08,-4.77771015535849e-09,2.07597915663841e-09,-5.94211206310974e-08,-1.53058989598016e-08,-1.91166825787154e-09,2.9549202856379e-09,-1.10667502771427e-07,-5.58315721233664e-10,1.28389707634153e-08,2.14022476837669e-08,-2.56411746279857e-09,2.09615923314969e-08,-2.47571975503077e-09,-7.88559745021655e-09,7.52721954538767e-08,-1.02208003370465e-07,2.247427826046e-07,-3.09881459258799e-07,-3.33180051649182e-08,3.07976131146902e-07,-2.87693939870362e-07,-1.87531063330037e-06,1.66890491727034e-07,-4.26323686473285e-07,-8.40856043701109e-07,-2.31736237889212e-08,-4.67654072978935e-08,3.7466065323734e-07,-3.03337304270557e-07,-3.40589667299379e-07,-2.27110330129312e-06,-6.93893609977524e-07,-7.17298056994398e-08,1.41953450411156e-07,5.41257704493725e-07,-1.88574043244167e-08,-1.75108325807016e-10,2.92375709745784e-09,-1.72264075670318e-09,1.07099840672829e-07,-4.28141044633316e-10,2.34188924325355e-08,-2.09068424535878e-08,-8.6287338681023e-09,-5.56071074893899e-08,1.87769820971381e-06,3.50891964210475e-06,1.36163746060087e-06,-1.02442906384772e-06,3.16787884283252e-06,-1.38112763762639e-06,2.7926875121882e-06,-1.85842044329956e-06,4.41441954249826e-07,3.21410103534975e-07,2.80903349042439e-08,6.27710100720383e-05,4.76461083829626e-05,-7.29139028135093e-05,6.67494578362126e-06,3.06043521188969e-07,3.86834351143145e-07,-9.32265352256129e-07
"north_west","beta11",-1.39113398482714e-07,2.11405583635073e-06,-2.06359016984036e-07,-7.72061119660279e-08,6.28042078889546e-09,-4.14920237155746e-07,9.8655064407653e-07,-5.41883048205153e-07,2.93627783061313e-07,-4.6006522620787e-07,3.30413650000319e-07,2.03194094702537e-08,4.42434149705384e-08,1.23761644521967e-07,-1.22961379045524e-07,1.79299583294654e-07,-5.26717186551629e-08,-3.51221376818899e-08,4.66237360909883e-08,-6.59744719095461e-09,-3.80876476905116e-08,1.156660791451e-08,-5.37521391087304e-09,-6.46046039423786e-08,5.86471004850199e-08,-5.3767449244237e-08,-1.47108795463887e-08,-5.88481383777353e-08,1.33083373662685e-07,-4.30516929738028e-08,-1.41137142339767e-07,-9.88178699721052e-09,-1.52417468767819e-07,5.99830815074766e-08,2.52014696346287e-08,1.37543246009638e-08,-4.26319463256959e-08,9.25526197772221e-08,-1.89145410090058e-07,3.24817450253057e-07,8.42212970329456e-07,-3.7779740759628e-07,-1.74711487370299e-06,3.6410173080885e-06,6.57081570138538e-07,1.023064751363e-07,1.42243834188359e-06,-7.18231971991926e-07,5.8832723440512e-07,-1.51336198766107e-07,2.56986957037708e-07,-1.38927726551041e-06,1.38871554720658e-06,1.66657399495384e-07,1.19078766448201e-09,-2.16124711337094e-07,-6.83542202846403e-07,9.61614879509391e-08,4.56581429420514e-08,-9.25078299091209e-08,2.88903555877152e-08,1.12706123885372e-07,-1.07865704434037e-08,-5.69740039502806e-08,6.90506997010405e-08,-6.03088115097805e-08,2.96727702836562e-07,-2.958285005746e-06,8.56780280094636e-07,-4.61929207714333e-06,1.42636381956286e-06,9.94485887181092e-07,6.59172738595051e-07,-3.78777516003699e-06,2.33272711174085e-06,-1.19631864499839e-07,3.41758130380367e-08,-1.42307069173984e-07,-0.000228093649807978,-0.000147712779747647,0.000175113305289501,-9.33291689521677e-07,-1.6027702685028e-06,3.39941919058286e-06,2.24428897016705e-06
"north_west","beta12",-6.01922399791602e-08,-1.41785656438124e-06,1.46281712269639e-08,2.69316685828014e-09,2.6094115638227e-08,1.32591656686093e-07,-5.41883048205153e-07,7.04517139579242e-07,-4.99066744926171e-07,5.7978076003152e-07,-3.88522938393481e-07,-5.10113615499989e-08,-7.94487936443947e-08,-7.102011291991e-08,-2.38539630566108e-08,2.03579418809958e-07,3.26074768388123e-08,4.59358140160033e-09,-1.59087143922002e-09,-2.8024244883705e-08,2.11899381621613e-08,8.02707460410532e-09,-1.81402261894332e-08,-1.23828985212145e-08,9.01395206959628e-09,8.86311681767036e-09,9.32225084498177e-09,8.89384244788416e-09,-2.64716016488639e-08,-5.58735411754522e-08,3.95359732265076e-08,-6.67365507387646e-08,3.47127617313765e-08,-1.08419169146925e-07,-1.92359343006577e-10,-2.17001573278114e-08,4.26407688576199e-08,-7.24852559166338e-09,3.67713070782522e-08,-5.67145276139974e-08,-6.43735904085301e-07,4.27052461202617e-07,1.15950606725703e-06,-7.08362133846399e-07,1.36119818676189e-06,1.05444459238038e-06,-1.07451344792753e-06,1.99262227747362e-07,-6.10384366353441e-07,-2.53206366203493e-07,1.27903980211895e-07,-7.44106568578982e-07,-2.18766698647777e-06,1.71304530175366e-07,-1.87302125847792e-07,1.33484348605401e-07,1.46832149035937e-06,-3.5841933032787e-08,1.92970909068342e-08,7.85165354301506e-08,2.69647108242236e-10,-7.77030307547593e-08,3.13795970080567e-08,2.04767372076208e-08,-2.34218344961049e-08,4.79543074261473e-08,-1.7598422432871e-07,8.09031869974128e-07,-4.32799484080605e-06,1.45720320271532e-06,-1.55151337932374e-06,1.24687349273039e-06,2.54141391998903e-06,2.21720171099627e-06,5.02028579308119e-07,-2.35850295239199e-06,-1.10469202486537e-08,6.41005637011533e-08,0.000391374015864191,-1.26771043098156e-05,-1.66230510788786e-05,1.4970704620415e-05,4.11980314470532e-06,-4.22352871035711e-06,-2.69838142664131e-08
"north_west","beta13",-3.80803423930111e-08,9.48542146068559e-07,-4.53156753253984e-08,-4.05195455007024e-08,-6.94518259293638e-08,-4.87970482748395e-08,2.93627783061313e-07,-4.99066744926171e-07,6.16339807696628e-07,-6.12822310346259e-07,5.17277410893562e-07,-3.26415027110031e-08,-1.77880779257229e-08,-8.86656316753925e-08,-5.39852952912659e-08,6.27657245075844e-08,-1.2314576037795e-07,-6.46948994590959e-08,-1.76948452444099e-07,6.59004747790771e-08,-1.29773074997873e-07,-1.12561617951283e-07,-5.43264791669214e-08,-1.20347254937337e-07,-1.16424020234723e-07,-1.28132945617428e-07,-5.69603237888241e-09,-1.65019819800963e-07,-9.57896766358203e-08,-2.77812629582551e-08,-9.52891396501512e-08,-3.10768904515301e-08,-1.02543356470428e-07,1.57756005876152e-08,-1.71362914149327e-09,2.84665053299698e-08,-1.03084413653197e-08,-2.68033287224962e-08,1.89725966851275e-09,3.4056977563374e-08,5.8028301944991e-07,-1.55518373824112e-07,4.28725922548289e-07,9.57992689553719e-07,9.0905221850175e-07,-9.65294289585205e-07,6.11088297829759e-07,6.89242090519686e-07,6.75104762328536e-07,-2.36256015992305e-07,2.23177795837074e-07,-7.15958794297978e-08,3.49661008906857e-06,6.83716006836961e-07,1.00521914149848e-07,-5.84283766206982e-08,-2.54228363565074e-07,2.19995221508299e-08,6.25956294026194e-08,4.8552783982119e-08,-7.31298869741655e-09,1.53326711690612e-07,-3.07660778659072e-08,-6.69536230321939e-08,-1.44259083257788e-08,-1.51501094300236e-08,5.88426326927386e-08,-9.76667094416558e-07,-1.67748302762477e-07,-1.63339303862483e-06,6.91050255248634e-08,1.6590393051574e-06,-3.69841463889818e-06,-5.02339456023823e-06,5.29597072190606e-07,1.43383472073509e-06,-1.64113666724826e-07,8.23685346111011e-09,0.000382425880304229,-2.16760023128439e-07,2.17540232799079e-05,-2.02317441566747e-05,1.85791761679226e-06,2.3138999445318e-06,-4.86549178257865e-07
"north_west","beta14",2.92641652213281e-07,2.05853772583128e-06,2.40578416386288e-09,9.54101394748698e-08,1.67532890718855e-07,1.38075201840664e-07,-4.6006522620787e-07,5.7978076003152e-07,-6.12822310346259e-07,1.61025396343655e-06,-9.9224441188862e-07,1.34562682630418e-07,-3.6559679441725e-08,6.24967314814253e-08,7.92865277726295e-08,-3.92883881009064e-07,1.69806183009273e-07,1.63362051164585e-07,3.64129846529609e-09,1.48480700078955e-07,1.02075801503141e-07,1.39778710550797e-07,1.42746728518879e-07,1.07579568943966e-07,9.86604540722804e-08,1.95977618856639e-07,2.66788121519487e-08,2.36968891733593e-07,4.64006649399176e-08,1.40844165842889e-07,2.51822618180859e-08,1.2719657550953e-07,1.32978655476306e-07,-3.99722001010525e-08,-1.62071505173888e-08,-2.92476486975406e-08,5.21409063505235e-08,-4.12247594704025e-08,4.1605372546476e-08,-9.26470140431324e-08,-2.34738959826026e-06,-3.26423432509356e-07,-3.23599397326799e-07,-3.6920762514811e-06,-3.69598160724142e-07,1.44144451103443e-06,-1.91066111556181e-06,1.52171921529885e-07,-1.08844154031658e-06,2.54040759760134e-07,-3.52354751032e-07,1.20664504328415e-06,-3.75445799148136e-06,1.68855208779986e-07,-3.00690908760604e-07,8.11483264887984e-08,-7.86502060380753e-07,-5.41197305018894e-08,-3.45987022644608e-08,2.91709479729434e-08,-9.93323560416124e-09,-3.23375302291853e-07,4.39541654797509e-08,5.45251071539779e-08,-2.98054349102823e-08,6.89988530405408e-08,-1.34350965676019e-07,7.74522246736319e-06,3.29949392081868e-06,2.42180472104385e-06,-2.40447406630207e-06,-2.87555076570196e-06,4.36224101612534e-06,6.85701547675289e-06,-5.24387398545129e-07,-1.52385925256994e-06,6.28413851477816e-07,1.77951530412468e-07,0.000314904686717647,1.85587190179524e-05,-5.41879340582214e-05,4.56522419882756e-05,-8.61353963704019e-07,-5.08488784077193e-06,4.6656653187466e-07
"north_west","beta15",-7.60843700569021e-08,-1.19010895472035e-06,-1.49030570930668e-07,-1.9588858455431e-07,-1.84652768560019e-08,-7.09849759157016e-08,3.30413650000319e-07,-3.88522938393481e-07,5.17277410893562e-07,-9.9224441188862e-07,1.78008306896469e-06,1.05804991991886e-08,2.27121825690682e-07,1.93517098132035e-08,2.15773009717539e-07,7.27587781518689e-07,-1.66437799445989e-07,1.05563410846836e-07,-2.03625157881471e-07,2.23043874720661e-07,-6.64120166073443e-08,5.09835580639948e-08,-3.82686810722552e-08,-3.67408461020777e-08,1.44073231387202e-07,-4.53845011373951e-08,-3.54377440844156e-08,-1.61825471946384e-07,3.55602837873153e-07,1.00398099004141e-07,-4.21667941869597e-08,-1.19306757462933e-08,-4.45445306412647e-08,1.1376989895925e-07,1.37966795478631e-08,5.29330205597328e-09,3.48178187292904e-08,-4.13781093970017e-09,-5.28653952914618e-08,2.83685114104811e-08,5.46706713513238e-07,-5.65064740554124e-07,1.22248166711777e-06,2.69200839211935e-06,-1.78249095955479e-07,-1.89642876894995e-06,1.20824257149301e-06,-1.84430694301747e-06,3.02408931758237e-07,-5.32976306884332e-07,4.21524562658856e-07,-3.50589748125049e-07,2.45957418816174e-06,8.14912176942295e-08,-2.74298544107189e-07,2.8530638074588e-08,2.3537830731066e-06,4.28287864375796e-08,1.27811044811864e-07,2.43670180129106e-08,3.23673651034381e-08,2.9201234788588e-07,-9.38566323851625e-09,-1.28371506334671e-07,3.94805452808454e-08,-3.68302632257806e-08,1.44826639148892e-07,-8.78042319579904e-06,-3.8069232856373e-06,-2.0996204753991e-06,2.35712801129553e-06,2.77147883529092e-06,-2.58113001171881e-06,-4.08098680441976e-06,-2.08333266906214e-06,2.7076112910893e-06,-7.74431743564521e-07,-4.47736063376344e-08,-0.00020340441654233,7.30313628906413e-05,0.000199210198098455,2.27146202979296e-05,-5.63367813235685e-06,6.63002103778523e-06,-7.38399602524539e-08
"north_west","beta16",-9.29515079884717e-09,-1.79611056307786e-07,-1.11832342079573e-07,-1.40886684773531e-08,5.21369137054725e-08,1.33041982063487e-09,2.03194094702537e-08,-5.10113615499989e-08,-3.26415027110031e-08,1.34562682630418e-07,1.05804991991886e-08,2.20682753845336e-07,1.56386463283453e-07,2.86287311139086e-07,1.34728900040553e-07,-1.35311695892574e-07,1.0545986998618e-07,1.49637167888359e-07,1.31749634912888e-07,1.25326401875174e-07,1.0305872104855e-07,1.75764033436607e-07,1.27032818936221e-07,1.48478823623376e-07,1.87966688054079e-07,1.79439428227559e-07,3.53645412205641e-09,1.81938054228405e-07,2.37294668817418e-07,2.05730897458182e-07,1.05124349744772e-07,1.26856956519642e-07,1.81707129131541e-07,7.08380675205317e-08,2.19804630689508e-09,1.04243262242096e-09,1.9392026572144e-08,-6.42823689379007e-09,4.21166337565713e-09,1.16787173897448e-08,-4.57832941734234e-07,-2.43274869270261e-07,-9.24445385834556e-07,-8.43460196510309e-07,-2.48425077949379e-06,1.78738223361045e-06,-3.90632849328308e-07,-1.1088813239022e-06,4.51991029455186e-08,-8.24217307564442e-08,-2.10356821335962e-07,-4.51078637453165e-07,-3.90107459449064e-06,-4.90258332984862e-07,-2.31441321924836e-07,-1.19826864713307e-08,-1.21574951412647e-06,-2.68432305287009e-08,4.42623791159912e-09,-1.78823285278427e-08,3.00965860881471e-08,-9.84909503902914e-08,2.33391258119154e-08,-2.17828761602388e-08,3.08542830279126e-08,7.32311771989697e-09,5.31622097467265e-08,-6.22766323731525e-07,3.6189174490494e-06,3.72070864101045e-07,1.36019764502046e-06,-3.18105881375358e-07,4.04929249694927e-06,4.36755109812089e-06,-8.17354580733644e-07,5.29498995664314e-07,-3.34675106976329e-09,7.88300328178735e-08,-0.000815126088611411,3.87153974895473e-06,-7.82390882117122e-06,4.73273151247094e-06,-9.03217300814832e-06,3.41586751590091e-06,-6.53882703453877e-07
"north_west","beta17",-3.6078859989751e-08,1.88052039964807e-07,-2.0057677297539e-08,-7.15630745229332e-09,2.75065960763391e-08,5.22141984169016e-09,4.42434149705384e-08,-7.94487936443947e-08,-1.77880779257229e-08,-3.6559679441725e-08,2.27121825690682e-07,1.56386463283453e-07,2.78122145387008e-07,1.6184907341804e-07,2.40569348224198e-07,-3.13672962276702e-08,3.92583023017334e-08,1.79712282627175e-07,6.58679652657772e-08,1.57291849368095e-07,1.09969146331637e-07,1.76742408645159e-07,8.59649041154593e-08,2.04930182936693e-07,1.52397322025114e-07,2.1644288601258e-07,-1.40780041578655e-08,1.36513077476818e-07,2.86956044442032e-07,1.79524411135952e-07,1.07274614137074e-07,1.23046778974471e-07,1.54541386222677e-07,8.96592362126646e-08,1.50341054359291e-08,9.64926985116959e-09,-2.44999194916606e-10,1.58585405473064e-08,1.53238909746064e-08,5.99255786036022e-09,-5.99124123891505e-07,-2.39370291372513e-07,7.10558001135646e-07,1.33057742011161e-06,-9.52527331369458e-07,2.11991468779665e-06,-1.24101547028209e-06,-1.2996224597542e-06,1.13238538178601e-07,-2.47045912891365e-07,8.30812826759644e-08,-1.17007119258799e-06,-3.55180124243711e-06,-1.15213516962882e-06,-1.33552808166135e-07,-1.07360339587191e-08,3.20045178710095e-08,1.1207103850243e-08,2.93796644596644e-08,-4.06425693479367e-08,3.86234100774488e-08,6.22068650661784e-08,1.76778625930215e-09,-1.86852768543123e-08,4.67713537090959e-08,-8.82598502124206e-09,9.87568020561202e-08,-5.98530339516561e-07,-1.23726661570027e-06,-1.8601279544665e-07,1.96680289728923e-06,6.71260952069229e-07,3.66451029430818e-06,3.59239684440448e-06,-1.34107720144519e-06,1.50467991636636e-06,-2.99061797710007e-07,-5.10229311956306e-09,-0.00104156824847727,2.11057094656604e-05,1.52054391695722e-05,-7.34237532964611e-06,-1.01074181091584e-05,5.29276025606072e-06,-7.80960265384388e-07
"north_west","beta18",1.51693433546298e-08,-8.70093023582174e-07,-2.88931703161098e-07,-1.25967202733206e-07,3.77493689369412e-08,-4.99112940442099e-08,1.23761644521967e-07,-7.102011291991e-08,-8.86656316753925e-08,6.24967314814253e-08,1.93517098132035e-08,2.86287311139086e-07,1.6184907341804e-07,7.07275525593915e-07,-9.71380408282233e-08,-2.12024113963055e-07,1.95835710458466e-07,1.01118135735456e-07,2.63049747696699e-07,7.42811987035162e-08,8.84774002185698e-08,2.20841376856189e-07,1.09710151122228e-07,1.5452691799855e-07,2.12241399837939e-07,1.84027975869163e-07,2.35789716641998e-08,1.94356749077841e-07,3.14207886859234e-07,3.56025419415526e-07,9.25392527678625e-08,1.83810406013088e-07,2.40968653818922e-07,7.65773066946157e-08,8.16519154510933e-09,-3.36094573834614e-08,7.30641128179407e-08,-2.61744270268044e-08,6.14043562580957e-09,5.03493644491379e-08,-3.03801455822824e-07,-9.69907868598707e-07,-1.29060365297664e-06,-1.13482900677727e-07,-4.69473892141468e-06,4.2455236472263e-07,1.61485037484683e-06,-3.85474917644786e-06,6.49807946650579e-07,-2.23477850944494e-07,-1.20234455097236e-07,-9.5578050944817e-07,-6.57977499423311e-06,-6.92158489428216e-08,-1.54936448796061e-07,-1.08194290445494e-07,-2.38049153056523e-06,-3.45908260216261e-08,-1.33162645260322e-08,-9.13221197776666e-08,4.49514542101462e-08,-5.6698858500749e-08,5.55440194956136e-08,-5.41636507375749e-08,6.34687381134321e-08,-2.56634099848271e-08,1.69308806971598e-07,-2.32324442084441e-06,2.3574508530264e-06,6.3197186898282e-08,2.97012716543031e-06,-6.34504403037845e-07,7.74868465019276e-06,6.6310837548566e-06,9.87448894630569e-09,-3.272895032695e-07,1.33272111970326e-07,7.96957730295031e-08,-0.00123489895494001,-6.00008890142849e-05,1.33181696099068e-05,-3.27702376303997e-07,-1.20767885749908e-05,6.40919878390441e-06,-1.72647686595959e-06
"north_west","beta19",-2.74038091426464e-07,2.14709371926925e-06,-1.35259693578065e-08,1.47862107023827e-07,1.89082764609642e-07,5.37186116829241e-08,-1.22961379045524e-07,-2.38539630566108e-08,-5.39852952912659e-08,7.92865277726295e-08,2.15773009717539e-07,1.34728900040553e-07,2.40569348224198e-07,-9.71380408282233e-08,9.54062897691861e-07,-1.5201903176975e-07,6.64935029151027e-08,3.34563031099301e-07,5.82491143779824e-08,3.31862531005972e-07,2.30075317601945e-07,2.67445117843066e-07,2.10319858571987e-07,3.91561306947073e-07,2.82804450096124e-07,4.61381698201047e-07,-3.32494377476623e-08,2.44033436119695e-07,4.88103673839951e-07,2.06479550351774e-07,1.95288351031471e-07,1.56995041423394e-07,2.22011728598329e-07,1.45728232660017e-07,1.45315400912917e-08,3.27514003904465e-09,-3.3098966886352e-08,7.61507480197953e-08,-8.19866152275695e-08,-1.32017559906704e-08,8.27863366845426e-07,1.18613178650001e-06,-1.05996630551416e-06,-4.97771290451937e-07,-1.09415618164835e-06,-1.43317298023072e-06,-2.63967184074726e-07,-1.37196936427857e-06,4.19743606239507e-08,9.55303505860963e-08,-7.30809675277458e-08,-9.32934040515448e-08,-3.40891408402606e-06,-2.26060753703596e-06,6.54609422128668e-08,1.33954802398436e-07,-4.79500442418522e-07,-1.29460367629497e-08,-5.15855961997821e-08,-1.25958513251133e-08,-6.75556085704774e-09,-2.00086604761342e-07,8.95774552182479e-09,9.44278226554559e-08,3.29704155782949e-09,3.705986280583e-08,-8.93543727222931e-08,2.14479791436258e-06,4.74220182591264e-06,1.53387664293462e-06,8.1079875159611e-07,-9.74951738242427e-07,-2.11433785043953e-06,6.68922501018043e-06,-1.6006308017914e-06,1.75920274588868e-06,-4.16070920186084e-07,-5.64560697136972e-08,-0.000850740508215519,0.000606382933693159,4.14769705425454e-05,4.50879788982374e-05,-8.90017156045873e-06,-4.15805519676814e-07,5.65853418213642e-08
"north_west","beta2",-2.52314448162876e-07,-1.51179616345467e-06,-9.81552619216109e-07,-9.40843531250714e-07,-1.86583739153036e-06,-1.17564725222543e-07,1.79299583294654e-07,2.03579418809958e-07,6.27657245075844e-08,-3.92883881009064e-07,7.27587781518689e-07,-1.35311695892574e-07,-3.13672962276702e-08,-2.12024113963055e-07,-1.5201903176975e-07,1.34125324561243e-05,-9.58967900658447e-08,6.04391992943825e-08,-2.8113869346341e-08,1.17913694001059e-07,-1.7131531268775e-08,3.03948527133785e-08,2.42887637261623e-07,-5.15236839257083e-07,4.30565321538627e-07,-4.63947700003876e-09,-7.32268626499607e-07,-1.42461041876847e-07,2.65268779683561e-07,-7.18107286240934e-07,-3.86480880311207e-08,-4.40686863313323e-07,-1.05980919638532e-07,-8.76926484974763e-07,3.82543346423093e-07,-2.48713675842929e-07,2.00909896782673e-07,-1.63964867879999e-07,7.83001645298503e-08,2.37030940178778e-07,-4.60209367782264e-07,3.65590651173326e-06,4.96173959334996e-06,4.73831964865385e-06,3.15342346716858e-06,2.13440638799816e-06,1.31435083107988e-07,-3.13991412616209e-07,2.45231684200496e-06,-3.73901433878339e-06,1.36049310194546e-06,-4.05894334669758e-07,-4.33323062615222e-06,-2.0983355676883e-06,-2.21841796468303e-06,-8.47015097609301e-07,1.79444041339416e-06,1.61027541676291e-07,2.54536832529151e-07,2.78861786135329e-07,4.81897191751114e-08,5.38592296371988e-08,-4.00933976626558e-08,-5.23163968063072e-08,1.58733721184251e-07,4.03957336566001e-08,1.93782040955098e-07,-2.20036689194344e-05,-1.81086066325428e-05,4.96787410747655e-07,6.0417466784842e-06,-9.67463438946796e-06,1.24595889487405e-05,2.2560873868926e-06,1.77395808472889e-05,-1.05221771761506e-05,8.64154598617868e-07,-2.62758895260776e-08,0.000654744316910676,-0.000500384504279226,0.000345219748973644,-0.000128011427121025,6.30748629889799e-06,-6.18859597523544e-06,9.66017109966611e-06
"north_west","beta20",-1.38801113906937e-07,1.63756464430033e-06,-5.90065784703085e-08,2.87037116708759e-08,-2.80948229941218e-08,-4.6184275462994e-08,-5.26717186551629e-08,3.26074768388123e-08,-1.2314576037795e-07,1.69806183009273e-07,-1.66437799445989e-07,1.0545986998618e-07,3.92583023017334e-08,1.95835710458466e-07,6.64935029151027e-08,-9.58967900658447e-08,7.81411628482261e-07,1.48925439061851e-07,7.96047704047012e-07,1.3173959129986e-07,4.03915362979509e-07,4.45413214314637e-07,5.0055332933569e-07,3.97983293906881e-07,6.58425450366745e-07,5.21055096989735e-07,4.56526328716226e-10,5.56998620560568e-07,6.70947307714322e-07,2.50452026332649e-07,3.45671323802651e-07,1.29640747574904e-07,4.34958633783027e-07,5.67262005935623e-08,6.87196121246633e-09,-2.77173052298579e-08,-2.26032983155742e-08,4.64870752897777e-08,-1.21326407089948e-07,1.02775054489439e-07,-3.75762640940875e-07,-1.48961898282101e-06,-1.71104601640941e-06,-2.42859041719334e-06,-4.14094681416931e-06,1.12896098838505e-06,-1.70561858495778e-06,2.08719261982228e-06,-1.63930483261087e-07,-9.13308898076406e-08,-9.50927156380842e-08,5.30935479169612e-07,-2.28803255721903e-06,7.86157761942123e-07,1.06825704735236e-07,1.6378678033234e-07,5.59976432642559e-07,4.5863936829801e-09,-1.51423011895516e-07,-1.52308581289256e-07,-9.54887219143223e-09,-5.64583705716184e-07,-1.55030561895143e-08,1.18051893095659e-07,4.61753706353167e-09,1.72752892826097e-08,-5.77717811117055e-08,-2.30691675020549e-06,4.64012727372123e-06,9.30719657812527e-07,1.72324577257143e-06,1.2577689204161e-06,-2.55559684219814e-06,4.61390231856326e-06,-3.61768478971706e-06,4.17369435391055e-06,-5.48279496309829e-07,-8.85072053050846e-08,-0.00045363443676972,-6.95199509861789e-05,5.45616502326183e-05,-6.53913618713335e-06,-4.51074726342193e-06,-1.46586000323514e-05,2.66269130889692e-06
"north_west","beta21",-1.24397300998033e-07,-4.05877197952295e-07,-6.73046291614878e-08,4.19985185366965e-10,2.61659256097151e-08,3.2480071155963e-08,-3.51221376818899e-08,4.59358140160033e-09,-6.46948994590959e-08,1.63362051164585e-07,1.05563410846836e-07,1.49637167888359e-07,1.79712282627175e-07,1.01118135735456e-07,3.34563031099301e-07,6.04391992943825e-08,1.48925439061851e-07,4.52033157657609e-07,-8.63529621771546e-09,4.46785063897119e-07,2.07159051815587e-07,3.58819767714096e-07,3.00408415406338e-07,3.24036350419287e-07,4.38496490559396e-07,3.78403941430985e-07,-3.11622033142375e-08,3.62805503738374e-07,4.39248666971327e-07,1.84861136646219e-07,1.97244487187693e-07,1.91431665927258e-07,2.26808696852177e-07,1.71952786609387e-07,1.95194698282699e-08,9.09082783429401e-09,-1.31012464857449e-08,2.66740190231427e-08,-9.01801642959063e-09,-5.32880173043246e-09,1.38573753775614e-07,-2.84788383281516e-07,-8.5889040683397e-08,-3.78931116242962e-07,-1.53964833604655e-06,1.20129205842176e-06,-1.48425622391652e-06,-1.12962837600615e-06,-1.23705191890639e-07,-1.85661763801729e-07,-2.80599619263855e-07,-5.35685884152335e-07,-6.4735750674186e-07,-1.3324501237115e-06,-1.81169601650127e-07,2.22431180503139e-08,-1.22435731926257e-06,2.98606757030101e-09,-4.19756292377323e-08,-3.98966545078872e-08,2.32577940142079e-08,-1.92569370231843e-07,-6.14506380687869e-10,5.11491698758834e-08,9.95524096647471e-11,2.70681783104527e-08,-8.84818238294219e-09,-9.78516194347694e-07,2.97711647872503e-06,2.82463724068162e-07,1.54702083259057e-06,1.47403353730088e-06,1.79434757439775e-06,-6.76168924048058e-07,-8.81243506787071e-07,7.47763824326467e-07,-2.67450365416481e-08,-5.1678887372435e-08,-0.000669066532832255,-0.000112978277362715,1.37999913540608e-05,-4.07563518894873e-06,-7.53654136356438e-06,-4.78611187934353e-06,1.4140737719652e-06
"north_west","beta22",-2.30219355822093e-07,1.25803428790078e-06,-8.95100436327825e-08,-1.85904833534595e-08,-3.03500194683297e-08,-1.12363468581942e-07,4.66237360909883e-08,-1.59087143922002e-09,-1.76948452444099e-07,3.64129846529609e-09,-2.03625157881471e-07,1.31749634912888e-07,6.58679652657772e-08,2.63049747696699e-07,5.82491143779824e-08,-2.8113869346341e-08,7.96047704047012e-07,-8.63529621771546e-09,1.85490570658928e-06,-9.63576402468245e-07,6.68308107670394e-07,4.24429605375327e-07,5.70991880531723e-07,3.42212606110338e-07,8.12610999236965e-07,5.01114721022083e-07,1.41194993200114e-08,6.68001791377663e-07,6.03806966196476e-07,3.10402544217327e-07,3.20491464340681e-07,1.20556230858163e-07,4.58870984511025e-07,8.8625746946143e-08,-1.33732783532969e-08,6.66057526957325e-09,-3.27506015089287e-08,4.57989639108568e-08,-1.24403436101928e-07,1.69154703705555e-07,-9.54405375854016e-07,-1.63035526913409e-06,-3.75090504096474e-06,-8.53409447416166e-07,-5.40660880152771e-06,2.35404931221827e-06,-4.08012646914074e-07,5.33481047867117e-07,-1.01333559907677e-06,3.65252800419576e-07,-7.15706489120319e-08,-5.93776527958389e-08,-1.1230305839757e-06,8.17916743036011e-07,1.09812144307388e-07,2.19390789264762e-07,-4.55007336602142e-07,4.38833582029956e-08,-1.82942079958178e-07,-2.66308458137958e-07,9.06949095928178e-09,-7.3091875161633e-07,-1.12916354609697e-08,1.19893044086752e-07,6.33144221824865e-08,-3.15727490141938e-08,4.50927881871969e-08,-3.14604074090301e-06,6.89419112237174e-06,-2.28030012869347e-06,3.43853320187627e-06,-3.8513382924588e-06,4.85422515011845e-06,3.04227778467447e-06,-2.97148620060497e-06,3.49985912813911e-06,-9.11859443860929e-07,-1.41045693190738e-07,-0.000845087519673635,-0.00020721418881232,3.09556974129659e-05,-7.92793633654373e-06,-6.15024360774087e-06,-1.418368703093e-05,3.18626900696629e-06
"north_west","beta23",-2.52336888298068e-07,9.15303523564858e-08,-4.55486202583829e-08,3.91214109001107e-08,-4.24045169568747e-08,3.96221720333562e-08,-6.59744719095461e-09,-2.8024244883705e-08,6.59004747790771e-08,1.48480700078955e-07,2.23043874720661e-07,1.25326401875174e-07,1.57291849368095e-07,7.42811987035162e-08,3.31862531005972e-07,1.17913694001059e-07,1.3173959129986e-07,4.46785063897119e-07,-9.63576402468245e-07,2.22757937695668e-06,-4.93380871339173e-07,6.05560762304437e-07,8.26886312291471e-08,4.42830852807864e-07,3.05264620987613e-07,4.11675015772295e-07,-5.54994232245657e-08,1.80795198523572e-07,5.68698928542232e-07,3.78320708053707e-08,1.74857164333045e-07,1.63436099483239e-07,1.24792631964286e-07,7.75934107270654e-08,5.98369177129691e-08,-4.06025763649363e-08,1.01605499659903e-08,6.20867583576713e-08,-6.47325475358525e-08,-3.39717594885803e-09,5.15751651059569e-07,1.0076920039005e-06,7.92622971745945e-07,2.7076023475966e-06,3.82807530745993e-06,8.90614950586407e-07,-2.51076202918838e-06,-6.20462076043647e-07,7.56395057619951e-07,-1.06883112261712e-06,-7.77392919429341e-08,-1.11661782206438e-06,7.08304392864467e-07,-2.05247606140313e-06,-1.85780439787031e-07,-6.0396236676385e-08,-4.73879503615655e-07,-1.90989358103476e-09,-3.41398917965802e-09,2.28903397065808e-08,1.01336340894277e-08,-1.06414848928906e-07,-6.35575165011268e-09,5.82605255341136e-08,-7.07066731639077e-08,8.10674665943338e-08,-8.61932622440365e-08,3.58484396598346e-07,9.13147396186574e-07,-2.2599982995445e-06,-8.73564190776341e-07,6.34082760786561e-06,-3.19018708636917e-06,-3.62927316767912e-06,7.11542828438925e-07,-1.61118664361006e-06,9.85665844761409e-07,-1.13776514865885e-08,-0.000360282832499836,-1.59838459908148e-05,0.000117728404441166,-2.69236722455939e-05,-5.83973071072486e-06,-4.04946511801515e-06,1.9152600057643e-06
"north_west","beta24",-2.1422521341284e-07,4.33420106679928e-07,-1.00874632820526e-08,4.51120488223279e-08,8.85087673687743e-08,-9.22299703730472e-09,-3.80876476905116e-08,2.11899381621613e-08,-1.29773074997873e-07,1.02075801503141e-07,-6.64120166073443e-08,1.0305872104855e-07,1.09969146331637e-07,8.84774002185698e-08,2.30075317601945e-07,-1.7131531268775e-08,4.03915362979509e-07,2.07159051815587e-07,6.68308107670394e-07,-4.93380871339173e-07,7.10190401400221e-07,6.79357971437311e-08,5.23647674123041e-07,2.00747882403616e-07,5.66383075763689e-07,3.52283734035383e-07,-7.2017343896185e-09,4.63105992447729e-07,4.65107920542161e-07,2.40616494404412e-07,2.4903584112189e-07,1.03234439834408e-07,3.23674505706341e-07,1.71528198794838e-07,-1.22024439984607e-09,-3.72975503349702e-09,8.19142018925898e-09,1.15938581236663e-08,-4.68396595656102e-08,3.55467595461643e-08,2.00507783322577e-07,-7.30325810535881e-07,-1.33727966457169e-06,-2.48458187826621e-06,-5.37705974206199e-06,1.18964241109872e-06,-2.85494901687549e-07,-6.97857056718552e-07,-3.51074312499679e-07,1.41615877733554e-07,-2.22366626409008e-07,4.6278203563094e-08,-3.3906263414173e-06,-2.39784172896471e-07,6.68878637934926e-08,9.20895610783321e-08,-8.09871947182877e-07,-7.24949043207492e-09,-9.46778792155019e-08,-9.49506806533991e-08,2.20052368177333e-08,-3.53629598300576e-07,4.46798199469789e-09,5.2537585850433e-08,2.89967775009886e-08,6.30351409588569e-09,-3.10123109671066e-08,-2.25267015077648e-06,5.15555322029518e-06,1.39986096379024e-06,2.91474257034912e-06,-9.60848414571086e-07,3.49645627258736e-07,6.42172805216586e-06,-1.75230883609923e-06,2.3634438738262e-06,-5.24261512657995e-07,-4.57493967692415e-08,-0.000613771779588774,-5.57663834341262e-05,1.58876482946729e-05,2.62678270218252e-05,-5.59530917231314e-06,-8.13055312321905e-06,1.29440365495315e-06
"north_west","beta25",-1.31896744912876e-07,6.16124007635333e-07,-2.8069886049705e-07,-5.07153077046489e-08,-3.22432333043312e-08,-4.51856646519849e-08,1.156660791451e-08,8.02707460410532e-09,-1.12561617951283e-07,1.39778710550797e-07,5.09835580639948e-08,1.75764033436607e-07,1.76742408645159e-07,2.20841376856189e-07,2.67445117843066e-07,3.03948527133785e-08,4.45413214314637e-07,3.58819767714096e-07,4.24429605375327e-07,6.05560762304437e-07,6.79357971437311e-08,7.65568943369029e-07,2.12995566304255e-07,6.03295493316775e-07,5.83458243801479e-07,6.09187505459733e-07,-3.18450046751726e-08,4.64016056209326e-07,7.37225732123103e-07,1.1848258769387e-07,2.96034052551667e-07,1.59800338600172e-07,2.96481815029177e-07,1.24871555454354e-07,2.84871038973238e-08,1.78437284293948e-09,-5.86773933961851e-08,7.28370791644923e-08,-9.52536269481791e-08,9.29406531954839e-08,-4.575277234062e-07,-1.17279827892016e-06,-1.10847200267077e-06,9.44973517138172e-07,-1.673091731403e-06,2.02453339447908e-06,-1.80218764151234e-06,6.69846279772393e-08,-3.2730708937981e-07,-3.43585373511794e-07,-1.38749031107871e-07,-3.62002829208701e-07,2.4296893364396e-06,-5.19122105202503e-07,-2.05309593897603e-07,6.57743759240215e-08,-6.56024654547449e-07,3.34635378589081e-08,-9.07457404041371e-08,-1.25842119588919e-07,1.12835413578878e-08,-3.64321952296422e-07,-4.6516712540381e-09,9.62197777392961e-08,2.06368875329619e-08,1.27889456583471e-08,5.18543276648567e-08,-2.09554037213593e-06,2.97360812761522e-06,-2.15989364922151e-06,2.39948019257216e-06,-1.30756394782951e-07,8.95500456185616e-08,-3.45044988203092e-06,-1.55322711478314e-06,1.64869511444985e-06,-1.26928571429295e-07,-1.21742114482145e-07,-0.000867255900224049,-0.00016548104543257,0.000115702982115166,-1.99580789127047e-05,-8.82007137929475e-06,-8.56260529442051e-06,3.61005007194841e-06
"north_west","beta26",-2.10398271100728e-07,8.22115612649523e-07,-9.31980529526185e-08,3.7471161580101e-08,-2.36883622886764e-08,-4.77771015535849e-09,-5.37521391087304e-09,-1.81402261894332e-08,-5.43264791669214e-08,1.42746728518879e-07,-3.82686810722552e-08,1.27032818936221e-07,8.59649041154593e-08,1.09710151122228e-07,2.10319858571987e-07,2.42887637261623e-07,5.0055332933569e-07,3.00408415406338e-07,5.70991880531723e-07,8.26886312291471e-08,5.23647674123041e-07,2.12995566304255e-07,8.2715631837821e-07,-4.29331232632955e-09,9.11137222021067e-07,3.61644619331075e-07,-2.81338361753456e-08,6.23339892647818e-07,5.57002832944162e-07,3.11083442140433e-07,2.79633411199209e-07,1.60993065533934e-07,4.08013858194296e-07,1.17079901247985e-07,1.31123668181348e-08,-1.47177557007179e-08,-2.35588711956187e-10,3.40855321378212e-08,-6.55457542388636e-08,4.33991433942961e-08,-1.0574266881803e-06,-5.36372230429226e-07,-1.40418121371195e-06,-2.42888802628983e-06,-3.50660501838307e-06,1.50117043905771e-06,-9.07613654581187e-07,-6.32848798941051e-07,-1.06521651969504e-07,-1.76987388148139e-07,-2.89882749964858e-07,1.00115029041956e-07,-1.36699936812472e-06,-1.5581972543414e-07,1.48667154030542e-08,1.3276669431278e-07,-4.5713016928713e-07,7.8586613214287e-09,-1.2697369491162e-07,-1.50302685600208e-07,1.70583916772278e-08,-5.06714273418866e-07,-1.929495152773e-08,8.62419782774602e-08,-1.74602023982787e-08,2.38491268246525e-08,-5.14344478043363e-08,-1.41407588712893e-06,6.13366635670487e-06,-2.18361210021857e-07,1.63555332982077e-06,3.32021363463566e-07,-2.69136890985346e-06,4.11029080348927e-06,-1.99546526979205e-06,1.90866671921395e-06,-4.32382995855475e-07,-5.27106548843255e-08,-0.000461359464693705,-0.000160287612524912,3.01246945884806e-05,-5.72323604258302e-06,-5.22826389050605e-06,-1.18254544447267e-05,1.89766538279089e-06
"north_west","beta27",-2.87242516550941e-07,-5.11381033060963e-07,6.44116137155373e-08,6.20518673204127e-08,4.0780666169914e-08,2.07597915663841e-09,-6.46046039423786e-08,-1.23828985212145e-08,-1.20347254937337e-07,1.07579568943966e-07,-3.67408461020777e-08,1.48478823623376e-07,2.04930182936693e-07,1.5452691799855e-07,3.91561306947073e-07,-5.15236839257083e-07,3.97983293906881e-07,3.24036350419287e-07,3.42212606110338e-07,4.42830852807864e-07,2.00747882403616e-07,6.03295493316775e-07,-4.29331232632955e-09,1.21213956572754e-06,-2.13860768769519e-07,9.83985785673402e-07,3.11312727200412e-09,2.95370929123335e-07,7.12970540393691e-07,1.00899011312552e-07,3.68027258411572e-07,1.13072257558494e-07,3.68484620356528e-07,7.3102316970151e-08,7.20999645931525e-09,1.9092100165893e-08,-6.28178342527183e-08,7.41633582809327e-08,-7.73480010926486e-08,4.46629551105453e-08,7.46060818670985e-07,-1.02538008686503e-06,-1.35442955986256e-06,-2.32326563978844e-08,-4.21447570420425e-06,1.99175716574141e-06,-2.28549555137627e-06,1.19219183023594e-06,-5.15452708421428e-07,2.1257344235359e-07,-1.99834118658684e-07,-6.48484377596542e-07,3.14980773634649e-06,-8.64585705020558e-07,-9.47947292773832e-08,1.04066131112654e-07,5.84993335946308e-07,-2.35714193018304e-08,-7.42576012056601e-08,-3.01004944530441e-08,1.76883115620771e-08,-2.84665272574881e-07,5.8532625815162e-09,1.01868447982695e-07,3.05971539335539e-08,2.65799342708162e-08,-7.27012758555275e-08,-1.84261273133933e-06,3.85032630053785e-06,3.93604607360789e-07,3.274828982409e-06,1.89545679386665e-06,-4.7461999301194e-06,-2.67519363458498e-06,-2.25735000907071e-06,2.54822798712349e-06,-6.55628777676029e-08,-9.64208301906299e-08,-0.000992676590882213,4.945426695214e-05,4.65941672451498e-05,-1.49997444767255e-05,-9.09864222900654e-06,-6.06923194740132e-06,1.43483907074039e-06
"north_west","beta28",-3.19503878320501e-07,2.99467547369223e-06,-5.07255639369584e-07,-3.71355989807767e-08,-5.18947992932078e-08,-5.94211206310974e-08,5.86471004850199e-08,9.01395206959628e-09,-1.16424020234723e-07,9.86604540722804e-08,1.44073231387202e-07,1.87966688054079e-07,1.52397322025114e-07,2.12241399837939e-07,2.82804450096124e-07,4.30565321538627e-07,6.58425450366745e-07,4.38496490559396e-07,8.12610999236965e-07,3.05264620987613e-07,5.66383075763689e-07,5.83458243801479e-07,9.11137222021067e-07,-2.13860768769519e-07,2.25856798677757e-06,-2.26888836812917e-07,-6.25452999452003e-08,1.12099775923871e-06,7.34717094453411e-07,2.5067513324193e-07,2.99375461628496e-07,2.28605253826974e-07,3.64413154637484e-07,2.5093828026662e-07,4.09658752233861e-08,-3.91418251645546e-08,1.1275074212874e-08,6.7114742328727e-08,-1.48156785503421e-07,1.16922549087135e-07,-1.54933153695974e-06,-6.14115164353388e-07,-4.507226826426e-07,-5.13072582090489e-07,-1.31846812384735e-06,4.30369936250807e-07,-3.78976073312828e-07,-2.12136296050915e-06,-3.46074535619562e-07,-9.3010849405846e-07,-1.22473920258759e-07,-2.32106690806664e-07,-1.94130101697002e-06,-5.10093499150843e-07,-2.1316847583249e-07,1.28819794146715e-07,-2.41219656942782e-06,6.08088665735394e-08,-1.70464425075313e-07,-2.26624309983923e-07,2.07195116838276e-08,-7.13235520539662e-07,-8.70615991694664e-09,1.05704117423906e-07,-3.72557307848145e-09,2.79853088024752e-08,1.26675278997801e-08,-4.88481913258346e-06,2.99137389102079e-06,-1.90501046525998e-06,2.104269898035e-06,-6.13971144354045e-08,-8.30459284507761e-07,4.23378329636478e-06,-1.86498817446925e-06,1.81939257305888e-06,-6.49947186163895e-08,-1.31714612517754e-07,-0.000801880372068284,-0.000344015679682807,0.000121360960867956,-1.47777901024597e-05,-8.56478873274779e-06,-1.60041225932441e-05,5.98963991973388e-06
"north_west","beta29",-2.91213564977908e-07,-8.63945723702073e-07,2.81012411136505e-07,2.81614358402121e-08,-1.82100173569032e-08,-1.53058989598016e-08,-5.3767449244237e-08,8.86311681767036e-09,-1.28132945617428e-07,1.95977618856639e-07,-4.53845011373951e-08,1.79439428227559e-07,2.1644288601258e-07,1.84027975869163e-07,4.61381698201047e-07,-4.63947700003876e-09,5.21055096989735e-07,3.78403941430985e-07,5.01114721022083e-07,4.11675015772295e-07,3.52283734035383e-07,6.09187505459733e-07,3.61644619331075e-07,9.83985785673402e-07,-2.26888836812917e-07,1.64807379502632e-06,-9.42223404396736e-09,6.41537268818577e-08,1.19690264729149e-06,3.05724142631427e-07,4.65565265021735e-07,1.75201858139731e-07,5.08908477304164e-07,1.92442083986843e-07,1.00035514219766e-08,1.94829083119811e-08,-7.81552515203375e-08,6.119130044612e-08,-5.15938733088521e-08,5.1870659281402e-08,7.95829855399716e-07,-1.24810692799711e-06,-2.80851056007598e-06,-4.14164362090546e-07,-5.28054127192797e-06,4.21910977495898e-06,-2.40869539636852e-06,3.24996226650185e-07,1.10990142510917e-07,3.47638800655819e-07,-2.5687082178808e-07,-1.5863198084197e-07,4.28860325159847e-06,-8.71059384737954e-07,9.62066868935271e-09,9.33166432675338e-08,1.24588903592476e-06,1.07598525100585e-08,-1.12982361122107e-07,-1.49384420814907e-07,1.7381299368542e-08,-3.25649536794557e-07,-1.24216091844903e-08,1.63858085035553e-07,4.39884137650274e-08,4.2325471944818e-09,3.82583195632781e-08,-1.13650884515131e-07,9.09045905278521e-06,-2.93195947431705e-06,4.40313101045818e-06,-1.95368658481054e-06,-3.70282135468699e-06,-3.31214793525433e-06,-6.52024118829416e-07,1.4093063949366e-06,-9.56973706600247e-07,-2.13529773773979e-07,-0.00097868694025244,6.14806021081701e-05,0.000167202351912064,-1.00546868837251e-05,-9.74003892506226e-06,-8.75231514139133e-06,2.36548275011552e-07
"north_west","beta3",4.98466422756438e-08,-6.06173240633835e-07,1.62163993587254e-07,-4.40624510992263e-09,-1.45937853045561e-08,-1.91166825787154e-09,-1.47108795463887e-08,9.32225084498177e-09,-5.69603237888241e-09,2.66788121519487e-08,-3.54377440844156e-08,3.53645412205641e-09,-1.40780041578655e-08,2.35789716641998e-08,-3.32494377476623e-08,-7.32268626499607e-07,4.56526328716226e-10,-3.11622033142375e-08,1.41194993200114e-08,-5.54994232245657e-08,-7.2017343896185e-09,-3.18450046751726e-08,-2.81338361753456e-08,3.11312727200412e-09,-6.25452999452003e-08,-9.42223404396736e-09,1.16166125648356e-07,-2.84694950048826e-08,-2.46678570502927e-08,-5.04624857750025e-09,-1.27028554792665e-08,-4.34029192333823e-08,-4.53549377581214e-09,-2.2096936256549e-08,-7.61677184494287e-08,6.97293201124172e-08,-5.86581630070505e-08,2.79806547597047e-08,-2.99005523254699e-08,1.1085132427059e-08,-5.8850445771473e-07,-2.77050319601081e-07,-1.64595995324112e-07,-4.00338593737045e-07,-2.07342498823473e-07,-4.41297513464569e-07,3.49990522486451e-07,4.45548737113954e-08,9.50988262548809e-09,2.68265853097291e-07,-8.06888417729256e-08,7.39035886623029e-08,-2.56380735629399e-07,3.04565501389116e-07,1.39475198197237e-07,3.13519159503162e-08,8.99585751865336e-07,-1.64154821360035e-09,7.72403594006789e-09,-6.10422430017735e-09,8.21477499101258e-09,3.38379606758919e-08,-1.07901249935584e-09,-9.36701551714113e-09,5.19969679792181e-11,-8.25021816788184e-09,5.1215095721765e-09,7.5934158665337e-07,3.18585098960969e-07,1.8304086269653e-07,-1.85040636627102e-07,1.03326023317791e-06,-1.12865273724734e-06,6.52835793259121e-07,-7.57143950942437e-07,7.61357206720538e-07,-1.32317693024287e-07,-6.58489826909257e-09,2.5952273535817e-05,2.5817364663493e-05,1.17837277671318e-05,-1.72572317013778e-05,9.43086062526847e-08,6.48627258839564e-07,8.62807842328757e-08
"north_west","beta30",-1.34806764879628e-07,2.5815361277651e-07,-4.1838050389992e-07,6.65542922854511e-09,-1.57948289289446e-08,2.9549202856379e-09,-5.88481383777353e-08,8.89384244788416e-09,-1.65019819800963e-07,2.36968891733593e-07,-1.61825471946384e-07,1.81938054228405e-07,1.36513077476818e-07,1.94356749077841e-07,2.44033436119695e-07,-1.42461041876847e-07,5.56998620560568e-07,3.62805503738374e-07,6.68001791377663e-07,1.80795198523572e-07,4.63105992447729e-07,4.64016056209326e-07,6.23339892647818e-07,2.95370929123335e-07,1.12099775923871e-06,6.41537268818577e-08,-2.84694950048826e-08,1.12332428623782e-06,2.57638687697716e-07,1.46504144477863e-07,2.56987174052624e-07,1.56311641624987e-07,3.43743715047544e-07,1.10135697348919e-07,1.70085779763012e-08,-1.64720512773504e-08,-1.12551514537626e-08,4.79709822903628e-08,-9.12372441252899e-08,6.28270258388741e-08,-1.26798666311041e-06,-1.37195844430758e-06,-7.60824041824632e-07,-1.34164328011873e-06,-5.40704882746445e-06,6.84324321085276e-08,-1.05499458888779e-06,3.06220503589634e-07,-7.72804548670173e-07,-1.10028315807838e-07,-2.70369273589689e-07,1.84831548565577e-07,-6.51757275745754e-06,6.00224189158099e-08,-2.18377566176837e-07,1.42439286687705e-07,-1.0737940935839e-06,-3.30566789039016e-08,-1.32008809836075e-07,-8.80892611615581e-08,3.20126992252414e-08,-5.94070530125144e-07,7.39863493823862e-09,6.09057499140981e-08,-1.45946663206369e-08,4.99913908222784e-08,-1.23613278561602e-07,-1.8992460589437e-06,3.19149079985156e-06,8.41315910579331e-07,3.91471433950437e-06,1.48627953487047e-06,-3.72634719391875e-06,1.18460903897568e-05,-3.06475472596146e-06,3.57018208051669e-06,4.22734013524121e-07,5.58306719291803e-08,-0.000860351150729665,-0.000199729802544088,-6.00198507484651e-05,-2.32967177420416e-05,-8.48938810803367e-06,-1.18750588698927e-05,5.30387820268908e-06
"north_west","beta31",-6.12776540651048e-07,2.43930824304166e-06,1.36928643539344e-07,-1.34537983428365e-08,8.65041243772714e-08,-1.10667502771427e-07,1.33083373662685e-07,-2.64716016488639e-08,-9.57896766358203e-08,4.64006649399176e-08,3.55602837873153e-07,2.37294668817418e-07,2.86956044442032e-07,3.14207886859234e-07,4.88103673839951e-07,2.65268779683561e-07,6.70947307714322e-07,4.39248666971327e-07,6.03806966196476e-07,5.68698928542232e-07,4.65107920542161e-07,7.37225732123103e-07,5.57002832944162e-07,7.12970540393691e-07,7.34717094453411e-07,1.19690264729149e-06,-2.46678570502927e-08,2.57638687697716e-07,1.91907431166948e-06,6.36115066385813e-07,5.50479289223281e-07,2.86256037419628e-07,6.70400407606198e-07,2.55083849636848e-07,3.32566672415295e-08,-2.84742572738685e-08,-1.91302276387957e-08,9.06062088849891e-08,-1.62456874383391e-07,1.24053363355951e-07,6.50801931775367e-07,-7.01543162626595e-07,-3.59085877447809e-06,-6.21565442153057e-07,-3.78979285845192e-06,5.17217753401969e-06,-1.42629387478416e-06,-2.05563530232396e-06,6.46337683055579e-07,-4.63706777910125e-07,-3.39451562775992e-07,-7.92839547427633e-07,-8.75886072364574e-06,-1.24522160093618e-06,4.97647592174599e-07,-8.85014680744369e-08,7.04971300878039e-07,1.18403772942459e-07,-5.38670612060242e-08,-2.75633202277944e-07,9.77112371959855e-09,-1.9018843641582e-07,-5.0197096432695e-09,1.23135375213014e-07,8.88180212305336e-08,-5.50183514150663e-08,2.8321484559496e-07,-4.63538096831421e-06,9.367531480333e-06,-3.42694840343184e-06,2.56884298732344e-06,-2.07527210754796e-06,-8.35050830691666e-07,1.47462879639219e-05,8.66763112812467e-07,5.02917000275041e-07,-1.48215845759582e-06,-3.13575127147556e-07,-0.00118228819414899,-6.40462714343197e-06,0.000435475567477801,3.97296488505376e-05,-1.27043123408111e-05,-1.01178192159879e-05,-1.66580414490478e-06
"north_west","beta32",1.69414932987097e-08,3.52212160460421e-06,-1.09489695864243e-07,2.41310635442135e-08,3.16361496257564e-07,-5.58315721233664e-10,-4.30516929738028e-08,-5.58735411754522e-08,-2.77812629582551e-08,1.40844165842889e-07,1.00398099004141e-07,2.05730897458182e-07,1.79524411135952e-07,3.56025419415526e-07,2.06479550351774e-07,-7.18107286240934e-07,2.50452026332649e-07,1.84861136646219e-07,3.10402544217327e-07,3.78320708053707e-08,2.40616494404412e-07,1.1848258769387e-07,3.11083442140433e-07,1.00899011312552e-07,2.5067513324193e-07,3.05724142631427e-07,-5.04624857750025e-09,1.46504144477863e-07,6.36115066385813e-07,2.61498706589366e-06,4.15233237218276e-07,1.41490844279763e-06,1.09149190480208e-06,1.08576653696812e-06,-1.07527711508685e-09,9.29426785248301e-09,2.39688280523178e-08,-1.99764957796716e-08,-1.00763333560597e-08,7.05549841987572e-08,3.75824076059699e-06,1.44426237942451e-06,-1.96866187570819e-06,-1.21555398167567e-06,-7.24320150564472e-07,4.32523251970042e-06,-3.02223283317325e-06,-2.05079906461677e-06,1.6070911098308e-07,1.0905454549628e-06,-4.03125007414634e-07,1.3858088764424e-07,-1.1485343102844e-05,-1.87230834789228e-06,-9.66757965187332e-08,-7.30119789471405e-08,-1.97090852180063e-06,-4.20286488366394e-08,2.34976755529078e-08,-7.04875654930493e-08,-6.24854831215676e-08,2.62041161148885e-07,5.33939638660582e-08,1.38648588842914e-08,3.14815161173133e-08,-6.43866624938332e-08,1.1184476811467e-07,-8.85747742116512e-07,3.99255773894114e-06,1.30569424456378e-06,-9.38215822994944e-07,3.12668411471747e-06,3.04151306253408e-06,1.28422405174993e-05,-3.25404730371644e-06,2.60311459619987e-06,-2.27985115160116e-06,3.10511949881088e-08,-0.000867109938211481,0.000176380552801152,-0.000555342084718032,5.93109208967301e-05,-9.69080996506013e-06,1.23565379481267e-06,-3.0391975377311e-05
"north_west","beta33",2.66500324861478e-08,1.04105675264799e-06,-4.70808224280625e-08,1.21516268289782e-07,4.55174072499187e-08,1.28389707634153e-08,-1.41137142339767e-07,3.95359732265076e-08,-9.52891396501512e-08,2.51822618180859e-08,-4.21667941869597e-08,1.05124349744772e-07,1.07274614137074e-07,9.25392527678625e-08,1.95288351031471e-07,-3.86480880311207e-08,3.45671323802651e-07,1.97244487187693e-07,3.20491464340681e-07,1.74857164333045e-07,2.4903584112189e-07,2.96034052551667e-07,2.79633411199209e-07,3.68027258411572e-07,2.99375461628496e-07,4.65565265021735e-07,-1.27028554792665e-08,2.56987174052624e-07,5.50479289223281e-07,4.15233237218276e-07,7.21706750499389e-07,5.67734251259757e-08,7.41734992298492e-07,1.8094646837321e-07,-2.52645351898912e-09,6.8551251152036e-10,-3.06886903878599e-08,1.71089235124932e-08,2.83037088792394e-09,3.25254789053618e-08,4.3683624369812e-07,-3.8068651700346e-07,8.01542854479489e-07,-6.72100878473172e-07,1.04437957321062e-07,6.91612304493042e-07,-1.85002883853878e-06,1.48852308883068e-06,-5.58321712924376e-08,2.25366899053571e-08,8.99614686378297e-09,6.3068147779336e-07,-4.1443092638501e-07,-8.68059997220168e-07,-4.00761763438965e-07,1.23346816189736e-07,6.97857804053668e-07,-2.84626281273173e-08,-1.03277649231909e-07,-1.12820525021013e-08,-1.99896666305591e-08,-3.06586732832299e-07,-1.91448946425063e-08,7.95834698943157e-08,-2.32306359437369e-09,3.82053039703597e-08,-1.36886201171361e-07,1.20919763419418e-07,-6.6452695796578e-07,1.51604294884734e-06,1.03159807853053e-06,-2.55057154900282e-06,-1.78401544070916e-06,2.48966171156568e-06,-1.57468724047561e-06,2.15184365390242e-06,-6.29166942620362e-07,-3.26898060925223e-08,-0.000635299776008116,-1.80210742634949e-05,-0.000246864666783967,8.86180567327957e-06,-5.59660899774081e-06,-5.74770638956882e-06,-8.44879455683763e-06
"north_west","beta34",-3.05380705716667e-08,1.88606170207567e-06,-2.85664948800979e-07,1.03285520141218e-07,1.71644086823617e-07,2.14022476837669e-08,-9.88178699721052e-09,-6.67365507387646e-08,-3.10768904515301e-08,1.2719657550953e-07,-1.19306757462933e-08,1.26856956519642e-07,1.23046778974471e-07,1.83810406013088e-07,1.56995041423394e-07,-4.40686863313323e-07,1.29640747574904e-07,1.91431665927258e-07,1.20556230858163e-07,1.63436099483239e-07,1.03234439834408e-07,1.59800338600172e-07,1.60993065533934e-07,1.13072257558494e-07,2.28605253826974e-07,1.75201858139731e-07,-4.34029192333823e-08,1.56311641624987e-07,2.86256037419628e-07,1.41490844279763e-06,5.67734251259757e-08,1.38696552384496e-06,1.29783925025682e-07,1.4823190540612e-06,2.58372704379053e-08,1.52453471750003e-08,-2.25755627330097e-08,4.58531187845153e-08,-5.28797296729864e-08,3.02080027946994e-08,2.60609195180327e-06,1.48101117959144e-06,-4.71965604237102e-06,-2.07410469620144e-06,-2.59029905100763e-06,4.90655961308547e-06,-2.47861053703067e-06,-3.89279055187248e-07,1.09613088510209e-07,4.10546210395307e-07,-7.27145090026859e-07,-2.55583756763678e-07,-5.48714980474927e-06,-1.7622294216759e-06,-2.73082849686458e-07,-8.20322827957113e-08,-3.49063558135212e-07,-5.08111080938456e-08,-3.96491417434939e-08,-4.0805508749447e-10,-3.82305468935786e-08,4.53103579024832e-08,4.06478110058839e-08,3.7348430874083e-08,-2.31996908256091e-08,1.5490770027734e-09,9.59885574322885e-09,-1.39507240381059e-06,1.20622365819487e-05,-1.01327294766648e-06,-5.9996464495363e-07,3.18687880386746e-06,1.77060070888416e-06,3.91417948082997e-06,-7.06469334021523e-07,6.95086896257758e-07,-1.00163842159023e-06,-4.67726805000199e-09,-0.000603245692311866,4.49836543623309e-05,-0.000411761217416429,1.30540093650588e-05,-6.21397080381959e-06,-3.12229868658051e-07,-1.6468432121581e-05
"north_west","beta35",-1.83713032349175e-08,2.97227827547389e-06,1.25055273707945e-07,3.19733106897198e-08,9.91372947687045e-08,-2.56411746279857e-09,-1.52417468767819e-07,3.47127617313765e-08,-1.02543356470428e-07,1.32978655476306e-07,-4.45445306412647e-08,1.81707129131541e-07,1.54541386222677e-07,2.40968653818922e-07,2.22011728598329e-07,-1.05980919638532e-07,4.34958633783027e-07,2.26808696852177e-07,4.58870984511025e-07,1.24792631964286e-07,3.23674505706341e-07,2.96481815029177e-07,4.08013858194296e-07,3.68484620356528e-07,3.64413154637484e-07,5.08908477304164e-07,-4.53549377581214e-09,3.43743715047544e-07,6.70400407606198e-07,1.09149190480208e-06,7.41734992298492e-07,1.29783925025682e-07,1.65995410385979e-06,-1.05492142904694e-06,-3.54969721409029e-09,-1.86100967383944e-08,-4.09725906921053e-09,5.25244569894497e-09,-1.35766683794394e-08,7.05580420619734e-08,7.9462201243258e-07,-8.37783033960063e-07,4.14540015712495e-06,-5.66518771041041e-07,1.63297580574712e-06,-1.20205180581162e-06,-1.77193655034864e-06,4.27415901204652e-07,-7.33819499952467e-07,3.41510904241391e-07,4.85908277540348e-07,8.82020670521601e-07,-4.90410746957353e-06,-7.12459433936154e-07,-3.74600302416017e-07,1.0919483923626e-07,-7.66343317429568e-07,-2.02151254493168e-08,-7.43884676832645e-08,-4.62353752171597e-08,-2.90509558426449e-08,-2.63512066332004e-07,-4.85768655237647e-09,7.12873023084657e-08,1.53511431542391e-08,9.01449210081507e-09,-4.22844394647019e-08,1.93233221954821e-06,-9.13594210885745e-06,3.76968346635915e-06,1.13043272167809e-06,-3.17503978101216e-06,1.33892661429642e-06,5.98936445197162e-06,-2.16849916159319e-06,2.99908712775158e-06,-1.17632891927008e-06,1.75039944343511e-09,-0.000875231833194449,4.33775680017711e-05,-0.000335828327369691,2.5936196119811e-05,-8.75165153577475e-06,-4.7089863149698e-06,-1.4241275672903e-05
"north_west","beta36",-9.45822360902048e-08,-2.16201213311263e-06,-8.01707252527697e-07,2.82106199674099e-07,2.46739931909967e-07,2.09615923314969e-08,5.99830815074766e-08,-1.08419169146925e-07,1.57756005876152e-08,-3.99722001010525e-08,1.1376989895925e-07,7.08380675205317e-08,8.96592362126646e-08,7.65773066946157e-08,1.45728232660017e-07,-8.76926484974763e-07,5.67262005935623e-08,1.71952786609387e-07,8.8625746946143e-08,7.75934107270654e-08,1.71528198794838e-07,1.24871555454354e-07,1.17079901247985e-07,7.3102316970151e-08,2.5093828026662e-07,1.92442083986843e-07,-2.2096936256549e-08,1.10135697348919e-07,2.55083849636848e-07,1.08576653696812e-06,1.8094646837321e-07,1.4823190540612e-06,-1.05492142904694e-06,4.76498603796281e-06,3.74430979037786e-09,6.99375344275523e-08,-4.82989394716875e-08,7.90517719027996e-08,-7.68708583503057e-08,1.06844839796888e-08,3.53266909436142e-06,2.20943179747113e-06,-8.46627416812363e-06,-2.46989445972136e-07,-4.63974575866785e-06,9.43157293921214e-06,-2.47005603306732e-06,-5.32960088169619e-07,1.79505565088537e-06,5.50832202169314e-07,-1.25218777705921e-06,-1.0791849086242e-06,-2.25128218977357e-06,-8.80007759397609e-07,-5.82348969709188e-07,-2.96230572742642e-08,-6.99834415207221e-07,-7.7304227472332e-08,-7.04812715693587e-08,-3.31650325520355e-08,-2.6980775195996e-09,5.47529032506581e-08,4.77464320859848e-08,3.82501458755545e-09,-3.91638356774224e-08,5.89916866628978e-09,-8.48681598040394e-08,-1.56392609773003e-06,1.87207309943695e-05,-3.59489875634278e-06,5.69591066882243e-07,5.55059155002599e-06,-3.74082678597774e-06,2.26209843522719e-06,-1.1808545270939e-07,6.85587845150893e-08,-2.6127371809062e-07,-8.60741398301805e-09,-0.00039822845332533,-5.57009341732806e-05,-0.0004486260179096,1.32177339879663e-05,-3.74544204107598e-06,-1.8276627787495e-06,-1.58024161440379e-05
"north_west","beta4",-5.51634462219726e-08,3.58147049139022e-07,-1.11815102294708e-07,-1.46946618686905e-08,2.74050540806324e-08,-2.47571975503077e-09,2.52014696346287e-08,-1.92359343006577e-10,-1.71362914149327e-09,-1.62071505173888e-08,1.37966795478631e-08,2.19804630689508e-09,1.50341054359291e-08,8.16519154510933e-09,1.45315400912917e-08,3.82543346423093e-07,6.87196121246633e-09,1.95194698282699e-08,-1.33732783532969e-08,5.98369177129691e-08,-1.22024439984607e-09,2.84871038973238e-08,1.31123668181348e-08,7.20999645931525e-09,4.09658752233861e-08,1.00035514219766e-08,-7.61677184494287e-08,1.70085779763012e-08,3.32566672415295e-08,-1.07527711508685e-09,-2.52645351898912e-09,2.58372704379053e-08,-3.54969721409029e-09,3.74430979037786e-09,6.74621241569049e-08,-7.79960786303986e-08,6.62186309687071e-08,-2.13798894373083e-08,1.9433187297724e-08,-8.25974274116841e-10,4.07397694871896e-08,1.79677606504561e-07,6.63465805044843e-08,6.91399509462856e-07,3.29789382229764e-07,4.30063284512504e-07,-2.043445830168e-07,-1.13957897165265e-07,1.0566945421774e-07,-3.51026300281249e-07,1.3862180652105e-07,-4.7425115200023e-07,-4.34400943002789e-07,-2.7768859760525e-08,1.91712664628217e-08,-2.46394301487093e-08,-3.02458106551432e-07,3.58380294786254e-09,-3.7114353087735e-09,-1.7296871998487e-09,-4.38610781288737e-09,-1.02696882786556e-08,3.64991412999332e-09,6.80927316654965e-09,1.44865573755094e-09,2.65009072023096e-09,4.51267524704773e-09,2.67849340120465e-07,-1.03978963709746e-06,-6.51857505397662e-07,1.48104474074535e-07,3.58788957638734e-07,8.34807032917031e-07,-2.00623090327266e-07,9.00614443964963e-07,-6.13518763106791e-07,6.11727505523618e-08,-7.72070995286854e-09,-5.05318514451401e-05,-1.65637814389264e-05,1.00467282413387e-05,1.31326276735993e-05,-2.28308731115022e-07,-2.03092915648298e-07,1.95829718060122e-07
"north_west","beta5",4.54300839695484e-08,-6.94613633420087e-07,3.72859206495715e-08,1.29276488399145e-08,-4.74703497394968e-08,-7.88559745021655e-09,1.37543246009638e-08,-2.17001573278114e-08,2.84665053299698e-08,-2.92476486975406e-08,5.29330205597328e-09,1.04243262242096e-09,9.64926985116959e-09,-3.36094573834614e-08,3.27514003904465e-09,-2.48713675842929e-07,-2.77173052298579e-08,9.09082783429401e-09,6.66057526957325e-09,-4.06025763649363e-08,-3.72975503349702e-09,1.78437284293948e-09,-1.47177557007179e-08,1.9092100165893e-08,-3.91418251645546e-08,1.94829083119811e-08,6.97293201124172e-08,-1.64720512773504e-08,-2.84742572738685e-08,9.29426785248301e-09,6.8551251152036e-10,1.52453471750003e-08,-1.86100967383944e-08,6.99375344275523e-08,-7.79960786303986e-08,1.709011061571e-07,-1.93324796453115e-07,8.60957278792253e-08,-4.92343784951878e-08,2.83120902639821e-08,2.76994834258266e-07,-2.51416519243537e-07,-1.9818038854261e-07,-7.23150316341664e-07,-3.78789240602988e-07,3.07973788739839e-09,-2.18074402825296e-07,7.80420584953924e-09,-1.14226014536492e-07,5.43277412099921e-07,-1.55267615538405e-07,-2.53202115794275e-07,1.3641140074489e-06,-3.50114729546781e-08,-1.33756598907967e-07,5.56237420034328e-08,2.00392712015431e-07,1.26385679034672e-08,1.65267236180797e-08,-1.21345189761936e-08,1.50595069531483e-08,3.23392884224412e-08,-8.7620320920986e-09,-8.67802299531584e-09,6.92753453514957e-09,-9.36454847335105e-09,2.96537505156664e-08,-2.47517472471164e-07,1.02206124947749e-06,9.64358341725412e-07,-1.94217517219751e-07,1.47104369205146e-06,-1.38658924420019e-06,-2.00051589095017e-06,-1.73327187731932e-06,1.01259469807444e-06,-3.46055655384783e-08,-3.72245513755375e-09,-7.00302863639844e-06,-2.26531815018027e-05,-2.15022476659185e-05,-2.28508804755635e-05,-1.1752773528196e-08,3.54328079345447e-07,-4.30539962440017e-07
"north_west","beta6",-1.63668873634012e-07,8.70361126202819e-07,5.40088508132867e-08,3.46936322178005e-08,7.25563647372794e-08,7.52721954538767e-08,-4.26319463256959e-08,4.26407688576199e-08,-1.03084413653197e-08,5.21409063505235e-08,3.48178187292904e-08,1.9392026572144e-08,-2.44999194916606e-10,7.30641128179407e-08,-3.3098966886352e-08,2.00909896782673e-07,-2.26032983155742e-08,-1.31012464857449e-08,-3.27506015089287e-08,1.01605499659903e-08,8.19142018925898e-09,-5.86773933961851e-08,-2.35588711956187e-10,-6.28178342527183e-08,1.1275074212874e-08,-7.81552515203375e-08,-5.86581630070505e-08,-1.12551514537626e-08,-1.91302276387957e-08,2.39688280523178e-08,-3.06886903878599e-08,-2.25755627330097e-08,-4.09725906921053e-09,-4.82989394716875e-08,6.62186309687071e-08,-1.93324796453115e-07,4.43747403827789e-07,-3.35952044731738e-07,2.95303765758701e-07,-1.20069238762404e-07,2.43315170664478e-07,8.15423500469084e-07,-9.05374665553612e-07,4.53177406286086e-07,-2.2878394151623e-07,-1.23576453260976e-07,-8.03234194982129e-08,-4.43997348087634e-07,2.95523274801269e-07,-7.53075482681329e-07,-1.59036017528192e-08,-7.93636315613758e-07,-3.74604149935303e-06,-4.61187922806698e-07,-1.0848233714479e-07,-1.8802476109192e-08,-9.09348200866327e-07,-1.90197637524976e-08,3.64681071985694e-08,4.1075522906833e-08,-3.43061722922841e-09,6.05407698815406e-08,2.04808308142189e-08,-1.25435372989155e-08,-3.25803097775772e-09,1.63704686166167e-09,-1.10251089829771e-08,-1.03521699530491e-06,2.77067675912332e-06,-1.15432251934924e-06,-1.48979405943109e-07,1.59390307724345e-06,2.88679620380475e-06,3.8563498035038e-06,1.31533622116433e-06,-1.15825778961752e-06,5.69364971921646e-08,5.28477624507606e-08,1.22756078229759e-05,-4.73042640204368e-06,1.37402499974604e-05,1.75418939999245e-05,-1.73996948966563e-07,1.17967152349329e-06,-1.47448284750514e-07
"north_west","beta7",-1.47632958200211e-08,3.57051484485229e-07,-2.86226573090016e-07,3.34201659307555e-08,5.69324193817246e-08,-1.02208003370465e-07,9.25526197772221e-08,-7.24852559166338e-09,-2.68033287224962e-08,-4.12247594704025e-08,-4.13781093970017e-09,-6.42823689379007e-09,1.58585405473064e-08,-2.61744270268044e-08,7.61507480197953e-08,-1.63964867879999e-07,4.64870752897777e-08,2.66740190231427e-08,4.57989639108568e-08,6.20867583576713e-08,1.15938581236663e-08,7.28370791644923e-08,3.40855321378212e-08,7.41633582809327e-08,6.7114742328727e-08,6.119130044612e-08,2.79806547597047e-08,4.79709822903628e-08,9.06062088849891e-08,-1.99764957796716e-08,1.71089235124932e-08,4.58531187845153e-08,5.25244569894497e-09,7.90517719027996e-08,-2.13798894373083e-08,8.60957278792253e-08,-3.35952044731738e-07,4.59061843405614e-07,-5.38366368396303e-07,2.06280149531276e-07,-1.03143485293508e-07,-4.2876374240396e-07,1.4530548035227e-06,1.64794111524316e-06,1.35409238187948e-06,4.25882862854565e-07,7.20759134383168e-07,1.27665368355933e-07,-1.09848632900446e-07,4.04028380615898e-07,2.69219706747429e-07,-2.94674565484209e-07,1.85188015010376e-06,1.68924304287494e-07,2.13578635648065e-07,2.43044392925662e-09,4.42288466546924e-07,2.21064335373257e-08,-2.52831261967727e-08,-3.78707428864054e-08,5.16995445642653e-09,-4.68355839014089e-08,-7.73791096971564e-09,-3.70544521960026e-10,-5.51014475347578e-09,9.99637465256721e-09,-1.01975404997848e-08,1.18616476411912e-06,-5.20048468748536e-06,-5.36905831683025e-07,4.96451712403827e-07,-2.7055252955108e-07,-1.21554993313743e-06,-2.30577649310961e-06,-1.28906803870835e-07,1.9778823564771e-07,-2.35000713458989e-08,-5.82493994899767e-08,-0.000101454564351265,3.61418478297174e-05,1.56649835497634e-05,1.58322237853443e-05,-2.5035029780898e-07,-1.18512253282735e-06,3.33062625991773e-07
"north_west","beta8",1.32083212490172e-07,-1.61815756508715e-06,5.45414147069115e-07,-6.48834808259362e-09,-3.80822002779329e-08,2.247427826046e-07,-1.89145410090058e-07,3.67713070782522e-08,1.89725966851275e-09,4.1605372546476e-08,-5.28653952914618e-08,4.21166337565713e-09,1.53238909746064e-08,6.14043562580957e-09,-8.19866152275695e-08,7.83001645298503e-08,-1.21326407089948e-07,-9.01801642959063e-09,-1.24403436101928e-07,-6.47325475358525e-08,-4.68396595656102e-08,-9.52536269481791e-08,-6.55457542388636e-08,-7.73480010926486e-08,-1.48156785503421e-07,-5.15938733088521e-08,-2.99005523254699e-08,-9.12372441252899e-08,-1.62456874383391e-07,-1.00763333560597e-08,2.83037088792394e-09,-5.28797296729864e-08,-1.35766683794394e-08,-7.68708583503057e-08,1.9433187297724e-08,-4.92343784951878e-08,2.95303765758701e-07,-5.38366368396303e-07,9.04734526641582e-07,-4.51944721048965e-07,-1.38422755134383e-07,1.37724718557667e-06,-1.99178059591268e-06,-1.71221351589632e-06,-7.48333694315759e-08,4.11053484106051e-07,-1.30373903305777e-06,-1.91946439239051e-07,9.72623929232283e-08,-1.39745864594302e-07,-2.84542323052436e-07,-6.52765788242162e-07,-2.44701112125686e-06,-1.32155482094629e-06,-4.96228809248697e-07,1.14398316409855e-07,3.9883040418691e-07,-1.08504257605484e-08,3.16485941007256e-08,2.38250825225293e-08,8.16836745036936e-09,1.65039647794209e-07,4.043914137305e-10,1.25480975699979e-08,1.27702369082471e-08,-2.78449262387968e-08,5.8352500045572e-08,-6.4831181791352e-07,6.9407907712689e-06,4.27692388961819e-07,-8.42308878229177e-07,2.96015558180405e-06,7.93937048583221e-07,1.51457328164705e-06,-1.12847966837944e-06,9.14703711837597e-08,1.83590517887316e-07,1.17718667438174e-08,-1.10129026161369e-05,-6.65666792306636e-05,-5.69596649106085e-05,-2.69229108765982e-05,-1.62591531989623e-08,3.03854155073366e-06,-1.09644763504849e-06
"north_west","beta9",-1.64523808102195e-07,4.23527561896422e-07,-3.78701426645652e-07,-7.96598545049632e-08,-6.41043170554595e-08,-3.09881459258799e-07,3.24817450253057e-07,-5.67145276139974e-08,3.4056977563374e-08,-9.26470140431324e-08,2.83685114104811e-08,1.16787173897448e-08,5.99255786036022e-09,5.03493644491379e-08,-1.32017559906704e-08,2.37030940178778e-07,1.02775054489439e-07,-5.32880173043246e-09,1.69154703705555e-07,-3.39717594885803e-09,3.55467595461643e-08,9.29406531954839e-08,4.33991433942961e-08,4.46629551105453e-08,1.16922549087135e-07,5.1870659281402e-08,1.1085132427059e-08,6.28270258388741e-08,1.24053363355951e-07,7.05549841987572e-08,3.25254789053618e-08,3.02080027946994e-08,7.05580420619734e-08,1.06844839796888e-08,-8.25974274116841e-10,2.83120902639821e-08,-1.20069238762404e-07,2.06280149531276e-07,-4.51944721048965e-07,5.01927853662021e-07,4.826364139726e-07,-4.74005248937917e-07,9.53915606330818e-07,1.90933635019109e-06,-6.35025359132377e-07,1.01645772581945e-06,5.57531176710663e-07,2.85527962264352e-07,-7.75574553539369e-08,-4.94022868999942e-07,2.74647379471078e-07,-5.58460946718376e-07,1.70162425146431e-06,6.60097439677401e-07,-5.04569117950376e-08,-7.27747637839409e-08,-3.00350034906756e-07,1.40405079317344e-08,9.97985067824082e-09,3.23281318944571e-08,4.36698522150553e-09,-1.30745599303628e-07,-5.00009731781221e-10,-2.4959224295743e-08,8.67919408050693e-09,2.39383956456284e-08,-1.65081208754995e-08,-5.66171935673186e-07,-4.53363427602321e-06,-1.29575640713409e-06,1.28719898738436e-06,-9.44202701243444e-07,1.60418968196433e-06,-2.65637056224425e-06,1.28969106295683e-06,-1.36665563498454e-08,-5.09899828179909e-07,-1.10086874651315e-08,-8.48816770748811e-05,-3.87274123146661e-05,2.05237527567891e-05,-1.26928203068363e-05,-1.69271045240268e-07,-1.80636215888685e-06,-1.56604274033986e-07
"north_west","mu_D",8.19277221260783e-07,-9.20626093068636e-06,4.86334229961773e-06,6.35096633268389e-07,5.14283744692909e-07,-3.33180051649182e-08,8.42212970329456e-07,-6.43735904085301e-07,5.8028301944991e-07,-2.34738959826026e-06,5.46706713513238e-07,-4.57832941734234e-07,-5.99124123891505e-07,-3.03801455822824e-07,8.27863366845426e-07,-4.60209367782264e-07,-3.75762640940875e-07,1.38573753775614e-07,-9.54405375854016e-07,5.15751651059569e-07,2.00507783322577e-07,-4.575277234062e-07,-1.0574266881803e-06,7.46060818670985e-07,-1.54933153695974e-06,7.95829855399716e-07,-5.8850445771473e-07,-1.26798666311041e-06,6.50801931775367e-07,3.75824076059699e-06,4.3683624369812e-07,2.60609195180327e-06,7.9462201243258e-07,3.53266909436142e-06,4.07397694871896e-08,2.76994834258266e-07,2.43315170664478e-07,-1.03143485293508e-07,-1.38422755134383e-07,4.826364139726e-07,0.000313915124030153,9.16453107941562e-05,1.25848831153307e-05,5.5928774604878e-05,2.79599858996384e-05,-4.08662191535467e-05,-2.11551081572426e-05,-3.56949305172344e-05,9.93088001435714e-06,6.14868049013737e-06,-7.80804413053045e-06,1.88456057782932e-06,-6.26691342906034e-05,-0.00011312414980048,-1.08746917912296e-05,4.73591461403241e-06,-7.18246230633371e-05,3.09920916246497e-07,-1.44187372331092e-07,-3.37875819804697e-07,-3.92668867198103e-07,2.44337489211373e-06,1.10360127508309e-07,4.48280105089174e-07,-1.11534909072938e-08,-3.52078779213012e-07,1.21299958658281e-06,-5.36454337163459e-05,0.00012494888764085,-9.88887130774933e-07,-4.51955614123269e-06,-2.13236987633576e-06,5.37415096077959e-05,6.77249623476386e-05,-4.68601737882979e-05,-6.46026538714744e-06,1.85262442508166e-06,-4.69194448230988e-07,0.00110192212330931,0.000921825867334041,-0.0011765705905478,-0.000195824841544376,2.29552065396004e-05,-1.73748702933063e-05,-5.80887054673254e-05
"north_west","mu_D_2",-9.85976593280949e-07,2.00923435278504e-05,6.3242546363512e-06,1.61066416189033e-07,-4.80499658851039e-08,3.07976131146902e-07,-3.7779740759628e-07,4.27052461202617e-07,-1.55518373824112e-07,-3.26423432509356e-07,-5.65064740554124e-07,-2.43274869270261e-07,-2.39370291372513e-07,-9.69907868598707e-07,1.18613178650001e-06,3.65590651173326e-06,-1.48961898282101e-06,-2.84788383281516e-07,-1.63035526913409e-06,1.0076920039005e-06,-7.30325810535881e-07,-1.17279827892016e-06,-5.36372230429226e-07,-1.02538008686503e-06,-6.14115164353388e-07,-1.24810692799711e-06,-2.77050319601081e-07,-1.37195844430758e-06,-7.01543162626595e-07,1.44426237942451e-06,-3.8068651700346e-07,1.48101117959144e-06,-8.37783033960063e-07,2.20943179747113e-06,1.79677606504561e-07,-2.51416519243537e-07,8.15423500469084e-07,-4.2876374240396e-07,1.37724718557667e-06,-4.74005248937917e-07,9.16453107941562e-05,0.000186172017379103,4.59534805436925e-05,0.000129067537086684,8.54995268951418e-05,8.71991648272409e-05,-5.63459069036432e-05,1.83258262025015e-07,9.10812499991219e-06,-2.11093565737762e-05,4.22567329987941e-06,-1.19422240812307e-05,-1.07950082089191e-05,-0.000114417720730106,-8.053679232552e-06,3.16764374899432e-06,-3.35335141352504e-05,2.1409041289322e-07,3.70475490003665e-07,-6.34859880802091e-08,5.1921219829435e-08,1.12038072486532e-06,1.06858099185279e-07,-1.66808353315908e-08,-2.03111305843008e-07,8.58118561782309e-08,-7.50352651175587e-08,-8.58780488451623e-05,-4.54263734739833e-05,-3.91602931578178e-05,3.85022912900938e-05,2.64632744171146e-05,1.00830754533919e-05,-5.89835476337866e-06,1.2791940008174e-05,-3.85329438618079e-05,5.09365270683805e-06,-1.81386350693024e-07,0.000719204036321033,0.00137174665936778,-0.000753146197652066,-0.000131963952477286,1.7159925371318e-05,1.88695955407535e-05,-3.43877995585265e-05
"north_west","mu_D_3",4.87302434288418e-06,7.52235969719533e-05,-6.20361784413776e-06,-2.02080327898834e-06,-3.29593365119139e-06,-2.87693939870362e-07,-1.74711487370299e-06,1.15950606725703e-06,4.28725922548289e-07,-3.23599397326799e-07,1.22248166711777e-06,-9.24445385834556e-07,7.10558001135646e-07,-1.29060365297664e-06,-1.05996630551416e-06,4.96173959334996e-06,-1.71104601640941e-06,-8.5889040683397e-08,-3.75090504096474e-06,7.92622971745945e-07,-1.33727966457169e-06,-1.10847200267077e-06,-1.40418121371195e-06,-1.35442955986256e-06,-4.507226826426e-07,-2.80851056007598e-06,-1.64595995324112e-07,-7.60824041824632e-07,-3.59085877447809e-06,-1.96866187570819e-06,8.01542854479489e-07,-4.71965604237102e-06,4.14540015712495e-06,-8.46627416812363e-06,6.63465805044843e-08,-1.9818038854261e-07,-9.05374665553612e-07,1.4530548035227e-06,-1.99178059591268e-06,9.53915606330818e-07,1.25848831153307e-05,4.59534805436925e-05,0.00084919018269004,0.00041378993512361,0.000281164394734803,-0.000192561788024511,-3.78756883497828e-06,-2.04286792328315e-05,2.76020077838506e-05,-3.21559120978116e-05,8.66456904071552e-05,2.14037431950075e-05,3.58752344091885e-05,-1.36520924358712e-05,-1.56333330079157e-05,2.22769161353506e-06,2.19648818049269e-05,-1.82481508342827e-07,1.18255789093729e-07,7.01767842651377e-07,9.11191712250018e-08,2.58061529564255e-06,-5.48199471989408e-07,-4.01966098763124e-07,-5.46374002667263e-08,-1.78068875879412e-07,-2.5106684464788e-06,-0.000103816300535251,-0.00193833762023974,0.000390463835407209,9.53820659196718e-05,3.5058427676005e-05,-8.60074142014383e-05,-5.87106722924245e-05,-2.66117393249944e-05,1.77766882365866e-05,2.76869183291659e-06,-7.39761670590375e-09,0.0011176972160791,-0.000892776746607369,-0.00118098148764044,-0.000816137351076546,1.3254759857013e-06,3.6861087565754e-05,1.61761048462034e-06
"north_west","mu_D_4",-5.54742073906427e-06,-8.80834493310098e-06,1.61553094436823e-06,-6.49334365722168e-07,-9.3643005041416e-07,-1.87531063330037e-06,3.6410173080885e-06,-7.08362133846399e-07,9.57992689553719e-07,-3.6920762514811e-06,2.69200839211935e-06,-8.43460196510309e-07,1.33057742011161e-06,-1.13482900677727e-07,-4.97771290451937e-07,4.73831964865385e-06,-2.42859041719334e-06,-3.78931116242962e-07,-8.53409447416166e-07,2.7076023475966e-06,-2.48458187826621e-06,9.44973517138172e-07,-2.42888802628983e-06,-2.32326563978844e-08,-5.13072582090489e-07,-4.14164362090546e-07,-4.00338593737045e-07,-1.34164328011873e-06,-6.21565442153057e-07,-1.21555398167567e-06,-6.72100878473172e-07,-2.07410469620144e-06,-5.66518771041041e-07,-2.46989445972136e-07,6.91399509462856e-07,-7.23150316341664e-07,4.53177406286086e-07,1.64794111524316e-06,-1.71221351589632e-06,1.90933635019109e-06,5.5928774604878e-05,0.000129067537086684,0.00041378993512361,0.000666969696009309,0.000278204856641121,-4.74108989417889e-06,-3.55095326486371e-05,-1.65380821699655e-05,2.76466859777855e-05,-2.84371044702457e-05,7.0612468010877e-05,-3.18305860916643e-05,9.84024682888145e-06,-6.24227355071294e-05,-1.0535516585892e-05,2.09634708079503e-06,-6.66259477251738e-05,1.04079848059428e-06,7.79272700121044e-07,-4.38639962686353e-07,5.64029198342426e-07,3.27458110494972e-06,-3.55056244004271e-08,-5.19671310148248e-07,1.30359384502627e-07,7.40588027280605e-09,1.19996379160294e-06,-0.000119251654055093,-0.00109112307231614,-0.000269590426615863,0.000263475489161672,2.98498487856309e-05,2.49884906891888e-05,-5.10710666835016e-05,7.51310919671107e-05,-8.7513155770638e-05,1.97366688248726e-06,-1.79939516962649e-06,-0.00318750387396314,-0.00219889388008683,0.00052854418508924,-0.00044293445131145,-4.32540724804797e-06,5.18798337121724e-05,6.29800372318333e-06
"north_west","mu_D_5",-1.70047398749364e-06,2.44513081723499e-05,4.35311718694821e-06,1.7920178904412e-06,-1.46989408555156e-06,1.66890491727034e-07,6.57081570138538e-07,1.36119818676189e-06,9.0905221850175e-07,-3.69598160724142e-07,-1.78249095955479e-07,-2.48425077949379e-06,-9.52527331369458e-07,-4.69473892141468e-06,-1.09415618164835e-06,3.15342346716858e-06,-4.14094681416931e-06,-1.53964833604655e-06,-5.40660880152771e-06,3.82807530745993e-06,-5.37705974206199e-06,-1.673091731403e-06,-3.50660501838307e-06,-4.21447570420425e-06,-1.31846812384735e-06,-5.28054127192797e-06,-2.07342498823473e-07,-5.40704882746445e-06,-3.78979285845192e-06,-7.24320150564472e-07,1.04437957321062e-07,-2.59029905100763e-06,1.63297580574712e-06,-4.63974575866785e-06,3.29789382229764e-07,-3.78789240602988e-07,-2.2878394151623e-07,1.35409238187948e-06,-7.48333694315759e-08,-6.35025359132377e-07,2.79599858996384e-05,8.54995268951418e-05,0.000281164394734803,0.000278204856641121,0.000797608482277375,-1.54080659808885e-05,-1.05073061248059e-06,4.44100148695637e-06,1.09626225959154e-05,-2.48103682089006e-05,4.9990904574537e-05,-1.05952263983355e-05,8.65335717095158e-05,-6.00960605096916e-05,-1.41322546820777e-05,-3.76901931487091e-07,1.10225346143979e-06,1.18871631648207e-06,9.63184269741541e-09,-4.6563985340939e-07,-1.60091446057601e-08,1.31126350114914e-06,-1.09555303708611e-06,4.27729376620854e-07,-6.8187760819826e-07,-2.70462250739954e-07,8.27805703502254e-07,1.77471201243119e-05,-0.000643807393211464,-7.79672158415006e-05,-0.000403550206613872,4.80004216030196e-05,1.38221416039386e-05,-0.000192513187699803,8.58458345631677e-05,-9.1507572765613e-05,1.39097009677655e-05,-3.12835334597578e-06,0.0105067452893517,-0.000300293547415227,-0.00121842390387716,-0.000560016942578069,0.000104020260183169,1.82077977913472e-05,-4.81336643861724e-05
"north_west","mu_gamma_H",-5.64325029614757e-06,1.81830965113323e-05,3.10950663368669e-06,2.98352798012412e-06,1.4087296514068e-07,-4.26323686473285e-07,1.023064751363e-07,1.05444459238038e-06,-9.65294289585205e-07,1.44144451103443e-06,-1.89642876894995e-06,1.78738223361045e-06,2.11991468779665e-06,4.2455236472263e-07,-1.43317298023072e-06,2.13440638799816e-06,1.12896098838505e-06,1.20129205842176e-06,2.35404931221827e-06,8.90614950586407e-07,1.18964241109872e-06,2.02453339447908e-06,1.50117043905771e-06,1.99175716574141e-06,4.30369936250807e-07,4.21910977495898e-06,-4.41297513464569e-07,6.84324321085276e-08,5.17217753401969e-06,4.32523251970042e-06,6.91612304493042e-07,4.90655961308547e-06,-1.20205180581162e-06,9.43157293921214e-06,4.30063284512504e-07,3.07973788739839e-09,-1.23576453260976e-07,4.25882862854565e-07,4.11053484106051e-07,1.01645772581945e-06,-4.08662191535467e-05,8.71991648272409e-05,-0.000192561788024511,-4.74108989417889e-06,-1.54080659808885e-05,0.000844220854737152,-0.000256446948811057,8.37570301723692e-05,-8.73936066952121e-06,-1.81384294307872e-05,-9.95435200921903e-06,-4.05433250216227e-05,-3.19905947240188e-05,-2.59243941277634e-05,3.20076515613149e-06,3.83693922914392e-06,-3.28346476407388e-05,2.12461832929203e-07,1.23798385786951e-06,-5.13398790058069e-07,9.62720705307549e-07,3.85145351839078e-07,3.42064442424344e-07,-1.46742688760208e-06,4.7906874730625e-07,-2.60440937859783e-08,2.13668759876429e-06,-6.56079303035004e-06,0.000412561630157089,-0.000232320656120222,5.19907536956733e-05,-7.79112028875293e-06,9.96021230944517e-05,2.63596227839081e-05,2.31136838734323e-05,-4.21292407796193e-05,-7.00975363084615e-06,1.80248164971916e-06,-0.00666727344014939,-0.00441661207022735,0.000243668721661667,-0.000230672948212151,-6.65274659133069e-05,8.44112974291103e-06,-3.63001528701317e-05
"north_west","mu_gamma_H_2",-1.39788932338783e-06,-2.71311596015913e-05,-8.58637712957403e-07,-3.00200136353453e-07,4.5674521426192e-07,-8.40856043701109e-07,1.42243834188359e-06,-1.07451344792753e-06,6.11088297829759e-07,-1.91066111556181e-06,1.20824257149301e-06,-3.90632849328308e-07,-1.24101547028209e-06,1.61485037484683e-06,-2.63967184074726e-07,1.31435083107988e-07,-1.70561858495778e-06,-1.48425622391652e-06,-4.08012646914074e-07,-2.51076202918838e-06,-2.85494901687549e-07,-1.80218764151234e-06,-9.07613654581187e-07,-2.28549555137627e-06,-3.78976073312828e-07,-2.40869539636852e-06,3.49990522486451e-07,-1.05499458888779e-06,-1.42629387478416e-06,-3.02223283317325e-06,-1.85002883853878e-06,-2.47861053703067e-06,-1.77193655034864e-06,-2.47005603306732e-06,-2.043445830168e-07,-2.18074402825296e-07,-8.03234194982129e-08,7.20759134383168e-07,-1.30373903305777e-06,5.57531176710663e-07,-2.11551081572426e-05,-5.63459069036432e-05,-3.78756883497828e-06,-3.55095326486371e-05,-1.05073061248059e-06,-0.000256446948811057,0.000507123669255423,-9.47495924495788e-05,-6.91483092104174e-06,1.09103197860769e-05,-2.98065751829545e-06,1.21234811932706e-05,-3.95499129751239e-05,2.52742717698337e-05,4.53290306313317e-06,-4.83296564124401e-06,4.46581014234822e-05,-1.42048982689388e-07,-6.78195077797411e-07,1.05430291702697e-06,-1.67536087216508e-07,2.39896737702664e-07,-1.2335347057821e-07,-1.30347620928553e-07,-6.33001299062916e-07,5.01885063123433e-07,-1.15661143546085e-07,-9.48517993619114e-08,9.01198255082137e-05,-3.4931388555834e-05,-2.84691791648651e-05,-0.000119651681112847,0.000116198563207607,3.86265275838294e-05,0.000197798545422115,-0.000144495526318789,3.1714424686171e-06,-8.32014230517959e-07,0.000131893535284551,0.0011104410230078,0.00152573061374317,0.000357876169329991,9.16031655494892e-06,4.04142919339834e-05,3.81470632573661e-05
"north_west","mu_gamma_H_3",2.04701484842625e-06,-1.94537733218075e-05,4.25679212539094e-06,2.2328272331096e-06,-1.82766228118649e-06,-2.31736237889212e-08,-7.18231971991926e-07,1.99262227747362e-07,6.89242090519686e-07,1.52171921529885e-07,-1.84430694301747e-06,-1.1088813239022e-06,-1.2996224597542e-06,-3.85474917644786e-06,-1.37196936427857e-06,-3.13991412616209e-07,2.08719261982228e-06,-1.12962837600615e-06,5.33481047867117e-07,-6.20462076043647e-07,-6.97857056718552e-07,6.69846279772393e-08,-6.32848798941051e-07,1.19219183023594e-06,-2.12136296050915e-06,3.24996226650185e-07,4.45548737113954e-08,3.06220503589634e-07,-2.05563530232396e-06,-2.05079906461677e-06,1.48852308883068e-06,-3.89279055187248e-07,4.27415901204652e-07,-5.32960088169619e-07,-1.13957897165265e-07,7.80420584953924e-09,-4.43997348087634e-07,1.27665368355933e-07,-1.91946439239051e-07,2.85527962264352e-07,-3.56949305172344e-05,1.83258262025015e-07,-2.04286792328315e-05,-1.65380821699655e-05,4.44100148695637e-06,8.37570301723692e-05,-9.47495924495788e-05,0.000289202617273311,-3.19843157660905e-06,7.86552465415628e-07,-4.88427268101999e-07,1.17818606158314e-05,4.65477394946558e-05,4.24448222203743e-06,-4.14363718663362e-06,2.79802225363783e-06,0.000103017160996715,-1.97423768354104e-07,1.56822393879479e-07,2.18329002940977e-06,-6.17556432342756e-07,-1.03632514494972e-06,-5.99296699584146e-07,7.87239117887942e-07,-6.5626321499144e-07,6.49381073081312e-07,-3.11165125747863e-06,-3.72818827021634e-05,6.56698849064228e-05,-2.51206970865427e-05,1.11755899353617e-05,-7.19892780624048e-05,-8.14727697912475e-05,3.57928578580644e-06,2.15890717572975e-05,4.49373741508363e-05,-1.9835859481784e-05,-6.54997691108697e-07,0.00679985990752809,0.000748422585041169,-0.00169505882361067,-0.000555800394368621,6.38717321688341e-05,-6.28270607243728e-05,-7.31276312324982e-06
"north_west","mu_gamma_H_4",-1.35157533497446e-06,1.12387470460201e-05,-3.06656382974789e-07,-1.35829212698232e-06,-1.12341058371552e-06,-4.67654072978935e-08,5.8832723440512e-07,-6.10384366353441e-07,6.75104762328536e-07,-1.08844154031658e-06,3.02408931758237e-07,4.51991029455186e-08,1.13238538178601e-07,6.49807946650579e-07,4.19743606239507e-08,2.45231684200496e-06,-1.63930483261087e-07,-1.23705191890639e-07,-1.01333559907677e-06,7.56395057619951e-07,-3.51074312499679e-07,-3.2730708937981e-07,-1.06521651969504e-07,-5.15452708421428e-07,-3.46074535619562e-07,1.10990142510917e-07,9.50988262548809e-09,-7.72804548670173e-07,6.46337683055579e-07,1.6070911098308e-07,-5.58321712924376e-08,1.09613088510209e-07,-7.33819499952467e-07,1.79505565088537e-06,1.0566945421774e-07,-1.14226014536492e-07,2.95523274801269e-07,-1.09848632900446e-07,9.72623929232283e-08,-7.75574553539369e-08,9.93088001435714e-06,9.10812499991219e-06,2.76020077838506e-05,2.76466859777855e-05,1.09626225959154e-05,-8.73936066952121e-06,-6.91483092104174e-06,-3.19843157660905e-06,7.74785215903652e-05,-3.6323826507397e-06,4.19484058250141e-06,-3.47982298628586e-06,-3.48934158344055e-05,-5.98080757675593e-06,1.25637260422798e-07,1.02771505360447e-06,-3.75086497504201e-06,3.48560143758717e-07,7.19134633896202e-07,-1.4793011339308e-07,4.94252075205999e-08,1.97615468894914e-06,-1.25173224978349e-07,-2.95050281329909e-07,1.2353953560173e-07,-3.21035178892549e-07,9.11973725153059e-07,1.69778506808212e-05,-6.80089377655066e-05,2.71257080413634e-05,1.74354834132441e-05,1.2550007926485e-05,-4.5232859918477e-05,4.22734783700021e-05,-1.36463727993106e-05,3.36307991454653e-05,4.19004041663601e-06,-3.8431619598119e-07,-0.000750038812991224,0.00070737336027223,0.000303330872974651,-0.000286509156745135,-3.46785445072295e-06,1.83400547459197e-05,-9.67487255961307e-06
"north_west","p_G_D",1.88700835026216e-06,-4.93612968136977e-05,1.11905898430206e-06,9.83593825727878e-07,-1.78423141326855e-08,3.7466065323734e-07,-1.51336198766107e-07,-2.53206366203493e-07,-2.36256015992305e-07,2.54040759760134e-07,-5.32976306884332e-07,-8.24217307564442e-08,-2.47045912891365e-07,-2.23477850944494e-07,9.55303505860963e-08,-3.73901433878339e-06,-9.13308898076406e-08,-1.85661763801729e-07,3.65252800419576e-07,-1.06883112261712e-06,1.41615877733554e-07,-3.43585373511794e-07,-1.76987388148139e-07,2.1257344235359e-07,-9.3010849405846e-07,3.47638800655819e-07,2.68265853097291e-07,-1.10028315807838e-07,-4.63706777910125e-07,1.0905454549628e-06,2.25366899053571e-08,4.10546210395307e-07,3.41510904241391e-07,5.50832202169314e-07,-3.51026300281249e-07,5.43277412099921e-07,-7.53075482681329e-07,4.04028380615898e-07,-1.39745864594302e-07,-4.94022868999942e-07,6.14868049013737e-06,-2.11093565737762e-05,-3.21559120978116e-05,-2.84371044702457e-05,-2.48103682089006e-05,-1.81384294307872e-05,1.09103197860769e-05,7.86552465415628e-07,-3.6323826507397e-06,5.07675431868981e-05,-5.56996387473028e-06,8.3659569582851e-06,8.17081195081819e-06,1.26077456091662e-05,2.64381171945637e-07,1.20432287261411e-06,-6.51934027390023e-06,2.65140134028596e-07,-7.21849382962459e-08,-4.69399779872729e-07,-1.94597799329166e-07,1.03977836956633e-06,-1.37373180249634e-07,3.80837622707944e-07,1.7423731140582e-07,-3.53508421923873e-07,1.00283977371239e-06,1.26490450880337e-05,7.67107015457404e-05,3.41853149705389e-06,-9.60032910390293e-06,-1.38905587310361e-05,-1.52534247557538e-05,-1.84646103891007e-06,-2.11885944745699e-05,5.45709188174689e-06,1.05818794594039e-06,-5.10631228638113e-07,0.000324301916629491,0.000618296242304127,-0.000314921957610972,-0.000151875691524615,3.84155746118719e-06,2.35229642214604e-06,-1.19387790187453e-05
"north_west","p_G_D_2",-3.65844362659515e-07,1.28275164423502e-05,-1.49245597206482e-06,-2.09464893340811e-07,-5.21137277287692e-07,-3.03337304270557e-07,2.56986957037708e-07,1.27903980211895e-07,2.23177795837074e-07,-3.52354751032e-07,4.21524562658856e-07,-2.10356821335962e-07,8.30812826759644e-08,-1.20234455097236e-07,-7.30809675277458e-08,1.36049310194546e-06,-9.50927156380842e-08,-2.80599619263855e-07,-7.15706489120319e-08,-7.77392919429341e-08,-2.22366626409008e-07,-1.38749031107871e-07,-2.89882749964858e-07,-1.99834118658684e-07,-1.22473920258759e-07,-2.5687082178808e-07,-8.06888417729256e-08,-2.70369273589689e-07,-3.39451562775992e-07,-4.03125007414634e-07,8.99614686378297e-09,-7.27145090026859e-07,4.85908277540348e-07,-1.25218777705921e-06,1.3862180652105e-07,-1.55267615538405e-07,-1.59036017528192e-08,2.69219706747429e-07,-2.84542323052436e-07,2.74647379471078e-07,-7.80804413053045e-06,4.22567329987941e-06,8.66456904071552e-05,7.0612468010877e-05,4.9990904574537e-05,-9.95435200921903e-06,-2.98065751829545e-06,-4.88427268101999e-07,4.19484058250141e-06,-5.56996387473028e-06,1.75783628406108e-05,-3.47083857779274e-06,5.02045219697176e-06,8.52249458121923e-06,-6.9872020859233e-07,-2.1017164106747e-07,6.0723197101051e-06,-1.12062481350175e-09,1.15266616362873e-07,3.52898070701461e-07,4.02431387044803e-09,1.15629335082415e-07,-1.00626247872734e-08,-9.39237427357453e-08,3.66290304498446e-08,7.79116366131645e-08,-2.70944900296494e-07,-1.33790606768439e-05,-0.00024374660941496,1.14822656085597e-05,1.35240908256372e-05,6.85877762853335e-06,-4.05063383051092e-06,-1.50494735446851e-05,7.92482370112966e-06,-3.20000761879343e-06,-7.23487415765925e-08,-1.07624713883878e-07,0.000440563987119626,0.00024404083644125,-8.52903216312413e-06,-0.00012089712720529,5.2812737923837e-06,5.57890450046518e-06,7.59010060008712e-07
"north_west","p_H",4.81170489637548e-06,-1.4214979790643e-07,1.60890899058143e-06,-1.00906587131695e-06,-1.52202815385035e-06,-3.40589667299379e-07,-1.38927726551041e-06,-7.44106568578982e-07,-7.15958794297978e-08,1.20664504328415e-06,-3.50589748125049e-07,-4.51078637453165e-07,-1.17007119258799e-06,-9.5578050944817e-07,-9.32934040515448e-08,-4.05894334669758e-07,5.30935479169612e-07,-5.35685884152335e-07,-5.93776527958389e-08,-1.11661782206438e-06,4.6278203563094e-08,-3.62002829208701e-07,1.00115029041956e-07,-6.48484377596542e-07,-2.32106690806664e-07,-1.5863198084197e-07,7.39035886623029e-08,1.84831548565577e-07,-7.92839547427633e-07,1.3858088764424e-07,6.3068147779336e-07,-2.55583756763678e-07,8.82020670521601e-07,-1.0791849086242e-06,-4.7425115200023e-07,-2.53202115794275e-07,-7.93636315613758e-07,-2.94674565484209e-07,-6.52765788242162e-07,-5.58460946718376e-07,1.88456057782932e-06,-1.19422240812307e-05,2.14037431950075e-05,-3.18305860916643e-05,-1.05952263983355e-05,-4.05433250216227e-05,1.21234811932706e-05,1.17818606158314e-05,-3.47982298628586e-06,8.3659569582851e-06,-3.47083857779274e-06,7.49869197194234e-05,5.49144174169614e-05,3.73381699425786e-06,-1.1876402385708e-06,-3.21383880019668e-06,-9.39071146000577e-06,-6.30076989128673e-07,-1.18218997000647e-06,3.29117400913102e-07,-6.10053046978522e-07,-2.86710316021231e-06,-1.68237817515487e-07,3.84089362869498e-07,-4.06001872329481e-07,3.62598990611543e-07,-1.30626786497021e-06,-2.83766733392398e-05,5.32232029770205e-06,4.30833108232079e-05,-4.76755640371062e-06,-0.000176342728469741,-2.51938184536613e-05,1.48137229391187e-05,1.93074430727007e-05,3.99115034627841e-06,4.28257093569755e-07,6.72586324631849e-07,0.00397465435918715,0.00111061863292495,-0.000630910807286956,-1.49445082164848e-05,1.15159587936889e-05,-2.94964316766576e-05,-1.68242323805749e-07
"north_west","p_H_2",3.56911975205269e-06,-2.82247767100503e-05,-9.78514490473358e-06,-3.30920003688035e-07,-3.79438146939642e-06,-2.27110330129312e-06,1.38871554720658e-06,-2.18766698647777e-06,3.49661008906857e-06,-3.75445799148136e-06,2.45957418816174e-06,-3.90107459449064e-06,-3.55180124243711e-06,-6.57977499423311e-06,-3.40891408402606e-06,-4.33323062615222e-06,-2.28803255721903e-06,-6.4735750674186e-07,-1.1230305839757e-06,7.08304392864467e-07,-3.3906263414173e-06,2.4296893364396e-06,-1.36699936812472e-06,3.14980773634649e-06,-1.94130101697002e-06,4.28860325159847e-06,-2.56380735629399e-07,-6.51757275745754e-06,-8.75886072364574e-06,-1.1485343102844e-05,-4.1443092638501e-07,-5.48714980474927e-06,-4.90410746957353e-06,-2.25128218977357e-06,-4.34400943002789e-07,1.3641140074489e-06,-3.74604149935303e-06,1.85188015010376e-06,-2.44701112125686e-06,1.70162425146431e-06,-6.26691342906034e-05,-1.07950082089191e-05,3.58752344091885e-05,9.84024682888145e-06,8.65335717095158e-05,-3.19905947240188e-05,-3.95499129751239e-05,4.65477394946558e-05,-3.48934158344055e-05,8.17081195081819e-06,5.02045219697176e-06,5.49144174169614e-05,0.00137957980561795,3.58564486569e-05,-1.22292963743381e-05,1.07700268653921e-05,1.17728989227665e-05,-5.6508171160809e-07,-3.91045439802103e-06,-6.40834692796973e-07,-2.26652589514684e-07,-8.68212809564941e-06,-1.49775129337846e-06,1.29596370220474e-06,-1.8739940546537e-06,1.19699028109206e-06,-4.96535108841612e-06,-9.81687452891509e-05,-6.88925141394941e-05,-3.82405386838923e-05,-4.91466213705422e-05,-0.000118039881438306,-0.00030397731991612,-0.00180728096357172,-0.000103854105316459,-3.53832904242017e-05,-1.39843154170254e-05,-2.26588253178966e-06,0.0179447087594122,-0.00644518421202462,-0.00137302714180735,-0.00125429818202574,0.000158530826691827,-0.000131798750028239,0.000119423723085847
"north_west","p_H_D",-1.16334290441115e-06,-5.30208388202901e-06,-4.45576487497469e-06,4.47573141744914e-08,-1.11978796033226e-06,-6.93893609977524e-07,1.66657399495384e-07,1.71304530175366e-07,6.83716006836961e-07,1.68855208779986e-07,8.14912176942295e-08,-4.90258332984862e-07,-1.15213516962882e-06,-6.92158489428216e-08,-2.26060753703596e-06,-2.0983355676883e-06,7.86157761942123e-07,-1.3324501237115e-06,8.17916743036011e-07,-2.05247606140313e-06,-2.39784172896471e-07,-5.19122105202503e-07,-1.5581972543414e-07,-8.64585705020558e-07,-5.10093499150843e-07,-8.71059384737954e-07,3.04565501389116e-07,6.00224189158099e-08,-1.24522160093618e-06,-1.87230834789228e-06,-8.68059997220168e-07,-1.7622294216759e-06,-7.12459433936154e-07,-8.80007759397609e-07,-2.7768859760525e-08,-3.50114729546781e-08,-4.61187922806698e-07,1.68924304287494e-07,-1.32155482094629e-06,6.60097439677401e-07,-0.00011312414980048,-0.000114417720730106,-1.36520924358712e-05,-6.24227355071294e-05,-6.00960605096916e-05,-2.59243941277634e-05,2.52742717698337e-05,4.24448222203743e-06,-5.98080757675593e-06,1.26077456091662e-05,8.52249458121923e-06,3.73381699425786e-06,3.58564486569e-05,0.000142451644468584,1.00879145412879e-05,-1.74060739853329e-06,5.33555253818382e-06,-4.82300577425453e-07,4.05229556708723e-08,5.65943750223357e-07,-8.03099713867569e-08,-9.06992025443343e-07,6.28867396201555e-08,-4.02488459578637e-07,-6.22528029540361e-08,1.17411243810737e-07,-6.41590056978748e-07,4.52994228403983e-05,-0.000147492014405101,2.59978769929373e-05,-6.83547396669213e-06,2.7836071370877e-05,-6.80181742802956e-05,-3.21548891854276e-05,-1.43183888431317e-05,2.18483984061424e-05,-3.14291085219702e-06,9.91952098325626e-07,0.00524307750395764,-0.000469560385481891,0.00068524861214985,-0.000127962498553112,3.53708214360383e-05,-2.03750941767637e-05,2.80761490646915e-05
"north_west","p_ICU",1.92115134368731e-07,-3.22416932551588e-06,2.69992528644144e-07,4.31106996182216e-07,-2.85729666779622e-07,-7.17298056994398e-08,1.19078766448201e-09,-1.87302125847792e-07,1.00521914149848e-07,-3.00690908760604e-07,-2.74298544107189e-07,-2.31441321924836e-07,-1.33552808166135e-07,-1.54936448796061e-07,6.54609422128668e-08,-2.21841796468303e-06,1.06825704735236e-07,-1.81169601650127e-07,1.09812144307388e-07,-1.85780439787031e-07,6.68878637934926e-08,-2.05309593897603e-07,1.48667154030542e-08,-9.47947292773832e-08,-2.1316847583249e-07,9.62066868935271e-09,1.39475198197237e-07,-2.18377566176837e-07,4.97647592174599e-07,-9.66757965187332e-08,-4.00761763438965e-07,-2.73082849686458e-07,-3.74600302416017e-07,-5.82348969709188e-07,1.91712664628217e-08,-1.33756598907967e-07,-1.0848233714479e-07,2.13578635648065e-07,-4.96228809248697e-07,-5.04569117950376e-08,-1.08746917912296e-05,-8.053679232552e-06,-1.56333330079157e-05,-1.0535516585892e-05,-1.41322546820777e-05,3.20076515613149e-06,4.53290306313317e-06,-4.14363718663362e-06,1.25637260422798e-07,2.64381171945637e-07,-6.9872020859233e-07,-1.1876402385708e-06,-1.22292963743381e-05,1.00879145412879e-05,1.61765934319395e-05,-1.09419907140361e-06,7.71133394496378e-06,5.84460142528116e-08,-1.47052082118629e-07,-3.47709589546824e-07,-1.44379349713888e-07,2.1831955958054e-07,-4.1233559090274e-08,2.02503756491357e-07,1.83933247932927e-09,-5.56073953656511e-08,2.8672643465563e-07,3.05232495600577e-05,2.06538240938436e-05,-7.9953162507248e-06,-2.16892657068806e-06,4.64078192535919e-06,-8.18443390889171e-07,1.6525653045126e-05,1.94447149564921e-05,-6.20088063922727e-06,-2.86726573437497e-06,-5.80650017959559e-08,0.000367815762974918,0.000298505971024093,0.000681385121362407,-6.33941124152772e-05,5.64635008062091e-06,-5.98754361080826e-06,9.86029033330567e-06
"north_west","p_ICU_2",-7.92828616643821e-08,2.42419698970646e-07,-4.89991306328866e-07,2.41937162421555e-07,2.09473169619632e-07,1.41953450411156e-07,-2.16124711337094e-07,1.33484348605401e-07,-5.84283766206982e-08,8.11483264887984e-08,2.8530638074588e-08,-1.19826864713307e-08,-1.07360339587191e-08,-1.08194290445494e-07,1.33954802398436e-07,-8.47015097609301e-07,1.6378678033234e-07,2.22431180503139e-08,2.19390789264762e-07,-6.0396236676385e-08,9.20895610783321e-08,6.57743759240215e-08,1.3276669431278e-07,1.04066131112654e-07,1.28819794146715e-07,9.33166432675338e-08,3.13519159503162e-08,1.42439286687705e-07,-8.85014680744369e-08,-7.30119789471405e-08,1.23346816189736e-07,-8.20322827957113e-08,1.0919483923626e-07,-2.96230572742642e-08,-2.46394301487093e-08,5.56237420034328e-08,-1.8802476109192e-08,2.43044392925662e-09,1.14398316409855e-07,-7.27747637839409e-08,4.73591461403241e-06,3.16764374899432e-06,2.22769161353506e-06,2.09634708079503e-06,-3.76901931487091e-07,3.83693922914392e-06,-4.83296564124401e-06,2.79802225363783e-06,1.02771505360447e-06,1.20432287261411e-06,-2.1017164106747e-07,-3.21383880019668e-06,1.07700268653921e-05,-1.74060739853329e-06,-1.09419907140361e-06,3.11864686625279e-06,3.80969346656618e-06,-3.35058133654339e-08,-4.46203492516505e-08,-7.04550851633152e-09,-1.02709874314594e-08,-1.57013138764455e-07,-1.36648234371056e-08,2.72342550159951e-08,-3.69123758687248e-08,2.19600368378247e-08,-1.755905684491e-07,1.33786139806831e-05,-3.57562916656243e-06,1.76334177289037e-06,1.10755744475775e-06,1.21528710899645e-05,-9.90331785516139e-06,-1.54941035181623e-05,-3.24982773593936e-05,5.90815004367455e-06,-1.04348915888487e-08,6.75667239889067e-08,0.000130579926427464,0.00011929887149584,-0.000110601890091252,4.55201676433128e-06,1.35843801833954e-06,-4.3587534603051e-06,2.50632976240085e-07
"north_west","p_ICU_D",1.97903784492458e-06,4.10661826241186e-05,2.01538232003175e-06,5.06288101889021e-07,-2.19382010841589e-06,5.41257704493725e-07,-6.83542202846403e-07,1.46832149035937e-06,-2.54228363565074e-07,-7.86502060380753e-07,2.3537830731066e-06,-1.21574951412647e-06,3.20045178710095e-08,-2.38049153056523e-06,-4.79500442418522e-07,1.79444041339416e-06,5.59976432642559e-07,-1.22435731926257e-06,-4.55007336602142e-07,-4.73879503615655e-07,-8.09871947182877e-07,-6.56024654547449e-07,-4.5713016928713e-07,5.84993335946308e-07,-2.41219656942782e-06,1.24588903592476e-06,8.99585751865336e-07,-1.0737940935839e-06,7.04971300878039e-07,-1.97090852180063e-06,6.97857804053668e-07,-3.49063558135212e-07,-7.66343317429568e-07,-6.99834415207221e-07,-3.02458106551432e-07,2.00392712015431e-07,-9.09348200866327e-07,4.42288466546924e-07,3.9883040418691e-07,-3.00350034906756e-07,-7.18246230633371e-05,-3.35335141352504e-05,2.19648818049269e-05,-6.66259477251738e-05,1.10225346143979e-06,-3.28346476407388e-05,4.46581014234822e-05,0.000103017160996715,-3.75086497504201e-06,-6.51934027390023e-06,6.0723197101051e-06,-9.39071146000577e-06,1.17728989227665e-05,5.33555253818382e-06,7.71133394496378e-06,3.80969346656618e-06,0.000675515918844935,-2.3740000637709e-07,8.92802065579526e-07,2.3123124101327e-06,-6.06628234133204e-08,1.64584008136222e-06,-3.70126878215672e-07,7.14035900371342e-07,-1.22832004120923e-07,1.40403709675849e-07,-3.17653367178488e-06,-0.000209089882695245,-0.00021054628170968,7.48623827067062e-05,1.3490258473405e-05,4.80177808088009e-05,-0.000165475688799814,5.81931669897211e-05,2.04783445482913e-05,-4.090606262221e-06,-1.77293919303517e-05,-1.36075978815185e-06,0.00443869559010546,0.00157293278787477,6.89055450178848e-05,-0.000432432118833162,4.06624707649744e-05,1.62940184933724e-06,-1.87302418328485e-05
"north_west","p_NC_15_24",-4.87487657351728e-08,3.53208790613326e-07,5.21820464715718e-08,-2.77242253046761e-08,-5.13490001733158e-08,-1.88574043244167e-08,9.61614879509391e-08,-3.5841933032787e-08,2.19995221508299e-08,-5.41197305018894e-08,4.28287864375796e-08,-2.68432305287009e-08,1.1207103850243e-08,-3.45908260216261e-08,-1.29460367629497e-08,1.61027541676291e-07,4.5863936829801e-09,2.98606757030101e-09,4.38833582029956e-08,-1.90989358103476e-09,-7.24949043207492e-09,3.34635378589081e-08,7.8586613214287e-09,-2.35714193018304e-08,6.08088665735394e-08,1.07598525100585e-08,-1.64154821360035e-09,-3.30566789039016e-08,1.18403772942459e-07,-4.20286488366394e-08,-2.84626281273173e-08,-5.08111080938456e-08,-2.02151254493168e-08,-7.7304227472332e-08,3.58380294786254e-09,1.26385679034672e-08,-1.90197637524976e-08,2.21064335373257e-08,-1.08504257605484e-08,1.40405079317344e-08,3.09920916246497e-07,2.1409041289322e-07,-1.82481508342827e-07,1.04079848059428e-06,1.18871631648207e-06,2.12461832929203e-07,-1.42048982689388e-07,-1.97423768354104e-07,3.48560143758717e-07,2.65140134028596e-07,-1.12062481350175e-09,-6.30076989128673e-07,-5.6508171160809e-07,-4.82300577425453e-07,5.84460142528116e-08,-3.35058133654339e-08,-2.3740000637709e-07,9.14673412193429e-08,2.69534337318046e-08,-1.00557034321704e-07,9.4108961890107e-09,1.09946284771595e-07,-1.89412742461303e-08,3.72340510423306e-09,3.4854396927896e-08,-5.11343093455419e-08,1.53765244386409e-07,-1.1346474567649e-07,1.45476808081677e-07,-1.43236798769233e-06,2.36784174806469e-07,2.89177797716172e-07,1.43568694360951e-06,-4.59172637447225e-07,2.81877400325115e-07,-1.50691164503225e-07,1.34138844037935e-08,-1.35011578898892e-07,3.16229804434449e-05,-5.47540366461208e-05,9.79573945921526e-05,-1.37185375849292e-05,7.70229932852612e-07,-7.97535254817961e-07,1.24583627566601e-06
"north_west","p_NC_25_49",-7.44895997340739e-08,-1.70626485786618e-07,-5.13665237697404e-08,-6.95901692088902e-08,-2.25487955016025e-08,-1.75108325807016e-10,4.56581429420514e-08,1.92970909068342e-08,6.25956294026194e-08,-3.45987022644608e-08,1.27811044811864e-07,4.42623791159912e-09,2.93796644596644e-08,-1.33162645260322e-08,-5.15855961997821e-08,2.54536832529151e-07,-1.51423011895516e-07,-4.19756292377323e-08,-1.82942079958178e-07,-3.41398917965802e-09,-9.46778792155019e-08,-9.07457404041371e-08,-1.2697369491162e-07,-7.42576012056601e-08,-1.70464425075313e-07,-1.12982361122107e-07,7.72403594006789e-09,-1.32008809836075e-07,-5.38670612060242e-08,2.34976755529078e-08,-1.03277649231909e-07,-3.96491417434939e-08,-7.43884676832645e-08,-7.04812715693587e-08,-3.7114353087735e-09,1.65267236180797e-08,3.64681071985694e-08,-2.52831261967727e-08,3.16485941007256e-08,9.97985067824082e-09,-1.44187372331092e-07,3.70475490003665e-07,1.18255789093729e-07,7.79272700121044e-07,9.63184269741541e-09,1.23798385786951e-06,-6.78195077797411e-07,1.56822393879479e-07,7.19134633896202e-07,-7.21849382962459e-08,1.15266616362873e-07,-1.18218997000647e-06,-3.91045439802103e-06,4.05229556708723e-08,-1.47052082118629e-07,-4.46203492516505e-08,8.92802065579526e-07,2.69534337318046e-08,1.66781513915575e-07,7.36222315129076e-08,2.52988272051054e-08,3.25995607991537e-07,1.55073753960484e-08,-9.67815824810155e-08,3.78272928580918e-08,-2.50125518968979e-08,7.88721627908225e-08,-4.36632012671895e-07,-2.27497894911311e-06,-4.05758033258533e-07,8.45250928040126e-07,3.14830102736246e-06,1.3936102702485e-07,4.43445906360029e-06,6.66676478813621e-07,-1.6648054673227e-07,-4.45361232369601e-09,7.06293001652278e-08,8.91309226243969e-05,-3.75325064273374e-06,4.79303385464616e-05,-3.35137772063629e-06,2.68253400138456e-07,4.40327725399548e-06,-1.05239753038744e-06
"north_west","p_NC_50_64",9.04495777276196e-08,-2.32738379850648e-07,-2.34272838835058e-07,-1.13014148834922e-08,-4.31283203830739e-08,2.92375709745784e-09,-9.25078299091209e-08,7.85165354301506e-08,4.8552783982119e-08,2.91709479729434e-08,2.43670180129106e-08,-1.78823285278427e-08,-4.06425693479367e-08,-9.13221197776666e-08,-1.25958513251133e-08,2.78861786135329e-07,-1.52308581289256e-07,-3.98966545078872e-08,-2.66308458137958e-07,2.28903397065808e-08,-9.49506806533991e-08,-1.25842119588919e-07,-1.50302685600208e-07,-3.01004944530441e-08,-2.26624309983923e-07,-1.49384420814907e-07,-6.10422430017735e-09,-8.80892611615581e-08,-2.75633202277944e-07,-7.04875654930493e-08,-1.12820525021013e-08,-4.0805508749447e-10,-4.62353752171597e-08,-3.31650325520355e-08,-1.7296871998487e-09,-1.21345189761936e-08,4.1075522906833e-08,-3.78707428864054e-08,2.38250825225293e-08,3.23281318944571e-08,-3.37875819804697e-07,-6.34859880802091e-08,7.01767842651377e-07,-4.38639962686353e-07,-4.6563985340939e-07,-5.13398790058069e-07,1.05430291702697e-06,2.18329002940977e-06,-1.4793011339308e-07,-4.69399779872729e-07,3.52898070701461e-07,3.29117400913102e-07,-6.40834692796973e-07,5.65943750223357e-07,-3.47709589546824e-07,-7.04550851633152e-09,2.3123124101327e-06,-1.00557034321704e-07,7.36222315129076e-08,3.56185966477164e-07,-4.82287776167359e-08,3.4235151912314e-08,1.60789681967623e-08,-4.93735286746058e-08,-6.0514061527112e-08,1.07760060946576e-07,-2.57613465710151e-07,4.41120793995953e-07,-3.40870267326288e-06,1.51765743435005e-06,1.34631544774994e-07,-6.85502986920941e-07,-9.97528534334941e-07,1.95316477544713e-06,1.21376171808804e-06,-1.17814958670637e-08,-3.17811067281036e-07,2.09641045980799e-07,0.000298014695272907,6.75788681117655e-05,-0.000139176987492405,-4.48122009523843e-06,1.95092962388423e-06,2.516364856508e-06,-2.23856327892727e-06
"north_west","p_NC_65_79",-8.22815243890699e-08,-4.36384840159138e-07,-1.4333491231996e-08,-2.82604472583907e-08,-7.43552054594852e-08,-1.72264075670318e-09,2.88903555877152e-08,2.69647108242236e-10,-7.31298869741655e-09,-9.93323560416124e-09,3.23673651034381e-08,3.00965860881471e-08,3.86234100774488e-08,4.49514542101462e-08,-6.75556085704774e-09,4.81897191751114e-08,-9.54887219143223e-09,2.32577940142079e-08,9.06949095928178e-09,1.01336340894277e-08,2.20052368177333e-08,1.12835413578878e-08,1.70583916772278e-08,1.76883115620771e-08,2.07195116838276e-08,1.7381299368542e-08,8.21477499101258e-09,3.20126992252414e-08,9.77112371959855e-09,-6.24854831215676e-08,-1.99896666305591e-08,-3.82305468935786e-08,-2.90509558426449e-08,-2.6980775195996e-09,-4.38610781288737e-09,1.50595069531483e-08,-3.43061722922841e-09,5.16995445642653e-09,8.16836745036936e-09,4.36698522150553e-09,-3.92668867198103e-07,5.1921219829435e-08,9.11191712250018e-08,5.64029198342426e-07,-1.60091446057601e-08,9.62720705307549e-07,-1.67536087216508e-07,-6.17556432342756e-07,4.94252075205999e-08,-1.94597799329166e-07,4.02431387044803e-09,-6.10053046978522e-07,-2.26652589514684e-07,-8.03099713867569e-08,-1.44379349713888e-07,-1.02709874314594e-08,-6.06628234133204e-08,9.4108961890107e-09,2.52988272051054e-08,-4.82287776167359e-08,6.0445511689118e-08,1.2118440614535e-08,3.88231221840131e-09,-3.6413315398204e-08,2.27305483761215e-08,-1.62461628423192e-08,4.13913373473512e-08,-1.28595634114676e-06,1.16886848525558e-07,-9.31049844508934e-07,8.22484676537476e-07,1.73234681916797e-06,1.2841947853258e-07,-5.50589575521918e-07,5.45591601500248e-07,-5.67706846336667e-07,2.34752348798587e-07,-5.8175100962122e-09,-0.000144723851120092,-5.24486701873586e-05,3.71239000560284e-05,-2.64884116169656e-05,-1.36741863450018e-06,9.70181072103971e-07,1.39798569102916e-06
"north_west","p_NC_80_plus",1.07605951981132e-07,-1.43667802757505e-06,3.16938970672685e-07,-9.71643106230337e-08,3.367899742114e-08,1.07099840672829e-07,1.12706123885372e-07,-7.77030307547593e-08,1.53326711690612e-07,-3.23375302291853e-07,2.9201234788588e-07,-9.84909503902914e-08,6.22068650661784e-08,-5.6698858500749e-08,-2.00086604761342e-07,5.38592296371988e-08,-5.64583705716184e-07,-1.92569370231843e-07,-7.3091875161633e-07,-1.06414848928906e-07,-3.53629598300576e-07,-3.64321952296422e-07,-5.06714273418866e-07,-2.84665272574881e-07,-7.13235520539662e-07,-3.25649536794557e-07,3.38379606758919e-08,-5.94070530125144e-07,-1.9018843641582e-07,2.62041161148885e-07,-3.06586732832299e-07,4.53103579024832e-08,-2.63512066332004e-07,5.47529032506581e-08,-1.02696882786556e-08,3.23392884224412e-08,6.05407698815406e-08,-4.68355839014089e-08,1.65039647794209e-07,-1.30745599303628e-07,2.44337489211373e-06,1.12038072486532e-06,2.58061529564255e-06,3.27458110494972e-06,1.31126350114914e-06,3.85145351839078e-07,2.39896737702664e-07,-1.03632514494972e-06,1.97615468894914e-06,1.03977836956633e-06,1.15629335082415e-07,-2.86710316021231e-06,-8.68212809564941e-06,-9.06992025443343e-07,2.1831955958054e-07,-1.57013138764455e-07,1.64584008136222e-06,1.09946284771595e-07,3.25995607991537e-07,3.4235151912314e-08,1.2118440614535e-08,1.39346011313644e-06,1.09257468659094e-08,-1.61032507786987e-07,1.00226797472582e-07,-1.7196763521488e-07,3.85227952138367e-07,2.55841807378436e-06,-1.01097043821541e-05,3.7017485077081e-07,1.25047997185361e-06,8.04774417757148e-06,-2.34025593253959e-06,9.20963166566791e-06,4.84486268408746e-07,4.35670754657854e-07,-8.25549048121786e-07,-8.96588220493533e-08,9.81812408759659e-05,8.93679872783717e-05,8.23325736622149e-05,-3.43111098311666e-06,2.20320020399277e-06,1.60528488227481e-05,-7.38725765069642e-06
"north_west","p_NC_weekend_15_24",-2.24179913173678e-08,-2.91992796982652e-08,-8.08158048373543e-08,-9.87184825254145e-09,5.86142450359795e-08,-4.28141044633316e-10,-1.07865704434037e-08,3.13795970080567e-08,-3.07660778659072e-08,4.39541654797509e-08,-9.38566323851625e-09,2.33391258119154e-08,1.76778625930215e-09,5.55440194956136e-08,8.95774552182479e-09,-4.00933976626558e-08,-1.55030561895143e-08,-6.14506380687869e-10,-1.12916354609697e-08,-6.35575165011268e-09,4.46798199469789e-09,-4.6516712540381e-09,-1.929495152773e-08,5.8532625815162e-09,-8.70615991694664e-09,-1.24216091844903e-08,-1.07901249935584e-09,7.39863493823862e-09,-5.0197096432695e-09,5.33939638660582e-08,-1.91448946425063e-08,4.06478110058839e-08,-4.85768655237647e-09,4.77464320859848e-08,3.64991412999332e-09,-8.7620320920986e-09,2.04808308142189e-08,-7.73791096971564e-09,4.043914137305e-10,-5.00009731781221e-10,1.10360127508309e-07,1.06858099185279e-07,-5.48199471989408e-07,-3.55056244004271e-08,-1.09555303708611e-06,3.42064442424344e-07,-1.2335347057821e-07,-5.99296699584146e-07,-1.25173224978349e-07,-1.37373180249634e-07,-1.00626247872734e-08,-1.68237817515487e-07,-1.49775129337846e-06,6.28867396201555e-08,-4.1233559090274e-08,-1.36648234371056e-08,-3.70126878215672e-07,-1.89412742461303e-08,1.55073753960484e-08,1.60789681967623e-08,3.88231221840131e-09,1.09257468659094e-08,2.80128572908304e-08,-1.5733690382538e-08,8.74902097409159e-09,1.53739517699404e-09,1.89104637112884e-09,-1.86230625039778e-07,7.96293986134384e-07,-3.62786861383697e-07,7.61315807716181e-07,5.43828932770975e-08,7.82886679426607e-07,2.03178248330943e-06,3.97300574595474e-07,-4.26233633032707e-07,7.85955903970858e-08,4.8140757679264e-08,-5.04457114300894e-05,2.32707397412983e-05,-9.90036948407189e-06,1.71572643472264e-05,-6.22099551583879e-07,9.46236858895658e-07,-5.95443667643454e-07
"north_west","p_NC_weekend_25_49",-2.82430919083693e-08,-6.66690683951977e-08,2.64351748257574e-07,7.86114675604325e-08,-5.16044034749366e-08,2.34188924325355e-08,-5.69740039502806e-08,2.04767372076208e-08,-6.69536230321939e-08,5.45251071539779e-08,-1.28371506334671e-07,-2.17828761602388e-08,-1.86852768543123e-08,-5.41636507375749e-08,9.44278226554559e-08,-5.23163968063072e-08,1.18051893095659e-07,5.11491698758834e-08,1.19893044086752e-07,5.82605255341136e-08,5.2537585850433e-08,9.62197777392961e-08,8.62419782774602e-08,1.01868447982695e-07,1.05704117423906e-07,1.63858085035553e-07,-9.36701551714113e-09,6.09057499140981e-08,1.23135375213014e-07,1.38648588842914e-08,7.95834698943157e-08,3.7348430874083e-08,7.12873023084657e-08,3.82501458755545e-09,6.80927316654965e-09,-8.67802299531584e-09,-1.25435372989155e-08,-3.70544521960026e-10,1.25480975699979e-08,-2.4959224295743e-08,4.48280105089174e-07,-1.66808353315908e-08,-4.01966098763124e-07,-5.19671310148248e-07,4.27729376620854e-07,-1.46742688760208e-06,-1.30347620928553e-07,7.87239117887942e-07,-2.95050281329909e-07,3.80837622707944e-07,-9.39237427357453e-08,3.84089362869498e-07,1.29596370220474e-06,-4.02488459578637e-07,2.02503756491357e-07,2.72342550159951e-08,7.14035900371342e-07,3.72340510423306e-09,-9.67815824810155e-08,-4.93735286746058e-08,-3.6413315398204e-08,-1.61032507786987e-07,-1.5733690382538e-08,1.45682813012596e-07,-7.14579303874959e-09,6.1254770177826e-09,-4.15876372863255e-08,2.01465942879512e-06,1.89699936209045e-06,3.45527957025633e-07,-8.96758824587936e-07,-1.95911609339171e-06,-3.66900755226307e-07,-1.00784138953022e-06,3.27209220354218e-07,-1.40262662900069e-08,-2.1302021678731e-07,-1.36175261363962e-07,-1.59555156202123e-05,4.35527612728274e-05,-5.94906236629285e-06,-1.81425702259067e-05,6.29828792709986e-07,-4.03827354218317e-06,4.07383303296901e-07
"north_west","p_NC_weekend_50_64",-3.19911859728597e-08,8.48493960983922e-08,8.99241566213725e-08,-4.05904705751974e-08,-4.34247926232418e-08,-2.09068424535878e-08,6.90506997010405e-08,-2.34218344961049e-08,-1.44259083257788e-08,-2.98054349102823e-08,3.94805452808454e-08,3.08542830279126e-08,4.67713537090959e-08,6.34687381134321e-08,3.29704155782949e-09,1.58733721184251e-07,4.61753706353167e-09,9.95524096647471e-11,6.33144221824865e-08,-7.07066731639077e-08,2.89967775009886e-08,2.06368875329619e-08,-1.74602023982787e-08,3.05971539335539e-08,-3.72557307848145e-09,4.39884137650274e-08,5.19969679792181e-11,-1.45946663206369e-08,8.88180212305336e-08,3.14815161173133e-08,-2.32306359437369e-09,-2.31996908256091e-08,1.53511431542391e-08,-3.91638356774224e-08,1.44865573755094e-09,6.92753453514957e-09,-3.25803097775772e-09,-5.51014475347578e-09,1.27702369082471e-08,8.67919408050693e-09,-1.11534909072938e-08,-2.03111305843008e-07,-5.46374002667263e-08,1.30359384502627e-07,-6.8187760819826e-07,4.7906874730625e-07,-6.33001299062916e-07,-6.5626321499144e-07,1.2353953560173e-07,1.7423731140582e-07,3.66290304498446e-08,-4.06001872329481e-07,-1.8739940546537e-06,-6.22528029540361e-08,1.83933247932927e-09,-3.69123758687248e-08,-1.22832004120923e-07,3.4854396927896e-08,3.78272928580918e-08,-6.0514061527112e-08,2.27305483761215e-08,1.00226797472582e-07,8.74902097409159e-09,-7.14579303874959e-09,6.32069482066373e-08,-4.42099795932291e-08,1.13781853752945e-07,6.33243356151841e-09,-7.52163733456016e-07,-3.22071234114068e-08,1.0437802769132e-06,1.68282470194623e-07,1.33958398266753e-06,2.23864088338745e-06,6.88449335694682e-08,1.58283534626369e-07,4.30512143765106e-08,-4.92583341772742e-08,-0.000207930938470488,-3.20573951013281e-06,5.02572328265698e-05,-8.31508768971285e-06,-1.81381510103524e-06,1.72391659109039e-06,1.15810108346669e-07
"north_west","p_NC_weekend_65_79",3.88911534706606e-08,-6.16136784975871e-08,-1.15315152924263e-07,2.63708793630196e-08,-9.64485851829569e-09,-8.6287338681023e-09,-6.03088115097805e-08,4.79543074261473e-08,-1.51501094300236e-08,6.89988530405408e-08,-3.68302632257806e-08,7.32311771989697e-09,-8.82598502124206e-09,-2.56634099848271e-08,3.705986280583e-08,4.03957336566001e-08,1.72752892826097e-08,2.70681783104527e-08,-3.15727490141938e-08,8.10674665943338e-08,6.30351409588569e-09,1.27889456583471e-08,2.38491268246525e-08,2.65799342708162e-08,2.79853088024752e-08,4.2325471944818e-09,-8.25021816788184e-09,4.99913908222784e-08,-5.50183514150663e-08,-6.43866624938332e-08,3.82053039703597e-08,1.5490770027734e-09,9.01449210081507e-09,5.89916866628978e-09,2.65009072023096e-09,-9.36454847335105e-09,1.63704686166167e-09,9.99637465256721e-09,-2.78449262387968e-08,2.39383956456284e-08,-3.52078779213012e-07,8.58118561782309e-08,-1.78068875879412e-07,7.40588027280605e-09,-2.70462250739954e-07,-2.60440937859783e-08,5.01885063123433e-07,6.49381073081312e-07,-3.21035178892549e-07,-3.53508421923873e-07,7.79116366131645e-08,3.62598990611543e-07,1.19699028109206e-06,1.17411243810737e-07,-5.56073953656511e-08,2.19600368378247e-08,1.40403709675849e-07,-5.11343093455419e-08,-2.50125518968979e-08,1.07760060946576e-07,-1.62461628423192e-08,-1.7196763521488e-07,1.53739517699404e-09,6.1254770177826e-09,-4.42099795932291e-08,7.20476932012753e-08,-1.4234997655044e-07,-1.20155569483504e-07,8.59841177830548e-07,-4.21291341408242e-07,4.75208520223928e-08,-1.1099319518944e-06,1.22791846397565e-07,-9.42929965143786e-07,3.81287254289081e-07,-4.21367923764642e-07,-5.05889941253568e-08,8.9721924817606e-08,5.15834839686346e-05,1.0079681882213e-05,-5.23568766091675e-05,-1.37990171588124e-06,7.86692516992066e-08,-1.12654211258855e-06,3.01529230012932e-07
"north_west","p_NC_weekend_80_plus",-2.36748463465171e-08,-3.65127610850321e-07,8.31879553598567e-08,-1.29319062254367e-07,-5.77434487669197e-08,-5.56071074893899e-08,2.96727702836562e-07,-1.7598422432871e-07,5.88426326927386e-08,-1.34350965676019e-07,1.44826639148892e-07,5.31622097467265e-08,9.87568020561202e-08,1.69308806971598e-07,-8.93543727222931e-08,1.93782040955098e-07,-5.77717811117055e-08,-8.84818238294219e-09,4.50927881871969e-08,-8.61932622440365e-08,-3.10123109671066e-08,5.18543276648567e-08,-5.14344478043363e-08,-7.27012758555275e-08,1.26675278997801e-08,3.82583195632781e-08,5.1215095721765e-09,-1.23613278561602e-07,2.8321484559496e-07,1.1184476811467e-07,-1.36886201171361e-07,9.59885574322885e-09,-4.22844394647019e-08,-8.48681598040394e-08,4.51267524704773e-09,2.96537505156664e-08,-1.10251089829771e-08,-1.01975404997848e-08,5.8352500045572e-08,-1.65081208754995e-08,1.21299958658281e-06,-7.50352651175587e-08,-2.5106684464788e-06,1.19996379160294e-06,8.27805703502254e-07,2.13668759876429e-06,-1.15661143546085e-07,-3.11165125747863e-06,9.11973725153059e-07,1.00283977371239e-06,-2.70944900296494e-07,-1.30626786497021e-06,-4.96535108841612e-06,-6.41590056978748e-07,2.8672643465563e-07,-1.755905684491e-07,-3.17653367178488e-06,1.53765244386409e-07,7.88721627908225e-08,-2.57613465710151e-07,4.13913373473512e-08,3.85227952138367e-07,1.89104637112884e-09,-4.15876372863255e-08,1.13781853752945e-07,-1.4234997655044e-07,5.4044298395631e-07,-1.16504725380973e-06,5.8629158018245e-06,-3.79590766783798e-06,-7.70145263933198e-08,-3.36608512978134e-07,6.17131090342627e-06,3.41648990621827e-06,1.18539869410381e-06,-1.24903751864334e-06,-5.34531749720816e-09,-1.98335816413949e-07,-0.00041047563786342,-0.000103142415887814,0.000234290900683534,-1.71820211066465e-05,-3.45411830227277e-06,5.08118598051585e-06,1.14846774221519e-06
"north_west","p_W_D",5.15417218290484e-06,6.71810556622418e-06,-8.66018587613377e-06,4.92137977476206e-07,3.93059124436217e-06,1.87769820971381e-06,-2.958285005746e-06,8.09031869974128e-07,-9.76667094416558e-07,7.74522246736319e-06,-8.78042319579904e-06,-6.22766323731525e-07,-5.98530339516561e-07,-2.32324442084441e-06,2.14479791436258e-06,-2.20036689194344e-05,-2.30691675020549e-06,-9.78516194347694e-07,-3.14604074090301e-06,3.58484396598346e-07,-2.25267015077648e-06,-2.09554037213593e-06,-1.41407588712893e-06,-1.84261273133933e-06,-4.88481913258346e-06,-1.13650884515131e-07,7.5934158665337e-07,-1.8992460589437e-06,-4.63538096831421e-06,-8.85747742116512e-07,1.20919763419418e-07,-1.39507240381059e-06,1.93233221954821e-06,-1.56392609773003e-06,2.67849340120465e-07,-2.47517472471164e-07,-1.03521699530491e-06,1.18616476411912e-06,-6.4831181791352e-07,-5.66171935673186e-07,-5.36454337163459e-05,-8.58780488451623e-05,-0.000103816300535251,-0.000119251654055093,1.77471201243119e-05,-6.56079303035004e-06,-9.48517993619114e-08,-3.72818827021634e-05,1.69778506808212e-05,1.26490450880337e-05,-1.33790606768439e-05,-2.83766733392398e-05,-9.81687452891509e-05,4.52994228403983e-05,3.05232495600577e-05,1.33786139806831e-05,-0.000209089882695245,-1.1346474567649e-07,-4.36632012671895e-07,4.41120793995953e-07,-1.28595634114676e-06,2.55841807378436e-06,-1.86230625039778e-07,2.01465942879512e-06,6.33243356151841e-09,-1.20155569483504e-07,-1.16504725380973e-06,0.00184720790261104,0.000144472017475067,3.38888693389927e-05,-0.000144853740346534,0.000120936507255072,-6.69229342003933e-05,7.6659445477334e-05,-2.84721477212468e-05,1.2742109361488e-06,3.58014471960551e-06,-1.76651479294339e-06,0.00436548359634093,0.00386647816657234,-0.0022987936896951,0.00050257698478359,4.77878105301636e-05,3.13802412736553e-05,-4.01997258948097e-05
"north_west","rel_p_D_alpha",-4.39405662783848e-06,-0.000217822272534982,2.07420361955404e-05,5.64020796804333e-06,1.05361175581833e-05,3.50891964210475e-06,8.56780280094636e-07,-4.32799484080605e-06,-1.67748302762477e-07,3.29949392081868e-06,-3.8069232856373e-06,3.6189174490494e-06,-1.23726661570027e-06,2.3574508530264e-06,4.74220182591264e-06,-1.81086066325428e-05,4.64012727372123e-06,2.97711647872503e-06,6.89419112237174e-06,9.13147396186574e-07,5.15555322029518e-06,2.97360812761522e-06,6.13366635670487e-06,3.85032630053785e-06,2.99137389102079e-06,9.09045905278521e-06,3.18585098960969e-07,3.19149079985156e-06,9.367531480333e-06,3.99255773894114e-06,-6.6452695796578e-07,1.20622365819487e-05,-9.13594210885745e-06,1.87207309943695e-05,-1.03978963709746e-06,1.02206124947749e-06,2.77067675912332e-06,-5.20048468748536e-06,6.9407907712689e-06,-4.53363427602321e-06,0.00012494888764085,-4.54263734739833e-05,-0.00193833762023974,-0.00109112307231614,-0.000643807393211464,0.000412561630157089,9.01198255082137e-05,6.56698849064228e-05,-6.80089377655066e-05,7.67107015457404e-05,-0.00024374660941496,5.32232029770205e-06,-6.88925141394941e-05,-0.000147492014405101,2.06538240938436e-05,-3.57562916656243e-06,-0.00021054628170968,1.45476808081677e-07,-2.27497894911311e-06,-3.40870267326288e-06,1.16886848525558e-07,-1.01097043821541e-05,7.96293986134384e-07,1.89699936209045e-06,-7.52163733456016e-07,8.59841177830548e-07,5.8629158018245e-06,0.000144472017475067,0.00547916117021031,-0.0010323285468705,-0.000315209470725948,-0.000298846645362867,0.00032396150017514,0.00018304556147504,0.000134201615080131,-8.73592937375414e-05,-4.81843639814204e-06,4.4922960400906e-07,-0.0035984011268695,0.00145916132645747,0.00225634347635576,0.00241262494153398,-4.80643091456076e-05,-0.000126814633411985,2.09029981672005e-05
"north_west","rel_p_D_delta",1.0180044334057e-05,0.000109115085778724,-9.29602346098697e-06,-1.73247734723882e-06,-2.70963565667077e-06,1.36163746060087e-06,-4.61929207714333e-06,1.45720320271532e-06,-1.63339303862483e-06,2.42180472104385e-06,-2.0996204753991e-06,3.72070864101045e-07,-1.8601279544665e-07,6.3197186898282e-08,1.53387664293462e-06,4.96787410747655e-07,9.30719657812527e-07,2.82463724068162e-07,-2.28030012869347e-06,-2.2599982995445e-06,1.39986096379024e-06,-2.15989364922151e-06,-2.18361210021857e-07,3.93604607360789e-07,-1.90501046525998e-06,-2.93195947431705e-06,1.8304086269653e-07,8.41315910579331e-07,-3.42694840343184e-06,1.30569424456378e-06,1.51604294884734e-06,-1.01327294766648e-06,3.76968346635915e-06,-3.59489875634278e-06,-6.51857505397662e-07,9.64358341725412e-07,-1.15432251934924e-06,-5.36905831683025e-07,4.27692388961819e-07,-1.29575640713409e-06,-9.88887130774933e-07,-3.91602931578178e-05,0.000390463835407209,-0.000269590426615863,-7.79672158415006e-05,-0.000232320656120222,-3.4931388555834e-05,-2.51206970865427e-05,2.71257080413634e-05,3.41853149705389e-06,1.14822656085597e-05,4.30833108232079e-05,-3.82405386838923e-05,2.59978769929373e-05,-7.9953162507248e-06,1.76334177289037e-06,7.48623827067062e-05,-1.43236798769233e-06,-4.05758033258533e-07,1.51765743435005e-06,-9.31049844508934e-07,3.7017485077081e-07,-3.62786861383697e-07,3.45527957025633e-07,-3.22071234114068e-08,-4.21291341408242e-07,-3.79590766783798e-06,3.38888693389927e-05,-0.0010323285468705,0.000943790542204048,-0.000191963302220993,8.5522521616461e-05,-0.000120717144652763,3.90920531998128e-05,-0.000194921158009425,0.000163327047669342,1.39962024567143e-05,2.22743842946252e-06,-0.00177791554822829,0.00441807429886747,-0.00251889859587987,-0.000609459360192546,-2.75684154012267e-05,1.59765393084572e-05,-2.5872117602007e-05
"north_west","rel_p_D_omicron",-3.5662776305562e-06,-2.8796761736731e-05,5.71997098553561e-07,-2.53656178279633e-06,-1.72582083658312e-06,-1.02442906384772e-06,1.42636381956286e-06,-1.55151337932374e-06,6.91050255248634e-08,-2.40447406630207e-06,2.35712801129553e-06,1.36019764502046e-06,1.96680289728923e-06,2.97012716543031e-06,8.1079875159611e-07,6.0417466784842e-06,1.72324577257143e-06,1.54702083259057e-06,3.43853320187627e-06,-8.73564190776341e-07,2.91474257034912e-06,2.39948019257216e-06,1.63555332982077e-06,3.274828982409e-06,2.104269898035e-06,4.40313101045818e-06,-1.85040636627102e-07,3.91471433950437e-06,2.56884298732344e-06,-9.38215822994944e-07,1.03159807853053e-06,-5.9996464495363e-07,1.13043272167809e-06,5.69591066882243e-07,1.48104474074535e-07,-1.94217517219751e-07,-1.48979405943109e-07,4.96451712403827e-07,-8.42308878229177e-07,1.28719898738436e-06,-4.51955614123269e-06,3.85022912900938e-05,9.53820659196718e-05,0.000263475489161672,-0.000403550206613872,5.19907536956733e-05,-2.84691791648651e-05,1.11755899353617e-05,1.74354834132441e-05,-9.60032910390293e-06,1.35240908256372e-05,-4.76755640371062e-06,-4.91466213705422e-05,-6.83547396669213e-06,-2.16892657068806e-06,1.10755744475775e-06,1.3490258473405e-05,2.36784174806469e-07,8.45250928040126e-07,1.34631544774994e-07,8.22484676537476e-07,1.25047997185361e-06,7.61315807716181e-07,-8.96758824587936e-07,1.0437802769132e-06,4.75208520223928e-08,-7.70145263933198e-08,-0.000144853740346534,-0.000315209470725948,-0.000191963302220993,0.000656233550326413,-3.73377225077686e-05,-2.90223562907542e-05,0.000102541879008047,3.95696710390374e-06,1.57341366974876e-05,-7.22015325626501e-06,3.79987462276772e-07,-0.0106320570561219,-0.00178584157241358,0.00022181975340506,-0.000380905269238835,-9.07098515620302e-05,1.27772803647234e-05,2.99749580629304e-05
"north_west","rel_p_H_alpha",-7.592880557398e-06,-3.27934971052383e-05,-1.69129250759827e-06,1.67387796908708e-06,3.66707424933524e-06,3.16787884283252e-06,9.94485887181092e-07,1.24687349273039e-06,1.6590393051574e-06,-2.87555076570196e-06,2.77147883529092e-06,-3.18105881375358e-07,6.71260952069229e-07,-6.34504403037845e-07,-9.74951738242427e-07,-9.67463438946796e-06,1.2577689204161e-06,1.47403353730088e-06,-3.8513382924588e-06,6.34082760786561e-06,-9.60848414571086e-07,-1.30756394782951e-07,3.32021363463566e-07,1.89545679386665e-06,-6.13971144354045e-08,-1.95368658481054e-06,1.03326023317791e-06,1.48627953487047e-06,-2.07527210754796e-06,3.12668411471747e-06,-2.55057154900282e-06,3.18687880386746e-06,-3.17503978101216e-06,5.55059155002599e-06,3.58788957638734e-07,1.47104369205146e-06,1.59390307724345e-06,-2.7055252955108e-07,2.96015558180405e-06,-9.44202701243444e-07,-2.13236987633576e-06,2.64632744171146e-05,3.5058427676005e-05,2.98498487856309e-05,4.80004216030196e-05,-7.79112028875293e-06,-0.000119651681112847,-7.19892780624048e-05,1.2550007926485e-05,-1.38905587310361e-05,6.85877762853335e-06,-0.000176342728469741,-0.000118039881438306,2.7836071370877e-05,4.64078192535919e-06,1.21528710899645e-05,4.80177808088009e-05,2.89177797716172e-07,3.14830102736246e-06,-6.85502986920941e-07,1.73234681916797e-06,8.04774417757148e-06,5.43828932770975e-08,-1.95911609339171e-06,1.68282470194623e-07,-1.1099319518944e-06,-3.36608512978134e-07,0.000120936507255072,-0.000298846645362867,8.5522521616461e-05,-3.73377225077686e-05,0.00132047599118662,-0.00078061309238874,-6.02913548484074e-05,-0.000347418634614461,0.000226932210477475,-7.35740156166703e-07,1.75699179639292e-06,0.000365320920447592,-0.00104806702563479,-0.000598797819137681,-0.000166812468008478,1.88931084567445e-05,-3.87696751552049e-05,-1.30532489075033e-06
"north_west","rel_p_H_delta",1.04312846394606e-06,2.71522848607385e-05,7.28393140446569e-07,-7.12003079263328e-07,3.47377487319738e-06,-1.38112763762639e-06,6.59172738595051e-07,2.54141391998903e-06,-3.69841463889818e-06,4.36224101612534e-06,-2.58113001171881e-06,4.04929249694927e-06,3.66451029430818e-06,7.74868465019276e-06,-2.11433785043953e-06,1.24595889487405e-05,-2.55559684219814e-06,1.79434757439775e-06,4.85422515011845e-06,-3.19018708636917e-06,3.49645627258736e-07,8.95500456185616e-08,-2.69136890985346e-06,-4.7461999301194e-06,-8.30459284507761e-07,-3.70282135468699e-06,-1.12865273724734e-06,-3.72634719391875e-06,-8.35050830691666e-07,3.04151306253408e-06,-1.78401544070916e-06,1.77060070888416e-06,1.33892661429642e-06,-3.74082678597774e-06,8.34807032917031e-07,-1.38658924420019e-06,2.88679620380475e-06,-1.21554993313743e-06,7.93937048583221e-07,1.60418968196433e-06,5.37415096077959e-05,1.00830754533919e-05,-8.60074142014383e-05,2.49884906891888e-05,1.38221416039386e-05,9.96021230944517e-05,0.000116198563207607,-8.14727697912475e-05,-4.5232859918477e-05,-1.52534247557538e-05,-4.05063383051092e-06,-2.51938184536613e-05,-0.00030397731991612,-6.80181742802956e-05,-8.18443390889171e-07,-9.90331785516139e-06,-0.000165475688799814,1.43568694360951e-06,1.3936102702485e-07,-9.97528534334941e-07,1.2841947853258e-07,-2.34025593253959e-06,7.82886679426607e-07,-3.66900755226307e-07,1.33958398266753e-06,1.22791846397565e-07,6.17131090342627e-06,-6.69229342003933e-05,0.00032396150017514,-0.000120717144652763,-2.90223562907542e-05,-0.00078061309238874,0.00151024711512054,7.39291791433735e-05,0.000285795035737176,-0.000310465422346247,1.31430575351523e-05,-1.25311002740573e-06,-0.0182036971894772,-0.00656296986547694,-0.000324578764126831,0.00137431989388724,-0.000140026984543461,0.000129759227298231,3.77596264943293e-06
"north_west","rel_p_H_omicron",-2.72253239804692e-06,3.83991990247248e-05,1.39067691440948e-05,1.32481625856708e-06,3.21149057841128e-06,2.7926875121882e-06,-3.78777516003699e-06,2.21720171099627e-06,-5.02339456023823e-06,6.85701547675289e-06,-4.08098680441976e-06,4.36755109812089e-06,3.59239684440448e-06,6.6310837548566e-06,6.68922501018043e-06,2.2560873868926e-06,4.61390231856326e-06,-6.76168924048058e-07,3.04227778467447e-06,-3.62927316767912e-06,6.42172805216586e-06,-3.45044988203092e-06,4.11029080348927e-06,-2.67519363458498e-06,4.23378329636478e-06,-3.31214793525433e-06,6.52835793259121e-07,1.18460903897568e-05,1.47462879639219e-05,1.28422405174993e-05,2.48966171156568e-06,3.91417948082997e-06,5.98936445197162e-06,2.26209843522719e-06,-2.00623090327266e-07,-2.00051589095017e-06,3.8563498035038e-06,-2.30577649310961e-06,1.51457328164705e-06,-2.65637056224425e-06,6.77249623476386e-05,-5.89835476337866e-06,-5.87106722924245e-05,-5.10710666835016e-05,-0.000192513187699803,2.63596227839081e-05,3.86265275838294e-05,3.57928578580644e-06,4.22734783700021e-05,-1.84646103891007e-06,-1.50494735446851e-05,1.48137229391187e-05,-0.00180728096357172,-3.21548891854276e-05,1.6525653045126e-05,-1.54941035181623e-05,5.81931669897211e-05,-4.59172637447225e-07,4.43445906360029e-06,1.95316477544713e-06,-5.50589575521918e-07,9.20963166566791e-06,2.03178248330943e-06,-1.00784138953022e-06,2.23864088338745e-06,-9.42929965143786e-07,3.41648990621827e-06,7.6659445477334e-05,0.00018304556147504,3.90920531998128e-05,0.000102541879008047,-6.02913548484074e-05,7.39291791433735e-05,0.00276700198446472,0.00015520076400528,8.71747980807676e-05,1.0484188350333e-05,5.09485851399e-06,-0.0189142095208554,0.0127156403496293,0.00328783154622714,0.00152058462368017,-0.00019577298570257,0.000149788355270559,-0.000158240668288751
"north_west","rel_p_ICU_alpha",-6.48822709502967e-06,-6.37932535251111e-06,6.70412772195398e-06,-3.26113207599632e-06,-5.06133247543069e-06,-1.85842044329956e-06,2.33272711174085e-06,5.02028579308119e-07,5.29597072190606e-07,-5.24387398545129e-07,-2.08333266906214e-06,-8.17354580733644e-07,-1.34107720144519e-06,9.87448894630569e-09,-1.6006308017914e-06,1.77395808472889e-05,-3.61768478971706e-06,-8.81243506787071e-07,-2.97148620060497e-06,7.11542828438925e-07,-1.75230883609923e-06,-1.55322711478314e-06,-1.99546526979205e-06,-2.25735000907071e-06,-1.86498817446925e-06,-6.52024118829416e-07,-7.57143950942437e-07,-3.06475472596146e-06,8.66763112812467e-07,-3.25404730371644e-06,-1.57468724047561e-06,-7.06469334021523e-07,-2.16849916159319e-06,-1.1808545270939e-07,9.00614443964963e-07,-1.73327187731932e-06,1.31533622116433e-06,-1.28906803870835e-07,-1.12847966837944e-06,1.28969106295683e-06,-4.68601737882979e-05,1.2791940008174e-05,-2.66117393249944e-05,7.51310919671107e-05,8.58458345631677e-05,2.31136838734323e-05,0.000197798545422115,2.15890717572975e-05,-1.36463727993106e-05,-2.11885944745699e-05,7.92482370112966e-06,1.93074430727007e-05,-0.000103854105316459,-1.43183888431317e-05,1.94447149564921e-05,-3.24982773593936e-05,2.04783445482913e-05,2.81877400325115e-07,6.66676478813621e-07,1.21376171808804e-06,5.45591601500248e-07,4.84486268408746e-07,3.97300574595474e-07,3.27209220354218e-07,6.88449335694682e-08,3.81287254289081e-07,1.18539869410381e-06,-2.84721477212468e-05,0.000134201615080131,-0.000194921158009425,3.95696710390374e-06,-0.000347418634614461,0.000285795035737176,0.00015520076400528,0.000844934067774799,-0.000491616678919674,7.64514542256396e-06,-1.99939637072871e-06,0.0047671205453352,-0.00132487362287057,0.00176591406288057,-0.000668241561208376,5.29699183675656e-05,3.21956158059661e-05,1.04420303273727e-05
"north_west","rel_p_ICU_delta",7.8481839192053e-06,1.26117738442869e-06,-1.42022744574565e-06,1.51650252293221e-06,2.54531340628628e-06,4.41441954249826e-07,-1.19631864499839e-07,-2.35850295239199e-06,1.43383472073509e-06,-1.52385925256994e-06,2.7076112910893e-06,5.29498995664314e-07,1.50467991636636e-06,-3.272895032695e-07,1.75920274588868e-06,-1.05221771761506e-05,4.17369435391055e-06,7.47763824326467e-07,3.49985912813911e-06,-1.61118664361006e-06,2.3634438738262e-06,1.64869511444985e-06,1.90866671921395e-06,2.54822798712349e-06,1.81939257305888e-06,1.4093063949366e-06,7.61357206720538e-07,3.57018208051669e-06,5.02917000275041e-07,2.60311459619987e-06,2.15184365390242e-06,6.95086896257758e-07,2.99908712775158e-06,6.85587845150893e-08,-6.13518763106791e-07,1.01259469807444e-06,-1.15825778961752e-06,1.9778823564771e-07,9.14703711837597e-08,-1.36665563498454e-08,-6.46026538714744e-06,-3.85329438618079e-05,1.77766882365866e-05,-8.7513155770638e-05,-9.1507572765613e-05,-4.21292407796193e-05,-0.000144495526318789,4.49373741508363e-05,3.36307991454653e-05,5.45709188174689e-06,-3.20000761879343e-06,3.99115034627841e-06,-3.53832904242017e-05,2.18483984061424e-05,-6.20088063922727e-06,5.90815004367455e-06,-4.090606262221e-06,-1.50691164503225e-07,-1.6648054673227e-07,-1.17814958670637e-08,-5.67706846336667e-07,4.35670754657854e-07,-4.26233633032707e-07,-1.40262662900069e-08,1.58283534626369e-07,-4.21367923764642e-07,-1.24903751864334e-06,1.2742109361488e-06,-8.73592937375414e-05,0.000163327047669342,1.57341366974876e-05,0.000226932210477475,-0.000310465422346247,8.71747980807676e-05,-0.000491616678919674,0.00054934498108514,-3.12230854033267e-05,4.60768499605965e-07,-0.00432769457359996,0.00192834348933653,-0.00151162741094928,0.000426093344211232,-5.08092404016341e-05,-3.96785693661621e-05,-1.06890089291809e-05
"north_west","rel_p_ICU_omicron",-8.11119765093637e-07,-1.78044085387943e-06,-4.69067623623956e-07,8.31382289696736e-08,-2.61089348040341e-08,3.21410103534975e-07,3.41758130380367e-08,-1.10469202486537e-08,-1.64113666724826e-07,6.28413851477816e-07,-7.74431743564521e-07,-3.34675106976329e-09,-2.99061797710007e-07,1.33272111970326e-07,-4.16070920186084e-07,8.64154598617868e-07,-5.48279496309829e-07,-2.67450365416481e-08,-9.11859443860929e-07,9.85665844761409e-07,-5.24261512657995e-07,-1.26928571429295e-07,-4.32382995855475e-07,-6.55628777676029e-08,-6.49947186163895e-08,-9.56973706600247e-07,-1.32317693024287e-07,4.22734013524121e-07,-1.48215845759582e-06,-2.27985115160116e-06,-6.29166942620362e-07,-1.00163842159023e-06,-1.17632891927008e-06,-2.6127371809062e-07,6.11727505523618e-08,-3.46055655384783e-08,5.69364971921646e-08,-2.35000713458989e-08,1.83590517887316e-07,-5.09899828179909e-07,1.85262442508166e-06,5.09365270683805e-06,2.76869183291659e-06,1.97366688248726e-06,1.39097009677655e-05,-7.00975363084615e-06,3.1714424686171e-06,-1.9835859481784e-05,4.19004041663601e-06,1.05818794594039e-06,-7.23487415765925e-08,4.28257093569755e-07,-1.39843154170254e-05,-3.14291085219702e-06,-2.86726573437497e-06,-1.04348915888487e-08,-1.77293919303517e-05,1.34138844037935e-08,-4.45361232369601e-09,-3.17811067281036e-07,2.34752348798587e-07,-8.25549048121786e-07,7.85955903970858e-08,-2.1302021678731e-07,4.30512143765106e-08,-5.05889941253568e-08,-5.34531749720816e-09,3.58014471960551e-06,-4.81843639814204e-06,1.39962024567143e-05,-7.22015325626501e-06,-7.35740156166703e-07,1.31430575351523e-05,1.0484188350333e-05,7.64514542256396e-06,-3.12230854033267e-05,3.16454383946605e-05,4.16470778598705e-07,0.000843097684397754,-0.000562083250745326,7.35656245968566e-05,-1.74797279948686e-06,7.46879595134118e-06,1.80536893243191e-06,2.60161347128215e-05
"north_west","rho_pillar2_tests",1.03627926266542e-07,-8.89846321092765e-07,-3.27779988782183e-07,5.68227169148247e-09,9.85359675641238e-08,2.80903349042439e-08,-1.42307069173984e-07,6.41005637011533e-08,8.23685346111011e-09,1.77951530412468e-07,-4.47736063376344e-08,7.88300328178735e-08,-5.10229311956306e-09,7.96957730295031e-08,-5.64560697136972e-08,-2.62758895260776e-08,-8.85072053050846e-08,-5.1678887372435e-08,-1.41045693190738e-07,-1.13776514865885e-08,-4.57493967692415e-08,-1.21742114482145e-07,-5.27106548843255e-08,-9.64208301906299e-08,-1.31714612517754e-07,-2.13529773773979e-07,-6.58489826909257e-09,5.58306719291803e-08,-3.13575127147556e-07,3.10511949881088e-08,-3.26898060925223e-08,-4.67726805000199e-09,1.75039944343511e-09,-8.60741398301805e-09,-7.72070995286854e-09,-3.72245513755375e-09,5.28477624507606e-08,-5.82493994899767e-08,1.17718667438174e-08,-1.10086874651315e-08,-4.69194448230988e-07,-1.81386350693024e-07,-7.39761670590375e-09,-1.79939516962649e-06,-3.12835334597578e-06,1.80248164971916e-06,-8.32014230517959e-07,-6.54997691108697e-07,-3.8431619598119e-07,-5.10631228638113e-07,-1.07624713883878e-07,6.72586324631849e-07,-2.26588253178966e-06,9.91952098325626e-07,-5.80650017959559e-08,6.75667239889067e-08,-1.36075978815185e-06,-1.35011578898892e-07,7.06293001652278e-08,2.09641045980799e-07,-5.8175100962122e-09,-8.96588220493533e-08,4.8140757679264e-08,-1.36175261363962e-07,-4.92583341772742e-08,8.9721924817606e-08,-1.98335816413949e-07,-1.76651479294339e-06,4.4922960400906e-07,2.22743842946252e-06,3.79987462276772e-07,1.75699179639292e-06,-1.25311002740573e-06,5.09485851399e-06,-1.99939637072871e-06,4.60768499605965e-07,4.16470778598705e-07,4.81581805534197e-07,2.56466790052184e-05,2.6470459504954e-05,-0.000146540608598854,3.42641854524737e-05,-1.78791736025877e-06,4.0623617690192e-06,-1.79392294110621e-06
"north_west","seed_date_alpha",0.000212918521647267,0.00247515511648639,0.000222187514591565,-2.9361708144366e-06,-0.000116392495261416,6.27710100720383e-05,-0.000228093649807978,0.000391374015864191,0.000382425880304229,0.000314904686717647,-0.00020340441654233,-0.000815126088611411,-0.00104156824847727,-0.00123489895494001,-0.000850740508215519,0.000654744316910676,-0.00045363443676972,-0.000669066532832255,-0.000845087519673635,-0.000360282832499836,-0.000613771779588774,-0.000867255900224049,-0.000461359464693705,-0.000992676590882213,-0.000801880372068284,-0.00097868694025244,2.5952273535817e-05,-0.000860351150729665,-0.00118228819414899,-0.000867109938211481,-0.000635299776008116,-0.000603245692311866,-0.000875231833194449,-0.00039822845332533,-5.05318514451401e-05,-7.00302863639844e-06,1.22756078229759e-05,-0.000101454564351265,-1.10129026161369e-05,-8.48816770748811e-05,0.00110192212330931,0.000719204036321033,0.0011176972160791,-0.00318750387396314,0.0105067452893517,-0.00666727344014939,0.000131893535284551,0.00679985990752809,-0.000750038812991224,0.000324301916629491,0.000440563987119626,0.00397465435918715,0.0179447087594122,0.00524307750395764,0.000367815762974918,0.000130579926427464,0.00443869559010546,3.16229804434449e-05,8.91309226243969e-05,0.000298014695272907,-0.000144723851120092,9.81812408759659e-05,-5.04457114300894e-05,-1.59555156202123e-05,-0.000207930938470488,5.15834839686346e-05,-0.00041047563786342,0.00436548359634093,-0.0035984011268695,-0.00177791554822829,-0.0106320570561219,0.000365320920447592,-0.0182036971894772,-0.0189142095208554,0.0047671205453352,-0.00432769457359996,0.000843097684397754,2.56466790052184e-05,5.57553615662922,-0.107341134454942,0.086534015096731,0.0420429674678147,0.0480722229858863,-0.0217605279157779,0.00385092526604092
"north_west","seed_date_delta",-2.68827380263306e-05,0.00314606369969186,9.54067319778151e-05,0.000167629321507447,0.000182371094893661,4.76461083829626e-05,-0.000147712779747647,-1.26771043098156e-05,-2.16760023128439e-07,1.85587190179524e-05,7.30313628906413e-05,3.87153974895473e-06,2.11057094656604e-05,-6.00008890142849e-05,0.000606382933693159,-0.000500384504279226,-6.95199509861789e-05,-0.000112978277362715,-0.00020721418881232,-1.59838459908148e-05,-5.57663834341262e-05,-0.00016548104543257,-0.000160287612524912,4.945426695214e-05,-0.000344015679682807,6.14806021081701e-05,2.5817364663493e-05,-0.000199729802544088,-6.40462714343197e-06,0.000176380552801152,-1.80210742634949e-05,4.49836543623309e-05,4.33775680017711e-05,-5.57009341732806e-05,-1.65637814389264e-05,-2.26531815018027e-05,-4.73042640204368e-06,3.61418478297174e-05,-6.65666792306636e-05,-3.87274123146661e-05,0.000921825867334041,0.00137174665936778,-0.000892776746607369,-0.00219889388008683,-0.000300293547415227,-0.00441661207022735,0.0011104410230078,0.000748422585041169,0.00070737336027223,0.000618296242304127,0.00024404083644125,0.00111061863292495,-0.00644518421202462,-0.000469560385481891,0.000298505971024093,0.00011929887149584,0.00157293278787477,-5.47540366461208e-05,-3.75325064273374e-06,6.75788681117655e-05,-5.24486701873586e-05,8.93679872783717e-05,2.32707397412983e-05,4.35527612728274e-05,-3.20573951013281e-06,1.0079681882213e-05,-0.000103142415887814,0.00386647816657234,0.00145916132645747,0.00441807429886747,-0.00178584157241358,-0.00104806702563479,-0.00656296986547694,0.0127156403496293,-0.00132487362287057,0.00192834348933653,-0.000562083250745326,2.6470459504954e-05,-0.107341134454942,0.997995830942391,-0.022898680543081,0.0532523352918815,-0.00148483336233643,0.0068653921076766,-0.00400956866491163
"north_west","seed_date_omicron",-0.000233163393766503,-0.000353665466353211,0.000202162355675879,-0.000144023690783959,-8.36360432230594e-05,-7.29139028135093e-05,0.000175113305289501,-1.66230510788786e-05,2.17540232799079e-05,-5.41879340582214e-05,0.000199210198098455,-7.82390882117122e-06,1.52054391695722e-05,1.33181696099068e-05,4.14769705425454e-05,0.000345219748973644,5.45616502326183e-05,1.37999913540608e-05,3.09556974129659e-05,0.000117728404441166,1.58876482946729e-05,0.000115702982115166,3.01246945884806e-05,4.65941672451498e-05,0.000121360960867956,0.000167202351912064,1.17837277671318e-05,-6.00198507484651e-05,0.000435475567477801,-0.000555342084718032,-0.000246864666783967,-0.000411761217416429,-0.000335828327369691,-0.0004486260179096,1.00467282413387e-05,-2.15022476659185e-05,1.37402499974604e-05,1.56649835497634e-05,-5.69596649106085e-05,2.05237527567891e-05,-0.0011765705905478,-0.000753146197652066,-0.00118098148764044,0.00052854418508924,-0.00121842390387716,0.000243668721661667,0.00152573061374317,-0.00169505882361067,0.000303330872974651,-0.000314921957610972,-8.52903216312413e-06,-0.000630910807286956,-0.00137302714180735,0.00068524861214985,0.000681385121362407,-0.000110601890091252,6.89055450178848e-05,9.79573945921526e-05,4.79303385464616e-05,-0.000139176987492405,3.71239000560284e-05,8.23325736622149e-05,-9.90036948407189e-06,-5.94906236629285e-06,5.02572328265698e-05,-5.23568766091675e-05,0.000234290900683534,-0.0022987936896951,0.00225634347635576,-0.00251889859587987,0.00022181975340506,-0.000598797819137681,-0.000324578764126831,0.00328783154622714,0.00176591406288057,-0.00151162741094928,7.35656245968566e-05,-0.000146540608598854,0.086534015096731,-0.022898680543081,0.565206832146722,0.000485657454359962,0.000104528974638711,-0.0014563410363533,0.0123444777175164
"north_west","start_date",-8.04229306990329e-05,0.00102287829095105,1.47229265406423e-06,2.70259518802788e-06,0.00046397721288829,6.67494578362126e-06,-9.33291689521677e-07,1.4970704620415e-05,-2.02317441566747e-05,4.56522419882756e-05,2.27146202979296e-05,4.73273151247094e-06,-7.34237532964611e-06,-3.27702376303997e-07,4.50879788982374e-05,-0.000128011427121025,-6.53913618713335e-06,-4.07563518894873e-06,-7.92793633654373e-06,-2.69236722455939e-05,2.62678270218252e-05,-1.99580789127047e-05,-5.72323604258302e-06,-1.49997444767255e-05,-1.47777901024597e-05,-1.00546868837251e-05,-1.72572317013778e-05,-2.32967177420416e-05,3.97296488505376e-05,5.93109208967301e-05,8.86180567327957e-06,1.30540093650588e-05,2.5936196119811e-05,1.32177339879663e-05,1.31326276735993e-05,-2.28508804755635e-05,1.75418939999245e-05,1.58322237853443e-05,-2.69229108765982e-05,-1.26928203068363e-05,-0.000195824841544376,-0.000131963952477286,-0.000816137351076546,-0.00044293445131145,-0.000560016942578069,-0.000230672948212151,0.000357876169329991,-0.000555800394368621,-0.000286509156745135,-0.000151875691524615,-0.00012089712720529,-1.49445082164848e-05,-0.00125429818202574,-0.000127962498553112,-6.33941124152772e-05,4.55201676433128e-06,-0.000432432118833162,-1.37185375849292e-05,-3.35137772063629e-06,-4.48122009523843e-06,-2.64884116169656e-05,-3.43111098311666e-06,1.71572643472264e-05,-1.81425702259067e-05,-8.31508768971285e-06,-1.37990171588124e-06,-1.71820211066465e-05,0.00050257698478359,0.00241262494153398,-0.000609459360192546,-0.000380905269238835,-0.000166812468008478,0.00137431989388724,0.00152058462368017,-0.000668241561208376,0.000426093344211232,-1.74797279948686e-06,3.42641854524737e-05,0.0420429674678147,0.0532523352918815,0.000485657454359962,0.148525767846637,8.8947201320321e-05,4.05527894668991e-06,-0.000921552888940011
"north_west","ta_alpha",-7.71741866087118e-08,1.1490028684736e-05,2.74230736348798e-06,8.80204345389263e-07,-1.35927073630107e-06,3.06043521188969e-07,-1.6027702685028e-06,4.11980314470532e-06,1.85791761679226e-06,-8.61353963704019e-07,-5.63367813235685e-06,-9.03217300814832e-06,-1.01074181091584e-05,-1.20767885749908e-05,-8.90017156045873e-06,6.30748629889799e-06,-4.51074726342193e-06,-7.53654136356438e-06,-6.15024360774087e-06,-5.83973071072486e-06,-5.59530917231314e-06,-8.82007137929475e-06,-5.22826389050605e-06,-9.09864222900654e-06,-8.56478873274779e-06,-9.74003892506226e-06,9.43086062526847e-08,-8.48938810803367e-06,-1.27043123408111e-05,-9.69080996506013e-06,-5.59660899774081e-06,-6.21397080381959e-06,-8.75165153577475e-06,-3.74544204107598e-06,-2.28308731115022e-07,-1.1752773528196e-08,-1.73996948966563e-07,-2.5035029780898e-07,-1.62591531989623e-08,-1.69271045240268e-07,2.29552065396004e-05,1.7159925371318e-05,1.3254759857013e-06,-4.32540724804797e-06,0.000104020260183169,-6.65274659133069e-05,9.16031655494892e-06,6.38717321688341e-05,-3.46785445072295e-06,3.84155746118719e-06,5.2812737923837e-06,1.15159587936889e-05,0.000158530826691827,3.53708214360383e-05,5.64635008062091e-06,1.35843801833954e-06,4.06624707649744e-05,7.70229932852612e-07,2.68253400138456e-07,1.95092962388423e-06,-1.36741863450018e-06,2.20320020399277e-06,-6.22099551583879e-07,6.29828792709986e-07,-1.81381510103524e-06,7.86692516992066e-08,-3.45411830227277e-06,4.77878105301636e-05,-4.80643091456076e-05,-2.75684154012267e-05,-9.07098515620302e-05,1.88931084567445e-05,-0.000140026984543461,-0.00019577298570257,5.29699183675656e-05,-5.08092404016341e-05,7.46879595134118e-06,-1.78791736025877e-06,0.0480722229858863,-0.00148483336233643,0.000104528974638711,8.8947201320321e-05,0.000485186034830183,-0.000205968103679807,3.00053660657655e-05
"north_west","ta_delta",5.48931304486441e-06,-2.17989779527911e-05,7.5443201712052e-08,-9.92619685087728e-07,1.49788541868906e-06,3.86834351143145e-07,3.39941919058286e-06,-4.22352871035711e-06,2.3138999445318e-06,-5.08488784077193e-06,6.63002103778523e-06,3.41586751590091e-06,5.29276025606072e-06,6.40919878390441e-06,-4.15805519676814e-07,-6.18859597523544e-06,-1.46586000323514e-05,-4.78611187934353e-06,-1.418368703093e-05,-4.04946511801515e-06,-8.13055312321905e-06,-8.56260529442051e-06,-1.18254544447267e-05,-6.06923194740132e-06,-1.60041225932441e-05,-8.75231514139133e-06,6.48627258839564e-07,-1.18750588698927e-05,-1.01178192159879e-05,1.23565379481267e-06,-5.74770638956882e-06,-3.12229868658051e-07,-4.7089863149698e-06,-1.8276627787495e-06,-2.03092915648298e-07,3.54328079345447e-07,1.17967152349329e-06,-1.18512253282735e-06,3.03854155073366e-06,-1.80636215888685e-06,-1.73748702933063e-05,1.88695955407535e-05,3.6861087565754e-05,5.18798337121724e-05,1.82077977913472e-05,8.44112974291103e-06,4.04142919339834e-05,-6.28270607243728e-05,1.83400547459197e-05,2.35229642214604e-06,5.57890450046518e-06,-2.94964316766576e-05,-0.000131798750028239,-2.03750941767637e-05,-5.98754361080826e-06,-4.3587534603051e-06,1.62940184933724e-06,-7.97535254817961e-07,4.40327725399548e-06,2.516364856508e-06,9.70181072103971e-07,1.60528488227481e-05,9.46236858895658e-07,-4.03827354218317e-06,1.72391659109039e-06,-1.12654211258855e-06,5.08118598051585e-06,3.13802412736553e-05,-0.000126814633411985,1.59765393084572e-05,1.27772803647234e-05,-3.87696751552049e-05,0.000129759227298231,0.000149788355270559,3.21956158059661e-05,-3.96785693661621e-05,1.80536893243191e-06,4.0623617690192e-06,-0.0217605279157779,0.0068653921076766,-0.0014563410363533,4.05527894668991e-06,-0.000205968103679807,0.000625633073718237,-0.000142158483413222
"north_west","ta_omicron",-2.09861462378488e-06,-5.08249175182664e-05,2.7438226534322e-06,-3.17569588284168e-06,-5.00134363952284e-06,-9.32265352256129e-07,2.24428897016705e-06,-2.69838142664131e-08,-4.86549178257865e-07,4.6656653187466e-07,-7.38399602524539e-08,-6.53882703453877e-07,-7.80960265384388e-07,-1.72647686595959e-06,5.65853418213642e-08,9.66017109966611e-06,2.66269130889692e-06,1.4140737719652e-06,3.18626900696629e-06,1.9152600057643e-06,1.29440365495315e-06,3.61005007194841e-06,1.89766538279089e-06,1.43483907074039e-06,5.98963991973388e-06,2.36548275011552e-07,8.62807842328757e-08,5.30387820268908e-06,-1.66580414490478e-06,-3.0391975377311e-05,-8.44879455683763e-06,-1.6468432121581e-05,-1.4241275672903e-05,-1.58024161440379e-05,1.95829718060122e-07,-4.30539962440017e-07,-1.47448284750514e-07,3.33062625991773e-07,-1.09644763504849e-06,-1.56604274033986e-07,-5.80887054673254e-05,-3.43877995585265e-05,1.61761048462034e-06,6.29800372318333e-06,-4.81336643861724e-05,-3.63001528701317e-05,3.81470632573661e-05,-7.31276312324982e-06,-9.67487255961307e-06,-1.19387790187453e-05,7.59010060008712e-07,-1.68242323805749e-07,0.000119423723085847,2.80761490646915e-05,9.86029033330567e-06,2.50632976240085e-07,-1.87302418328485e-05,1.24583627566601e-06,-1.05239753038744e-06,-2.23856327892727e-06,1.39798569102916e-06,-7.38725765069642e-06,-5.95443667643454e-07,4.07383303296901e-07,1.15810108346669e-07,3.01529230012932e-07,1.14846774221519e-06,-4.01997258948097e-05,2.09029981672005e-05,-2.5872117602007e-05,2.99749580629304e-05,-1.30532489075033e-06,3.77596264943293e-06,-0.000158240668288751,1.04420303273727e-05,-1.06890089291809e-05,2.60161347128215e-05,-1.79392294110621e-06,0.00385092526604092,-0.00400956866491163,0.0123444777175164,-0.000921552888940011,3.00053660657655e-05,-0.000142158483413222,0.00054488647347326
