"region","name","alpha_admission","alpha_D","alpha_death_hosp","alpha_H","beta1","beta10","beta11","beta12","beta13","beta14","beta15","beta16","beta17","beta18","beta19","beta2","beta20","beta21","beta22","beta23","beta24","beta25","beta26","beta27","beta28","beta29","beta3","beta30","beta31","beta32","beta33","beta34","beta35","beta36","beta4","beta5","beta6","beta7","beta8","beta9","mu_D","mu_D_2","mu_D_3","mu_D_4","mu_D_5","mu_gamma_H","mu_gamma_H_2","mu_gamma_H_3","mu_gamma_H_4","p_G_D","p_G_D_2","p_H","p_H_2","p_H_D","p_ICU","p_ICU_2","p_ICU_D","p_NC_15_24","p_NC_25_49","p_NC_50_64","p_NC_65_79","p_NC_80_plus","p_NC_weekend_15_24","p_NC_weekend_25_49","p_NC_weekend_50_64","p_NC_weekend_65_79","p_NC_weekend_80_plus","p_W_D","rel_p_D_alpha","rel_p_D_delta","rel_p_D_omicron","rel_p_H_alpha","rel_p_H_delta","rel_p_H_omicron","rel_p_ICU_alpha","rel_p_ICU_delta","rel_p_ICU_omicron","rho_pillar2_tests","seed_date_alpha","seed_date_delta","seed_date_omicron","start_date","ta_alpha","ta_delta","ta_omicron"
"north_west","alpha_admission",7.49639230184963e-06,-4.11877607413413e-07,1.87548714125877e-06,-1.33224835599052e-06,7.14233161157855e-08,1.131796521264e-07,4.24574810509772e-07,-1.95855912832305e-07,1.97133957935028e-08,-1.01622329279137e-07,5.45865072019522e-08,-7.59592512232311e-08,4.35089414208393e-08,-1.59533948280754e-07,1.35875918087537e-07,1.91113643952381e-06,-2.55804519795065e-07,4.60367178221557e-09,3.03102796476248e-08,2.23444796561544e-07,-2.19161768017625e-07,-3.92763555338899e-08,4.61805147405801e-10,-8.42281755392417e-08,-1.62955833928188e-07,8.32174122125709e-08,1.028147408882e-07,-2.91365758299428e-08,-8.23405504269262e-08,3.10474671071853e-07,-4.2558852081141e-08,2.97829048709078e-07,4.00298309456122e-08,2.75869572516965e-07,1.57002356705498e-08,-9.61317342169007e-08,7.46280814464095e-08,-1.26554671649785e-07,6.1090930890903e-08,-1.53732967162627e-07,2.03018266844963e-06,5.91073996017517e-06,1.05922260568044e-05,1.17014442348881e-05,8.77477573607659e-06,8.42747764392057e-06,-4.35162507564516e-06,3.5314575878137e-06,4.2143627606492e-07,-6.81491388392474e-07,9.88777528082427e-07,2.86903755678312e-06,-1.41821665230801e-05,-4.26976524004821e-06,1.49161921295047e-05,-1.62420131345331e-06,-1.0943619616847e-05,-3.20821790919372e-08,-1.20732631957537e-07,7.96024209795278e-08,-1.3074886359857e-07,-4.07639646584223e-07,-4.16941076350544e-08,-9.26004858992452e-10,-2.35044770865292e-08,-3.05793993512225e-08,1.05105053356332e-07,-1.30130129575087e-05,-1.73483205565446e-05,1.66187939757297e-06,1.53261814945719e-06,-2.77286033747609e-06,-7.61512630928987e-06,6.52764074905842e-06,6.01341313037461e-05,-9.00823070102935e-06,-1.37844813698317e-05,2.36608185327049e-07,5.44510968845993e-05,-2.77879940568893e-05,-1.91854382825014e-05,0.000155492925518574,1.28045426139846e-06,4.66005616443683e-07,-1.4297591325038e-06
"north_west","alpha_D",-4.11877607413413e-07,0.000619367579914952,-4.47485269005263e-06,1.49998541997657e-06,-5.25896134649518e-06,-2.4994910553304e-07,-1.19556100441789e-06,1.47393429766639e-06,-6.03605076060682e-07,2.2192777662218e-06,-1.80875484596468e-06,3.4770825852834e-07,-2.23422794752835e-07,1.79353545320896e-06,-7.1086468734223e-07,1.04234271431765e-06,1.37929451208553e-07,1.2284695871153e-07,-1.47501663521634e-06,3.53392532811992e-06,-1.07957322734417e-06,3.03176132350714e-07,-2.20113484061117e-07,-1.52078062282133e-06,1.11459869114116e-06,-4.68642512757759e-07,-9.7767386778077e-07,-1.166325340148e-06,-4.76838313187895e-07,6.2482788471527e-07,-5.38004419966623e-07,5.45674802566289e-07,-2.48643240707958e-07,2.06930035927826e-06,1.34301433343984e-06,-2.36462491996202e-06,2.87658836811762e-06,-9.59556455761793e-07,1.55617887661296e-08,1.28757284969126e-06,1.85689458638061e-06,2.71447481852506e-05,7.95845665021951e-05,-4.89861202360923e-05,-6.21293842323954e-05,-1.25063280859804e-05,8.00415771892431e-05,-3.49404431202203e-05,1.0527249600238e-05,-5.46543512991022e-05,1.57132813310451e-05,-3.00442442483179e-05,2.34554712240774e-05,-7.90854162471021e-06,-3.13216533763154e-05,1.71427911709424e-05,2.67208136453511e-05,1.23263071314622e-06,4.09239284426093e-07,1.48112439825876e-06,-5.81796507125397e-07,-2.62939627568793e-06,-1.53895304916434e-07,2.04026892965528e-07,-6.0039566984436e-07,-7.69326021276335e-07,-1.44871574875201e-06,7.44069132797878e-05,-0.000297690047317735,0.000253298298109878,3.36736457090309e-05,6.26561641080108e-05,0.000102685301705839,-0.000121044718964544,0.000317505162055214,-0.000745080186253067,-2.73301768276783e-05,6.3683626407833e-07,0.000704556843623965,-0.000461114565525168,8.5435796108464e-05,-0.00209438456992981,-5.96675308423689e-07,-3.30321641932582e-06,8.34868849887243e-06
"north_west","alpha_death_hosp",1.87548714125877e-06,-4.47485269005263e-06,1.2857934841525e-05,-1.39505186401509e-06,-4.07756374845458e-07,-5.08493036443027e-08,5.57876714862848e-07,8.44995470330522e-08,-2.98580477376854e-07,-1.21675667950077e-07,2.58514558990549e-07,6.15762102329585e-08,1.03289280981843e-07,-1.09819696573949e-07,7.89880515840828e-08,3.27026264364529e-06,-1.58240133089285e-08,4.3083223681153e-08,-4.6641492236483e-08,2.09978504629243e-08,1.05270134485147e-07,-1.56862623674515e-07,1.49018861540931e-10,-3.83156515725475e-08,-3.44034125655366e-07,-5.95664164035968e-09,1.51435635492698e-07,2.10676964742196e-08,-2.72298402792103e-08,-1.59316243495484e-07,4.34418535167905e-08,-6.19147493861116e-09,4.68402730285162e-08,3.56593054121305e-08,-4.85862696380833e-08,-2.76813250699094e-08,1.44569018782089e-07,-2.08538389988047e-07,1.53315387755161e-07,-1.49229184236602e-08,1.18675077706811e-05,1.73493019098326e-05,7.82622913381198e-06,1.82818358913615e-05,1.30456174581588e-05,1.17611096347353e-05,-1.71035910248368e-05,1.83902106898956e-06,-7.49970665117645e-07,-4.66052810788002e-07,-4.94024480483393e-07,-6.27644767672729e-07,-2.41596727139591e-05,-1.14604187558046e-05,1.5982689746052e-05,3.13580598461022e-07,-2.1984038481264e-05,1.47906347181134e-07,-1.81664876164849e-07,1.01240737495414e-08,8.03724060257553e-08,-1.66955371437034e-07,4.40658901146287e-08,-1.56155350203808e-07,-7.92722175111847e-08,3.04093960821206e-09,3.61062943062491e-07,-2.35114562165915e-05,-5.98066355788579e-06,-3.59280194015404e-06,4.02827276051483e-06,1.25022492854874e-05,2.4735748477638e-06,2.27401520962913e-06,-2.91447458372097e-06,-5.48529813071046e-05,-7.95169185620233e-06,7.85296658297962e-07,-0.000449964037182896,3.32098064651818e-05,3.33878742957037e-05,2.80170304116424e-05,-3.32542663060982e-06,8.06021406618323e-07,5.22135917566068e-06
"north_west","alpha_H",-1.33224835599052e-06,1.49998541997657e-06,-1.39505186401509e-06,1.78399879478976e-06,-1.21115826705346e-07,-1.38933125591125e-07,-9.52781277303445e-08,7.04788039005249e-08,2.61822427450661e-08,1.23912686488114e-07,-6.31668687700149e-08,9.10074240372248e-08,3.0448472311849e-10,1.0887497388288e-07,5.37238511556244e-09,-1.59681539237789e-06,1.612458556198e-07,4.31813805753252e-08,2.67938054993397e-08,6.93706642000919e-08,7.95295135128585e-08,7.10576817234923e-08,9.02856655162266e-08,1.62744325189473e-08,1.22784300784878e-07,6.30826516239068e-08,-1.65063745889698e-07,-5.60789931162849e-08,2.16282722247903e-07,-1.45604133550875e-07,8.59186236060318e-08,-6.53167917961392e-08,5.17025359485584e-08,-2.5042879760244e-07,1.49223713544086e-08,7.79405153160622e-08,9.85073620316697e-08,5.22311615489735e-08,1.87358272343805e-08,7.13688073106147e-08,3.64736532260643e-06,-1.81766648201572e-07,-4.65801165538689e-06,-3.90543248422076e-06,-4.99605829754164e-06,2.93248621016202e-07,1.32372176270306e-06,-6.85468343587002e-07,-1.15007706326654e-06,9.45242766599865e-07,-2.99537117922489e-07,-4.92224269579392e-06,6.31770542275624e-07,3.16753660089681e-07,-7.34700591946095e-06,-2.4496548836398e-06,1.35922166384884e-05,9.36841239297228e-08,7.63846558803777e-08,-1.28003495610108e-07,-1.0971358605071e-08,2.53144851413058e-07,6.14854867638578e-08,1.51675613340708e-07,2.88941626588936e-08,-4.00834652918605e-08,-4.1068354880798e-10,4.67289640921411e-06,5.29957107235534e-06,-1.70053504489595e-06,2.70775494710498e-06,9.27561857012064e-06,6.79226543989507e-06,-3.03341180222887e-06,-3.17076623863363e-06,2.82355309343641e-05,1.29240720798373e-05,-1.88961551271803e-07,-0.000150849419534158,-5.50989862388046e-06,3.02096543345045e-05,-0.000202353992801826,-1.76439870646961e-06,-1.06561160464711e-06,1.62275300200739e-07
"north_west","beta1",7.14233161157855e-08,-5.25896134649518e-06,-4.07756374845458e-07,-1.21115826705346e-07,2.23299643896224e-06,4.71354684860309e-08,3.64248223466242e-08,-1.17680050731217e-07,7.17387485501076e-08,-1.9623893850389e-08,8.59484652404416e-09,-5.06116676612044e-08,-5.01045175991973e-08,-5.14147534678643e-08,-9.83586694086897e-08,-3.13403899560205e-06,2.44907654498007e-08,-7.04727150097141e-08,2.90880445114038e-08,-1.19753821572903e-07,2.46898065112504e-08,-3.95521084843597e-08,-1.63151138624936e-08,1.68985202370316e-07,-9.56051548599672e-08,-6.57295968354077e-09,1.28972043763896e-07,1.50693032032179e-07,5.61589501722555e-08,-4.18215400133973e-08,5.46208271953796e-08,1.53881367860948e-08,1.0685327307676e-07,1.68477648772584e-07,-9.3467380212848e-08,1.24277033625017e-07,-2.39734441221056e-07,1.49202643274597e-07,-8.57685249647294e-08,-1.11114374396256e-07,-5.0275224067726e-06,-2.98416887653617e-06,4.14481678982689e-08,-1.4051532313335e-06,1.9688113947891e-06,-5.01345988127483e-06,1.48148196511931e-06,-5.45279172665686e-08,1.15300774115351e-06,-4.18647972488458e-07,-4.14541528921648e-07,2.40898392164369e-06,-6.85721565988367e-06,6.47947430769899e-07,-3.82287730880042e-06,1.85881773941001e-06,-3.62956298294428e-06,-1.20652667511566e-07,2.90391776474393e-08,7.63517453299821e-08,1.94522943619186e-08,-1.16663260948618e-08,-6.29372556253163e-08,-1.01835128425645e-07,1.97955136148821e-08,6.29976578075985e-08,-1.96465646874257e-07,1.54905010093328e-06,7.12717732896184e-06,-3.35272189423789e-06,-2.37301829887517e-06,-1.21375080329872e-05,-3.21714332716965e-06,8.88548939699817e-06,-8.03070370545378e-06,-1.06393546201887e-05,1.12889306076328e-06,-7.87340773279113e-08,0.000262329368117612,-2.20971142297028e-05,-4.77615845289021e-05,0.000717344077676657,2.63304291128833e-06,-1.76686483443906e-07,-2.45180255393239e-06
"north_west","beta10",1.131796521264e-07,-2.4994910553304e-07,-5.08493036443027e-08,-1.38933125591125e-07,4.71354684860309e-08,3.29714112078541e-07,-3.81835168958164e-07,1.32808709309166e-07,-5.66704428502353e-08,9.32729981817323e-08,-2.70898675547741e-08,-1.11866507520283e-08,1.2003778878055e-08,-5.12343400735694e-08,2.43028055125367e-08,-1.05929447878639e-09,-3.1167544294987e-09,1.81258925145731e-08,-1.29752821299003e-08,-4.4309455918237e-09,2.40162095494033e-08,5.92542142979556e-09,2.1999739543443e-08,-1.38819118537404e-08,7.35692142384277e-08,-2.7423857337625e-08,3.46315410573528e-08,4.8235182108212e-08,-1.94063358682573e-08,4.92594328477085e-08,-1.26119553561969e-08,1.09496589175229e-09,-1.025740444838e-08,3.39943713445294e-08,-3.41372554304116e-09,5.79470368120054e-09,-7.76279831928182e-09,-5.03307778441157e-08,1.84651254283064e-07,-2.84609772365886e-07,-1.34172788394624e-06,-9.21426337850619e-07,-1.43168668749222e-06,-1.6881765402599e-06,5.4462527471448e-07,-6.70129601558949e-07,-2.38484196664583e-07,6.22696629071408e-07,-2.36760956826917e-07,3.60699576661667e-07,7.36391541489973e-08,-7.77126759646342e-07,-5.0150883467031e-07,1.12723232380268e-06,4.65122969211548e-07,9.29593335577617e-07,-1.40583857720672e-06,-1.24047433023488e-08,3.12759776048527e-08,2.86446176481154e-09,-6.41612684839368e-09,-3.12070478072546e-08,-2.01430623223298e-09,1.18229058408937e-08,1.98005993984613e-08,1.34105938262071e-08,2.6757139270681e-09,2.86902333930088e-06,1.52387800002126e-06,-1.58076980146024e-07,-1.87376987604558e-06,9.91556270370334e-07,-6.77077398278839e-07,1.41352950407926e-06,-1.09170910383448e-06,-1.51520786627496e-06,2.20504281691415e-06,-5.04189707367364e-08,6.0356538293601e-05,-4.34159181265218e-06,-2.47449200757006e-06,2.12314950948233e-05,7.44019500582239e-07,-6.34578914319875e-07,-5.10176186261016e-07
"north_west","beta11",4.24574810509772e-07,-1.19556100441789e-06,5.57876714862848e-07,-9.52781277303445e-08,3.64248223466242e-08,-3.81835168958164e-07,9.97554823312063e-07,-5.42013007173263e-07,3.14500890358094e-07,-3.81237793253189e-07,2.29746246602556e-07,7.47303657134087e-09,3.1819050755465e-09,9.07058819144477e-08,-1.84670982225775e-08,5.026156644865e-07,-2.31471506396684e-08,-1.67824230961109e-08,4.25852727830043e-08,-5.84276270204992e-09,-4.02020403927778e-08,-5.06356276795293e-08,-5.61798909085544e-08,1.83350502432009e-08,-2.09715670583831e-07,1.69716266544249e-08,-5.2461293933879e-08,-1.18858426149988e-07,-9.08193334363724e-09,-1.94652166634844e-08,4.50438287421408e-08,-1.62984534013621e-08,1.14190982016989e-07,-1.23901236764793e-07,2.80919251297478e-08,-1.04784989093531e-08,6.79760216817463e-08,-2.76701102297667e-09,-6.92659008437189e-08,2.23228086619921e-07,2.22373793074378e-06,1.7820044990741e-06,7.14182920326556e-06,6.76943047187435e-06,1.62508608215937e-06,2.83604456480771e-06,2.70476746045658e-07,-1.8720948295689e-06,5.47978961845761e-07,-1.22856199288691e-06,9.36026150908073e-08,-1.48466834945786e-06,-4.56655681349928e-06,-2.67932107942671e-06,2.51772621893413e-06,-1.01536109270561e-06,-1.937203974557e-06,6.20343783082628e-09,-2.92961675137447e-08,5.80443397435225e-08,-7.25563322811247e-09,1.1264771122296e-07,-1.9617723669809e-08,-2.2014653613347e-08,-6.90749574112404e-08,1.26929310840025e-08,2.91562417531833e-09,-8.39124532544495e-06,-1.05276649961043e-05,9.75212220495444e-07,3.94462016325256e-06,5.45510748910208e-06,3.32514980876664e-06,-5.47045184507675e-06,1.53607431896199e-05,-6.37399764132849e-06,-7.7606519963063e-06,1.2315640392963e-07,-0.000203184959400393,9.95007751137028e-06,-6.49022973631975e-06,1.19539868255726e-05,-2.47611524477768e-07,8.67435162303997e-07,4.66926164563978e-07
"north_west","beta12",-1.95855912832305e-07,1.47393429766639e-06,8.44995470330522e-08,7.04788039005249e-08,-1.17680050731217e-07,1.32808709309166e-07,-5.42013007173263e-07,6.8489787946055e-07,-5.1825493178018e-07,5.65553989043421e-07,-2.72452703547214e-07,3.05681957080347e-08,3.63825394729879e-08,-1.22155060836402e-08,4.68275673008561e-08,-3.80232247149844e-08,4.91415131702833e-08,4.02123379917965e-08,1.43376289233571e-09,3.86549719978847e-08,4.42859950560467e-08,6.26709536795727e-08,3.37846558263473e-08,-1.66136522767876e-08,1.67835067170455e-07,3.49914144645002e-08,1.80894108253809e-08,1.48217419415942e-08,4.96195103187186e-08,-7.87258281914243e-09,-3.9071957337634e-08,1.67954028085836e-08,-1.02078144357225e-07,7.89576217477909e-08,4.48505106322605e-09,1.23745910301701e-08,-2.02527134992223e-09,1.65317306475851e-08,1.2713492114758e-08,-7.32680021087495e-09,4.44185734822421e-07,1.0307692814586e-06,-3.27290430655865e-06,-2.93383928918962e-06,-5.26160414261268e-07,1.4558599344134e-06,-1.92785148980459e-06,3.49468855341872e-07,-4.06638077074542e-07,1.01194704445496e-06,1.00673826443422e-07,-2.18105042028431e-06,7.46050442272195e-07,1.20922695412071e-06,-4.59789340121769e-07,1.94938252156178e-07,1.12614523864077e-06,4.85637706570426e-08,5.1738712481325e-08,-1.83248590450112e-08,4.35306105506486e-09,-1.41591641463948e-07,1.62099502890845e-08,2.9396368217452e-08,4.58199145774747e-08,-1.20713451223566e-08,9.36033407763379e-08,3.28127228522125e-06,8.85897383446306e-07,9.64544093870926e-07,-1.80606765812678e-06,4.41524295341563e-06,9.11730117077676e-08,5.79581799369122e-07,3.75744213572181e-06,-1.46877493906075e-06,7.39532883589294e-06,-3.3392699535406e-08,7.75155624574466e-05,-3.92840729446873e-06,3.13795369490611e-05,-5.68728783856734e-05,-6.4172439156742e-07,-6.82561553901529e-07,7.25641954452562e-07
"north_west","beta13",1.97133957935028e-08,-6.03605076060682e-07,-2.98580477376854e-07,2.61822427450661e-08,7.17387485501076e-08,-5.66704428502353e-08,3.14500890358094e-07,-5.1825493178018e-07,6.10420458742048e-07,-7.22105314821471e-07,3.86104513079206e-07,-3.27151134057809e-09,-1.70209420669036e-08,6.92426903478283e-08,-2.47135879110242e-08,1.29185967886755e-07,-2.42816778270773e-08,-1.69003205798213e-08,2.00385787703466e-08,1.41055006498933e-08,-4.63588646500421e-08,-3.60054459076105e-08,-4.57747475177291e-08,-1.02772907891429e-08,-1.11003836615438e-07,-7.17843587791312e-08,-3.18500867716775e-08,-6.30317636100466e-08,-6.68973706831131e-08,1.68609273176587e-08,2.2155656663826e-08,-2.09946051447916e-08,7.32023345163662e-08,-1.01733197271344e-07,1.90832657890155e-08,-1.26371186583459e-08,6.78269032731062e-08,-3.40233366901853e-08,4.53077067580622e-08,1.73964818574452e-08,-1.4319752728402e-07,-1.09379475026862e-06,2.8530500059145e-06,2.75979294267454e-06,3.75499057596169e-07,-9.19756332507808e-07,1.39259426400847e-06,-4.06629255216086e-07,2.0873999389448e-07,-8.60816999874701e-07,5.64183280811383e-08,-1.39285241083077e-06,-8.59129663769223e-07,-1.0169713607054e-06,-6.97551238987805e-08,-4.53502833401602e-07,9.71801831614389e-07,-3.35346005299459e-08,-4.97637240443091e-08,1.31268285146036e-08,-1.75253231027569e-08,1.47040806105127e-07,-1.20762866780149e-08,-9.7889208577814e-09,-4.60808240472985e-08,-1.13758865779982e-08,-9.95093281970296e-08,-7.04886156656245e-07,-3.14152447565399e-06,-3.92104408987378e-07,2.03658431875415e-06,4.00753434164905e-06,3.5855914828108e-06,-5.34050029084328e-06,-1.71278387260495e-06,1.07440303252237e-06,-7.28719967165259e-06,3.10152044362514e-08,-3.56126483538551e-05,6.14447597879924e-06,-1.52450930334685e-05,1.61793529759635e-05,7.25898631467637e-07,3.11976299571085e-07,-8.0480676462597e-08
"north_west","beta14",-1.01622329279137e-07,2.2192777662218e-06,-1.21675667950077e-07,1.23912686488114e-07,-1.9623893850389e-08,9.32729981817323e-08,-3.81237793253189e-07,5.65553989043421e-07,-7.22105314821471e-07,1.6524966588185e-06,-1.39176670115672e-06,5.6398684536199e-08,-1.54451086998306e-09,-5.68091720997389e-08,3.45092865155979e-08,-6.96108624450861e-07,7.16077993923714e-08,4.34928291894745e-08,-6.70032115772689e-09,-1.11396966977879e-07,1.37853858399336e-07,6.09093557676194e-08,1.04333111148618e-07,8.27153270121077e-09,2.46736633470034e-07,8.15806284111389e-08,6.23194860492761e-08,1.28544061256906e-07,1.27936397533351e-07,-1.50011387988404e-08,5.70580602493726e-09,-1.40800735019967e-08,-9.26386917762349e-08,2.04300692314034e-07,-2.38106408678836e-08,3.85945434245294e-08,-8.4137353959885e-08,5.8594040576416e-08,-1.42348744840033e-08,3.68883155671514e-08,-1.03047942138236e-06,-1.53430638191362e-07,-5.65184218627654e-06,-5.56337462840489e-06,-1.06262642011661e-06,-2.96658941003554e-06,8.27411363122656e-07,4.15130757486409e-07,-6.55794036163195e-07,1.45626751540231e-06,-7.60280175289177e-08,-1.29721334337454e-06,-8.16440083641984e-07,2.67600396842127e-06,-2.20882662439165e-06,1.64246234456743e-06,-6.84440293870725e-07,3.1284315133392e-08,1.08828641944771e-07,-8.83239598003827e-09,-4.34791889355806e-09,-2.15975611655038e-07,2.38005786516603e-08,7.31878460224652e-08,1.04469632075526e-07,-3.30306723364248e-09,7.55884685212292e-08,4.82440125691042e-06,2.94308455600884e-06,9.01311688396741e-07,-3.0185438188278e-06,-6.04134233422699e-07,-4.3174413539642e-06,9.09192184970751e-06,1.37659651114126e-05,-6.68653735165878e-06,1.0468049277156e-05,-1.2760361739491e-07,0.000198508480320906,-3.35666544440001e-06,9.63970814232752e-06,-3.78582856560458e-05,5.17818610974477e-07,-1.11993610382319e-06,-1.74430481190181e-06
"north_west","beta15",5.45865072019522e-08,-1.80875484596468e-06,2.58514558990549e-07,-6.31668687700149e-08,8.59484652404416e-09,-2.70898675547741e-08,2.29746246602556e-07,-2.72452703547214e-07,3.86104513079206e-07,-1.39176670115672e-06,1.97392226145154e-06,-1.15059496209572e-07,1.00406655712547e-07,-1.55890541051357e-08,2.49005272540352e-08,5.23406783629348e-07,-3.82630388704205e-08,4.08032239915622e-09,-3.24426030362913e-08,2.41713573877865e-07,-1.58123394516966e-07,3.06747592347138e-08,-4.42265440552041e-08,-3.43156454456757e-08,-9.15087458165212e-08,-4.54539423742626e-08,-5.59545984712059e-08,-5.01848468825175e-08,-5.27393044631591e-08,-3.59261428149131e-08,6.30120608072442e-08,-5.73699298062692e-08,1.20211508608926e-07,-2.31689580636679e-07,2.81613608633173e-08,-1.3959078935904e-08,4.1813942441455e-08,-3.03426677112794e-08,4.67089646033861e-08,-4.40221873208446e-08,8.13882255737905e-07,1.08597660192373e-06,5.01660220649812e-06,5.80057505482644e-06,1.50028177758306e-06,2.04853320228542e-06,-2.0226529146044e-06,-5.25280331011685e-07,6.90527983000771e-07,-8.99991239453863e-07,2.77370778508102e-07,6.8912012354483e-09,-2.76191060434596e-06,-2.78612099782673e-06,1.03210948709111e-06,-1.84352504104663e-06,1.72740792729934e-06,-1.45829950251272e-08,-8.4676559513476e-09,2.52617704829341e-08,1.42870596353002e-08,2.35795882894493e-07,-2.7502741303147e-09,-3.01822359848475e-09,-6.02853382676777e-08,1.82669155068415e-08,-2.74173810159166e-08,-2.13561726043163e-06,-7.02560527095199e-06,-6.98194766620961e-07,3.29572003270713e-06,-4.06380306257614e-06,9.6789538102509e-06,-4.22620551322367e-06,1.25775047941087e-05,-5.22962020784749e-06,-5.04425888117649e-06,2.92676428607725e-08,-0.00014611071832224,-1.82841582027527e-05,-5.38988256924414e-06,1.38405510894129e-05,-7.26158173354373e-07,9.39065641062832e-07,1.02594032855311e-06
"north_west","beta16",-7.59592512232311e-08,3.4770825852834e-07,6.15762102329585e-08,9.10074240372248e-08,-5.06116676612044e-08,-1.11866507520283e-08,7.47303657134087e-09,3.05681957080347e-08,-3.27151134057809e-09,5.6398684536199e-08,-1.15059496209572e-07,6.12538967631771e-08,-2.47437548002296e-09,7.33298890430961e-08,1.37341585548285e-08,1.85357633311973e-08,3.25889511468325e-08,2.28149429008373e-08,4.12494437492064e-08,1.7657553302917e-08,2.25477787369739e-08,1.99121097631865e-08,1.34009155842761e-08,9.5943434025416e-09,3.33852193782365e-08,5.60880713853186e-09,-1.47361443723821e-08,-4.02443109482303e-09,2.55649746017546e-08,1.7919414891211e-08,6.80568759296962e-09,1.83162428496529e-09,2.72358136948931e-08,-5.0535277257808e-08,1.07123214073749e-08,-2.02608692111715e-09,3.22239314511387e-08,-6.50641512621649e-09,1.6679788060206e-08,2.23707629785051e-08,8.35028778882727e-07,7.60849956682307e-07,-7.61355694996206e-07,3.48390520230589e-07,-4.21494762051351e-08,4.55852086832183e-07,-7.21978560073658e-07,2.27639056786145e-07,-1.22909733840197e-07,-1.82660096713466e-07,7.07291591524215e-09,-1.33172203902887e-06,-6.84049103237126e-07,-2.39403488056759e-07,3.38217089263771e-07,-2.79044325924634e-07,-2.63767441195767e-08,1.57429580726151e-08,1.78709141265531e-09,2.49882973276489e-09,-3.52327019724419e-09,-7.47263070402963e-09,6.18352074718067e-09,1.84289124446715e-09,-5.02275626737528e-09,-2.55399206434735e-09,1.31085139862506e-08,8.22978317037702e-08,1.97857385930795e-08,-2.79424549729246e-07,2.20824239661989e-07,2.30610833493617e-06,3.1646589867149e-06,-1.87036934280533e-06,3.11626770140327e-06,-3.83545021541793e-07,8.54355352396417e-08,2.98584685189849e-08,-9.59389929180877e-05,1.13765801425111e-06,6.37489379654322e-06,-3.13933362046515e-05,-9.93410041971429e-07,-5.5047813279043e-08,3.50640591464569e-07
"north_west","beta17",4.35089414208393e-08,-2.23422794752835e-07,1.03289280981843e-07,3.0448472311849e-10,-5.01045175991973e-08,1.2003778878055e-08,3.1819050755465e-09,3.63825394729879e-08,-1.70209420669036e-08,-1.54451086998306e-09,1.00406655712547e-07,-2.47437548002296e-09,8.0623494545015e-08,-4.07815901302155e-08,7.77599105210153e-08,1.48075171142723e-07,1.39241121621523e-08,3.91859601786044e-08,4.14816155336258e-08,2.58549883581389e-08,3.01507220383249e-08,3.0261244532851e-08,3.9826392956006e-08,-6.08978730709753e-09,7.9752808472648e-08,1.35081187111767e-08,-7.28116832702767e-09,1.67290989788958e-08,3.76904513838854e-08,2.93210623523633e-08,2.30379199134865e-08,8.41443230677631e-09,2.84807699794526e-08,-1.74166676008909e-08,1.20204630128144e-08,-6.91397694746345e-10,2.10736147530104e-08,-6.83287336617453e-09,2.81959667807952e-08,5.14067187753127e-09,6.70276729058653e-08,4.26966317166842e-07,7.73054849875714e-07,5.40617456367203e-07,4.41845239044493e-07,2.01851589575701e-06,-1.26119378026741e-06,-5.21577910830997e-07,-1.31678246655952e-07,5.0342267960536e-08,1.05836030575243e-07,-1.34101292481742e-06,-9.16047954024944e-07,-1.90950674676396e-07,-5.68505196483993e-07,-2.35790050021117e-07,1.35025170004481e-06,4.62388560356928e-09,1.64154147650254e-08,6.60925634170749e-10,2.53435820016201e-09,1.33261436827465e-08,-8.90121810129283e-10,2.03005904309142e-08,8.87283883794505e-09,1.81857479554643e-09,1.36144201921878e-08,9.31276287448605e-07,-2.9003274483716e-06,7.51682792140719e-08,5.18814305490189e-07,1.68067232638597e-06,2.85673029307319e-06,-1.39065017708013e-06,2.80867773623511e-06,4.2393925688029e-06,6.03329384760842e-07,-1.82867027229472e-08,-0.000149633894596384,1.92584131251785e-07,5.74811614550904e-06,-2.27313521538558e-05,-1.22891253324295e-06,-9.35660546848571e-11,1.55835083331038e-07
"north_west","beta18",-1.59533948280754e-07,1.79353545320896e-06,-1.09819696573949e-07,1.0887497388288e-07,-5.14147534678643e-08,-5.12343400735694e-08,9.07058819144477e-08,-1.22155060836402e-08,6.92426903478283e-08,-5.68091720997389e-08,-1.55890541051357e-08,7.33298890430961e-08,-4.07815901302155e-08,3.14535014015432e-07,-1.28950350032959e-07,4.22237656777786e-08,4.86674594353471e-08,-3.5500439259077e-08,4.02134105415828e-08,3.28768879518616e-08,-4.21442192815617e-08,-1.36806801394904e-08,-5.70463513306359e-08,-1.74176454798055e-08,-6.46671589409245e-08,-6.20565292220636e-08,-3.95027306652044e-08,-7.73910062928922e-08,-4.89350249494915e-08,-5.33288650185364e-08,-1.63073463506776e-08,-3.39765807220341e-08,-4.91660250814128e-09,-8.76288449652441e-08,2.91667046353079e-08,-1.55465377507869e-08,7.46599720482365e-08,-2.97190485173232e-08,1.66889031894217e-08,5.94062649064083e-08,1.06326035726126e-06,3.50259171117334e-07,8.34843713592089e-07,2.48082687404123e-06,1.68200743431321e-07,-2.23844422978228e-06,2.3975035622431e-06,-8.25699180641733e-07,4.34273209513559e-07,-8.95761967702797e-07,2.63738589158542e-07,-1.99623791377331e-06,-1.24935110168183e-06,-8.45050700786844e-07,8.7872407078485e-07,-6.32946958591207e-07,9.18591729801119e-07,2.97031439969331e-08,-4.44692150137646e-08,-4.49402503575477e-09,-7.22549643998653e-09,3.63494083473195e-08,2.32672869511246e-09,-9.39667702090166e-09,-4.66506349302667e-08,-2.21430381382693e-08,-1.14377204087019e-08,-1.47159838628348e-06,-3.14966749169394e-06,-1.07024963815586e-07,1.31592066525007e-06,2.77490899126814e-06,7.61709428249235e-06,-4.7764856536213e-06,2.45672062791518e-06,-1.00095805573891e-05,-3.91976358535639e-06,1.25337677297744e-07,-0.000129105362881894,-2.31323956265634e-06,8.37611175281527e-06,-3.76967390302852e-05,-1.0429481136241e-06,1.80321967101082e-06,9.9024443322676e-07
"north_west","beta19",1.35875918087537e-07,-7.1086468734223e-07,7.89880515840828e-08,5.37238511556244e-09,-9.83586694086897e-08,2.43028055125367e-08,-1.84670982225775e-08,4.68275673008561e-08,-2.47135879110242e-08,3.45092865155979e-08,2.49005272540352e-08,1.37341585548285e-08,7.77599105210153e-08,-1.28950350032959e-07,3.1053370003239e-07,1.97051822807152e-07,-8.73415148681687e-08,1.81054228211623e-07,-6.69664279244151e-08,1.39484980230306e-07,6.36695903679424e-08,9.5128310802349e-08,9.37873748961917e-08,7.73370091971328e-08,1.3325473087812e-07,1.28213794794578e-07,-9.48086775778179e-10,7.50214995337191e-08,1.31106847551845e-07,9.55104389799093e-08,6.26142877306483e-08,3.56197112965806e-08,7.22802036685432e-08,1.75543020274303e-08,1.09191172662004e-08,-1.55894895498283e-09,2.02187708887911e-08,-8.4637491987732e-09,3.58057249187972e-08,9.49850639399705e-09,4.03800803900002e-07,9.91705748264321e-08,-1.26008791617056e-07,-1.80822390623848e-07,1.13305632775198e-06,1.68908885100467e-06,-1.41836401334573e-06,-2.33234225423109e-06,-5.89895188010449e-07,5.83112041154414e-07,3.05812911774269e-08,-1.63141642158016e-06,-1.19465425565173e-06,4.57568676126813e-07,-4.15772853125708e-07,4.44602146525682e-07,1.02679512901398e-06,-5.635163109475e-09,6.53240198985368e-08,5.24394435683112e-08,-1.39046270891137e-08,2.40137723631223e-08,-5.15284139122682e-10,3.49202747015215e-08,3.17161551083434e-08,9.66538017585894e-09,-1.29377090689886e-08,1.28283175519554e-06,-3.25796121724752e-06,8.7647144319365e-08,-1.27015051207806e-07,4.20879918092514e-06,-9.31560337254346e-07,-2.86406592971572e-08,2.21055433985847e-06,9.50367921630913e-06,5.43412357483219e-07,-9.73884035485916e-08,-0.000162915874808242,1.98725137551241e-05,9.7725654021033e-06,-4.01023633776083e-05,-1.45685110484412e-06,-1.90837103129997e-06,-2.55524382310517e-07
"north_west","beta2",1.91113643952381e-06,1.04234271431765e-06,3.27026264364529e-06,-1.59681539237789e-06,-3.13403899560205e-06,-1.05929447878639e-09,5.026156644865e-07,-3.80232247149844e-08,1.29185967886755e-07,-6.96108624450861e-07,5.23406783629348e-07,1.85357633311973e-08,1.48075171142723e-07,4.22237656777786e-08,1.97051822807152e-07,1.75408865382238e-05,-1.65376852613826e-07,7.11793784572085e-08,1.6602014278728e-07,1.58155214142224e-08,-8.17374309956636e-08,-1.30790366495192e-07,-5.36032071652744e-08,-2.89231225187916e-07,-3.51879470246052e-07,4.25187932500211e-09,-7.65610452106556e-07,-6.08416835432394e-07,-9.21958740613648e-08,3.85940774485022e-08,-6.41628895302455e-08,1.63694517650159e-07,-2.03815939366517e-07,-3.81848255394379e-08,4.80249834287036e-07,-5.50338331849713e-07,7.65195334325224e-07,-4.82936226988955e-07,4.02697671256576e-07,-1.81670370849226e-09,6.05213830331142e-06,1.27268382598489e-05,1.38629753634563e-05,1.7281793082535e-05,4.54569198058603e-06,1.95605132775126e-05,-9.33660782169961e-06,5.51034178345276e-08,-3.05649660696589e-06,-9.05284504550451e-07,1.63333191423537e-06,-2.88383788970366e-06,3.41654438119508e-06,-6.20889094477133e-06,9.53744041462344e-06,-6.08368067040783e-06,-8.20995545033986e-06,1.85519639374272e-07,-2.85673350822499e-07,-2.20953878195029e-07,8.23253330512671e-08,3.64232817521957e-07,4.45177140123639e-08,1.75194944417746e-08,-1.56350594669282e-07,2.7954084034164e-09,5.47358222017832e-07,-1.7649579718591e-05,-3.46457073863367e-05,1.0094573968693e-05,7.33835873338835e-06,2.44597926692485e-05,1.60244703485143e-05,-3.11966204319485e-05,-4.08347681437633e-06,1.76885634258844e-05,-1.80745415278063e-05,4.29507537213127e-07,-0.000647260664341043,4.86785401797671e-05,0.000140343110582751,-0.000507375753354536,-4.0572879388724e-06,7.58946983452375e-07,8.26752335628046e-06
"north_west","beta20",-2.55804519795065e-07,1.37929451208553e-07,-1.58240133089285e-08,1.612458556198e-07,2.44907654498007e-08,-3.1167544294987e-09,-2.31471506396684e-08,4.91415131702833e-08,-2.42816778270773e-08,7.16077993923714e-08,-3.82630388704205e-08,3.25889511468325e-08,1.39241121621523e-08,4.86674594353471e-08,-8.73415148681687e-08,-1.65376852613826e-07,2.03905733964235e-07,-8.82866705283789e-08,2.66883274093086e-07,-8.85235010720093e-08,6.50919155476045e-08,5.6025809981251e-08,6.16709189501745e-08,1.57911074750799e-08,1.41897522945953e-07,1.67231348523639e-08,-1.26456679867975e-08,7.2579518519412e-08,7.26642244751173e-08,4.98801312835935e-08,2.20259515415651e-08,2.84851417063728e-08,4.07528753546181e-08,-6.75809173059594e-09,4.23403088837473e-10,2.337887146586e-08,1.45865177278336e-08,-2.92922063193906e-09,2.76190649367467e-08,2.15611033694835e-08,4.96944356149497e-07,3.70588959343792e-08,-1.9294098511376e-06,-7.40604726004341e-07,-8.47051864965871e-07,-4.8037474172235e-07,-1.87162987358288e-07,1.51228127673854e-06,2.64977437034508e-08,-1.76517688798423e-08,-1.19554327825814e-07,-1.50802054374244e-06,6.14551078781003e-08,1.36365803082678e-07,-4.12716155476282e-07,-4.19054480285324e-07,-6.31093282065989e-07,9.89700922120935e-09,-5.48096571207044e-09,-2.76490220097233e-08,2.33922552880618e-08,-1.99810039522136e-08,1.50224680577195e-08,-3.26254775099681e-09,2.84923648842377e-09,-8.4045998218674e-10,3.74035511784771e-08,6.99268423454466e-07,3.63763148690073e-06,-8.76357126453788e-07,-1.3780234592928e-07,4.22104804091692e-06,-1.36211354818629e-06,-4.82423944486501e-07,6.01163497060877e-06,-3.16588216469217e-06,2.91733082198521e-06,1.85961674741773e-08,-9.45515745296976e-05,-1.07133538429345e-05,-1.96993045853899e-06,-1.49780680929169e-05,-9.06617453737811e-07,-1.20359749959062e-06,-2.54283142847453e-07
"north_west","beta21",4.60367178221557e-09,1.2284695871153e-07,4.3083223681153e-08,4.31813805753252e-08,-7.04727150097141e-08,1.81258925145731e-08,-1.67824230961109e-08,4.02123379917965e-08,-1.69003205798213e-08,4.34928291894745e-08,4.08032239915622e-09,2.28149429008373e-08,3.91859601786044e-08,-3.5500439259077e-08,1.81054228211623e-07,7.11793784572085e-08,-8.82866705283789e-08,2.50088625166172e-07,-3.31076081282924e-07,2.85737707909557e-07,2.18467443397793e-08,8.03721479800774e-08,7.76493789464208e-08,4.12940384079929e-08,9.56959803754197e-08,1.08074091004022e-07,-4.25468062162815e-09,3.8124498083382e-08,9.13210197519496e-08,6.52382895830355e-08,3.59009135112711e-08,1.44792432330628e-08,5.66265796085993e-08,-8.38010552120325e-09,1.09782269200321e-08,-2.60463716556692e-09,8.83599125918537e-09,1.31275918727207e-08,5.97069968778176e-09,1.18850446458544e-08,4.38078556707496e-07,4.44093350524493e-07,-1.67449155103466e-07,-5.16082049307401e-07,2.13998056227969e-07,4.7012137228021e-07,-3.65480025871198e-07,-8.13972485433363e-07,-8.48152022185875e-07,3.57490598608324e-07,6.40779197200137e-08,-1.40952988079926e-06,7.87728268870342e-07,2.51671082436986e-07,-6.19223225020832e-08,1.75581857811583e-07,1.16065228795157e-06,7.13383589586741e-09,5.69871414095968e-08,2.56818801095091e-08,-1.51289919850609e-08,-1.68335242935132e-08,1.17854287458887e-08,3.41593563900279e-08,2.06243589906396e-08,-5.09935367749604e-09,-1.15198698961133e-08,2.69675671332904e-06,-1.94338679792177e-06,-1.6000045550003e-07,9.81172059207239e-09,3.02766060056367e-06,8.26952761649871e-07,-1.56559558067027e-06,5.36524981199014e-06,3.59562927757292e-06,9.50506196562598e-08,-6.33210653274487e-08,-0.000109643355601398,-1.67731773480269e-05,1.36524016506558e-05,-3.34062307119318e-05,-1.05811958747871e-06,-1.60266131170323e-06,2.41287666667032e-07
"north_west","beta22",3.03102796476248e-08,-1.47501663521634e-06,-4.6641492236483e-08,2.67938054993397e-08,2.90880445114038e-08,-1.29752821299003e-08,4.25852727830043e-08,1.43376289233571e-09,2.00385787703466e-08,-6.70032115772689e-09,-3.24426030362913e-08,4.12494437492064e-08,4.14816155336258e-08,4.02134105415828e-08,-6.69664279244151e-08,1.6602014278728e-07,2.66883274093086e-07,-3.31076081282924e-07,1.40360456397554e-06,-1.21787468289936e-06,3.33972869704685e-07,-7.77418271208261e-08,1.10095574262441e-07,-1.7540051164272e-08,1.60975229056893e-07,-8.41165015951349e-08,-2.27220864791425e-08,1.02025949974227e-07,6.12256755674506e-08,6.9702233828099e-08,4.75121356465127e-08,7.08956317787815e-08,6.22302761110104e-08,3.86786524908764e-08,5.02079766236258e-09,3.20072391568206e-08,2.1459347671479e-08,-1.81953601135954e-08,4.60974098812422e-08,1.45799371645244e-08,9.57375052117902e-07,3.86056900289003e-07,-2.1966145922479e-06,1.47675704995772e-06,7.66594397508767e-07,1.12202795164378e-06,-1.25901651548267e-06,1.59699540881602e-06,6.9622091275221e-07,-9.24484837583314e-08,-2.55631014968833e-07,-1.47134644422343e-06,-6.67640561758001e-06,-9.14632735837482e-07,-6.89525890252728e-07,-8.78676273291333e-07,1.18188709391229e-06,-1.73121609063605e-08,-6.75493370357726e-08,-6.60059826893235e-08,3.19119905289823e-08,6.97051872077609e-08,-2.56574825436062e-09,-3.79525055107196e-08,-1.30831876144431e-08,2.24768318784041e-08,5.9417316163052e-09,-5.40461245267128e-06,4.14444957941453e-06,-1.47081333424757e-06,1.0531750838507e-07,4.01031245614059e-06,2.06698325247941e-06,2.24132618141809e-07,-6.48362031802788e-06,5.50781084594183e-06,1.75777547676566e-07,1.24714322213452e-07,-0.00021448736343134,-7.29772979147407e-06,-2.33120373671301e-05,-4.85754931795295e-06,-1.62597382048418e-06,-1.1174956813373e-06,-2.12862495591193e-07
"north_west","beta23",2.23444796561544e-07,3.53392532811992e-06,2.09978504629243e-08,6.93706642000919e-08,-1.19753821572903e-07,-4.4309455918237e-09,-5.84276270204992e-09,3.86549719978847e-08,1.41055006498933e-08,-1.11396966977879e-07,2.41713573877865e-07,1.7657553302917e-08,2.58549883581389e-08,3.28768879518616e-08,1.39484980230306e-07,1.58155214142224e-08,-8.85235010720093e-08,2.85737707909557e-07,-1.21787468289936e-06,1.99329641912799e-06,-6.53806523125396e-07,4.02150005491846e-07,-1.43590905057361e-07,2.39287490457882e-07,-4.1128942977438e-08,2.18097429947386e-07,-1.90695838914312e-08,2.65101473406654e-08,8.40116404407429e-08,1.09078294806483e-07,1.1397159871812e-09,2.78126262771308e-08,8.39327875347801e-08,-5.94411811230961e-08,4.03888293629579e-08,-8.96310857398459e-08,1.60768772772206e-07,-1.01452657092751e-07,7.09800539503613e-08,2.49886944555182e-08,-7.79696308126291e-07,2.44466593326714e-08,3.61737110717966e-06,9.68817078481557e-07,-1.93509333925458e-06,5.54978295346977e-07,2.4560844017145e-06,-1.31248357753076e-06,5.44213101153782e-08,-6.39843776535112e-07,4.12013140095605e-07,-1.37814887202329e-06,2.78123944891564e-06,4.81785421946059e-08,3.67968406539614e-06,8.84216574347067e-08,-1.86627626950981e-06,4.30541201190645e-08,5.35198368325106e-08,1.68176158436503e-07,-3.49473605245319e-08,-5.12253256669224e-08,-1.46732022143383e-08,-7.54344874421859e-10,-3.00723190420845e-08,-1.37144697269275e-08,4.98058054433776e-08,6.96103352619431e-06,-9.06882298958292e-06,2.540985537128e-06,2.57373117535593e-06,6.93521819129146e-08,1.58261247063842e-06,-2.29479663656167e-06,1.86899978910044e-05,-1.55907623747554e-05,-3.20298040371533e-06,5.3128453998682e-08,-5.39828311267336e-05,-5.74288449642372e-06,2.55415747682034e-05,-4.72209460358337e-05,-7.78880122887882e-07,-7.66145558521469e-07,3.548537868711e-09
"north_west","beta24",-2.19161768017625e-07,-1.07957322734417e-06,1.05270134485147e-07,7.95295135128585e-08,2.46898065112504e-08,2.40162095494033e-08,-4.02020403927778e-08,4.42859950560467e-08,-4.63588646500421e-08,1.37853858399336e-07,-1.58123394516966e-07,2.25477787369739e-08,3.01507220383249e-08,-4.21442192815617e-08,6.36695903679424e-08,-8.17374309956636e-08,6.50919155476045e-08,2.18467443397793e-08,3.33972869704685e-07,-6.53806523125396e-07,4.87987113430654e-07,-2.07677666961503e-07,2.85253682960795e-07,-1.23178259113064e-07,2.42692247272505e-07,3.42539920160912e-08,2.35532543243733e-09,7.8722486718748e-08,1.10802949157054e-07,5.65703098401943e-08,5.17360545205073e-08,3.15148330523536e-08,4.56024596206488e-08,3.07232406283653e-08,-1.57417903926062e-08,6.48220808147829e-08,-9.8523678258974e-08,8.0568491702895e-08,-1.95796233239166e-08,-6.10272775308438e-09,7.81310383629948e-07,6.34912912550434e-07,-3.90677414246784e-06,-2.49291759349633e-06,5.99437647333742e-07,4.24264959616961e-07,-2.44275929928647e-06,3.61624960153741e-07,-9.92625327233874e-07,8.65182163208826e-07,-3.13871166854891e-07,-9.87545863487498e-07,2.2106974920735e-06,5.11349614249435e-07,-1.32096820921567e-06,1.55048823383709e-07,1.88996834700283e-07,1.03433252639713e-09,2.65146238252419e-08,-8.95008228131603e-08,1.95789039891433e-08,-8.26470151877368e-08,3.75166349352671e-08,4.52867094326665e-08,5.07647733371733e-08,-2.05582399607413e-08,-3.29588269255502e-08,-7.91614351733623e-07,7.30451806283379e-06,-1.68149246860214e-06,-2.47213939805325e-06,4.42338366585641e-06,-4.46185946713642e-06,-8.73447919542329e-08,1.05763296919567e-06,7.66966446115894e-06,2.38296228057668e-06,-1.09258352249024e-07,-0.000116982752371236,-2.37897574785023e-05,-1.77675750685565e-06,-7.97309520236866e-06,-9.8166494219505e-07,-1.69975805869898e-06,-6.22265556466956e-07
"north_west","beta25",-3.92763555338899e-08,3.03176132350714e-07,-1.56862623674515e-07,7.10576817234923e-08,-3.95521084843597e-08,5.92542142979556e-09,-5.06356276795293e-08,6.26709536795727e-08,-3.60054459076105e-08,6.09093557676194e-08,3.06747592347138e-08,1.99121097631865e-08,3.0261244532851e-08,-1.36806801394904e-08,9.5128310802349e-08,-1.30790366495192e-07,5.6025809981251e-08,8.03721479800774e-08,-7.77418271208261e-08,4.02150005491846e-07,-2.07677666961503e-07,3.60392162649925e-07,-1.20008850468224e-07,2.81034351160247e-07,1.03551749168853e-07,1.62437707208647e-07,6.70459566380937e-09,1.49345419016144e-07,1.51693379222697e-07,1.16212178550024e-07,5.94017113783624e-08,6.49973147203004e-08,7.11153123233466e-08,9.3997941289487e-08,4.07231997457053e-09,-4.90975784166256e-09,3.5163760726587e-08,-2.21677901625285e-08,8.47740749865507e-09,4.20864109339068e-08,-4.02641314734325e-07,-7.52325596934668e-07,7.3399742380308e-08,-7.18109836868205e-07,-1.32588362581634e-07,-8.46444392269318e-07,1.67067945038245e-06,-1.03796838032252e-07,-9.93938463363558e-08,1.70444363631148e-07,7.66899021621417e-08,-9.21518049072488e-07,1.3771287964834e-06,3.37251800963583e-07,-7.02535485774993e-07,-8.86082591180901e-09,1.52755898694967e-06,2.84907219623522e-09,2.8857792072063e-08,5.63989007714344e-08,1.1139598670644e-09,1.81223215352113e-08,-8.08467919937971e-09,-5.76803358046645e-09,5.25278140606904e-09,1.63811080952051e-08,5.63214720552031e-08,3.60704718830521e-06,-2.35502220094648e-06,6.33496119474267e-07,2.20497014516297e-07,4.67319095205527e-07,-4.35577193694615e-06,1.36258946525735e-06,2.63507876873118e-06,-1.02901610766218e-06,1.44899258067036e-06,-1.3389354749992e-08,-6.62680959847924e-05,-9.78469157569384e-06,1.39847528579928e-06,-2.55565540065913e-05,-8.48140360997601e-07,-1.50337019126306e-06,-1.43775426441024e-06
"north_west","beta26",4.61805147405801e-10,-2.20113484061117e-07,1.49018861540931e-10,9.02856655162266e-08,-1.63151138624936e-08,2.1999739543443e-08,-5.61798909085544e-08,3.37846558263473e-08,-4.57747475177291e-08,1.04333111148618e-07,-4.42265440552041e-08,1.34009155842761e-08,3.9826392956006e-08,-5.70463513306359e-08,9.37873748961917e-08,-5.36032071652744e-08,6.16709189501745e-08,7.76493789464208e-08,1.10095574262441e-07,-1.43590905057361e-07,2.85253682960795e-07,-1.20008850468224e-07,4.70903183374997e-07,-2.79079307670038e-07,4.16360562164613e-07,7.21353095277408e-08,-5.69413584616151e-09,1.68744584815017e-07,1.68533690219131e-07,1.1499713387912e-07,3.77339053166572e-08,6.8269168217114e-08,8.40323868842327e-08,3.61992836858354e-08,-6.85769715990914e-09,3.63145303609847e-08,-7.44212288068018e-08,5.61464905507722e-08,-1.15247911484424e-08,-1.54137635423211e-09,5.32447683044813e-07,1.04004762954448e-08,-5.46041347686897e-06,-3.58324014907448e-06,-8.66759832303762e-08,-2.95969392757379e-07,-9.58280119675876e-07,4.16550715088549e-07,-7.09779362510761e-07,9.1690078522167e-07,-3.85393588650762e-07,-4.55329349844495e-07,3.06259815300477e-06,8.62085487193776e-07,-9.26059552553718e-07,3.78780650405177e-07,-1.04791989212927e-07,4.45431368225302e-09,3.44053598670541e-08,-3.95074079125202e-08,2.02184231032227e-08,-9.82742700758954e-08,3.75637193455574e-08,5.0608052371641e-08,5.84961322909654e-08,-1.24517282488175e-08,-3.58370517923538e-08,6.6100979957404e-07,1.11231977338326e-05,-3.02429083453882e-06,-1.9840549518131e-06,1.38900879116873e-06,-6.92372319543377e-06,2.28795332682347e-06,8.6410078905649e-06,-3.65209611916484e-06,3.73914955096386e-06,-6.67663422220423e-08,-0.000116696404129476,-2.70480168734845e-05,1.20187233043193e-06,-1.58411726972098e-05,-1.23699837695579e-06,-1.947448033797e-06,-1.34348942956444e-06
"north_west","beta27",-8.42281755392417e-08,-1.52078062282133e-06,-3.83156515725475e-08,1.62744325189473e-08,1.68985202370316e-07,-1.38819118537404e-08,1.83350502432009e-08,-1.66136522767876e-08,-1.02772907891429e-08,8.27153270121077e-09,-3.43156454456757e-08,9.5943434025416e-09,-6.08978730709753e-09,-1.74176454798055e-08,7.73370091971328e-08,-2.89231225187916e-07,1.57911074750799e-08,4.12940384079929e-08,-1.7540051164272e-08,2.39287490457882e-07,-1.23178259113064e-07,2.81034351160247e-07,-2.79079307670038e-07,7.4176028667403e-07,-4.44719286779489e-07,4.13562727278739e-07,1.80124079466664e-08,8.82329572975757e-08,1.67300191245665e-07,1.20586953168093e-07,1.05399703552316e-07,8.97734547031505e-08,1.18961489627785e-07,1.23139419163556e-07,-2.45124824968486e-08,2.26245598814792e-08,-1.20545742134401e-10,-2.62627721873083e-08,3.19425824044581e-08,-3.40804001843175e-08,-6.51699109285988e-07,-1.36704026417557e-06,3.47002698459343e-06,1.88098138271231e-06,2.56863939244827e-07,-1.57371435495424e-06,1.83575330242792e-06,-7.30078438407945e-07,2.28588111222391e-07,-1.49760865970746e-07,1.51277906242267e-07,1.0577944027035e-06,4.72365326634968e-06,-1.400215843103e-07,6.27624672056124e-07,2.12464945933501e-07,5.20726718084493e-07,-1.34033475204365e-08,2.33746520756143e-08,6.2561440537147e-08,3.2232275147063e-09,1.55200008727501e-08,-3.34246986269612e-08,-6.38656031809584e-08,-2.63200299723765e-08,2.38015636228321e-08,-8.35432501310952e-09,7.07844722122525e-07,-7.21003610108378e-06,1.5039245741972e-06,2.53080505471524e-07,-4.54754283986619e-06,-7.27299124274799e-06,2.44989557009208e-07,-7.79069051527367e-06,6.62020847799116e-06,-4.86585120412736e-06,1.97045565226774e-08,-2.85854491649804e-05,-1.08403491215285e-05,-2.16102295718836e-05,5.74056401475315e-05,-2.84274323323037e-07,-1.04836793534188e-06,-2.50047663206609e-06
"north_west","beta28",-1.62955833928188e-07,1.11459869114116e-06,-3.44034125655366e-07,1.22784300784878e-07,-9.56051548599672e-08,7.35692142384277e-08,-2.09715670583831e-07,1.67835067170455e-07,-1.11003836615438e-07,2.46736633470034e-07,-9.15087458165212e-08,3.33852193782365e-08,7.9752808472648e-08,-6.46671589409245e-08,1.3325473087812e-07,-3.51879470246052e-07,1.41897522945953e-07,9.56959803754197e-08,1.60975229056893e-07,-4.1128942977438e-08,2.42692247272505e-07,1.03551749168853e-07,4.16360562164613e-07,-4.44719286779489e-07,1.37340851626377e-06,-4.78745887820649e-07,3.31225375227401e-08,4.90459357316524e-07,1.57245488649487e-07,2.13895143076314e-07,3.12588811653177e-08,9.95916245190121e-08,5.68854472292242e-08,1.25513940451873e-07,-5.99555929710194e-09,4.33057404619974e-08,-9.52264441303903e-08,1.02500228052174e-07,-6.45296242645679e-08,7.36265409074642e-08,-4.87466893488104e-07,6.2480959555951e-07,-8.61832919133644e-06,-6.34091236803926e-06,4.64827947664257e-07,1.37614149255154e-06,-2.77350437761434e-07,9.40587864571954e-07,-1.02384639088755e-06,1.33002947158246e-06,-4.49363505485833e-07,-2.31977212413007e-06,1.65179808254167e-06,1.51382476914687e-06,-2.54222533167976e-06,4.49431259856834e-07,1.31176497278425e-06,4.18650666007408e-09,7.56674482321609e-08,-1.96869589507739e-08,8.52579669244634e-09,-1.51067312104943e-07,6.09505072745108e-08,9.82192483637972e-08,1.11191831176019e-07,-1.6701400655284e-08,2.91897151968328e-08,5.38891656061965e-06,1.44446351049807e-05,-4.29891632954163e-06,-2.27483981299852e-06,5.41100458181898e-06,-1.17649436335411e-05,6.08334922073726e-06,1.95810972893387e-05,-6.74572214105994e-06,7.93850038012159e-06,-2.18468682312481e-07,-0.000142270142115066,-2.82423932886019e-05,5.61387171258878e-06,-6.53812585159565e-05,-1.83010004122104e-06,-2.76773338310825e-06,-1.76760017058943e-06
"north_west","beta29",8.32174122125709e-08,-4.68642512757759e-07,-5.95664164035968e-09,6.30826516239068e-08,-6.57295968354077e-09,-2.7423857337625e-08,1.69716266544249e-08,3.49914144645002e-08,-7.17843587791312e-08,8.15806284111389e-08,-4.54539423742626e-08,5.60880713853186e-09,1.35081187111767e-08,-6.20565292220636e-08,1.28213794794578e-07,4.25187932500211e-09,1.67231348523639e-08,1.08074091004022e-07,-8.41165015951349e-08,2.18097429947386e-07,3.42539920160912e-08,1.62437707208647e-07,7.21353095277408e-08,4.13562727278739e-07,-4.78745887820649e-07,9.30304986091418e-07,-2.13386580668898e-08,-1.63658207878106e-07,3.96511913707035e-07,1.62604037587208e-07,1.2513797523849e-07,1.06614930167394e-07,1.94440444585687e-07,7.05585787973258e-08,-6.59309380991014e-09,3.01329684781382e-08,-1.66157479494465e-08,-7.97170541457162e-09,1.27692514285044e-08,7.17841104180533e-11,2.85671607503839e-07,-1.0834073606037e-06,2.07471323212688e-08,-1.67549334426596e-06,-2.29800554218914e-06,-1.74575422256966e-06,1.05564126687337e-07,-1.30065013167837e-07,-7.2255206168416e-07,9.95716096503007e-07,-5.54748283476592e-08,3.16022304902627e-07,1.10288994163883e-05,5.57261008180503e-07,-1.17144716616751e-07,4.50125438288234e-07,5.29392018029518e-07,2.41518355237933e-08,2.52766679995516e-08,4.92512165314393e-10,2.57202787165905e-08,-1.00382552950335e-07,-8.66857775674557e-09,-1.14166046460377e-08,1.35712933947366e-08,-4.8025305505687e-09,4.12640773394222e-08,6.46843702676127e-07,-1.38647432752052e-06,2.61252674448806e-06,-1.28031939502816e-07,4.3230762984998e-07,-1.24302891535569e-05,-2.8296008355597e-06,-5.11658250242e-06,2.10821701657131e-06,-8.49489014312967e-07,4.00287032309064e-08,-7.56748746521151e-05,-1.72176239386785e-05,1.11307953694924e-05,-6.11379580712511e-06,-7.38368936699944e-07,-1.86248157314259e-06,-3.60170471286013e-06
"north_west","beta3",1.028147408882e-07,-9.7767386778077e-07,1.51435635492698e-07,-1.65063745889698e-07,1.28972043763896e-07,3.46315410573528e-08,-5.2461293933879e-08,1.80894108253809e-08,-3.18500867716775e-08,6.23194860492761e-08,-5.59545984712059e-08,-1.47361443723821e-08,-7.28116832702767e-09,-3.95027306652044e-08,-9.48086775778179e-10,-7.65610452106556e-07,-1.26456679867975e-08,-4.25468062162815e-09,-2.27220864791425e-08,-1.90695838914312e-08,2.35532543243733e-09,6.70459566380937e-09,-5.69413584616151e-09,1.80124079466664e-08,3.31225375227401e-08,-2.13386580668898e-08,1.28933242225548e-07,6.93652207651555e-08,-2.90776408482225e-08,3.84419582889303e-08,-1.24634595922672e-08,5.72794253018538e-09,-9.94071802301688e-09,6.81168938821015e-08,-7.59804379020734e-08,7.10677980167962e-08,-1.08993797123364e-07,4.61931245110491e-08,-3.57381987165913e-08,-1.5651217966097e-08,-1.41932028985583e-06,-9.5263351719547e-07,-9.21218832336927e-07,-1.42818590995198e-06,4.1458511560251e-07,-1.11071555864728e-06,-1.29186129767956e-07,1.34539284023119e-07,1.7291821293199e-07,2.09294280782621e-07,-1.01466929995823e-07,8.10364769016044e-07,-4.44668193376887e-07,7.70485240131297e-07,5.01355331373874e-07,7.76141760250896e-07,-1.59821976416395e-06,-2.72320020072576e-08,1.02590568333043e-08,2.95457123465633e-08,1.7378652631789e-09,-7.81017632923926e-08,-8.20140916115582e-09,-1.86804689779907e-08,1.44908703454877e-08,5.99468772426717e-09,-2.56370864878378e-08,1.32180473761853e-06,2.46587201585056e-06,-4.88741673532382e-07,-1.37026930330094e-06,-2.10110114561907e-06,-3.17189843494126e-06,3.46163744137281e-06,1.53028485213836e-06,-4.8084861242235e-06,-1.20120170448609e-07,-1.31021511018392e-08,7.71502902318047e-05,4.71619919525307e-07,-1.46995301103895e-05,4.44577399236253e-05,5.90717624268529e-07,-5.88467848572153e-08,-7.73853029864829e-07
"north_west","beta30",-2.91365758299428e-08,-1.166325340148e-06,2.10676964742196e-08,-5.60789931162849e-08,1.50693032032179e-07,4.8235182108212e-08,-1.18858426149988e-07,1.48217419415942e-08,-6.30317636100466e-08,1.28544061256906e-07,-5.01848468825175e-08,-4.02443109482303e-09,1.67290989788958e-08,-7.73910062928922e-08,7.50214995337191e-08,-6.08416835432394e-07,7.2579518519412e-08,3.8124498083382e-08,1.02025949974227e-07,2.65101473406654e-08,7.8722486718748e-08,1.49345419016144e-07,1.68744584815017e-07,8.82329572975757e-08,4.90459357316524e-07,-1.63658207878106e-07,6.93652207651555e-08,6.03935700301509e-07,1.40867428611166e-08,1.3804220378506e-07,2.35862489914723e-08,9.79903599019342e-08,4.11559225804009e-08,1.4627942821277e-07,-4.22310981383007e-08,2.94323132365569e-08,-9.88999650437942e-08,3.80050840731396e-08,-2.56578380879778e-08,-2.2598012998466e-08,-1.68354505334667e-06,-9.51772972926566e-07,-3.27272317100117e-06,-2.46425415661287e-06,1.62163705890889e-06,-2.40939505171298e-06,2.0554879445947e-06,8.95631148015562e-07,-5.01801776157226e-07,2.72923863414246e-07,-3.51243599921486e-07,2.025492356085e-06,-6.05031697679295e-06,8.14791882712856e-07,-4.6315872390805e-07,8.44650013640037e-07,-9.6518754077777e-08,-3.23606863611755e-08,5.38594458360803e-08,3.38365240731508e-08,1.24799217708699e-08,-8.09196793125489e-08,1.51443433814877e-08,-1.51062644885787e-08,4.82163809651141e-08,3.77211779753254e-08,-4.41095136809769e-08,2.41362937307713e-06,8.10906365238143e-06,-3.89731858589699e-06,-2.18686560409112e-06,-7.80778171329735e-06,-1.11411747362926e-05,1.53297155967469e-05,5.7894193897932e-06,-2.86951538307861e-06,4.45775478819537e-06,-8.34870867294977e-08,-2.19511952708844e-05,-2.73370664290541e-05,-4.40603741574097e-05,5.36549407333168e-05,-7.16435916239316e-07,-1.87401893395011e-06,-1.61635133812865e-06
"north_west","beta31",-8.23405504269262e-08,-4.76838313187895e-07,-2.72298402792103e-08,2.16282722247903e-07,5.61589501722555e-08,-1.94063358682573e-08,-9.08193334363724e-09,4.96195103187186e-08,-6.68973706831131e-08,1.27936397533351e-07,-5.27393044631591e-08,2.55649746017546e-08,3.76904513838854e-08,-4.89350249494915e-08,1.31106847551845e-07,-9.21958740613648e-08,7.26642244751173e-08,9.13210197519496e-08,6.12256755674506e-08,8.40116404407429e-08,1.10802949157054e-07,1.51693379222697e-07,1.68533690219131e-07,1.67300191245665e-07,1.57245488649487e-07,3.96511913707035e-07,-2.90776408482225e-08,1.40867428611166e-08,5.07101764012937e-07,1.66775089233191e-08,2.1031510365031e-07,8.15953257342392e-08,2.23208602933418e-07,6.7909697629937e-08,1.46111860528775e-09,3.4559728333206e-08,-2.95253474477295e-08,3.88781966480138e-08,-1.2571349107722e-08,2.14960621736369e-08,1.24433555903507e-06,-1.58413043620618e-07,-2.34664485332492e-06,-2.06681408652091e-06,-1.08979906592314e-06,-9.00993638789865e-07,-4.05198959592211e-08,8.31732958665848e-07,-6.21848448229327e-07,1.06688595545135e-06,-2.33597231113794e-07,-8.43048041163317e-07,1.70279089200761e-06,5.04453169504547e-08,-2.16333922525347e-06,-1.54582649043521e-07,1.95008152399668e-06,3.13033739284474e-08,3.68721400296901e-08,-5.31731165682997e-08,2.0333405636731e-08,1.3076120644348e-08,2.65819472350587e-08,4.02212853841486e-08,3.57900112755435e-08,-8.60690836213901e-09,6.37283498644622e-08,2.59166512600988e-06,4.09294678109117e-06,-3.84408521847171e-07,-7.21960241991262e-07,1.59068990310404e-06,-1.0183721165871e-05,1.94172641212322e-06,-3.39045899042686e-06,8.42470944043537e-06,2.17272385504854e-06,-8.41842603298476e-08,-0.000146697966263311,-2.628214123678e-05,1.99781451813571e-05,-9.4882800066513e-07,-1.42264460580284e-06,-2.07360916466779e-06,-3.46409252047315e-06
"north_west","beta32",3.10474671071853e-07,6.2482788471527e-07,-1.59316243495484e-07,-1.45604133550875e-07,-4.18215400133973e-08,4.92594328477085e-08,-1.94652166634844e-08,-7.87258281914243e-09,1.68609273176587e-08,-1.50011387988404e-08,-3.59261428149131e-08,1.7919414891211e-08,2.93210623523633e-08,-5.33288650185364e-08,9.55104389799093e-08,3.85940774485022e-08,4.98801312835935e-08,6.52382895830355e-08,6.9702233828099e-08,1.09078294806483e-07,5.65703098401943e-08,1.16212178550024e-07,1.1499713387912e-07,1.20586953168093e-07,2.13895143076314e-07,1.62604037587208e-07,3.84419582889303e-08,1.3804220378506e-07,1.66775089233191e-08,7.95118287890142e-07,-1.41575967274953e-07,4.74342802654468e-07,8.65356493247699e-08,5.73602480712722e-07,-2.29237338664881e-08,2.61992114124691e-08,-3.88318352984394e-08,-5.77156923268925e-09,3.28438526393258e-08,-3.58577388434138e-08,-1.67925045336284e-06,-1.13222328561913e-06,-1.42214947097546e-06,-2.77182186217037e-06,2.61058404178072e-08,1.4010522198163e-07,-1.97688797513358e-07,-4.89055240867849e-09,-4.05938683480806e-07,2.07133783312668e-07,-4.14237589243045e-08,2.45935900068181e-08,1.43434952102522e-05,1.24916077116549e-06,2.4498161374572e-06,1.016212515958e-06,-2.88183337195852e-06,-2.11983776533228e-08,-1.81659624461122e-08,6.90393815332582e-08,2.27733814715395e-08,-2.03923087310039e-07,-1.87773826434172e-08,-5.13347060137508e-08,1.76441558457254e-08,1.82706835319659e-08,9.19405965196732e-09,1.3172660065316e-06,1.90073206173008e-06,1.46239410211805e-06,-2.36844878984906e-06,1.11797560676072e-06,-8.5466050299848e-06,-1.14750376586465e-05,-1.43119754062353e-06,-7.47794190701245e-06,-3.1672718899314e-06,4.62355419592415e-08,-7.40864041629242e-05,-2.54042635056915e-05,-5.65644598039032e-05,-3.22077075977221e-06,-7.9365566866103e-07,-2.08067544655503e-06,-4.69502078693747e-06
"north_west","beta33",-4.2558852081141e-08,-5.38004419966623e-07,4.34418535167905e-08,8.59186236060318e-08,5.46208271953796e-08,-1.26119553561969e-08,4.50438287421408e-08,-3.9071957337634e-08,2.2155656663826e-08,5.70580602493726e-09,6.30120608072442e-08,6.80568759296962e-09,2.30379199134865e-08,-1.63073463506776e-08,6.26142877306483e-08,-6.41628895302455e-08,2.20259515415651e-08,3.59009135112711e-08,4.75121356465127e-08,1.1397159871812e-09,5.17360545205073e-08,5.94017113783624e-08,3.77339053166572e-08,1.05399703552316e-07,3.12588811653177e-08,1.2513797523849e-07,-1.24634595922672e-08,2.35862489914723e-08,2.1031510365031e-07,-1.41575967274953e-07,3.16971437485832e-07,-2.2228272184352e-07,2.58836831497393e-07,-2.22572199466283e-07,2.36527483380951e-09,2.25493860361631e-09,1.57050592752184e-08,9.14139853086965e-09,6.34217247356978e-10,1.00545580056293e-08,1.48574117827257e-06,3.28230559596036e-07,-6.24864103467644e-07,4.69415493649706e-07,-4.69208764326702e-07,-1.56882900225099e-06,-1.73199472991984e-07,9.2127815255443e-08,-2.22173561585112e-07,3.6189517846445e-07,-8.91333488361041e-08,-3.6813568070055e-07,-1.66534614153183e-06,-5.2323862416884e-07,-1.24948421779415e-06,-7.14187591762923e-08,1.11128511690195e-06,-1.59780150622753e-08,3.5719781066511e-08,-3.08445197326776e-08,-3.44703186167462e-09,9.81480563621764e-08,1.47273245662077e-08,4.1183603696049e-08,2.03356548987399e-08,-1.00201454174457e-08,-2.64021201898613e-08,2.21573791055177e-06,4.49416411111863e-07,-1.16126235946935e-06,5.4196597526535e-07,-4.56575418974017e-07,-1.80278854767332e-06,1.62585151552464e-06,8.64995985652862e-07,9.25521487195517e-06,-2.07978075925772e-06,-7.86254449727132e-08,-6.97576306117675e-05,-1.45073236861195e-05,-1.29976640679003e-05,6.66507081913392e-06,-5.4600720591733e-07,-7.19249892841231e-07,-1.73131379243244e-06
"north_west","beta34",2.97829048709078e-07,5.45674802566289e-07,-6.19147493861116e-09,-6.53167917961392e-08,1.53881367860948e-08,1.09496589175229e-09,-1.62984534013621e-08,1.67954028085836e-08,-2.09946051447916e-08,-1.40800735019967e-08,-5.73699298062692e-08,1.83162428496529e-09,8.41443230677631e-09,-3.39765807220341e-08,3.56197112965806e-08,1.63694517650159e-07,2.84851417063728e-08,1.44792432330628e-08,7.08956317787815e-08,2.78126262771308e-08,3.15148330523536e-08,6.49973147203004e-08,6.8269168217114e-08,8.97734547031505e-08,9.95916245190121e-08,1.06614930167394e-07,5.72794253018538e-09,9.79903599019342e-08,8.15953257342392e-08,4.74342802654468e-07,-2.2228272184352e-07,6.78656507319177e-07,-2.30495773843591e-07,8.53448285573748e-07,-1.48222721024906e-08,2.08202854589852e-08,-4.09747391252147e-08,-3.41006358838846e-10,4.6797394322412e-09,-2.05324232881726e-08,-1.11679225405347e-06,-4.3381147354501e-07,7.7572495978232e-07,-1.74147763842184e-06,3.42891570338946e-07,6.27014097799128e-07,1.32089784058135e-06,4.2437356520622e-07,-5.27681887820474e-07,-1.0531074194341e-07,-1.31414341169533e-07,1.11387346551929e-06,4.34915748373127e-06,-6.98732796155792e-08,2.02585523062715e-07,2.814021925701e-07,1.45424258554486e-07,2.10756893462921e-08,-4.31740040632489e-08,1.39975344690946e-08,3.17851527912586e-08,-1.08884083219646e-07,-1.8664070542896e-08,-6.69189303559166e-08,-1.28085109739546e-08,3.5130754299714e-08,3.97967542412858e-08,-1.61329120667778e-06,1.26106986498544e-06,1.9086696769103e-06,-2.06122201130485e-06,-1.861488827929e-06,-6.00078333373055e-06,-4.98958972378155e-06,-1.40891004814356e-05,-1.63625102501012e-06,1.17562181980719e-06,6.07906222246541e-08,-4.09075518952799e-05,-2.50254729510179e-05,-3.61929151058505e-05,2.09977058124711e-05,-5.51726865496904e-07,-1.09814308534146e-06,-2.9245034955041e-06
"north_west","beta35",4.00298309456122e-08,-2.48643240707958e-07,4.68402730285162e-08,5.17025359485584e-08,1.0685327307676e-07,-1.025740444838e-08,1.14190982016989e-07,-1.02078144357225e-07,7.32023345163662e-08,-9.26386917762349e-08,1.20211508608926e-07,2.72358136948931e-08,2.84807699794526e-08,-4.91660250814128e-09,7.22802036685432e-08,-2.03815939366517e-07,4.07528753546181e-08,5.66265796085993e-08,6.22302761110104e-08,8.39327875347801e-08,4.56024596206488e-08,7.11153123233466e-08,8.40323868842327e-08,1.18961489627785e-07,5.68854472292242e-08,1.94440444585687e-07,-9.94071802301688e-09,4.11559225804009e-08,2.23208602933418e-07,8.65356493247699e-08,2.58836831497393e-07,-2.30495773843591e-07,7.20896147930033e-07,-9.90147792167116e-07,5.54709211658303e-09,-1.62137482836461e-08,5.57208192351776e-08,-3.33080892378151e-08,5.34288578854836e-08,-3.45002422979017e-08,4.59368341506223e-07,-7.32990392736157e-07,1.56104946388937e-07,1.55349356594947e-06,-1.00855601314734e-06,-1.03574515956893e-07,-1.50696051805457e-06,9.87666257795278e-07,9.78677523707307e-08,1.97125314287956e-07,5.97121367918339e-08,-5.36607475205483e-07,4.90819814556014e-08,2.56006749561592e-07,1.35072474995445e-06,5.04008477536046e-07,-1.327356271646e-06,-1.19398583950965e-08,2.89136765619991e-08,1.9374536608167e-08,1.37074419031467e-08,1.34457649835497e-08,5.60094214623145e-09,-2.14712258464828e-08,-5.34259189534961e-09,-6.27042436320063e-09,-1.70193987616583e-08,-6.03556932265572e-07,-2.40125382306109e-06,-8.25753686237047e-07,1.99006089714204e-06,-1.16217766511912e-06,-2.3193958963111e-06,-1.90485907331896e-06,1.85367013436438e-06,-1.75969190096878e-06,-8.11012146560646e-06,3.92341889483809e-08,-0.00015163590976887,-1.3180382932317e-05,-3.30733204235578e-05,2.47042210976245e-05,-1.16845151503259e-06,-8.37567023495151e-07,-2.75961220120179e-06
"north_west","beta36",2.75869572516965e-07,2.06930035927826e-06,3.56593054121305e-08,-2.5042879760244e-07,1.68477648772584e-07,3.39943713445294e-08,-1.23901236764793e-07,7.89576217477909e-08,-1.01733197271344e-07,2.04300692314034e-07,-2.31689580636679e-07,-5.0535277257808e-08,-1.74166676008909e-08,-8.76288449652441e-08,1.75543020274303e-08,-3.81848255394379e-08,-6.75809173059594e-09,-8.38010552120325e-09,3.86786524908764e-08,-5.94411811230961e-08,3.07232406283653e-08,9.3997941289487e-08,3.61992836858354e-08,1.23139419163556e-07,1.25513940451873e-07,7.05585787973258e-08,6.81168938821015e-08,1.4627942821277e-07,6.7909697629937e-08,5.73602480712722e-07,-2.22572199466283e-07,8.53448285573748e-07,-9.90147792167116e-07,3.39837135381865e-06,-4.70783883646586e-08,6.58324039925627e-08,-1.86024682693924e-07,1.00944419297036e-07,-1.16546291903875e-07,1.15442510949795e-08,-2.45361188906585e-06,-2.61037756220742e-07,-2.83110042505635e-06,-7.48119609796229e-06,1.46884980357065e-06,-5.01445780171313e-06,4.98599693798181e-06,8.80279231896623e-07,5.85237820126954e-08,1.73161764285929e-07,-4.77817294267732e-07,2.53531003770032e-06,8.73351995965351e-06,5.11742356080668e-07,-3.10872434946116e-06,-5.40886932726817e-08,1.89210872617024e-06,-3.59834739572546e-08,-9.43632362300799e-08,-6.33730349509177e-08,5.62347996046218e-09,-2.6511492061217e-08,-1.17417645618909e-08,1.9783711528041e-08,4.60970338866649e-08,3.72717086645423e-08,2.37009585887949e-08,6.84177848150589e-06,9.95934077727517e-06,3.09744266463961e-06,-6.98226505982798e-06,-4.26861126158887e-06,-1.24276482279733e-05,-5.13892314632393e-06,-2.0118658119411e-05,1.22635022337567e-05,1.07727579840191e-05,-1.33457500815164e-07,0.000186503127499858,-4.3904552544978e-05,-3.47230811433485e-05,9.13247938971746e-05,1.24163532854557e-06,-1.65378245942765e-06,-4.15588321782024e-06
"north_west","beta4",1.57002356705498e-08,1.34301433343984e-06,-4.85862696380833e-08,1.49223713544086e-08,-9.3467380212848e-08,-3.41372554304116e-09,2.80919251297478e-08,4.48505106322605e-09,1.90832657890155e-08,-2.38106408678836e-08,2.81613608633173e-08,1.07123214073749e-08,1.20204630128144e-08,2.91667046353079e-08,1.09191172662004e-08,4.80249834287036e-07,4.23403088837473e-10,1.09782269200321e-08,5.02079766236258e-09,4.03888293629579e-08,-1.57417903926062e-08,4.07231997457053e-09,-6.85769715990914e-09,-2.45124824968486e-08,-5.99555929710194e-09,-6.59309380991014e-09,-7.59804379020734e-08,-4.22310981383007e-08,1.46111860528775e-09,-2.29237338664881e-08,2.36527483380951e-09,-1.48222721024906e-08,5.54709211658303e-09,-4.70783883646586e-08,7.15025827420266e-08,-8.99460110108378e-08,1.1100802487647e-07,-5.10472778572619e-08,4.09723640333773e-08,1.9449369893184e-08,5.19523422546967e-07,5.08986987561503e-07,4.84882145013676e-07,7.91289721931696e-07,-2.21433185258362e-07,1.13067470111873e-06,5.45949258201138e-08,-2.4292800751799e-07,-9.74045274647019e-09,-2.06217525134997e-07,1.05132904291761e-07,-1.1757871845096e-06,-6.92317401474714e-07,-1.77986580245747e-07,-8.28068541378206e-08,-2.26435717827037e-07,3.91868467059575e-07,1.45416613472619e-08,-2.48754679198828e-09,9.57831953586497e-10,-9.60117622087972e-09,2.72279957066625e-08,4.10683549089776e-09,1.56216161996933e-08,-8.00120867536998e-09,-8.92388348468399e-09,1.6218932386325e-08,-4.84230913943916e-07,-2.08192341921882e-06,5.83244167204828e-07,7.37349246406856e-07,3.03560642318411e-06,2.48447974563128e-06,-2.54778419925986e-06,3.06555232415575e-06,-1.38010656764079e-06,-6.39305698815558e-07,4.07763955722083e-09,-4.49102009412603e-05,2.34157213121638e-06,1.15448574705018e-05,-3.18284516326358e-05,-2.80299691887147e-07,2.45954818830623e-08,6.74396572793731e-07
"north_west","beta5",-9.61317342169007e-08,-2.36462491996202e-06,-2.76813250699094e-08,7.79405153160622e-08,1.24277033625017e-07,5.79470368120054e-09,-1.04784989093531e-08,1.23745910301701e-08,-1.26371186583459e-08,3.85945434245294e-08,-1.3959078935904e-08,-2.02608692111715e-09,-6.91397694746345e-10,-1.55465377507869e-08,-1.55894895498283e-09,-5.50338331849713e-07,2.337887146586e-08,-2.60463716556692e-09,3.20072391568206e-08,-8.96310857398459e-08,6.48220808147829e-08,-4.90975784166256e-09,3.63145303609847e-08,2.26245598814792e-08,4.33057404619974e-08,3.01329684781382e-08,7.10677980167962e-08,2.94323132365569e-08,3.4559728333206e-08,2.61992114124691e-08,2.25493860361631e-09,2.08202854589852e-08,-1.62137482836461e-08,6.58324039925627e-08,-8.99460110108378e-08,2.08818943856364e-07,-2.50989989893633e-07,1.27688547482627e-07,-6.19375690855285e-08,-1.03801961705413e-08,-8.85735543484934e-07,-5.89421038620428e-07,-9.69355000180917e-07,-1.41725267489317e-06,4.82281782903681e-07,-7.43168820044639e-07,-6.56687710211433e-07,1.88239612289416e-07,-2.83328327488709e-07,5.76404824863909e-07,-6.60548485013097e-08,-2.87262157122799e-07,8.06723254046197e-07,4.30565734165906e-07,-9.1527251981852e-07,-1.8818346241724e-07,1.43217854021232e-06,-8.25311608693944e-09,3.9813032361684e-09,-2.84640570373268e-08,6.59810243344895e-09,2.1099848331592e-11,5.89771684424912e-09,1.5422071403201e-08,1.49121330680789e-08,7.81162552045693e-09,-1.287251457708e-08,6.05090198371867e-08,1.38843920602754e-06,-5.11029840230118e-07,-1.13681752027949e-06,6.53746751353548e-07,-3.02405382031018e-06,2.10471213407237e-06,-1.00461022993269e-06,5.72134150055934e-06,2.34071283183574e-06,-3.82066585638407e-08,2.46943613465165e-05,-6.81600533156988e-06,-5.22895653560714e-06,2.41475166378083e-05,2.75930824352388e-07,-3.12243823179809e-07,-9.12744488159042e-07
"north_west","beta6",7.46280814464095e-08,2.87658836811762e-06,1.44569018782089e-07,9.85073620316697e-08,-2.39734441221056e-07,-7.76279831928182e-09,6.79760216817463e-08,-2.02527134992223e-09,6.78269032731062e-08,-8.4137353959885e-08,4.1813942441455e-08,3.22239314511387e-08,2.10736147530104e-08,7.46599720482365e-08,2.02187708887911e-08,7.65195334325224e-07,1.45865177278336e-08,8.83599125918537e-09,2.1459347671479e-08,1.60768772772206e-07,-9.8523678258974e-08,3.5163760726587e-08,-7.44212288068018e-08,-1.20545742134401e-10,-9.52264441303903e-08,-1.66157479494465e-08,-1.08993797123364e-07,-9.88999650437942e-08,-2.95253474477295e-08,-3.88318352984394e-08,1.57050592752184e-08,-4.09747391252147e-08,5.57208192351776e-08,-1.86024682693924e-07,1.1100802487647e-07,-2.50989989893633e-07,5.21981563260184e-07,-3.32210989334268e-07,2.43641238441563e-07,4.58505120453131e-10,3.57909043727546e-06,2.05375338957972e-06,3.06763935066084e-06,4.38185909088365e-06,1.49299908019953e-07,2.19395000587871e-06,6.73671847215206e-07,-3.20695993076077e-07,9.50359316340503e-08,-1.06611245923739e-06,1.8064012012755e-07,-2.72714924451783e-06,-3.26151851967892e-06,-1.96990832358334e-06,2.29502023831116e-06,-5.53193277052808e-07,-2.72045371084499e-07,3.99620048782221e-08,4.60281759174745e-09,4.00758216010769e-08,-1.2318574956872e-08,4.26362197952185e-08,-4.04579111170535e-09,-9.34475666996852e-09,-3.57633743015835e-08,-1.60748895975065e-08,5.49666938877342e-08,-4.68136292115478e-07,-4.66163111513775e-06,-2.99064438367406e-07,3.19970671253905e-06,6.82793259871026e-06,7.82385459843633e-06,-6.78488085496516e-06,4.03738917552766e-06,-7.44044437680934e-07,-1.51774582275788e-06,8.99878231004037e-08,-0.000115391400748837,2.15181125542818e-05,1.40528546866241e-05,-8.85492299898308e-05,-7.74025826635427e-07,1.28137107285792e-07,1.75027172856792e-06
"north_west","beta7",-1.26554671649785e-07,-9.59556455761793e-07,-2.08538389988047e-07,5.22311615489735e-08,1.49202643274597e-07,-5.03307778441157e-08,-2.76701102297667e-09,1.65317306475851e-08,-3.40233366901853e-08,5.8594040576416e-08,-3.03426677112794e-08,-6.50641512621649e-09,-6.83287336617453e-09,-2.97190485173232e-08,-8.4637491987732e-09,-4.82936226988955e-07,-2.92922063193906e-09,1.31275918727207e-08,-1.81953601135954e-08,-1.01452657092751e-07,8.0568491702895e-08,-2.21677901625285e-08,5.61464905507722e-08,-2.62627721873083e-08,1.02500228052174e-07,-7.97170541457162e-09,4.61931245110491e-08,3.80050840731396e-08,3.88781966480138e-08,-5.77156923268925e-09,9.14139853086965e-09,-3.41006358838846e-10,-3.33080892378151e-08,1.00944419297036e-07,-5.10472778572619e-08,1.27688547482627e-07,-3.32210989334268e-07,3.79916407440761e-07,-4.13280712670002e-07,1.19934630188653e-07,-1.79619637396201e-06,-9.29221515570365e-07,-1.45529522864823e-06,-2.33548949916049e-06,-5.13590397627369e-07,-5.36608110830989e-07,-1.64874576772533e-07,-7.36005047552818e-07,-8.74502786630612e-08,6.04870504452174e-07,-3.0036708518326e-08,4.83330701406152e-07,1.79013320266268e-06,1.10478255276892e-06,-1.88566715641821e-06,2.41053325182725e-07,1.07790336262934e-06,-2.19678564998634e-08,-1.05033005117933e-09,-4.12970037690807e-08,7.08733505082596e-09,1.96025851428769e-08,7.80416882715437e-09,1.69760688165583e-08,1.97031752750587e-08,-1.04959088561491e-08,-3.88176264936601e-08,3.17626210911559e-07,3.60746892357794e-07,8.07906329226626e-07,-1.3995325456853e-06,-6.94261185975765e-07,-3.95135195942048e-06,2.58389731285013e-06,1.73474348595172e-06,-5.78205989410988e-06,-9.51296888796963e-07,-5.76839448718325e-08,6.29217281991354e-05,-2.43234402189499e-05,2.17684880056765e-06,3.95692578853935e-05,3.78837734265536e-07,-2.84436343793249e-07,-7.35621047629043e-07
"north_west","beta8",6.1090930890903e-08,1.55617887661296e-08,1.53315387755161e-07,1.87358272343805e-08,-8.57685249647294e-08,1.84651254283064e-07,-6.92659008437189e-08,1.2713492114758e-08,4.53077067580622e-08,-1.42348744840033e-08,4.67089646033861e-08,1.6679788060206e-08,2.81959667807952e-08,1.66889031894217e-08,3.58057249187972e-08,4.02697671256576e-07,2.76190649367467e-08,5.97069968778176e-09,4.60974098812422e-08,7.09800539503613e-08,-1.95796233239166e-08,8.47740749865507e-09,-1.15247911484424e-08,3.19425824044581e-08,-6.45296242645679e-08,1.27692514285044e-08,-3.57381987165913e-08,-2.56578380879778e-08,-1.2571349107722e-08,3.28438526393258e-08,6.34217247356978e-10,4.6797394322412e-09,5.34288578854836e-08,-1.16546291903875e-07,4.09723640333773e-08,-6.19375690855285e-08,2.43641238441563e-07,-4.13280712670002e-07,7.57000010464104e-07,-3.85878380034439e-07,6.57602576978731e-07,5.39745368001432e-07,3.59969177917556e-07,1.09751846539052e-06,8.17666322570555e-07,1.07927776664093e-06,-1.19884530660957e-06,1.68170551640081e-06,-1.05462241020058e-07,-3.22866870253485e-07,-5.05774916049274e-08,-2.44096871795406e-06,-2.60363181119448e-06,-4.68903354912052e-07,9.1856331346732e-07,7.4117166320643e-08,-8.81035719702138e-07,3.05326684623338e-08,4.50617357322028e-08,4.59684486499397e-08,-1.0427980119338e-08,-9.57398463202e-09,-1.59628759479242e-08,3.57444501483472e-09,-6.83333127897836e-09,4.08105309740327e-08,1.88298381791858e-08,1.23602251933265e-06,-2.98916198337402e-08,-1.18910166236425e-07,4.7545481613029e-07,3.38325705707421e-06,5.34507329317487e-06,-2.86222569942172e-06,-1.96776268244093e-06,9.99110980464814e-06,3.75995220049617e-06,1.05282041189738e-08,-7.70796944571375e-05,2.69909444751426e-05,-3.23284899342681e-06,-3.39455050473316e-05,-2.57308099920357e-07,-6.20129777354546e-08,1.07267145904816e-07
"north_west","beta9",-1.53732967162627e-07,1.28757284969126e-06,-1.49229184236602e-08,7.13688073106147e-08,-1.11114374396256e-07,-2.84609772365886e-07,2.23228086619921e-07,-7.32680021087495e-09,1.73964818574452e-08,3.68883155671514e-08,-4.40221873208446e-08,2.23707629785051e-08,5.14067187753127e-09,5.94062649064083e-08,9.49850639399705e-09,-1.81670370849226e-09,2.15611033694835e-08,1.18850446458544e-08,1.45799371645244e-08,2.49886944555182e-08,-6.10272775308438e-09,4.20864109339068e-08,-1.54137635423211e-09,-3.40804001843175e-08,7.36265409074642e-08,7.17841104180533e-11,-1.5651217966097e-08,-2.2598012998466e-08,2.14960621736369e-08,-3.58577388434138e-08,1.00545580056293e-08,-2.05324232881726e-08,-3.45002422979017e-08,1.15442510949795e-08,1.9449369893184e-08,-1.03801961705413e-08,4.58505120453131e-10,1.19934630188653e-07,-3.85878380034439e-07,5.08615171669563e-07,1.28503390819522e-06,4.44009112108476e-07,-5.87538978285969e-07,3.64068373245945e-07,-9.78665822003631e-07,2.82121117950383e-07,5.08329014977367e-07,-1.12631946397038e-06,-1.51082521615807e-08,2.94438670580745e-07,1.05802604785325e-08,-1.5181814719745e-06,3.12749244989829e-07,-3.60971179617456e-07,-5.18236313335966e-07,-4.25008742811402e-07,7.38602339059019e-07,-1.70615284170168e-09,-2.3536548295419e-08,1.48768796548592e-08,-1.35740584524607e-08,-5.6565724730919e-09,2.24615665235546e-08,2.19323871477401e-08,7.52427131406179e-09,-5.04829657117413e-08,1.84087247968084e-08,-5.09158035162609e-09,-4.22287629822735e-07,-5.37732784921529e-08,1.02158991502799e-06,6.59515915289125e-06,-1.69299198762378e-06,-1.45793813283882e-06,1.11133104815438e-05,-7.35958823724565e-06,-3.75063800449431e-06,-6.58023540018552e-09,-2.34636954664086e-05,1.21631333440623e-06,1.18691041256034e-05,-5.7481160586093e-05,-3.94009682564399e-07,-1.78901720862093e-07,5.14463983556609e-07
"north_west","mu_D",2.03018266844963e-06,1.85689458638061e-06,1.18675077706811e-05,3.64736532260643e-06,-5.0275224067726e-06,-1.34172788394624e-06,2.22373793074378e-06,4.44185734822421e-07,-1.4319752728402e-07,-1.03047942138236e-06,8.13882255737905e-07,8.35028778882727e-07,6.70276729058653e-08,1.06326035726126e-06,4.03800803900002e-07,6.05213830331142e-06,4.96944356149497e-07,4.38078556707496e-07,9.57375052117902e-07,-7.79696308126291e-07,7.81310383629948e-07,-4.02641314734325e-07,5.32447683044813e-07,-6.51699109285988e-07,-4.87466893488104e-07,2.85671607503839e-07,-1.41932028985583e-06,-1.68354505334667e-06,1.24433555903507e-06,-1.67925045336284e-06,1.48574117827257e-06,-1.11679225405347e-06,4.59368341506223e-07,-2.45361188906585e-06,5.19523422546967e-07,-8.85735543484934e-07,3.57909043727546e-06,-1.79619637396201e-06,6.57602576978731e-07,1.28503390819522e-06,0.000363767578561004,0.0001461663738848,0.000140805921736733,0.000163796099028736,8.63176281726439e-05,1.77333192699156e-05,-4.03856742812521e-05,-5.7875987650612e-06,2.27978826338474e-06,-5.26996067776027e-06,6.78108899829868e-06,-2.28976435746586e-05,-6.48017906652506e-05,-0.000148670517943678,4.96396010631482e-05,-4.27396753739872e-05,-1.44685770224787e-05,8.69676336876946e-07,-2.34376799164278e-07,-7.28513958666847e-07,-3.89873481184817e-07,1.23263140460073e-06,4.38581558318059e-07,9.55339778440865e-07,-5.53863714885161e-07,-4.54554787300302e-07,2.16993272285286e-06,-6.77614838411896e-05,-0.000214670320164019,2.17543933994523e-05,5.93639796193704e-05,0.000107132145572986,5.43116894690637e-05,-2.77720317760419e-05,0.000447706968992798,9.31166750460216e-05,5.08904682313463e-05,1.06688204229291e-06,-0.00199400265659983,-0.000145774065502686,0.000316646389172113,-0.00229077445484176,-2.02007013980954e-05,-8.97610369439569e-06,2.08176516758942e-05
"north_west","mu_D_2",5.91073996017517e-06,2.71447481852506e-05,1.73493019098326e-05,-1.81766648201572e-07,-2.98416887653617e-06,-9.21426337850619e-07,1.7820044990741e-06,1.0307692814586e-06,-1.09379475026862e-06,-1.53430638191362e-07,1.08597660192373e-06,7.60849956682307e-07,4.26966317166842e-07,3.50259171117334e-07,9.91705748264321e-08,1.27268382598489e-05,3.70588959343792e-08,4.44093350524493e-07,3.86056900289003e-07,2.44466593326714e-08,6.34912912550434e-07,-7.52325596934668e-07,1.04004762954448e-08,-1.36704026417557e-06,6.2480959555951e-07,-1.0834073606037e-06,-9.5263351719547e-07,-9.51772972926566e-07,-1.58413043620618e-07,-1.13222328561913e-06,3.28230559596036e-07,-4.3381147354501e-07,-7.32990392736157e-07,-2.61037756220742e-07,5.08986987561503e-07,-5.89421038620428e-07,2.05375338957972e-06,-9.29221515570365e-07,5.39745368001432e-07,4.44009112108476e-07,0.0001461663738848,0.00030187232104851,0.000100504061465612,0.000160846399585696,0.000122776259845279,0.000128320918150952,-4.91599522885831e-05,2.61278420205744e-05,9.94332855953459e-07,-2.18661413474552e-05,7.7811487633045e-06,-1.39943593539775e-05,-5.42019877464841e-05,-0.000169436876063954,2.29131773834431e-05,-4.02560131009467e-05,-1.93490752588341e-05,9.315098493294e-07,-1.28440107712772e-07,-1.04245251335814e-06,-2.43337595891261e-07,-3.95693828319191e-07,5.39864682267971e-07,5.65726134440229e-07,-1.15857153062125e-07,-4.08420216446965e-07,7.51948094434169e-07,-5.64282599242931e-05,-0.000141749650676436,1.70895196985035e-05,2.19776081844235e-05,2.13397585771351e-06,0.000134717143414988,-2.91771502624792e-05,0.000298781698508198,9.80212936764078e-05,8.43758922724933e-05,1.63714991564873e-06,-0.00170257119674831,-0.000311518577716601,0.000264085509761917,-0.0010420554012445,-2.12867781504521e-05,3.66148523757825e-06,2.79351491485858e-05
"north_west","mu_D_3",1.05922260568044e-05,7.95845665021951e-05,7.82622913381198e-06,-4.65801165538689e-06,4.14481678982689e-08,-1.43168668749222e-06,7.14182920326556e-06,-3.27290430655865e-06,2.8530500059145e-06,-5.65184218627654e-06,5.01660220649812e-06,-7.61355694996206e-07,7.73054849875714e-07,8.34843713592089e-07,-1.26008791617056e-07,1.38629753634563e-05,-1.9294098511376e-06,-1.67449155103466e-07,-2.1966145922479e-06,3.61737110717966e-06,-3.90677414246784e-06,7.3399742380308e-08,-5.46041347686897e-06,3.47002698459343e-06,-8.61832919133644e-06,2.07471323212688e-08,-9.21218832336927e-07,-3.27272317100117e-06,-2.34664485332492e-06,-1.42214947097546e-06,-6.24864103467644e-07,7.7572495978232e-07,1.56104946388937e-07,-2.83110042505635e-06,4.84882145013676e-07,-9.69355000180917e-07,3.06763935066084e-06,-1.45529522864823e-06,3.59969177917556e-07,-5.87538978285969e-07,0.000140805921736733,0.000100504061465612,0.000928810182419959,0.000516415371882425,0.000293997719778022,-6.33588897668193e-05,2.87794979654521e-05,-2.80777679983896e-05,1.33289309277399e-05,-4.79671208183263e-05,7.00616485468568e-05,1.02988605643946e-05,-0.000198317911098065,-0.00015299917079266,3.43246054400542e-05,-1.79671295807433e-05,5.54868161185041e-05,3.43587454122709e-07,-1.2103384146603e-07,1.90509718928909e-06,-3.42169921385907e-07,5.30773036729125e-06,-2.09553160311904e-06,-2.15690233020118e-06,-2.10640024837661e-06,1.568373869208e-06,-8.2843155125516e-07,-0.000238998455814465,-0.00194849909806373,0.000375862469557402,0.000114060792484762,-6.56511214466448e-05,0.000239188247185138,-5.92029037040753e-05,-0.000255420973235503,0.000391777035171487,-0.000121734354613215,5.05237089194402e-06,-0.00111675213710136,6.13857962312609e-05,7.78334986866756e-06,0.000374978230683243,6.09623147640651e-06,3.57329564242702e-05,3.87501924789692e-05
"north_west","mu_D_4",1.17014442348881e-05,-4.89861202360923e-05,1.82818358913615e-05,-3.90543248422076e-06,-1.4051532313335e-06,-1.6881765402599e-06,6.76943047187435e-06,-2.93383928918962e-06,2.75979294267454e-06,-5.56337462840489e-06,5.80057505482644e-06,3.48390520230589e-07,5.40617456367203e-07,2.48082687404123e-06,-1.80822390623848e-07,1.7281793082535e-05,-7.40604726004341e-07,-5.16082049307401e-07,1.47675704995772e-06,9.68817078481557e-07,-2.49291759349633e-06,-7.18109836868205e-07,-3.58324014907448e-06,1.88098138271231e-06,-6.34091236803926e-06,-1.67549334426596e-06,-1.42818590995198e-06,-2.46425415661287e-06,-2.06681408652091e-06,-2.77182186217037e-06,4.69415493649706e-07,-1.74147763842184e-06,1.55349356594947e-06,-7.48119609796229e-06,7.91289721931696e-07,-1.41725267489317e-06,4.38185909088365e-06,-2.33548949916049e-06,1.09751846539052e-06,3.64068373245945e-07,0.000163796099028736,0.000160846399585696,0.000516415371882425,0.000745547998483652,0.000303370385702131,-1.13762290516453e-05,-6.70229014682874e-05,7.33937985499273e-06,1.34255081593228e-05,-4.73448153711867e-05,6.09809343389736e-05,-1.2959933670514e-05,-0.000186966242117522,-0.000157375141126686,0.000150701802433316,-1.18995732624354e-05,-0.000116471592827063,1.54436281092885e-07,7.42989418263176e-07,2.19853754239931e-06,-4.32944902433899e-07,3.48858275177214e-06,-1.23777070757296e-06,-2.02013039833081e-06,-1.88405993118717e-06,1.0682874767389e-06,-1.09499693988042e-07,-0.000250717471620159,-0.00123190849424247,-0.000185557448039334,0.000254416984140916,2.78286572808978e-05,0.000192220555711677,-5.05036818516258e-05,6.0238869005462e-05,0.000162912840051404,-0.000143249234414541,4.74149711846165e-06,-0.00367537097022202,0.000413994823334823,8.50607106106252e-05,-0.000362878726309627,-2.16390188594291e-05,3.91412467104453e-05,5.43694792247556e-05
"north_west","mu_D_5",8.77477573607659e-06,-6.21293842323954e-05,1.30456174581588e-05,-4.99605829754164e-06,1.9688113947891e-06,5.4462527471448e-07,1.62508608215937e-06,-5.26160414261268e-07,3.75499057596169e-07,-1.06262642011661e-06,1.50028177758306e-06,-4.21494762051351e-08,4.41845239044493e-07,1.68200743431321e-07,1.13305632775198e-06,4.54569198058603e-06,-8.47051864965871e-07,2.13998056227969e-07,7.66594397508767e-07,-1.93509333925458e-06,5.99437647333742e-07,-1.32588362581634e-07,-8.66759832303762e-08,2.56863939244827e-07,4.64827947664257e-07,-2.29800554218914e-06,4.1458511560251e-07,1.62163705890889e-06,-1.08979906592314e-06,2.61058404178072e-08,-4.69208764326702e-07,3.42891570338946e-07,-1.00855601314734e-06,1.46884980357065e-06,-2.21433185258362e-07,4.82281782903681e-07,1.49299908019953e-07,-5.13590397627369e-07,8.17666322570555e-07,-9.78665822003631e-07,8.63176281726439e-05,0.000122776259845279,0.000293997719778022,0.000303370385702131,0.000725094730203001,-8.52725388428273e-07,-9.23276251068176e-05,-9.25848246118029e-06,1.03921657140596e-06,-2.23804717689202e-05,4.4422829031098e-05,1.39726575487209e-06,-0.000152499044875386,-9.65252910755445e-05,1.5488514434535e-05,-6.47721761722419e-06,-6.09737186673137e-05,-1.79375920819271e-07,-2.27369894198337e-07,-7.65251134114233e-07,6.05024720819882e-07,1.10562243438105e-07,-1.36967520416931e-07,-3.46824726170302e-07,1.55884124001405e-07,4.83736179117246e-07,-1.96984117323116e-07,-8.35938101296987e-05,-0.000626438660984245,-0.000101708470996643,-0.000409007043395692,7.0527692511722e-06,-5.60925211378276e-06,9.29476619805134e-05,-0.000116988069365772,0.000201254986407744,0.00014861103741007,4.36722465519793e-07,-0.000812185099701931,-0.000142169843641891,-7.64905072298547e-05,0.0008568314160772,-3.37759878853913e-06,6.1331617894237e-06,9.64821392277907e-06
"north_west","mu_gamma_H",8.42747764392057e-06,-1.25063280859804e-05,1.17611096347353e-05,2.93248621016202e-07,-5.01345988127483e-06,-6.70129601558949e-07,2.83604456480771e-06,1.4558599344134e-06,-9.19756332507808e-07,-2.96658941003554e-06,2.04853320228542e-06,4.55852086832183e-07,2.01851589575701e-06,-2.23844422978228e-06,1.68908885100467e-06,1.95605132775126e-05,-4.8037474172235e-07,4.7012137228021e-07,1.12202795164378e-06,5.54978295346977e-07,4.24264959616961e-07,-8.46444392269318e-07,-2.95969392757379e-07,-1.57371435495424e-06,1.37614149255154e-06,-1.74575422256966e-06,-1.11071555864728e-06,-2.40939505171298e-06,-9.00993638789865e-07,1.4010522198163e-07,-1.56882900225099e-06,6.27014097799128e-07,-1.03574515956893e-07,-5.01445780171313e-06,1.13067470111873e-06,-7.43168820044639e-07,2.19395000587871e-06,-5.36608110830989e-07,1.07927776664093e-06,2.82121117950383e-07,1.77333192699156e-05,0.000128320918150952,-6.33588897668193e-05,-1.13762290516453e-05,-8.52725388428273e-07,0.000707331374960498,-0.000187350852739151,1.65296047548425e-05,-8.46919468774911e-06,-4.56745267609898e-06,-3.26525807013703e-06,-7.20903718110813e-05,1.47528756972095e-06,-2.87863765047948e-05,-1.40007750949572e-05,-4.3034623136416e-05,0.000121339603966552,1.28982506345374e-06,-2.75511085319897e-07,-2.48703119584056e-07,-5.26057880975071e-07,3.49168039101835e-07,7.1153894530458e-08,7.71945259199477e-07,-2.5824484646808e-07,-2.83602585881516e-07,1.26145628948644e-06,-3.60661564774684e-05,0.000110133331945795,-3.70021561047824e-06,1.69769254062266e-05,0.000213645058985284,7.9378119594519e-05,-0.000122581252701057,0.000434056642489106,7.53904694949838e-05,-9.41603347583771e-06,-3.11418101669951e-07,-0.00360234614124627,-3.62573242641039e-05,0.000523364629629445,-0.00170503117760358,-2.62356305383606e-05,2.03684052930538e-06,4.16079230042508e-05
"north_west","mu_gamma_H_2",-4.35162507564516e-06,8.00415771892431e-05,-1.71035910248368e-05,1.32372176270306e-06,1.48148196511931e-06,-2.38484196664583e-07,2.70476746045658e-07,-1.92785148980459e-06,1.39259426400847e-06,8.27411363122656e-07,-2.0226529146044e-06,-7.21978560073658e-07,-1.26119378026741e-06,2.3975035622431e-06,-1.41836401334573e-06,-9.33660782169961e-06,-1.87162987358288e-07,-3.65480025871198e-07,-1.25901651548267e-06,2.4560844017145e-06,-2.44275929928647e-06,1.67067945038245e-06,-9.58280119675876e-07,1.83575330242792e-06,-2.77350437761434e-07,1.05564126687337e-07,-1.29186129767956e-07,2.0554879445947e-06,-4.05198959592211e-08,-1.97688797513358e-07,-1.73199472991984e-07,1.32089784058135e-06,-1.50696051805457e-06,4.98599693798181e-06,5.45949258201138e-08,-6.56687710211433e-07,6.73671847215206e-07,-1.64874576772533e-07,-1.19884530660957e-06,5.08329014977367e-07,-4.03856742812521e-05,-4.91599522885831e-05,2.87794979654521e-05,-6.70229014682874e-05,-9.23276251068176e-05,-0.000187350852739151,0.000422252284198548,-3.04251398539472e-05,2.31815006336127e-05,-1.45023934569079e-05,-5.46483478328493e-06,2.56026002490261e-05,2.61459948566155e-05,-8.63738381139567e-06,-4.24233321315341e-05,1.20710648305374e-05,0.000160803205997774,-2.25340296151197e-07,-3.51683704018452e-09,4.58645499722805e-07,-7.29699248797761e-07,6.36689588567886e-07,-3.04549436586028e-07,-6.13553280200948e-07,-5.46152775525067e-07,9.46205965808715e-08,-1.73688521829173e-06,1.6486165970459e-05,0.000161084805762556,-7.63752551689693e-06,6.98840677599229e-05,-0.000215485472972204,6.31331565547427e-05,2.47802762157441e-05,-0.000291017943077527,-4.95221666304382e-05,-3.44743854190554e-05,1.56228477140294e-06,0.00215159336386678,3.29825523934558e-06,-0.000316218739510214,0.00030809426144093,2.21999273586245e-05,2.064258586625e-06,-1.8693313309932e-05
"north_west","mu_gamma_H_3",3.5314575878137e-06,-3.49404431202203e-05,1.83902106898956e-06,-6.85468343587002e-07,-5.45279172665686e-08,6.22696629071408e-07,-1.8720948295689e-06,3.49468855341872e-07,-4.06629255216086e-07,4.15130757486409e-07,-5.25280331011685e-07,2.27639056786145e-07,-5.21577910830997e-07,-8.25699180641733e-07,-2.33234225423109e-06,5.51034178345276e-08,1.51228127673854e-06,-8.13972485433363e-07,1.59699540881602e-06,-1.31248357753076e-06,3.61624960153741e-07,-1.03796838032252e-07,4.16550715088549e-07,-7.30078438407945e-07,9.40587864571954e-07,-1.30065013167837e-07,1.34539284023119e-07,8.95631148015562e-07,8.31732958665848e-07,-4.89055240867849e-09,9.2127815255443e-08,4.2437356520622e-07,9.87666257795278e-07,8.80279231896623e-07,-2.4292800751799e-07,1.88239612289416e-07,-3.20695993076077e-07,-7.36005047552818e-07,1.68170551640081e-06,-1.12631946397038e-06,-5.7875987650612e-06,2.61278420205744e-05,-2.80777679983896e-05,7.33937985499273e-06,-9.25848246118029e-06,1.65296047548425e-05,-3.04251398539472e-05,0.000269220196014655,-1.16553563663718e-05,2.38774225520579e-06,-7.07282344459878e-06,2.38903443509445e-05,-2.18215828329562e-06,-1.96616048197965e-05,3.45942568805739e-05,-1.5325220166715e-05,-2.34676751859917e-05,-3.77574593088996e-07,-9.16869618694586e-07,-1.38243848073428e-06,-1.18892968876328e-07,-6.08121961195488e-07,1.03092365276884e-07,-4.63341223204882e-07,2.76092689391657e-07,1.42263394460536e-07,8.64710384294837e-07,2.19044779035271e-05,0.000201033947343746,-5.79920835847756e-05,-3.01229635167623e-05,-0.000122075022465773,-3.07948090034126e-05,5.95661240679424e-05,-0.000289148642395697,0.000488168678117301,1.45758814656089e-05,5.64667365771756e-07,0.000394851561610806,-0.000224478395279345,-9.42810388914919e-05,0.000108212515316726,1.76842961375841e-07,-6.61807684542431e-06,-2.07509700085981e-06
"north_west","mu_gamma_H_4",4.2143627606492e-07,1.0527249600238e-05,-7.49970665117645e-07,-1.15007706326654e-06,1.15300774115351e-06,-2.36760956826917e-07,5.47978961845761e-07,-4.06638077074542e-07,2.0873999389448e-07,-6.55794036163195e-07,6.90527983000771e-07,-1.22909733840197e-07,-1.31678246655952e-07,4.34273209513559e-07,-5.89895188010449e-07,-3.05649660696589e-06,2.64977437034508e-08,-8.48152022185875e-07,6.9622091275221e-07,5.44213101153782e-08,-9.92625327233874e-07,-9.93938463363558e-08,-7.09779362510761e-07,2.28588111222391e-07,-1.02384639088755e-06,-7.2255206168416e-07,1.7291821293199e-07,-5.01801776157226e-07,-6.21848448229327e-07,-4.05938683480806e-07,-2.22173561585112e-07,-5.27681887820474e-07,9.78677523707307e-08,5.85237820126954e-08,-9.74045274647019e-09,-2.83328327488709e-07,9.50359316340503e-08,-8.74502786630612e-08,-1.05462241020058e-07,-1.51082521615807e-08,2.27978826338474e-06,9.94332855953459e-07,1.33289309277399e-05,1.34255081593228e-05,1.03921657140596e-06,-8.46919468774911e-06,2.31815006336127e-05,-1.16553563663718e-05,5.40745225746814e-05,-7.98353219509934e-06,8.28289315927995e-07,1.07928992997203e-05,6.78661162796407e-06,-8.70376235610267e-06,8.47319431867992e-06,5.16989705157458e-06,-2.87860403414959e-06,-1.53549172180108e-07,-3.58010394893433e-07,3.23611020889478e-07,-5.00001523076034e-08,5.61420674166098e-07,-2.31910680170145e-07,-3.86508218049793e-07,-4.34625328443072e-07,-4.530377274977e-08,-3.53318650997051e-07,-3.75126745833034e-05,-7.68896418573985e-06,2.87697535718591e-05,8.2395522637914e-06,-4.2585413101345e-05,-4.64842100748891e-06,-1.45008684158581e-05,6.5918335462432e-06,-0.000139521672972925,-5.73941011993006e-05,8.98478580824665e-07,0.000510657284924312,3.27631823698263e-05,-0.000110640078013602,0.000416096238496365,2.92176113702932e-06,1.13959863004095e-05,1.07574728658215e-06
"north_west","p_G_D",-6.81491388392474e-07,-5.46543512991022e-05,-4.66052810788002e-07,9.45242766599865e-07,-4.18647972488458e-07,3.60699576661667e-07,-1.22856199288691e-06,1.01194704445496e-06,-8.60816999874701e-07,1.45626751540231e-06,-8.99991239453863e-07,-1.82660096713466e-07,5.0342267960536e-08,-8.95761967702797e-07,5.83112041154414e-07,-9.05284504550451e-07,-1.76517688798423e-08,3.57490598608324e-07,-9.24484837583314e-08,-6.39843776535112e-07,8.65182163208826e-07,1.70444363631148e-07,9.1690078522167e-07,-1.49760865970746e-07,1.33002947158246e-06,9.95716096503007e-07,2.09294280782621e-07,2.72923863414246e-07,1.06688595545135e-06,2.07133783312668e-07,3.6189517846445e-07,-1.0531074194341e-07,1.97125314287956e-07,1.73161764285929e-07,-2.06217525134997e-07,5.76404824863909e-07,-1.06611245923739e-06,6.04870504452174e-07,-3.22866870253485e-07,2.94438670580745e-07,-5.26996067776027e-06,-2.18661413474552e-05,-4.79671208183263e-05,-4.73448153711867e-05,-2.23804717689202e-05,-4.56745267609898e-06,-1.45023934569079e-05,2.38774225520579e-06,-7.98353219509934e-06,5.18339748833419e-05,-5.7646082108978e-06,1.34194760128284e-06,4.7979192758456e-05,2.76431697999641e-05,-1.83882150738481e-05,2.03354727828393e-06,-1.58558308706175e-05,-2.39084908227686e-07,1.62802821209077e-07,-2.72318848261914e-07,-3.08716722486246e-08,-4.15933106670618e-07,1.2439084808332e-07,5.88093554397133e-07,4.68636433306856e-07,-1.93267829489032e-07,2.42564469541171e-07,1.50905121417074e-05,7.59396776906836e-05,-1.21597239190404e-05,-2.24996712638249e-05,3.2926341754892e-05,-9.84077701947274e-05,2.29095557359093e-05,-1.12248502520352e-05,0.000107330413568511,1.74062865482389e-05,-1.11171539827611e-06,0.000652931662328583,1.91810723216761e-05,5.99150672628013e-05,-0.000229354714412429,4.27390191202779e-06,-1.03660064085115e-05,-1.34521857467372e-05
"north_west","p_G_D_2",9.88777528082427e-07,1.57132813310451e-05,-4.94024480483393e-07,-2.99537117922489e-07,-4.14541528921648e-07,7.36391541489973e-08,9.36026150908073e-08,1.00673826443422e-07,5.64183280811383e-08,-7.60280175289177e-08,2.77370778508102e-07,7.07291591524215e-09,1.05836030575243e-07,2.63738589158542e-07,3.05812911774269e-08,1.63333191423537e-06,-1.19554327825814e-07,6.40779197200137e-08,-2.55631014968833e-07,4.12013140095605e-07,-3.13871166854891e-07,7.66899021621417e-08,-3.85393588650762e-07,1.51277906242267e-07,-4.49363505485833e-07,-5.54748283476592e-08,-1.01466929995823e-07,-3.51243599921486e-07,-2.33597231113794e-07,-4.14237589243045e-08,-8.91333488361041e-08,-1.31414341169533e-07,5.97121367918339e-08,-4.77817294267732e-07,1.05132904291761e-07,-6.60548485013097e-08,1.8064012012755e-07,-3.0036708518326e-08,-5.05774916049274e-08,1.05802604785325e-08,6.78108899829868e-06,7.7811487633045e-06,7.00616485468568e-05,6.09809343389736e-05,4.4422829031098e-05,-3.26525807013703e-06,-5.46483478328493e-06,-7.07282344459878e-06,8.28289315927995e-07,-5.7646082108978e-06,1.34382232531195e-05,-4.16689249243162e-06,-5.93426828473223e-06,-2.67436533950656e-06,4.11845765417285e-06,-5.05757063692912e-07,-9.69384040191501e-07,1.25683965890098e-07,7.81662981193615e-08,2.61984526724544e-07,-2.59196745917682e-08,-1.11628016883849e-07,-1.01494359685767e-07,-1.1817706348989e-07,-1.20217254930945e-07,5.21644987232649e-08,-2.95613929379925e-10,-1.00732212842168e-05,-0.00020117398856069,1.1202883499937e-05,4.77681567338448e-06,1.28838541991003e-05,1.67609379173611e-05,-1.72702730144815e-05,4.93653454119358e-05,-3.16139924172316e-05,-4.41935574940748e-06,2.33020217480994e-07,-0.000132676576366349,2.29915089259236e-05,9.08205724782012e-05,-0.00011766496109835,-1.04841723669177e-06,3.70631476644166e-06,5.49944437785069e-06
"north_west","p_H",2.86903755678312e-06,-3.00442442483179e-05,-6.27644767672729e-07,-4.92224269579392e-06,2.40898392164369e-06,-7.77126759646342e-07,-1.48466834945786e-06,-2.18105042028431e-06,-1.39285241083077e-06,-1.29721334337454e-06,6.8912012354483e-09,-1.33172203902887e-06,-1.34101292481742e-06,-1.99623791377331e-06,-1.63141642158016e-06,-2.88383788970366e-06,-1.50802054374244e-06,-1.40952988079926e-06,-1.47134644422343e-06,-1.37814887202329e-06,-9.87545863487498e-07,-9.21518049072488e-07,-4.55329349844495e-07,1.0577944027035e-06,-2.31977212413007e-06,3.16022304902627e-07,8.10364769016044e-07,2.025492356085e-06,-8.43048041163317e-07,2.45935900068181e-08,-3.6813568070055e-07,1.11387346551929e-06,-5.36607475205483e-07,2.53531003770032e-06,-1.1757871845096e-06,-2.87262157122799e-07,-2.72714924451783e-06,4.83330701406152e-07,-2.44096871795406e-06,-1.5181814719745e-06,-2.28976435746586e-05,-1.39943593539775e-05,1.02988605643946e-05,-1.2959933670514e-05,1.39726575487209e-06,-7.20903718110813e-05,2.56026002490261e-05,2.38903443509445e-05,1.07928992997203e-05,1.34194760128284e-06,-4.16689249243162e-06,0.000188370741206926,0.000100118322295934,-1.07363172028467e-05,-1.10092287382583e-05,5.08815538464044e-06,-2.32792197469312e-05,-8.88302811111662e-07,-7.57759563518437e-07,-5.03075459165438e-07,6.4200805427758e-07,-8.96217889188964e-07,-3.93419982589048e-07,-1.45359659336745e-06,-3.19885579711268e-08,6.84731619481617e-07,-1.0723361951731e-06,-3.31835702080464e-05,0.00010577741064207,-1.26285651776678e-05,-2.33699605907812e-05,-0.000476126871160169,-0.000115539275885363,0.000166805314038871,-0.000394198487476262,0.000159492539524395,3.98280899726261e-06,3.63701199738549e-07,0.00247371338853804,-0.000292156558425331,-0.00070216773352593,0.00219511712136308,5.42285620649621e-06,2.225275436379e-05,-1.99279569848912e-05
"north_west","p_H_2",-1.41821665230801e-05,2.34554712240774e-05,-2.41596727139591e-05,6.31770542275624e-07,-6.85721565988367e-06,-5.0150883467031e-07,-4.56655681349928e-06,7.46050442272195e-07,-8.59129663769223e-07,-8.16440083641984e-07,-2.76191060434596e-06,-6.84049103237126e-07,-9.16047954024944e-07,-1.24935110168183e-06,-1.19465425565173e-06,3.41654438119508e-06,6.14551078781003e-08,7.87728268870342e-07,-6.67640561758001e-06,2.78123944891564e-06,2.2106974920735e-06,1.3771287964834e-06,3.06259815300477e-06,4.72365326634968e-06,1.65179808254167e-06,1.10288994163883e-05,-4.44668193376887e-07,-6.05031697679295e-06,1.70279089200761e-06,1.43434952102522e-05,-1.66534614153183e-06,4.34915748373127e-06,4.90819814556014e-08,8.73351995965351e-06,-6.92317401474714e-07,8.06723254046197e-07,-3.26151851967892e-06,1.79013320266268e-06,-2.60363181119448e-06,3.12749244989829e-07,-6.48017906652506e-05,-5.42019877464841e-05,-0.000198317911098065,-0.000186966242117522,-0.000152499044875386,1.47528756972095e-06,2.61459948566155e-05,-2.18215828329562e-06,6.78661162796407e-06,4.7979192758456e-05,-5.93426828473223e-06,0.000100118322295934,0.00208671063698726,6.20000642604326e-05,3.03213860947719e-07,3.35919644646391e-05,-4.54961369177645e-05,3.49975915405294e-07,-1.55780027149985e-06,-4.52081517277091e-08,9.16788230660615e-07,-1.2136337118541e-05,-5.38767656313585e-07,-4.71575004344519e-07,1.10993275696058e-06,-2.88172210615394e-06,-1.73528913925242e-07,-8.42281293525365e-06,0.00046395145426576,4.13493632978292e-06,-5.0855267675482e-06,-0.000230052087997731,-0.000587416146736647,-0.00110853065321698,-0.000447046273426864,-0.000460837327349382,-0.000252343063853392,1.78107382288908e-06,0.00333452649719633,-9.85190948066346e-05,0.000919502363046309,-0.00173703458784373,1.97858068147968e-05,1.20560461452066e-05,-0.00013107770419418
"north_west","p_H_D",-4.26976524004821e-06,-7.90854162471021e-06,-1.14604187558046e-05,3.16753660089681e-07,6.47947430769899e-07,1.12723232380268e-06,-2.67932107942671e-06,1.20922695412071e-06,-1.0169713607054e-06,2.67600396842127e-06,-2.78612099782673e-06,-2.39403488056759e-07,-1.90950674676396e-07,-8.45050700786844e-07,4.57568676126813e-07,-6.20889094477133e-06,1.36365803082678e-07,2.51671082436986e-07,-9.14632735837482e-07,4.81785421946059e-08,5.11349614249435e-07,3.37251800963583e-07,8.62085487193776e-07,-1.400215843103e-07,1.51382476914687e-06,5.57261008180503e-07,7.70485240131297e-07,8.14791882712856e-07,5.04453169504547e-08,1.24916077116549e-06,-5.2323862416884e-07,-6.98732796155792e-08,2.56006749561592e-07,5.11742356080668e-07,-1.77986580245747e-07,4.30565734165906e-07,-1.96990832358334e-06,1.10478255276892e-06,-4.68903354912052e-07,-3.60971179617456e-07,-0.000148670517943678,-0.000169436876063954,-0.00015299917079266,-0.000157375141126686,-9.65252910755445e-05,-2.87863765047948e-05,-8.63738381139567e-06,-1.96616048197965e-05,-8.70376235610267e-06,2.76431697999641e-05,-2.67436533950656e-06,-1.07363172028467e-05,6.20000642604326e-05,0.000179152846557511,-2.24862951101077e-05,2.60559465306105e-05,-5.56732529111646e-05,-3.61453607422005e-07,3.14552778062189e-07,6.69290373358115e-07,1.26043788066258e-07,-1.92296576510495e-06,1.24474662131146e-07,1.94791640971366e-07,5.89780991428982e-07,7.4809862161383e-08,-5.2543523165434e-08,5.43462907320963e-05,0.000128617168579426,-1.90467774848847e-05,-4.45021885086097e-05,7.86697602512893e-05,-0.000127760388591682,5.15042037072111e-06,4.82521293788833e-05,-0.000169544632966743,-1.65259672332207e-06,-1.92961253761374e-06,0.00136819892431874,0.000318822495726529,7.97706770584947e-05,0.000319521464426674,1.11236236052062e-05,-1.25562609539655e-05,-1.09258956976113e-05
"north_west","p_ICU",1.49161921295047e-05,-3.13216533763154e-05,1.5982689746052e-05,-7.34700591946095e-06,-3.82287730880042e-06,4.65122969211548e-07,2.51772621893413e-06,-4.59789340121769e-07,-6.97551238987805e-08,-2.20882662439165e-06,1.03210948709111e-06,3.38217089263771e-07,-5.68505196483993e-07,8.7872407078485e-07,-4.15772853125708e-07,9.53744041462344e-06,-4.12716155476282e-07,-6.19223225020832e-08,-6.89525890252728e-07,3.67968406539614e-06,-1.32096820921567e-06,-7.02535485774993e-07,-9.26059552553718e-07,6.27624672056124e-07,-2.54222533167976e-06,-1.17144716616751e-07,5.01355331373874e-07,-4.6315872390805e-07,-2.16333922525347e-06,2.4498161374572e-06,-1.24948421779415e-06,2.02585523062715e-07,1.35072474995445e-06,-3.10872434946116e-06,-8.28068541378206e-08,-9.1527251981852e-07,2.29502023831116e-06,-1.88566715641821e-06,9.1856331346732e-07,-5.18236313335966e-07,4.96396010631482e-05,2.29131773834431e-05,3.43246054400542e-05,0.000150701802433316,1.5488514434535e-05,-1.40007750949572e-05,-4.24233321315341e-05,3.45942568805739e-05,8.47319431867992e-06,-1.83882150738481e-05,4.11845765417285e-06,-1.10092287382583e-05,3.03213860947719e-07,-2.24862951101077e-05,0.000375644658120806,-1.59872821879732e-06,-0.000295361712593129,-3.26233628917892e-07,-1.19696951471439e-06,1.49185482964318e-06,-2.49385807903618e-07,-3.49573957986702e-06,-3.11379442850609e-07,-2.20590536312919e-06,-9.58236938979005e-07,-4.19144206746425e-07,2.85619687643582e-06,-7.78581885430277e-05,1.19456181628141e-05,-9.5576210249532e-05,5.28658086639771e-05,9.73958369007212e-05,-3.85999473159233e-05,-6.62877891708346e-05,0.000284236008528496,-0.000102804003214236,-0.000248204991334858,5.79764052989196e-06,-0.00116043115902373,-0.000121219877379058,-5.82729713479372e-05,-0.000838974630846093,1.28752702356398e-06,-3.80935819849941e-06,2.25454442968766e-05
"north_west","p_ICU_2",-1.62420131345331e-06,1.71427911709424e-05,3.13580598461022e-07,-2.4496548836398e-06,1.85881773941001e-06,9.29593335577617e-07,-1.01536109270561e-06,1.94938252156178e-07,-4.53502833401602e-07,1.64246234456743e-06,-1.84352504104663e-06,-2.79044325924634e-07,-2.35790050021117e-07,-6.32946958591207e-07,4.44602146525682e-07,-6.08368067040783e-06,-4.19054480285324e-07,1.75581857811583e-07,-8.78676273291333e-07,8.84216574347067e-08,1.55048823383709e-07,-8.86082591180901e-09,3.78780650405177e-07,2.12464945933501e-07,4.49431259856834e-07,4.50125438288234e-07,7.76141760250896e-07,8.44650013640037e-07,-1.54582649043521e-07,1.016212515958e-06,-7.14187591762923e-08,2.814021925701e-07,5.04008477536046e-07,-5.40886932726817e-08,-2.26435717827037e-07,-1.8818346241724e-07,-5.53193277052808e-07,2.41053325182725e-07,7.4117166320643e-08,-4.25008742811402e-07,-4.27396753739872e-05,-4.02560131009467e-05,-1.79671295807433e-05,-1.18995732624354e-05,-6.47721761722419e-06,-4.3034623136416e-05,1.20710648305374e-05,-1.5325220166715e-05,5.16989705157458e-06,2.03354727828393e-06,-5.05757063692912e-07,5.08815538464044e-06,3.35919644646391e-05,2.60559465306105e-05,-1.59872821879732e-06,6.07693190006021e-05,-7.17597148955169e-05,-5.6119369051342e-07,7.76102939923237e-07,1.65812795257117e-06,1.42215287458105e-07,-1.09327463066421e-06,-6.37549139422639e-07,-9.60041558900793e-07,1.05775219285099e-07,1.65627914142784e-07,-1.38131457415277e-06,2.32282133602753e-05,1.78385335952027e-05,2.09633772597746e-06,-5.33168869529074e-06,5.69110389720579e-07,-8.40487915096363e-05,4.63482204348922e-06,-0.000283400840914162,-0.000373030887228887,-8.78053301467761e-05,5.59641183612603e-07,0.00138229827564696,0.000227279309502899,-0.000166573293674962,0.000658909093490543,1.35209641040725e-05,-4.38980842638869e-06,-1.5324099470719e-05
"north_west","p_ICU_D",-1.0943619616847e-05,2.67208136453511e-05,-2.1984038481264e-05,1.35922166384884e-05,-3.62956298294428e-06,-1.40583857720672e-06,-1.937203974557e-06,1.12614523864077e-06,9.71801831614389e-07,-6.84440293870725e-07,1.72740792729934e-06,-2.63767441195767e-08,1.35025170004481e-06,9.18591729801119e-07,1.02679512901398e-06,-8.20995545033986e-06,-6.31093282065989e-07,1.16065228795157e-06,1.18188709391229e-06,-1.86627626950981e-06,1.88996834700283e-07,1.52755898694967e-06,-1.04791989212927e-07,5.20726718084493e-07,1.31176497278425e-06,5.29392018029518e-07,-1.59821976416395e-06,-9.6518754077777e-08,1.95008152399668e-06,-2.88183337195852e-06,1.11128511690195e-06,1.45424258554486e-07,-1.327356271646e-06,1.89210872617024e-06,3.91868467059575e-07,1.43217854021232e-06,-2.72045371084499e-07,1.07790336262934e-06,-8.81035719702138e-07,7.38602339059019e-07,-1.44685770224787e-05,-1.93490752588341e-05,5.54868161185041e-05,-0.000116471592827063,-6.09737186673137e-05,0.000121339603966552,0.000160803205997774,-2.34676751859917e-05,-2.87860403414959e-06,-1.58558308706175e-05,-9.69384040191501e-07,-2.32792197469312e-05,-4.54961369177645e-05,-5.56732529111646e-05,-0.000295361712593129,-7.17597148955169e-05,0.000984333546595233,1.56113419940178e-06,7.63811005179343e-07,-2.79312351417805e-06,-5.01778838347436e-07,6.43068910236815e-06,3.57015829007504e-07,2.58405461401496e-06,7.67189087800352e-08,4.92803587850423e-07,-1.53643716122199e-06,-4.33240542355028e-05,-0.000184574083257411,8.35861391065915e-05,7.69048769422767e-05,-0.000135866097598396,0.000232982175081151,1.60812947018869e-05,-0.000386359949920872,0.000892682217530905,0.000275501892996535,-4.35447439622882e-06,-0.0016940386571407,-0.000366884639952131,0.000266454880229119,-0.00236077764185242,-2.02963990358803e-05,2.1683607603513e-05,-4.71326710886279e-06
"north_west","p_NC_15_24",-3.20821790919372e-08,1.23263071314622e-06,1.47906347181134e-07,9.36841239297228e-08,-1.20652667511566e-07,-1.24047433023488e-08,6.20343783082628e-09,4.85637706570426e-08,-3.35346005299459e-08,3.1284315133392e-08,-1.45829950251272e-08,1.57429580726151e-08,4.62388560356928e-09,2.97031439969331e-08,-5.635163109475e-09,1.85519639374272e-07,9.89700922120935e-09,7.13383589586741e-09,-1.73121609063605e-08,4.30541201190645e-08,1.03433252639713e-09,2.84907219623522e-09,4.45431368225302e-09,-1.34033475204365e-08,4.18650666007408e-09,2.41518355237933e-08,-2.72320020072576e-08,-3.23606863611755e-08,3.13033739284474e-08,-2.11983776533228e-08,-1.59780150622753e-08,2.10756893462921e-08,-1.19398583950965e-08,-3.59834739572546e-08,1.45416613472619e-08,-8.25311608693944e-09,3.99620048782221e-08,-2.19678564998634e-08,3.05326684623338e-08,-1.70615284170168e-09,8.69676336876946e-07,9.315098493294e-07,3.43587454122709e-07,1.54436281092885e-07,-1.79375920819271e-07,1.28982506345374e-06,-2.25340296151197e-07,-3.77574593088996e-07,-1.53549172180108e-07,-2.39084908227686e-07,1.25683965890098e-07,-8.88302811111662e-07,3.49975915405294e-07,-3.61453607422005e-07,-3.26233628917892e-07,-5.6119369051342e-07,1.56113419940178e-06,7.33795582340385e-08,2.76113011055099e-09,-1.95144207052436e-08,4.05143867457851e-09,-8.57816746824008e-08,2.11012193671749e-08,5.08720862920242e-09,-5.68593211758026e-09,-9.15139873833624e-09,7.46317514403192e-08,-9.31435446037143e-07,-2.18625128079747e-06,1.1884039454537e-06,7.64402177685205e-07,1.90695249212616e-06,1.38756708524924e-06,-1.72616037546872e-06,7.15730648886928e-06,-1.12429210555367e-05,1.84902658829152e-06,8.48813956955004e-08,-2.62437356980978e-05,2.18124688301585e-06,1.5014664796971e-05,-4.70335375635023e-05,-3.10379371867856e-07,2.08152057282302e-07,3.26811849135955e-07
"north_west","p_NC_25_49",-1.20732631957537e-07,4.09239284426093e-07,-1.81664876164849e-07,7.63846558803777e-08,2.90391776474393e-08,3.12759776048527e-08,-2.92961675137447e-08,5.1738712481325e-08,-4.97637240443091e-08,1.08828641944771e-07,-8.4676559513476e-09,1.78709141265531e-09,1.64154147650254e-08,-4.44692150137646e-08,6.53240198985368e-08,-2.85673350822499e-07,-5.48096571207044e-09,5.69871414095968e-08,-6.75493370357726e-08,5.35198368325106e-08,2.65146238252419e-08,2.8857792072063e-08,3.44053598670541e-08,2.33746520756143e-08,7.56674482321609e-08,2.52766679995516e-08,1.02590568333043e-08,5.38594458360803e-08,3.68721400296901e-08,-1.81659624461122e-08,3.5719781066511e-08,-4.31740040632489e-08,2.89136765619991e-08,-9.43632362300799e-08,-2.48754679198828e-09,3.9813032361684e-09,4.60281759174745e-09,-1.05033005117933e-09,4.50617357322028e-08,-2.3536548295419e-08,-2.34376799164278e-07,-1.28440107712772e-07,-1.2103384146603e-07,7.42989418263176e-07,-2.27369894198337e-07,-2.75511085319897e-07,-3.51683704018452e-09,-9.16869618694586e-07,-3.58010394893433e-07,1.62802821209077e-07,7.81662981193615e-08,-7.57759563518437e-07,-1.55780027149985e-06,3.14552778062189e-07,-1.19696951471439e-06,7.76102939923237e-07,7.63811005179343e-07,2.76113011055099e-09,1.41658821224221e-07,7.18388571352586e-08,-1.34571693623742e-08,-5.26946175679053e-08,-1.32036556171598e-08,1.95953300010572e-08,3.74288380254575e-08,3.47503376629169e-08,-3.63872500977722e-08,2.52643523549537e-06,-3.73767777929308e-06,-1.01853958971693e-06,2.17910631382105e-06,6.47275571811153e-07,-8.92447282649029e-07,3.60665734782378e-06,1.29946907923006e-05,-2.44013685550938e-06,4.29668790038108e-06,-1.03384356881475e-07,2.33496577049123e-05,1.99271871346536e-06,-6.03728194549393e-06,-1.07456435016374e-05,1.59553767063916e-07,-5.89658059539341e-07,-6.96348574164841e-07
"north_west","p_NC_50_64",7.96024209795278e-08,1.48112439825876e-06,1.01240737495414e-08,-1.28003495610108e-07,7.63517453299821e-08,2.86446176481154e-09,5.80443397435225e-08,-1.83248590450112e-08,1.31268285146036e-08,-8.83239598003827e-09,2.52617704829341e-08,2.49882973276489e-09,6.60925634170749e-10,-4.49402503575477e-09,5.24394435683112e-08,-2.20953878195029e-07,-2.76490220097233e-08,2.56818801095091e-08,-6.60059826893235e-08,1.68176158436503e-07,-8.95008228131603e-08,5.63989007714344e-08,-3.95074079125202e-08,6.2561440537147e-08,-1.96869589507739e-08,4.92512165314393e-10,2.95457123465633e-08,3.38365240731508e-08,-5.31731165682997e-08,6.90393815332582e-08,-3.08445197326776e-08,1.39975344690946e-08,1.9374536608167e-08,-6.33730349509177e-08,9.57831953586497e-10,-2.84640570373268e-08,4.00758216010769e-08,-4.12970037690807e-08,4.59684486499397e-08,1.48768796548592e-08,-7.28513958666847e-07,-1.04245251335814e-06,1.90509718928909e-06,2.19853754239931e-06,-7.65251134114233e-07,-2.48703119584056e-07,4.58645499722805e-07,-1.38243848073428e-06,3.23611020889478e-07,-2.72318848261914e-07,2.61984526724544e-07,-5.03075459165438e-07,-4.52081517277091e-08,6.69290373358115e-07,1.49185482964318e-06,1.65812795257117e-06,-2.79312351417805e-06,-1.95144207052436e-08,7.18388571352586e-08,1.90774616831454e-07,-2.24557698246027e-08,-8.41772887628112e-08,-5.01664276479119e-08,-5.49613916054352e-08,-1.09512239925624e-08,3.65474856926291e-08,-5.24851034435422e-08,8.3693760992097e-07,-6.87911605522933e-06,8.20116097063005e-07,2.8815356716264e-06,1.13381687405315e-06,-4.38479917476595e-07,-1.82351224979435e-07,1.08971886952145e-05,-2.0937740134888e-05,-4.29944566999468e-06,4.99157329293195e-08,2.67397748305415e-05,1.74094470359352e-05,-1.06735789714806e-05,2.27058167519339e-05,3.43081781322894e-07,-1.8554148643816e-07,-2.33428091580527e-07
"north_west","p_NC_65_79",-1.3074886359857e-07,-5.81796507125397e-07,8.03724060257553e-08,-1.0971358605071e-08,1.94522943619186e-08,-6.41612684839368e-09,-7.25563322811247e-09,4.35306105506486e-09,-1.75253231027569e-08,-4.34791889355806e-09,1.42870596353002e-08,-3.52327019724419e-09,2.53435820016201e-09,-7.22549643998653e-09,-1.39046270891137e-08,8.23253330512671e-08,2.33922552880618e-08,-1.51289919850609e-08,3.19119905289823e-08,-3.49473605245319e-08,1.95789039891433e-08,1.1139598670644e-09,2.02184231032227e-08,3.2232275147063e-09,8.52579669244634e-09,2.57202787165905e-08,1.7378652631789e-09,1.24799217708699e-08,2.0333405636731e-08,2.27733814715395e-08,-3.44703186167462e-09,3.17851527912586e-08,1.37074419031467e-08,5.62347996046218e-09,-9.60117622087972e-09,6.59810243344895e-09,-1.2318574956872e-08,7.08733505082596e-09,-1.0427980119338e-08,-1.35740584524607e-08,-3.89873481184817e-07,-2.43337595891261e-07,-3.42169921385907e-07,-4.32944902433899e-07,6.05024720819882e-07,-5.26057880975071e-07,-7.29699248797761e-07,-1.18892968876328e-07,-5.00001523076034e-08,-3.08716722486246e-08,-2.59196745917682e-08,6.4200805427758e-07,9.16788230660615e-07,1.26043788066258e-07,-2.49385807903618e-07,1.42215287458105e-07,-5.01778838347436e-07,4.05143867457851e-09,-1.34571693623742e-08,-2.24557698246027e-08,3.80198420606885e-08,7.96160467230444e-09,-1.12571396925186e-09,-2.49179084291484e-08,-2.45363566752409e-09,7.13727126489002e-09,7.19100055511623e-09,3.87827308910283e-07,1.51489145592092e-06,-3.13783522538507e-07,-9.86002126712685e-07,-1.38434452985145e-06,-7.770678224718e-07,-1.66657792567167e-07,-9.73753240487681e-06,6.48751839463961e-07,4.57292305822868e-07,2.69106604819278e-08,-1.70567580636254e-05,-4.7763540240642e-06,-2.41403199648804e-06,1.61280067837778e-05,-2.29276005851457e-07,-5.07102557189262e-08,-2.08451379214506e-07
"north_west","p_NC_80_plus",-4.07639646584223e-07,-2.62939627568793e-06,-1.66955371437034e-07,2.53144851413058e-07,-1.16663260948618e-08,-3.12070478072546e-08,1.1264771122296e-07,-1.41591641463948e-07,1.47040806105127e-07,-2.15975611655038e-07,2.35795882894493e-07,-7.47263070402963e-09,1.33261436827465e-08,3.63494083473195e-08,2.40137723631223e-08,3.64232817521957e-07,-1.99810039522136e-08,-1.68335242935132e-08,6.97051872077609e-08,-5.12253256669224e-08,-8.26470151877368e-08,1.81223215352113e-08,-9.82742700758954e-08,1.55200008727501e-08,-1.51067312104943e-07,-1.00382552950335e-07,-7.81017632923926e-08,-8.09196793125489e-08,1.3076120644348e-08,-2.03923087310039e-07,9.81480563621764e-08,-1.08884083219646e-07,1.34457649835497e-08,-2.6511492061217e-08,2.72279957066625e-08,2.1099848331592e-11,4.26362197952185e-08,1.96025851428769e-08,-9.57398463202e-09,-5.6565724730919e-09,1.23263140460073e-06,-3.95693828319191e-07,5.30773036729125e-06,3.48858275177214e-06,1.10562243438105e-07,3.49168039101835e-07,6.36689588567886e-07,-6.08121961195488e-07,5.61420674166098e-07,-4.15933106670618e-07,-1.11628016883849e-07,-8.96217889188964e-07,-1.2136337118541e-05,-1.92296576510495e-06,-3.49573957986702e-06,-1.09327463066421e-06,6.43068910236815e-06,-8.57816746824008e-08,-5.26946175679053e-08,-8.41772887628112e-08,7.96160467230444e-09,7.64916052803265e-07,-3.0661735149558e-08,4.21511723759458e-08,-5.41454351946935e-08,2.59330900364489e-08,-1.24343863146589e-07,-7.95660567893936e-07,-8.86211528607905e-06,1.33272780882858e-06,1.33980807347643e-06,-5.69414745910341e-07,1.16298551103363e-05,1.72845574707488e-06,-3.35000486224405e-05,4.41193737749391e-05,-4.18970874147898e-06,-1.87182361272512e-07,-8.9103288884923e-05,-6.77924135567263e-06,2.71390255321544e-07,-1.66302098187466e-05,-1.80168079255595e-07,3.07714514452517e-07,1.404588334306e-06
"north_west","p_NC_weekend_15_24",-4.16941076350544e-08,-1.53895304916434e-07,4.40658901146287e-08,6.14854867638578e-08,-6.29372556253163e-08,-2.01430623223298e-09,-1.9617723669809e-08,1.62099502890845e-08,-1.20762866780149e-08,2.38005786516603e-08,-2.7502741303147e-09,6.18352074718067e-09,-8.90121810129283e-10,2.32672869511246e-09,-5.15284139122682e-10,4.45177140123639e-08,1.50224680577195e-08,1.17854287458887e-08,-2.56574825436062e-09,-1.46732022143383e-08,3.75166349352671e-08,-8.08467919937971e-09,3.75637193455574e-08,-3.34246986269612e-08,6.09505072745108e-08,-8.66857775674557e-09,-8.20140916115582e-09,1.51443433814877e-08,2.65819472350587e-08,-1.87773826434172e-08,1.47273245662077e-08,-1.8664070542896e-08,5.60094214623145e-09,-1.17417645618909e-08,4.10683549089776e-09,5.89771684424912e-09,-4.04579111170535e-09,7.80416882715437e-09,-1.59628759479242e-08,2.24615665235546e-08,4.38581558318059e-07,5.39864682267971e-07,-2.09553160311904e-06,-1.23777070757296e-06,-1.36967520416931e-07,7.1153894530458e-08,-3.04549436586028e-07,1.03092365276884e-07,-2.31910680170145e-07,1.2439084808332e-07,-1.01494359685767e-07,-3.93419982589048e-07,-5.38767656313585e-07,1.24474662131146e-07,-3.11379442850609e-07,-6.37549139422639e-07,3.57015829007504e-07,2.11012193671749e-08,-1.32036556171598e-08,-5.01664276479119e-08,-1.12571396925186e-09,-3.0661735149558e-08,4.17495775578493e-08,3.51838181966957e-08,1.1293794400137e-08,-2.07158912821114e-08,4.29313884775853e-08,-5.48930406665185e-07,4.53273603641211e-06,-1.03772625132577e-06,-6.40721801015305e-07,1.79094418732472e-06,-1.04327266763078e-06,6.87982941553023e-07,8.60983363732511e-06,-1.6154044890718e-06,2.48414588766191e-06,-2.47817981435887e-08,-5.4633816813614e-06,-4.4546947958221e-06,6.59670641813049e-06,-2.5607143672901e-05,-1.40386144555745e-07,-3.42019545402496e-07,1.51610225608584e-07
"north_west","p_NC_weekend_25_49",-9.26004858992452e-10,2.04026892965528e-07,-1.56155350203808e-07,1.51675613340708e-07,-1.01835128425645e-07,1.18229058408937e-08,-2.2014653613347e-08,2.9396368217452e-08,-9.7889208577814e-09,7.31878460224652e-08,-3.01822359848475e-09,1.84289124446715e-09,2.03005904309142e-08,-9.39667702090166e-09,3.49202747015215e-08,1.75194944417746e-08,-3.26254775099681e-09,3.41593563900279e-08,-3.79525055107196e-08,-7.54344874421859e-10,4.52867094326665e-08,-5.76803358046645e-09,5.0608052371641e-08,-6.38656031809584e-08,9.82192483637972e-08,-1.14166046460377e-08,-1.86804689779907e-08,-1.51062644885787e-08,4.02212853841486e-08,-5.13347060137508e-08,4.1183603696049e-08,-6.69189303559166e-08,-2.14712258464828e-08,1.9783711528041e-08,1.56216161996933e-08,1.5422071403201e-08,-9.34475666996852e-09,1.69760688165583e-08,3.57444501483472e-09,2.19323871477401e-08,9.55339778440865e-07,5.65726134440229e-07,-2.15690233020118e-06,-2.02013039833081e-06,-3.46824726170302e-07,7.71945259199477e-07,-6.13553280200948e-07,-4.63341223204882e-07,-3.86508218049793e-07,5.88093554397133e-07,-1.1817706348989e-07,-1.45359659336745e-06,-4.71575004344519e-07,1.94791640971366e-07,-2.20590536312919e-06,-9.60041558900793e-07,2.58405461401496e-06,5.08720862920242e-09,1.95953300010572e-08,-5.49613916054352e-08,-2.49179084291484e-08,4.21511723759458e-08,3.51838181966957e-08,1.16895075987127e-07,3.88364847326011e-08,-3.0681292538142e-08,1.05009417981109e-08,1.19911615456787e-06,2.76965244150332e-06,-3.39500631259034e-07,-5.049904085904e-07,3.80893999483054e-06,-2.36512736454217e-07,9.17124363120996e-07,1.74852281724317e-05,6.23560165081616e-06,4.92826328167592e-06,-1.66772539340814e-07,-5.47595327762296e-06,-4.24445908011617e-06,1.15766424009421e-05,-5.25308301431493e-05,-5.20744157214272e-08,-1.94739730400962e-07,-1.50236443130761e-07
"north_west","p_NC_weekend_50_64",-2.35044770865292e-08,-6.0039566984436e-07,-7.92722175111847e-08,2.88941626588936e-08,1.97955136148821e-08,1.98005993984613e-08,-6.90749574112404e-08,4.58199145774747e-08,-4.60808240472985e-08,1.04469632075526e-07,-6.02853382676777e-08,-5.02275626737528e-09,8.87283883794505e-09,-4.66506349302667e-08,3.17161551083434e-08,-1.56350594669282e-07,2.84923648842377e-09,2.06243589906396e-08,-1.30831876144431e-08,-3.00723190420845e-08,5.07647733371733e-08,5.25278140606904e-09,5.84961322909654e-08,-2.63200299723765e-08,1.11191831176019e-07,1.35712933947366e-08,1.44908703454877e-08,4.82163809651141e-08,3.57900112755435e-08,1.76441558457254e-08,2.03356548987399e-08,-1.28085109739546e-08,-5.34259189534961e-09,4.60970338866649e-08,-8.00120867536998e-09,1.49121330680789e-08,-3.57633743015835e-08,1.97031752750587e-08,-6.83333127897836e-09,7.52427131406179e-09,-5.53863714885161e-07,-1.15857153062125e-07,-2.10640024837661e-06,-1.88405993118717e-06,1.55884124001405e-07,-2.5824484646808e-07,-5.46152775525067e-07,2.76092689391657e-07,-4.34625328443072e-07,4.68636433306856e-07,-1.20217254930945e-07,-3.19885579711268e-08,1.10993275696058e-06,5.89780991428982e-07,-9.58236938979005e-07,1.05775219285099e-07,7.67189087800352e-08,-5.68593211758026e-09,3.74288380254575e-08,-1.09512239925624e-08,-2.45363566752409e-09,-5.41454351946935e-08,1.1293794400137e-08,3.88364847326011e-08,5.49077981039187e-08,3.18732587513425e-11,7.81221773561394e-10,2.39755796909135e-06,3.63422310816182e-06,-1.27415105000232e-06,-9.55416704191219e-07,-1.81392046317191e-08,-3.18468477348434e-06,2.52584870613177e-06,3.97329795351313e-06,4.7629772285532e-06,4.14226709673134e-06,-9.92792084563692e-08,3.42370184615342e-05,-8.59142086204352e-07,-2.72778698598164e-06,1.84910632451924e-06,1.70086456475991e-07,-4.09149505391508e-07,-8.38179333550234e-07
"north_west","p_NC_weekend_65_79",-3.05793993512225e-08,-7.69326021276335e-07,3.04093960821206e-09,-4.00834652918605e-08,6.29976578075985e-08,1.34105938262071e-08,1.26929310840025e-08,-1.20713451223566e-08,-1.13758865779982e-08,-3.30306723364248e-09,1.82669155068415e-08,-2.55399206434735e-09,1.81857479554643e-09,-2.21430381382693e-08,9.66538017585894e-09,2.7954084034164e-09,-8.4045998218674e-10,-5.09935367749604e-09,2.24768318784041e-08,-1.37144697269275e-08,-2.05582399607413e-08,1.63811080952051e-08,-1.24517282488175e-08,2.38015636228321e-08,-1.6701400655284e-08,-4.8025305505687e-09,5.99468772426717e-09,3.77211779753254e-08,-8.60690836213901e-09,1.82706835319659e-08,-1.00201454174457e-08,3.5130754299714e-08,-6.27042436320063e-09,3.72717086645423e-08,-8.92388348468399e-09,7.81162552045693e-09,-1.60748895975065e-08,-1.04959088561491e-08,4.08105309740327e-08,-5.04829657117413e-08,-4.54554787300302e-07,-4.08420216446965e-07,1.568373869208e-06,1.0682874767389e-06,4.83736179117246e-07,-2.83602585881516e-07,9.46205965808715e-08,1.42263394460536e-07,-4.530377274977e-08,-1.93267829489032e-07,5.21644987232649e-08,6.84731619481617e-07,-2.88172210615394e-06,7.4809862161383e-08,-4.19144206746425e-07,1.65627914142784e-07,4.92803587850423e-07,-9.15139873833624e-09,3.47503376629169e-08,3.65474856926291e-08,7.13727126489002e-09,2.59330900364489e-08,-2.07158912821114e-08,-3.0681292538142e-08,3.18732587513425e-11,6.00830066918041e-08,-5.67318437040399e-09,-1.46318406002165e-08,-3.60272086137292e-06,-2.09139771041138e-07,6.28455881072798e-07,-2.6797980007151e-06,7.11733375507951e-07,2.58569294270848e-06,-3.11648956967109e-06,5.62993890210002e-06,2.62961477921801e-06,-1.53423352520886e-08,1.23567953971551e-06,3.19750629243063e-06,-1.06328636240299e-05,2.73078783404539e-05,-1.05182884713651e-08,1.8964864568678e-08,-1.94698953764308e-07
"north_west","p_NC_weekend_80_plus",1.05105053356332e-07,-1.44871574875201e-06,3.61062943062491e-07,-4.1068354880798e-10,-1.96465646874257e-07,2.6757139270681e-09,2.91562417531833e-09,9.36033407763379e-08,-9.95093281970296e-08,7.55884685212292e-08,-2.74173810159166e-08,1.31085139862506e-08,1.36144201921878e-08,-1.14377204087019e-08,-1.29377090689886e-08,5.47358222017832e-07,3.74035511784771e-08,-1.15198698961133e-08,5.9417316163052e-09,4.98058054433776e-08,-3.29588269255502e-08,5.63214720552031e-08,-3.58370517923538e-08,-8.35432501310952e-09,2.91897151968328e-08,4.12640773394222e-08,-2.56370864878378e-08,-4.41095136809769e-08,6.37283498644622e-08,9.19405965196732e-09,-2.64021201898613e-08,3.97967542412858e-08,-1.70193987616583e-08,2.37009585887949e-08,1.6218932386325e-08,-1.287251457708e-08,5.49666938877342e-08,-3.88176264936601e-08,1.88298381791858e-08,1.84087247968084e-08,2.16993272285286e-06,7.51948094434169e-07,-8.2843155125516e-07,-1.09499693988042e-07,-1.96984117323116e-07,1.26145628948644e-06,-1.73688521829173e-06,8.64710384294837e-07,-3.53318650997051e-07,2.42564469541171e-07,-2.95613929379925e-10,-1.0723361951731e-06,-1.73528913925242e-07,-5.2543523165434e-08,2.85619687643582e-06,-1.38131457415277e-06,-1.53643716122199e-06,7.46317514403192e-08,-3.63872500977722e-08,-5.24851034435422e-08,7.19100055511623e-09,-1.24343863146589e-07,4.29313884775853e-08,1.05009417981109e-08,7.81221773561394e-10,-5.67318437040399e-09,2.53112061044815e-07,-7.96143890999008e-07,2.53322206059454e-06,-7.78396001107122e-07,-4.48445811531748e-08,5.0885574043987e-06,-2.58699167903116e-06,-1.46293798296938e-06,1.26546533106152e-05,-2.86123720959242e-06,3.99223829535635e-06,6.45222129289297e-08,-4.40916599845293e-05,1.01446845859992e-05,2.89846614129517e-05,-5.83349314938753e-05,-3.88273082503612e-07,2.93096775897071e-08,4.83887105849943e-07
"north_west","p_W_D",-1.30130129575087e-05,7.44069132797878e-05,-2.35114562165915e-05,4.67289640921411e-06,1.54905010093328e-06,2.86902333930088e-06,-8.39124532544495e-06,3.28127228522125e-06,-7.04886156656245e-07,4.82440125691042e-06,-2.13561726043163e-06,8.22978317037702e-08,9.31276287448605e-07,-1.47159838628348e-06,1.28283175519554e-06,-1.7649579718591e-05,6.99268423454466e-07,2.69675671332904e-06,-5.40461245267128e-06,6.96103352619431e-06,-7.91614351733623e-07,3.60704718830521e-06,6.6100979957404e-07,7.07844722122525e-07,5.38891656061965e-06,6.46843702676127e-07,1.32180473761853e-06,2.41362937307713e-06,2.59166512600988e-06,1.3172660065316e-06,2.21573791055177e-06,-1.61329120667778e-06,-6.03556932265572e-07,6.84177848150589e-06,-4.84230913943916e-07,6.05090198371867e-08,-4.68136292115478e-07,3.17626210911559e-07,1.23602251933265e-06,-5.09158035162609e-09,-6.77614838411896e-05,-5.64282599242931e-05,-0.000238998455814465,-0.000250717471620159,-8.35938101296987e-05,-3.60661564774684e-05,1.6486165970459e-05,2.19044779035271e-05,-3.75126745833034e-05,1.50905121417074e-05,-1.00732212842168e-05,-3.31835702080464e-05,-8.42281293525365e-06,5.43462907320963e-05,-7.78581885430277e-05,2.32282133602753e-05,-4.33240542355028e-05,-9.31435446037143e-07,2.52643523549537e-06,8.3693760992097e-07,3.87827308910283e-07,-7.95660567893936e-07,-5.48930406665185e-07,1.19911615456787e-06,2.39755796909135e-06,-1.46318406002165e-08,-7.96143890999008e-07,0.00167072164481862,0.000310906128605791,-2.94812393902388e-05,-6.45367930641434e-05,7.34854036088709e-05,-4.16614978242658e-05,0.000153732027627764,0.000186104937579642,9.66123948783072e-05,0.00017332766494591,-8.32090317109977e-06,0.00192029800360952,-0.000347124852369339,-0.000572242284396921,-0.000122885254954932,1.28291005549569e-07,-3.45661745090323e-05,-6.63309061049944e-05
"north_west","rel_p_D_alpha",-1.73483205565446e-05,-0.000297690047317735,-5.98066355788579e-06,5.29957107235534e-06,7.12717732896184e-06,1.52387800002126e-06,-1.05276649961043e-05,8.85897383446306e-07,-3.14152447565399e-06,2.94308455600884e-06,-7.02560527095199e-06,1.97857385930795e-08,-2.9003274483716e-06,-3.14966749169394e-06,-3.25796121724752e-06,-3.46457073863367e-05,3.63763148690073e-06,-1.94338679792177e-06,4.14444957941453e-06,-9.06882298958292e-06,7.30451806283379e-06,-2.35502220094648e-06,1.11231977338326e-05,-7.21003610108378e-06,1.44446351049807e-05,-1.38647432752052e-06,2.46587201585056e-06,8.10906365238143e-06,4.09294678109117e-06,1.90073206173008e-06,4.49416411111863e-07,1.26106986498544e-06,-2.40125382306109e-06,9.95934077727517e-06,-2.08192341921882e-06,1.38843920602754e-06,-4.66163111513775e-06,3.60746892357794e-07,-2.98916198337402e-08,-4.22287629822735e-07,-0.000214670320164019,-0.000141749650676436,-0.00194849909806373,-0.00123190849424247,-0.000626438660984245,0.000110133331945795,0.000161084805762556,0.000201033947343746,-7.68896418573985e-06,7.59396776906836e-05,-0.00020117398856069,0.00010577741064207,0.00046395145426576,0.000128617168579426,1.19456181628141e-05,1.78385335952027e-05,-0.000184574083257411,-2.18625128079747e-06,-3.73767777929308e-06,-6.87911605522933e-06,1.51489145592092e-06,-8.86211528607905e-06,4.53273603641211e-06,2.76965244150332e-06,3.63422310816182e-06,-3.60272086137292e-06,2.53322206059454e-06,0.000310906128605791,0.00556759383285488,-0.00103625228803075,-0.000375263559088414,-0.000255631184003332,-0.000533923014622332,0.000214380859570995,-0.000744908753424588,8.70865976630914e-05,0.000240582629265987,-7.72853348868404e-06,0.00285309778308028,-0.000629208591519786,-0.00079888662675122,0.00235737291212762,6.50620145175927e-06,-6.28217337552245e-05,-8.99472629659345e-05
"north_west","rel_p_D_delta",1.66187939757297e-06,0.000253298298109878,-3.59280194015404e-06,-1.70053504489595e-06,-3.35272189423789e-06,-1.58076980146024e-07,9.75212220495444e-07,9.64544093870926e-07,-3.92104408987378e-07,9.01311688396741e-07,-6.98194766620961e-07,-2.79424549729246e-07,7.51682792140719e-08,-1.07024963815586e-07,8.7647144319365e-08,1.0094573968693e-05,-8.76357126453788e-07,-1.6000045550003e-07,-1.47081333424757e-06,2.540985537128e-06,-1.68149246860214e-06,6.33496119474267e-07,-3.02429083453882e-06,1.5039245741972e-06,-4.29891632954163e-06,2.61252674448806e-06,-4.88741673532382e-07,-3.89731858589699e-06,-3.84408521847171e-07,1.46239410211805e-06,-1.16126235946935e-06,1.9086696769103e-06,-8.25753686237047e-07,3.09744266463961e-06,5.83244167204828e-07,-5.11029840230118e-07,-2.99064438367406e-07,8.07906329226626e-07,-1.18910166236425e-07,-5.37732784921529e-08,2.17543933994523e-05,1.70895196985035e-05,0.000375862469557402,-0.000185557448039334,-0.000101708470996643,-3.70021561047824e-06,-7.63752551689693e-06,-5.79920835847756e-05,2.87697535718591e-05,-1.21597239190404e-05,1.1202883499937e-05,-1.26285651776678e-05,4.13493632978292e-06,-1.90467774848847e-05,-9.5576210249532e-05,2.09633772597746e-06,8.35861391065915e-05,1.1884039454537e-06,-1.01853958971693e-06,8.20116097063005e-07,-3.13783522538507e-07,1.33272780882858e-06,-1.03772625132577e-06,-3.39500631259034e-07,-1.27415105000232e-06,-2.09139771041138e-07,-7.78396001107122e-07,-2.94812393902388e-05,-0.00103625228803075,0.000878270502501542,-0.000112615607755372,5.24287247508309e-05,9.81432780699547e-05,-0.000133650968632873,0.000184356699866505,-0.000589257014146427,-0.000162035419625507,3.6874091306455e-06,0.00241001032692376,-0.000379239453644895,0.000214894321070833,-0.000851928228444682,2.14468563425055e-05,-5.12887150622605e-06,8.36376450406272e-08
"north_west","rel_p_D_omicron",1.53261814945719e-06,3.36736457090309e-05,4.02827276051483e-06,2.70775494710498e-06,-2.37301829887517e-06,-1.87376987604558e-06,3.94462016325256e-06,-1.80606765812678e-06,2.03658431875415e-06,-3.0185438188278e-06,3.29572003270713e-06,2.20824239661989e-07,5.18814305490189e-07,1.31592066525007e-06,-1.27015051207806e-07,7.33835873338835e-06,-1.3780234592928e-07,9.81172059207239e-09,1.0531750838507e-07,2.57373117535593e-06,-2.47213939805325e-06,2.20497014516297e-07,-1.9840549518131e-06,2.53080505471524e-07,-2.27483981299852e-06,-1.28031939502816e-07,-1.37026930330094e-06,-2.18686560409112e-06,-7.21960241991262e-07,-2.36844878984906e-06,5.4196597526535e-07,-2.06122201130485e-06,1.99006089714204e-06,-6.98226505982798e-06,7.37349246406856e-07,-1.13681752027949e-06,3.19970671253905e-06,-1.3995325456853e-06,4.7545481613029e-07,1.02158991502799e-06,5.93639796193704e-05,2.19776081844235e-05,0.000114060792484762,0.000254416984140916,-0.000409007043395692,1.69769254062266e-05,6.98840677599229e-05,-3.01229635167623e-05,8.2395522637914e-06,-2.24996712638249e-05,4.77681567338448e-06,-2.33699605907812e-05,-5.0855267675482e-06,-4.45021885086097e-05,5.28658086639771e-05,-5.33168869529074e-06,7.69048769422767e-05,7.64402177685205e-07,2.17910631382105e-06,2.8815356716264e-06,-9.86002126712685e-07,1.33980807347643e-06,-6.40721801015305e-07,-5.049904085904e-07,-9.55416704191219e-07,6.28455881072798e-07,-4.48445811531748e-08,-6.45367930641434e-05,-0.000375263559088414,-0.000112615607755372,0.000732745681695909,4.11304698080195e-06,0.00016995920853082,-0.000105154853586999,0.000371966379276759,-0.000174228788993304,-0.000136340994406212,1.92661686971673e-06,-0.00213534105570097,0.000716998984618259,0.000207366560628871,-0.0010291693580058,-1.59910441811134e-05,2.85955325718984e-05,3.07607689997792e-05
"north_west","rel_p_H_alpha",-2.77286033747609e-06,6.26561641080108e-05,1.25022492854874e-05,9.27561857012064e-06,-1.21375080329872e-05,9.91556270370334e-07,5.45510748910208e-06,4.41524295341563e-06,4.00753434164905e-06,-6.04134233422699e-07,-4.06380306257614e-06,2.30610833493617e-06,1.68067232638597e-06,2.77490899126814e-06,4.20879918092514e-06,2.44597926692485e-05,4.22104804091692e-06,3.02766060056367e-06,4.01031245614059e-06,6.93521819129146e-08,4.42338366585641e-06,4.67319095205527e-07,1.38900879116873e-06,-4.54754283986619e-06,5.41100458181898e-06,4.3230762984998e-07,-2.10110114561907e-06,-7.80778171329735e-06,1.59068990310404e-06,1.11797560676072e-06,-4.56575418974017e-07,-1.861488827929e-06,-1.16217766511912e-06,-4.26861126158887e-06,3.03560642318411e-06,6.53746751353548e-07,6.82793259871026e-06,-6.94261185975765e-07,3.38325705707421e-06,6.59515915289125e-06,0.000107132145572986,2.13397585771351e-06,-6.56511214466448e-05,2.78286572808978e-05,7.0527692511722e-06,0.000213645058985284,-0.000215485472972204,-0.000122075022465773,-4.2585413101345e-05,3.2926341754892e-05,1.28838541991003e-05,-0.000476126871160169,-0.000230052087997731,7.86697602512893e-05,9.73958369007212e-05,5.69110389720579e-07,-0.000135866097598396,1.90695249212616e-06,6.47275571811153e-07,1.13381687405315e-06,-1.38434452985145e-06,-5.69414745910341e-07,1.79094418732472e-06,3.80893999483054e-06,-1.81392046317191e-08,-2.6797980007151e-06,5.0885574043987e-06,7.34854036088709e-05,-0.000255631184003332,5.24287247508309e-05,4.11304698080195e-06,0.00213859161683948,-0.00061080685647569,-0.000438742710126171,0.000855202583158372,-0.000297893066088034,-2.66295476552615e-05,-2.883081574152e-06,-0.0063614038231728,0.00171344139935671,0.00221779227497153,-0.00698062671661756,-5.14772187145336e-06,-0.000131222137835185,9.46692867239214e-05
"north_west","rel_p_H_delta",-7.61512630928987e-06,0.000102685301705839,2.4735748477638e-06,6.79226543989507e-06,-3.21714332716965e-06,-6.77077398278839e-07,3.32514980876664e-06,9.11730117077676e-08,3.5855914828108e-06,-4.3174413539642e-06,9.6789538102509e-06,3.1646589867149e-06,2.85673029307319e-06,7.61709428249235e-06,-9.31560337254346e-07,1.60244703485143e-05,-1.36211354818629e-06,8.26952761649871e-07,2.06698325247941e-06,1.58261247063842e-06,-4.46185946713642e-06,-4.35577193694615e-06,-6.92372319543377e-06,-7.27299124274799e-06,-1.17649436335411e-05,-1.24302891535569e-05,-3.17189843494126e-06,-1.11411747362926e-05,-1.0183721165871e-05,-8.5466050299848e-06,-1.80278854767332e-06,-6.00078333373055e-06,-2.3193958963111e-06,-1.24276482279733e-05,2.48447974563128e-06,-3.02405382031018e-06,7.82385459843633e-06,-3.95135195942048e-06,5.34507329317487e-06,-1.69299198762378e-06,5.43116894690637e-05,0.000134717143414988,0.000239188247185138,0.000192220555711677,-5.60925211378276e-06,7.9378119594519e-05,6.31331565547427e-05,-3.07948090034126e-05,-4.64842100748891e-06,-9.84077701947274e-05,1.67609379173611e-05,-0.000115539275885363,-0.000587416146736647,-0.000127760388591682,-3.85999473159233e-05,-8.40487915096363e-05,0.000232982175081151,1.38756708524924e-06,-8.92447282649029e-07,-4.38479917476595e-07,-7.770678224718e-07,1.16298551103363e-05,-1.04327266763078e-06,-2.36512736454217e-07,-3.18468477348434e-06,7.11733375507951e-07,-2.58699167903116e-06,-4.16614978242658e-05,-0.000533923014622332,9.81432780699547e-05,0.00016995920853082,-0.00061080685647569,0.00217902732465406,-0.00038399423565368,0.000153632286957938,7.73922697162613e-05,-6.75964199756113e-05,7.73761916287438e-06,-0.00884469351443905,-0.000719307537361055,0.000651395992482354,-0.00184281841414266,-7.24725717302715e-05,9.10400216899042e-05,0.00021332861800928
"north_west","rel_p_H_omicron",6.52764074905842e-06,-0.000121044718964544,2.27401520962913e-06,-3.03341180222887e-06,8.88548939699817e-06,1.41352950407926e-06,-5.47045184507675e-06,5.79581799369122e-07,-5.34050029084328e-06,9.09192184970751e-06,-4.22620551322367e-06,-1.87036934280533e-06,-1.39065017708013e-06,-4.7764856536213e-06,-2.86406592971572e-08,-3.11966204319485e-05,-4.82423944486501e-07,-1.56559558067027e-06,2.24132618141809e-07,-2.29479663656167e-06,-8.73447919542329e-08,1.36258946525735e-06,2.28795332682347e-06,2.44989557009208e-07,6.08334922073726e-06,-2.8296008355597e-06,3.46163744137281e-06,1.53297155967469e-05,1.94172641212322e-06,-1.14750376586465e-05,1.62585151552464e-06,-4.98958972378155e-06,-1.90485907331896e-06,-5.13892314632393e-06,-2.54778419925986e-06,2.10471213407237e-06,-6.78488085496516e-06,2.58389731285013e-06,-2.86222569942172e-06,-1.45793813283882e-06,-2.77720317760419e-05,-2.91771502624792e-05,-5.92029037040753e-05,-5.05036818516258e-05,9.29476619805134e-05,-0.000122581252701057,2.47802762157441e-05,5.95661240679424e-05,-1.45008684158581e-05,2.29095557359093e-05,-1.72702730144815e-05,0.000166805314038871,-0.00110853065321698,5.15042037072111e-06,-6.62877891708346e-05,4.63482204348922e-06,1.60812947018869e-05,-1.72616037546872e-06,3.60665734782378e-06,-1.82351224979435e-07,-1.66657792567167e-07,1.72845574707488e-06,6.87982941553023e-07,9.17124363120996e-07,2.52584870613177e-06,2.58569294270848e-06,-1.46293798296938e-06,0.000153732027627764,0.000214380859570995,-0.000133650968632873,-0.000105154853586999,-0.000438742710126171,-0.00038399423565368,0.00152091449165798,0.000409853238796208,0.000437478619976949,0.000468426742575177,-7.36793961520475e-06,0.00643236774287289,-0.000173092465709205,-0.00169494753430456,0.0035092522844705,3.10479438802967e-05,-1.17993857254546e-05,-4.31980074013445e-05
"north_west","rel_p_ICU_alpha",6.01341313037461e-05,0.000317505162055214,-2.91447458372097e-06,-3.17076623863363e-06,-8.03070370545378e-06,-1.09170910383448e-06,1.53607431896199e-05,3.75744213572181e-06,-1.71278387260495e-06,1.37659651114126e-05,1.25775047941087e-05,3.11626770140327e-06,2.80867773623511e-06,2.45672062791518e-06,2.21055433985847e-06,-4.08347681437633e-06,6.01163497060877e-06,5.36524981199014e-06,-6.48362031802788e-06,1.86899978910044e-05,1.05763296919567e-06,2.63507876873118e-06,8.6410078905649e-06,-7.79069051527367e-06,1.95810972893387e-05,-5.11658250242e-06,1.53028485213836e-06,5.7894193897932e-06,-3.39045899042686e-06,-1.43119754062353e-06,8.64995985652862e-07,-1.40891004814356e-05,1.85367013436438e-06,-2.0118658119411e-05,3.06555232415575e-06,-1.00461022993269e-06,4.03738917552766e-06,1.73474348595172e-06,-1.96776268244093e-06,1.11133104815438e-05,0.000447706968992798,0.000298781698508198,-0.000255420973235503,6.0238869005462e-05,-0.000116988069365772,0.000434056642489106,-0.000291017943077527,-0.000289148642395697,6.5918335462432e-06,-1.12248502520352e-05,4.93653454119358e-05,-0.000394198487476262,-0.000447046273426864,4.82521293788833e-05,0.000284236008528496,-0.000283400840914162,-0.000386359949920872,7.15730648886928e-06,1.29946907923006e-05,1.08971886952145e-05,-9.73753240487681e-06,-3.35000486224405e-05,8.60983363732511e-06,1.74852281724317e-05,3.97329795351313e-06,-3.11648956967109e-06,1.26546533106152e-05,0.000186104937579642,-0.000744908753424588,0.000184356699866505,0.000371966379276759,0.000855202583158372,0.000153632286957938,0.000409853238796208,0.0163268504729138,-0.00800979556812626,0.000615981194958189,-1.74755057339811e-05,0.00909279220735731,-0.00150720334739705,0.000523687708709987,-0.00606676021524374,3.56242710684907e-05,-0.000113226366826198,1.83199925651253e-05
"north_west","rel_p_ICU_delta",-9.00823070102935e-06,-0.000745080186253067,-5.48529813071046e-05,2.82355309343641e-05,-1.06393546201887e-05,-1.51520786627496e-06,-6.37399764132849e-06,-1.46877493906075e-06,1.07440303252237e-06,-6.68653735165878e-06,-5.22962020784749e-06,-3.83545021541793e-07,4.2393925688029e-06,-1.00095805573891e-05,9.50367921630913e-06,1.76885634258844e-05,-3.16588216469217e-06,3.59562927757292e-06,5.50781084594183e-06,-1.55907623747554e-05,7.66966446115894e-06,-1.02901610766218e-06,-3.65209611916484e-06,6.62020847799116e-06,-6.74572214105994e-06,2.10821701657131e-06,-4.8084861242235e-06,-2.86951538307861e-06,8.42470944043537e-06,-7.47794190701245e-06,9.25521487195517e-06,-1.63625102501012e-06,-1.75969190096878e-06,1.22635022337567e-05,-1.38010656764079e-06,5.72134150055934e-06,-7.44044437680934e-07,-5.78205989410988e-06,9.99110980464814e-06,-7.35958823724565e-06,9.31166750460216e-05,9.80212936764078e-05,0.000391777035171487,0.000162912840051404,0.000201254986407744,7.53904694949838e-05,-4.95221666304382e-05,0.000488168678117301,-0.000139521672972925,0.000107330413568511,-3.16139924172316e-05,0.000159492539524395,-0.000460837327349382,-0.000169544632966743,-0.000102804003214236,-0.000373030887228887,0.000892682217530905,-1.12429210555367e-05,-2.44013685550938e-06,-2.0937740134888e-05,6.48751839463961e-07,4.41193737749391e-05,-1.6154044890718e-06,6.23560165081616e-06,4.7629772285532e-06,5.62993890210002e-06,-2.86123720959242e-06,9.66123948783072e-05,8.70865976630914e-05,-0.000589257014146427,-0.000174228788993304,-0.000297893066088034,7.73922697162613e-05,0.000437478619976949,-0.00800979556812626,0.0152367154796886,0.00115912938464534,-3.83377283643133e-05,-0.0197563287182007,0.000236112982823387,-0.000156290945808122,-0.00407404255964853,-0.00014837324476419,-8.50249939382291e-06,3.80027033771685e-05
"north_west","rel_p_ICU_omicron",-1.37844813698317e-05,-2.73301768276783e-05,-7.95169185620233e-06,1.29240720798373e-05,1.12889306076328e-06,2.20504281691415e-06,-7.7606519963063e-06,7.39532883589294e-06,-7.28719967165259e-06,1.0468049277156e-05,-5.04425888117649e-06,8.54355352396417e-08,6.03329384760842e-07,-3.91976358535639e-06,5.43412357483219e-07,-1.80745415278063e-05,2.91733082198521e-06,9.50506196562598e-08,1.75777547676566e-07,-3.20298040371533e-06,2.38296228057668e-06,1.44899258067036e-06,3.73914955096386e-06,-4.86585120412736e-06,7.93850038012159e-06,-8.49489014312967e-07,-1.20120170448609e-07,4.45775478819537e-06,2.17272385504854e-06,-3.1672718899314e-06,-2.07978075925772e-06,1.17562181980719e-06,-8.11012146560646e-06,1.07727579840191e-05,-6.39305698815558e-07,2.34071283183574e-06,-1.51774582275788e-06,-9.51296888796963e-07,3.75995220049617e-06,-3.75063800449431e-06,5.08904682313463e-05,8.43758922724933e-05,-0.000121734354613215,-0.000143249234414541,0.00014861103741007,-9.41603347583771e-06,-3.44743854190554e-05,1.45758814656089e-05,-5.73941011993006e-05,1.74062865482389e-05,-4.41935574940748e-06,3.98280899726261e-06,-0.000252343063853392,-1.65259672332207e-06,-0.000248204991334858,-8.78053301467761e-05,0.000275501892996535,1.84902658829152e-06,4.29668790038108e-06,-4.29944566999468e-06,4.57292305822868e-07,-4.18970874147898e-06,2.48414588766191e-06,4.92826328167592e-06,4.14226709673134e-06,2.62961477921801e-06,3.99223829535635e-06,0.00017332766494591,0.000240582629265987,-0.000162035419625507,-0.000136340994406212,-2.66295476552615e-05,-6.75964199756113e-05,0.000468426742575177,0.000615981194958189,0.00115912938464534,0.0014232877596918,-1.28237174329616e-05,0.0026193484550946,0.000668470034435562,0.000285105620814624,-0.000630514723394519,-3.08321182674562e-06,-3.10221001058158e-05,-4.57310835867299e-06
"north_west","rho_pillar2_tests",2.36608185327049e-07,6.3683626407833e-07,7.85296658297962e-07,-1.88961551271803e-07,-7.87340773279113e-08,-5.04189707367364e-08,1.2315640392963e-07,-3.3392699535406e-08,3.10152044362514e-08,-1.2760361739491e-07,2.92676428607725e-08,2.98584685189849e-08,-1.82867027229472e-08,1.25337677297744e-07,-9.73884035485916e-08,4.29507537213127e-07,1.85961674741773e-08,-6.33210653274487e-08,1.24714322213452e-07,5.3128453998682e-08,-1.09258352249024e-07,-1.3389354749992e-08,-6.67663422220423e-08,1.97045565226774e-08,-2.18468682312481e-07,4.00287032309064e-08,-1.31021511018392e-08,-8.34870867294977e-08,-8.41842603298476e-08,4.62355419592415e-08,-7.86254449727132e-08,6.07906222246541e-08,3.92341889483809e-08,-1.33457500815164e-07,4.07763955722083e-09,-3.82066585638407e-08,8.99878231004037e-08,-5.76839448718325e-08,1.05282041189738e-08,-6.58023540018552e-09,1.06688204229291e-06,1.63714991564873e-06,5.05237089194402e-06,4.74149711846165e-06,4.36722465519793e-07,-3.11418101669951e-07,1.56228477140294e-06,5.64667365771756e-07,8.98478580824665e-07,-1.11171539827611e-06,2.33020217480994e-07,3.63701199738549e-07,1.78107382288908e-06,-1.92961253761374e-06,5.79764052989196e-06,5.59641183612603e-07,-4.35447439622882e-06,8.48813956955004e-08,-1.03384356881475e-07,4.99157329293195e-08,2.69106604819278e-08,-1.87182361272512e-07,-2.47817981435887e-08,-1.66772539340814e-07,-9.92792084563692e-08,-1.53423352520886e-08,6.45222129289297e-08,-8.32090317109977e-06,-7.72853348868404e-06,3.6874091306455e-06,1.92661686971673e-06,-2.883081574152e-06,7.73761916287438e-06,-7.36793961520475e-06,-1.74755057339811e-05,-3.83377283643133e-05,-1.28237174329616e-05,6.45430018247969e-07,-9.748102523117e-05,5.37825415994593e-06,5.22763139140071e-06,-3.25843732741445e-06,-7.71100055125176e-07,1.22747462649549e-06,1.47714158836585e-06
"north_west","seed_date_alpha",5.44510968845993e-05,0.000704556843623965,-0.000449964037182896,-0.000150849419534158,0.000262329368117612,6.0356538293601e-05,-0.000203184959400393,7.75155624574466e-05,-3.56126483538551e-05,0.000198508480320906,-0.00014611071832224,-9.59389929180877e-05,-0.000149633894596384,-0.000129105362881894,-0.000162915874808242,-0.000647260664341043,-9.45515745296976e-05,-0.000109643355601398,-0.00021448736343134,-5.39828311267336e-05,-0.000116982752371236,-6.62680959847924e-05,-0.000116696404129476,-2.85854491649804e-05,-0.000142270142115066,-7.56748746521151e-05,7.71502902318047e-05,-2.19511952708844e-05,-0.000146697966263311,-7.40864041629242e-05,-6.97576306117675e-05,-4.09075518952799e-05,-0.00015163590976887,0.000186503127499858,-4.49102009412603e-05,2.46943613465165e-05,-0.000115391400748837,6.29217281991354e-05,-7.70796944571375e-05,-2.34636954664086e-05,-0.00199400265659983,-0.00170257119674831,-0.00111675213710136,-0.00367537097022202,-0.000812185099701931,-0.00360234614124627,0.00215159336386678,0.000394851561610806,0.000510657284924312,0.000652931662328583,-0.000132676576366349,0.00247371338853804,0.00333452649719633,0.00136819892431874,-0.00116043115902373,0.00138229827564696,-0.0016940386571407,-2.62437356980978e-05,2.33496577049123e-05,2.67397748305415e-05,-1.70567580636254e-05,-8.9103288884923e-05,-5.4633816813614e-06,-5.47595327762296e-06,3.42370184615342e-05,1.23567953971551e-06,-4.40916599845293e-05,0.00192029800360952,0.00285309778308028,0.00241001032692376,-0.00213534105570097,-0.0063614038231728,-0.00884469351443905,0.00643236774287289,0.00909279220735731,-0.0197563287182007,0.0026193484550946,-9.748102523117e-05,0.82230193052167,-0.0111807383968999,-0.0227947727136666,0.100094064296056,0.00652536434059025,-0.00033697670452715,-0.00224937355439505
"north_west","seed_date_delta",-2.77879940568893e-05,-0.000461114565525168,3.32098064651818e-05,-5.50989862388046e-06,-2.20971142297028e-05,-4.34159181265218e-06,9.95007751137028e-06,-3.92840729446873e-06,6.14447597879924e-06,-3.35666544440001e-06,-1.82841582027527e-05,1.13765801425111e-06,1.92584131251785e-07,-2.31323956265634e-06,1.98725137551241e-05,4.86785401797671e-05,-1.07133538429345e-05,-1.67731773480269e-05,-7.29772979147407e-06,-5.74288449642372e-06,-2.37897574785023e-05,-9.78469157569384e-06,-2.70480168734845e-05,-1.08403491215285e-05,-2.82423932886019e-05,-1.72176239386785e-05,4.71619919525307e-07,-2.73370664290541e-05,-2.628214123678e-05,-2.54042635056915e-05,-1.45073236861195e-05,-2.50254729510179e-05,-1.3180382932317e-05,-4.3904552544978e-05,2.34157213121638e-06,-6.81600533156988e-06,2.15181125542818e-05,-2.43234402189499e-05,2.69909444751426e-05,1.21631333440623e-06,-0.000145774065502686,-0.000311518577716601,6.13857962312609e-05,0.000413994823334823,-0.000142169843641891,-3.62573242641039e-05,3.29825523934558e-06,-0.000224478395279345,3.27631823698263e-05,1.91810723216761e-05,2.29915089259236e-05,-0.000292156558425331,-9.85190948066346e-05,0.000318822495726529,-0.000121219877379058,0.000227279309502899,-0.000366884639952131,2.18124688301585e-06,1.99271871346536e-06,1.74094470359352e-05,-4.7763540240642e-06,-6.77924135567263e-06,-4.4546947958221e-06,-4.24445908011617e-06,-8.59142086204352e-07,3.19750629243063e-06,1.01446845859992e-05,-0.000347124852369339,-0.000629208591519786,-0.000379239453644895,0.000716998984618259,0.00171344139935671,-0.000719307537361055,-0.000173092465709205,-0.00150720334739705,0.000236112982823387,0.000668470034435562,5.37825415994593e-06,-0.0111807383968999,0.0513030119305115,0.00460964718147325,-0.00631037268737331,-6.80501098683636e-05,0.000722461705296201,0.000246048688690435
"north_west","seed_date_omicron",-1.91854382825014e-05,8.5435796108464e-05,3.33878742957037e-05,3.02096543345045e-05,-4.77615845289021e-05,-2.47449200757006e-06,-6.49022973631975e-06,3.13795369490611e-05,-1.52450930334685e-05,9.63970814232752e-06,-5.38988256924414e-06,6.37489379654322e-06,5.74811614550904e-06,8.37611175281527e-06,9.7725654021033e-06,0.000140343110582751,-1.96993045853899e-06,1.36524016506558e-05,-2.33120373671301e-05,2.55415747682034e-05,-1.77675750685565e-06,1.39847528579928e-06,1.20187233043193e-06,-2.16102295718836e-05,5.61387171258878e-06,1.11307953694924e-05,-1.46995301103895e-05,-4.40603741574097e-05,1.99781451813571e-05,-5.65644598039032e-05,-1.29976640679003e-05,-3.61929151058505e-05,-3.30733204235578e-05,-3.47230811433485e-05,1.15448574705018e-05,-5.22895653560714e-06,1.40528546866241e-05,2.17684880056765e-06,-3.23284899342681e-06,1.18691041256034e-05,0.000316646389172113,0.000264085509761917,7.78334986866756e-06,8.50607106106252e-05,-7.64905072298547e-05,0.000523364629629445,-0.000316218739510214,-9.42810388914919e-05,-0.000110640078013602,5.99150672628013e-05,9.08205724782012e-05,-0.00070216773352593,0.000919502363046309,7.97706770584947e-05,-5.82729713479372e-05,-0.000166573293674962,0.000266454880229119,1.5014664796971e-05,-6.03728194549393e-06,-1.06735789714806e-05,-2.41403199648804e-06,2.71390255321544e-07,6.59670641813049e-06,1.15766424009421e-05,-2.72778698598164e-06,-1.06328636240299e-05,2.89846614129517e-05,-0.000572242284396921,-0.00079888662675122,0.000214894321070833,0.000207366560628871,0.00221779227497153,0.000651395992482354,-0.00169494753430456,0.000523687708709987,-0.000156290945808122,0.000285105620814624,5.22763139140071e-06,-0.0227947727136666,0.00460964718147325,0.0353964873495905,-0.0180085767125618,-0.00017293914441048,2.18377761136977e-05,0.00119593932092678
"north_west","start_date",0.000155492925518574,-0.00209438456992981,2.80170304116424e-05,-0.000202353992801826,0.000717344077676657,2.12314950948233e-05,1.19539868255726e-05,-5.68728783856734e-05,1.61793529759635e-05,-3.78582856560458e-05,1.38405510894129e-05,-3.13933362046515e-05,-2.27313521538558e-05,-3.76967390302852e-05,-4.01023633776083e-05,-0.000507375753354536,-1.49780680929169e-05,-3.34062307119318e-05,-4.85754931795295e-06,-4.72209460358337e-05,-7.97309520236866e-06,-2.55565540065913e-05,-1.58411726972098e-05,5.74056401475315e-05,-6.53812585159565e-05,-6.11379580712511e-06,4.44577399236253e-05,5.36549407333168e-05,-9.4882800066513e-07,-3.22077075977221e-06,6.66507081913392e-06,2.09977058124711e-05,2.47042210976245e-05,9.13247938971746e-05,-3.18284516326358e-05,2.41475166378083e-05,-8.85492299898308e-05,3.95692578853935e-05,-3.39455050473316e-05,-5.7481160586093e-05,-0.00229077445484176,-0.0010420554012445,0.000374978230683243,-0.000362878726309627,0.0008568314160772,-0.00170503117760358,0.00030809426144093,0.000108212515316726,0.000416096238496365,-0.000229354714412429,-0.00011766496109835,0.00219511712136308,-0.00173703458784373,0.000319521464426674,-0.000838974630846093,0.000658909093490543,-0.00236077764185242,-4.70335375635023e-05,-1.07456435016374e-05,2.27058167519339e-05,1.61280067837778e-05,-1.66302098187466e-05,-2.5607143672901e-05,-5.25308301431493e-05,1.84910632451924e-06,2.73078783404539e-05,-5.83349314938753e-05,-0.000122885254954932,0.00235737291212762,-0.000851928228444682,-0.0010291693580058,-0.00698062671661756,-0.00184281841414266,0.0035092522844705,-0.00606676021524374,-0.00407404255964853,-0.000630514723394519,-3.25843732741445e-06,0.100094064296056,-0.00631037268737331,-0.0180085767125618,0.267418025960987,0.000961288960196333,0.000174406849650556,-0.000764598833002591
"north_west","ta_alpha",1.28045426139846e-06,-5.96675308423689e-07,-3.32542663060982e-06,-1.76439870646961e-06,2.63304291128833e-06,7.44019500582239e-07,-2.47611524477768e-07,-6.4172439156742e-07,7.25898631467637e-07,5.17818610974477e-07,-7.26158173354373e-07,-9.93410041971429e-07,-1.22891253324295e-06,-1.0429481136241e-06,-1.45685110484412e-06,-4.0572879388724e-06,-9.06617453737811e-07,-1.05811958747871e-06,-1.62597382048418e-06,-7.78880122887882e-07,-9.8166494219505e-07,-8.48140360997601e-07,-1.23699837695579e-06,-2.84274323323037e-07,-1.83010004122104e-06,-7.38368936699944e-07,5.90717624268529e-07,-7.16435916239316e-07,-1.42264460580284e-06,-7.9365566866103e-07,-5.4600720591733e-07,-5.51726865496904e-07,-1.16845151503259e-06,1.24163532854557e-06,-2.80299691887147e-07,2.75930824352388e-07,-7.74025826635427e-07,3.78837734265536e-07,-2.57308099920357e-07,-3.94009682564399e-07,-2.02007013980954e-05,-2.12867781504521e-05,6.09623147640651e-06,-2.16390188594291e-05,-3.37759878853913e-06,-2.62356305383606e-05,2.21999273586245e-05,1.76842961375841e-07,2.92176113702932e-06,4.27390191202779e-06,-1.04841723669177e-06,5.42285620649621e-06,1.97858068147968e-05,1.11236236052062e-05,1.28752702356398e-06,1.35209641040725e-05,-2.02963990358803e-05,-3.10379371867856e-07,1.59553767063916e-07,3.43081781322894e-07,-2.29276005851457e-07,-1.80168079255595e-07,-1.40386144555745e-07,-5.20744157214272e-08,1.70086456475991e-07,-1.05182884713651e-08,-3.88273082503612e-07,1.28291005549569e-07,6.50620145175927e-06,2.14468563425055e-05,-1.59910441811134e-05,-5.14772187145336e-06,-7.24725717302715e-05,3.10479438802967e-05,3.56242710684907e-05,-0.00014837324476419,-3.08321182674562e-06,-7.71100055125176e-07,0.00652536434059025,-6.80501098683636e-05,-0.00017293914441048,0.000961288960196333,6.35292525415013e-05,-3.48895481044699e-06,-1.86154861538524e-05
"north_west","ta_delta",4.66005616443683e-07,-3.30321641932582e-06,8.06021406618323e-07,-1.06561160464711e-06,-1.76686483443906e-07,-6.34578914319875e-07,8.67435162303997e-07,-6.82561553901529e-07,3.11976299571085e-07,-1.11993610382319e-06,9.39065641062832e-07,-5.5047813279043e-08,-9.35660546848571e-11,1.80321967101082e-06,-1.90837103129997e-06,7.58946983452375e-07,-1.20359749959062e-06,-1.60266131170323e-06,-1.1174956813373e-06,-7.66145558521469e-07,-1.69975805869898e-06,-1.50337019126306e-06,-1.947448033797e-06,-1.04836793534188e-06,-2.76773338310825e-06,-1.86248157314259e-06,-5.88467848572153e-08,-1.87401893395011e-06,-2.07360916466779e-06,-2.08067544655503e-06,-7.19249892841231e-07,-1.09814308534146e-06,-8.37567023495151e-07,-1.65378245942765e-06,2.45954818830623e-08,-3.12243823179809e-07,1.28137107285792e-07,-2.84436343793249e-07,-6.20129777354546e-08,-1.78901720862093e-07,-8.97610369439569e-06,3.66148523757825e-06,3.57329564242702e-05,3.91412467104453e-05,6.1331617894237e-06,2.03684052930538e-06,2.064258586625e-06,-6.61807684542431e-06,1.13959863004095e-05,-1.03660064085115e-05,3.70631476644166e-06,2.225275436379e-05,1.20560461452066e-05,-1.25562609539655e-05,-3.80935819849941e-06,-4.38980842638869e-06,2.1683607603513e-05,2.08152057282302e-07,-5.89658059539341e-07,-1.8554148643816e-07,-5.07102557189262e-08,3.07714514452517e-07,-3.42019545402496e-07,-1.94739730400962e-07,-4.09149505391508e-07,1.8964864568678e-08,2.93096775897071e-08,-3.45661745090323e-05,-6.28217337552245e-05,-5.12887150622605e-06,2.85955325718984e-05,-0.000131222137835185,9.10400216899042e-05,-1.17993857254546e-05,-0.000113226366826198,-8.50249939382291e-06,-3.10221001058158e-05,1.22747462649549e-06,-0.00033697670452715,0.000722461705296201,2.18377761136977e-05,0.000174406849650556,-3.48895481044699e-06,7.91291812145982e-05,1.93356968820053e-06
"north_west","ta_omicron",-1.4297591325038e-06,8.34868849887243e-06,5.22135917566068e-06,1.62275300200739e-07,-2.45180255393239e-06,-5.10176186261016e-07,4.66926164563978e-07,7.25641954452562e-07,-8.0480676462597e-08,-1.74430481190181e-06,1.02594032855311e-06,3.50640591464569e-07,1.55835083331038e-07,9.9024443322676e-07,-2.55524382310517e-07,8.26752335628046e-06,-2.54283142847453e-07,2.41287666667032e-07,-2.12862495591193e-07,3.548537868711e-09,-6.22265556466956e-07,-1.43775426441024e-06,-1.34348942956444e-06,-2.50047663206609e-06,-1.76760017058943e-06,-3.60170471286013e-06,-7.73853029864829e-07,-1.61635133812865e-06,-3.46409252047315e-06,-4.69502078693747e-06,-1.73131379243244e-06,-2.9245034955041e-06,-2.75961220120179e-06,-4.15588321782024e-06,6.74396572793731e-07,-9.12744488159042e-07,1.75027172856792e-06,-7.35621047629043e-07,1.07267145904816e-07,5.14463983556609e-07,2.08176516758942e-05,2.79351491485858e-05,3.87501924789692e-05,5.43694792247556e-05,9.64821392277907e-06,4.16079230042508e-05,-1.8693313309932e-05,-2.07509700085981e-06,1.07574728658215e-06,-1.34521857467372e-05,5.49944437785069e-06,-1.99279569848912e-05,-0.00013107770419418,-1.09258956976113e-05,2.25454442968766e-05,-1.5324099470719e-05,-4.71326710886279e-06,3.26811849135955e-07,-6.96348574164841e-07,-2.33428091580527e-07,-2.08451379214506e-07,1.404588334306e-06,1.51610225608584e-07,-1.50236443130761e-07,-8.38179333550234e-07,-1.94698953764308e-07,4.83887105849943e-07,-6.63309061049944e-05,-8.99472629659345e-05,8.36376450406272e-08,3.07607689997792e-05,9.46692867239214e-05,0.00021332861800928,-4.31980074013445e-05,1.83199925651253e-05,3.80027033771685e-05,-4.57310835867299e-06,1.47714158836585e-06,-0.00224937355439505,0.000246048688690435,0.00119593932092678,-0.000764598833002591,-1.86154861538524e-05,1.93356968820053e-06,0.000118315414824873
