"region","name","alpha_admission","alpha_D","alpha_death_hosp","alpha_H","beta1","beta10","beta11","beta12","beta13","beta14","beta15","beta16","beta17","beta18","beta19","beta2","beta20","beta21","beta22","beta23","beta24","beta25","beta26","beta27","beta28","beta29","beta3","beta30","beta31","beta32","beta33","beta34","beta35","beta36","beta4","beta5","beta6","beta7","beta8","beta9","mu_D","mu_D_2","mu_D_3","mu_D_4","mu_D_5","mu_gamma_H","mu_gamma_H_2","mu_gamma_H_3","mu_gamma_H_4","p_G_D","p_G_D_2","p_H","p_H_2","p_H_D","p_ICU","p_ICU_2","p_ICU_D","p_NC_15_24","p_NC_25_49","p_NC_50_64","p_NC_65_79","p_NC_80_plus","p_NC_weekend_15_24","p_NC_weekend_25_49","p_NC_weekend_50_64","p_NC_weekend_65_79","p_NC_weekend_80_plus","p_W_D","rel_p_D_alpha","rel_p_D_delta","rel_p_D_omicron","rel_p_H_alpha","rel_p_H_delta","rel_p_H_omicron","rel_p_ICU_alpha","rel_p_ICU_delta","rel_p_ICU_omicron","rho_pillar2_tests","seed_date_alpha","seed_date_delta","seed_date_omicron","start_date","ta_alpha","ta_delta","ta_omicron"
"north_west","alpha_admission",4.64887898487198e-06,2.56975106867025e-05,-1.17768155614217e-07,3.11301914802237e-07,4.61141125882218e-08,-5.90720228854992e-08,1.51163194158109e-07,-1.53158726369392e-07,3.13897026094911e-08,6.6129712217686e-08,8.305197077742e-08,-5.65517317705112e-08,2.19183827684855e-08,-1.22840546933386e-07,3.56572059367174e-08,-4.98773390484615e-07,5.76331685272183e-08,-1.03585038169967e-08,4.09812240894253e-08,-3.60687074510738e-08,7.47516253200321e-08,-2.67378720096587e-08,5.26703418239514e-08,1.09731214376954e-07,-1.23102356864274e-07,8.72039503906487e-08,5.02151079638553e-08,1.18617523555345e-07,-3.00207743538134e-08,9.87297042924682e-08,2.35049907935422e-08,1.6297402980954e-07,-1.43187346588913e-07,6.60233939791475e-07,-5.09982329280205e-08,1.48657155540061e-08,1.28749156092992e-07,-4.500848267885e-08,-4.42495029888727e-08,7.79896226355683e-08,5.25273736039141e-06,1.32573897422424e-06,-8.09191898683573e-06,4.26337535063276e-07,2.17848339580506e-06,-3.43796786680123e-06,1.94734132572934e-05,-5.66788732251156e-06,6.01921095905855e-07,-9.32849697351969e-07,-1.31596465053142e-06,-2.54624998490302e-06,-5.6194027496294e-07,-7.42827118148514e-07,8.82400679978717e-07,-2.52959294255618e-07,1.59375096809766e-06,-3.23159629529846e-10,-6.76531786762659e-10,7.34609710667286e-09,7.01217028279354e-09,3.55413675191287e-09,1.56422246355873e-09,1.08766197358909e-08,-2.06156242265108e-09,5.66044025205237e-09,-4.09175525657763e-10,-1.03030202351171e-05,1.26286601027768e-05,-2.70410135797859e-05,-2.62972517621639e-06,8.32749221211301e-06,-5.58697032821558e-06,1.35605160280991e-06,3.25575871710173e-07,4.03847251984545e-06,-1.1298424188855e-06,-1.6787820793866e-08,5.6952034054151e-06,1.3935809393722e-05,-3.44401747614158e-05,3.01307846986322e-06,1.0130469884266e-06,-2.14828963429821e-06,-5.47446610696031e-07
"north_west","alpha_D",2.56975106867025e-05,0.0320067058890475,6.79826745616697e-05,-4.71945325429212e-05,-0.000125966318007724,1.25936219787405e-05,-3.64828193505938e-05,9.88675297660821e-06,-4.71518375158783e-06,1.9993395608686e-05,-2.55387270874032e-05,-1.08779046277528e-05,-1.27368384646059e-05,-2.17619233971954e-05,-1.74713743228124e-05,0.000102776072553824,-1.27188768765574e-05,-5.6024447624401e-06,-9.09780616341358e-06,-3.07268651084834e-05,-2.7126169769972e-05,-5.09028161011568e-06,-4.06906650869914e-05,-1.82690390723109e-05,-3.53519113615638e-05,-4.81271714130034e-05,1.97335362260234e-05,-3.42295213240995e-05,-3.84420436405228e-05,-1.1307007823307e-05,-5.33241096900822e-06,-2.083860098423e-05,-5.28273639226844e-06,-7.4395587322019e-05,-1.84326045231654e-05,1.62104675261803e-05,-4.4525674470715e-05,5.33077810654332e-05,-4.97546657549516e-05,-1.079411560213e-05,-0.000173478485449969,0.000165094064132191,-0.000807163850521226,-1.30556597526433e-06,0.00136688059023234,0.000902487743459077,0.00142562437887432,0.000476833243111649,0.00202513494427664,-5.30028104241419e-05,-0.000500519789619402,0.00073540920814706,0.0023979259986408,-0.000504367824446929,-0.000202997949933969,8.24750969172612e-06,-2.52328690595332e-05,-6.7138621505931e-07,1.21846295955868e-06,-3.94964815598892e-06,-3.74097195130071e-06,-5.12454811714121e-06,5.78459093741549e-07,-1.40710866616041e-06,-2.88849967537984e-06,4.8447064463183e-08,-1.23241776132038e-06,-0.00174308644978403,0.00141249387751861,-0.000271286153257275,-0.00240072784689866,-0.00178245421436685,0.00117368610994107,-0.0031622850905496,0.000203115583374474,-0.00086310380735278,0.000187648533166801,-3.60546179094992e-06,0.0594503856618484,0.000832360805501589,0.000353770750213311,-0.0321268467925295,0.000479759779295112,-0.000133995183612373,0.000207705675906848
"north_west","alpha_death_hosp",-1.17768155614217e-07,6.79826745616697e-05,1.09528293513224e-05,-2.88040262027315e-07,-1.28636923164108e-06,-7.68966789323613e-08,-1.33260733924764e-07,3.64478189957588e-08,8.21939596301159e-09,3.42262204821552e-07,-2.78042486502143e-07,-5.34791074782093e-08,8.56028251635776e-08,-8.21589979803446e-08,-9.32954277646732e-08,2.83969555672456e-06,9.15396472792916e-08,6.41032352341705e-08,3.63012187322641e-08,-4.93055713117363e-08,9.3183767819909e-08,-2.16167153193715e-08,5.87930986691297e-08,1.80107394509436e-08,1.43369830760449e-07,-6.83350761146092e-08,4.69666686480624e-08,-5.62387618344465e-08,2.32646785298232e-07,1.13059252703435e-08,2.26230947479937e-08,3.48532638502607e-07,-3.65291911582177e-07,4.47649336157602e-07,-1.74571877526131e-07,1.43293267019223e-07,9.25010926272802e-08,-4.2771322136178e-08,-1.9724924947377e-07,3.11341566059145e-07,5.59618707672782e-06,-4.81316099312312e-06,-4.83106667240508e-05,-1.5567052032299e-05,-5.7755296126041e-06,-9.85657062663109e-06,6.74131650751319e-06,-1.3848191569983e-06,-2.29271993571807e-05,-5.01284331892643e-07,-1.08300839358135e-05,-6.50534738904652e-07,8.57987424525601e-06,5.43913973053446e-06,6.78057330087341e-08,2.70535223355277e-07,-9.83174548943939e-06,-1.83625608177636e-08,1.76776611417967e-08,-3.06103722798451e-08,-1.21780391342839e-08,-3.78179310716282e-08,7.62651126910431e-09,-4.21502590705261e-09,-2.55029768273823e-09,-8.74847888996033e-09,-1.18748371784948e-08,-1.44088246779574e-05,8.443842915751e-05,-4.23588949796796e-05,-1.3549831584373e-05,-2.83037517682994e-06,5.29132438005736e-06,-1.16567698178757e-05,-1.10401247430483e-06,-6.94515073816622e-06,2.34091480285293e-06,-6.96436056044381e-10,6.74697577403675e-05,-7.27884281147651e-05,7.00403447507253e-05,-0.000344767748500918,-8.97599649707744e-08,-1.7356206972742e-06,2.29441287741092e-07
"north_west","alpha_H",3.11301914802237e-07,-4.71945325429212e-05,-2.88040262027315e-07,1.5612695816109e-06,4.0086652630803e-07,-4.76176913138605e-08,1.26184661818043e-07,-6.17636319086164e-08,3.64357619915919e-08,3.34612803862802e-08,-4.43408856262563e-08,-1.5999704280843e-08,7.32753714083612e-08,-6.22311272955728e-08,1.03201332591533e-07,-1.40785093942818e-06,-4.47041178811571e-08,3.61765870583013e-08,6.85120956012302e-08,8.62650192312946e-09,7.63802732247293e-08,-3.81257470108184e-08,8.9630211623871e-08,1.11891359639383e-07,-6.07440450664172e-08,1.83335373241739e-07,-8.39833564163045e-08,6.28748657472189e-08,6.90239505299125e-08,7.41717172252201e-08,-3.07657919349508e-08,1.05306298186682e-07,-4.12806570948645e-08,2.35190614391343e-07,7.6769006475064e-08,-6.05298546202802e-08,1.86685717772473e-07,-1.5628408156925e-07,6.91523465972584e-08,8.47939373065044e-08,-3.70155435157881e-07,3.51986140435682e-07,-7.49353823512579e-06,-1.19175888485973e-06,-5.4298274892351e-06,9.448939618447e-09,-2.04212696697492e-06,1.15533447603158e-06,-1.59753201382248e-05,4.8114872785931e-07,-5.44536784659024e-07,-2.279991785854e-06,-1.00917958562058e-06,3.76646564717335e-07,1.06789149368954e-06,-1.33502671503191e-07,-1.25587784807928e-07,-4.63469821707395e-09,-4.45986370259827e-09,6.02962600281278e-09,8.80197075047555e-09,8.42024420981455e-09,2.10263026982212e-09,6.05175873639116e-09,4.30042961225296e-09,-6.03152863271746e-09,4.26532874510456e-09,3.67656565825387e-06,1.36451019623532e-05,-1.72414125867796e-05,7.2930795769825e-06,6.33675170359716e-06,-5.77234893497566e-06,2.47868357601502e-06,-2.2580381566798e-06,4.97379676529333e-06,-1.27705692418828e-07,-1.13127655972647e-08,-0.000117037521659531,-1.2630903844025e-05,-3.38131893061947e-06,3.84973245610756e-05,-5.30073040880785e-07,-1.29083168558963e-07,-6.05853160680684e-07
"north_west","beta1",4.61141125882218e-08,-0.000125966318007724,-1.28636923164108e-06,4.0086652630803e-07,3.33479269508305e-06,-5.89471350758933e-08,3.49762720153678e-07,-2.10341391004836e-07,3.93923511825085e-08,-2.66268584413135e-07,4.28010397501776e-07,9.04204113608609e-08,1.21537972163097e-08,1.71428233606139e-07,5.470330246002e-08,-4.93314203485524e-06,3.66469658745646e-08,-7.30866512520486e-08,1.87216461124739e-08,1.82512657533333e-07,4.47852823902602e-08,-3.31282044620531e-08,7.66289139183113e-08,-2.99228593683629e-08,2.15340578224632e-07,3.61567382042476e-08,3.45715186559511e-08,5.91928503415123e-08,-1.07904249298935e-08,1.2159359728709e-07,-8.52123530052925e-08,-2.56257170090275e-08,-7.72080921501263e-08,6.31186651442417e-07,7.91341788024532e-08,-2.41797857759996e-08,-1.24692847361969e-07,-2.22224049374251e-08,1.87923919744634e-07,-9.24250905042844e-08,-3.97889825269024e-06,3.86670930819605e-07,2.40392898060217e-05,4.94212277949694e-06,-3.09258402362471e-06,-1.32281108139631e-05,-1.29310845835397e-05,2.18716953936786e-05,5.34490531100384e-06,-3.48084381039064e-07,6.45389010876252e-06,-1.90024190921874e-06,-8.23462841562974e-06,1.97975197174605e-07,1.75963989666521e-06,2.79117860069189e-08,6.07877071627454e-06,4.51919523230751e-09,-3.49120516766523e-08,2.12972138915965e-08,1.00368848680727e-08,4.37750992560118e-08,-2.98964243089799e-09,6.88359003868113e-09,6.56128973621058e-09,1.07913126499553e-08,4.02423496751138e-08,2.5839141873493e-05,-4.00385088544376e-05,2.99143494085607e-05,1.08227283878349e-05,7.99439798809431e-06,-7.45484940986569e-06,1.51712312284003e-05,-6.94752220830111e-06,1.18557259192742e-05,-2.66418549030991e-06,1.33069445167893e-08,-0.000302973531208609,5.65447211100914e-05,-4.56231089537648e-06,0.00100291776256348,-2.89562426416259e-06,2.76547670362794e-06,-4.36850241962547e-07
"north_west","beta10",-5.90720228854992e-08,1.25936219787405e-05,-7.68966789323613e-08,-4.76176913138605e-08,-5.89471350758933e-08,1.46858045315968e-07,-1.62415748200107e-07,3.75759558372992e-08,-2.81311001179794e-08,2.62911073320306e-08,1.57871968488504e-09,4.8601992000492e-09,-1.27454768363774e-09,1.13614824554678e-08,-1.63476473696014e-08,1.32499394488588e-07,1.07881922699686e-08,-1.87259968538079e-08,2.22762580442187e-08,-1.5621264863326e-09,-2.20309735668509e-08,3.99363632911818e-09,-2.02748322789493e-08,-6.32134713318874e-09,-2.84613129323259e-08,-1.39449042762478e-08,5.35465327384417e-09,-1.93823490191934e-08,-2.68210733332691e-08,9.49022827771558e-09,-9.09474660410585e-09,-2.24064589240704e-08,-5.61809238473698e-09,2.72942210389949e-08,-1.56669263756786e-09,7.70616255466082e-09,-5.25876239932564e-08,3.79674066241066e-08,4.48755049846789e-08,-1.64049177774182e-07,-1.07590095290352e-06,-1.84878810456704e-07,8.57400088376834e-07,3.27544143361574e-07,1.90455334309334e-06,-1.02062107828135e-06,3.88752865504795e-06,4.73789412550154e-07,2.81566769014617e-06,2.00968890782604e-08,1.77205856889646e-07,3.50908507358089e-07,-4.28975692021017e-07,-3.27284919904949e-07,-4.51809468051517e-08,3.98530338828026e-08,3.68675893282432e-07,2.40178966884176e-10,-1.55214779563048e-09,-3.50394339283261e-09,-2.89327593909112e-09,9.129424353498e-10,8.34592651288648e-10,-1.18645869092998e-09,-2.79381762121365e-09,4.26898345371101e-10,4.37470255196273e-09,1.3596475233702e-06,-1.71272220704461e-06,1.73629377040235e-06,-2.28498203124948e-06,-7.13647816167048e-07,1.22747563151244e-06,-1.2510939979267e-07,-1.15275263910316e-06,-9.07899408854095e-08,2.61623612008585e-07,-2.46060022902256e-09,-2.38728355797801e-05,-2.89122110983022e-06,-4.08670087543004e-06,-1.11095655897047e-05,-1.06528018995501e-07,1.52376185904137e-07,5.64633274241211e-08
"north_west","beta11",1.51163194158109e-07,-3.64828193505938e-05,-1.33260733924764e-07,1.26184661818043e-07,3.49762720153678e-07,-1.62415748200107e-07,4.36929100335547e-07,-2.3186511669738e-07,1.53046169980829e-07,-2.05633612189716e-07,1.58359389869507e-07,-9.06503612120875e-10,-6.87403586450757e-09,2.34341499986701e-09,5.24988732339464e-08,-4.68585470521563e-07,-3.67242594577483e-08,-5.55046954915906e-09,-6.09599443024122e-08,4.00410199733591e-08,2.79752018642852e-08,-4.17195988846156e-08,2.77230336583945e-08,2.44411372020219e-08,-1.50544888864081e-08,3.19123426482524e-08,-1.12803422853342e-08,1.80283372782064e-08,1.82019387024901e-08,-1.35931974481094e-08,-3.77135157662286e-09,1.02205273796329e-08,-3.04945482897871e-08,1.70503569424995e-07,3.27075575561223e-09,3.31152041339819e-08,-1.47397043856582e-09,-1.43513921510183e-08,1.68654360967363e-08,1.01227220626435e-07,1.84963041025932e-06,1.56442100869843e-06,3.58233475857416e-06,1.42250716379638e-06,-1.72811073491132e-06,1.27435533622308e-06,-8.03752471914465e-06,1.26071801708286e-06,-2.13341313292884e-06,-1.95803641211901e-07,1.08678806728752e-06,-1.81266450400099e-06,-3.21740057430498e-06,-2.13741959680027e-07,2.73272479819185e-07,-1.68002447886385e-07,2.7632369641787e-07,-4.15275396027558e-10,1.30915302415358e-09,8.80104910047318e-09,8.83726717837225e-09,4.47184848821514e-09,-1.17663648085342e-10,3.93377730864233e-09,3.42047356565491e-09,8.03711223649033e-10,4.66427430602617e-09,5.21395533268836e-08,-5.24900197114774e-06,-2.97498413538714e-06,5.1099925974141e-06,4.36913392072224e-06,-3.35929381486797e-06,3.74867245697368e-06,1.83745566770796e-06,1.60144809124477e-06,-8.43317970398078e-07,1.14450299046058e-08,2.69883526322716e-06,4.77219540975688e-05,1.33728810941801e-06,8.79485791000527e-05,5.31199574450016e-07,6.95527532257033e-07,-6.04533948378882e-07
"north_west","beta12",-1.53158726369392e-07,9.88675297660821e-06,3.64478189957588e-08,-6.17636319086164e-08,-2.10341391004836e-07,3.75759558372992e-08,-2.3186511669738e-07,2.81319377418411e-07,-2.10216899835267e-07,2.63074027590446e-07,-1.63164102260974e-07,1.18262296580352e-08,3.89975225642027e-09,1.07681751564876e-08,-3.01925306807965e-08,2.63352709312759e-07,3.6732799588443e-08,2.9340111850554e-09,5.74683717969259e-08,-4.42883731292351e-10,-1.2188138716011e-08,4.41976151550708e-08,1.64432867276431e-09,-6.6896393422317e-09,5.82138844408956e-08,-4.76766006745688e-09,3.7768068811667e-09,5.1799969054679e-09,3.59534234497312e-08,-2.43334211316831e-08,2.04266683416919e-08,-4.49051199113183e-09,5.56203381241986e-08,-1.62962523389375e-07,1.09357905458146e-08,-4.08278809175898e-08,4.0411477063366e-08,-6.64696175192935e-09,-2.84526671073494e-09,1.02138256759498e-09,-5.40018323657815e-07,-5.36703263911611e-07,-1.84021190825011e-06,-1.11662282942491e-06,-5.75798941560848e-07,-3.3108392922305e-08,4.01056458611289e-06,-9.95644450367602e-07,-9.92577374510664e-07,3.29277324054765e-07,-4.11006043217913e-07,-2.65616929276408e-09,6.38638753854101e-07,2.96142726285295e-07,-3.03807124385965e-07,1.68019540477278e-07,-2.97288533543804e-07,2.22061901361631e-09,4.1843792398824e-09,-1.18654813404897e-09,-2.02722794621139e-09,5.29592047900535e-09,-5.85188389801976e-10,-2.77867921740633e-09,6.49702932621879e-10,8.63725585767041e-10,-4.0585049758215e-09,1.9694378284528e-07,2.77539370420058e-06,5.01107080545194e-06,-1.30517511147449e-06,-1.06008264099494e-06,2.2809338467323e-06,-2.05577904581543e-06,-7.14578936565209e-07,-1.89704653964096e-06,6.88534849654323e-07,-4.21157401906534e-09,5.17511125488787e-05,-3.38873217658747e-05,4.86700543117818e-06,-6.54184595154448e-05,-8.64184734978502e-08,-5.70520481437522e-07,2.47120827534116e-07
"north_west","beta13",3.13897026094911e-08,-4.71518375158783e-06,8.21939596301159e-09,3.64357619915919e-08,3.93923511825085e-08,-2.81311001179794e-08,1.53046169980829e-07,-2.10216899835267e-07,2.56353728810152e-07,-3.55429649249839e-07,1.89837529620607e-07,-8.3379236167443e-09,6.83585096189067e-10,-7.93624678809307e-09,3.97354013193216e-08,-9.83531550963901e-08,-3.18424814369543e-08,1.75061742214511e-08,-4.64098551066299e-08,-1.40674393035979e-08,2.23446369568341e-08,-1.74063043662143e-08,2.02986264415696e-08,-6.32314874890679e-09,-9.29442568774954e-09,5.38489576054021e-09,-1.36931723029976e-08,1.28684878226251e-08,-1.43007339503884e-09,5.66273054230569e-09,1.25164890274423e-08,1.01423067543191e-08,-1.27172109785395e-08,9.82116190225399e-08,1.23002655369272e-08,6.09755029419018e-09,-1.79341295274919e-09,-5.27766054994811e-09,1.70299681183113e-08,9.20707386277687e-09,7.45708876511708e-07,1.05168533360163e-06,-1.08512645075371e-06,3.41005148305218e-07,1.13562836170048e-06,5.19982706471387e-06,-8.86304273570948e-06,2.61972932959951e-07,-1.24473615160302e-06,-3.06047636642978e-07,1.09503682007842e-07,-9.00741678479587e-07,-1.29150996904855e-06,-1.81692669304257e-07,2.4688432231481e-07,-1.04719156221153e-07,-5.68725948311164e-07,6.06982116388024e-10,2.9020670059649e-10,4.01429253012513e-09,3.21475479471024e-09,1.3435066806293e-09,1.52065222680698e-09,3.73984530585254e-09,1.34057314053585e-09,1.02594578742132e-09,3.44328173721487e-09,-4.56717016281203e-07,4.43544983458015e-07,-4.66366004377117e-06,-4.86226730809698e-07,2.131874315676e-06,-1.57665507534295e-06,9.69227089491804e-07,5.00186188977421e-07,1.59998612673448e-06,-5.35618843887622e-07,8.98255638774512e-09,-9.7361884036487e-06,2.49566496914366e-05,-8.52448637366062e-06,2.62508787619408e-06,3.35684280026371e-07,3.15874794513892e-07,-5.6123159385461e-07
"north_west","beta14",6.6129712217686e-08,1.9993395608686e-05,3.42262204821552e-07,3.34612803862802e-08,-2.66268584413135e-07,2.62911073320306e-08,-2.05633612189716e-07,2.63074027590446e-07,-3.55429649249839e-07,8.80111204229757e-07,-6.41765972018096e-07,2.40133120486713e-08,2.8158559417071e-08,7.77118202426584e-09,-3.85279657241539e-08,6.63735595847011e-07,5.8293819268029e-08,3.40803233163543e-09,1.01376545070772e-07,9.232093044054e-10,1.33071313188841e-08,4.65254533384351e-08,2.49994101754282e-08,4.77782410882695e-08,9.09675205520376e-08,2.04508608888623e-08,-1.47628698197954e-08,5.87057545239816e-08,8.11967129174855e-08,7.36539211070259e-08,-8.91306354129159e-09,1.09024923000303e-07,-2.64987241991913e-08,-4.78973875484493e-08,-1.40385909066298e-08,-5.31954461272012e-09,8.2099988445988e-08,-3.32154656118884e-08,-6.75879412862395e-08,9.68285352420067e-08,-1.17970727388372e-06,-2.74363530625889e-06,-6.44369160912938e-06,-2.72174631835949e-06,-1.84302906715049e-06,-1.10336180670397e-05,2.02167978798061e-05,4.92425226581154e-07,-7.43582435278193e-06,3.33564128293606e-07,-1.64512919508161e-06,-1.9258607008901e-07,6.48624564033154e-07,1.31098701403722e-06,-4.907330179577e-07,2.44049299727667e-07,-1.91408391776812e-06,2.17194883647892e-09,8.16414498090066e-09,-3.33277578990761e-09,-3.74415026690732e-09,-1.80715959216333e-09,3.16710003550467e-09,-7.39236860811524e-10,2.8808506120566e-09,-4.44825206432986e-09,-1.39114338765076e-08,-4.75080885022434e-06,1.38793000247808e-05,-4.51751890656941e-06,-2.25827710357518e-06,-4.47407230213786e-06,4.30359559105643e-06,-2.14437527512321e-07,-1.13884751332742e-06,-3.76392603869468e-06,1.27322350505068e-06,-1.66793856638643e-08,2.13895286470648e-05,-4.70546910815468e-05,1.30165284311898e-05,-7.85239407544584e-05,-3.2078541782451e-07,-5.58908412384931e-07,-5.02011032648615e-07
"north_west","beta15",8.305197077742e-08,-2.55387270874032e-05,-2.78042486502143e-07,-4.43408856262563e-08,4.28010397501776e-07,1.57871968488504e-09,1.58359389869507e-07,-1.63164102260974e-07,1.89837529620607e-07,-6.41765972018096e-07,8.63764246366656e-07,-2.68547640352057e-08,-8.49195062187683e-10,3.46110112900329e-08,7.24196993040679e-09,-1.0715228280929e-06,4.50894167128512e-09,-4.66954280233596e-08,-7.31271134900925e-10,7.78521237595991e-08,-6.97353988135105e-08,2.89929757302541e-08,-3.79118840733189e-08,-5.48453146175534e-09,-3.36661771051178e-08,-1.54590600637925e-08,2.3543723673556e-08,-1.88471556576155e-08,-4.5531803943235e-08,-5.6197618878545e-08,-1.86963399566927e-08,-1.15296212237416e-07,8.7656170102897e-08,-8.19034193547935e-08,2.83088814477054e-08,-5.85865152008285e-09,-1.22679127776119e-07,9.15251761086891e-08,5.55448042676279e-08,-1.08907970890524e-07,-4.57238774014111e-07,3.03258236289253e-06,1.02292063813728e-05,3.13708851724749e-06,8.37790893810039e-07,6.56515460844737e-06,-3.53926715785468e-06,-2.42504136046883e-06,1.19276603985382e-05,-2.70826803617835e-07,2.79046673386255e-06,-1.24752489323493e-07,-3.02417498333511e-06,-2.34244201456398e-06,3.35879330179127e-07,-9.93226927506616e-08,2.8640981687072e-06,3.73111361677633e-09,-6.83367214822041e-09,6.38918306954903e-09,4.38150583099681e-09,2.22438876393309e-08,-3.14335144980787e-09,8.97211295338855e-10,-1.24804891406943e-09,6.56012255011015e-09,2.69622046705091e-08,1.06174932756999e-05,-2.08007849773296e-05,1.75266396011421e-05,3.10442014764949e-06,4.29355178794427e-06,-2.80139013885938e-06,2.85060900383825e-06,-7.55710851467077e-07,3.69625274350464e-06,-1.18724117822372e-06,9.71755038663128e-09,1.07719727672906e-05,3.0547406144275e-05,6.50121173825929e-06,0.000113308813027072,-1.15697980055528e-08,7.58265309026363e-07,6.78344082078975e-07
"north_west","beta16",-5.65517317705112e-08,-1.08779046277528e-05,-5.34791074782093e-08,-1.5999704280843e-08,9.04204113608609e-08,4.8601992000492e-09,-9.06503612120875e-10,1.18262296580352e-08,-8.3379236167443e-09,2.40133120486713e-08,-2.68547640352057e-08,4.00348874358062e-08,1.02506190026408e-08,6.22792226581589e-08,8.91934733415204e-09,-1.23694160622978e-07,4.41802256812514e-08,1.36245696604848e-08,3.58133770808346e-08,4.62665274255382e-08,2.99474954547349e-08,3.260776067036e-08,5.92179101604158e-08,1.77210163261551e-08,8.435674550366e-08,4.77184213363825e-08,-2.18371380647756e-09,5.3529661790237e-08,6.59681785521504e-08,4.07006575408056e-08,2.05510772768549e-08,2.65943004945726e-08,4.18915832754344e-08,3.27874836485094e-08,1.04463053207507e-08,-7.76769949326171e-09,4.78531107799142e-09,-2.48321950602685e-09,9.43460867632259e-09,3.476787342407e-09,-5.01073788318639e-07,-2.22384444326919e-07,1.61356393287873e-06,2.28088065079745e-07,-2.64418615534754e-07,-2.33156080544141e-06,1.40899948706115e-06,1.05289118997751e-06,-3.12941396980512e-07,7.79127120696377e-08,5.56409273791449e-07,-5.92924161041342e-07,-1.42002313058579e-06,2.11240312209112e-07,7.09147672906768e-08,5.39162219897924e-08,5.7195507255598e-07,1.88811809666516e-09,-2.43398408802689e-10,2.74476277298074e-09,2.10951099885541e-09,6.59532362680275e-09,4.66343424753249e-10,1.91018356742407e-09,2.56492550621156e-09,1.05874655892605e-09,1.88509947389896e-09,1.49969329661036e-06,-2.91898499862468e-06,2.99498018562561e-06,7.97483728814322e-07,3.71378954531681e-07,1.96653330417957e-07,1.24287228208676e-06,-4.47561061106328e-07,1.52962487910232e-07,2.28587984488942e-08,-5.34105151807145e-10,-0.000109185548536226,-6.87832616347993e-06,9.26200080293517e-07,2.31593571950875e-05,-1.17882310327766e-06,8.30925671533107e-08,-2.50682761091034e-07
"north_west","beta17",2.19183827684855e-08,-1.27368384646059e-05,8.56028251635776e-08,7.32753714083612e-08,1.21537972163097e-08,-1.27454768363774e-09,-6.87403586450757e-09,3.89975225642027e-09,6.83585096189067e-10,2.8158559417071e-08,-8.49195062187683e-10,1.02506190026408e-08,7.17775473360337e-08,8.98747752363899e-09,3.23770184112379e-08,-1.0930348621726e-08,5.60515157380729e-08,2.19889972076036e-08,8.42093835382646e-08,1.02646968466797e-08,6.07380562004435e-08,4.06215311278365e-08,7.31318214949655e-08,6.19698295758477e-08,8.76008350530686e-08,8.08609892368208e-08,-1.44991068995521e-08,9.44434361369106e-08,8.30222169491674e-08,6.02058224209378e-08,1.25607023911605e-08,7.4778410946522e-08,1.0744457900703e-08,6.63951892021382e-08,8.00411816465735e-09,-4.6437570757732e-09,5.16075600910867e-08,-5.62643080764958e-08,3.14400738996174e-08,3.81265836718843e-08,2.51853411381724e-07,-3.98022441179072e-07,-2.38585122360113e-06,-6.74941032855884e-07,-1.5932694439827e-06,-4.8282177262548e-07,9.22942203368816e-07,-4.11455700871344e-07,-3.69562528245659e-06,1.18663939275164e-07,-3.30169661108088e-07,-8.75903210335007e-07,-1.61626965673661e-06,9.46292527197567e-08,6.79104580316234e-08,7.73326688967394e-08,4.36134132471715e-07,1.74320779250276e-09,1.01397748010276e-09,3.20696764640761e-09,2.06610185353615e-09,3.42664414747158e-09,2.20999255126733e-09,3.19841782130357e-09,3.22087610928065e-09,-1.51505581470457e-09,-4.49927251784351e-10,-7.42997570328806e-07,4.95756251590759e-06,-3.27007243209446e-06,9.71873196118695e-07,6.00558852013639e-07,-2.49085973441053e-08,2.10666648108963e-06,-5.30815522710253e-07,-1.3171918752426e-07,8.84319425453541e-08,-2.76465414580587e-09,-0.00018521806094086,-1.84764106609509e-05,2.01785638923025e-06,-8.11718248574574e-06,-1.74711616556367e-06,1.19361541633568e-07,-2.17033032730947e-07
"north_west","beta18",-1.22840546933386e-07,-2.17619233971954e-05,-8.21589979803446e-08,-6.22311272955728e-08,1.71428233606139e-07,1.13614824554678e-08,2.34341499986701e-09,1.07681751564876e-08,-7.93624678809307e-09,7.77118202426584e-09,3.46110112900329e-08,6.22792226581589e-08,8.98747752363899e-09,2.26304522186045e-07,-9.10851444163837e-08,-2.38579916037562e-07,8.37188220423133e-08,-3.08058686034628e-08,6.37718571758618e-08,4.92083716451552e-08,1.22476563778003e-08,2.78499370377963e-08,6.64029011281997e-08,-7.83385045221987e-09,1.22688472144625e-07,2.77000541175268e-08,4.54366654705012e-09,6.45381063294382e-08,4.78793418205203e-08,5.66620763092383e-08,-1.61203591436518e-08,3.77177903969137e-08,5.38268812879196e-08,-6.82428594386498e-08,1.59396421339379e-08,-5.2318849876608e-09,-2.3561785977087e-08,2.32093982528929e-08,-5.55040010787103e-09,1.2127490505461e-08,-1.90696524126606e-06,-6.02736016367114e-07,4.04926226614349e-06,7.84279802058139e-07,-5.58019254330688e-07,-5.18162022418228e-06,8.69341160566411e-06,-1.87564850205319e-07,1.93103651356302e-06,-5.29222314468463e-09,1.60850651806343e-06,-8.15280055627478e-07,-3.22174340050388e-06,4.38368257271234e-08,1.10311061720218e-07,1.04950504834423e-07,1.06833949931529e-06,6.61638398324016e-09,-3.72737964676175e-11,5.43397759799177e-09,4.26902887563202e-09,1.69529124073242e-08,9.25798835648211e-10,2.76866076744199e-09,6.85946210664943e-09,3.25291701932429e-09,8.83110262740509e-09,5.35477143478461e-06,-7.65137790112735e-06,8.87829707802846e-06,2.2151461295558e-06,-3.92890990552765e-07,9.38033939357982e-07,3.23548816376319e-06,-1.09531579994805e-06,1.17668144117319e-07,1.81790992213247e-07,8.75198296394951e-10,-0.000188536802584698,-2.11698764632669e-05,7.28220213812495e-06,4.62655423709747e-05,-1.9173531136549e-06,1.79521339837352e-06,-4.32287294749913e-07
"north_west","beta19",3.56572059367174e-08,-1.74713743228124e-05,-9.32954277646732e-08,1.03201332591533e-07,5.470330246002e-08,-1.63476473696014e-08,5.24988732339464e-08,-3.01925306807965e-08,3.97354013193216e-08,-3.85279657241539e-08,7.24196993040679e-09,8.91934733415204e-09,3.23770184112379e-08,-9.10851444163837e-08,2.117133046341e-07,-4.69935589349103e-08,-4.55591323788672e-08,1.09876407690766e-07,-4.2088255725733e-09,6.71982037842254e-08,8.42342005566674e-08,5.01990003598156e-08,1.12121388215001e-07,7.03011572745553e-08,7.90323934626127e-08,1.34948830875943e-07,-2.73196202116307e-08,8.91728042381144e-08,1.3291519926287e-07,6.57661593414706e-08,6.60743319881914e-08,5.90332724164496e-08,5.29597281409964e-08,2.15006201947389e-07,2.24991956381081e-08,-2.36703541606844e-08,7.71969169983161e-08,-6.73893542783588e-08,5.28404907711999e-08,1.23100414633526e-08,1.26853425677249e-06,3.82843306183624e-07,-9.61008483137029e-07,1.40085484297391e-07,-3.01386653457044e-07,1.41108682872939e-06,-9.67806718109973e-06,1.16911696117621e-07,-3.73374392364518e-06,1.74050742545952e-07,1.58039595220725e-08,-1.13570831012784e-06,-1.00392677795599e-06,4.56510846684602e-07,2.10418535201293e-07,-7.0449701309113e-08,-4.28174245783354e-07,-1.05126716487745e-09,1.40505207987493e-09,3.48974100595166e-09,3.34309557346726e-09,1.07931802293186e-09,9.81954569624616e-10,2.25611227716388e-09,4.54007529514268e-10,-2.43268232457583e-10,-4.60799421729591e-09,-8.55499172007855e-07,1.48370937673241e-06,-6.04765839199112e-06,6.89089199250484e-07,3.13566274720826e-06,-2.54335837525349e-06,9.45223497813001e-07,5.48695221015335e-07,1.28963420648898e-06,-4.49583191866886e-07,2.36880734506975e-09,-8.96972865528223e-05,1.70365695478547e-05,-5.71911579056203e-06,5.23973386126981e-06,-7.42260118928663e-07,-1.81624801576521e-06,-4.65366748825062e-07
"north_west","beta2",-4.98773390484615e-07,0.000102776072553824,2.83969555672456e-06,-1.40785093942818e-06,-4.93314203485524e-06,1.32499394488588e-07,-4.68585470521563e-07,2.63352709312759e-07,-9.83531550963901e-08,6.63735595847011e-07,-1.0715228280929e-06,-1.23694160622978e-07,-1.0930348621726e-08,-2.38579916037562e-07,-4.69935589349103e-08,2.03127604260293e-05,-1.79332386449553e-07,2.05275459431551e-07,-2.16211802822477e-07,-1.82654031193041e-07,-3.25890634919743e-08,-4.72875798400991e-08,-2.06057286870115e-07,-1.28785922186752e-08,-2.92910467129157e-07,7.05715598348686e-08,-8.60675400680602e-07,-3.17235204848963e-07,5.03485901610624e-08,-2.72885037774074e-07,1.01002015588484e-07,2.61443935160478e-07,-5.35061516229114e-07,4.77793345819838e-07,1.74302770294618e-07,-1.53201220113584e-07,5.86257040324365e-07,-2.38800931011696e-07,-1.19600184552421e-07,2.62598278251058e-07,1.41858700323767e-05,3.00383738629379e-06,-5.79763105972729e-05,-1.56415382826631e-05,7.55110278925542e-07,1.67468744789211e-05,1.80683570302235e-06,-4.35791542822014e-05,-4.02877106169108e-05,8.02155210760956e-08,-1.76099773257544e-05,1.10324034393599e-06,1.09621124601243e-05,9.7255383585047e-07,-7.4312460146374e-06,-5.68991291940332e-07,-3.04960308390675e-05,-3.93984419793803e-08,6.20725640920115e-08,-3.664015477441e-08,-2.21819846419117e-08,-1.41397428753671e-07,-4.71927824310468e-09,-1.78249313360449e-08,-2.00631558245125e-08,-2.80399229650518e-08,-7.8758071631407e-08,-7.60214394740499e-05,0.000110202073367368,-8.44734493152251e-05,-2.35062935401136e-05,-5.02972621684234e-07,4.0732746307117e-06,-1.67425109592675e-05,1.11276319702959e-05,-1.80520375908437e-05,3.91820513821943e-06,5.75410777006239e-08,0.000275844289594683,-8.18804636677897e-05,-1.13692307926983e-05,-0.00108607606879082,3.64670688114981e-06,-3.33948145333745e-06,6.92471362985239e-07
"north_west","beta20",5.76331685272183e-08,-1.27188768765574e-05,9.15396472792916e-08,-4.47041178811571e-08,3.66469658745646e-08,1.07881922699686e-08,-3.67242594577483e-08,3.6732799588443e-08,-3.18424814369543e-08,5.8293819268029e-08,4.50894167128512e-09,4.41802256812514e-08,5.60515157380729e-08,8.37188220423133e-08,-4.55591323788672e-08,-1.79332386449553e-07,1.89882575650223e-07,-2.59210370883737e-08,1.89793636606476e-07,4.89778223823423e-08,6.8935287591761e-08,1.02797669244231e-07,1.09532959235705e-07,8.29045787311933e-08,1.94182156609742e-07,1.00376039873371e-07,-1.19147204003288e-09,1.55814743027389e-07,1.44848523087272e-07,8.7858485377015e-08,4.05268121983134e-08,9.57640380799072e-08,5.65048414983247e-08,4.98749446361562e-08,9.83448586398949e-09,-1.81227675820646e-08,4.49780831293756e-08,-3.83094410800525e-08,2.6729272225474e-08,2.4580975047135e-08,-4.73394919854624e-07,-4.58977740789465e-07,1.39021010233506e-06,-6.21679449694937e-08,-6.83642211890143e-07,-4.88607326577794e-06,6.63388318609135e-06,8.32957011454207e-07,-9.17799072519696e-07,2.00694903612886e-07,3.85431011054487e-07,-9.11829083670857e-07,-2.62491493314679e-06,1.33840300998861e-07,1.38138466847264e-07,1.63772545327295e-07,9.30931956551523e-07,4.84827499554164e-09,3.94804813876253e-10,5.62388636167235e-09,3.08380002817806e-09,1.29324597050323e-08,1.86248890924737e-09,5.44235455240721e-09,4.84236221128895e-09,6.99321249866733e-10,3.41138078127195e-09,1.033028058597e-07,-2.03372847867381e-06,4.96884997324246e-06,3.80402567636917e-07,2.01088658444059e-07,4.61450119795995e-07,2.73959753728222e-06,-1.39229559658968e-06,-2.41286008970216e-07,1.86482639346499e-07,-3.63280730131992e-09,-0.000235791807852007,-3.8481616890399e-05,5.46509211507824e-06,-2.45825728779354e-06,-2.4412005804214e-06,-5.55301064133839e-07,-1.94205172240948e-07
"north_west","beta21",-1.03585038169967e-08,-5.6024447624401e-06,6.41032352341705e-08,3.61765870583013e-08,-7.30866512520486e-08,-1.87259968538079e-08,-5.55046954915906e-09,2.9340111850554e-09,1.75061742214511e-08,3.40803233163543e-09,-4.66954280233596e-08,1.36245696604848e-08,2.19889972076036e-08,-3.08058686034628e-08,1.09876407690766e-07,2.05275459431551e-07,-2.59210370883737e-08,1.35475449070601e-07,-8.72411023906454e-08,8.41464934416166e-08,5.62996567135601e-08,4.3881019635896e-08,9.58082068159305e-08,3.74408987482067e-08,7.90934093149568e-08,9.95927604059225e-08,-2.95715850055728e-08,6.3378391896299e-08,1.09516604230873e-07,6.19449200166151e-08,5.49628826050883e-08,6.14979039352037e-08,6.65931854573267e-08,8.08563311263997e-08,1.85173049866144e-08,-2.70935346575654e-08,7.10182489524361e-08,-5.4938735186904e-08,2.18698868069166e-08,3.33100285502278e-08,8.25737286908401e-07,-3.47749590081621e-07,-2.48493784547147e-06,-7.8908647929067e-07,-1.38158381110161e-06,1.70452114511376e-06,-6.17411044244266e-06,4.495169414571e-08,-4.67800418052718e-06,8.30378069797022e-08,-3.98040085892981e-07,-4.66126409778824e-07,2.11462922753854e-07,8.18911587325052e-07,7.1846012481924e-08,-5.73157643015505e-08,-1.48630597010973e-06,-4.04640920481314e-10,1.67012614730419e-09,3.58732073863052e-11,1.02051691191333e-09,-5.31322095208007e-09,1.30950705709937e-09,1.88907284619283e-09,1.02359015158165e-09,-1.33994533982129e-09,-6.1870067813614e-09,-1.48834613809947e-06,4.13449937320425e-06,-3.79027308784585e-06,8.38899103159966e-07,1.09200755124755e-06,-1.06737221995723e-06,-5.21157134439495e-07,9.65312406453933e-07,4.21538044393426e-07,-1.79688752982499e-07,1.59770292708526e-09,-9.00447223113437e-05,-5.89145763033139e-06,-6.71591705523731e-06,-2.59028708990276e-05,-9.37327237466371e-07,-1.35202110355806e-06,-3.70364038684903e-07
"north_west","beta22",4.09812240894253e-08,-9.09780616341358e-06,3.63012187322641e-08,6.85120956012302e-08,1.87216461124739e-08,2.22762580442187e-08,-6.09599443024122e-08,5.74683717969259e-08,-4.64098551066299e-08,1.01376545070772e-07,-7.31271134900925e-10,3.58133770808346e-08,8.42093835382646e-08,6.37718571758618e-08,-4.2088255725733e-09,-2.16211802822477e-07,1.89793636606476e-07,-8.72411023906454e-08,5.46679201121536e-07,-2.65231066287795e-07,1.32391123912184e-07,9.95855495606019e-08,1.27908352428863e-07,1.36615977960303e-07,1.74452596367147e-07,1.40505681487384e-07,-6.66808600618911e-09,1.8133710942889e-07,1.75713273782533e-07,8.47388421169485e-08,4.01889800714656e-08,1.19674531134439e-07,9.39917978896162e-09,9.22204539259335e-08,1.8589561733786e-08,-2.51745190457771e-08,7.05554785496462e-08,-8.00836410946968e-08,6.79018533246358e-08,2.93502343354821e-08,1.21283988012791e-07,-6.13405565862125e-07,-1.79835742590417e-06,-1.78311338166735e-07,-6.92441933651257e-07,-6.33448787041061e-06,8.01007206258018e-06,-2.08345811826546e-06,-5.81936174773175e-07,3.27120981445022e-07,-1.1172743816164e-07,-1.24548337386986e-06,-1.74133104878951e-06,-2.85135684907211e-07,2.45861092670177e-08,2.34726175601931e-07,2.51341222957383e-06,4.79664371642144e-09,1.81627365708731e-09,7.85965601189378e-09,2.40394082683557e-09,2.81141391847179e-08,1.4907125901407e-09,5.89372571426785e-09,6.48733693243564e-09,-6.46202695142145e-10,5.6010670692916e-09,-2.01738766536776e-06,3.57033345068108e-06,-7.69973945460458e-07,-7.86844978446319e-08,6.84242152972211e-09,5.6912338389435e-07,2.31504049050973e-06,-2.53071666807926e-06,-5.25385252736178e-07,1.99315073428159e-07,-1.14687322192629e-08,-0.000258927829751466,-5.78976961998132e-05,2.30224441916411e-05,-1.5446673853068e-05,-2.58969827376646e-06,-7.13149122070739e-07,3.13129489494526e-08
"north_west","beta23",-3.60687074510738e-08,-3.07268651084834e-05,-4.93055713117363e-08,8.62650192312946e-09,1.82512657533333e-07,-1.5621264863326e-09,4.00410199733591e-08,-4.42883731292351e-10,-1.40674393035979e-08,9.232093044054e-10,7.78521237595991e-08,4.62665274255382e-08,1.02646968466797e-08,4.92083716451552e-08,6.71982037842254e-08,-1.82654031193041e-07,4.89778223823423e-08,8.41464934416166e-08,-2.65231066287795e-07,6.83655065623824e-07,-1.39487608516406e-07,1.62420549921545e-07,6.71960775539735e-08,6.64240067183901e-08,1.50667171704394e-07,1.25039281815461e-07,-2.23628897180123e-08,8.94073806134034e-08,1.24364446066573e-07,1.18450608573249e-07,4.11756984804804e-08,7.37191021736047e-08,1.31592656832567e-07,4.2322632285602e-08,2.58525333682135e-08,-3.61308516552601e-09,-3.39285531619938e-08,4.79901606790922e-08,-3.1456035604897e-08,7.05612054265216e-09,-9.45584464087647e-07,1.40730748934738e-06,9.86209360025826e-06,1.85244951140218e-06,1.23083293039503e-06,-4.01110308893211e-06,3.95686820769932e-06,2.42119382595098e-06,-3.70214176651183e-07,4.83322950182087e-08,2.17201659006523e-06,-5.56725595278849e-07,-1.34060511981704e-06,-7.46958717710696e-07,1.23633092588889e-07,9.23700455949418e-08,-3.46368938276942e-07,4.64616617450607e-09,-5.60319904088163e-10,5.70423353263678e-09,3.88929468841462e-09,3.01131697445192e-09,1.17275914810619e-09,3.76296854472249e-09,2.94554068269017e-10,3.97492554912057e-09,3.6289241782128e-09,6.6026651427266e-06,-1.68084210959979e-05,1.51140032370019e-05,5.68576003589868e-07,1.09130635257459e-06,-7.3230421256599e-07,1.2627355469537e-06,-1.36338805256026e-06,1.18396681071757e-06,3.59121530834153e-07,2.27657239586188e-09,-0.000116839289590999,-9.47059251502586e-06,-2.06212409831001e-05,4.80620768164776e-05,-1.33768404215699e-06,-1.07310680945068e-06,-1.03719024125885e-06
"north_west","beta24",7.47516253200321e-08,-2.7126169769972e-05,9.3183767819909e-08,7.63802732247293e-08,4.47852823902602e-08,-2.20309735668509e-08,2.79752018642852e-08,-1.2188138716011e-08,2.23446369568341e-08,1.33071313188841e-08,-6.97353988135105e-08,2.99474954547349e-08,6.07380562004435e-08,1.22476563778003e-08,8.42342005566674e-08,-3.25890634919743e-08,6.8935287591761e-08,5.62996567135601e-08,1.32391123912184e-07,-1.39487608516406e-07,2.31571426612209e-07,-3.00810585848336e-08,2.04238304398294e-07,4.39646281986378e-08,1.58407404651485e-07,1.28348712234971e-07,-3.33492981623495e-08,1.61574499231618e-07,1.46150141350761e-07,9.69589762323609e-08,4.42949908243618e-08,1.05882542230079e-07,2.93883327487101e-08,2.0846553179232e-07,2.10364517948372e-08,-2.35484723852174e-08,1.20068068937163e-07,-1.1848500112229e-07,7.12763757705771e-08,5.25957221755207e-08,8.44718792557422e-07,-1.24639900929644e-06,-4.17684999728205e-06,-1.27035292955284e-06,-2.41978050681756e-06,-1.88945608648559e-06,-3.70219337008037e-06,5.64258553788127e-07,-6.10785752329251e-06,1.43640665632689e-07,-5.82439656089538e-07,-1.67078986743231e-06,-3.3966832893513e-06,1.38862503991017e-06,4.01440396815155e-07,-2.07449938837281e-08,2.60976173875187e-08,6.56026449731206e-10,1.7459205998033e-09,5.55794995105621e-09,5.36657822487728e-09,4.40205644938277e-09,1.68064793446233e-09,4.85886308971894e-09,7.02542262430393e-09,-1.09517225188203e-09,-4.8529129735787e-09,-2.01787351230742e-06,7.85307168099379e-06,-8.61518480741457e-06,2.25828404813018e-06,2.49546528965815e-06,-1.45625344777188e-06,3.96445841094846e-06,6.30860329563486e-07,2.41016892414922e-07,-2.2332852960289e-07,-6.83084383973327e-10,-0.000229345710434783,-1.83094109523785e-05,2.33453498696407e-06,-3.2960179132678e-06,-2.02212716831261e-06,-8.52859370337363e-07,-3.96719721532407e-07
"north_west","beta25",-2.67378720096587e-08,-5.09028161011568e-06,-2.16167153193715e-08,-3.81257470108184e-08,-3.31282044620531e-08,3.99363632911818e-09,-4.17195988846156e-08,4.41976151550708e-08,-1.74063043662143e-08,4.65254533384351e-08,2.89929757302541e-08,3.260776067036e-08,4.06215311278365e-08,2.78499370377963e-08,5.01990003598156e-08,-4.72875798400991e-08,1.02797669244231e-07,4.3881019635896e-08,9.95855495606019e-08,1.62420549921545e-07,-3.00810585848336e-08,2.18649006719761e-07,2.18707224552042e-08,1.55991674929417e-07,1.66039252785115e-07,1.48312046126075e-07,-1.16711631180665e-08,1.2243044171249e-07,1.89349001686252e-07,8.723639088532e-08,8.13931461271044e-08,8.3475576671019e-08,1.11286696567653e-07,1.47558986248613e-08,2.66365424839118e-08,-4.27456873195803e-08,5.33943146546388e-08,-2.7731463177722e-08,1.60316560296664e-08,2.36974705634562e-08,-3.6644548162171e-07,1.73959797690289e-07,2.51579686541927e-06,3.41308874822023e-07,-6.42336853944427e-07,-2.6241216000529e-06,1.91068782810848e-06,-9.06716599198716e-07,-1.01730476139323e-07,3.16501110779904e-07,7.72970006528381e-07,-5.83756759815228e-07,-7.18559762317857e-08,-1.55098757218773e-07,-4.74724919200254e-08,9.49693853090607e-08,-5.00758595654201e-07,5.98848266646167e-09,3.98248300254571e-09,5.63992206698924e-09,3.07074126043065e-09,1.84975690079801e-08,2.42493574811779e-09,4.58958058148781e-09,2.55818849000649e-09,1.35489357518553e-09,2.79228207133519e-09,5.74612384804759e-07,-4.79537312374777e-06,8.09889839335552e-06,2.79050525409651e-07,-3.1803924413509e-07,-2.3025450107273e-07,1.21566713460757e-07,-9.32489429900074e-07,2.86829566257318e-07,5.24938381555687e-08,-2.10356863283003e-09,-0.000144193106776553,-2.88362353804763e-05,2.25777497812716e-06,-2.0333783489415e-05,-1.63885834410481e-06,-1.2936598473908e-06,-7.43711084978044e-07
"north_west","beta26",5.26703418239514e-08,-4.06906650869914e-05,5.87930986691297e-08,8.9630211623871e-08,7.66289139183113e-08,-2.02748322789493e-08,2.77230336583945e-08,1.64432867276431e-09,2.02986264415696e-08,2.49994101754282e-08,-3.79118840733189e-08,5.92179101604158e-08,7.31318214949655e-08,6.64029011281997e-08,1.12121388215001e-07,-2.06057286870115e-07,1.09532959235705e-07,9.58082068159305e-08,1.27908352428863e-07,6.71960775539735e-08,2.04238304398294e-07,2.18707224552042e-08,3.68898153960915e-07,-1.87299709006809e-08,3.13162741394825e-07,1.87521092309994e-07,-4.11483224600672e-08,2.50122886553715e-07,2.41915800630099e-07,1.49223402652513e-07,7.20194335338636e-08,1.80336549779614e-07,7.14942342025485e-08,3.05728073927475e-07,4.18213787910028e-08,-3.9090779469203e-08,1.16474389349877e-07,-1.20563847474107e-07,9.01097381476586e-08,6.11692052384985e-08,9.51550003540971e-07,-5.67201346509519e-07,-1.69424288253672e-06,-6.57023413316479e-07,-2.66328074758393e-06,-3.1046977529087e-06,2.52182687524331e-07,9.57274388394441e-08,-6.26942062623613e-06,1.56201461858744e-07,4.78000543650109e-07,-2.24126929448619e-06,-4.39551003257855e-06,9.7958224968948e-07,5.66798146742069e-07,1.23454982079666e-07,1.2967636654953e-06,5.17300961459884e-09,4.76373914001573e-09,1.21280204744401e-08,7.85485199421144e-09,1.37525632670783e-08,3.01361532510539e-09,9.43929970424568e-09,1.0723371891997e-08,1.08620015977379e-09,1.40545556722324e-10,1.20046819411478e-06,2.63997290605271e-06,-2.47380166315497e-06,3.1410841863141e-06,2.59606382925656e-06,-1.71937973796563e-06,4.71786037937324e-06,-6.57799311042521e-07,5.72759233347703e-07,-5.30562857442176e-08,-1.95014597611146e-09,-0.00030842177600852,-3.67792541533243e-05,-1.23791915943073e-06,-4.83299326380771e-06,-2.93517072341546e-06,-1.3771848547967e-06,-8.75676632867353e-07
"north_west","beta27",1.09731214376954e-07,-1.82690390723109e-05,1.80107394509436e-08,1.11891359639383e-07,-2.99228593683629e-08,-6.32134713318874e-09,2.44411372020219e-08,-6.6896393422317e-09,-6.32314874890679e-09,4.77782410882695e-08,-5.48453146175534e-09,1.77210163261551e-08,6.19698295758477e-08,-7.83385045221987e-09,7.03011572745553e-08,-1.28785922186752e-08,8.29045787311933e-08,3.74408987482067e-08,1.36615977960303e-07,6.64240067183901e-08,4.39646281986378e-08,1.55991674929417e-07,-1.87299709006809e-08,3.92960790577192e-07,-8.66136346497862e-08,2.67108304519499e-07,-2.69277565402553e-08,1.38478201445721e-07,1.818836525409e-07,1.27268822475147e-07,5.49822062623898e-08,1.18493057362278e-07,6.24343145194256e-08,9.92264684602668e-08,1.95342377565139e-08,-1.68761561932635e-08,8.78804169356217e-08,-8.33875132896044e-08,4.75117649237951e-08,2.86296746624296e-08,1.84910462880306e-07,-5.51619515010767e-07,3.29383562911258e-07,-3.07570999481656e-07,-1.94783127390286e-06,-2.9816950573004e-06,-6.56803196204318e-07,-5.92052403362894e-07,-3.1246646919187e-06,3.84688932747543e-07,1.4901894322994e-07,-1.11216331492744e-06,-5.82008591466943e-07,6.73731635621914e-07,2.87373544338272e-07,-5.26421285142126e-08,-9.48041253758813e-07,3.69850644345906e-09,2.39535964904891e-09,6.20063998056638e-09,8.18630546619076e-09,9.97211391546856e-09,4.22608317872091e-09,7.43244591915072e-09,2.97926427595811e-09,4.66719575760469e-10,2.48623545003135e-09,-2.11481918076296e-06,5.03036658747337e-07,-4.1091330181071e-07,1.23330872084812e-06,3.18314305328185e-07,-1.4307381971545e-06,2.46718297268779e-06,6.06051821547066e-07,1.36272848574712e-07,-2.37376341491395e-07,-6.09162540195564e-09,-0.000181518902416321,-2.40531046317374e-05,7.38605196489934e-07,-2.41351578490648e-05,-1.53694852695842e-06,-1.04194372309533e-06,-1.12467501081878e-06
"north_west","beta28",-1.23102356864274e-07,-3.53519113615638e-05,1.43369830760449e-07,-6.07440450664172e-08,2.15340578224632e-07,-2.84613129323259e-08,-1.50544888864081e-08,5.82138844408956e-08,-9.29442568774954e-09,9.09675205520376e-08,-3.36661771051178e-08,8.435674550366e-08,8.76008350530686e-08,1.22688472144625e-07,7.90323934626127e-08,-2.92910467129157e-07,1.94182156609742e-07,7.90934093149568e-08,1.74452596367147e-07,1.50667171704394e-07,1.58407404651485e-07,1.66039252785115e-07,3.13162741394825e-07,-8.66136346497862e-08,7.30708320344204e-07,-2.05431265548271e-08,-3.39295744530172e-08,3.29812012898712e-07,2.99439799620274e-07,1.48399761368998e-07,1.13145156653624e-07,1.67819751663555e-07,1.27827359256538e-07,2.16482389542401e-07,5.21499849858041e-08,-6.25335077036005e-08,1.13891273575351e-07,-9.75888373054993e-08,6.52661311987794e-08,9.82177597945673e-08,-3.40981798403778e-07,-8.71585585963701e-07,1.61509405895108e-06,-5.56570465230091e-07,-1.48074456265232e-06,-6.80040072247936e-06,5.73766652601153e-06,7.49897967931076e-07,-4.49182365232388e-06,2.43309465176296e-07,8.23638905827505e-07,-2.27611798065018e-06,-5.48103124557126e-06,5.12896223457381e-07,2.10126652227077e-07,2.74573087140938e-07,5.96225192866557e-07,1.02191835745294e-08,8.12486722355775e-09,1.42488619714385e-08,4.39670674800551e-09,3.24758770477456e-08,3.24921714144407e-09,7.92949548902768e-09,1.28620922180612e-08,2.70057727728627e-09,-3.08594026960169e-09,2.86607277482952e-06,-2.91866245760879e-06,9.38386096404738e-06,1.14644556574116e-06,1.56313144128976e-06,-5.40146039703359e-07,5.91372976711451e-06,-2.23846111111287e-06,9.87006594606231e-07,9.4940271713323e-08,1.86538954359727e-09,-0.000367093530251592,-5.35011107694394e-05,5.04223983035004e-06,4.11780412369171e-05,-3.92938831444394e-06,-1.36002625535063e-06,-9.07452050843341e-07
"north_west","beta29",8.72039503906487e-08,-4.81271714130034e-05,-6.83350761146092e-08,1.83335373241739e-07,3.61567382042476e-08,-1.39449042762478e-08,3.19123426482524e-08,-4.76766006745688e-09,5.38489576054021e-09,2.04508608888623e-08,-1.54590600637925e-08,4.77184213363825e-08,8.08609892368208e-08,2.77000541175268e-08,1.34948830875943e-07,7.05715598348686e-08,1.00376039873371e-07,9.95927604059225e-08,1.40505681487384e-07,1.25039281815461e-07,1.28348712234971e-07,1.48312046126075e-07,1.87521092309994e-07,2.67108304519499e-07,-2.05431265548271e-08,5.50896465082002e-07,-7.0734015930368e-08,1.03756063645033e-07,3.45310911623545e-07,1.59443439112301e-07,1.06189191394245e-07,1.87413730085072e-07,1.34882069456177e-07,2.63755377713228e-07,5.15416521978216e-08,-4.8249761426773e-08,1.58438727531708e-07,-1.47172068972302e-07,8.54422477337811e-08,5.90426038492754e-08,7.39730549380644e-07,-4.8520973939502e-07,-1.39527765933692e-06,-4.79933420341628e-07,-4.5751301581823e-06,-2.48367414623039e-06,-6.40268033773778e-06,-4.43700992444638e-07,-7.78152641601442e-06,2.9871161433798e-07,7.16852936936636e-07,-1.91574041009959e-06,-1.15922607389396e-06,1.35432399007847e-06,3.9448719263986e-07,-5.89589573602639e-08,-6.4437605723318e-07,3.64460752910729e-09,2.6920848172697e-09,9.09211573680581e-09,1.12965919381706e-08,1.15126732027043e-08,3.06552881069819e-09,1.18647931097942e-08,7.39684005438442e-09,-5.50832384170326e-10,2.77816611579422e-09,-6.22587517986063e-07,2.6539719382244e-06,-4.61692710119286e-06,5.6291099914448e-06,2.96588215428422e-06,-3.34436306019547e-06,2.12145524512622e-06,3.6618267224237e-07,1.09282846530975e-06,-1.58032605942845e-07,-2.09545056685945e-09,-0.000319632091533296,-3.38311126247033e-05,1.77681630904992e-06,-1.20491258293038e-05,-2.84306653567606e-06,-1.64552756325737e-06,-1.56956182587355e-06
"north_west","beta3",5.02151079638553e-08,1.97335362260234e-05,4.69666686480624e-08,-8.39833564163045e-08,3.45715186559511e-08,5.35465327384417e-09,-1.12803422853342e-08,3.7768068811667e-09,-1.36931723029976e-08,-1.47628698197954e-08,2.3543723673556e-08,-2.18371380647756e-09,-1.44991068995521e-08,4.54366654705012e-09,-2.73196202116307e-08,-8.60675400680602e-07,-1.19147204003288e-09,-2.95715850055728e-08,-6.66808600618911e-09,-2.23628897180123e-08,-3.33492981623495e-08,-1.16711631180665e-08,-4.11483224600672e-08,-2.69277565402553e-08,-3.39295744530172e-08,-7.0734015930368e-08,1.37999630863352e-07,-2.77857490648684e-08,-5.70724968602978e-08,-2.94196736031376e-09,-2.15228455342943e-08,-4.04635920570973e-08,1.27725090881061e-08,-9.57176686798274e-08,-8.781925964107e-08,8.72505943058237e-08,-1.28864299749182e-07,8.49579941192707e-08,-4.32878128391847e-08,-3.41370774419443e-08,-8.26730630142746e-07,-3.49806615036526e-07,1.98259958119636e-06,9.2323863091058e-07,1.21502947526965e-06,4.42557322896175e-07,-3.36669809925769e-07,2.81674941677669e-06,6.4154080527296e-06,-1.62856131934887e-07,5.22619345344499e-07,7.64282146730797e-07,1.59048363062948e-06,-4.75619465469755e-07,1.96356030220833e-07,4.9071544175573e-08,2.72017119312501e-06,1.46684073459081e-09,-2.31133559772486e-09,-2.92837266297078e-09,-1.84523375273237e-09,-9.6973603169436e-10,5.17201139398243e-10,-1.26261164635828e-09,-2.41157883228983e-09,1.8708914403776e-09,4.0594489760392e-10,1.79522866362401e-06,-3.73999031886872e-06,2.9672689005393e-06,-1.00152669416638e-06,-1.39334637702942e-06,7.86824304324516e-07,-1.83574673082111e-06,-5.50797000864074e-07,2.26685805267351e-07,-9.04894128091432e-08,-4.78454242607215e-09,3.57569185912013e-05,1.33349743480711e-05,-2.37359692670736e-06,8.89025948167813e-06,2.10129369662424e-07,3.95016120797919e-07,1.31104620373556e-07
"north_west","beta30",1.18617523555345e-07,-3.42295213240995e-05,-5.62387618344465e-08,6.28748657472189e-08,5.91928503415123e-08,-1.93823490191934e-08,1.80283372782064e-08,5.1799969054679e-09,1.28684878226251e-08,5.87057545239816e-08,-1.88471556576155e-08,5.3529661790237e-08,9.44434361369106e-08,6.45381063294382e-08,8.91728042381144e-08,-3.17235204848963e-07,1.55814743027389e-07,6.3378391896299e-08,1.8133710942889e-07,8.94073806134034e-08,1.61574499231618e-07,1.2243044171249e-07,2.50122886553715e-07,1.38478201445721e-07,3.29812012898712e-07,1.03756063645033e-07,-2.77857490648684e-08,4.1817679537834e-07,1.60712692197026e-07,1.90674722541508e-07,4.87614177761133e-08,1.90315503410092e-07,4.35223037768586e-08,2.18423689736417e-07,4.14451469104498e-08,-4.64260135523513e-08,1.29761371355398e-07,-1.313350525149e-07,9.52034766499599e-08,6.86177336920329e-08,-9.05131760559713e-08,-1.04897908406255e-06,-6.84861910461074e-07,-7.46198839002931e-07,-2.24172497076655e-06,-5.41063547792005e-06,5.90509902457159e-06,-1.48577152163718e-06,-5.00806592654187e-06,3.32991738189129e-07,4.58338520980656e-07,-2.41571629073389e-06,-7.25201705931487e-06,7.64834162285979e-07,6.23582184777409e-07,1.1446333979704e-07,1.28628825929839e-06,9.1396006021635e-09,6.71091290363846e-09,1.65113626527952e-08,9.88439116715099e-09,2.62566997491386e-08,5.5992935091703e-09,1.03369170222087e-08,1.13233768037527e-08,1.72827594100167e-09,4.45482635640375e-09,3.02918703639519e-07,1.23051620507549e-06,1.7242877428333e-06,1.99665043542138e-06,1.26645878261906e-06,-7.24558541066629e-07,8.71160739466822e-06,-7.5353184187696e-07,-1.26271766829143e-07,6.05743727855799e-08,-8.87519671784827e-09,-0.000327952307077323,-3.97472247009768e-05,-8.56445370572679e-06,-1.2294526159952e-05,-3.0512617915071e-06,-1.18671398889224e-06,-7.2139762188257e-07
"north_west","beta31",-3.00207743538134e-08,-3.84420436405228e-05,2.32646785298232e-07,6.90239505299125e-08,-1.07904249298935e-08,-2.68210733332691e-08,1.82019387024901e-08,3.59534234497312e-08,-1.43007339503884e-09,8.11967129174855e-08,-4.5531803943235e-08,6.59681785521504e-08,8.30222169491674e-08,4.78793418205203e-08,1.3291519926287e-07,5.03485901610624e-08,1.44848523087272e-07,1.09516604230873e-07,1.75713273782533e-07,1.24364446066573e-07,1.46150141350761e-07,1.89349001686252e-07,2.41915800630099e-07,1.818836525409e-07,2.99439799620274e-07,3.45310911623545e-07,-5.70724968602978e-08,1.60712692197026e-07,4.75081776967601e-07,1.28675842841086e-07,1.83536687639006e-07,1.82227437086464e-07,1.9703569922519e-07,2.84351342771056e-07,5.1517992747221e-08,-6.29931806412187e-08,1.71056481680175e-07,-1.36053837993689e-07,7.4286141361367e-08,8.64823787431099e-08,7.49309971480488e-07,-5.20643471935724e-07,-2.27364955164649e-06,-1.342288332589e-06,-4.07961250128043e-06,-3.01133401288022e-06,-2.69437983810138e-06,1.98198124981364e-06,-7.52946961749115e-06,3.14849945912449e-07,2.95501283369578e-07,-2.39712955648467e-06,-3.20930565738679e-06,1.30107660270114e-06,2.78814323039037e-07,7.21788869077359e-08,-1.11064952289451e-06,7.04414351284635e-09,9.09113644295784e-09,1.3101301524006e-08,9.26276815317128e-09,2.02435521958764e-08,4.90819216235528e-09,1.20537515003376e-08,1.00712883329101e-08,1.9960738214038e-09,-3.32522415091423e-09,-1.73031715853972e-06,3.93985182622323e-06,5.06191710012254e-07,2.99912645181977e-06,2.50275687636836e-06,-2.36448445893258e-06,3.25912508043349e-06,-3.28487875810619e-07,1.12759590238234e-06,-1.77690251042018e-07,3.01837013529682e-09,-0.000311536539779336,-4.06960067010825e-05,1.01910891087391e-05,-3.13480390004158e-05,-3.11315870021626e-06,-2.01518147468188e-06,-2.27656257007488e-06
"north_west","beta32",9.87297042924682e-08,-1.1307007823307e-05,1.13059252703435e-08,7.41717172252201e-08,1.2159359728709e-07,9.49022827771558e-09,-1.35931974481094e-08,-2.43334211316831e-08,5.66273054230569e-09,7.36539211070259e-08,-5.6197618878545e-08,4.07006575408056e-08,6.02058224209378e-08,5.66620763092383e-08,6.57661593414706e-08,-2.72885037774074e-07,8.7858485377015e-08,6.19449200166151e-08,8.47388421169485e-08,1.18450608573249e-07,9.69589762323609e-08,8.723639088532e-08,1.49223402652513e-07,1.27268822475147e-07,1.48399761368998e-07,1.59443439112301e-07,-2.94196736031376e-09,1.90674722541508e-07,1.28675842841086e-07,4.77158512748823e-07,-2.8144386749563e-08,3.41050002011076e-07,7.92015473060812e-08,3.22488622982709e-07,7.35905026395145e-09,6.30168107896507e-09,6.13279240777236e-09,-1.25544728847911e-08,-1.03164252902971e-08,4.37858191081326e-08,-6.40782431406457e-07,-9.39150744220236e-07,2.93668678218894e-06,9.35591043654223e-07,7.56147396785376e-07,-7.90364009375756e-06,5.51368200591531e-06,1.20828437460078e-06,-5.19671194743015e-08,-5.58053221747962e-09,7.12033091822754e-07,-7.75614025352286e-07,-7.83631302913147e-07,-9.46723550354864e-09,3.28830518980447e-07,4.13194563301893e-08,1.56881323352177e-06,6.21378616007072e-09,-1.18557509147735e-09,6.35426750508708e-09,3.72920033499637e-09,1.67465000984987e-08,2.11149196758604e-09,4.15605865702515e-09,2.88820988802044e-09,9.94657290519348e-10,6.10625011593234e-09,1.49783450428667e-06,-3.31247451643033e-06,4.16180663430466e-08,-1.09567971477963e-06,-5.37067716288912e-07,-4.70360001101263e-07,1.22175699932313e-06,-2.53464324824142e-07,-3.64970158329785e-07,1.67206665031727e-07,-1.12021283742644e-08,-0.000257786159813269,-4.69169246183051e-05,-4.92329499636644e-05,2.60955170223478e-05,-2.3925789186667e-06,-1.06870180027542e-06,-3.36305555947135e-06
"north_west","beta33",2.35049907935422e-08,-5.33241096900822e-06,2.26230947479937e-08,-3.07657919349508e-08,-8.52123530052925e-08,-9.09474660410585e-09,-3.77135157662286e-09,2.04266683416919e-08,1.25164890274423e-08,-8.91306354129159e-09,-1.86963399566927e-08,2.05510772768549e-08,1.25607023911605e-08,-1.61203591436518e-08,6.60743319881914e-08,1.01002015588484e-07,4.05268121983134e-08,5.49628826050883e-08,4.01889800714656e-08,4.11756984804804e-08,4.42949908243618e-08,8.13931461271044e-08,7.20194335338636e-08,5.49822062623898e-08,1.13145156653624e-07,1.06189191394245e-07,-2.15228455342943e-08,4.87614177761133e-08,1.83536687639006e-07,-2.8144386749563e-08,1.92288506029312e-07,-7.63902904188883e-08,2.04273435756134e-07,-4.56069067287225e-08,1.65124099358837e-08,-2.82106433113184e-08,7.7645891294265e-08,-5.01200431120396e-08,1.792672041519e-08,2.22519612911307e-08,1.11399937472755e-06,-1.45911008225036e-07,-1.16844903378927e-06,-6.78905073056111e-07,-1.44669577956959e-06,1.3631745429302e-06,-3.87601916677124e-06,1.94338540391108e-07,-3.49058765722386e-06,2.31716279930072e-07,-3.40177028068196e-07,-7.0233461553273e-07,-6.75957170147651e-07,5.37443048204738e-07,8.23485825011297e-08,9.92583133983542e-09,-7.52765477795256e-07,1.77358320434379e-09,3.13759223993648e-09,4.71383254707327e-09,1.82402909422513e-09,3.15982618158868e-09,1.98967404718056e-09,5.34993251531858e-09,2.78807816475592e-09,1.44814563843092e-09,-7.22497673246662e-09,-9.65175595219026e-07,1.86045804656107e-06,-5.86657734756793e-07,8.2921315188643e-07,1.19564542621809e-06,-1.22302493579788e-06,2.81711404900968e-08,3.06015846896045e-07,6.03199107359856e-07,-1.97609926801421e-07,1.8526948334274e-09,-6.41263732693016e-05,-4.19848080406403e-06,-1.51392044197929e-05,-3.50518666888296e-05,-6.96790290842834e-07,-1.28941514027022e-06,-1.16842953403039e-06
"north_west","beta34",1.6297402980954e-07,-2.083860098423e-05,3.48532638502607e-07,1.05306298186682e-07,-2.56257170090275e-08,-2.24064589240704e-08,1.02205273796329e-08,-4.49051199113183e-09,1.01423067543191e-08,1.09024923000303e-07,-1.15296212237416e-07,2.65943004945726e-08,7.4778410946522e-08,3.77177903969137e-08,5.90332724164496e-08,2.61443935160478e-07,9.57640380799072e-08,6.14979039352037e-08,1.19674531134439e-07,7.37191021736047e-08,1.05882542230079e-07,8.3475576671019e-08,1.80336549779614e-07,1.18493057362278e-07,1.67819751663555e-07,1.87413730085072e-07,-4.04635920570973e-08,1.90315503410092e-07,1.82227437086464e-07,3.41050002011076e-07,-7.63902904188883e-08,6.32482680494869e-07,-2.77515850066135e-07,7.8144395645047e-07,2.46637156692829e-08,-3.59772436519509e-08,1.47598178917301e-07,-1.32258646396084e-07,5.08639063657162e-08,9.46952457959836e-08,3.8863796845017e-07,-7.38522774762247e-07,-6.33029005424933e-06,-2.61925654408429e-06,-1.93149553372441e-06,-5.37798570803349e-06,5.11810194144106e-06,-6.78876935744441e-07,-6.97264287120931e-06,-1.32882914737613e-07,-9.92276310480777e-07,-1.97303171747996e-06,-2.41102026627379e-06,1.41484555346433e-06,3.47334883260057e-07,9.58017583116548e-08,-9.81515294025308e-07,4.55676335383747e-09,5.86790327752062e-09,9.17105181763077e-09,5.80434518611766e-09,1.18622353216652e-08,4.0626203502183e-09,4.68803540462212e-09,7.19327465404617e-09,-4.68223262067347e-10,-5.47435464441587e-09,-2.21516308920336e-06,1.15005533119222e-05,-5.03356812491431e-06,-1.83132009564224e-06,1.48708443257827e-06,-2.43825728314569e-07,1.12130405683886e-06,-7.40671006323696e-07,-1.24349179888223e-06,3.42810114838737e-07,-7.30335549721804e-09,-0.000227655472419075,-5.02199485975146e-05,-3.78079202087747e-05,-1.93819723226177e-05,-2.04224304293724e-06,-1.11794697936343e-06,-2.76380353353737e-06
"north_west","beta35",-1.43187346588913e-07,-5.28273639226844e-06,-3.65291911582177e-07,-4.12806570948645e-08,-7.72080921501263e-08,-5.61809238473698e-09,-3.04945482897871e-08,5.56203381241986e-08,-1.27172109785395e-08,-2.64987241991913e-08,8.7656170102897e-08,4.18915832754344e-08,1.0744457900703e-08,5.38268812879196e-08,5.29597281409964e-08,-5.35061516229114e-07,5.65048414983247e-08,6.65931854573267e-08,9.39917978896162e-09,1.31592656832567e-07,2.93883327487101e-08,1.11286696567653e-07,7.14942342025485e-08,6.24343145194256e-08,1.27827359256538e-07,1.34882069456177e-07,1.27725090881061e-08,4.35223037768586e-08,1.9703569922519e-07,7.92015473060812e-08,2.04273435756134e-07,-2.77515850066135e-07,8.13557494394302e-07,-1.12252328286731e-06,2.8316662674716e-08,-5.05563696404567e-08,2.67387528750151e-08,1.22873542129772e-08,-3.66417450424953e-09,2.8867690539509e-09,-1.13057457748658e-06,-7.66333565243345e-07,7.02576842270075e-06,1.30784490722188e-06,-8.2874566767391e-07,8.52742626430448e-07,-5.48706838275828e-06,1.2921815529782e-06,1.33913013962401e-06,1.92357127001164e-07,1.4398561513417e-06,-2.34904203730072e-07,-2.17420379250367e-06,1.83610434749503e-07,3.47161141548555e-07,-2.67091959668217e-08,1.54518911418258e-06,7.44716442320097e-09,2.78138013626569e-09,5.55507553157822e-09,2.111427877299e-09,1.52076967572756e-08,-1.16360025706206e-09,4.16944705189434e-09,2.2237968881039e-09,3.67383251910576e-09,3.54835950595215e-09,5.03019751511733e-06,-1.40947374871226e-05,1.35176752227123e-05,3.40793306361187e-06,-6.53804231868391e-07,-2.76736571416326e-08,3.77229497724495e-07,1.7821546995318e-06,9.67136436542963e-07,-4.11551130714886e-07,3.30196812665899e-09,-0.000109012376050758,-1.17163340477807e-05,-2.8670383345348e-05,-4.76434289659922e-05,-1.35059831718939e-06,-9.41643621723816e-07,-1.89503006490806e-06
"north_west","beta36",6.60233939791475e-07,-7.4395587322019e-05,4.47649336157602e-07,2.35190614391343e-07,6.31186651442417e-07,2.72942210389949e-08,1.70503569424995e-07,-1.62962523389375e-07,9.82116190225399e-08,-4.78973875484493e-08,-8.19034193547935e-08,3.27874836485094e-08,6.63951892021382e-08,-6.82428594386498e-08,2.15006201947389e-07,4.77793345819838e-07,4.98749446361562e-08,8.08563311263997e-08,9.22204539259335e-08,4.2322632285602e-08,2.0846553179232e-07,1.47558986248613e-08,3.05728073927475e-07,9.92264684602668e-08,2.16482389542401e-07,2.63755377713228e-07,-9.57176686798274e-08,2.18423689736417e-07,2.84351342771056e-07,3.22488622982709e-07,-4.56069067287225e-08,7.8144395645047e-07,-1.12252328286731e-06,3.75294626010468e-06,3.09099107488746e-08,2.14110466330944e-08,1.14096905517598e-07,-1.67827711783388e-07,1.70504473234349e-07,-3.45630375353297e-08,3.98398946425552e-06,2.21867664759518e-06,-6.1640595636322e-06,3.04634079520468e-07,-2.85680964331585e-07,-3.23910253129011e-06,-5.23958734544961e-06,5.34406875031617e-06,-7.46392672964383e-06,-6.44743844962433e-08,4.1644741531285e-07,-3.80721670755574e-06,-6.0249278983759e-06,1.85153351705957e-06,4.29208084049393e-07,-2.63502997744511e-07,-2.62863283939635e-06,-1.84172153291789e-09,3.81795045446118e-09,1.75655970799321e-08,1.65061555261215e-08,2.01720126400077e-08,7.0564108530956e-09,1.02440657809922e-08,6.43610471628533e-09,3.65910202977809e-09,9.51815132239169e-09,-3.05596910627369e-06,1.08804633128068e-05,-2.73643256979733e-05,-6.99837136331442e-07,9.81830979234215e-06,-8.69803523505547e-06,7.880607978613e-06,-1.77531548658608e-06,3.92596959370728e-06,-7.75390286717699e-07,2.58477400678347e-09,-0.000292226872103111,1.90754869497294e-05,-3.40283789370545e-05,0.000211777249133314,-1.85364715629234e-06,-1.72472005096582e-06,-3.09197278627478e-06
"north_west","beta4",-5.09982329280205e-08,-1.84326045231654e-05,-1.74571877526131e-07,7.6769006475064e-08,7.91341788024532e-08,-1.56669263756786e-09,3.27075575561223e-09,1.09357905458146e-08,1.23002655369272e-08,-1.40385909066298e-08,2.83088814477054e-08,1.04463053207507e-08,8.00411816465735e-09,1.59396421339379e-08,2.24991956381081e-08,1.74302770294618e-07,9.83448586398949e-09,1.85173049866144e-08,1.8589561733786e-08,2.58525333682135e-08,2.10364517948372e-08,2.66365424839118e-08,4.18213787910028e-08,1.95342377565139e-08,5.21499849858041e-08,5.15416521978216e-08,-8.781925964107e-08,4.14451469104498e-08,5.1517992747221e-08,7.35905026395145e-09,1.65124099358837e-08,2.46637156692829e-08,2.8316662674716e-08,3.09099107488746e-08,8.86669361744598e-08,-1.12119648758074e-07,1.10820121502323e-07,-5.95283482998141e-08,4.7727842604315e-08,6.95286961603438e-09,-4.40283096428368e-07,2.39346980880157e-07,-9.44953675366154e-08,-3.52523617396313e-07,-1.07018972348802e-06,5.21235312449284e-07,1.88645209582897e-07,-2.13610183233088e-06,-3.29915192279087e-06,1.15564937309242e-07,2.86137158428145e-07,-8.5682986661821e-07,-2.08088593365925e-06,6.04728760210913e-07,9.37681801114118e-08,-3.69953568258113e-08,-7.75993969743683e-07,2.0397345464727e-09,2.30841022458704e-09,5.0035628516822e-09,3.09816621468957e-09,8.53845845075341e-09,-4.46715844696615e-10,1.6544586139274e-09,3.69123637671055e-09,2.85232144537422e-10,4.08238991845838e-09,1.37004159668521e-06,-1.3901950098143e-06,2.19660765176503e-06,1.43310456615257e-06,1.3297144781668e-06,-4.76383962554828e-07,1.92542211819815e-06,4.07305367364756e-07,1.95294581391591e-07,-1.04494291763712e-07,3.53779591725361e-09,-2.4721520548039e-05,-9.56003586024756e-06,3.07467131592e-06,1.6904880731225e-05,-2.09778987229293e-07,-2.11876011400789e-07,-1.70894719106387e-07
"north_west","beta5",1.48657155540061e-08,1.62104675261803e-05,1.43293267019223e-07,-6.05298546202802e-08,-2.41797857759996e-08,7.70616255466082e-09,3.31152041339819e-08,-4.08278809175898e-08,6.09755029419018e-09,-5.31954461272012e-09,-5.85865152008285e-09,-7.76769949326171e-09,-4.6437570757732e-09,-5.2318849876608e-09,-2.36703541606844e-08,-1.53201220113584e-07,-1.81227675820646e-08,-2.70935346575654e-08,-2.51745190457771e-08,-3.61308516552601e-09,-2.35484723852174e-08,-4.27456873195803e-08,-3.9090779469203e-08,-1.68761561932635e-08,-6.25335077036005e-08,-4.8249761426773e-08,8.72505943058237e-08,-4.64260135523513e-08,-6.29931806412187e-08,6.30168107896507e-09,-2.82106433113184e-08,-3.59772436519509e-08,-5.05563696404567e-08,2.14110466330944e-08,-1.12119648758074e-07,2.36676502274028e-07,-2.90719854742995e-07,1.47683945494819e-07,-9.50984878068788e-08,1.06338275072798e-09,1.24645960622432e-06,5.3129233174285e-07,2.45716950643252e-06,1.27135371382873e-06,2.02738528963276e-06,-1.92188150434385e-06,1.13333519975784e-06,4.47961147975774e-06,4.29121805929119e-06,-1.34168644892365e-07,4.31512682199065e-07,6.92487341958972e-07,1.59192512297023e-06,-1.75054975046816e-06,-2.03944922725722e-07,6.68185858578145e-08,8.74258679820778e-07,-2.38171570581621e-09,-4.17408314316361e-09,-3.04905209638702e-09,-2.94605574682433e-09,-6.1598903400601e-09,9.87975796418311e-10,-8.47981331490239e-10,-4.18353455986403e-09,2.02884163001099e-10,2.06399905912183e-09,-2.03614160308374e-07,-1.02429594410659e-06,-1.140830751802e-06,-1.25459840777863e-06,-1.49966068623132e-06,1.19006365793557e-06,-1.4676615911929e-06,-7.88690857613394e-07,-5.05961787843084e-07,3.85154355554487e-07,-6.05949828075938e-09,1.4652451715721e-05,8.71822554695511e-06,-1.97614125557126e-06,-3.27012822546359e-06,2.88921153493894e-07,5.85753210275368e-07,-1.29664564552465e-08
"north_west","beta6",1.28749156092992e-07,-4.4525674470715e-05,9.25010926272802e-08,1.86685717772473e-07,-1.24692847361969e-07,-5.25876239932564e-08,-1.47397043856582e-09,4.0411477063366e-08,-1.79341295274919e-09,8.2099988445988e-08,-1.22679127776119e-07,4.78531107799142e-09,5.16075600910867e-08,-2.3561785977087e-08,7.71969169983161e-08,5.86257040324365e-07,4.49780831293756e-08,7.10182489524361e-08,7.05554785496462e-08,-3.39285531619938e-08,1.20068068937163e-07,5.33943146546388e-08,1.16474389349877e-07,8.78804169356217e-08,1.13891273575351e-07,1.58438727531708e-07,-1.28864299749182e-07,1.29761371355398e-07,1.71056481680175e-07,6.13279240777236e-09,7.7645891294265e-08,1.47598178917301e-07,2.67387528750151e-08,1.14096905517598e-07,1.10820121502323e-07,-2.90719854742995e-07,7.03524148124641e-07,-5.38908499722374e-07,2.89047399065176e-07,8.03376933167965e-08,1.35687252169502e-07,-1.81913056096098e-06,-8.9744264402882e-06,-3.37575693376659e-06,-7.41115663795887e-06,7.17853747899991e-07,-2.73786263644313e-06,-8.61181905743633e-06,-1.35395690978419e-05,8.86049602772095e-08,-2.09685178427314e-06,-2.28934499095553e-06,-3.71422821886298e-06,3.80934693436473e-06,4.88377241988061e-07,-1.73959089800937e-07,-3.57687992166825e-06,5.14252088198656e-10,1.07480864435813e-08,3.94189672920036e-09,8.12912286762837e-09,-1.58987731684769e-09,2.94679573680307e-09,6.09659588573894e-09,9.69039767677851e-09,-4.47943441513911e-09,-2.06831283862793e-08,-7.42385574382263e-06,1.26731891630057e-05,-1.09909093307231e-05,5.20490062193147e-06,4.85786767719583e-06,-4.07977091214667e-06,4.42918353191105e-06,1.98471313344643e-06,9.56975395166898e-07,-6.68941020021667e-07,1.07234621303938e-08,-0.000131186926586467,-1.43499882012342e-05,-2.2154402630746e-06,-5.33643700884175e-05,-1.17673921406041e-06,-1.18584919556097e-06,-3.9238437641281e-07
"north_west","beta7",-4.500848267885e-08,5.33077810654332e-05,-4.2771322136178e-08,-1.5628408156925e-07,-2.22224049374251e-08,3.79674066241066e-08,-1.43513921510183e-08,-6.64696175192935e-09,-5.27766054994811e-09,-3.32154656118884e-08,9.15251761086891e-08,-2.48321950602685e-09,-5.62643080764958e-08,2.32093982528929e-08,-6.73893542783588e-08,-2.38800931011696e-07,-3.83094410800525e-08,-5.4938735186904e-08,-8.00836410946968e-08,4.79901606790922e-08,-1.1848500112229e-07,-2.7731463177722e-08,-1.20563847474107e-07,-8.33875132896044e-08,-9.75888373054993e-08,-1.47172068972302e-07,8.49579941192707e-08,-1.313350525149e-07,-1.36053837993689e-07,-1.25544728847911e-08,-5.01200431120396e-08,-1.32258646396084e-07,1.22873542129772e-08,-1.67827711783388e-07,-5.95283482998141e-08,1.47683945494819e-07,-5.38908499722374e-07,5.78653349624123e-07,-4.23043422539619e-07,-1.88958682096099e-08,-4.39059413573102e-07,2.15189002964891e-06,6.31932370968741e-06,2.49197909869095e-06,7.41892117707955e-06,9.02125651653472e-07,3.74764656593296e-06,6.32615694018178e-06,1.07326693129022e-05,-2.3502801471091e-08,1.23803664510458e-06,1.61966900220159e-06,3.53553504094029e-06,-3.51519472556865e-06,-6.48662903957589e-07,1.7917595937435e-07,2.00975246262208e-06,3.64742169611286e-10,-6.48255861358434e-09,-3.6668000791275e-09,-7.25310789989585e-09,1.13260110614665e-09,-4.06655627158571e-09,-7.32434715717929e-09,-9.1345466465207e-09,5.11338632690225e-09,1.80104589623615e-08,6.21343325607297e-06,-8.18205333860899e-06,8.71240361426132e-06,-6.65252939653939e-06,-3.8009743799439e-06,4.21632686210165e-06,-5.53966586862693e-06,-1.56178397316545e-06,-1.45978204829308e-06,6.54102132455278e-07,-6.66214575177383e-09,0.000164910032843166,1.98010113633043e-05,1.28001434231468e-06,4.2631378562613e-06,1.39367263256026e-06,7.53972911116144e-07,1.71634673794393e-07
"north_west","beta8",-4.42495029888727e-08,-4.97546657549516e-05,-1.9724924947377e-07,6.91523465972584e-08,1.87923919744634e-07,4.48755049846789e-08,1.68654360967363e-08,-2.84526671073494e-09,1.70299681183113e-08,-6.75879412862395e-08,5.55448042676279e-08,9.43460867632259e-09,3.14400738996174e-08,-5.55040010787103e-09,5.28404907711999e-08,-1.19600184552421e-07,2.6729272225474e-08,2.18698868069166e-08,6.79018533246358e-08,-3.1456035604897e-08,7.12763757705771e-08,1.60316560296664e-08,9.01097381476586e-08,4.75117649237951e-08,6.52661311987794e-08,8.54422477337811e-08,-4.32878128391847e-08,9.52034766499599e-08,7.4286141361367e-08,-1.03164252902971e-08,1.792672041519e-08,5.08639063657162e-08,-3.66417450424953e-09,1.70504473234349e-07,4.7727842604315e-08,-9.50984878068788e-08,2.89047399065176e-07,-4.23043422539619e-07,5.59335528485692e-07,-2.08775429774219e-07,-5.28599311401867e-07,-1.10023200450405e-06,-1.3495673987447e-06,-8.68358248931226e-07,-4.79096050509105e-06,5.25106040710434e-07,-7.89860630146878e-06,-2.7791293547172e-06,-5.02670782641616e-06,2.36032020371492e-08,1.37048115356964e-07,-1.55842695920462e-06,-5.25447050611668e-06,2.52247536614341e-06,5.64650770603829e-07,-1.4474014928976e-07,1.36627687524704e-07,5.07199696910467e-10,3.64388114424107e-09,3.62398486918337e-09,6.05640945762252e-09,8.35443516047047e-09,2.94335678908629e-09,5.73055488634017e-09,4.76322434398004e-09,-1.58092808640589e-09,-3.98592634245512e-09,-1.41412697288525e-06,-1.54987849834056e-06,-1.41046797143946e-06,5.91780245142352e-06,4.57400749725738e-06,-3.57458450853335e-06,6.15665339221378e-06,6.65331065641218e-07,2.1372256063814e-06,-7.96205985229944e-07,1.05523164058336e-08,-0.000105426121839355,-2.3816976683163e-06,4.94771579473997e-07,4.74789636214294e-05,-8.29705990722247e-07,-2.69511326893525e-07,7.96340901856843e-08
"north_west","beta9",7.79896226355683e-08,-1.079411560213e-05,3.11341566059145e-07,8.47939373065044e-08,-9.24250905042844e-08,-1.64049177774182e-07,1.01227220626435e-07,1.02138256759498e-09,9.20707386277687e-09,9.68285352420067e-08,-1.08907970890524e-07,3.476787342407e-09,3.81265836718843e-08,1.2127490505461e-08,1.23100414633526e-08,2.62598278251058e-07,2.4580975047135e-08,3.33100285502278e-08,2.93502343354821e-08,7.05612054265216e-09,5.25957221755207e-08,2.36974705634562e-08,6.11692052384985e-08,2.86296746624296e-08,9.82177597945673e-08,5.90426038492754e-08,-3.41370774419443e-08,6.86177336920329e-08,8.64823787431099e-08,4.37858191081326e-08,2.22519612911307e-08,9.46952457959836e-08,2.8867690539509e-09,-3.45630375353297e-08,6.95286961603438e-09,1.06338275072798e-09,8.03376933167965e-08,-1.88958682096099e-08,-2.08775429774219e-07,3.51209546851519e-07,1.73536665644066e-06,-4.18627866111663e-07,-4.43312660466922e-06,-1.25644682897927e-06,-1.34829083653641e-06,-1.24069408677626e-06,3.20965681098297e-06,-1.39026213369297e-06,-7.34318593045763e-06,1.09569089935228e-07,-9.36072499283551e-07,-9.16217567993516e-07,7.43498626299932e-07,2.49046067896877e-08,-2.56136526563037e-07,7.78739609512937e-08,-1.92484312796549e-06,7.20847592977333e-10,3.3651755060517e-09,5.37807180984679e-09,3.71537903869319e-09,-6.69996472193846e-10,4.82083698280198e-10,2.61119532830776e-09,6.1528079888996e-09,-2.23758782696323e-09,-9.72785425237982e-09,-3.35324426474517e-06,1.02768469066267e-05,-7.43690577843439e-06,1.43300709664866e-07,1.56744195181077e-07,-4.48472963076251e-07,6.07048530995604e-08,1.71133033893212e-07,-7.80123027938095e-07,4.08134667904766e-07,-2.75684799357099e-09,-5.48141526390711e-05,-2.09861797580479e-05,2.92751063779858e-06,-4.33694116250395e-05,-6.06157567719965e-07,-1.59998977618391e-07,-6.21416957227035e-07
"north_west","mu_D",5.25273736039141e-06,-0.000173478485449969,5.59618707672782e-06,-3.70155435157881e-07,-3.97889825269024e-06,-1.07590095290352e-06,1.84963041025932e-06,-5.40018323657815e-07,7.45708876511708e-07,-1.17970727388372e-06,-4.57238774014111e-07,-5.01073788318639e-07,2.51853411381724e-07,-1.90696524126606e-06,1.26853425677249e-06,1.41858700323767e-05,-4.73394919854624e-07,8.25737286908401e-07,1.21283988012791e-07,-9.45584464087647e-07,8.44718792557422e-07,-3.6644548162171e-07,9.51550003540971e-07,1.84910462880306e-07,-3.40981798403778e-07,7.39730549380644e-07,-8.26730630142746e-07,-9.05131760559713e-08,7.49309971480488e-07,-6.40782431406457e-07,1.11399937472755e-06,3.8863796845017e-07,-1.13057457748658e-06,3.98398946425552e-06,-4.40283096428368e-07,1.24645960622432e-06,1.35687252169502e-07,-4.39059413573102e-07,-5.28599311401867e-07,1.73536665644066e-06,0.000297248141665544,9.6675203104034e-05,7.18536620350157e-05,5.61195889398438e-05,3.51422554504528e-05,4.72944556366039e-05,-5.97967162203092e-05,-0.000100010456464108,-4.59161059510987e-05,6.48744364753333e-06,-3.41594229637121e-06,-9.62799254102697e-06,7.85629065536141e-06,-7.92784893898546e-05,-1.37151430157824e-05,1.35606488556527e-08,-9.37677633112746e-05,-1.64676271749432e-07,-5.51451638628149e-08,-6.46814979245754e-08,8.1717201849711e-11,-2.17681735494396e-07,-7.97887631731608e-08,-2.03965745343882e-09,-4.55042290141965e-08,-4.71873239034568e-08,1.05903732034124e-08,-0.000128146493504239,-1.03683922018735e-05,-0.000188995849373794,4.92987944497825e-05,4.54091894287669e-05,-4.83043546102871e-05,-5.55569381238024e-06,1.10856151420593e-05,1.95408143057528e-05,-5.76854491728658e-06,6.25199054700674e-08,0.000359981462656919,-5.10538576925019e-05,-0.000288240069920275,-0.00131891395303555,6.28657687106859e-06,-2.35780754773106e-05,-2.88602550990549e-06
"north_west","mu_D_2",1.32573897422424e-06,0.000165094064132191,-4.81316099312312e-06,3.51986140435682e-07,3.86670930819605e-07,-1.84878810456704e-07,1.56442100869843e-06,-5.36703263911611e-07,1.05168533360163e-06,-2.74363530625889e-06,3.03258236289253e-06,-2.22384444326919e-07,-3.98022441179072e-07,-6.02736016367114e-07,3.82843306183624e-07,3.00383738629379e-06,-4.58977740789465e-07,-3.47749590081621e-07,-6.13405565862125e-07,1.40730748934738e-06,-1.24639900929644e-06,1.73959797690289e-07,-5.67201346509519e-07,-5.51619515010767e-07,-8.71585585963701e-07,-4.8520973939502e-07,-3.49806615036526e-07,-1.04897908406255e-06,-5.20643471935724e-07,-9.39150744220236e-07,-1.45911008225036e-07,-7.38522774762247e-07,-7.66333565243345e-07,2.21867664759518e-06,2.39346980880157e-07,5.3129233174285e-07,-1.81913056096098e-06,2.15189002964891e-06,-1.10023200450405e-06,-4.18627866111663e-07,9.6675203104034e-05,0.000224610997290619,0.00021936391490585,0.000107695508745226,0.000109438442236077,0.000216436742877496,1.9408723945946e-05,3.178971954955e-05,0.000104890358619931,-2.12134937060306e-06,4.00067878929109e-05,-1.94841784369731e-06,-1.57851325170347e-05,-0.000126416601854254,-1.23232052923289e-05,-3.19212583922815e-07,-6.03786471968746e-05,-6.9576017484256e-08,-6.72252099509453e-08,-9.658189800612e-09,-2.17278718563187e-08,4.36245365668588e-08,-5.86604451949862e-08,-8.10052106301528e-08,-1.09192681623021e-07,4.98069238359743e-08,2.11344253266965e-07,4.05816015928307e-05,-0.000355806324594016,0.000180923288553137,-4.0107704794052e-06,2.90795337619442e-05,-9.62453524681134e-06,-1.00786910320252e-05,-1.44745365781798e-05,3.15951534786068e-05,-6.3468861786442e-06,-2.40055582183708e-08,0.00202365807950364,0.000369949433553102,1.54203139733722e-05,-4.44732126165907e-05,1.68055443315504e-05,-5.10953569932986e-06,4.95548764211502e-06
"north_west","mu_D_3",-8.09191898683573e-06,-0.000807163850521226,-4.83106667240508e-05,-7.49353823512579e-06,2.40392898060217e-05,8.57400088376834e-07,3.58233475857416e-06,-1.84021190825011e-06,-1.08512645075371e-06,-6.44369160912938e-06,1.02292063813728e-05,1.61356393287873e-06,-2.38585122360113e-06,4.04926226614349e-06,-9.61008483137029e-07,-5.79763105972729e-05,1.39021010233506e-06,-2.48493784547147e-06,-1.79835742590417e-06,9.86209360025826e-06,-4.17684999728205e-06,2.51579686541927e-06,-1.69424288253672e-06,3.29383562911258e-07,1.61509405895108e-06,-1.39527765933692e-06,1.98259958119636e-06,-6.84861910461074e-07,-2.27364955164649e-06,2.93668678218894e-06,-1.16844903378927e-06,-6.33029005424933e-06,7.02576842270075e-06,-6.1640595636322e-06,-9.44953675366154e-08,2.45716950643252e-06,-8.9744264402882e-06,6.31932370968741e-06,-1.3495673987447e-06,-4.43312660466922e-06,7.18536620350157e-05,0.00021936391490585,0.00197033108103704,0.000590960736022841,0.000351297722348297,-0.000618404886275469,6.3792469171414e-05,0.000102988775446497,0.0010238894612763,1.31650760390703e-05,0.000329942167897489,9.71637618088283e-05,-2.8058904613576e-05,-0.000251846638971184,-1.34919258449478e-05,-5.04143442629261e-06,9.77858162019488e-05,9.140707284619e-08,-5.49671851389151e-07,2.51081875073064e-07,7.67070455368338e-08,7.38040901182579e-07,-3.9088454178632e-07,-3.1898398579084e-07,-1.19175462381432e-07,2.86187108707804e-07,7.30746905813442e-07,0.000480221410743762,-0.00322638795622431,0.001725225795773,0.000326949278743049,-0.000164955945282021,-4.08148376208038e-06,0.00011846798981321,7.3763095977805e-05,7.75425032501758e-05,-2.50850690835737e-05,1.8018749513372e-07,-0.000758682561896383,-0.000196931725230508,-7.52717408360309e-05,0.00689456334709624,-1.26263218797915e-05,2.77827755405508e-07,1.05722558601082e-05
"north_west","mu_D_4",4.26337535063276e-07,-1.30556597526433e-06,-1.5567052032299e-05,-1.19175888485973e-06,4.94212277949694e-06,3.27544143361574e-07,1.42250716379638e-06,-1.11662282942491e-06,3.41005148305218e-07,-2.72174631835949e-06,3.13708851724749e-06,2.28088065079745e-07,-6.74941032855884e-07,7.84279802058139e-07,1.40085484297391e-07,-1.56415382826631e-05,-6.21679449694937e-08,-7.8908647929067e-07,-1.78311338166735e-07,1.85244951140218e-06,-1.27035292955284e-06,3.41308874822023e-07,-6.57023413316479e-07,-3.07570999481656e-07,-5.56570465230091e-07,-4.79933420341628e-07,9.2323863091058e-07,-7.46198839002931e-07,-1.342288332589e-06,9.35591043654223e-07,-6.78905073056111e-07,-2.61925654408429e-06,1.30784490722188e-06,3.04634079520468e-07,-3.52523617396313e-07,1.27135371382873e-06,-3.37575693376659e-06,2.49197909869095e-06,-8.68358248931226e-07,-1.25644682897927e-06,5.61195889398438e-05,0.000107695508745226,0.000590960736022841,0.000286267742522519,0.000168797182076208,-8.36614137513231e-05,-0.00018214272230803,2.98414503996394e-05,0.000310037029381819,3.87099369141695e-06,0.000116530471223322,3.24793136198311e-05,4.29259731578029e-05,-9.47309111545559e-05,-1.2449709781457e-05,-2.78179971467048e-06,2.47705295444249e-05,-2.37445966949007e-08,-2.37780972240108e-07,-3.66475290312131e-08,2.72645819612708e-08,2.30992074779828e-07,-1.01543038918825e-07,-1.1793808084249e-07,-1.17180696102199e-07,7.19930268785814e-08,3.20868760060262e-07,9.3204924764554e-05,-0.00101993153009129,0.000160112973988229,0.000121269697980349,-2.70896241557432e-05,-4.69588740288623e-05,-7.30331040979577e-06,2.32871759903667e-05,4.34489044977015e-05,-1.54567870687457e-05,-1.58254235484098e-08,-9.61438675264418e-05,0.000233125730282134,0.000168640505748931,0.00128459652631839,-3.78870573137427e-07,-4.14895594575092e-07,1.19898295212603e-05
"north_west","mu_D_5",2.17848339580506e-06,0.00136688059023234,-5.7755296126041e-06,-5.4298274892351e-06,-3.09258402362471e-06,1.90455334309334e-06,-1.72811073491132e-06,-5.75798941560848e-07,1.13562836170048e-06,-1.84302906715049e-06,8.37790893810039e-07,-2.64418615534754e-07,-1.5932694439827e-06,-5.58019254330688e-07,-3.01386653457044e-07,7.55110278925542e-07,-6.83642211890143e-07,-1.38158381110161e-06,-6.92441933651257e-07,1.23083293039503e-06,-2.41978050681756e-06,-6.42336853944427e-07,-2.66328074758393e-06,-1.94783127390286e-06,-1.48074456265232e-06,-4.5751301581823e-06,1.21502947526965e-06,-2.24172497076655e-06,-4.07961250128043e-06,7.56147396785376e-07,-1.44669577956959e-06,-1.93149553372441e-06,-8.2874566767391e-07,-2.85680964331585e-07,-1.07018972348802e-06,2.02738528963276e-06,-7.41115663795887e-06,7.41892117707955e-06,-4.79096050509105e-06,-1.34829083653641e-06,3.51422554504528e-05,0.000109438442236077,0.000351297722348297,0.000168797182076208,0.000683494631104372,-7.01843237307653e-05,0.000104020878354277,6.51385762652784e-05,0.000236725631114544,-2.12611033006942e-06,4.03069292907265e-05,4.7409009299003e-05,2.88248830892975e-05,-0.000111360728572587,-2.45240146412854e-05,4.21956228093449e-06,6.18658278595735e-05,-4.50983391021397e-08,-2.21923430153253e-07,-2.42778789432157e-07,-2.35969057746276e-07,-6.75926471279562e-08,-9.51963114711325e-08,-2.89162366417451e-07,-2.79233376048356e-07,3.42958896329563e-08,3.25506760205018e-07,7.85767878660154e-06,-0.000579188680229946,2.23264399419601e-05,-0.000579000084839029,-6.52304764846244e-05,3.61514722265816e-05,-7.99651508302961e-05,-2.93116608004445e-05,-1.54544396586432e-06,1.81929772944411e-05,-1.66272540197001e-07,0.00454614716089945,0.000492329877481392,-2.97276823030475e-05,-0.000816260191287448,3.77993820166457e-05,-1.98911464357589e-05,2.07252907636375e-05
"north_west","mu_gamma_H",-3.43796786680123e-06,0.000902487743459077,-9.85657062663109e-06,9.448939618447e-09,-1.32281108139631e-05,-1.02062107828135e-06,1.27435533622308e-06,-3.3108392922305e-08,5.19982706471387e-06,-1.10336180670397e-05,6.56515460844737e-06,-2.33156080544141e-06,-4.8282177262548e-07,-5.18162022418228e-06,1.41108682872939e-06,1.67468744789211e-05,-4.88607326577794e-06,1.70452114511376e-06,-6.33448787041061e-06,-4.01110308893211e-06,-1.88945608648559e-06,-2.6241216000529e-06,-3.1046977529087e-06,-2.9816950573004e-06,-6.80040072247936e-06,-2.48367414623039e-06,4.42557322896175e-07,-5.41063547792005e-06,-3.01133401288022e-06,-7.90364009375756e-06,1.3631745429302e-06,-5.37798570803349e-06,8.52742626430448e-07,-3.23910253129011e-06,5.21235312449284e-07,-1.92188150434385e-06,7.17853747899991e-07,9.02125651653472e-07,5.25106040710434e-07,-1.24069408677626e-06,4.72944556366039e-05,0.000216436742877496,-0.000618404886275469,-8.36614137513231e-05,-7.01843237307653e-05,0.00229836525335371,-0.00119919987468441,-8.31109327496068e-05,-0.00018373266008511,-5.15875085271826e-06,-6.16426914775717e-05,-2.76229675384711e-05,-6.8908347411854e-05,2.06001598175554e-05,-2.35531136280687e-06,-4.39788487125489e-07,-0.00015758496646643,-5.85582704078339e-08,3.14613340538799e-07,-7.8614932596662e-08,-1.58338050861907e-08,-6.30095140609817e-07,5.62251512399323e-08,-4.61906771963848e-08,-2.77378563567923e-07,1.01784398428787e-07,3.10592324869413e-07,-6.34554030418321e-05,0.000614541369721209,-0.00031589043664194,2.53691153813785e-06,0.000100752011610629,1.89826866400512e-05,-8.48332667611665e-05,3.47270568894754e-05,3.65721225390292e-05,-4.1621289983391e-05,7.24640602259616e-07,0.00919752252853409,0.00211224698079103,-0.000263612206800683,-0.00390571722503218,7.74759579355759e-05,1.91763076763405e-05,2.14732590969733e-05
"north_west","mu_gamma_H_2",1.94734132572934e-05,0.00142562437887432,6.74131650751319e-06,-2.04212696697492e-06,-1.29310845835397e-05,3.88752865504795e-06,-8.03752471914465e-06,4.01056458611289e-06,-8.86304273570948e-06,2.02167978798061e-05,-3.53926715785468e-06,1.40899948706115e-06,9.22942203368816e-07,8.69341160566411e-06,-9.67806718109973e-06,1.80683570302235e-06,6.63388318609135e-06,-6.17411044244266e-06,8.01007206258018e-06,3.95686820769932e-06,-3.70219337008037e-06,1.91068782810848e-06,2.52182687524331e-07,-6.56803196204318e-07,5.73766652601153e-06,-6.40268033773778e-06,-3.36669809925769e-07,5.90509902457159e-06,-2.69437983810138e-06,5.51368200591531e-06,-3.87601916677124e-06,5.11810194144106e-06,-5.48706838275828e-06,-5.23958734544961e-06,1.88645209582897e-07,1.13333519975784e-06,-2.73786263644313e-06,3.74764656593296e-06,-7.89860630146878e-06,3.20965681098297e-06,-5.97967162203092e-05,1.9408723945946e-05,6.3792469171414e-05,-0.00018214272230803,0.000104020878354277,-0.00119919987468441,0.00504582813228924,-0.000641475514816626,0.000306670315916826,9.89054611711588e-06,-1.92033568978999e-05,1.26936099468413e-05,5.77046981552666e-05,-0.000157262774150746,1.37600275860221e-05,1.35772192169526e-05,0.000180188563873184,5.85354738815159e-07,4.15792045575721e-08,-1.03624473221536e-07,-2.59152579853799e-07,5.69680290874697e-07,1.18605067458463e-07,2.62699797766452e-07,4.3132570830851e-07,-1.62768968218389e-07,2.08239601548504e-07,0.00040050905812304,0.000228117677673435,0.00117437798446441,-0.000468209066982497,-0.000464113889750971,0.000470059717933373,6.21210311986781e-06,4.33328028951065e-05,-0.000315837095057789,7.41516446858172e-05,-1.44382909754052e-06,-0.0037210574542582,-0.00450126212695495,0.000439213869252546,-0.00478357854547976,-4.2638182108096e-05,6.9248284521092e-05,-2.66608144865603e-05
"north_west","mu_gamma_H_3",-5.66788732251156e-06,0.000476833243111649,-1.3848191569983e-06,1.15533447603158e-06,2.18716953936786e-05,4.73789412550154e-07,1.26071801708286e-06,-9.95644450367602e-07,2.61972932959951e-07,4.92425226581154e-07,-2.42504136046883e-06,1.05289118997751e-06,-4.11455700871344e-07,-1.87564850205319e-07,1.16911696117621e-07,-4.35791542822014e-05,8.32957011454207e-07,4.495169414571e-08,-2.08345811826546e-06,2.42119382595098e-06,5.64258553788127e-07,-9.06716599198716e-07,9.57274388394441e-08,-5.92052403362894e-07,7.49897967931076e-07,-4.43700992444638e-07,2.81674941677669e-06,-1.48577152163718e-06,1.98198124981364e-06,1.20828437460078e-06,1.94338540391108e-07,-6.78876935744441e-07,1.2921815529782e-06,5.34406875031617e-06,-2.13610183233088e-06,4.47961147975774e-06,-8.61181905743633e-06,6.32615694018178e-06,-2.7791293547172e-06,-1.39026213369297e-06,-0.000100010456464108,3.178971954955e-05,0.000102988775446497,2.98414503996394e-05,6.51385762652784e-05,-8.31109327496068e-05,-0.000641475514816626,0.00154891147829099,-0.000184093450471188,-1.7360311104262e-05,-4.45741338041628e-06,5.29355705054704e-06,-2.92162538907927e-05,-7.58099575524897e-05,6.93176841891088e-07,4.81655089646747e-06,8.51910755138275e-05,3.02207529519802e-08,-1.23621546287534e-07,1.27570133886601e-07,-8.88198866215181e-08,-1.2188697441908e-07,2.73733519610298e-07,-1.24632114648313e-07,-1.26282061701828e-07,3.06856412126498e-08,-3.16463862968149e-07,3.27366402100013e-05,-9.4605049150526e-06,2.45496129196335e-05,-5.37708945170733e-05,-6.69010306410503e-05,-4.04177837409767e-07,1.55969907289847e-05,-2.31209579729854e-06,4.29090237773527e-05,-7.6638816840616e-06,-6.7357642067153e-08,-0.0015469372656731,0.00119399320454875,-5.3581902106998e-05,0.006356202558965,-1.52533888861177e-05,2.56530686957893e-06,-1.59880151353568e-05
"north_west","mu_gamma_H_4",6.01921095905855e-07,0.00202513494427664,-2.29271993571807e-05,-1.59753201382248e-05,5.34490531100384e-06,2.81566769014617e-06,-2.13341313292884e-06,-9.92577374510664e-07,-1.24473615160302e-06,-7.43582435278193e-06,1.19276603985382e-05,-3.12941396980512e-07,-3.69562528245659e-06,1.93103651356302e-06,-3.73374392364518e-06,-4.02877106169108e-05,-9.17799072519696e-07,-4.67800418052718e-06,-5.81936174773175e-07,-3.70214176651183e-07,-6.10785752329251e-06,-1.01730476139323e-07,-6.26942062623613e-06,-3.1246646919187e-06,-4.49182365232388e-06,-7.78152641601442e-06,6.4154080527296e-06,-5.00806592654187e-06,-7.52946961749115e-06,-5.19671194743015e-08,-3.49058765722386e-06,-6.97264287120931e-06,1.33913013962401e-06,-7.46392672964383e-06,-3.29915192279087e-06,4.29121805929119e-06,-1.35395690978419e-05,1.07326693129022e-05,-5.02670782641616e-06,-7.34318593045763e-06,-4.59161059510987e-05,0.000104890358619931,0.0010238894612763,0.000310037029381819,0.000236725631114544,-0.00018373266008511,0.000306670315916826,-0.000184093450471188,0.00170852946508682,3.22930057438538e-06,0.000233129633548004,0.000172886212681907,0.00019882369029237,-0.000132611417100068,-4.99864010383673e-07,-3.49669625154641e-06,0.00012113271819869,1.09834396423835e-07,-1.3693505111799e-07,-9.04934834495405e-08,-2.00841955381028e-07,2.0424361306769e-07,-2.01835789758366e-07,-2.15259098220864e-07,-4.89211071592042e-07,2.30192473057023e-07,1.14437754342465e-06,0.000383250981422367,-0.00187759522422829,0.00155337908480785,2.09585505022435e-05,-0.000202477522311065,1.00619043344326e-05,-0.000143246857231996,-4.27867325184701e-05,6.48824671017592e-05,-3.01916305587176e-05,-2.49894593198551e-07,0.00646189297487434,0.000492351960574527,0.000179063551957763,0.00308577112837825,4.83890111776468e-05,3.16373647862561e-05,3.1624922516531e-05
"north_west","p_G_D",-9.32849697351969e-07,-5.30028104241419e-05,-5.01284331892643e-07,4.8114872785931e-07,-3.48084381039064e-07,2.00968890782604e-08,-1.95803641211901e-07,3.29277324054765e-07,-3.06047636642978e-07,3.33564128293606e-07,-2.70826803617835e-07,7.79127120696377e-08,1.18663939275164e-07,-5.29222314468463e-09,1.74050742545952e-07,8.02155210760956e-08,2.00694903612886e-07,8.30378069797022e-08,3.27120981445022e-07,4.83322950182087e-08,1.43640665632689e-07,3.16501110779904e-07,1.56201461858744e-07,3.84688932747543e-07,2.43309465176296e-07,2.9871161433798e-07,-1.62856131934887e-07,3.32991738189129e-07,3.14849945912449e-07,-5.58053221747962e-09,2.31716279930072e-07,-1.32882914737613e-07,1.92357127001164e-07,-6.44743844962433e-08,1.15564937309242e-07,-1.34168644892365e-07,8.86049602772095e-08,-2.3502801471091e-08,2.36032020371492e-08,1.09569089935228e-07,6.48744364753333e-06,-2.12134937060306e-06,1.31650760390703e-05,3.87099369141695e-06,-2.12611033006942e-06,-5.15875085271826e-06,9.89054611711588e-06,-1.7360311104262e-05,3.22930057438538e-06,2.2861087597306e-05,2.32441263862172e-06,1.59670194296386e-06,5.44290288370768e-06,4.16815936057205e-06,-3.11576848320943e-06,5.69649301943509e-07,-1.13169543899486e-05,3.24545137707257e-09,5.69241992460275e-09,2.53341171541449e-09,1.60687192643102e-09,-2.38540168987738e-10,2.46155049481757e-09,2.11368797025637e-08,7.96174078376535e-09,-1.12681757672971e-08,6.37377112534905e-09,-1.00367424472508e-05,-2.0917146278695e-05,4.23126902708916e-06,8.15090916362809e-06,-5.97638473570873e-07,-6.66234824076909e-06,3.84348021418717e-06,-9.50982607853242e-06,3.67304350741649e-06,-1.93705592568161e-07,-4.04446606308614e-08,-0.000441777934945594,-9.20905846491861e-05,5.1818776630364e-05,-0.000203151310343013,-5.35604415562936e-06,-3.22904924185361e-06,2.15679320223372e-06
"north_west","p_G_D_2",-1.31596465053142e-06,-0.000500519789619402,-1.08300839358135e-05,-5.44536784659024e-07,6.45389010876252e-06,1.77205856889646e-07,1.08678806728752e-06,-4.11006043217913e-07,1.09503682007842e-07,-1.64512919508161e-06,2.79046673386255e-06,5.56409273791449e-07,-3.30169661108088e-07,1.60850651806343e-06,1.58039595220725e-08,-1.76099773257544e-05,3.85431011054487e-07,-3.98040085892981e-07,-1.1172743816164e-07,2.17201659006523e-06,-5.82439656089538e-07,7.72970006528381e-07,4.78000543650109e-07,1.4901894322994e-07,8.23638905827505e-07,7.16852936936636e-07,5.22619345344499e-07,4.58338520980656e-07,2.95501283369578e-07,7.12033091822754e-07,-3.40177028068196e-07,-9.92276310480777e-07,1.4398561513417e-06,4.1644741531285e-07,2.86137158428145e-07,4.31512682199065e-07,-2.09685178427314e-06,1.23803664510458e-06,1.37048115356964e-07,-9.36072499283551e-07,-3.41594229637121e-06,4.00067878929109e-05,0.000329942167897489,0.000116530471223322,4.03069292907265e-05,-6.16426914775717e-05,-1.92033568978999e-05,-4.45741338041628e-06,0.000233129633548004,2.32441263862172e-06,0.000103582706524188,2.49278800053338e-07,-4.17820029285146e-05,-1.70418244080731e-05,3.18171615118557e-06,-5.03973914147124e-07,1.1661127417062e-05,1.13211655038291e-07,-8.02274681739688e-08,1.32875427521166e-07,1.18041957569349e-07,3.91464004975676e-07,-4.01225151861891e-08,1.65360347416991e-08,3.56065217410642e-08,9.19464275027397e-08,3.3346306563633e-07,0.000153785776186785,-0.000608608903888345,0.000334523730519496,9.8449817990045e-05,1.13815629986061e-05,-1.27939205586945e-05,5.19120099446023e-05,-1.1192668740973e-05,3.44318604100276e-05,-9.74556546441174e-06,3.76992388113008e-08,-0.00075996525633038,3.37494194003967e-05,0.000159694804652246,0.00170250893397788,-6.49420413234915e-06,8.58329448593504e-06,-1.92098380556024e-06
"north_west","p_H",-2.54624998490302e-06,0.00073540920814706,-6.50534738904652e-07,-2.279991785854e-06,-1.90024190921874e-06,3.50908507358089e-07,-1.81266450400099e-06,-2.65616929276408e-09,-9.00741678479587e-07,-1.9258607008901e-07,-1.24752489323493e-07,-5.92924161041342e-07,-8.75903210335007e-07,-8.15280055627478e-07,-1.13570831012784e-06,1.10324034393599e-06,-9.11829083670857e-07,-4.66126409778824e-07,-1.24548337386986e-06,-5.56725595278849e-07,-1.67078986743231e-06,-5.83756759815228e-07,-2.24126929448619e-06,-1.11216331492744e-06,-2.27611798065018e-06,-1.91574041009959e-06,7.64282146730797e-07,-2.41571629073389e-06,-2.39712955648467e-06,-7.75614025352286e-07,-7.0233461553273e-07,-1.97303171747996e-06,-2.34904203730072e-07,-3.80721670755574e-06,-8.5682986661821e-07,6.92487341958972e-07,-2.28934499095553e-06,1.61966900220159e-06,-1.55842695920462e-06,-9.16217567993516e-07,-9.62799254102697e-06,-1.94841784369731e-06,9.71637618088283e-05,3.24793136198311e-05,4.7409009299003e-05,-2.76229675384711e-05,1.26936099468413e-05,5.29355705054704e-06,0.000172886212681907,1.59670194296386e-06,2.49278800053338e-07,8.75526100215534e-05,0.000152564205415017,-3.28869886052265e-05,-1.10289321777901e-05,-2.70965737324446e-06,9.50705186287359e-06,-9.68718489053274e-08,-1.55563145433804e-07,-2.24411211184337e-07,-1.99985363979902e-07,-3.57675410733475e-07,-6.77750313301845e-08,-1.35962805313777e-07,-1.45639062745294e-07,-4.31123284866388e-08,-6.08654159525273e-08,-3.33127398154523e-06,-0.000141370647316459,0.000121479856402795,-3.88305973417517e-05,-0.000143447296521815,1.27833940768747e-05,-9.86757083412887e-05,1.44415239569697e-05,-2.94723071338426e-06,1.62426138350772e-06,-1.87819342590067e-07,0.00191676775374547,-0.000159094789250735,8.48184021002318e-05,5.71322582071096e-05,1.19165971056915e-05,-3.37220529311123e-06,2.28402693428873e-05
"north_west","p_H_2",-5.6194027496294e-07,0.0023979259986408,8.57987424525601e-06,-1.00917958562058e-06,-8.23462841562974e-06,-4.28975692021017e-07,-3.21740057430498e-06,6.38638753854101e-07,-1.29150996904855e-06,6.48624564033154e-07,-3.02417498333511e-06,-1.42002313058579e-06,-1.61626965673661e-06,-3.22174340050388e-06,-1.00392677795599e-06,1.09621124601243e-05,-2.62491493314679e-06,2.11462922753854e-07,-1.74133104878951e-06,-1.34060511981704e-06,-3.3966832893513e-06,-7.18559762317857e-08,-4.39551003257855e-06,-5.82008591466943e-07,-5.48103124557126e-06,-1.15922607389396e-06,1.59048363062948e-06,-7.25201705931487e-06,-3.20930565738679e-06,-7.83631302913147e-07,-6.75957170147651e-07,-2.41102026627379e-06,-2.17420379250367e-06,-6.0249278983759e-06,-2.08088593365925e-06,1.59192512297023e-06,-3.71422821886298e-06,3.53553504094029e-06,-5.25447050611668e-06,7.43498626299932e-07,7.85629065536141e-06,-1.57851325170347e-05,-2.8058904613576e-05,4.29259731578029e-05,2.88248830892975e-05,-6.8908347411854e-05,5.77046981552666e-05,-2.92162538907927e-05,0.00019882369029237,5.44290288370768e-06,-4.17820029285146e-05,0.000152564205415017,0.000986599507866168,-4.57791567098428e-05,-3.35395922790819e-05,-1.43929841594086e-06,3.30507773354613e-05,-2.70684385710555e-07,-2.21127105097258e-07,-7.5525154892617e-07,-3.78053677007579e-07,-1.01254303698251e-06,-5.95575825777607e-08,-3.14077638025767e-07,-3.19307922288489e-07,-1.67976455145157e-07,-5.08328546222909e-07,-0.000172053745498431,0.000139022324234285,-0.000264696236654811,-8.99441041288878e-05,-0.000250797628520508,-6.12385701256411e-05,-0.000855523848581314,3.61933039966258e-05,-5.8084592376702e-05,2.82251133724144e-06,-4.79286740307268e-07,0.00537573637209163,-0.000817022376845327,0.000657689290062472,-0.00136133193416767,3.4283755770218e-05,-3.33259771353989e-05,4.10912344760787e-05
"north_west","p_H_D",-7.42827118148514e-07,-0.000504367824446929,5.43913973053446e-06,3.76646564717335e-07,1.97975197174605e-07,-3.27284919904949e-07,-2.13741959680027e-07,2.96142726285295e-07,-1.81692669304257e-07,1.31098701403722e-06,-2.34244201456398e-06,2.11240312209112e-07,9.46292527197567e-08,4.38368257271234e-08,4.56510846684602e-07,9.7255383585047e-07,1.33840300998861e-07,8.18911587325052e-07,-2.85135684907211e-07,-7.46958717710696e-07,1.38862503991017e-06,-1.55098757218773e-07,9.7958224968948e-07,6.73731635621914e-07,5.12896223457381e-07,1.35432399007847e-06,-4.75619465469755e-07,7.64834162285979e-07,1.30107660270114e-06,-9.46723550354864e-09,5.37443048204738e-07,1.41484555346433e-06,1.83610434749503e-07,1.85153351705957e-06,6.04728760210913e-07,-1.75054975046816e-06,3.80934693436473e-06,-3.51519472556865e-06,2.52247536614341e-06,2.49046067896877e-08,-7.92784893898546e-05,-0.000126416601854254,-0.000251846638971184,-9.47309111545559e-05,-0.000111360728572587,2.06001598175554e-05,-0.000157262774150746,-7.58099575524897e-05,-0.000132611417100068,4.16815936057205e-06,-1.70418244080731e-05,-3.28869886052265e-05,-4.57791567098428e-05,0.000175462267833127,1.4126977408712e-05,5.09277417714965e-07,-2.39847644020898e-05,6.7583813014798e-08,1.2274678128839e-07,5.00637890239404e-08,7.98165079204515e-08,3.85954666362815e-09,5.42845602613007e-08,1.00416854317633e-07,7.86555333731152e-08,-3.43697942545913e-09,-1.70485888812628e-07,-5.61878926508206e-05,0.00025953245975131,-0.000191866564051344,2.50304696359932e-05,6.2458899883822e-05,-1.34877275974112e-05,3.01481160117096e-05,-5.89119072501748e-06,-6.16945819827682e-07,-8.72990282858341e-06,2.30099079391526e-07,-0.000848311779847003,5.92423617568004e-05,-8.90942661795934e-05,0.000172841036657105,-6.44146034758355e-06,-4.83739138876015e-06,-6.30045534033486e-06
"north_west","p_ICU",8.82400679978717e-07,-0.000202997949933969,6.78057330087341e-08,1.06789149368954e-06,1.75963989666521e-06,-4.51809468051517e-08,2.73272479819185e-07,-3.03807124385965e-07,2.4688432231481e-07,-4.907330179577e-07,3.35879330179127e-07,7.09147672906768e-08,6.79104580316234e-08,1.10311061720218e-07,2.10418535201293e-07,-7.4312460146374e-06,1.38138466847264e-07,7.1846012481924e-08,2.45861092670177e-08,1.23633092588889e-07,4.01440396815155e-07,-4.74724919200254e-08,5.66798146742069e-07,2.87373544338272e-07,2.10126652227077e-07,3.9448719263986e-07,1.96356030220833e-07,6.23582184777409e-07,2.78814323039037e-07,3.28830518980447e-07,8.23485825011297e-08,3.47334883260057e-07,3.47161141548555e-07,4.29208084049393e-07,9.37681801114118e-08,-2.03944922725722e-07,4.88377241988061e-07,-6.48662903957589e-07,5.64650770603829e-07,-2.56136526563037e-07,-1.37151430157824e-05,-1.23232052923289e-05,-1.34919258449478e-05,-1.2449709781457e-05,-2.45240146412854e-05,-2.35531136280687e-06,1.37600275860221e-05,6.93176841891088e-07,-4.99864010383673e-07,-3.11576848320943e-06,3.18171615118557e-06,-1.10289321777901e-05,-3.35395922790819e-05,1.4126977408712e-05,2.09719131647054e-05,-5.10593492384925e-07,3.47960566727338e-05,4.52295417792915e-08,3.55375746555655e-09,5.27718810051279e-08,5.91526170154807e-08,1.14299753448539e-07,1.42263997894814e-08,3.83182926750181e-08,2.98588309368716e-08,2.16881017093916e-08,3.20552518646146e-08,5.99589783522653e-05,-1.72230701738749e-07,2.05962579565553e-05,2.62920875023657e-05,1.87084164657734e-05,-5.55892437834621e-06,2.87294375162179e-05,1.27869123780646e-05,4.22548155371952e-06,-4.73523606635461e-06,1.67641800422819e-08,-0.000462938817667143,4.52420023962593e-05,-4.16180691244015e-05,0.000428820927792582,-1.9950150393094e-06,-1.62612899216885e-07,-3.94382390193937e-06
"north_west","p_ICU_2",-2.52959294255618e-07,8.24750969172612e-06,2.70535223355277e-07,-1.33502671503191e-07,2.79117860069189e-08,3.98530338828026e-08,-1.68002447886385e-07,1.68019540477278e-07,-1.04719156221153e-07,2.44049299727667e-07,-9.93226927506616e-08,5.39162219897924e-08,7.73326688967394e-08,1.04950504834423e-07,-7.0449701309113e-08,-5.68991291940332e-07,1.63772545327295e-07,-5.73157643015505e-08,2.34726175601931e-07,9.23700455949418e-08,-2.07449938837281e-08,9.49693853090607e-08,1.23454982079666e-07,-5.26421285142126e-08,2.74573087140938e-07,-5.89589573602639e-08,4.9071544175573e-08,1.1446333979704e-07,7.21788869077359e-08,4.13194563301893e-08,9.92583133983542e-09,9.58017583116548e-08,-2.67091959668217e-08,-2.63502997744511e-07,-3.69953568258113e-08,6.68185858578145e-08,-1.73959089800937e-07,1.7917595937435e-07,-1.4474014928976e-07,7.78739609512937e-08,1.35606488556527e-08,-3.19212583922815e-07,-5.04143442629261e-06,-2.78179971467048e-06,4.21956228093449e-06,-4.39788487125489e-07,1.35772192169526e-05,4.81655089646747e-06,-3.49669625154641e-06,5.69649301943509e-07,-5.03973914147124e-07,-2.70965737324446e-06,-1.43929841594086e-06,5.09277417714965e-07,-5.10593492384925e-07,2.70067825876927e-06,1.01482472323634e-06,5.19142895275074e-09,3.23325031009304e-09,-2.26121732354749e-09,-1.08509094340618e-08,2.74423550792064e-08,5.01428620390262e-10,-4.45842681508756e-09,3.03410834133285e-09,-1.98535856219059e-09,1.30263810543303e-09,1.65857200254359e-05,6.85014328535678e-06,1.08818375348571e-05,-9.99365851014963e-06,8.90123696625605e-07,5.08910560143492e-06,-1.82684376539707e-06,-2.49367216488184e-05,-9.3732529682253e-07,1.74501702794259e-06,-1.00419506927039e-08,-0.000143576966946652,-7.02028630498412e-05,1.25916954222467e-05,-3.59328718076501e-05,-2.64907975466419e-06,3.87959105678577e-07,2.69126825527218e-07
"north_west","p_ICU_D",1.59375096809766e-06,-2.52328690595332e-05,-9.83174548943939e-06,-1.25587784807928e-07,6.07877071627454e-06,3.68675893282432e-07,2.7632369641787e-07,-2.97288533543804e-07,-5.68725948311164e-07,-1.91408391776812e-06,2.8640981687072e-06,5.7195507255598e-07,4.36134132471715e-07,1.06833949931529e-06,-4.28174245783354e-07,-3.04960308390675e-05,9.30931956551523e-07,-1.48630597010973e-06,2.51341222957383e-06,-3.46368938276942e-07,2.60976173875187e-08,-5.00758595654201e-07,1.2967636654953e-06,-9.48041253758813e-07,5.96225192866557e-07,-6.4437605723318e-07,2.72017119312501e-06,1.28628825929839e-06,-1.11064952289451e-06,1.56881323352177e-06,-7.52765477795256e-07,-9.81515294025308e-07,1.54518911418258e-06,-2.62863283939635e-06,-7.75993969743683e-07,8.74258679820778e-07,-3.57687992166825e-06,2.00975246262208e-06,1.36627687524704e-07,-1.92484312796549e-06,-9.37677633112746e-05,-6.03786471968746e-05,9.77858162019488e-05,2.47705295444249e-05,6.18658278595735e-05,-0.00015758496646643,0.000180188563873184,8.51910755138275e-05,0.00012113271819869,-1.13169543899486e-05,1.1661127417062e-05,9.50705186287359e-06,3.30507773354613e-05,-2.39847644020898e-05,3.47960566727338e-05,1.01482472323634e-06,0.000615664022944028,1.46683563797047e-07,-6.78203176823848e-08,9.48634551515704e-08,6.75075173946708e-08,5.2300593004866e-07,1.32060240677059e-08,5.87308893587138e-08,4.5672741700743e-08,6.38383518879934e-08,3.6622297420514e-07,6.14707066963173e-05,-0.00022510272462606,2.33894258962718e-05,-1.38342100608724e-05,-7.90432510935343e-05,3.78061515713338e-05,-2.00956216041638e-05,7.34999843322992e-05,-4.66966368344464e-05,3.40895451790414e-06,-3.80984844599911e-07,-0.002568064202165,0.000111237357322382,0.000171779028419271,0.00183199114336006,-2.48266465556249e-05,2.51707530109604e-05,4.29940036702392e-06
"north_west","p_NC_15_24",-3.23159629529846e-10,-6.7138621505931e-07,-1.83625608177636e-08,-4.63469821707395e-09,4.51919523230751e-09,2.40178966884176e-10,-4.15275396027558e-10,2.22061901361631e-09,6.06982116388024e-10,2.17194883647892e-09,3.73111361677633e-09,1.88811809666516e-09,1.74320779250276e-09,6.61638398324016e-09,-1.05126716487745e-09,-3.93984419793803e-08,4.84827499554164e-09,-4.04640920481314e-10,4.79664371642144e-09,4.64616617450607e-09,6.56026449731206e-10,5.98848266646167e-09,5.17300961459884e-09,3.69850644345906e-09,1.02191835745294e-08,3.64460752910729e-09,1.46684073459081e-09,9.1396006021635e-09,7.04414351284635e-09,6.21378616007072e-09,1.77358320434379e-09,4.55676335383747e-09,7.44716442320097e-09,-1.84172153291789e-09,2.0397345464727e-09,-2.38171570581621e-09,5.14252088198656e-10,3.64742169611286e-10,5.07199696910467e-10,7.20847592977333e-10,-1.64676271749432e-07,-6.9576017484256e-08,9.140707284619e-08,-2.37445966949007e-08,-4.50983391021397e-08,-5.85582704078339e-08,5.85354738815159e-07,3.02207529519802e-08,1.09834396423835e-07,3.24545137707257e-09,1.13211655038291e-07,-9.68718489053274e-08,-2.70684385710555e-07,6.7583813014798e-08,4.52295417792915e-08,5.19142895275074e-09,1.46683563797047e-07,1.65424139213027e-09,4.84001479464702e-10,9.72776880679123e-10,6.33930486695504e-10,1.99085768529391e-09,2.5482776730972e-10,6.24855683711064e-10,6.67756385696931e-10,3.62567636337e-10,8.20389514038743e-10,2.51311023956366e-07,-3.34388352536997e-07,6.50549190705178e-07,3.38064949140865e-09,-1.14505068306067e-07,1.88547969430132e-07,2.26282179400269e-07,-1.43024034876934e-08,-6.3553343076349e-08,-5.93488680027838e-09,-3.19822832354664e-10,-4.65907337142396e-06,-1.25694182612122e-06,-2.85283333019085e-07,4.48000539694473e-08,-4.26850300166613e-08,3.97748229553656e-08,-9.98446962505398e-08
"north_west","p_NC_25_49",-6.76531786762659e-10,1.21846295955868e-06,1.76776611417967e-08,-4.45986370259827e-09,-3.49120516766523e-08,-1.55214779563048e-09,1.30915302415358e-09,4.1843792398824e-09,2.9020670059649e-10,8.16414498090066e-09,-6.83367214822041e-09,-2.43398408802689e-10,1.01397748010276e-09,-3.72737964676175e-11,1.40505207987493e-09,6.20725640920115e-08,3.94804813876253e-10,1.67012614730419e-09,1.81627365708731e-09,-5.60319904088163e-10,1.7459205998033e-09,3.98248300254571e-09,4.76373914001573e-09,2.39535964904891e-09,8.12486722355775e-09,2.6920848172697e-09,-2.31133559772486e-09,6.71091290363846e-09,9.09113644295784e-09,-1.18557509147735e-09,3.13759223993648e-09,5.86790327752062e-09,2.78138013626569e-09,3.81795045446118e-09,2.30841022458704e-09,-4.17408314316361e-09,1.07480864435813e-08,-6.48255861358434e-09,3.64388114424107e-09,3.3651755060517e-09,-5.51451638628149e-08,-6.72252099509453e-08,-5.49671851389151e-07,-2.37780972240108e-07,-2.21923430153253e-07,3.14613340538799e-07,4.15792045575721e-08,-1.23621546287534e-07,-1.3693505111799e-07,5.69241992460275e-09,-8.02274681739688e-08,-1.55563145433804e-07,-2.21127105097258e-07,1.2274678128839e-07,3.55375746555655e-09,3.23325031009304e-09,-6.78203176823848e-08,4.84001479464702e-10,3.08361638075543e-09,8.47218063928448e-10,5.89160557172864e-10,1.1514747680681e-09,4.42504903813654e-10,5.13894248864965e-10,5.6266636357071e-10,2.49512198092907e-10,-3.34501820972848e-10,-3.80227896468314e-07,6.88205577316084e-07,2.83862834940016e-07,-1.58930711424004e-08,1.07246598112027e-09,3.01876424264925e-08,5.0784784130608e-08,9.70908674806729e-08,-1.23956301383424e-07,2.83795963239143e-08,1.94276882155063e-10,5.30386499743951e-06,-7.93924263936713e-07,7.1096999518814e-07,-1.09630380301789e-05,7.69620980929878e-08,-5.1969114632455e-09,-8.39087061554556e-08
"north_west","p_NC_50_64",7.34609710667286e-09,-3.94964815598892e-06,-3.06103722798451e-08,6.02962600281278e-09,2.12972138915965e-08,-3.50394339283261e-09,8.80104910047318e-09,-1.18654813404897e-09,4.01429253012513e-09,-3.33277578990761e-09,6.38918306954903e-09,2.74476277298074e-09,3.20696764640761e-09,5.43397759799177e-09,3.48974100595166e-09,-3.664015477441e-08,5.62388636167235e-09,3.58732073863052e-11,7.85965601189378e-09,5.70423353263678e-09,5.55794995105621e-09,5.63992206698924e-09,1.21280204744401e-08,6.20063998056638e-09,1.42488619714385e-08,9.09211573680581e-09,-2.92837266297078e-09,1.65113626527952e-08,1.3101301524006e-08,6.35426750508708e-09,4.71383254707327e-09,9.17105181763077e-09,5.55507553157822e-09,1.75655970799321e-08,5.0035628516822e-09,-3.04905209638702e-09,3.94189672920036e-09,-3.6668000791275e-09,3.62398486918337e-09,5.37807180984679e-09,-6.46814979245754e-08,-9.658189800612e-09,2.51081875073064e-07,-3.66475290312131e-08,-2.42778789432157e-07,-7.8614932596662e-08,-1.03624473221536e-07,1.27570133886601e-07,-9.04934834495405e-08,2.53341171541449e-09,1.32875427521166e-07,-2.24411211184337e-07,-7.5525154892617e-07,5.00637890239404e-08,5.27718810051279e-08,-2.26121732354749e-09,9.48634551515704e-08,9.72776880679123e-10,8.47218063928448e-10,3.38526267468591e-09,1.1388379847391e-09,2.79585551832469e-09,2.28902482759789e-10,8.011274589095e-10,9.37155848788547e-10,4.03027168516968e-10,1.12147043016918e-09,2.47625740634894e-07,-4.84077159927609e-07,8.56751897790053e-07,3.19926511630138e-07,1.94751704285812e-07,-6.11957022166864e-08,7.66339410354739e-07,-2.04886518784484e-08,9.91815099852203e-08,-1.13847983627614e-08,4.42114103905275e-10,-9.0735110782361e-06,-1.0017730470991e-06,-1.11009655174306e-06,4.4923711514503e-06,-5.26181662184986e-08,2.67832640209042e-08,-1.67661517379648e-07
"north_west","p_NC_65_79",7.01217028279354e-09,-3.74097195130071e-06,-1.21780391342839e-08,8.80197075047555e-09,1.00368848680727e-08,-2.89327593909112e-09,8.83726717837225e-09,-2.02722794621139e-09,3.21475479471024e-09,-3.74415026690732e-09,4.38150583099681e-09,2.10951099885541e-09,2.06610185353615e-09,4.26902887563202e-09,3.34309557346726e-09,-2.21819846419117e-08,3.08380002817806e-09,1.02051691191333e-09,2.40394082683557e-09,3.88929468841462e-09,5.36657822487728e-09,3.07074126043065e-09,7.85485199421144e-09,8.18630546619076e-09,4.39670674800551e-09,1.12965919381706e-08,-1.84523375273237e-09,9.88439116715099e-09,9.26276815317128e-09,3.72920033499637e-09,1.82402909422513e-09,5.80434518611766e-09,2.111427877299e-09,1.65061555261215e-08,3.09816621468957e-09,-2.94605574682433e-09,8.12912286762837e-09,-7.25310789989585e-09,6.05640945762252e-09,3.71537903869319e-09,8.1717201849711e-11,-2.17278718563187e-08,7.67070455368338e-08,2.72645819612708e-08,-2.35969057746276e-07,-1.58338050861907e-08,-2.59152579853799e-07,-8.88198866215181e-08,-2.00841955381028e-07,1.60687192643102e-09,1.18041957569349e-07,-1.99985363979902e-07,-3.78053677007579e-07,7.98165079204515e-08,5.91526170154807e-08,-1.08509094340618e-08,6.75075173946708e-08,6.33930486695504e-10,5.89160557172864e-10,1.1388379847391e-09,2.0308547779326e-09,1.7702510025037e-09,1.76546689081826e-10,6.61692876864705e-10,7.67374855368406e-10,2.90835736682768e-10,1.02551431503943e-09,1.13616314424264e-07,-2.09057066356825e-07,-7.56063672730679e-08,4.15642919835644e-07,2.45843981429076e-07,-1.46378068287002e-07,4.12234616029431e-07,8.13129525654254e-08,1.05933631723523e-07,-2.4042910730622e-08,-2.40628036827487e-11,-7.236963783721e-06,6.45099848722683e-07,1.13422486050993e-07,1.24425250398094e-06,-3.12301440792299e-08,2.79957544664483e-08,-8.76633404517435e-08
"north_west","p_NC_80_plus",3.55413675191287e-09,-5.12454811714121e-06,-3.78179310716282e-08,8.42024420981455e-09,4.37750992560118e-08,9.129424353498e-10,4.47184848821514e-09,5.29592047900535e-09,1.3435066806293e-09,-1.80715959216333e-09,2.22438876393309e-08,6.59532362680275e-09,3.42664414747158e-09,1.69529124073242e-08,1.07931802293186e-09,-1.41397428753671e-07,1.29324597050323e-08,-5.31322095208007e-09,2.81141391847179e-08,3.01131697445192e-09,4.40205644938277e-09,1.84975690079801e-08,1.37525632670783e-08,9.97211391546856e-09,3.24758770477456e-08,1.15126732027043e-08,-9.6973603169436e-10,2.62566997491386e-08,2.02435521958764e-08,1.67465000984987e-08,3.15982618158868e-09,1.18622353216652e-08,1.52076967572756e-08,2.01720126400077e-08,8.53845845075341e-09,-6.1598903400601e-09,-1.58987731684769e-09,1.13260110614665e-09,8.35443516047047e-09,-6.69996472193846e-10,-2.17681735494396e-07,4.36245365668588e-08,7.38040901182579e-07,2.30992074779828e-07,-6.75926471279562e-08,-6.30095140609817e-07,5.69680290874697e-07,-1.2188697441908e-07,2.0424361306769e-07,-2.38540168987738e-10,3.91464004975676e-07,-3.57675410733475e-07,-1.01254303698251e-06,3.85954666362815e-09,1.14299753448539e-07,2.74423550792064e-08,5.2300593004866e-07,1.99085768529391e-09,1.1514747680681e-09,2.79585551832469e-09,1.7702510025037e-09,1.67936656567358e-08,2.97239846370417e-10,1.27962599508469e-09,1.58860359333669e-09,1.25815986259588e-09,2.7610158155266e-09,1.63017129647569e-06,-1.68699790162713e-06,1.65979239236804e-06,4.54504149949729e-07,-3.99116026659916e-08,1.93519956772606e-07,1.06581344378959e-06,-2.16913705497263e-07,1.14795273301419e-07,2.29241207073128e-08,-1.55760534344596e-09,-1.02405160740507e-05,-3.29000275095563e-06,2.90632898892711e-07,8.02649029969196e-06,-8.72086325187109e-08,7.00459358764479e-08,-2.4797881172285e-07
"north_west","p_NC_weekend_15_24",1.56422246355873e-09,5.78459093741549e-07,7.62651126910431e-09,2.10263026982212e-09,-2.98964243089799e-09,8.34592651288648e-10,-1.17663648085342e-10,-5.85188389801976e-10,1.52065222680698e-09,3.16710003550467e-09,-3.14335144980787e-09,4.66343424753249e-10,2.20999255126733e-09,9.25798835648211e-10,9.81954569624616e-10,-4.71927824310468e-09,1.86248890924737e-09,1.30950705709937e-09,1.4907125901407e-09,1.17275914810619e-09,1.68064793446233e-09,2.42493574811779e-09,3.01361532510539e-09,4.22608317872091e-09,3.24921714144407e-09,3.06552881069819e-09,5.17201139398243e-10,5.5992935091703e-09,4.90819216235528e-09,2.11149196758604e-09,1.98967404718056e-09,4.0626203502183e-09,-1.16360025706206e-09,7.0564108530956e-09,-4.46715844696615e-10,9.87975796418311e-10,2.94679573680307e-09,-4.06655627158571e-09,2.94335678908629e-09,4.82083698280198e-10,-7.97887631731608e-08,-5.86604451949862e-08,-3.9088454178632e-07,-1.01543038918825e-07,-9.51963114711325e-08,5.62251512399323e-08,1.18605067458463e-07,2.73733519610298e-07,-2.01835789758366e-07,2.46155049481757e-09,-4.01225151861891e-08,-6.77750313301845e-08,-5.95575825777607e-08,5.42845602613007e-08,1.42263997894814e-08,5.01428620390262e-10,1.32060240677059e-08,2.5482776730972e-10,4.42504903813654e-10,2.28902482759789e-10,1.76546689081826e-10,2.97239846370417e-10,1.17458967954174e-09,4.50883093066427e-10,1.96477007379039e-10,-6.91307005673525e-11,-1.9315393893498e-10,-2.41555824868495e-07,6.51915612929179e-07,-4.33040641606824e-07,-4.96374344258388e-08,-4.4114179907775e-08,2.82966034220945e-08,7.36473772754654e-08,1.61457805626302e-08,-2.03542932575678e-08,8.35461942544252e-09,-2.06439990763779e-10,-4.19407437182048e-06,-3.73750332352789e-07,1.56405601410355e-07,-1.60131896483644e-06,-3.18860526654221e-08,1.11758092461609e-08,-4.67099803897458e-08
"north_west","p_NC_weekend_25_49",1.08766197358909e-08,-1.40710866616041e-06,-4.21502590705261e-09,6.05175873639116e-09,6.88359003868113e-09,-1.18645869092998e-09,3.93377730864233e-09,-2.77867921740633e-09,3.73984530585254e-09,-7.39236860811524e-10,8.97211295338855e-10,1.91018356742407e-09,3.19841782130357e-09,2.76866076744199e-09,2.25611227716388e-09,-1.78249313360449e-08,5.44235455240721e-09,1.88907284619283e-09,5.89372571426785e-09,3.76296854472249e-09,4.85886308971894e-09,4.58958058148781e-09,9.43929970424568e-09,7.43244591915072e-09,7.92949548902768e-09,1.18647931097942e-08,-1.26261164635828e-09,1.03369170222087e-08,1.20537515003376e-08,4.15605865702515e-09,5.34993251531858e-09,4.68803540462212e-09,4.16944705189434e-09,1.02440657809922e-08,1.6544586139274e-09,-8.47981331490239e-10,6.09659588573894e-09,-7.32434715717929e-09,5.73055488634017e-09,2.61119532830776e-09,-2.03965745343882e-09,-8.10052106301528e-08,-3.1898398579084e-07,-1.1793808084249e-07,-2.89162366417451e-07,-4.61906771963848e-08,2.62699797766452e-07,-1.24632114648313e-07,-2.15259098220864e-07,2.11368797025637e-08,1.65360347416991e-08,-1.35962805313777e-07,-3.14077638025767e-07,1.00416854317633e-07,3.83182926750181e-08,-4.45842681508756e-09,5.87308893587138e-08,6.24855683711064e-10,5.13894248864965e-10,8.011274589095e-10,6.61692876864705e-10,1.27962599508469e-09,4.50883093066427e-10,2.02492714166795e-09,7.34417266471307e-10,2.17866943985097e-10,5.43790420107348e-10,-8.95992534601025e-08,4.43212279745532e-07,-9.41466377276418e-08,2.12311100084145e-07,4.79750460030218e-08,-3.79030313178498e-08,3.40247697928542e-07,8.36842960938698e-08,-5.17507033593046e-10,-1.3684801509031e-08,-3.87177201013823e-10,-1.02189315865322e-05,-8.85761496563577e-07,2.29624647813126e-08,8.11275189624185e-07,-7.47150525423504e-08,-9.70066895557453e-09,-8.43344711421098e-08
"north_west","p_NC_weekend_50_64",-2.06156242265108e-09,-2.88849967537984e-06,-2.55029768273823e-09,4.30042961225296e-09,6.56128973621058e-09,-2.79381762121365e-09,3.42047356565491e-09,6.49702932621879e-10,1.34057314053585e-09,2.8808506120566e-09,-1.24804891406943e-09,2.56492550621156e-09,3.22087610928065e-09,6.85946210664943e-09,4.54007529514268e-10,-2.00631558245125e-08,4.84236221128895e-09,1.02359015158165e-09,6.48733693243564e-09,2.94554068269017e-10,7.02542262430393e-09,2.55818849000649e-09,1.0723371891997e-08,2.97926427595811e-09,1.28620922180612e-08,7.39684005438442e-09,-2.41157883228983e-09,1.13233768037527e-08,1.00712883329101e-08,2.88820988802044e-09,2.78807816475592e-09,7.19327465404617e-09,2.2237968881039e-09,6.43610471628533e-09,3.69123637671055e-09,-4.18353455986403e-09,9.69039767677851e-09,-9.1345466465207e-09,4.76322434398004e-09,6.1528079888996e-09,-4.55042290141965e-08,-1.09192681623021e-07,-1.19175462381432e-07,-1.17180696102199e-07,-2.79233376048356e-07,-2.77378563567923e-07,4.3132570830851e-07,-1.26282061701828e-07,-4.89211071592042e-07,7.96174078376535e-09,3.56065217410642e-08,-1.45639062745294e-07,-3.19307922288489e-07,7.86555333731152e-08,2.98588309368716e-08,3.03410834133285e-09,4.5672741700743e-08,6.67756385696931e-10,5.6266636357071e-10,9.37155848788547e-10,7.67374855368406e-10,1.58860359333669e-09,1.96477007379039e-10,7.34417266471307e-10,1.57720146332254e-09,1.22435134506988e-10,1.88624919262237e-10,1.65855477038821e-07,2.12206893568718e-07,1.86270614989445e-07,3.03001756716902e-07,4.88388929714263e-08,-1.08561280225645e-08,3.85061661178035e-07,6.54453928559144e-09,4.9449099665236e-09,8.73375172409385e-09,-4.31280371137679e-10,-1.02502968117785e-05,-1.95353547474992e-06,3.44745796689819e-07,1.56565355384982e-07,-9.09631896538763e-08,4.03358539941951e-08,-7.04764500269101e-08
"north_west","p_NC_weekend_65_79",5.66044025205237e-09,4.8447064463183e-08,-8.74847888996033e-09,-6.03152863271746e-09,1.07913126499553e-08,4.26898345371101e-10,8.03711223649033e-10,8.63725585767041e-10,1.02594578742132e-09,-4.44825206432986e-09,6.56012255011015e-09,1.05874655892605e-09,-1.51505581470457e-09,3.25291701932429e-09,-2.43268232457583e-10,-2.80399229650518e-08,6.99321249866733e-10,-1.33994533982129e-09,-6.46202695142145e-10,3.97492554912057e-09,-1.09517225188203e-09,1.35489357518553e-09,1.08620015977379e-09,4.66719575760469e-10,2.70057727728627e-09,-5.50832384170326e-10,1.8708914403776e-09,1.72827594100167e-09,1.9960738214038e-09,9.94657290519348e-10,1.44814563843092e-09,-4.68223262067347e-10,3.67383251910576e-09,3.65910202977809e-09,2.85232144537422e-10,2.02884163001099e-10,-4.47943441513911e-09,5.11338632690225e-09,-1.58092808640589e-09,-2.23758782696323e-09,-4.71873239034568e-08,4.98069238359743e-08,2.86187108707804e-07,7.19930268785814e-08,3.42958896329563e-08,1.01784398428787e-07,-1.62768968218389e-07,3.06856412126498e-08,2.30192473057023e-07,-1.12681757672971e-08,9.19464275027397e-08,-4.31123284866388e-08,-1.67976455145157e-07,-3.43697942545913e-09,2.16881017093916e-08,-1.98535856219059e-09,6.38383518879934e-08,3.62567636337e-10,2.49512198092907e-10,4.03027168516968e-10,2.90835736682768e-10,1.25815986259588e-09,-6.91307005673525e-11,2.17866943985097e-10,1.22435134506988e-10,9.8168880738193e-10,8.13225824967058e-10,2.55597701320209e-07,-6.51925145703088e-07,5.86897350825053e-07,2.97762502302532e-08,5.73999607687944e-08,-9.58352195051604e-09,1.00298890527533e-07,-2.05187525833379e-08,4.71665430642504e-08,-1.41584171290677e-08,-4.1065031360301e-11,2.63331587417478e-06,7.29507851916766e-07,-4.70799212757188e-07,3.12761564695048e-06,2.4840473710201e-08,2.17095040427366e-08,-5.564707767935e-08
"north_west","p_NC_weekend_80_plus",-4.09175525657763e-10,-1.23241776132038e-06,-1.18748371784948e-08,4.26532874510456e-09,4.02423496751138e-08,4.37470255196273e-09,4.66427430602617e-09,-4.0585049758215e-09,3.44328173721487e-09,-1.39114338765076e-08,2.69622046705091e-08,1.88509947389896e-09,-4.49927251784351e-10,8.83110262740509e-09,-4.60799421729591e-09,-7.8758071631407e-08,3.41138078127195e-09,-6.1870067813614e-09,5.6010670692916e-09,3.6289241782128e-09,-4.8529129735787e-09,2.79228207133519e-09,1.40545556722324e-10,2.48623545003135e-09,-3.08594026960169e-09,2.77816611579422e-09,4.0594489760392e-10,4.45482635640375e-09,-3.32522415091423e-09,6.10625011593234e-09,-7.22497673246662e-09,-5.47435464441587e-09,3.54835950595215e-09,9.51815132239169e-09,4.08238991845838e-09,2.06399905912183e-09,-2.06831283862793e-08,1.80104589623615e-08,-3.98592634245512e-09,-9.72785425237982e-09,1.05903732034124e-08,2.11344253266965e-07,7.30746905813442e-07,3.20868760060262e-07,3.25506760205018e-07,3.10592324869413e-07,2.08239601548504e-07,-3.16463862968149e-07,1.14437754342465e-06,6.37377112534905e-09,3.3346306563633e-07,-6.08654159525273e-08,-5.08328546222909e-07,-1.70485888812628e-07,3.20552518646146e-08,1.30263810543303e-09,3.6622297420514e-07,8.20389514038743e-10,-3.34501820972848e-10,1.12147043016918e-09,1.02551431503943e-09,2.7610158155266e-09,-1.9315393893498e-10,5.43790420107348e-10,1.88624919262237e-10,8.13225824967058e-10,9.03415628266157e-09,1.17138167992818e-06,-1.49389580858968e-06,9.86333905517365e-07,1.60829152480918e-07,9.12458138007712e-08,-1.91030011481868e-08,4.70107047792331e-07,-1.66383468464564e-07,1.90351454596473e-07,-4.97316887524172e-08,-8.23937034360489e-10,-9.64112560410401e-07,8.28273077254789e-07,1.64250932451851e-06,1.13405820512334e-05,-6.0397711414192e-09,1.34129057190708e-07,-9.95592962916083e-10
"north_west","p_W_D",-1.03030202351171e-05,-0.00174308644978403,-1.44088246779574e-05,3.67656565825387e-06,2.5839141873493e-05,1.3596475233702e-06,5.21395533268836e-08,1.9694378284528e-07,-4.56717016281203e-07,-4.75080885022434e-06,1.06174932756999e-05,1.49969329661036e-06,-7.42997570328806e-07,5.35477143478461e-06,-8.55499172007855e-07,-7.60214394740499e-05,1.033028058597e-07,-1.48834613809947e-06,-2.01738766536776e-06,6.6026651427266e-06,-2.01787351230742e-06,5.74612384804759e-07,1.20046819411478e-06,-2.11481918076296e-06,2.86607277482952e-06,-6.22587517986063e-07,1.79522866362401e-06,3.02918703639519e-07,-1.73031715853972e-06,1.49783450428667e-06,-9.65175595219026e-07,-2.21516308920336e-06,5.03019751511733e-06,-3.05596910627369e-06,1.37004159668521e-06,-2.03614160308374e-07,-7.42385574382263e-06,6.21343325607297e-06,-1.41412697288525e-06,-3.35324426474517e-06,-0.000128146493504239,4.05816015928307e-05,0.000480221410743762,9.3204924764554e-05,7.85767878660154e-06,-6.34554030418321e-05,0.00040050905812304,3.27366402100013e-05,0.000383250981422367,-1.00367424472508e-05,0.000153785776186785,-3.33127398154523e-06,-0.000172053745498431,-5.61878926508206e-05,5.99589783522653e-05,1.65857200254359e-05,6.14707066963173e-05,2.51311023956366e-07,-3.80227896468314e-07,2.47625740634894e-07,1.13616314424264e-07,1.63017129647569e-06,-2.41555824868495e-07,-8.95992534601025e-08,1.65855477038821e-07,2.55597701320209e-07,1.17138167992818e-06,0.00190815813398688,-0.00104917727894717,0.00123189476154674,0.000166112686004339,1.69764900877909e-05,6.89716979016732e-06,0.000161417664629388,-0.000123916078343245,0.000109071040081113,-2.15231646053736e-05,2.46044522780713e-07,-0.00124884914171307,-0.000310402055621175,-0.000584480358093796,0.00647743012561037,-2.53846360995604e-05,5.57050527886771e-05,-1.92498772709654e-05
"north_west","rel_p_D_alpha",1.26286601027768e-05,0.00141249387751861,8.443842915751e-05,1.36451019623532e-05,-4.00385088544376e-05,-1.71272220704461e-06,-5.24900197114774e-06,2.77539370420058e-06,4.43544983458015e-07,1.38793000247808e-05,-2.08007849773296e-05,-2.91898499862468e-06,4.95756251590759e-06,-7.65137790112735e-06,1.48370937673241e-06,0.000110202073367368,-2.03372847867381e-06,4.13449937320425e-06,3.57033345068108e-06,-1.68084210959979e-05,7.85307168099379e-06,-4.79537312374777e-06,2.63997290605271e-06,5.03036658747337e-07,-2.91866245760879e-06,2.6539719382244e-06,-3.73999031886872e-06,1.23051620507549e-06,3.93985182622323e-06,-3.31247451643033e-06,1.86045804656107e-06,1.15005533119222e-05,-1.40947374871226e-05,1.08804633128068e-05,-1.3901950098143e-06,-1.02429594410659e-06,1.26731891630057e-05,-8.18205333860899e-06,-1.54987849834056e-06,1.02768469066267e-05,-1.03683922018735e-05,-0.000355806324594016,-0.00322638795622431,-0.00101993153009129,-0.000579188680229946,0.000614541369721209,0.000228117677673435,-9.4605049150526e-06,-0.00187759522422829,-2.0917146278695e-05,-0.000608608903888345,-0.000141370647316459,0.000139022324234285,0.00025953245975131,-1.72230701738749e-07,6.85014328535678e-06,-0.00022510272462606,-3.34388352536997e-07,6.88205577316084e-07,-4.84077159927609e-07,-2.09057066356825e-07,-1.68699790162713e-06,6.51915612929179e-07,4.43212279745532e-07,2.12206893568718e-07,-6.51925145703088e-07,-1.49389580858968e-06,-0.00104917727894717,0.00608699893759713,-0.00330790282439075,-0.000596367993830725,0.000162401443477104,6.29872552985067e-05,-0.000226065319995427,-7.54016398778409e-05,-0.00019051405278981,7.87964053639926e-05,-7.99812246108888e-07,-0.00103842464250902,-0.000223208078680883,5.05541843045174e-05,-0.0115266927601714,9.90627534774564e-06,-4.2137209325508e-06,-2.95015007393639e-05
"north_west","rel_p_D_delta",-2.70410135797859e-05,-0.000271286153257275,-4.23588949796796e-05,-1.72414125867796e-05,2.99143494085607e-05,1.73629377040235e-06,-2.97498413538714e-06,5.01107080545194e-06,-4.66366004377117e-06,-4.51751890656941e-06,1.75266396011421e-05,2.99498018562561e-06,-3.27007243209446e-06,8.87829707802846e-06,-6.04765839199112e-06,-8.44734493152251e-05,4.96884997324246e-06,-3.79027308784585e-06,-7.69973945460458e-07,1.51140032370019e-05,-8.61518480741457e-06,8.09889839335552e-06,-2.47380166315497e-06,-4.1091330181071e-07,9.38386096404738e-06,-4.61692710119286e-06,2.9672689005393e-06,1.7242877428333e-06,5.06191710012254e-07,4.16180663430466e-08,-5.86657734756793e-07,-5.03356812491431e-06,1.35176752227123e-05,-2.73643256979733e-05,2.19660765176503e-06,-1.140830751802e-06,-1.09909093307231e-05,8.71240361426132e-06,-1.41046797143946e-06,-7.43690577843439e-06,-0.000188995849373794,0.000180923288553137,0.001725225795773,0.000160112973988229,2.23264399419601e-05,-0.00031589043664194,0.00117437798446441,2.45496129196335e-05,0.00155337908480785,4.23126902708916e-06,0.000334523730519496,0.000121479856402795,-0.000264696236654811,-0.000191866564051344,2.05962579565553e-05,1.08818375348571e-05,2.33894258962718e-05,6.50549190705178e-07,2.83862834940016e-07,8.56751897790053e-07,-7.56063672730679e-08,1.65979239236804e-06,-4.33040641606824e-07,-9.41466377276418e-08,1.86270614989445e-07,5.86897350825053e-07,9.86333905517365e-07,0.00123189476154674,-0.00330790282439075,0.00457777138466112,0.000130935329294628,-0.000301807218402273,0.000205639979986661,0.00025978601867481,-0.0001057434331926,8.51364630918626e-05,-2.27063041246297e-05,5.51136824245484e-07,0.0030274139190261,-0.00203766945053714,0.000220734793436406,0.00926952461878226,-2.01775221778113e-05,3.33506609004463e-05,1.16518441524064e-07
"north_west","rel_p_D_omicron",-2.62972517621639e-06,-0.00240072784689866,-1.3549831584373e-05,7.2930795769825e-06,1.08227283878349e-05,-2.28498203124948e-06,5.1099925974141e-06,-1.30517511147449e-06,-4.86226730809698e-07,-2.25827710357518e-06,3.10442014764949e-06,7.97483728814322e-07,9.71873196118695e-07,2.2151461295558e-06,6.89089199250484e-07,-2.35062935401136e-05,3.80402567636917e-07,8.38899103159966e-07,-7.86844978446319e-08,5.68576003589868e-07,2.25828404813018e-06,2.79050525409651e-07,3.1410841863141e-06,1.23330872084812e-06,1.14644556574116e-06,5.6291099914448e-06,-1.00152669416638e-06,1.99665043542138e-06,2.99912645181977e-06,-1.09567971477963e-06,8.2921315188643e-07,-1.83132009564224e-06,3.40793306361187e-06,-6.99837136331442e-07,1.43310456615257e-06,-1.25459840777863e-06,5.20490062193147e-06,-6.65252939653939e-06,5.91780245142352e-06,1.43300709664866e-07,4.92987944497825e-05,-4.0107704794052e-06,0.000326949278743049,0.000121269697980349,-0.000579000084839029,2.53691153813785e-06,-0.000468209066982497,-5.37708945170733e-05,2.09585505022435e-05,8.15090916362809e-06,9.8449817990045e-05,-3.88305973417517e-05,-8.99441041288878e-05,2.50304696359932e-05,2.62920875023657e-05,-9.99365851014963e-06,-1.38342100608724e-05,3.38064949140865e-09,-1.58930711424004e-08,3.19926511630138e-07,4.15642919835644e-07,4.54504149949729e-07,-4.96374344258388e-08,2.12311100084145e-07,3.03001756716902e-07,2.97762502302532e-08,1.60829152480918e-07,0.000166112686004339,-0.000596367993830725,0.000130935329294628,0.000953627123014621,0.000109905782294617,-0.000117860413152447,0.00016595071110973,7.44559048919449e-05,6.8685254773869e-05,-3.78156384293414e-05,2.68972256509078e-07,-0.00627065116315156,-0.000130203481350771,0.00028150949368936,0.00251425542300605,-4.79518761539516e-05,3.22979214805914e-05,1.64607823253569e-08
"north_west","rel_p_H_alpha",8.32749221211301e-06,-0.00178245421436685,-2.83037517682994e-06,6.33675170359716e-06,7.99439798809431e-06,-7.13647816167048e-07,4.36913392072224e-06,-1.06008264099494e-06,2.131874315676e-06,-4.47407230213786e-06,4.29355178794427e-06,3.71378954531681e-07,6.00558852013639e-07,-3.92890990552765e-07,3.13566274720826e-06,-5.02972621684234e-07,2.01088658444059e-07,1.09200755124755e-06,6.84242152972211e-09,1.09130635257459e-06,2.49546528965815e-06,-3.1803924413509e-07,2.59606382925656e-06,3.18314305328185e-07,1.56313144128976e-06,2.96588215428422e-06,-1.39334637702942e-06,1.26645878261906e-06,2.50275687636836e-06,-5.37067716288912e-07,1.19564542621809e-06,1.48708443257827e-06,-6.53804231868391e-07,9.81830979234215e-06,1.3297144781668e-06,-1.49966068623132e-06,4.85786767719583e-06,-3.8009743799439e-06,4.57400749725738e-06,1.56744195181077e-07,4.54091894287669e-05,2.90795337619442e-05,-0.000164955945282021,-2.70896241557432e-05,-6.52304764846244e-05,0.000100752011610629,-0.000464113889750971,-6.69010306410503e-05,-0.000202477522311065,-5.97638473570873e-07,1.13815629986061e-05,-0.000143447296521815,-0.000250797628520508,6.2458899883822e-05,1.87084164657734e-05,8.90123696625605e-07,-7.90432510935343e-05,-1.14505068306067e-07,1.07246598112027e-09,1.94751704285812e-07,2.45843981429076e-07,-3.99116026659916e-08,-4.4114179907775e-08,4.79750460030218e-08,4.88388929714263e-08,5.73999607687944e-08,9.12458138007712e-08,1.69764900877909e-05,0.000162401443477104,-0.000301807218402273,0.000109905782294617,0.000667937642765689,-0.000371237755884129,0.000139444991776236,-0.000184532675519591,0.000194505305569249,-3.0963615044941e-05,6.65612987879215e-07,-0.00206493347638454,0.00139828792030456,-0.000220042123631275,0.00164000826955597,-1.12555771061229e-05,-1.63688308768224e-05,-8.1331223698644e-06
"north_west","rel_p_H_delta",-5.58697032821558e-06,0.00117368610994107,5.29132438005736e-06,-5.77234893497566e-06,-7.45484940986569e-06,1.22747563151244e-06,-3.35929381486797e-06,2.2809338467323e-06,-1.57665507534295e-06,4.30359559105643e-06,-2.80139013885938e-06,1.96653330417957e-07,-2.49085973441053e-08,9.38033939357982e-07,-2.54335837525349e-06,4.0732746307117e-06,4.61450119795995e-07,-1.06737221995723e-06,5.6912338389435e-07,-7.3230421256599e-07,-1.45625344777188e-06,-2.3025450107273e-07,-1.71937973796563e-06,-1.4307381971545e-06,-5.40146039703359e-07,-3.34436306019547e-06,7.86824304324516e-07,-7.24558541066629e-07,-2.36448445893258e-06,-4.70360001101263e-07,-1.22302493579788e-06,-2.43825728314569e-07,-2.76736571416326e-08,-8.69803523505547e-06,-4.76383962554828e-07,1.19006365793557e-06,-4.07977091214667e-06,4.21632686210165e-06,-3.57458450853335e-06,-4.48472963076251e-07,-4.83043546102871e-05,-9.62453524681134e-06,-4.08148376208038e-06,-4.69588740288623e-05,3.61514722265816e-05,1.89826866400512e-05,0.000470059717933373,-4.04177837409767e-07,1.00619043344326e-05,-6.66234824076909e-06,-1.27939205586945e-05,1.27833940768747e-05,-6.12385701256411e-05,-1.34877275974112e-05,-5.55892437834621e-06,5.08910560143492e-06,3.78061515713338e-05,1.88547969430132e-07,3.01876424264925e-08,-6.11957022166864e-08,-1.46378068287002e-07,1.93519956772606e-07,2.82966034220945e-08,-3.79030313178498e-08,-1.08561280225645e-08,-9.58352195051604e-09,-1.91030011481868e-08,6.89716979016732e-06,6.29872552985067e-05,0.000205639979986661,-0.000117860413152447,-0.000371237755884129,0.000488715961997623,-6.01560088254207e-05,0.000118244342186543,-0.000244012865011272,4.2047457735984e-05,-3.07113278373576e-07,0.00200091732158638,-0.000919044006954037,-3.30107909508645e-05,-0.00213806151723025,1.49091883358811e-05,2.1279786082492e-05,4.67519753070579e-06
"north_west","rel_p_H_omicron",1.35605160280991e-06,-0.0031622850905496,-1.16567698178757e-05,2.47868357601502e-06,1.51712312284003e-05,-1.2510939979267e-07,3.74867245697368e-06,-2.05577904581543e-06,9.69227089491804e-07,-2.14437527512321e-07,2.85060900383825e-06,1.24287228208676e-06,2.10666648108963e-06,3.23548816376319e-06,9.45223497813001e-07,-1.67425109592675e-05,2.73959753728222e-06,-5.21157134439495e-07,2.31504049050973e-06,1.2627355469537e-06,3.96445841094846e-06,1.21566713460757e-07,4.71786037937324e-06,2.46718297268779e-06,5.91372976711451e-06,2.12145524512622e-06,-1.83574673082111e-06,8.71160739466822e-06,3.25912508043349e-06,1.22175699932313e-06,2.81711404900968e-08,1.12130405683886e-06,3.77229497724495e-07,7.880607978613e-06,1.92542211819815e-06,-1.4676615911929e-06,4.42918353191105e-06,-5.53966586862693e-06,6.15665339221378e-06,6.07048530995604e-08,-5.55569381238024e-06,-1.00786910320252e-05,0.00011846798981321,-7.30331040979577e-06,-7.99651508302961e-05,-8.48332667611665e-05,6.21210311986781e-06,1.55969907289847e-05,-0.000143246857231996,3.84348021418717e-06,5.19120099446023e-05,-9.86757083412887e-05,-0.000855523848581314,3.01481160117096e-05,2.87294375162179e-05,-1.82684376539707e-06,-2.00956216041638e-05,2.26282179400269e-07,5.0784784130608e-08,7.66339410354739e-07,4.12234616029431e-07,1.06581344378959e-06,7.36473772754654e-08,3.40247697928542e-07,3.85061661178035e-07,1.00298890527533e-07,4.70107047792331e-07,0.000161417664629388,-0.000226065319995427,0.00025978601867481,0.00016595071110973,0.000139444991776236,-6.01560088254207e-05,0.00102872581175346,-4.12314799237189e-05,0.00013136497239667,-2.44295826477474e-05,3.0143071563142e-07,-0.00752368593717501,0.00041337585458276,-0.000290496811177278,0.00377440037999854,-5.46816365635815e-05,4.35178119193983e-05,-3.47172729114762e-05
"north_west","rel_p_ICU_alpha",3.25575871710173e-07,0.000203115583374474,-1.10401247430483e-06,-2.2580381566798e-06,-6.94752220830111e-06,-1.15275263910316e-06,1.83745566770796e-06,-7.14578936565209e-07,5.00186188977421e-07,-1.13884751332742e-06,-7.55710851467077e-07,-4.47561061106328e-07,-5.30815522710253e-07,-1.09531579994805e-06,5.48695221015335e-07,1.11276319702959e-05,-1.39229559658968e-06,9.65312406453933e-07,-2.53071666807926e-06,-1.36338805256026e-06,6.30860329563486e-07,-9.32489429900074e-07,-6.57799311042521e-07,6.06051821547066e-07,-2.23846111111287e-06,3.6618267224237e-07,-5.50797000864074e-07,-7.5353184187696e-07,-3.28487875810619e-07,-2.53464324824142e-07,3.06015846896045e-07,-7.40671006323696e-07,1.7821546995318e-06,-1.77531548658608e-06,4.07305367364756e-07,-7.88690857613394e-07,1.98471313344643e-06,-1.56178397316545e-06,6.65331065641218e-07,1.71133033893212e-07,1.10856151420593e-05,-1.44745365781798e-05,7.3763095977805e-05,2.32871759903667e-05,-2.93116608004445e-05,3.47270568894754e-05,4.33328028951065e-05,-2.31209579729854e-06,-4.27867325184701e-05,-9.50982607853242e-06,-1.1192668740973e-05,1.44415239569697e-05,3.61933039966258e-05,-5.89119072501748e-06,1.27869123780646e-05,-2.49367216488184e-05,7.34999843322992e-05,-1.43024034876934e-08,9.70908674806729e-08,-2.04886518784484e-08,8.13129525654254e-08,-2.16913705497263e-07,1.61457805626302e-08,8.36842960938698e-08,6.54453928559144e-09,-2.05187525833379e-08,-1.66383468464564e-07,-0.000123916078343245,-7.54016398778409e-05,-0.0001057434331926,7.44559048919449e-05,-0.000184532675519591,0.000118244342186543,-4.12314799237189e-05,0.000561483303287088,-0.000236577956226368,-6.23774074665116e-06,4.95243520319901e-08,0.00142744252609935,0.000430998244958915,-4.71377236642726e-05,-0.00180696406628877,2.34940613296194e-05,-4.51092098423705e-06,-4.68112042049489e-06
"north_west","rel_p_ICU_delta",4.03847251984545e-06,-0.00086310380735278,-6.94515073816622e-06,4.97379676529333e-06,1.18557259192742e-05,-9.07899408854095e-08,1.60144809124477e-06,-1.89704653964096e-06,1.59998612673448e-06,-3.76392603869468e-06,3.69625274350464e-06,1.52962487910232e-07,-1.3171918752426e-07,1.17668144117319e-07,1.28963420648898e-06,-1.80520375908437e-05,-2.41286008970216e-07,4.21538044393426e-07,-5.25385252736178e-07,1.18396681071757e-06,2.41016892414922e-07,2.86829566257318e-07,5.72759233347703e-07,1.36272848574712e-07,9.87006594606231e-07,1.09282846530975e-06,2.26685805267351e-07,-1.26271766829143e-07,1.12759590238234e-06,-3.64970158329785e-07,6.03199107359856e-07,-1.24349179888223e-06,9.67136436542963e-07,3.92596959370728e-06,1.95294581391591e-07,-5.05961787843084e-07,9.56975395166898e-07,-1.45978204829308e-06,2.1372256063814e-06,-7.80123027938095e-07,1.95408143057528e-05,3.15951534786068e-05,7.75425032501758e-05,4.34489044977015e-05,-1.54544396586432e-06,3.65721225390292e-05,-0.000315837095057789,4.29090237773527e-05,6.48824671017592e-05,3.67304350741649e-06,3.44318604100276e-05,-2.94723071338426e-06,-5.8084592376702e-05,-6.16945819827682e-07,4.22548155371952e-06,-9.3732529682253e-07,-4.66966368344464e-05,-6.3553343076349e-08,-1.23956301383424e-07,9.91815099852203e-08,1.05933631723523e-07,1.14795273301419e-07,-2.03542932575678e-08,-5.17507033593046e-10,4.9449099665236e-09,4.71665430642504e-08,1.90351454596473e-07,0.000109071040081113,-0.00019051405278981,8.51364630918626e-05,6.8685254773869e-05,0.000194505305569249,-0.000244012865011272,0.00013136497239667,-0.000236577956226368,0.000323784976908635,-4.26056492681862e-05,2.3777049223732e-07,-0.00111916010554786,0.000621183839456766,-8.25995865915632e-06,0.00347259764947653,-9.26255892148053e-06,-4.43532644300955e-06,8.4592465543266e-07
"north_west","rel_p_ICU_omicron",-1.1298424188855e-06,0.000187648533166801,2.34091480285293e-06,-1.27705692418828e-07,-2.66418549030991e-06,2.61623612008585e-07,-8.43317970398078e-07,6.88534849654323e-07,-5.35618843887622e-07,1.27322350505068e-06,-1.18724117822372e-06,2.28587984488942e-08,8.84319425453541e-08,1.81790992213247e-07,-4.49583191866886e-07,3.91820513821943e-06,1.86482639346499e-07,-1.79688752982499e-07,1.99315073428159e-07,3.59121530834153e-07,-2.2332852960289e-07,5.24938381555687e-08,-5.30562857442176e-08,-2.37376341491395e-07,9.4940271713323e-08,-1.58032605942845e-07,-9.04894128091432e-08,6.05743727855799e-08,-1.77690251042018e-07,1.67206665031727e-07,-1.97609926801421e-07,3.42810114838737e-07,-4.11551130714886e-07,-7.75390286717699e-07,-1.04494291763712e-07,3.85154355554487e-07,-6.68941020021667e-07,6.54102132455278e-07,-7.96205985229944e-07,4.08134667904766e-07,-5.76854491728658e-06,-6.3468861786442e-06,-2.50850690835737e-05,-1.54567870687457e-05,1.81929772944411e-05,-4.1621289983391e-05,7.41516446858172e-05,-7.6638816840616e-06,-3.01916305587176e-05,-1.93705592568161e-07,-9.74556546441174e-06,1.62426138350772e-06,2.82251133724144e-06,-8.72990282858341e-06,-4.73523606635461e-06,1.74501702794259e-06,3.40895451790414e-06,-5.93488680027838e-09,2.83795963239143e-08,-1.13847983627614e-08,-2.4042910730622e-08,2.29241207073128e-08,8.35461942544252e-09,-1.3684801509031e-08,8.73375172409385e-09,-1.41584171290677e-08,-4.97316887524172e-08,-2.15231646053736e-05,7.87964053639926e-05,-2.27063041246297e-05,-3.78156384293414e-05,-3.0963615044941e-05,4.2047457735984e-05,-2.44295826477474e-05,-6.23774074665116e-06,-4.26056492681862e-05,2.68784653169884e-05,-9.90845014169069e-08,7.94787980241239e-05,-0.000275025408335743,2.75036588119924e-05,-0.000871172759284131,1.01558940592845e-06,9.40206410496265e-07,-2.76675023761743e-07
"north_west","rho_pillar2_tests",-1.6787820793866e-08,-3.60546179094992e-06,-6.96436056044381e-10,-1.13127655972647e-08,1.33069445167893e-08,-2.46060022902256e-09,1.14450299046058e-08,-4.21157401906534e-09,8.98255638774512e-09,-1.66793856638643e-08,9.71755038663128e-09,-5.34105151807145e-10,-2.76465414580587e-09,8.75198296394951e-10,2.36880734506975e-09,5.75410777006239e-08,-3.63280730131992e-09,1.59770292708526e-09,-1.14687322192629e-08,2.27657239586188e-09,-6.83084383973327e-10,-2.10356863283003e-09,-1.95014597611146e-09,-6.09162540195564e-09,1.86538954359727e-09,-2.09545056685945e-09,-4.78454242607215e-09,-8.87519671784827e-09,3.01837013529682e-09,-1.12021283742644e-08,1.8526948334274e-09,-7.30335549721804e-09,3.30196812665899e-09,2.58477400678347e-09,3.53779591725361e-09,-6.05949828075938e-09,1.07234621303938e-08,-6.66214575177383e-09,1.05523164058336e-08,-2.75684799357099e-09,6.25199054700674e-08,-2.40055582183708e-08,1.8018749513372e-07,-1.58254235484098e-08,-1.66272540197001e-07,7.24640602259616e-07,-1.44382909754052e-06,-6.7357642067153e-08,-2.49894593198551e-07,-4.04446606308614e-08,3.76992388113008e-08,-1.87819342590067e-07,-4.79286740307268e-07,2.30099079391526e-07,1.67641800422819e-08,-1.00419506927039e-08,-3.80984844599911e-07,-3.19822832354664e-10,1.94276882155063e-10,4.42114103905275e-10,-2.40628036827487e-11,-1.55760534344596e-09,-2.06439990763779e-10,-3.87177201013823e-10,-4.31280371137679e-10,-4.1065031360301e-11,-8.23937034360489e-10,2.46044522780713e-07,-7.99812246108888e-07,5.51136824245484e-07,2.68972256509078e-07,6.65612987879215e-07,-3.07113278373576e-07,3.0143071563142e-07,4.95243520319901e-08,2.3777049223732e-07,-9.90845014169069e-08,9.78405021733196e-09,8.25613379769806e-06,3.68616246301541e-06,6.66894500943838e-07,5.72723802203331e-06,1.10648728488925e-07,2.16534904666145e-08,-3.5249314523395e-09
"north_west","seed_date_alpha",5.6952034054151e-06,0.0594503856618484,6.74697577403675e-05,-0.000117037521659531,-0.000302973531208609,-2.38728355797801e-05,2.69883526322716e-06,5.17511125488787e-05,-9.7361884036487e-06,2.13895286470648e-05,1.07719727672906e-05,-0.000109185548536226,-0.00018521806094086,-0.000188536802584698,-8.96972865528223e-05,0.000275844289594683,-0.000235791807852007,-9.00447223113437e-05,-0.000258927829751466,-0.000116839289590999,-0.000229345710434783,-0.000144193106776553,-0.00030842177600852,-0.000181518902416321,-0.000367093530251592,-0.000319632091533296,3.57569185912013e-05,-0.000327952307077323,-0.000311536539779336,-0.000257786159813269,-6.41263732693016e-05,-0.000227655472419075,-0.000109012376050758,-0.000292226872103111,-2.4721520548039e-05,1.4652451715721e-05,-0.000131186926586467,0.000164910032843166,-0.000105426121839355,-5.48141526390711e-05,0.000359981462656919,0.00202365807950364,-0.000758682561896383,-9.61438675264418e-05,0.00454614716089945,0.00919752252853409,-0.0037210574542582,-0.0015469372656731,0.00646189297487434,-0.000441777934945594,-0.00075996525633038,0.00191676775374547,0.00537573637209163,-0.000848311779847003,-0.000462938817667143,-0.000143576966946652,-0.002568064202165,-4.65907337142396e-06,5.30386499743951e-06,-9.0735110782361e-06,-7.236963783721e-06,-1.02405160740507e-05,-4.19407437182048e-06,-1.02189315865322e-05,-1.02502968117785e-05,2.63331587417478e-06,-9.64112560410401e-07,-0.00124884914171307,-0.00103842464250902,0.0030274139190261,-0.00627065116315156,-0.00206493347638454,0.00200091732158638,-0.00752368593717501,0.00142744252609935,-0.00111916010554786,7.94787980241239e-05,8.25613379769806e-06,0.845661844367157,0.0567991200930258,-0.00249734607975342,-0.074650787687608,0.00784766182055625,-0.000464516319016605,0.000412499834050471
"north_west","seed_date_delta",1.3935809393722e-05,0.000832360805501589,-7.27884281147651e-05,-1.2630903844025e-05,5.65447211100914e-05,-2.89122110983022e-06,4.77219540975688e-05,-3.38873217658747e-05,2.49566496914366e-05,-4.70546910815468e-05,3.0547406144275e-05,-6.87832616347993e-06,-1.84764106609509e-05,-2.11698764632669e-05,1.70365695478547e-05,-8.18804636677897e-05,-3.8481616890399e-05,-5.89145763033139e-06,-5.78976961998132e-05,-9.47059251502586e-06,-1.83094109523785e-05,-2.88362353804763e-05,-3.67792541533243e-05,-2.40531046317374e-05,-5.35011107694394e-05,-3.38311126247033e-05,1.33349743480711e-05,-3.97472247009768e-05,-4.06960067010825e-05,-4.69169246183051e-05,-4.19848080406403e-06,-5.02199485975146e-05,-1.17163340477807e-05,1.90754869497294e-05,-9.56003586024756e-06,8.71822554695511e-06,-1.43499882012342e-05,1.98010113633043e-05,-2.3816976683163e-06,-2.09861797580479e-05,-5.10538576925019e-05,0.000369949433553102,-0.000196931725230508,0.000233125730282134,0.000492329877481392,0.00211224698079103,-0.00450126212695495,0.00119399320454875,0.000492351960574527,-9.20905846491861e-05,3.37494194003967e-05,-0.000159094789250735,-0.000817022376845327,5.92423617568004e-05,4.52420023962593e-05,-7.02028630498412e-05,0.000111237357322382,-1.25694182612122e-06,-7.93924263936713e-07,-1.0017730470991e-06,6.45099848722683e-07,-3.29000275095563e-06,-3.73750332352789e-07,-8.85761496563577e-07,-1.95353547474992e-06,7.29507851916766e-07,8.28273077254789e-07,-0.000310402055621175,-0.000223208078680883,-0.00203766945053714,-0.000130203481350771,0.00139828792030456,-0.000919044006954037,0.00041337585458276,0.000430998244958915,0.000621183839456766,-0.000275025408335743,3.68616246301541e-06,0.0567991200930258,0.0416695328539687,-0.00147918342135626,0.0194531784267341,0.000649148324942899,0.000402164622470198,9.78381039525209e-05
"north_west","seed_date_omicron",-3.44401747614158e-05,0.000353770750213311,7.00403447507253e-05,-3.38131893061947e-06,-4.56231089537648e-06,-4.08670087543004e-06,1.33728810941801e-06,4.86700543117818e-06,-8.52448637366062e-06,1.30165284311898e-05,6.50121173825929e-06,9.26200080293517e-07,2.01785638923025e-06,7.28220213812495e-06,-5.71911579056203e-06,-1.13692307926983e-05,5.46509211507824e-06,-6.71591705523731e-06,2.30224441916411e-05,-2.06212409831001e-05,2.33453498696407e-06,2.25777497812716e-06,-1.23791915943073e-06,7.38605196489934e-07,5.04223983035004e-06,1.77681630904992e-06,-2.37359692670736e-06,-8.56445370572679e-06,1.01910891087391e-05,-4.92329499636644e-05,-1.51392044197929e-05,-3.78079202087747e-05,-2.8670383345348e-05,-3.40283789370545e-05,3.07467131592e-06,-1.97614125557126e-06,-2.2154402630746e-06,1.28001434231468e-06,4.94771579473997e-07,2.92751063779858e-06,-0.000288240069920275,1.54203139733722e-05,-7.52717408360309e-05,0.000168640505748931,-2.97276823030475e-05,-0.000263612206800683,0.000439213869252546,-5.3581902106998e-05,0.000179063551957763,5.1818776630364e-05,0.000159694804652246,8.48184021002318e-05,0.000657689290062472,-8.90942661795934e-05,-4.16180691244015e-05,1.25916954222467e-05,0.000171779028419271,-2.85283333019085e-07,7.1096999518814e-07,-1.11009655174306e-06,1.13422486050993e-07,2.90632898892711e-07,1.56405601410355e-07,2.29624647813126e-08,3.44745796689819e-07,-4.70799212757188e-07,1.64250932451851e-06,-0.000584480358093796,5.05541843045174e-05,0.000220734793436406,0.00028150949368936,-0.000220042123631275,-3.30107909508645e-05,-0.000290496811177278,-4.71377236642726e-05,-8.25995865915632e-06,2.75036588119924e-05,6.66894500943838e-07,-0.00249734607975342,-0.00147918342135626,0.0289069478956344,-0.00278809542842444,-8.24382757449454e-05,8.68621527451402e-05,0.000930368757928231
"north_west","start_date",3.01307846986322e-06,-0.0321268467925295,-0.000344767748500918,3.84973245610756e-05,0.00100291776256348,-1.11095655897047e-05,8.79485791000527e-05,-6.54184595154448e-05,2.62508787619408e-06,-7.85239407544584e-05,0.000113308813027072,2.31593571950875e-05,-8.11718248574574e-06,4.62655423709747e-05,5.23973386126981e-06,-0.00108607606879082,-2.45825728779354e-06,-2.59028708990276e-05,-1.5446673853068e-05,4.80620768164776e-05,-3.2960179132678e-06,-2.0333783489415e-05,-4.83299326380771e-06,-2.41351578490648e-05,4.11780412369171e-05,-1.20491258293038e-05,8.89025948167813e-06,-1.2294526159952e-05,-3.13480390004158e-05,2.60955170223478e-05,-3.50518666888296e-05,-1.93819723226177e-05,-4.76434289659922e-05,0.000211777249133314,1.6904880731225e-05,-3.27012822546359e-06,-5.33643700884175e-05,4.2631378562613e-06,4.74789636214294e-05,-4.33694116250395e-05,-0.00131891395303555,-4.44732126165907e-05,0.00689456334709624,0.00128459652631839,-0.000816260191287448,-0.00390571722503218,-0.00478357854547976,0.006356202558965,0.00308577112837825,-0.000203151310343013,0.00170250893397788,5.71322582071096e-05,-0.00136133193416767,0.000172841036657105,0.000428820927792582,-3.59328718076501e-05,0.00183199114336006,4.48000539694473e-08,-1.09630380301789e-05,4.4923711514503e-06,1.24425250398094e-06,8.02649029969196e-06,-1.60131896483644e-06,8.11275189624185e-07,1.56565355384982e-07,3.12761564695048e-06,1.13405820512334e-05,0.00647743012561037,-0.0115266927601714,0.00926952461878226,0.00251425542300605,0.00164000826955597,-0.00213806151723025,0.00377440037999854,-0.00180696406628877,0.00347259764947653,-0.000871172759284131,5.72723802203331e-06,-0.074650787687608,0.0194531784267341,-0.00278809542842444,0.327367079990429,-0.000722989409436185,0.000893079167602179,5.56195798973726e-05
"north_west","ta_alpha",1.0130469884266e-06,0.000479759779295112,-8.97599649707744e-08,-5.30073040880785e-07,-2.89562426416259e-06,-1.06528018995501e-07,5.31199574450016e-07,-8.64184734978502e-08,3.35684280026371e-07,-3.2078541782451e-07,-1.15697980055528e-08,-1.17882310327766e-06,-1.74711616556367e-06,-1.9173531136549e-06,-7.42260118928663e-07,3.64670688114981e-06,-2.4412005804214e-06,-9.37327237466371e-07,-2.58969827376646e-06,-1.33768404215699e-06,-2.02212716831261e-06,-1.63885834410481e-06,-2.93517072341546e-06,-1.53694852695842e-06,-3.92938831444394e-06,-2.84306653567606e-06,2.10129369662424e-07,-3.0512617915071e-06,-3.11315870021626e-06,-2.3925789186667e-06,-6.96790290842834e-07,-2.04224304293724e-06,-1.35059831718939e-06,-1.85364715629234e-06,-2.09778987229293e-07,2.88921153493894e-07,-1.17673921406041e-06,1.39367263256026e-06,-8.29705990722247e-07,-6.06157567719965e-07,6.28657687106859e-06,1.68055443315504e-05,-1.26263218797915e-05,-3.78870573137427e-07,3.77993820166457e-05,7.74759579355759e-05,-4.2638182108096e-05,-1.52533888861177e-05,4.83890111776468e-05,-5.35604415562936e-06,-6.49420413234915e-06,1.19165971056915e-05,3.4283755770218e-05,-6.44146034758355e-06,-1.9950150393094e-06,-2.64907975466419e-06,-2.48266465556249e-05,-4.26850300166613e-08,7.69620980929878e-08,-5.26181662184986e-08,-3.12301440792299e-08,-8.72086325187109e-08,-3.18860526654221e-08,-7.47150525423504e-08,-9.09631896538763e-08,2.4840473710201e-08,-6.0397711414192e-09,-2.53846360995604e-05,9.90627534774564e-06,-2.01775221778113e-05,-4.79518761539516e-05,-1.12555771061229e-05,1.49091883358811e-05,-5.46816365635815e-05,2.34940613296194e-05,-9.26255892148053e-06,1.01558940592845e-06,1.10648728488925e-07,0.00784766182055625,0.000649148324942899,-8.24382757449454e-05,-0.000722989409436185,8.06775979509511e-05,-1.86979070448032e-06,-3.44061641260686e-07
"north_west","ta_delta",-2.14828963429821e-06,-0.000133995183612373,-1.7356206972742e-06,-1.29083168558963e-07,2.76547670362794e-06,1.52376185904137e-07,6.95527532257033e-07,-5.70520481437522e-07,3.15874794513892e-07,-5.58908412384931e-07,7.58265309026363e-07,8.30925671533107e-08,1.19361541633568e-07,1.79521339837352e-06,-1.81624801576521e-06,-3.33948145333745e-06,-5.55301064133839e-07,-1.35202110355806e-06,-7.13149122070739e-07,-1.07310680945068e-06,-8.52859370337363e-07,-1.2936598473908e-06,-1.3771848547967e-06,-1.04194372309533e-06,-1.36002625535063e-06,-1.64552756325737e-06,3.95016120797919e-07,-1.18671398889224e-06,-2.01518147468188e-06,-1.06870180027542e-06,-1.28941514027022e-06,-1.11794697936343e-06,-9.41643621723816e-07,-1.72472005096582e-06,-2.11876011400789e-07,5.85753210275368e-07,-1.18584919556097e-06,7.53972911116144e-07,-2.69511326893525e-07,-1.59998977618391e-07,-2.35780754773106e-05,-5.10953569932986e-06,2.77827755405508e-07,-4.14895594575092e-07,-1.98911464357589e-05,1.91763076763405e-05,6.9248284521092e-05,2.56530686957893e-06,3.16373647862561e-05,-3.22904924185361e-06,8.58329448593504e-06,-3.37220529311123e-06,-3.33259771353989e-05,-4.83739138876015e-06,-1.62612899216885e-07,3.87959105678577e-07,2.51707530109604e-05,3.97748229553656e-08,-5.1969114632455e-09,2.67832640209042e-08,2.79957544664483e-08,7.00459358764479e-08,1.11758092461609e-08,-9.70066895557453e-09,4.03358539941951e-08,2.17095040427366e-08,1.34129057190708e-07,5.57050527886771e-05,-4.2137209325508e-06,3.33506609004463e-05,3.22979214805914e-05,-1.63688308768224e-05,2.1279786082492e-05,4.35178119193983e-05,-4.51092098423705e-06,-4.43532644300955e-06,9.40206410496265e-07,2.16534904666145e-08,-0.000464516319016605,0.000402164622470198,8.68621527451402e-05,0.000893079167602179,-1.86979070448032e-06,6.00228806475736e-05,-5.06021489579875e-07
"north_west","ta_omicron",-5.47446610696031e-07,0.000207705675906848,2.29441287741092e-07,-6.05853160680684e-07,-4.36850241962547e-07,5.64633274241211e-08,-6.04533948378882e-07,2.47120827534116e-07,-5.6123159385461e-07,-5.02011032648615e-07,6.78344082078975e-07,-2.50682761091034e-07,-2.17033032730947e-07,-4.32287294749913e-07,-4.65366748825062e-07,6.92471362985239e-07,-1.94205172240948e-07,-3.70364038684903e-07,3.13129489494526e-08,-1.03719024125885e-06,-3.96719721532407e-07,-7.43711084978044e-07,-8.75676632867353e-07,-1.12467501081878e-06,-9.07452050843341e-07,-1.56956182587355e-06,1.31104620373556e-07,-7.2139762188257e-07,-2.27656257007488e-06,-3.36305555947135e-06,-1.16842953403039e-06,-2.76380353353737e-06,-1.89503006490806e-06,-3.09197278627478e-06,-1.70894719106387e-07,-1.29664564552465e-08,-3.9238437641281e-07,1.71634673794393e-07,7.96340901856843e-08,-6.21416957227035e-07,-2.88602550990549e-06,4.95548764211502e-06,1.05722558601082e-05,1.19898295212603e-05,2.07252907636375e-05,2.14732590969733e-05,-2.66608144865603e-05,-1.59880151353568e-05,3.1624922516531e-05,2.15679320223372e-06,-1.92098380556024e-06,2.28402693428873e-05,4.10912344760787e-05,-6.30045534033486e-06,-3.94382390193937e-06,2.69126825527218e-07,4.29940036702392e-06,-9.98446962505398e-08,-8.39087061554556e-08,-1.67661517379648e-07,-8.76633404517435e-08,-2.4797881172285e-07,-4.67099803897458e-08,-8.43344711421098e-08,-7.04764500269101e-08,-5.564707767935e-08,-9.95592962916083e-10,-1.92498772709654e-05,-2.95015007393639e-05,1.16518441524064e-07,1.64607823253569e-08,-8.1331223698644e-06,4.67519753070579e-06,-3.47172729114762e-05,-4.68112042049489e-06,8.4592465543266e-07,-2.76675023761743e-07,-3.5249314523395e-09,0.000412499834050471,9.78381039525209e-05,0.000930368757928231,5.56195798973726e-05,-3.44061641260686e-07,-5.06021489579875e-07,6.58996427764598e-05
