"region","name","alpha_admission","alpha_D","alpha_death_hosp","alpha_H","beta1","beta10","beta11","beta12","beta13","beta14","beta15","beta16","beta17","beta18","beta19","beta2","beta20","beta21","beta22","beta23","beta24","beta25","beta26","beta27","beta28","beta29","beta3","beta30","beta31","beta32","beta33","beta34","beta35","beta36","beta4","beta5","beta6","beta7","beta8","beta9","mu_D","mu_D_2","mu_D_3","mu_D_4","mu_D_5","mu_gamma_H","mu_gamma_H_2","mu_gamma_H_3","mu_gamma_H_4","p_G_D","p_G_D_2","p_H","p_H_2","p_H_D","p_ICU","p_ICU_2","p_ICU_D","p_NC_15_24","p_NC_25_49","p_NC_50_64","p_NC_65_79","p_NC_80_plus","p_NC_weekend_15_24","p_NC_weekend_25_49","p_NC_weekend_50_64","p_NC_weekend_65_79","p_NC_weekend_80_plus","p_W_D","rel_p_D_alpha","rel_p_D_delta","rel_p_D_omicron","rel_p_H_alpha","rel_p_H_delta","rel_p_H_omicron","rel_p_ICU_alpha","rel_p_ICU_delta","rel_p_ICU_omicron","rho_pillar2_tests","seed_date_alpha","seed_date_delta","seed_date_omicron","start_date","ta_alpha","ta_delta","ta_omicron"
"north_west","alpha_admission",6.01128551328648e-06,1.52309587181804e-06,9.21972660312344e-06,-3.50073698439266e-07,-2.83578636225983e-07,-6.98854813863971e-08,8.8281952918056e-08,-8.77702655934372e-09,9.59623859138086e-08,-3.65533269194479e-08,-1.47799293825905e-07,-2.25404832018146e-08,-1.73302588190134e-08,-7.41109444735213e-08,6.74310655604383e-08,1.65264763301764e-06,-2.48630514968886e-08,4.33593981367599e-08,-2.38890431483347e-07,3.32287675106824e-07,-8.28632771528767e-08,8.13892384489012e-08,-6.23306006838121e-08,3.21164453707342e-08,9.80064234027919e-08,-8.17059560883173e-08,7.03883364177114e-08,5.61174313593885e-08,3.0552092661954e-08,-1.10537251382299e-08,5.28696958135917e-09,7.79170343156735e-08,1.25953105261865e-07,-1.58127542758409e-07,-3.87832136627224e-08,5.07322809469516e-08,-3.66483331277742e-08,6.02261422092943e-08,1.25506300926632e-09,9.83106824880068e-08,3.61934763851304e-05,9.89322578387643e-07,3.89931412675599e-06,-2.78147570750937e-05,1.45597151983275e-05,-7.89564811030553e-06,-2.81376323192214e-06,-9.88475144033682e-07,-3.50681634798316e-07,2.28533419232783e-06,-2.98828937714895e-07,-1.25810391661055e-06,-7.63254225900676e-06,8.01190893800079e-07,-1.5370268008005e-06,4.74109334646263e-07,-5.36194529873938e-06,9.92436651778083e-10,4.33355225917307e-09,-1.70843142049477e-09,2.45899378768809e-09,3.47453185904568e-08,-4.51492100319376e-10,-9.03836820717015e-09,-6.5759209930462e-09,2.50402346815092e-10,3.21081275063222e-09,9.31720124754542e-06,1.87010776153138e-05,-6.76182650646327e-06,2.14475793451676e-06,6.85173868895844e-06,-5.14989387032451e-06,7.05020112830428e-06,-3.12701579503364e-06,-4.27246933484887e-06,1.65138497092993e-06,-2.58326810530154e-08,8.55746989039865e-05,2.9276025116956e-05,-1.39762942915085e-05,-3.07568813341454e-05,1.65217141676586e-06,-1.08913947721622e-06,-9.34262492244604e-07
"north_west","alpha_D",1.52309587181804e-06,0.000447248440430097,6.70660324733065e-06,8.18600408963703e-07,1.46158806686876e-06,3.17951011998141e-08,-2.05941918415695e-07,-3.16362908678862e-07,4.10573427880471e-07,4.97762966916391e-08,2.79271653450702e-08,-5.27836550208847e-07,-2.32291785258135e-07,2.67188938524169e-07,-8.62158620483921e-07,-2.96382857281717e-06,-4.86191561292908e-07,-8.99377138407436e-07,-9.64775939767183e-08,-6.17593652702278e-08,-5.93264596827899e-07,-1.0686585683597e-06,-1.22673047128916e-07,-1.59886027627745e-06,-1.32011273855752e-07,-1.38597513245776e-06,-6.07374048566027e-08,-3.87302042359484e-07,-7.62488202417947e-07,-8.08316040713648e-07,-9.55890102723721e-07,-1.4554324926236e-07,1.3129400354866e-06,-4.22606701103507e-06,2.45030298690134e-07,-8.01741101707645e-08,1.34698102037874e-07,-1.26211129787595e-07,-6.13362572722699e-07,4.3071458776545e-07,0.000233506484016102,9.58396296529653e-05,7.18354422643263e-06,-2.14674510656217e-06,8.95567616544591e-05,-2.3214579150335e-05,-1.24005791851168e-05,6.81101932825808e-06,4.84201944480698e-06,-3.79134308063797e-05,5.78305774003118e-06,4.58325622266898e-06,4.74659741921161e-05,3.6088177552323e-06,6.82421522819392e-07,-2.42900606817791e-06,3.24448174441456e-05,3.50578166346412e-08,1.45519684518979e-08,3.64145523824765e-08,7.04993088926291e-08,-1.07540706583206e-07,5.4586302126522e-09,4.7408957728724e-08,-3.53363215364037e-08,2.82955180089522e-08,-1.04378391386321e-07,-7.5712068927901e-05,-0.000102817716065992,4.82235670721547e-05,-1.10704283165003e-05,4.38827255879484e-05,-5.68839380774822e-05,-6.46050936689917e-05,1.0928088568642e-05,1.59855973588495e-05,-1.74354762313944e-06,-1.90507206510622e-07,0.00117866532337337,0.000477030534181355,9.49662079281802e-05,0.00045877272524236,1.7004104600058e-05,1.78315518968525e-05,1.02525945936621e-06
"north_west","alpha_death_hosp",9.21972660312344e-06,6.70660324733065e-06,0.00042174079137772,-2.50802687529723e-06,4.05186376828047e-06,4.4687237607681e-07,9.75051499030605e-08,-2.31289777707725e-07,1.49500435496985e-06,-3.19953533544303e-06,1.49912583218082e-06,-3.22192631600721e-07,-3.75689849788343e-07,8.47092339310557e-07,-7.62839046472388e-07,1.49004025386708e-05,-7.37833002634431e-07,-1.92972847230806e-07,-3.26462797632069e-06,1.45519391021695e-06,-7.39546159126082e-07,-1.50378163599106e-06,-3.83533212516903e-07,-2.36143016190552e-06,-7.05672647961279e-07,-2.24358562551771e-06,-5.11800383567886e-07,-7.46079095783342e-07,-2.34340172267297e-06,-4.09682690225498e-06,-1.25192710878749e-07,-2.6242463545448e-06,-4.38485799604091e-07,-4.18397933377294e-06,6.75041215967765e-07,-4.32099787188275e-07,-5.22548257814528e-07,3.35787941072466e-07,5.22900055134657e-07,-6.00200764680592e-07,0.000521105773265833,-0.00020627667935329,3.62938246597218e-05,-3.08056380267343e-05,0.000216383895881014,-2.18633604685128e-05,7.26307477173057e-05,-5.12785623541509e-05,4.48508927947478e-05,-2.75413520600778e-05,-8.34281507398296e-06,-1.16986698010295e-05,-8.96396422392189e-05,6.81226344025345e-05,-4.51936088038641e-06,-5.09139814445574e-06,-7.73163665218532e-05,8.18662620755437e-08,5.20108020364881e-08,4.64549854308194e-08,1.83112073263677e-08,6.89148573926563e-08,-5.8226321107106e-10,-1.42925201851385e-07,-1.84318600522189e-07,-6.038374092203e-09,-2.3791340348436e-07,7.02677310798964e-05,0.000165838343650404,-4.80441373331576e-05,0.000147674401349406,4.44266559712254e-05,-2.65174039090264e-05,7.2319321651148e-05,3.38496621773674e-05,4.73744948261196e-05,9.64196826642037e-06,-1.38102059762046e-08,0.00110736828113621,0.000633573692570313,0.00013103555554061,0.00211977539541533,1.75514797086859e-05,2.29411738068127e-05,2.84450579767413e-05
"north_west","alpha_H",-3.50073698439266e-07,8.18600408963703e-07,-2.50802687529723e-06,9.33558283459729e-07,7.00253154829503e-08,-1.2143887344401e-08,2.98341543386332e-09,-5.99029206487593e-08,9.91303764449845e-09,-2.33121173820037e-08,5.50144308317569e-08,-2.21237415598977e-08,-2.1556540117454e-08,7.06017069064768e-09,-5.74263779058585e-08,-2.98517973215008e-07,-3.61275927905353e-08,-5.66104718559575e-08,-7.32204850552615e-09,-2.8125981309461e-08,-4.71701329029772e-08,-5.25505100487559e-08,-5.44089866795236e-08,-3.6173010521733e-08,-1.07576125717583e-07,-2.01693418740344e-08,-1.46917174228511e-08,-6.95081238130773e-08,-6.52563069524878e-08,-7.31532274679825e-08,-1.96220681132643e-08,-8.7035381118639e-09,-5.40960994326963e-08,-8.9368227713603e-08,1.29252013470856e-08,-7.00709018694771e-08,1.21138169079971e-07,3.77064382386417e-08,-1.71382662065085e-07,-1.02021301451956e-09,-1.54723491575029e-06,-1.32316959158451e-06,-4.07149774660028e-06,3.95440664703776e-06,7.06480584758716e-06,3.44182291758244e-06,1.91931854869779e-07,1.23880211908947e-06,-6.65644874846232e-08,7.14458947799622e-07,1.52542630413154e-07,1.92586542926625e-07,4.08954532980387e-06,5.00723129220972e-06,1.92284960999365e-07,-1.10446130896887e-07,-1.94066501921935e-06,1.3009107247528e-10,-2.80424355357457e-09,-4.95518430425317e-11,2.55635020306099e-09,-2.1144333479294e-09,-1.07642660850547e-09,-2.08644834813826e-09,-3.533064229346e-09,2.01733593226922e-10,-1.14843898742422e-08,-4.98857400983568e-06,6.25500381379655e-07,-2.96500027827737e-06,-4.65404768193215e-06,-6.90816314792436e-07,2.84016809951598e-07,-3.5355798071754e-06,-4.14573365975238e-07,1.05803151667046e-06,-5.80753658746797e-07,-2.32560411267451e-08,5.32634782839747e-05,2.63134168112794e-05,-1.15227173069689e-06,1.92541349608518e-05,6.83725175745252e-07,1.17367390616025e-06,1.92057254149949e-08
"north_west","beta1",-2.83578636225983e-07,1.46158806686876e-06,4.05186376828047e-06,7.00253154829503e-08,1.42947310889861e-06,-5.87902467033007e-09,4.74748685307436e-09,6.65275880369211e-09,3.07663088806338e-08,-1.80661278370215e-07,7.16629126404353e-08,-5.44288456297156e-09,-3.34433051923284e-08,6.53665157193433e-08,-3.83886384611691e-08,-9.56132732903519e-07,-1.22781251514245e-07,-2.68274919316235e-08,-1.97640569551582e-07,3.91126596901063e-08,-3.20403616480084e-08,-1.71311261121149e-07,-5.42246749596236e-08,-1.47372959221813e-07,-1.18137976160065e-07,-1.88981888532909e-07,5.32951603581589e-08,-7.66383993812004e-08,-1.97460148539695e-07,-2.25352895951622e-07,-7.1784100887118e-08,-2.28950292334428e-07,9.74930449904397e-08,-7.07685830196603e-07,2.08502836710729e-09,-5.21950826241476e-08,6.0250310832959e-08,1.88562864716989e-08,-8.25137270599436e-08,2.70814466046211e-08,2.69845490139138e-05,-3.81862125216967e-06,1.21490140809809e-05,7.56818526206937e-06,5.82297620480144e-06,2.43847814558542e-06,-2.33045184737387e-07,-3.81271113999827e-06,7.19234804717269e-07,-7.49306632511356e-07,-1.90319704152778e-07,-1.4489086391451e-07,-1.67597098982552e-07,-4.86631327051864e-06,-1.16016350053171e-06,6.67708033788623e-08,-2.2898229203583e-06,-4.52140073584917e-09,1.85132723876094e-09,-4.98065453257548e-09,-2.24331248709622e-10,8.20963218045263e-09,-3.36283363418118e-09,-6.78911851658117e-09,-9.8053057886038e-09,1.62956064219695e-09,-5.92949818317368e-09,6.84069846975932e-06,-4.54846735892431e-06,-2.00444765981392e-06,1.20166488537413e-05,6.45247520346353e-06,-3.11393145813985e-06,-1.26481799160476e-06,1.21974025707375e-07,-2.92079134827826e-07,1.29912758106406e-09,-6.5888884484471e-09,4.18737620785634e-05,3.73211270774347e-05,1.04495077686042e-05,0.000477289247320214,7.10127379178131e-07,2.54569542749232e-06,1.76189609232194e-06
"north_west","beta10",-6.98854813863971e-08,3.17951011998141e-08,4.4687237607681e-07,-1.2143887344401e-08,-5.87902467033007e-09,1.52666977721586e-07,-1.8450505963789e-07,3.88275993889211e-08,1.63763409546693e-08,-1.55147842145955e-08,1.39579944410322e-10,6.22924193559156e-09,8.78124998486973e-10,4.60397810583199e-09,2.75424911833491e-08,1.26303583969205e-07,2.50624436174564e-09,1.13233938300459e-08,-1.15273551376028e-08,4.33997359729265e-08,3.70521448880045e-09,2.31863383718198e-08,7.35294151241392e-09,2.3352317492814e-08,3.54659050761416e-08,2.2442264095799e-09,-9.08338763392987e-09,3.15080784609162e-08,2.20200984413895e-08,-1.33483933797196e-09,2.19896364125442e-08,-1.05915994445486e-08,4.89728443671064e-08,-6.01566015570014e-08,7.78476233610803e-09,-8.97631880303658e-09,1.30783719343373e-08,-2.14701574125633e-08,1.05231982117238e-07,-1.4814692856077e-07,3.08010063994167e-07,1.44618898341925e-06,-1.07401680508275e-06,-2.12683548325435e-06,-1.36213589060558e-06,7.2634233883204e-07,3.4059217101487e-07,-7.64874621747114e-08,-8.87386087550448e-08,5.35571297294951e-08,-1.36402530384674e-07,-3.5410707323738e-07,-1.49578798927519e-06,5.4804956321604e-07,-1.49041076117138e-07,5.21419886957982e-08,-1.26255786945482e-06,2.1258227676337e-09,1.70930122185145e-09,1.56906379402588e-09,2.11774198014389e-09,1.27610909054559e-09,2.95908772761763e-10,-5.39424884356906e-10,2.05744047098405e-09,1.40648510440498e-09,-8.04799084925127e-10,2.45234020776638e-06,4.40540148590828e-06,-3.79570072083409e-07,5.54225904651589e-07,-6.30740732160146e-08,2.42269851413559e-08,1.63897012416426e-06,6.09513481773275e-08,-7.05182291031683e-08,1.9879186991101e-07,1.92530893674844e-09,-2.05109870343508e-05,3.21353172242997e-06,-2.72437459059557e-06,-3.40975160835688e-06,8.79649982778323e-08,-2.52925529209295e-07,-2.65688762047154e-07
"north_west","beta11",8.8281952918056e-08,-2.05941918415695e-07,9.75051499030605e-08,2.98341543386332e-09,4.74748685307436e-09,-1.8450505963789e-07,4.52751557698621e-07,-2.23007802899398e-07,8.5046295515197e-08,-5.90585463656529e-08,1.26456140308112e-08,-2.0073099022435e-09,-1.79219683627743e-09,-3.29614924682629e-09,-9.93624842437253e-09,-2.13174623041575e-07,7.66704842940584e-09,-1.68733935351099e-08,3.91338568468655e-08,-7.82353566385921e-08,2.03258939694169e-08,-1.81621969697841e-08,3.61490654052256e-09,-2.24422276536219e-09,-3.75695168994338e-08,2.48162380245489e-08,2.46622367796975e-08,-1.22208293091066e-08,2.49499050022207e-09,1.17800141370482e-08,-7.03467394550479e-09,-1.5669689141408e-09,-2.80021350387086e-08,5.01577132044291e-08,-1.49796289508561e-08,2.78150526892372e-08,-3.01986756142024e-08,2.87666001983521e-08,-8.75095476564049e-08,1.35691371202151e-07,1.79665079041683e-06,2.66819732602691e-06,5.15958523941159e-06,2.63411746773651e-06,1.11273820685939e-05,-1.81998898367579e-06,-2.99823528735701e-07,2.7083263410848e-08,-2.19400632494399e-08,-7.3924764038896e-08,1.38263934772726e-07,-3.93955104646892e-07,3.66334375649637e-07,-2.38588128225201e-07,-1.06544892991793e-07,1.0917592545427e-07,-2.27815539466638e-07,-2.16850794415501e-09,-7.2755133882913e-10,-3.09418411115425e-09,2.14152682424903e-09,-1.39075741066017e-09,1.28176845629768e-09,-1.66532139813562e-10,-2.28608060098762e-09,2.52634763858965e-11,3.85476296616562e-09,-1.41238923042166e-06,-5.41935515387512e-06,2.53671143161473e-07,8.89217132599729e-07,2.42046318198223e-06,-1.24010202127157e-06,-7.85043746180313e-07,-1.92634256162894e-06,-6.81526084964008e-08,1.17386912188885e-07,1.57298851968383e-09,-2.3349172253799e-05,1.27573673191795e-05,3.70534675142175e-06,-4.31990272120902e-06,6.47439903491467e-08,1.92162568640502e-07,-8.99536850243594e-08
"north_west","beta12",-8.77702655934372e-09,-3.16362908678862e-07,-2.31289777707725e-07,-5.99029206487593e-08,6.65275880369211e-09,3.88275993889211e-08,-2.23007802899398e-07,2.72171340847724e-07,-1.82282542948751e-07,1.62966780839915e-07,-3.05308735338339e-08,1.22367147147282e-08,1.25439051051684e-08,-5.55310889099379e-09,2.15090521036123e-08,1.51490387709975e-07,2.2975763507084e-08,3.83919671152568e-08,-2.50531813718802e-09,6.38746098950533e-08,4.84125090000753e-09,4.61159209120451e-08,2.9947953885129e-08,3.75112029903273e-08,5.83200025979083e-08,3.70478323013412e-08,-1.74791843285222e-08,3.89859712130023e-08,4.08452895570835e-08,6.60437355843342e-08,1.17879856864456e-08,5.14333919640722e-08,9.94558026311527e-09,9.71215899022038e-08,9.90481734244434e-09,-1.48651777147064e-09,1.27490485829877e-08,-8.03611296800328e-09,3.26038725213524e-08,-2.53335091099148e-09,-3.75208719244675e-06,-2.91100112279778e-06,-1.57485108541774e-06,-3.49241300329967e-06,-6.9037908620472e-06,1.65792266354471e-06,-1.31480190539831e-07,2.81638226436762e-07,1.54042073201142e-07,-1.03126936245904e-08,-6.87007376607941e-08,-6.40945190672961e-07,-6.63897595677016e-07,-9.31283224600835e-07,-1.54920043097487e-08,-3.86395420287497e-08,8.21857530765628e-07,8.24747052428468e-10,1.56224950379809e-09,4.45672069854356e-09,-1.62459072664189e-09,5.69468172520572e-09,-8.1246140661815e-12,2.45254914756941e-09,2.53282995478764e-09,-6.28154012398478e-10,-1.59835131577813e-09,1.13473104481224e-06,9.67148292286618e-07,1.04000304030432e-07,-1.0084272641165e-07,-2.19765883900507e-07,3.11354495014724e-07,4.20290992010381e-07,5.85794571891217e-07,3.39643756559012e-07,-3.13622411685515e-07,-2.81380904839834e-09,2.3255265116055e-05,-2.10420585909073e-05,-6.26154600773949e-06,-1.64990734855659e-06,-2.66490031324914e-07,-7.09323297997575e-07,-4.04994362593831e-07
"north_west","beta13",9.59623859138086e-08,4.10573427880471e-07,1.49500435496985e-06,9.91303764449845e-09,3.07663088806338e-08,1.63763409546693e-08,8.5046295515197e-08,-1.82282542948751e-07,2.2799164129921e-07,-2.7729984429074e-07,1.17998426993097e-07,-1.24931690701103e-08,-5.25547809168875e-09,1.56840854477446e-08,-8.18466310655745e-09,-2.83182745016681e-08,-2.75724119581407e-08,-3.05416956753455e-08,-2.29411719565745e-08,3.62646856908536e-09,-1.66987057119894e-08,-3.30988298904627e-08,-1.85088579554329e-08,-3.32681121401072e-08,-3.33098742705307e-08,-3.68159788731039e-08,1.50010794616975e-08,-9.93531367732255e-09,-2.9960839936438e-08,-6.6387834355983e-08,6.20907354986292e-09,-8.24371208386414e-08,6.44905845361636e-08,-2.10423977440557e-07,6.76426967745376e-10,-2.52333033600724e-09,-1.29003568957533e-09,9.38733751719292e-09,-3.6503264933042e-09,-6.12414241828719e-09,7.55726275148968e-06,3.71655849991709e-06,-6.55387683089976e-07,1.32314222304598e-06,7.42285580710323e-06,-1.07258994598792e-06,1.88015111918082e-07,-5.41845594913078e-07,7.3721019633738e-08,-1.13863006203587e-07,-7.0142334223718e-08,-4.39833194832148e-07,-1.09210551885149e-06,1.96356698467409e-06,-1.51700223615475e-07,5.99521966604135e-08,-1.63560216148196e-06,7.80413669135535e-10,2.73310916133386e-09,-2.76811984415487e-10,5.68975424485136e-09,4.93314143210788e-09,9.40827341265835e-10,-9.4333166957201e-10,-1.90502524958885e-09,2.9237987224527e-09,1.35650160256992e-09,-7.88681228887284e-09,1.65457873771796e-06,-8.42766411398156e-08,4.40421541679617e-07,9.24466122704525e-07,-3.70090604694234e-09,6.19800190175393e-07,-1.16706592307432e-06,-3.91258377499266e-08,4.9674998190435e-07,5.53209424073425e-09,2.95872280875629e-05,2.32621890994273e-05,4.78914388639458e-06,9.64219019847689e-06,7.38385084713715e-07,8.07539765636885e-07,-6.86868182439898e-08
"north_west","beta14",-3.65533269194479e-08,4.97762966916391e-08,-3.19953533544303e-06,-2.33121173820037e-08,-1.80661278370215e-07,-1.55147842145955e-08,-5.90585463656529e-08,1.62966780839915e-07,-2.7729984429074e-07,7.30917871657409e-07,-5.80323023264393e-07,4.54305886198324e-08,-2.47521263036575e-08,-5.63749243531861e-08,3.72892416529199e-08,-1.74650332643218e-07,7.27403832726559e-08,6.44042311160183e-08,6.31452274210341e-08,-3.71855142292203e-08,6.11808501886493e-08,9.23175355954343e-08,2.11752551995529e-08,1.18019098805029e-07,8.31499880676995e-08,8.0603692890146e-08,-1.28002255884819e-08,3.77648657063365e-08,8.34926755451121e-08,1.23971849794208e-07,-8.85206476471546e-09,1.49801972533331e-07,-1.49201530822378e-07,4.87846115717861e-07,-2.50046762163609e-08,6.64996700408621e-08,-5.50273843516189e-08,4.01126529002558e-09,6.54235745039054e-08,-8.1231590245905e-09,-1.87696895812025e-05,-5.33302990213228e-06,1.39295415213586e-06,-1.15853753407489e-05,-1.84685705968202e-05,-5.16634760394651e-07,-3.99848871191127e-07,1.24050541080299e-06,-1.07610724498743e-06,5.05963221509867e-07,3.04077981036755e-07,-1.29467447399732e-07,-2.90521755469088e-07,-4.55563829286101e-06,5.30378401791418e-08,-5.61763307025102e-09,1.79855067759333e-06,-1.27396567472556e-09,-4.29395143032281e-09,-1.96242616400733e-10,-9.68474082358613e-09,-1.14386891508123e-08,-7.25644854561605e-10,4.25785921087621e-09,7.05592734702036e-09,-6.98019943974101e-09,3.8403594079957e-09,-9.0423081392882e-07,-1.83320876169144e-06,-6.31542351458328e-07,1.12703476183048e-06,-3.93104994413066e-07,8.70497400445745e-07,2.81378221398414e-07,-7.86768760494122e-08,-4.99303040616454e-07,-4.45801383290375e-07,-5.39727197860216e-09,5.40315913287219e-05,-5.3032287697307e-05,8.73670145681675e-06,-8.87513220879108e-05,-1.22224130462677e-07,-2.95729709377944e-06,3.91686660976789e-07
"north_west","beta15",-1.47799293825905e-07,2.79271653450702e-08,1.49912583218082e-06,5.50144308317569e-08,7.16629126404353e-08,1.39579944410322e-10,1.26456140308112e-08,-3.05308735338339e-08,1.17998426993097e-07,-5.80323023264393e-07,9.35531077263425e-07,-8.67941006325467e-08,7.62020800408013e-08,1.09643741230264e-08,-1.40187423256996e-08,1.28909499759936e-08,-5.74446042109045e-08,-3.59982624376508e-08,-5.5269097194094e-08,5.15183151894293e-08,-3.30138082429473e-08,-6.524523835006e-08,4.50070638480433e-09,-6.18404196819796e-08,-6.8109801441827e-08,-1.72958887785431e-08,-2.9229081374621e-09,-2.62983458996183e-08,-9.63549061333047e-09,-3.19540088678502e-08,9.26654037464067e-09,-3.39809724226112e-09,7.11814014169662e-08,-1.63338602699849e-07,4.05196818542674e-08,-8.57304226838618e-08,1.23673717356943e-07,-4.45823601009128e-08,-8.04612013257086e-08,5.57866346398158e-08,1.17069707970359e-05,2.11911518438963e-06,-3.11899897870145e-06,1.55658117787385e-05,1.62747810770953e-05,1.49174402691111e-06,-8.4648088598065e-07,-1.85522286740395e-07,7.5724760216763e-07,-4.03393169720444e-07,3.31481914211527e-08,-2.57228713326633e-07,-4.87795509630995e-08,1.56369851758663e-06,4.61976860906076e-07,-1.93917219628718e-07,1.67930604349949e-06,3.13916476772364e-09,8.38304876678238e-09,7.32346504040286e-09,7.14840039356498e-09,1.14551864315792e-08,2.6921015736359e-09,1.37609034771477e-09,-9.34160190159759e-10,5.97652352555903e-09,3.63237434988704e-09,-3.79205974463742e-06,-4.90387496569761e-06,1.52135460249011e-06,-5.6415304661319e-06,-1.58888142360257e-06,5.12709491422966e-07,-1.06540895053076e-06,2.08126557168224e-06,8.51364151282895e-07,7.19993313827716e-08,3.5061673594235e-09,1.26485471171877e-05,2.8539057724383e-05,-2.42588735679284e-05,3.72967108644081e-05,8.31213060005079e-08,2.58489340088724e-06,-1.64616066262196e-06
"north_west","beta16",-2.25404832018146e-08,-5.27836550208847e-07,-3.22192631600721e-07,-2.21237415598977e-08,-5.44288456297156e-09,6.22924193559156e-09,-2.0073099022435e-09,1.22367147147282e-08,-1.24931690701103e-08,4.54305886198324e-08,-8.67941006325467e-08,4.46977721676934e-08,-5.84546368072096e-10,4.24246966743333e-08,2.33438410463447e-08,-6.05732312633916e-08,3.31805609677122e-08,2.70340381647044e-08,2.9276321071735e-08,1.56980565003196e-08,2.49093617697526e-08,4.11226390657402e-08,2.59260608918249e-08,4.82044446383236e-08,3.42014853470249e-08,5.04802759403729e-08,3.01697954660555e-09,3.66980110792979e-08,4.2412573658576e-08,4.71259825772591e-08,1.43024223186478e-08,2.95932834927361e-08,-4.9763824203246e-09,8.7413141155565e-08,-4.1826655181629e-09,1.42846948598566e-08,-1.22751387367102e-08,-3.34436434904005e-09,3.10375635513668e-08,-7.31693848219043e-09,-2.36060969863775e-06,2.43521751986394e-07,1.50637834346661e-06,-2.20023938321624e-06,-2.6228075587271e-06,1.68938884134194e-07,-2.16328943374079e-07,3.48477723668036e-07,-2.49954731821514e-07,1.81146898253268e-07,-8.43602876810887e-08,-4.03535256292081e-07,-9.56878671727356e-07,-6.31870569655916e-07,-6.16076450875013e-08,4.68724795718467e-08,-7.20455808553433e-07,-1.05209193683162e-10,2.56481162325021e-11,5.21572616665991e-10,4.58167022621665e-10,-4.76419729153327e-10,-3.28897465212008e-10,5.95752913002093e-10,1.06532954909951e-09,-4.59183665818294e-10,1.12570531128891e-09,6.2432499950033e-07,1.74810453829545e-06,6.40702642422247e-08,2.6242495039394e-07,1.3352527662988e-07,6.58913192749247e-07,9.62414571470855e-07,-3.62328687999394e-07,-3.08327565701894e-07,1.19040006221908e-07,7.51134390143972e-10,-9.13601264846465e-05,-1.06495319478665e-06,-3.49230393958792e-08,-9.64655357237191e-06,-1.02291555442944e-06,-2.5938447223003e-07,-4.35708010599971e-08
"north_west","beta17",-1.73302588190134e-08,-2.32291785258135e-07,-3.75689849788343e-07,-2.1556540117454e-08,-3.34433051923284e-08,8.78124998486973e-10,-1.79219683627743e-09,1.25439051051684e-08,-5.25547809168875e-09,-2.47521263036575e-08,7.62020800408013e-08,-5.84546368072096e-10,5.19558653492737e-08,-1.69721777310402e-08,4.91352814183331e-08,2.0369951803376e-08,2.66500694425565e-08,2.99370456696042e-08,3.57068886207685e-08,2.15963882432306e-08,3.85913458767528e-08,3.87788731025917e-08,3.82062491103974e-08,5.40018711393328e-08,4.45559781220532e-08,6.36714000974806e-08,-2.29270353826269e-09,4.34772743934121e-08,7.48987386884775e-08,5.0833670286278e-08,2.72904479793403e-08,3.7742053656914e-08,2.54679900229578e-08,5.67855934228565e-08,3.46991951805941e-09,-2.51770194828817e-09,5.90671284813928e-09,-2.70132542040888e-09,3.38188482845525e-09,1.11469792364915e-08,-2.31264209793962e-06,1.01927093428822e-06,1.49211656878171e-06,5.22705199786291e-07,5.63859668198954e-07,7.76658268915508e-07,-3.51640397929098e-07,1.67313100137241e-07,6.06941490887016e-08,3.24896125840127e-08,-8.02694423754288e-08,-4.13036746881499e-07,-6.3761890642709e-07,1.94544803851772e-07,4.74622796164317e-08,7.66067164001872e-09,-3.73667599052082e-08,6.56007572034828e-10,1.89596321412408e-09,1.68611624056396e-09,2.6030466731239e-09,2.73985693815201e-09,1.38592764191544e-09,1.14855503822237e-09,8.10069479145014e-10,7.08876913104323e-10,3.15855842821752e-09,-1.33927245138077e-06,8.69483399365012e-07,-5.64699141284611e-08,8.28734989803746e-08,-1.0122974205144e-07,4.58655709141238e-07,1.82825172237271e-07,4.15603363993194e-07,-5.00433374450974e-07,3.38745836252127e-08,2.40193080350216e-09,-0.00011666868375346,-4.24647006042026e-06,5.83039526314533e-07,-1.37159350328962e-05,-1.14765839017968e-06,-1.72844469481419e-07,-3.30272697304698e-07
"north_west","beta18",-7.41109444735213e-08,2.67188938524169e-07,8.47092339310557e-07,7.06017069064768e-09,6.53665157193433e-08,4.60397810583199e-09,-3.29614924682629e-09,-5.55310889099379e-09,1.56840854477446e-08,-5.63749243531861e-08,1.09643741230264e-08,4.24246966743333e-08,-1.69721777310402e-08,2.13237332100044e-07,-9.12202357153776e-08,-2.04256635785422e-07,1.83420343799598e-08,-2.35112463717939e-08,-3.19950317489975e-09,-9.78973845641444e-09,3.31453342331542e-10,-2.55218406157337e-08,-1.31514554621705e-08,4.21884599207763e-09,-5.9000424854188e-08,6.57767103823125e-09,4.51242880677481e-09,-1.15764010537576e-08,-2.31000376171299e-08,-4.18426641983293e-08,1.67134973650653e-09,-3.06649685565284e-08,-8.95676444898276e-09,-3.7385259985298e-08,1.05777056263725e-08,-2.08623447445258e-08,2.44352448599666e-08,-1.8931125936815e-08,-1.30059497038726e-09,7.12572442883106e-09,2.96185632959382e-06,7.38978732201355e-08,-2.75488186672024e-06,3.4052590206186e-06,8.25635202853504e-06,-3.38063643069544e-07,9.31369589024255e-07,-7.25541610707237e-07,2.47725650023743e-07,-7.33372887208869e-08,-7.55062700868047e-08,-1.30945289216601e-07,-4.51678261561155e-07,8.31926343084855e-07,1.46171241473312e-07,-7.30291881354776e-08,8.44881245270193e-08,2.4635747311528e-09,1.63462901945083e-09,-1.08912652793255e-10,1.38165141978816e-09,2.50211929881322e-09,-1.62862452637885e-09,4.75450938822343e-10,-2.77923404425215e-10,1.81656936358439e-10,-1.33567065677155e-09,-2.84826196084988e-06,-1.32306926251744e-06,1.26984653581506e-06,-4.48554308659696e-06,-5.81946055284573e-08,3.17667703488856e-07,-1.06121819336598e-08,2.24403180231562e-07,9.76636689847687e-07,-7.47323462941762e-08,4.39647712601309e-09,-0.000132056316580489,2.79055044762377e-06,-7.43665276485799e-07,1.70117788639151e-05,-1.36370584016872e-06,1.98392884862298e-06,1.73914901068941e-07
"north_west","beta19",6.74310655604383e-08,-8.62158620483921e-07,-7.62839046472388e-07,-5.74263779058585e-08,-3.83886384611691e-08,2.75424911833491e-08,-9.93624842437253e-09,2.15090521036123e-08,-8.18466310655745e-09,3.72892416529199e-08,-1.40187423256996e-08,2.33438410463447e-08,4.91352814183331e-08,-9.12202357153776e-08,2.24695822527177e-07,2.73246818977104e-07,-8.68912861065668e-09,1.22066585332741e-07,1.98303364392138e-09,1.24103220293273e-07,5.6990928136948e-08,1.23700582766479e-07,9.44766284525478e-08,1.06546106370078e-07,1.5798694723999e-07,1.17723001473748e-07,2.31174166939444e-09,1.29260566279084e-07,1.53080726498782e-07,1.35350202028723e-07,6.08845515473924e-08,7.4047997718177e-08,8.48914580368342e-08,1.03398426532233e-07,-1.64395853812585e-08,4.59561818989915e-08,-4.39545366847909e-08,1.95024086546276e-08,4.82750580985421e-08,-2.36150646064216e-08,-9.5931706901008e-07,7.17681166419397e-06,3.11353047707894e-06,-2.78610545547706e-06,-4.67992501237387e-06,-8.60849614911978e-07,4.01449257569833e-07,-3.82089394486781e-07,-5.03718791625285e-07,1.86397354377798e-07,-1.25707287474322e-07,-8.5811354512958e-07,-1.7968416515104e-06,-3.23947112199201e-07,-3.67290668702132e-07,2.11215129047465e-07,-1.9788240341873e-06,4.1287208173497e-10,4.97694060322214e-09,3.93085013804898e-09,4.66394583669126e-09,6.31045950244159e-09,2.83101496089055e-09,-1.33144820304244e-10,1.95565676485195e-09,1.27779041186359e-09,3.53691379400555e-09,3.64805327408554e-06,3.72911109611227e-06,-1.09770095880122e-06,5.4790003854731e-06,5.27843317473643e-08,9.28433781659908e-07,1.83523922164507e-06,-1.28936770083061e-06,-1.64873383205624e-06,3.14968113306929e-07,-1.48562205358178e-09,-0.00014008848328619,2.36728508968505e-05,-3.2658485065279e-06,-1.33077769085037e-05,-1.29170316997034e-06,-1.88072459028135e-06,-8.28548450990986e-07
"north_west","beta2",1.65264763301764e-06,-2.96382857281717e-06,1.49004025386708e-05,-2.98517973215008e-07,-9.56132732903519e-07,1.26303583969205e-07,-2.13174623041575e-07,1.51490387709975e-07,-2.83182745016681e-08,-1.74650332643218e-07,1.28909499759936e-08,-6.05732312633916e-08,2.0369951803376e-08,-2.04256635785422e-07,2.73246818977104e-07,1.64914168673179e-05,-3.3798976226879e-08,1.47650463866826e-07,-2.84061969377117e-07,4.6671645550512e-07,-8.03541521692442e-08,1.09057176599758e-07,2.2475480837199e-07,-1.94617555800245e-07,3.11668714791774e-07,-1.37828780621083e-07,-7.53995448987978e-07,2.350891783846e-07,8.04982399129317e-08,-1.67061859560824e-07,2.28889576911927e-07,-1.2928450270053e-07,1.612122478341e-07,-4.53830693206058e-10,2.25110230112652e-07,-1.2423588051192e-07,2.01741542101133e-07,-5.61336859159192e-08,1.32980569520154e-07,-1.60390315183302e-07,4.93642540798385e-05,-5.31306481254471e-06,-4.5773872051002e-05,-6.10846672663043e-06,-2.56527843963724e-05,-3.58853721073104e-06,-1.47290405541532e-07,-4.0664462934838e-06,3.46668116425244e-06,-4.29275780993636e-06,-2.01906806255781e-06,1.1053726185321e-06,-6.14805743866502e-06,2.21295474275222e-05,-4.83891796444656e-06,2.6376227153949e-07,-1.47947464175212e-05,2.90738836982298e-09,-8.26503612217576e-09,9.93919232853899e-09,6.92352840963009e-09,3.63468035790503e-08,5.4549688906486e-09,-1.82842498046019e-08,-1.43499723431591e-08,1.16809272016471e-08,-3.20486115560862e-08,1.53801865583143e-05,4.92201641154799e-05,-3.5030870883815e-06,2.02723099644292e-06,1.18836189194216e-06,-5.98338074731911e-06,1.48162346126248e-05,-8.47324542649743e-06,9.46145124333544e-06,-1.27757336698496e-06,-6.60487180060411e-08,-3.25952407933268e-05,8.61598349849543e-05,-4.9327810297378e-05,0.000330662223554733,7.74264268790421e-07,-3.84244401178421e-06,-3.0997696858569e-07
"north_west","beta20",-2.48630514968886e-08,-4.86191561292908e-07,-7.37833002634431e-07,-3.61275927905353e-08,-1.22781251514245e-07,2.50624436174564e-09,7.66704842940584e-09,2.2975763507084e-08,-2.75724119581407e-08,7.27403832726559e-08,-5.74446042109045e-08,3.31805609677122e-08,2.66500694425565e-08,1.83420343799598e-08,-8.68912861065668e-09,-3.3798976226879e-08,1.48557693761611e-07,4.20195434593946e-09,1.51447842977836e-07,2.60456747351618e-09,6.38348314978191e-08,9.42311952291297e-08,5.60360637353145e-08,1.21107192704485e-07,8.78538217116321e-08,1.10650893219892e-07,3.71038878781855e-09,8.46251885596444e-08,1.10647144687457e-07,1.03736029128952e-07,2.64823308205102e-08,8.30878723554554e-08,-1.66194214496089e-08,2.15983881148941e-07,-7.01845199919238e-09,2.36622241233116e-08,-1.76874964867488e-08,-4.05167478770169e-09,4.6997938556319e-08,-5.34390010335282e-09,-7.60043983457187e-06,-8.02070757517564e-08,1.08154439833279e-06,-5.57970502094156e-06,-4.73442136507538e-06,3.29303255039163e-07,-9.84030119712984e-07,1.23594900461651e-06,-3.88741675609215e-07,3.1028378430577e-07,-2.2697611083539e-08,-7.99114174349567e-07,-1.17341925264965e-06,-1.56909834280574e-06,-1.19919166905641e-08,1.02373043551547e-08,-2.90045062062865e-07,-1.17108251197271e-09,-1.07234540447388e-09,4.52514273784443e-10,-1.05717297590381e-09,-1.70569555375057e-09,-1.06614561883057e-11,2.35859272585693e-09,2.63287469012743e-09,-1.84452212356473e-09,4.88657006295465e-09,-6.83503414296206e-08,1.47489356572959e-07,2.82077429795265e-07,-3.31585047600539e-07,1.08203411803059e-06,1.58285072380918e-09,1.04864861670379e-06,-5.80244946341584e-07,9.73669168820226e-08,1.34950949596595e-07,-1.14583233611757e-09,-0.000132961206767565,-3.51190822685691e-05,5.41810262132654e-06,-5.35455444520886e-05,-1.38456719913359e-06,-1.74571859745669e-06,1.13095860380197e-07
"north_west","beta21",4.33593981367599e-08,-8.99377138407436e-07,-1.92972847230806e-07,-5.66104718559575e-08,-2.68274919316235e-08,1.13233938300459e-08,-1.68733935351099e-08,3.83919671152568e-08,-3.05416956753455e-08,6.44042311160183e-08,-3.59982624376508e-08,2.70340381647044e-08,2.99370456696042e-08,-2.35112463717939e-08,1.22066585332741e-07,1.47650463866826e-07,4.20195434593946e-09,1.50650160417878e-07,-8.84009733740244e-08,1.45763869384429e-07,4.87986520152939e-08,9.75532155570583e-08,8.31202657197213e-08,7.289836856536e-08,1.57224380853494e-07,7.28394474870281e-08,7.12917005624864e-09,1.04619019707314e-07,1.16742446869993e-07,9.44726844086938e-08,4.73470965884469e-08,6.95850630558729e-08,3.37679077287925e-08,1.42218142301211e-07,-8.95401705040764e-09,2.79212896154484e-08,-3.26793374888552e-08,1.60308148507412e-08,3.00817552100044e-08,-5.60341644750492e-09,1.56058641474384e-06,-4.14894960353856e-07,-3.70928663588627e-07,-4.89200637210563e-06,-2.43063806971282e-06,-1.75059559839368e-07,8.89178315065951e-08,-6.35004872848425e-08,-1.96447968748524e-07,-6.73301282438508e-09,-1.14537425331005e-07,-6.30954176247478e-07,-9.64571794555613e-07,-4.33040993398462e-07,-1.08088934459095e-07,6.08873341939025e-08,-1.1051151134628e-08,9.33456027273668e-10,2.97556198752936e-09,3.66613243444967e-09,-4.03806007205828e-10,-1.27860222175808e-09,2.45284418203499e-10,1.17749866036433e-09,1.09657875400055e-09,-5.23310829555974e-10,1.71526643965505e-09,3.18123470790585e-06,2.10275510506621e-06,-5.91730783112167e-07,2.51318981142931e-06,1.34993943203125e-07,6.3820236172989e-07,9.78712795996376e-07,-8.82991587094469e-07,-1.61702125420746e-07,1.34291696885006e-07,-1.82894084424006e-09,-0.000120300967564534,-1.60212533563871e-05,-2.26674518467802e-06,-9.40036264017393e-06,-1.21617274263599e-06,-1.7722069194251e-06,-2.89593318953558e-07
"north_west","beta22",-2.38890431483347e-07,-9.64775939767183e-08,-3.26462797632069e-06,-7.32204850552615e-09,-1.97640569551582e-07,-1.15273551376028e-08,3.91338568468655e-08,-2.50531813718802e-09,-2.29411719565745e-08,6.31452274210341e-08,-5.5269097194094e-08,2.9276321071735e-08,3.57068886207685e-08,-3.19950317489975e-09,1.98303364392138e-09,-2.84061969377117e-07,1.51447842977836e-07,-8.84009733740244e-08,5.62196197020368e-07,-4.45801717363194e-07,1.34350817307057e-07,7.19769834799828e-08,4.57173708576115e-08,1.59163201158238e-07,2.86462808576796e-09,1.78281450322773e-07,6.38613410512504e-09,5.64120252429826e-08,1.19607380616538e-07,1.30494710024396e-07,-3.98417982120217e-09,1.31355898924252e-07,-5.47717640261402e-08,2.93487843555809e-07,-1.29012871531368e-08,2.44855912480049e-08,-1.58147789971946e-08,-1.54964816274181e-08,4.87955409765615e-08,-1.48907070467019e-08,-1.60149929651763e-05,6.54639595455785e-06,7.42020095500231e-07,2.23581292989449e-06,-7.84060586950117e-06,1.25154402269206e-06,-2.62797806261232e-06,2.30856294100847e-06,-7.74836459331066e-07,3.09006672878342e-07,1.18054527295336e-07,-4.97495230110253e-07,-5.42390838265647e-07,-3.88909661064931e-06,2.19789503759113e-07,7.8925538147092e-08,1.0330725183027e-06,-2.16184746901088e-09,-3.2995266712243e-09,2.75105026751137e-10,1.05568744794677e-09,-1.92837999716843e-09,1.98551479300795e-09,4.90439978422897e-09,4.36962545002212e-09,-2.68054583596233e-09,7.11780777955509e-09,-3.81310985781944e-06,-4.6718523678383e-06,2.79769352789526e-06,-4.33458974743765e-06,-6.94367502602623e-07,1.29735974179502e-06,-1.06123781319042e-07,1.16119007567801e-07,-2.79124209999895e-07,-8.77028418003483e-08,5.68846742847632e-09,-0.000137592801825596,-4.11432303238389e-05,1.07152655104678e-05,-8.57306625556379e-05,-1.49481334085802e-06,-1.54204775593753e-06,1.12257195303656e-07
"north_west","beta23",3.32287675106824e-07,-6.17593652702278e-08,1.45519391021695e-06,-2.8125981309461e-08,3.91126596901063e-08,4.33997359729265e-08,-7.82353566385921e-08,6.38746098950533e-08,3.62646856908536e-09,-3.71855142292203e-08,5.15183151894293e-08,1.56980565003196e-08,2.15963882432306e-08,-9.78973845641444e-09,1.24103220293273e-07,4.6671645550512e-07,2.60456747351618e-09,1.45763869384429e-07,-4.45801717363194e-07,9.04264962689699e-07,-1.93515311634777e-07,1.96484736857007e-07,6.35612385493589e-08,7.22779699628636e-08,1.9498724806521e-07,4.99301863513633e-08,-3.90846349367374e-09,1.39992286623727e-07,1.27807673779145e-07,6.67489344835946e-08,1.07322230277308e-07,-4.29391734728902e-08,1.9696607222585e-07,-1.77139717731566e-07,3.36254670755816e-09,1.54014865025449e-08,-1.45590298200145e-08,1.55303563010154e-08,3.17443687242975e-08,1.38216253516527e-09,1.55694952935296e-05,5.92494986404297e-06,-1.35090109379973e-06,-1.18921375240749e-05,5.58848643252275e-06,2.01525729856472e-07,9.36492816865936e-07,-1.86337071821023e-06,4.60959011538961e-07,2.42373780126401e-07,-2.41284722597519e-07,-7.92649499514537e-07,-1.56059762011166e-06,2.85657484546535e-06,-7.57965833265259e-07,2.0457015481519e-07,-3.25887775874388e-06,1.58007489985457e-09,7.65415090260075e-09,6.20543773326117e-09,3.12811814855864e-09,1.59279146827475e-08,-1.23775642828579e-09,-3.98169393127413e-09,1.46662654231871e-09,2.15148313637855e-09,-5.31365510997206e-11,5.39501580144773e-06,6.8217677807808e-06,-3.15388005400595e-06,7.98285623479169e-06,2.10164477250353e-06,-2.19000301952578e-06,2.54041301139907e-06,-4.38700261554989e-06,2.21442972909869e-07,4.66160231009458e-07,-9.68803322482578e-09,-9.71120072485385e-05,-1.05538723818915e-05,-7.19540026067037e-06,1.87649672740172e-05,-7.79752451187633e-07,-1.58735936771309e-06,-8.47847140491995e-07
"north_west","beta24",-8.28632771528767e-08,-5.93264596827899e-07,-7.39546159126082e-07,-4.71701329029772e-08,-3.20403616480084e-08,3.70521448880045e-09,2.03258939694169e-08,4.84125090000753e-09,-1.66987057119894e-08,6.11808501886493e-08,-3.30138082429473e-08,2.49093617697526e-08,3.85913458767528e-08,3.31453342331542e-10,5.6990928136948e-08,-8.03541521692442e-08,6.38348314978191e-08,4.87986520152939e-08,1.34350817307057e-07,-1.93515311634777e-07,1.89798387591459e-07,-1.21450009133406e-08,1.08934889079207e-07,5.2560268893471e-08,1.08444767798178e-07,8.42013405617035e-08,5.0725996971611e-09,8.36071123026411e-08,9.9169529750624e-08,9.95218418252429e-08,1.79732864493159e-08,8.99170680086301e-08,-8.63803545909822e-09,1.81318455326929e-07,-4.52822825446361e-09,1.32828413978756e-08,-1.02069802929657e-08,1.37122594908899e-08,8.95260683738077e-09,1.3308925136028e-09,-7.70695083248151e-06,-1.50093926357471e-06,3.15197379385944e-06,-1.31670497615784e-06,-2.3014975421859e-06,-1.6890694774409e-07,2.81446483893829e-07,3.80992560597431e-07,-3.43596833484132e-07,-1.82153788770564e-09,-6.45584681545756e-08,-7.54990532928758e-07,-1.58409049804464e-06,-2.43814523184743e-07,6.8598059347357e-08,-4.46060729459389e-08,3.35313486861284e-07,1.11060011650943e-09,9.43276755049566e-10,7.64340104885002e-10,1.6518085240091e-09,-2.36131836987173e-09,1.78897495495824e-09,3.02944992262155e-09,1.11721467952422e-09,3.02872686199607e-11,4.10347322874605e-09,-2.19629682580235e-07,6.01897424017883e-07,5.84440166016084e-08,-6.71727993021426e-07,3.10662992409798e-07,1.09357419875708e-06,1.01420404093724e-06,1.95824304946617e-06,-1.34572191171216e-06,1.26718361601862e-07,8.31874091491643e-10,-0.000131056472569766,-1.69722113046862e-05,-2.35443663855628e-06,-2.10480819290788e-05,-1.30742237243027e-06,-1.20582213780539e-06,-2.68041252129001e-07
"north_west","beta25",8.13892384489012e-08,-1.0686585683597e-06,-1.50378163599106e-06,-5.25505100487559e-08,-1.71311261121149e-07,2.31863383718198e-08,-1.81621969697841e-08,4.61159209120451e-08,-3.30988298904627e-08,9.23175355954343e-08,-6.524523835006e-08,4.11226390657402e-08,3.87788731025917e-08,-2.55218406157337e-08,1.23700582766479e-07,1.09057176599758e-07,9.42311952291297e-08,9.75532155570583e-08,7.19769834799828e-08,1.96484736857007e-07,-1.21450009133406e-08,2.53215243665313e-07,2.69788311624272e-08,2.30187632259167e-07,1.62363289412275e-07,1.67136037828747e-07,1.08397660610188e-08,1.59227753892986e-07,1.96329677633997e-07,1.6711913929575e-07,7.14617347113334e-08,9.45019192475456e-08,8.12898252944596e-08,1.94640509691336e-07,-2.10153917045749e-08,5.50992311520215e-08,-4.26855460873253e-08,-5.72110563539859e-09,8.92840353874685e-08,-2.72394602824838e-08,-4.09379337545196e-06,7.10654319442112e-06,1.1915892988897e-08,-7.88890465959233e-06,-4.23977494523547e-06,-4.19973882931444e-07,-1.06004975360183e-06,4.43091627570128e-07,-5.7424566985962e-07,3.52804229712189e-07,-3.65847566277323e-08,-1.15297226443994e-06,-1.28609058557488e-06,-1.50225300299788e-06,-2.12106001041584e-07,2.07491271173535e-07,-1.66664634042081e-06,3.13607104145637e-11,5.59135406688831e-09,6.5025596511949e-09,2.74764592425265e-09,7.0397404480971e-09,1.52403991962777e-09,2.78206784680936e-09,5.16602027224369e-09,-9.04142559858765e-10,7.62534878284782e-09,2.7856069828949e-06,1.64975887577649e-06,-3.06935774152323e-07,2.97468660498221e-06,6.67610108679595e-08,2.41717965836055e-07,1.66097720819597e-06,-3.24464803377874e-06,2.29690566596135e-08,3.16364555293711e-07,-4.42869498378643e-09,-0.00016336086311758,-3.248864561836e-05,5.8915703904606e-06,-6.84557151239412e-05,-1.60413724122771e-06,-2.60890172839896e-06,-6.47024481467558e-07
"north_west","beta26",-6.23306006838121e-08,-1.22673047128916e-07,-3.83533212516903e-07,-5.44089866795236e-08,-5.42246749596236e-08,7.35294151241392e-09,3.61490654052256e-09,2.9947953885129e-08,-1.85088579554329e-08,2.11752551995529e-08,4.50070638480433e-09,2.59260608918249e-08,3.82062491103974e-08,-1.31514554621705e-08,9.44766284525478e-08,2.2475480837199e-07,5.60360637353145e-08,8.31202657197213e-08,4.57173708576115e-08,6.35612385493589e-08,1.08934889079207e-07,2.69788311624272e-08,2.39760563102799e-07,-5.97522929136114e-08,2.35815438633043e-07,8.7309429524212e-08,-3.33440666000349e-09,1.40325802335249e-07,1.47314726162433e-07,1.23092212146236e-07,6.44355277338679e-08,8.08992415612374e-08,9.25859597922171e-08,5.59933591026288e-08,-9.13673911395618e-10,8.94778929131385e-09,-1.34449762873896e-08,2.00667646451756e-08,1.6306624854974e-08,1.47389484102155e-09,-2.87545021368691e-06,2.01794401357594e-06,2.39620769220314e-06,-3.95442908242262e-06,-2.37108938145254e-06,1.34505861756544e-07,2.90813144993298e-07,-3.03026978595744e-07,-4.62922714659114e-08,-1.47766969210943e-07,-2.02768050575141e-07,-6.48926019568775e-07,-1.55856662857183e-06,2.24499334138452e-06,-2.49841255013547e-07,-8.62877715640576e-09,-1.83098535935104e-06,2.26975285474269e-09,3.27209320914678e-09,5.38704667824823e-09,3.38913425258557e-09,3.83580544560342e-09,2.22401415345903e-09,1.92484314063491e-09,1.10525645901569e-09,1.03169158274715e-09,5.26300205607178e-09,1.5740909613315e-06,2.73036061412255e-06,-7.06140123517839e-07,3.0031490920103e-06,7.264317045529e-07,-1.04145909696064e-06,2.23084390920925e-06,2.0106565520461e-07,-5.84695774699131e-07,2.20096146642794e-07,-3.11348965643162e-09,-0.000133116999460378,-2.38148806663133e-05,-1.10856536458423e-05,-1.77421841791799e-05,-1.31575995768986e-06,-1.66966495924634e-06,-9.19358914806959e-07
"north_west","beta27",3.21164453707342e-08,-1.59886027627745e-06,-2.36143016190552e-06,-3.6173010521733e-08,-1.47372959221813e-07,2.3352317492814e-08,-2.24422276536219e-09,3.75112029903273e-08,-3.32681121401072e-08,1.18019098805029e-07,-6.18404196819796e-08,4.82044446383236e-08,5.40018711393328e-08,4.21884599207763e-09,1.06546106370078e-07,-1.94617555800245e-07,1.21107192704485e-07,7.289836856536e-08,1.59163201158238e-07,7.22779699628636e-08,5.2560268893471e-08,2.30187632259167e-07,-5.97522929136114e-08,4.93862691796059e-07,-1.10271123730386e-07,3.0778264465208e-07,2.08009158468765e-08,1.25978602873994e-07,2.08751144032145e-07,1.98641909104723e-07,6.19327839292201e-08,9.46600426081394e-08,5.08517832335121e-08,2.72347001378824e-07,-1.92753974869293e-08,5.46132516370298e-08,-4.07635511664177e-08,-7.54707112450699e-09,8.71331363620614e-08,-1.10014765616977e-08,-6.30498965151312e-06,6.85501922973532e-06,4.50978028340164e-07,-5.56815541542781e-06,-4.04246020967319e-06,8.20512512568441e-07,-7.81590097245272e-07,8.76362656590783e-07,-1.20721514743095e-06,6.18525433954184e-07,-2.67796832212186e-09,-1.78406459162873e-06,-1.10904341247685e-06,-4.69234258053994e-06,-7.33305330308154e-08,2.77965650111426e-07,-8.42182128114833e-07,2.82231223344687e-10,5.77928798229476e-09,4.16191705798618e-09,4.19089112127476e-09,8.75933051860751e-09,1.87291638100255e-09,5.21706964442818e-09,7.83346092727952e-09,-1.20676385395439e-09,9.10201093044589e-09,7.31000162211666e-07,2.87330870417492e-06,-3.43377065537419e-07,8.10625057586625e-09,-4.04063887361115e-07,2.09661351537709e-06,7.33487255905378e-07,-1.68684191038634e-06,-1.92930867474089e-06,3.08418650846191e-07,-1.86011790130006e-09,-0.000208325156165705,-2.98844249305169e-05,1.47974905938775e-05,-7.54903352175071e-05,-1.99824946988984e-06,-2.1878709261782e-06,-7.06694285010254e-07
"north_west","beta28",9.80064234027919e-08,-1.32011273855752e-07,-7.05672647961279e-07,-1.07576125717583e-07,-1.18137976160065e-07,3.54659050761416e-08,-3.75695168994338e-08,5.83200025979083e-08,-3.33098742705307e-08,8.31499880676995e-08,-6.8109801441827e-08,3.42014853470249e-08,4.45559781220532e-08,-5.9000424854188e-08,1.5798694723999e-07,3.11668714791774e-07,8.78538217116321e-08,1.57224380853494e-07,2.86462808576796e-09,1.9498724806521e-07,1.08444767798178e-07,1.62363289412275e-07,2.35815438633043e-07,-1.10271123730386e-07,7.46476117574443e-07,-1.57118853839945e-07,9.89354385595843e-09,3.14899269708837e-07,2.05555120260792e-07,1.83667812561959e-07,9.38373943863927e-08,1.43303372639379e-07,1.03056121037941e-07,2.20099613832663e-07,-2.00322222266616e-08,5.25309911311615e-08,-3.75066627977925e-08,1.50109005788197e-08,7.04199454490005e-08,-4.39092054265911e-08,-3.45023273818781e-06,2.15109574143309e-06,1.61861632584723e-06,-1.71931334676087e-05,-2.82838030675525e-06,-1.8103156176451e-06,-9.46525529687346e-07,-5.03595292314922e-08,1.89731303646538e-07,-3.80104817056198e-07,-1.28676805980853e-07,-9.94579217624315e-07,-2.71122648600301e-06,4.50269256029994e-06,-1.80740655825876e-07,-2.20350186902479e-08,-1.08422514221907e-06,3.85084951966918e-09,5.93240310865048e-09,1.28540567764462e-08,3.81359745579032e-09,2.23519908999311e-09,2.39505588429544e-09,3.21070237009357e-09,2.16130007894614e-09,3.06840311200455e-10,9.22099915898326e-09,6.83981663070942e-06,1.59010694364294e-06,-1.07145492454846e-06,5.84009246853744e-06,8.49666598508596e-07,-2.06691435776873e-06,4.06195414719995e-06,-2.14476871495339e-06,1.2126799407586e-06,6.22959530333263e-07,-1.08440999083286e-08,-0.000165163458270013,-4.39038730888755e-05,-1.68747522814456e-05,-3.99026589021522e-05,-1.44713887340197e-06,-3.45703135108491e-06,-1.17236863636724e-06
"north_west","beta29",-8.17059560883173e-08,-1.38597513245776e-06,-2.24358562551771e-06,-2.01693418740344e-08,-1.88981888532909e-07,2.2442264095799e-09,2.48162380245489e-08,3.70478323013412e-08,-3.68159788731039e-08,8.0603692890146e-08,-1.72958887785431e-08,5.04802759403729e-08,6.36714000974806e-08,6.57767103823125e-09,1.17723001473748e-07,-1.37828780621083e-07,1.10650893219892e-07,7.28394474870281e-08,1.78281450322773e-07,4.99301863513633e-08,8.42013405617035e-08,1.67136037828747e-07,8.7309429524212e-08,3.0778264465208e-07,-1.57118853839945e-07,5.23895192297396e-07,4.88189970056998e-09,8.00927272867362e-09,2.78263126369905e-07,1.93195001050886e-07,7.25623800299833e-08,1.30189742931786e-07,8.71376826348095e-08,1.78637296361088e-07,-2.88530389931982e-09,1.8503951262793e-08,-1.13899384347067e-08,3.5831368668273e-09,4.02144109875314e-08,2.37046891484388e-08,-1.07691239063026e-05,6.99683494616163e-06,1.94255028860505e-06,-1.22163712552382e-06,-2.58654834288272e-06,2.29456812382948e-06,-1.45372724277166e-06,4.77115404206247e-07,-9.50757300905877e-07,5.3565181008277e-07,3.5079756901443e-08,-1.54670242314493e-06,-7.67206282082558e-07,-2.50570186760917e-06,-1.72431900487143e-07,1.55328294576831e-07,-7.76788732581043e-07,1.09459881395349e-09,6.0031547353685e-09,3.50470343563313e-09,5.11352477137385e-09,1.42986957042374e-08,3.33609040679618e-09,4.15589981255792e-09,6.70327941352996e-09,2.19827045184284e-10,7.89999824733454e-09,-2.75764507095925e-06,-1.05208271404352e-06,5.34252320256021e-07,-1.60348902624913e-06,6.59273177848748e-07,8.51505002541003e-07,-2.9836283131704e-08,-7.74354520247632e-07,-2.05349410166099e-06,9.54336926800852e-08,4.49683827385681e-09,-0.00022927101819824,-2.73305846890327e-05,1.3407188186515e-05,-8.85687636633424e-05,-2.34718682859331e-06,-1.97906227428363e-06,-1.01189875100022e-06
"north_west","beta3",7.03883364177114e-08,-6.07374048566027e-08,-5.11800383567886e-07,-1.46917174228511e-08,5.32951603581589e-08,-9.08338763392987e-09,2.46622367796975e-08,-1.74791843285222e-08,1.50010794616975e-08,-1.28002255884819e-08,-2.9229081374621e-09,3.01697954660555e-09,-2.29270353826269e-09,4.51242880677481e-09,2.31174166939444e-09,-7.53995448987978e-07,3.71038878781855e-09,7.12917005624864e-09,6.38613410512504e-09,-3.90846349367374e-09,5.0725996971611e-09,1.08397660610188e-08,-3.33440666000349e-09,2.08009158468765e-08,9.89354385595843e-09,4.88189970056998e-09,1.3289467312872e-07,2.34779044588711e-09,2.39592454037573e-08,2.0667060444258e-09,9.38042414659259e-09,-4.11952741855124e-09,4.15628008311448e-08,-2.85344700425978e-08,-7.59846756988235e-08,6.49118459432914e-08,-5.86420232349987e-08,3.44226867089398e-08,-2.65438043349647e-08,1.46600860329176e-08,1.90625031406869e-08,6.76166837901604e-07,2.39518200030604e-06,-3.42501164337315e-06,1.96943432577492e-06,-5.20522486005762e-07,1.38357604478749e-07,-4.49392122812245e-07,8.65995702829435e-08,-5.46681891413166e-10,1.07519891012025e-07,-1.02569224227871e-07,-4.3097329564542e-07,2.34756430307854e-07,6.80606810339344e-08,3.63072283048073e-08,1.90031624436862e-06,2.03292595186227e-10,5.70737111606712e-10,1.54617787386191e-09,7.44786358560112e-10,5.05865016066688e-10,-2.46411180443239e-10,3.54443287973768e-10,6.73576965272299e-11,-3.22961326231846e-10,-5.5561873697232e-10,1.48535621058585e-06,-4.58093694115285e-06,2.00391766563122e-07,6.81325282288486e-07,3.1277544933896e-07,-5.85690358609454e-08,2.47048037914375e-07,-8.22621301188306e-08,-7.21896233714423e-07,1.54211016416309e-07,2.71207407481339e-09,-5.87931173410836e-06,-2.75988348093846e-06,-1.15200662117387e-06,6.70223388190362e-06,1.90469872497143e-08,-1.43700686509169e-07,-1.93712102130999e-07
"north_west","beta30",5.61174313593885e-08,-3.87302042359484e-07,-7.46079095783342e-07,-6.95081238130773e-08,-7.66383993812004e-08,3.15080784609162e-08,-1.22208293091066e-08,3.89859712130023e-08,-9.93531367732255e-09,3.77648657063365e-08,-2.62983458996183e-08,3.66980110792979e-08,4.34772743934121e-08,-1.15764010537576e-08,1.29260566279084e-07,2.350891783846e-07,8.46251885596444e-08,1.04619019707314e-07,5.64120252429826e-08,1.39992286623727e-07,8.36071123026411e-08,1.59227753892986e-07,1.40325802335249e-07,1.25978602873994e-07,3.14899269708837e-07,8.00927272867362e-09,2.34779044588711e-09,3.23084275396982e-07,1.28702220641054e-07,1.86405772743837e-07,7.41517065904573e-08,6.66505636449337e-08,1.2344743692554e-07,1.10552270939845e-07,-1.51693396142392e-08,4.3245632604971e-08,-3.00688543790035e-08,7.14608892872038e-09,7.68072801452158e-08,-3.35879593243195e-08,-7.69773533655009e-07,7.42913621715146e-06,3.15533904418351e-06,-7.17978037067719e-06,-6.65175885542806e-07,-8.46879717794618e-07,9.94245045190252e-07,1.63428049357046e-07,-4.06840383058579e-07,-8.19435361423558e-08,-2.21611187948835e-07,-1.28337922667848e-06,-4.45013226200812e-06,1.60744894681181e-06,-5.09862953993256e-07,1.89510628863239e-07,-3.92057229072381e-06,2.46667681882696e-09,7.89198149115361e-09,9.30857044389574e-09,6.92406487830924e-09,8.96343765937784e-09,3.32535637400925e-09,2.7981597484648e-09,3.43300347563025e-09,1.3862029065279e-09,1.13238646680107e-08,3.90290860511735e-06,5.35796167256802e-06,-1.5978732908176e-06,6.45681363379813e-06,-1.5189503639072e-07,-1.91222009620513e-07,5.99459676449065e-06,-1.44487944510751e-06,-7.72598774137956e-07,5.96258669758982e-07,-1.08268828107206e-08,-0.000169334856044928,-2.99879261219304e-05,-1.46150690041444e-05,-3.21356547797841e-05,-1.51859322618095e-06,-2.38398465956246e-06,-9.61793262752021e-07
"north_west","beta31",3.0552092661954e-08,-7.62488202417947e-07,-2.34340172267297e-06,-6.52563069524878e-08,-1.97460148539695e-07,2.20200984413895e-08,2.49499050022207e-09,4.08452895570835e-08,-2.9960839936438e-08,8.34926755451121e-08,-9.63549061333047e-09,4.2412573658576e-08,7.48987386884775e-08,-2.31000376171299e-08,1.53080726498782e-07,8.04982399129317e-08,1.10647144687457e-07,1.16742446869993e-07,1.19607380616538e-07,1.27807673779145e-07,9.9169529750624e-08,1.96329677633997e-07,1.47314726162433e-07,2.08751144032145e-07,2.05555120260792e-07,2.78263126369905e-07,2.39592454037573e-08,1.28702220641054e-07,3.63354280967529e-07,1.96525596557635e-07,1.29005084285176e-07,1.44571839180319e-07,1.61598242536771e-07,1.5837568163727e-07,-1.26355969759888e-08,2.82493306634746e-08,-1.82756499806826e-08,1.07563508479546e-08,5.04480452811263e-08,-2.24859669814462e-09,-8.86580296141125e-06,5.05201104888737e-06,4.77580330273016e-06,-7.74808211612923e-06,1.43459638430159e-06,4.39016072588092e-08,-2.76796836827215e-07,1.10828931475058e-07,-2.94934851213391e-07,2.12933813467115e-07,-7.54651050760999e-08,-1.5804655065753e-06,-3.23704363550634e-06,9.95339875818418e-07,-2.04673229237021e-08,7.65135841259227e-08,-9.5413776465785e-07,4.18044972613995e-09,8.69381242472735e-09,9.3614694581601e-09,8.04759802017718e-09,1.59015200614666e-08,3.81139866289967e-09,6.24742852779396e-09,5.95207283483874e-09,1.17192894233291e-09,1.16487651294838e-08,7.6470930121031e-07,2.86964121492334e-07,5.3273043641919e-07,-1.47036533606405e-06,7.53775754904859e-07,-3.94782913605859e-07,2.66977082759497e-06,-1.42774278566057e-07,-1.64873611829822e-06,3.98669929289992e-07,-1.93084317587332e-09,-0.00024245991107339,-3.54919595221372e-05,8.89176933555269e-06,-7.68839156303289e-05,-2.31422394369786e-06,-2.58870376411798e-06,-1.90966792463962e-06
"north_west","beta32",-1.10537251382299e-08,-8.08316040713648e-07,-4.09682690225498e-06,-7.31532274679825e-08,-2.25352895951622e-07,-1.33483933797196e-09,1.17800141370482e-08,6.60437355843342e-08,-6.6387834355983e-08,1.23971849794208e-07,-3.19540088678502e-08,4.71259825772591e-08,5.0833670286278e-08,-4.18426641983293e-08,1.35350202028723e-07,-1.67061859560824e-07,1.03736029128952e-07,9.44726844086938e-08,1.30494710024396e-07,6.67489344835946e-08,9.95218418252429e-08,1.6711913929575e-07,1.23092212146236e-07,1.98641909104723e-07,1.83667812561959e-07,1.93195001050886e-07,2.0667060444258e-09,1.86405772743837e-07,1.96525596557635e-07,5.27849982698163e-07,2.72917887570979e-08,3.2699007588061e-07,1.2424680417163e-07,3.6644211025704e-07,-1.97011165717449e-08,6.65561684335658e-08,-5.13966165436814e-08,-2.35873502269984e-09,6.91746563669844e-08,1.80591149326217e-08,-1.29584010603151e-05,3.98859419967864e-06,7.86856953955192e-06,-7.2925424020187e-06,-1.33878040055075e-05,2.24744641825383e-08,-6.02239379529646e-07,8.16537820660056e-07,-1.2553109543675e-06,2.39254723689916e-07,5.0271503257833e-08,-1.41057674021543e-06,-8.4956397979026e-07,-1.27639429647532e-06,-1.23025398653491e-07,2.1179503473273e-07,-1.14432515093238e-06,-1.17536496311004e-09,4.04381373427496e-09,6.08747350278938e-09,4.9908509597758e-09,1.79004086677573e-08,2.69593222891746e-09,4.22782929465097e-09,7.36352197940234e-09,-1.59481943550292e-09,1.35777503935748e-08,-6.84272592449686e-07,3.77416200662743e-06,-1.08080186469836e-06,4.70902905066547e-06,8.64836914212339e-07,-5.06979794932031e-07,1.24995962155093e-06,-1.70980373769159e-07,-2.35395003261201e-06,-3.28605267379099e-07,-9.80521689474948e-10,-0.000163312834634743,-3.39316626959773e-05,-5.46648275535751e-05,-0.000107995476868346,-1.83662585098132e-06,-2.66108917791296e-06,-4.05724155769257e-06
"north_west","beta33",5.28696958135917e-09,-9.55890102723721e-07,-1.25192710878749e-07,-1.96220681132643e-08,-7.1784100887118e-08,2.19896364125442e-08,-7.03467394550479e-09,1.17879856864456e-08,6.20907354986292e-09,-8.85206476471546e-09,9.26654037464067e-09,1.43024223186478e-08,2.72904479793403e-08,1.67134973650653e-09,6.08845515473924e-08,2.28889576911927e-07,2.64823308205102e-08,4.73470965884469e-08,-3.98417982120217e-09,1.07322230277308e-07,1.79732864493159e-08,7.14617347113334e-08,6.44355277338679e-08,6.19327839292201e-08,9.38373943863927e-08,7.25623800299833e-08,9.38042414659259e-09,7.41517065904573e-08,1.29005084285176e-07,2.72917887570979e-08,1.85288491853976e-07,-1.04222774383248e-07,2.05734486507536e-07,-1.4064154272766e-07,-6.84059884223755e-09,1.48144522626611e-08,-2.14870779196507e-08,1.67513004078434e-08,4.11683018031863e-08,-3.08743073620895e-08,5.53026972362862e-07,3.12571067449593e-06,9.03948714571616e-07,-5.73969456772315e-06,3.63321078504023e-07,7.35934008908885e-07,6.12763652678479e-07,-8.84120996338159e-07,-2.32669563005512e-07,2.17178950761569e-07,-2.31752546542731e-07,-5.5521111608937e-07,-2.19408339979816e-06,3.74221746698762e-06,-3.024255538919e-07,5.43084243314766e-08,-2.97452456637143e-06,2.54705928442233e-09,6.43177875387737e-09,5.49562617298252e-09,6.85345414621897e-09,7.42789560245708e-09,2.93427217545207e-09,1.60466648011617e-09,6.06060390579545e-11,2.47346019650891e-09,5.68892594200695e-09,2.06214329719764e-06,6.23163216261645e-06,-1.75888597704071e-06,3.91951773106473e-06,-1.93692551791305e-07,1.79607886316143e-07,2.61582926150357e-06,-3.12680840520427e-07,-1.11958200192567e-06,3.53530095231695e-07,-3.50570820002893e-09,-9.75445649841639e-05,-5.86935362315701e-06,-2.147713952486e-05,-2.01272390059098e-05,-7.90488417218161e-07,-5.90718471804599e-07,-1.64320684735537e-06
"north_west","beta34",7.79170343156735e-08,-1.4554324926236e-07,-2.6242463545448e-06,-8.7035381118639e-09,-2.28950292334428e-07,-1.05915994445486e-08,-1.5669689141408e-09,5.14333919640722e-08,-8.24371208386414e-08,1.49801972533331e-07,-3.39809724226112e-09,2.95932834927361e-08,3.7742053656914e-08,-3.06649685565284e-08,7.4047997718177e-08,-1.2928450270053e-07,8.30878723554554e-08,6.95850630558729e-08,1.31355898924252e-07,-4.29391734728902e-08,8.99170680086301e-08,9.45019192475456e-08,8.08992415612374e-08,9.46600426081394e-08,1.43303372639379e-07,1.30189742931786e-07,-4.11952741855124e-09,6.66505636449337e-08,1.44571839180319e-07,3.2699007588061e-07,-1.04222774383248e-07,5.4949826367223e-07,-3.0823234000614e-07,8.77216252555267e-07,-5.67704580390096e-09,2.18520736619282e-08,1.2944231431278e-08,-3.44042862246581e-08,2.75682405533726e-08,3.19948447208413e-08,-1.20965508949174e-05,-1.51459400783942e-06,2.13828491601025e-06,-1.84203668616581e-06,-6.52624898568601e-06,-8.4293693429646e-07,-1.30224064487475e-06,1.55478905199564e-06,-1.16629115464364e-06,4.40900367758806e-08,2.41309461151619e-07,-6.30781867548219e-07,7.63637809583793e-07,-4.20859425186743e-06,5.41379498210478e-07,-3.26176319990091e-08,3.2692409573774e-06,-1.87143334978807e-09,-1.83484390103781e-09,1.80967667782938e-09,-4.56313369743629e-09,3.39996344693159e-09,-7.73250952552565e-10,5.33620662009338e-09,6.78502955032553e-09,-4.61871950727537e-09,5.56880829242956e-09,-2.87162676378334e-06,-6.68719713860191e-06,2.18201125578172e-06,-4.71758646202232e-06,-7.84052340481347e-07,1.48201243958626e-06,-2.88810333816615e-06,1.85087656741496e-08,1.07499201247039e-07,-5.1364148724407e-07,2.8666966533439e-10,-0.00011278721484764,-3.01087539779351e-05,-2.6568389941997e-05,-9.47440903836936e-05,-1.43364502595083e-06,-2.04026209390337e-06,-1.78585853129167e-06
"north_west","beta35",1.25953105261865e-07,1.3129400354866e-06,-4.38485799604091e-07,-5.40960994326963e-08,9.74930449904397e-08,4.89728443671064e-08,-2.80021350387086e-08,9.94558026311527e-09,6.44905845361636e-08,-1.49201530822378e-07,7.11814014169662e-08,-4.9763824203246e-09,2.54679900229578e-08,-8.95676444898276e-09,8.48914580368342e-08,1.612122478341e-07,-1.66194214496089e-08,3.37679077287925e-08,-5.47717640261402e-08,1.9696607222585e-07,-8.63803545909822e-09,8.12898252944596e-08,9.25859597922171e-08,5.08517832335121e-08,1.03056121037941e-07,8.71376826348095e-08,4.15628008311448e-08,1.2344743692554e-07,1.61598242536771e-07,1.2424680417163e-07,2.05734486507536e-07,-3.0823234000614e-07,9.09578721463194e-07,-1.54260854130055e-06,-1.75000585484351e-08,2.0805728657919e-08,-3.60484065710339e-08,3.22482369466489e-08,4.03969416498016e-08,-4.54641873924288e-08,1.06204250783906e-05,1.24550379814364e-05,8.59935868868244e-06,-6.22717814964043e-06,1.42548573094464e-05,1.30120856969557e-06,1.95982290372555e-06,-2.18104835391234e-06,9.8077883195386e-07,-5.00210805208424e-07,-2.93762368215479e-07,-8.39157512681795e-07,-1.66794140895454e-06,9.54786030146153e-06,-1.08212496863054e-06,1.35255601737615e-07,-8.47584087859847e-06,7.6866280640776e-09,1.38247681534186e-08,1.55598129892123e-08,2.09194372437366e-08,2.73780126848106e-08,7.620537605875e-09,-1.16811417836996e-09,-2.84218640419223e-09,7.07127381033241e-09,5.09220311695682e-09,2.71940762859735e-06,1.15212724098003e-05,-3.99138312246189e-06,8.8179493283797e-06,2.09507888714626e-06,-3.71871619030749e-06,2.81329308086195e-06,1.11909564051471e-06,-3.47081285776055e-06,7.32509226643122e-07,-7.32910539662883e-09,-5.09819800737711e-05,5.53738280665003e-06,-4.0078096415858e-05,4.11678706378139e-05,9.31164126663909e-09,-1.01714181476655e-07,-3.58817288507988e-06
"north_west","beta36",-1.58127542758409e-07,-4.22606701103507e-06,-4.18397933377294e-06,-8.9368227713603e-08,-7.07685830196603e-07,-6.01566015570014e-08,5.01577132044291e-08,9.71215899022038e-08,-2.10423977440557e-07,4.87846115717861e-07,-1.63338602699849e-07,8.7413141155565e-08,5.67855934228565e-08,-3.7385259985298e-08,1.03398426532233e-07,-4.53830693206058e-10,2.15983881148941e-07,1.42218142301211e-07,2.93487843555809e-07,-1.77139717731566e-07,1.81318455326929e-07,1.94640509691336e-07,5.59933591026288e-08,2.72347001378824e-07,2.20099613832663e-07,1.78637296361088e-07,-2.85344700425978e-08,1.10552270939845e-07,1.5837568163727e-07,3.6644211025704e-07,-1.4064154272766e-07,8.77216252555267e-07,-1.54260854130055e-06,4.31155275828019e-06,-2.82174215219133e-08,7.78876357369025e-08,-1.51415386775225e-08,-2.61682241081951e-08,4.52934363105571e-08,9.36586228234924e-08,-3.96441495408924e-05,-1.29435733895453e-05,-1.53451847042205e-05,-9.6121150758569e-06,-4.75332779104373e-05,-6.91681103892707e-07,-7.2600043764208e-06,4.07363691425227e-06,-2.89598179635321e-06,1.41433614905148e-06,2.90368844081198e-07,-1.14297360479338e-06,-3.37786991743663e-06,-1.54312540604356e-05,1.79446214221193e-06,3.76099008519407e-08,1.29776118197372e-05,-1.15996137190965e-08,-1.04780544736501e-08,-1.03441008903749e-08,-2.47913391354122e-08,-2.00613331030813e-08,-8.2638891446813e-09,1.19406597320457e-08,1.67506166490172e-08,-1.03344723033304e-08,1.58203772805385e-08,1.20006086275194e-06,-1.06529546738365e-05,5.95306445278607e-06,-9.98503955704872e-06,-2.80207798515123e-06,5.53114680349368e-06,6.84486096058446e-07,-6.66574332808265e-06,5.94604299873634e-06,-9.01433275335975e-07,-3.80062234405138e-10,-0.000234336368334862,-7.41087153585004e-05,-2.62028126794197e-07,-0.000279174952819527,-3.21268058776215e-06,-4.60361618870829e-06,8.36544714549948e-07
"north_west","beta4",-3.87832136627224e-08,2.45030298690134e-07,6.75041215967765e-07,1.29252013470856e-08,2.08502836710729e-09,7.78476233610803e-09,-1.49796289508561e-08,9.90481734244434e-09,6.76426967745376e-10,-2.50046762163609e-08,4.05196818542674e-08,-4.1826655181629e-09,3.46991951805941e-09,1.05777056263725e-08,-1.64395853812585e-08,2.25110230112652e-07,-7.01845199919238e-09,-8.95401705040764e-09,-1.29012871531368e-08,3.36254670755816e-09,-4.52822825446361e-09,-2.10153917045749e-08,-9.13673911395618e-10,-1.92753974869293e-08,-2.00322222266616e-08,-2.88530389931982e-09,-7.59846756988235e-08,-1.51693396142392e-08,-1.26355969759888e-08,-1.97011165717449e-08,-6.84059884223755e-09,-5.67704580390096e-09,-1.75000585484351e-08,-2.82174215219133e-08,6.86783833412472e-08,-8.57664955815347e-08,7.5947009900576e-08,-4.00676235760566e-08,1.97074509499505e-08,-7.10205175146501e-09,1.71167345226573e-06,-1.80462360073429e-06,-6.62071989221814e-07,3.25784153876155e-06,3.61164469050582e-06,9.83984512098542e-07,9.76885706079784e-08,2.9256947016337e-07,2.37040802484259e-07,-1.1737572597941e-07,-8.96189791036511e-08,-1.45268581461203e-07,1.45872384536839e-08,7.61836579416874e-07,1.54788928858751e-07,-8.87077603762336e-08,-5.04128934861295e-07,8.94622937973912e-10,7.06013247629596e-10,-1.01587046164506e-10,-1.52719816636714e-10,1.90130861796478e-10,2.14443057631747e-10,-1.67252701020711e-11,-4.70551852638054e-10,7.03357465237487e-10,4.78521006630555e-10,-1.52214510999169e-06,1.50936904856364e-06,4.8780292916744e-07,-1.88688664024578e-06,2.82504209142676e-07,-4.74657575281429e-08,-5.41746352427255e-07,1.11944754648682e-06,3.0199774221081e-07,-2.35343201083095e-08,7.4333392099921e-10,6.19372184465618e-06,9.48383057312097e-07,2.28632708825284e-06,2.1052999715217e-06,5.05545373554724e-08,4.31392177498774e-07,7.6023992446665e-08
"north_west","beta5",5.07322809469516e-08,-8.01741101707645e-08,-4.32099787188275e-07,-7.00709018694771e-08,-5.21950826241476e-08,-8.97631880303658e-09,2.78150526892372e-08,-1.48651777147064e-09,-2.52333033600724e-09,6.64996700408621e-08,-8.57304226838618e-08,1.42846948598566e-08,-2.51770194828817e-09,-2.08623447445258e-08,4.59561818989915e-08,-1.2423588051192e-07,2.36622241233116e-08,2.79212896154484e-08,2.44855912480049e-08,1.54014865025449e-08,1.32828413978756e-08,5.50992311520215e-08,8.94778929131385e-09,5.46132516370298e-08,5.25309911311615e-08,1.8503951262793e-08,6.49118459432914e-08,4.3245632604971e-08,2.82493306634746e-08,6.65561684335658e-08,1.48144522626611e-08,2.18520736619282e-08,2.0805728657919e-08,7.78876357369025e-08,-8.57664955815347e-08,1.83641279970353e-07,-2.12631995223586e-07,1.02069140801005e-07,-2.57777661596886e-08,1.88750625272062e-08,-3.04326549470125e-06,2.58961338044784e-06,1.06671632642054e-07,-6.39282363301096e-06,-1.02535644027936e-05,-1.20928455375704e-06,-4.08988881036616e-07,-1.59251721364099e-07,-8.50048548934251e-07,1.96719100065557e-07,7.20058626381053e-08,-4.5662745737236e-07,-8.82019477310127e-07,-2.47145996784625e-06,-2.77327810401248e-07,1.8552270540815e-07,2.90397532684742e-07,-1.60534948299555e-09,-1.98979980029094e-09,-4.38005457790928e-10,-1.18378244043234e-11,-1.27718943225409e-09,5.18795088774813e-10,5.92266897853759e-10,2.4038827786641e-09,-1.01124007598195e-09,1.96755713817614e-09,2.77149233052592e-06,1.70100573097011e-06,-1.23837936320774e-06,4.54031935608715e-06,3.68470199369627e-07,5.20811765607031e-07,1.38934020018105e-06,-2.10250807608997e-06,-6.04506207786006e-07,6.93189471723625e-08,-3.36442341696633e-10,-1.17557921101522e-05,-1.1823946547668e-06,-4.36747459202569e-06,-2.8310385536654e-05,-1.23272808457228e-07,-1.08089677507454e-06,-2.17822902982802e-07
"north_west","beta6",-3.66483331277742e-08,1.34698102037874e-07,-5.22548257814528e-07,1.21138169079971e-07,6.0250310832959e-08,1.30783719343373e-08,-3.01986756142024e-08,1.27490485829877e-08,-1.29003568957533e-09,-5.50273843516189e-08,1.23673717356943e-07,-1.22751387367102e-08,5.90671284813928e-09,2.44352448599666e-08,-4.39545366847909e-08,2.01741542101133e-07,-1.76874964867488e-08,-3.26793374888552e-08,-1.58147789971946e-08,-1.45590298200145e-08,-1.02069802929657e-08,-4.26855460873253e-08,-1.34449762873896e-08,-4.07635511664177e-08,-3.75066627977925e-08,-1.13899384347067e-08,-5.86420232349987e-08,-3.00688543790035e-08,-1.82756499806826e-08,-5.13966165436814e-08,-2.14870779196507e-08,1.2944231431278e-08,-3.60484065710339e-08,-1.51415386775225e-08,7.5947009900576e-08,-2.12631995223586e-07,3.99135242445423e-07,-2.58487258359155e-07,1.21744857777957e-07,-2.71834397734479e-08,3.37539228515187e-06,-1.77408634666878e-07,-2.86284206619597e-06,8.34374755251402e-06,1.10393690109791e-05,1.68875574911559e-06,-3.97515203388e-07,7.35552351093976e-07,7.3885359024188e-07,-3.30165933592679e-07,7.02389269442658e-08,-9.772546805767e-08,1.21018635767898e-06,5.16179906323688e-07,2.36509209061644e-07,-1.33013073567385e-07,-2.1156519380843e-07,1.73130192995063e-09,4.67993310052876e-09,2.3421958756267e-09,2.6856304724924e-09,4.08669978583725e-09,-6.67161375200679e-10,1.82792597782815e-09,-1.76949473041567e-09,2.081389615396e-09,-9.19910511907998e-11,-4.27014528482489e-06,-4.11896010942515e-06,1.45201458702e-06,-6.37636328221436e-06,4.38637787446009e-08,-7.21712995322653e-07,-1.98798731615739e-06,7.12575095910944e-07,1.22196538074389e-06,-2.63608043499804e-07,-1.6769453542456e-09,2.40695472848324e-05,1.60633454817086e-06,2.6464867662911e-06,3.07188916647627e-05,2.36467960644471e-07,1.17258530777588e-06,-8.26054716798624e-08
"north_west","beta7",6.02261422092943e-08,-1.26211129787595e-07,3.35787941072466e-07,3.77064382386417e-08,1.88562864716989e-08,-2.14701574125633e-08,2.87666001983521e-08,-8.03611296800328e-09,9.38733751719292e-09,4.01126529002558e-09,-4.45823601009128e-08,-3.34436434904005e-09,-2.70132542040888e-09,-1.8931125936815e-08,1.95024086546276e-08,-5.61336859159192e-08,-4.05167478770169e-09,1.60308148507412e-08,-1.54964816274181e-08,1.55303563010154e-08,1.37122594908899e-08,-5.72110563539859e-09,2.00667646451756e-08,-7.54707112450699e-09,1.50109005788197e-08,3.5831368668273e-09,3.44226867089398e-08,7.14608892872038e-09,1.07563508479546e-08,-2.35873502269984e-09,1.67513004078434e-08,-3.44042862246581e-08,3.22482369466489e-08,-2.61682241081951e-08,-4.00676235760566e-08,1.02069140801005e-07,-2.58487258359155e-07,2.99602212774478e-07,-2.87665060267867e-07,7.50533315169018e-08,-2.58683723858345e-06,-3.80196369575833e-06,3.24328554871407e-06,-4.5575562876359e-06,-3.86395020747912e-06,-8.89787710924897e-07,-1.80180752438816e-08,-4.86119572192742e-07,-9.29805429299302e-08,1.79733854187439e-07,-2.86813243512718e-10,4.62451372240076e-08,-1.18026674925787e-06,2.20892102700346e-06,-3.47626478307342e-07,-2.17708282054552e-09,2.86452091844742e-07,-5.34083845426762e-10,-3.0745232227835e-09,-1.41383443601862e-09,-4.77034086055914e-10,1.84595687632449e-09,-2.10239218402044e-10,-1.97737074964174e-09,-4.85881391419964e-11,-1.06842747200234e-09,-1.06841764837952e-09,6.11341686989244e-07,1.50604444249598e-06,-1.60081399313037e-06,2.37878175879623e-06,1.04113213725574e-06,-7.27506847732324e-07,1.52688989576861e-06,4.92813518990334e-07,-6.70878555137762e-07,2.31647511219683e-07,-5.33033220794925e-09,7.56296814298546e-06,4.62046659180731e-06,-1.60125294784506e-06,4.70529815185681e-06,1.8313268520603e-07,-4.69132214983926e-07,-3.12832759779012e-08
"north_west","beta8",1.25506300926632e-09,-6.13362572722699e-07,5.22900055134657e-07,-1.71382662065085e-07,-8.25137270599436e-08,1.05231982117238e-07,-8.75095476564049e-08,3.26038725213524e-08,-3.6503264933042e-09,6.54235745039054e-08,-8.04612013257086e-08,3.10375635513668e-08,3.38188482845525e-09,-1.30059497038726e-09,4.82750580985421e-08,1.32980569520154e-07,4.6997938556319e-08,3.00817552100044e-08,4.87955409765615e-08,3.17443687242975e-08,8.95260683738077e-09,8.92840353874685e-08,1.6306624854974e-08,8.71331363620614e-08,7.04199454490005e-08,4.02144109875314e-08,-2.65438043349647e-08,7.68072801452158e-08,5.04480452811263e-08,6.91746563669844e-08,4.11683018031863e-08,2.75682405533726e-08,4.03969416498016e-08,4.52934363105571e-08,1.97074509499505e-08,-2.57777661596886e-08,1.21744857777957e-07,-2.87665060267867e-07,5.35300352368543e-07,-2.43889170464904e-07,1.72086656661617e-06,9.39842068461037e-06,-1.39734419051086e-06,-5.6793782295942e-06,-1.63339653179729e-06,1.22916898238156e-06,2.64994568769885e-07,-6.79454713821856e-08,-2.79499391368333e-07,3.13705008589145e-07,-2.00616573589101e-07,-7.73673965445508e-07,-1.60168896636197e-06,-2.69471588840856e-06,-1.29774133165833e-07,2.39292937721837e-07,-3.8539672660645e-06,-2.32779776598356e-10,4.99920678548341e-09,3.43078644428127e-09,2.05378177051329e-09,1.88949689378502e-09,1.86367574505608e-09,5.63566614087187e-10,1.69401473874062e-09,1.23205544107866e-09,1.65764787621428e-09,5.93654232131055e-06,5.92096913679094e-06,2.15652515050649e-07,3.67076796541337e-06,-6.16817030415736e-07,1.2359991180581e-06,1.69763741713834e-06,-2.90744224749714e-06,1.92006691685737e-07,1.47962492220406e-07,4.81147250783112e-09,-5.29452975679532e-05,-9.90279070315596e-06,6.97228122062411e-07,-4.12936330981161e-05,-4.81888783143081e-07,-1.07547129793652e-06,-2.15700935105207e-07
"north_west","beta9",9.83106824880068e-08,4.3071458776545e-07,-6.00200764680592e-07,-1.02021301451956e-09,2.70814466046211e-08,-1.4814692856077e-07,1.35691371202151e-07,-2.53335091099148e-09,-6.12414241828719e-09,-8.1231590245905e-09,5.57866346398158e-08,-7.31693848219043e-09,1.11469792364915e-08,7.12572442883106e-09,-2.36150646064216e-08,-1.60390315183302e-07,-5.34390010335282e-09,-5.60341644750492e-09,-1.48907070467019e-08,1.38216253516527e-09,1.3308925136028e-09,-2.72394602824838e-08,1.47389484102155e-09,-1.10014765616977e-08,-4.39092054265911e-08,2.37046891484388e-08,1.46600860329176e-08,-3.35879593243195e-08,-2.24859669814462e-09,1.80591149326217e-08,-3.08743073620895e-08,3.19948447208413e-08,-4.54641873924288e-08,9.36586228234924e-08,-7.10205175146501e-09,1.88750625272062e-08,-2.71834397734479e-08,7.50533315169018e-08,-2.43889170464904e-07,2.72315482360083e-07,-1.45206123339647e-06,-3.99831673641517e-06,5.87798379660962e-07,2.16779509679023e-06,-1.02873494124173e-07,6.85219206564636e-08,-8.83765565748365e-07,1.52678295541795e-07,-8.03084424802957e-08,-1.91891227306856e-07,1.66204960988659e-07,-4.13151402530386e-07,3.13219235907284e-07,-4.61574403546545e-07,8.73046939358822e-08,-8.14362541288423e-08,3.12617943001997e-06,-2.56835095284422e-10,-1.07748058048568e-09,-8.76086755424115e-10,-1.01303788388838e-09,2.99835173848424e-09,4.46543217016257e-10,2.43899539873838e-09,1.83925958971227e-10,-2.46492831466891e-10,3.23529119149149e-09,-3.34134150699672e-06,-6.51648755134981e-06,1.14846014783738e-06,-2.27305722868534e-06,1.39792703139783e-06,-3.07840246489294e-07,-1.37358622974229e-06,3.27516505595859e-07,-6.66529738627206e-08,-1.86074245502455e-07,2.07371142492509e-09,3.10436364459613e-05,-5.89838103020808e-06,1.25667887538833e-07,2.6460612878244e-06,7.33679877551572e-08,4.49190648358676e-07,-1.83155340716041e-07
"north_west","mu_D",3.61934763851304e-05,0.000233506484016102,0.000521105773265833,-1.54723491575029e-06,2.69845490139138e-05,3.08010063994167e-07,1.79665079041683e-06,-3.75208719244675e-06,7.55726275148968e-06,-1.87696895812025e-05,1.17069707970359e-05,-2.36060969863775e-06,-2.31264209793962e-06,2.96185632959382e-06,-9.5931706901008e-07,4.93642540798385e-05,-7.60043983457187e-06,1.56058641474384e-06,-1.60149929651763e-05,1.55694952935296e-05,-7.70695083248151e-06,-4.09379337545196e-06,-2.87545021368691e-06,-6.30498965151312e-06,-3.45023273818781e-06,-1.07691239063026e-05,1.90625031406869e-08,-7.69773533655009e-07,-8.86580296141125e-06,-1.29584010603151e-05,5.53026972362862e-07,-1.20965508949174e-05,1.06204250783906e-05,-3.96441495408924e-05,1.71167345226573e-06,-3.04326549470125e-06,3.37539228515187e-06,-2.58683723858345e-06,1.72086656661617e-06,-1.45206123339647e-06,0.00447048123513495,0.000205402027852398,-0.000537102231698187,0.000870105104594569,0.00165867439300508,6.53907749477115e-05,2.12620231356746e-05,-7.7454503255757e-05,5.51711926187669e-05,-0.00014022940806333,9.06003305196922e-06,5.48003247981692e-05,-0.000129184901102496,-0.000188851634529248,-7.88608251165439e-05,1.39323218906884e-05,-0.000306106557926945,4.64602901250626e-08,1.82839951471839e-07,-6.88650159575035e-09,2.42552171677465e-07,-2.52011219187399e-07,-2.4381462940488e-07,-5.8138003940485e-07,-5.56182354872509e-07,7.35276218086107e-08,-6.10920801702269e-07,0.000736524315720945,0.000196140992555442,-0.000322073699746078,0.000832050900583807,-5.5469821350551e-05,-1.35608164613748e-05,0.000201411223301322,-0.000175503571637973,9.58190709255601e-05,4.34985073696744e-05,-1.65396027151519e-07,0.00496173476775998,0.0015814992340982,-0.000947436290539049,0.0126152282250644,9.03446070609297e-05,7.4822075923085e-05,4.70416923445218e-05
"north_west","mu_D_2",9.89322578387643e-07,9.58396296529653e-05,-0.00020627667935329,-1.32316959158451e-06,-3.81862125216967e-06,1.44618898341925e-06,2.66819732602691e-06,-2.91100112279778e-06,3.71655849991709e-06,-5.33302990213228e-06,2.11911518438963e-06,2.43521751986394e-07,1.01927093428822e-06,7.38978732201355e-08,7.17681166419397e-06,-5.31306481254471e-06,-8.02070757517564e-08,-4.14894960353856e-07,6.54639595455785e-06,5.92494986404297e-06,-1.50093926357471e-06,7.10654319442112e-06,2.01794401357594e-06,6.85501922973532e-06,2.15109574143309e-06,6.99683494616163e-06,6.76166837901604e-07,7.42913621715146e-06,5.05201104888737e-06,3.98859419967864e-06,3.12571067449593e-06,-1.51459400783942e-06,1.24550379814364e-05,-1.29435733895453e-05,-1.80462360073429e-06,2.58961338044784e-06,-1.77408634666878e-07,-3.80196369575833e-06,9.39842068461037e-06,-3.99831673641517e-06,0.000205402027852398,0.00310747724585602,-0.000464003861679804,0.000115951107179873,0.000639120096558583,0.000336992926111092,-3.20896289884779e-07,-6.04047940815849e-05,-4.09652423742245e-05,7.23619850766125e-06,1.9521966180939e-06,-1.39685347529006e-05,6.57516040074295e-05,-0.000184052117256476,-4.52443870207366e-05,3.825318030849e-05,-0.000663277683682525,-2.43495743580824e-08,5.45183123357782e-07,4.59948072986454e-07,6.67477295855133e-07,4.0314996317496e-07,3.3702889039747e-07,-9.85833577178287e-08,3.92752218252863e-08,1.82901040963272e-07,-2.86774569240991e-07,0.000435233358318228,5.02247871433943e-05,-8.46098463181062e-06,0.00044341563009964,-0.000162047993710593,0.000101269250658793,-3.83255869371828e-05,-0.000474721614458108,-3.44060548658894e-05,3.96181714870837e-05,-4.20960388995738e-07,-0.00550265533196346,0.00168935130271537,-0.000294492378461861,-0.00224318856308776,-3.17693387273515e-05,-2.0597310712371e-05,-5.82522850538865e-05
"north_west","mu_D_3",3.89931412675599e-06,7.18354422643263e-06,3.62938246597218e-05,-4.07149774660028e-06,1.21490140809809e-05,-1.07401680508275e-06,5.15958523941159e-06,-1.57485108541774e-06,-6.55387683089976e-07,1.39295415213586e-06,-3.11899897870145e-06,1.50637834346661e-06,1.49211656878171e-06,-2.75488186672024e-06,3.11353047707894e-06,-4.5773872051002e-05,1.08154439833279e-06,-3.70928663588627e-07,7.42020095500231e-07,-1.35090109379973e-06,3.15197379385944e-06,1.1915892988897e-08,2.39620769220314e-06,4.50978028340164e-07,1.61861632584723e-06,1.94255028860505e-06,2.39518200030604e-06,3.15533904418351e-06,4.77580330273016e-06,7.86856953955192e-06,9.03948714571616e-07,2.13828491601025e-06,8.59935868868244e-06,-1.53451847042205e-05,-6.62071989221814e-07,1.06671632642054e-07,-2.86284206619597e-06,3.24328554871407e-06,-1.39734419051086e-06,5.87798379660962e-07,-0.000537102231698187,-0.000464003861679804,0.00413924968821417,1.3833376325836e-05,0.00126925626913725,-0.000321129323721933,0.000721268532435866,-1.57860150290083e-05,7.31718320544196e-05,2.72506220466362e-05,7.73570385309942e-06,5.46346217887635e-06,-0.000383368701249093,6.67243688893745e-05,-4.10987093389458e-05,-4.73759537217184e-06,-0.000429523676566574,3.09306633840624e-08,1.82253983097443e-07,1.14481990884593e-07,6.69026841884699e-07,1.46809520566016e-06,2.5854430497489e-07,1.13998915197798e-07,-2.33894542112332e-07,3.16180882672709e-07,1.72506493638584e-07,-9.47059217894303e-05,-0.000220409953367067,-0.000107848640787724,0.000639854294855188,-8.68304169251915e-05,1.29890532808849e-05,0.000414390847035698,0.00101022812135539,-0.000664579860075825,5.20038435849258e-05,2.24510086922977e-07,-0.00502427830453243,0.000472980172927352,-0.000786983698257665,0.00218456639771453,-4.71309385212045e-05,9.47513434506901e-06,-9.51296825862064e-05
"north_west","mu_D_4",-2.78147570750937e-05,-2.14674510656217e-06,-3.08056380267343e-05,3.95440664703776e-06,7.56818526206937e-06,-2.12683548325435e-06,2.63411746773651e-06,-3.49241300329967e-06,1.32314222304598e-06,-1.15853753407489e-05,1.55658117787385e-05,-2.20023938321624e-06,5.22705199786291e-07,3.4052590206186e-06,-2.78610545547706e-06,-6.10846672663043e-06,-5.57970502094156e-06,-4.89200637210563e-06,2.23581292989449e-06,-1.18921375240749e-05,-1.31670497615784e-06,-7.88890465959233e-06,-3.95442908242262e-06,-5.56815541542781e-06,-1.71931334676087e-05,-1.22163712552382e-06,-3.42501164337315e-06,-7.17978037067719e-06,-7.74808211612923e-06,-7.2925424020187e-06,-5.73969456772315e-06,-1.84203668616581e-06,-6.22717814964043e-06,-9.6121150758569e-06,3.25784153876155e-06,-6.39282363301096e-06,8.34374755251402e-06,-4.5575562876359e-06,-5.6793782295942e-06,2.16779509679023e-06,0.000870105104594569,0.000115951107179873,1.3833376325836e-05,0.00369080069859502,0.000554362610159791,4.70430465263783e-06,-2.77741855737618e-06,0.000205464724775327,4.5092899762654e-05,-4.31117419348457e-05,6.78520450154178e-05,9.65876425206018e-05,5.1544973198567e-05,-0.000662246649232964,4.70790679443427e-05,-1.19907850411127e-06,8.55245798115142e-05,2.82262025244907e-08,-3.0093436864024e-07,-7.96704908424896e-07,-9.25254602385344e-08,-5.45117348908758e-07,4.8131600036685e-08,-7.60092725448576e-08,-2.95787869707478e-07,2.56201043538632e-08,-7.64181882828263e-08,-0.000733043390538463,-0.00154382765174531,0.000184812717002375,-0.000360386185936184,-0.00010743244758108,-3.13218874097548e-05,-1.12076359714077e-05,0.000214285025046881,6.38278248456904e-05,-6.93560646837414e-05,1.25943896455881e-06,-0.000281894869885347,0.00325935501586776,0.000155542707324676,0.00340679542157676,-2.04471861050187e-05,0.000171165063560506,5.63685867838288e-05
"north_west","mu_D_5",1.45597151983275e-05,8.95567616544591e-05,0.000216383895881014,7.06480584758716e-06,5.82297620480144e-06,-1.36213589060558e-06,1.11273820685939e-05,-6.9037908620472e-06,7.42285580710323e-06,-1.84685705968202e-05,1.62747810770953e-05,-2.6228075587271e-06,5.63859668198954e-07,8.25635202853504e-06,-4.67992501237387e-06,-2.56527843963724e-05,-4.73442136507538e-06,-2.43063806971282e-06,-7.84060586950117e-06,5.58848643252275e-06,-2.3014975421859e-06,-4.23977494523547e-06,-2.37108938145254e-06,-4.04246020967319e-06,-2.82838030675525e-06,-2.58654834288272e-06,1.96943432577492e-06,-6.65175885542806e-07,1.43459638430159e-06,-1.33878040055075e-05,3.63321078504023e-07,-6.52624898568601e-06,1.42548573094464e-05,-4.75332779104373e-05,3.61164469050582e-06,-1.02535644027936e-05,1.10393690109791e-05,-3.86395020747912e-06,-1.63339653179729e-06,-1.02873494124173e-07,0.00165867439300508,0.000639120096558583,0.00126925626913725,0.000554362610159791,0.00696049034571056,5.12671391278984e-05,0.000538433603829914,-0.000150460769581288,0.000184397890074442,-0.000121883781349693,5.711268894941e-05,-7.87714927733822e-06,8.28553080319548e-05,0.000954211925702951,-3.53628251689577e-06,6.88357661746481e-07,-0.000335820606407955,5.54108132115103e-07,9.48462288246641e-07,8.67516452468378e-07,8.31528736337756e-07,-4.96071320873952e-10,1.27566942293107e-07,3.81717663432786e-08,-2.62614667221596e-07,5.59418227724821e-07,-2.66020026395425e-07,-0.000266533588764949,-0.0019892282192925,0.000222830998507491,-0.00113975309420065,-0.000188067786419602,0.000112550054825241,-0.000253187924018673,5.55018841221933e-05,-9.10992519838982e-05,0.000104166603954977,2.49731058013902e-07,-0.00141643007187546,0.000798297584274204,0.000256166626010064,0.00228820321310358,4.31163298065413e-05,0.000180085172962665,-3.03892485316198e-05
"north_west","mu_gamma_H",-7.89564811030553e-06,-2.3214579150335e-05,-2.18633604685128e-05,3.44182291758244e-06,2.43847814558542e-06,7.2634233883204e-07,-1.81998898367579e-06,1.65792266354471e-06,-1.07258994598792e-06,-5.16634760394651e-07,1.49174402691111e-06,1.68938884134194e-07,7.76658268915508e-07,-3.38063643069544e-07,-8.60849614911978e-07,-3.58853721073104e-06,3.29303255039163e-07,-1.75059559839368e-07,1.25154402269206e-06,2.01525729856472e-07,-1.6890694774409e-07,-4.19973882931444e-07,1.34505861756544e-07,8.20512512568441e-07,-1.8103156176451e-06,2.29456812382948e-06,-5.20522486005762e-07,-8.46879717794618e-07,4.39016072588092e-08,2.24744641825383e-08,7.35934008908885e-07,-8.4293693429646e-07,1.30120856969557e-06,-6.91681103892707e-07,9.83984512098542e-07,-1.20928455375704e-06,1.68875574911559e-06,-8.89787710924897e-07,1.22916898238156e-06,6.85219206564636e-08,6.53907749477115e-05,0.000336992926111092,-0.000321129323721933,4.70430465263783e-06,5.12671391278984e-05,0.00146156118247908,-0.000349873038274738,0.000112302882608007,2.29125578014259e-06,-1.18724866915313e-05,1.79288149635644e-06,-4.78013517019982e-05,-1.03040677416836e-05,-9.24894282052237e-05,3.41024052534371e-06,5.16542805706942e-06,6.53556758978975e-07,-2.11622393423881e-08,-1.63741276665815e-07,-8.01617110449094e-08,-3.49751689910868e-08,5.77341166414724e-09,5.18480162855174e-09,6.19532781885408e-09,7.86743639456863e-09,1.21084863311857e-08,-2.83894205463893e-07,3.8278883093889e-05,0.000106298048579477,-5.90381850459665e-05,-0.000192882196941228,3.13953449762554e-06,7.11849425739083e-05,-2.88603919393322e-05,8.8725993840382e-05,-6.87434579326146e-05,-1.28907356160941e-05,-3.82796569181054e-07,-0.00050322902342426,-0.000552167328186465,-0.000450699530171914,0.000387511337261569,-1.39154903153587e-06,2.92372282251773e-06,-1.13758424045402e-05
"north_west","mu_gamma_H_2",-2.81376323192214e-06,-1.24005791851168e-05,7.26307477173057e-05,1.91931854869779e-07,-2.33045184737387e-07,3.4059217101487e-07,-2.99823528735701e-07,-1.31480190539831e-07,1.88015111918082e-07,-3.99848871191127e-07,-8.4648088598065e-07,-2.16328943374079e-07,-3.51640397929098e-07,9.31369589024255e-07,4.01449257569833e-07,-1.47290405541532e-07,-9.84030119712984e-07,8.89178315065951e-08,-2.62797806261232e-06,9.36492816865936e-07,2.81446483893829e-07,-1.06004975360183e-06,2.90813144993298e-07,-7.81590097245272e-07,-9.46525529687346e-07,-1.45372724277166e-06,1.38357604478749e-07,9.94245045190252e-07,-2.76796836827215e-07,-6.02239379529646e-07,6.12763652678479e-07,-1.30224064487475e-06,1.95982290372555e-06,-7.2600043764208e-06,9.76885706079784e-08,-4.08988881036616e-07,-3.97515203388e-07,-1.80180752438816e-08,2.64994568769885e-07,-8.83765565748365e-07,2.12620231356746e-05,-3.20896289884779e-07,0.000721268532435866,-2.77741855737618e-06,0.000538433603829914,-0.000349873038274738,0.0007880941694796,-0.000124116161438544,3.13927109734502e-05,5.3004951438196e-07,-2.06712628440483e-05,2.86207398761932e-05,-3.25379110405585e-05,0.000124543403089067,-1.11663719048703e-05,-3.57823991798965e-06,-2.44703780406616e-05,8.85195837276102e-09,1.96998724338304e-08,-9.09396495289131e-09,1.41495497961775e-07,9.72570715896339e-08,6.79538630755642e-08,-2.10217795275934e-08,-1.05673594491243e-07,1.18897105056606e-07,-1.15568226110992e-07,-4.59408689507446e-05,0.00052063454079764,-5.03114819875053e-05,9.67047598835352e-05,-0.00024599071623978,0.000175330331581866,5.48128953705673e-05,0.000454124387213461,-0.000273571764157033,2.13761056620507e-05,1.34907249661935e-07,0.000202387472619596,0.00075071204749437,-7.3571381784794e-05,0.000169761874736503,3.41228332460854e-06,1.48140453916618e-05,-1.07119214423343e-05
"north_west","mu_gamma_H_3",-9.88475144033682e-07,6.81101932825808e-06,-5.12785623541509e-05,1.23880211908947e-06,-3.81271113999827e-06,-7.64874621747114e-08,2.7083263410848e-08,2.81638226436762e-07,-5.41845594913078e-07,1.24050541080299e-06,-1.85522286740395e-07,3.48477723668036e-07,1.67313100137241e-07,-7.25541610707237e-07,-3.82089394486781e-07,-4.0664462934838e-06,1.23594900461651e-06,-6.35004872848425e-08,2.30856294100847e-06,-1.86337071821023e-06,3.80992560597431e-07,4.43091627570128e-07,-3.03026978595744e-07,8.76362656590783e-07,-5.03595292314922e-08,4.77115404206247e-07,-4.49392122812245e-07,1.63428049357046e-07,1.10828931475058e-07,8.16537820660056e-07,-8.84120996338159e-07,1.55478905199564e-06,-2.18104835391234e-06,4.07363691425227e-06,2.9256947016337e-07,-1.59251721364099e-07,7.35552351093976e-07,-4.86119572192742e-07,-6.79454713821856e-08,1.52678295541795e-07,-7.7454503255757e-05,-6.04047940815849e-05,-1.57860150290083e-05,0.000205464724775327,-0.000150460769581288,0.000112302882608007,-0.000124116161438544,0.000257427541057578,-9.19208508276564e-06,1.22183796799173e-05,2.92026397214762e-06,-8.69478679178134e-06,2.34595885137786e-06,-0.000112729259952636,7.79661687811809e-06,-1.48427459152145e-06,3.46352868741273e-05,-3.50075826373459e-08,-1.17564144797711e-07,-8.36558052725171e-08,-9.22817990104587e-08,-2.97490852636338e-07,-1.29991630528379e-08,9.57718496987984e-09,5.51425115557377e-08,-8.63212307698264e-08,4.99088615599144e-08,-7.02160414776307e-05,-5.78591469707143e-05,5.54717915999633e-05,-0.000118319418811097,-3.11971025046507e-05,1.28771714292009e-05,2.09599291666174e-05,6.38079794462999e-05,1.68055039759711e-05,-8.2584801582515e-06,1.63186224739168e-07,-0.000673380680655495,0.000259006007021805,0.000202930946743765,-0.00168093846477189,-1.0279945861355e-05,-1.04919390568281e-05,1.29856049153431e-05
"north_west","mu_gamma_H_4",-3.50681634798316e-07,4.84201944480698e-06,4.48508927947478e-05,-6.65644874846232e-08,7.19234804717269e-07,-8.87386087550448e-08,-2.19400632494399e-08,1.54042073201142e-07,7.3721019633738e-08,-1.07610724498743e-06,7.5724760216763e-07,-2.49954731821514e-07,6.06941490887016e-08,2.47725650023743e-07,-5.03718791625285e-07,3.46668116425244e-06,-3.88741675609215e-07,-1.96447968748524e-07,-7.74836459331066e-07,4.60959011538961e-07,-3.43596833484132e-07,-5.7424566985962e-07,-4.62922714659114e-08,-1.20721514743095e-06,1.89731303646538e-07,-9.50757300905877e-07,8.65995702829435e-08,-4.06840383058579e-07,-2.94934851213391e-07,-1.2553109543675e-06,-2.32669563005512e-07,-1.16629115464364e-06,9.8077883195386e-07,-2.89598179635321e-06,2.37040802484259e-07,-8.50048548934251e-07,7.3885359024188e-07,-9.29805429299302e-08,-2.79499391368333e-07,-8.03084424802957e-08,5.51711926187669e-05,-4.09652423742245e-05,7.31718320544196e-05,4.5092899762654e-05,0.000184397890074442,2.29125578014259e-06,3.13927109734502e-05,-9.19208508276564e-06,8.27769476597915e-05,-6.73786499351802e-06,-3.98495275517651e-06,7.12952331800316e-06,-2.41059898631995e-06,7.31744606758705e-05,1.79729646193469e-06,-3.91725817016718e-06,8.30441072034353e-07,4.81992533095949e-08,2.50361337231289e-08,4.6649844737796e-08,2.81383683754725e-08,2.5150715734927e-08,7.38289083171643e-09,-5.17878522242981e-08,-7.0311245109688e-08,3.59407795779196e-08,-1.53000037601688e-07,4.28439728118718e-06,-3.68075155249904e-05,4.76752735064457e-05,-3.34082077726885e-05,1.42554288229237e-05,-6.09774588907404e-05,2.04785131519091e-06,5.70560707174545e-05,3.30730186627729e-05,-2.52945618675527e-06,2.03491823849892e-08,0.000104423726336938,3.01595954335361e-05,-7.66757135619107e-06,0.000609025067857222,2.69565585370726e-06,1.27583125108282e-05,3.49988063895377e-06
"north_west","p_G_D",2.28533419232783e-06,-3.79134308063797e-05,-2.75413520600778e-05,7.14458947799622e-07,-7.49306632511356e-07,5.35571297294951e-08,-7.3924764038896e-08,-1.03126936245904e-08,-1.13863006203587e-07,5.05963221509867e-07,-4.03393169720444e-07,1.81146898253268e-07,3.24896125840127e-08,-7.33372887208869e-08,1.86397354377798e-07,-4.29275780993636e-06,3.1028378430577e-07,-6.73301282438508e-09,3.09006672878342e-07,2.42373780126401e-07,-1.82153788770564e-09,3.52804229712189e-07,-1.47766969210943e-07,6.18525433954184e-07,-3.80104817056198e-07,5.3565181008277e-07,-5.46681891413166e-10,-8.19435361423558e-08,2.12933813467115e-07,2.39254723689916e-07,2.17178950761569e-07,4.40900367758806e-08,-5.00210805208424e-07,1.41433614905148e-06,-1.1737572597941e-07,1.96719100065557e-07,-3.30165933592679e-07,1.79733854187439e-07,3.13705008589145e-07,-1.91891227306856e-07,-0.00014022940806333,7.23619850766125e-06,2.72506220466362e-05,-4.31117419348457e-05,-0.000121883781349693,-1.18724866915313e-05,5.3004951438196e-07,1.22183796799173e-05,-6.73786499351802e-06,5.65920610586369e-05,-4.76966725222742e-06,-5.75401238293565e-07,-1.27899960153624e-05,-3.20652878306188e-05,5.83460531332884e-07,9.24048624382775e-07,4.06995293331666e-07,-3.94818601060678e-08,-3.67061741152314e-08,-5.82805664238983e-08,-3.03476490087692e-08,-4.60554624828688e-08,-2.33230547054185e-08,-2.40218045984958e-08,1.26818167660029e-08,-1.54553598571187e-08,-2.83423968953331e-09,-2.12680344732445e-06,0.000131547716518763,-2.14056569767639e-05,1.05657041383005e-05,5.78370007652678e-06,5.98373452789571e-06,1.99520509599608e-05,1.21971320585919e-05,-1.75406412256677e-05,-4.53185514732258e-07,7.33799120206249e-08,-0.000262959677967832,3.94740310769098e-05,-2.88988423967252e-05,-0.000575118264838623,-6.42513834187195e-06,-5.49303933742581e-06,1.43309746810475e-07
"north_west","p_G_D_2",-2.98828937714895e-07,5.78305774003118e-06,-8.34281507398296e-06,1.52542630413154e-07,-1.90319704152778e-07,-1.36402530384674e-07,1.38263934772726e-07,-6.87007376607941e-08,-7.0142334223718e-08,3.04077981036755e-07,3.31481914211527e-08,-8.43602876810887e-08,-8.02694423754288e-08,-7.55062700868047e-08,-1.25707287474322e-07,-2.01906806255781e-06,-2.2697611083539e-08,-1.14537425331005e-07,1.18054527295336e-07,-2.41284722597519e-07,-6.45584681545756e-08,-3.65847566277323e-08,-2.02768050575141e-07,-2.67796832212186e-09,-1.28676805980853e-07,3.5079756901443e-08,1.07519891012025e-07,-2.21611187948835e-07,-7.54651050760999e-08,5.0271503257833e-08,-2.31752546542731e-07,2.41309461151619e-07,-2.93762368215479e-07,2.90368844081198e-07,-8.96189791036511e-08,7.20058626381053e-08,7.02389269442658e-08,-2.86813243512718e-10,-2.00616573589101e-07,1.66204960988659e-07,9.06003305196922e-06,1.9521966180939e-06,7.73570385309942e-06,6.78520450154178e-05,5.711268894941e-05,1.79288149635644e-06,-2.06712628440483e-05,2.92026397214762e-06,-3.98495275517651e-06,-4.76966725222742e-06,1.41756107730437e-05,1.2988134531249e-06,7.86575049681766e-06,-3.10768218532082e-06,8.7921363386475e-07,9.27021000490438e-07,6.83720013138088e-06,5.70304020927205e-09,-2.63299753321046e-09,1.95461284322658e-10,-1.06324400101774e-08,-3.18513044066815e-08,-1.19963576744441e-08,7.67813153127179e-09,-2.21572638896148e-09,-4.48864896960395e-09,-1.35708525836428e-08,-1.6699675278736e-05,-0.000206504285644523,-3.08721477587833e-06,5.16285980586665e-06,5.02805663515982e-06,-5.18936466434721e-06,-7.5473869634365e-06,-3.05364830117588e-05,7.87886581051328e-06,-3.36054729503767e-08,-2.53885517569031e-08,0.000404246270030721,-1.53721048560701e-06,1.59877606938454e-05,-0.000152515763606548,3.49914909879726e-06,-4.64446273778714e-07,4.47058566620742e-07
"north_west","p_H",-1.25810391661055e-06,4.58325622266898e-06,-1.16986698010295e-05,1.92586542926625e-07,-1.4489086391451e-07,-3.5410707323738e-07,-3.93955104646892e-07,-6.40945190672961e-07,-4.39833194832148e-07,-1.29467447399732e-07,-2.57228713326633e-07,-4.03535256292081e-07,-4.13036746881499e-07,-1.30945289216601e-07,-8.5811354512958e-07,1.1053726185321e-06,-7.99114174349567e-07,-6.30954176247478e-07,-4.97495230110253e-07,-7.92649499514537e-07,-7.54990532928758e-07,-1.15297226443994e-06,-6.48926019568775e-07,-1.78406459162873e-06,-9.94579217624315e-07,-1.54670242314493e-06,-1.02569224227871e-07,-1.28337922667848e-06,-1.5804655065753e-06,-1.41057674021543e-06,-5.5521111608937e-07,-6.30781867548219e-07,-8.39157512681795e-07,-1.14297360479338e-06,-1.45268581461203e-07,-4.5662745737236e-07,-9.772546805767e-08,4.62451372240076e-08,-7.73673965445508e-07,-4.13151402530386e-07,5.48003247981692e-05,-1.39685347529006e-05,5.46346217887635e-06,9.65876425206018e-05,-7.87714927733822e-06,-4.78013517019982e-05,2.86207398761932e-05,-8.69478679178134e-06,7.12952331800316e-06,-5.75401238293565e-07,1.2988134531249e-06,5.96611207213825e-05,7.62225654193625e-05,1.29765316185859e-06,-7.14334609375397e-07,-3.31891258571513e-06,1.67021657959629e-05,-3.77037419231459e-08,-8.40507447090261e-08,-8.43613432091693e-08,-1.050585337398e-07,-1.84077931196995e-07,-5.04680987824351e-08,-6.94205769809878e-08,-6.59836533490814e-08,-3.87560170584144e-08,-1.21224230972026e-07,-1.76490674866659e-06,-4.00993769473915e-05,1.00628808707203e-05,-5.61304542121099e-06,-9.64038101357923e-05,1.00238421409893e-05,-3.30187105638177e-05,4.4423255799562e-05,2.11642164154609e-06,-3.91211488130265e-06,-3.46518308682615e-08,0.000596406265392912,3.5262933683284e-05,-3.96708935775378e-05,0.000375941782227168,5.89012534579289e-07,1.18313280558306e-05,1.61376766138681e-05
"north_west","p_H_2",-7.63254225900676e-06,4.74659741921161e-05,-8.96396422392189e-05,4.08954532980387e-06,-1.67597098982552e-07,-1.49578798927519e-06,3.66334375649637e-07,-6.63897595677016e-07,-1.09210551885149e-06,-2.90521755469088e-07,-4.87795509630995e-08,-9.56878671727356e-07,-6.3761890642709e-07,-4.51678261561155e-07,-1.7968416515104e-06,-6.14805743866502e-06,-1.17341925264965e-06,-9.64571794555613e-07,-5.42390838265647e-07,-1.56059762011166e-06,-1.58409049804464e-06,-1.28609058557488e-06,-1.55856662857183e-06,-1.10904341247685e-06,-2.71122648600301e-06,-7.67206282082558e-07,-4.3097329564542e-07,-4.45013226200812e-06,-3.23704363550634e-06,-8.4956397979026e-07,-2.19408339979816e-06,7.63637809583793e-07,-1.66794140895454e-06,-3.37786991743663e-06,1.45872384536839e-08,-8.82019477310127e-07,1.21018635767898e-06,-1.18026674925787e-06,-1.60168896636197e-06,3.13219235907284e-07,-0.000129184901102496,6.57516040074295e-05,-0.000383368701249093,5.1544973198567e-05,8.28553080319548e-05,-1.03040677416836e-05,-3.25379110405585e-05,2.34595885137786e-06,-2.41059898631995e-06,-1.27899960153624e-05,7.86575049681766e-06,7.62225654193625e-05,0.00101243299277544,4.14520277933053e-05,9.57633267844988e-06,-4.55906945565786e-06,0.000111970947683611,-1.15854643447528e-07,-1.51820244949061e-07,-1.10072220422863e-07,-2.12637953838424e-07,-5.64452431699348e-07,-9.49853723088297e-08,-4.14770523489551e-08,-9.73291122894418e-08,-1.01443257500209e-07,-2.99462213706267e-07,-9.17070308738547e-05,-0.000139474773749975,-3.0452904185513e-06,-0.000130027581852581,-0.000141070814705773,-3.79387001440492e-05,-0.000948457463997213,-1.05782872708789e-06,2.54591250861012e-05,-4.19952153788437e-05,-1.24094335195658e-08,0.00146041646371355,0.000403493358350897,0.000309239725038529,0.000277377011397524,9.96163898168672e-06,2.58229335930915e-05,2.73218945461697e-05
"north_west","p_H_D",8.01190893800079e-07,3.6088177552323e-06,6.81226344025345e-05,5.00723129220972e-06,-4.86631327051864e-06,5.4804956321604e-07,-2.38588128225201e-07,-9.31283224600835e-07,1.96356698467409e-06,-4.55563829286101e-06,1.56369851758663e-06,-6.31870569655916e-07,1.94544803851772e-07,8.31926343084855e-07,-3.23947112199201e-07,2.21295474275222e-05,-1.56909834280574e-06,-4.33040993398462e-07,-3.88909661064931e-06,2.85657484546535e-06,-2.43814523184743e-07,-1.50225300299788e-06,2.24499334138452e-06,-4.69234258053994e-06,4.50269256029994e-06,-2.50570186760917e-06,2.34756430307854e-07,1.60744894681181e-06,9.95339875818418e-07,-1.27639429647532e-06,3.74221746698762e-06,-4.20859425186743e-06,9.54786030146153e-06,-1.54312540604356e-05,7.61836579416874e-07,-2.47145996784625e-06,5.16179906323688e-07,2.20892102700346e-06,-2.69471588840856e-06,-4.61574403546545e-07,-0.000188851634529248,-0.000184052117256476,6.67243688893745e-05,-0.000662246649232964,0.000954211925702951,-9.24894282052237e-05,0.000124543403089067,-0.000112729259952636,7.31744606758705e-05,-3.20652878306188e-05,-3.10768218532082e-06,1.29765316185859e-06,4.14520277933053e-05,0.001167291906736,-1.2870637190192e-05,-9.05857894203922e-06,-0.000184563733084581,2.57246668637177e-07,3.95364184849469e-07,4.48430246905432e-07,4.78090060659228e-07,5.74075694777771e-07,1.36225831813021e-07,-9.69820662837132e-08,-1.98892241444003e-07,2.63448084815719e-07,-4.36252232591753e-07,-0.000105342681940915,-3.26618805144367e-05,-4.64139260347123e-05,0.000107624748126976,3.00654754323744e-05,-0.0001037374570353,1.24860558856829e-05,-6.45330950795999e-05,4.19913702117701e-05,2.75393052036058e-05,-4.32960219679329e-07,-0.000327773935654653,0.00106254676751561,-0.00109864409669352,-0.000148763559087132,1.33398681133558e-05,5.7578274860595e-05,-7.96180213038402e-05
"north_west","p_ICU",-1.5370268008005e-06,6.82421522819392e-07,-4.51936088038641e-06,1.92284960999365e-07,-1.16016350053171e-06,-1.49041076117138e-07,-1.06544892991793e-07,-1.54920043097487e-08,-1.51700223615475e-07,5.30378401791418e-08,4.61976860906076e-07,-6.16076450875013e-08,4.74622796164317e-08,1.46171241473312e-07,-3.67290668702132e-07,-4.83891796444656e-06,-1.19919166905641e-08,-1.08088934459095e-07,2.19789503759113e-07,-7.57965833265259e-07,6.8598059347357e-08,-2.12106001041584e-07,-2.49841255013547e-07,-7.33305330308154e-08,-1.80740655825876e-07,-1.72431900487143e-07,6.80606810339344e-08,-5.09862953993256e-07,-2.04673229237021e-08,-1.23025398653491e-07,-3.024255538919e-07,5.41379498210478e-07,-1.08212496863054e-06,1.79446214221193e-06,1.54788928858751e-07,-2.77327810401248e-07,2.36509209061644e-07,-3.47626478307342e-07,-1.29774133165833e-07,8.73046939358822e-08,-7.88608251165439e-05,-4.52443870207366e-05,-4.10987093389458e-05,4.70790679443427e-05,-3.53628251689577e-06,3.41024052534371e-06,-1.11663719048703e-05,7.79661687811809e-06,1.79729646193469e-06,5.83460531332884e-07,8.7921363386475e-07,-7.14334609375397e-07,9.57633267844988e-06,-1.2870637190192e-05,1.99692355597093e-05,-2.5637115227874e-06,4.63641433036559e-05,1.68613874276642e-08,-1.47677312261714e-08,1.79052412270771e-09,-3.71897670611946e-08,-9.14437033036504e-08,-4.89757884028672e-09,3.767827694538e-08,2.70356382568638e-08,-1.30677579442974e-08,3.32585626074974e-08,-3.11245384473907e-05,-5.46199532428464e-05,1.83475247313646e-05,-5.97082460500891e-05,-4.46396203548844e-06,9.99572500292278e-06,-2.42648904228984e-05,1.79058289253164e-05,1.1769033953834e-05,-3.28845555842347e-06,8.7423128153349e-08,4.19415575493522e-05,-0.000124628526701294,5.41379518159484e-05,-0.000477121223272674,-1.35669828531392e-06,4.29289466562053e-06,2.38873968930456e-06
"north_west","p_ICU_2",4.74109334646263e-07,-2.42900606817791e-06,-5.09139814445574e-06,-1.10446130896887e-07,6.67708033788623e-08,5.21419886957982e-08,1.0917592545427e-07,-3.86395420287497e-08,5.99521966604135e-08,-5.61763307025102e-09,-1.93917219628718e-07,4.68724795718467e-08,7.66067164001872e-09,-7.30291881354776e-08,2.11215129047465e-07,2.6376227153949e-07,1.02373043551547e-08,6.08873341939025e-08,7.8925538147092e-08,2.0457015481519e-07,-4.46060729459389e-08,2.07491271173535e-07,-8.62877715640576e-09,2.77965650111426e-07,-2.20350186902479e-08,1.55328294576831e-07,3.63072283048073e-08,1.89510628863239e-07,7.65135841259227e-08,2.1179503473273e-07,5.43084243314766e-08,-3.26176319990091e-08,1.35255601737615e-07,3.76099008519407e-08,-8.87077603762336e-08,1.8552270540815e-07,-1.33013073567385e-07,-2.17708282054552e-09,2.39292937721837e-07,-8.14362541288423e-08,1.39323218906884e-05,3.825318030849e-05,-4.73759537217184e-06,-1.19907850411127e-06,6.88357661746481e-07,5.16542805706942e-06,-3.57823991798965e-06,-1.48427459152145e-06,-3.91725817016718e-06,9.24048624382775e-07,9.27021000490438e-07,-3.31891258571513e-06,-4.55906945565786e-06,-9.05857894203922e-06,-2.5637115227874e-06,3.56886077873657e-06,-8.13394502011798e-06,-9.04890045367949e-09,5.87184037313986e-09,-7.77937478802113e-09,1.42846669884898e-08,1.64293662781139e-08,-2.14817322508116e-09,-4.55395525137137e-09,-2.85465535454187e-09,2.2540969020462e-09,1.23378949633641e-08,3.28813000282932e-05,1.91290949073205e-06,-6.22398771946241e-06,1.67776340807006e-05,6.10872858579838e-06,7.80609297972001e-07,5.75440232722595e-06,-3.69727908181653e-05,-1.49968234388545e-06,1.11505733512291e-06,-5.40943572324919e-09,-0.00012614308933494,1.80857199814603e-05,-2.29174665564967e-06,-1.95217752537855e-05,-6.68964876286192e-07,-2.31423654591437e-06,-1.07563844615744e-06
"north_west","p_ICU_D",-5.36194529873938e-06,3.24448174441456e-05,-7.73163665218532e-05,-1.94066501921935e-06,-2.2898229203583e-06,-1.26255786945482e-06,-2.27815539466638e-07,8.21857530765628e-07,-1.63560216148196e-06,1.79855067759333e-06,1.67930604349949e-06,-7.20455808553433e-07,-3.73667599052082e-08,8.44881245270193e-08,-1.9788240341873e-06,-1.47947464175212e-05,-2.90045062062865e-07,-1.1051151134628e-08,1.0330725183027e-06,-3.25887775874388e-06,3.35313486861284e-07,-1.66664634042081e-06,-1.83098535935104e-06,-8.42182128114833e-07,-1.08422514221907e-06,-7.76788732581043e-07,1.90031624436862e-06,-3.92057229072381e-06,-9.5413776465785e-07,-1.14432515093238e-06,-2.97452456637143e-06,3.2692409573774e-06,-8.47584087859847e-06,1.29776118197372e-05,-5.04128934861295e-07,2.90397532684742e-07,-2.1156519380843e-07,2.86452091844742e-07,-3.8539672660645e-06,3.12617943001997e-06,-0.000306106557926945,-0.000663277683682525,-0.000429523676566574,8.55245798115142e-05,-0.000335820606407955,6.53556758978975e-07,-2.44703780406616e-05,3.46352868741273e-05,8.30441072034353e-07,4.06995293331666e-07,6.83720013138088e-06,1.67021657959629e-05,0.000111970947683611,-0.000184563733084581,4.63641433036559e-05,-8.13394502011798e-06,0.00110326868657765,2.62270421178773e-08,-2.94174223138898e-07,-1.44289872551006e-07,-5.73573469578784e-07,-5.57569609524714e-07,-1.5299492049623e-07,1.02035340538388e-07,7.90997573283095e-08,-1.427326868882e-07,3.69173083858488e-08,-0.000249120471222815,-0.000561133184264287,0.000182520609309219,-0.000539521681372604,4.72131275212712e-05,6.73358044015897e-06,-0.000170326606151408,0.000166531854163073,2.59761329838876e-06,-2.22140102942071e-05,3.8584928373451e-07,0.001790049008669,-0.00097508397675607,0.000479877222243495,-0.000779898030332994,9.18330403399294e-06,-5.87308036096891e-06,3.87608264458322e-05
"north_west","p_NC_15_24",9.92436651778083e-10,3.50578166346412e-08,8.18662620755437e-08,1.3009107247528e-10,-4.52140073584917e-09,2.1258227676337e-09,-2.16850794415501e-09,8.24747052428468e-10,7.80413669135535e-10,-1.27396567472556e-09,3.13916476772364e-09,-1.05209193683162e-10,6.56007572034828e-10,2.4635747311528e-09,4.1287208173497e-10,2.90738836982298e-09,-1.17108251197271e-09,9.33456027273668e-10,-2.16184746901088e-09,1.58007489985457e-09,1.11060011650943e-09,3.13607104145637e-11,2.26975285474269e-09,2.82231223344687e-10,3.85084951966918e-09,1.09459881395349e-09,2.03292595186227e-10,2.46667681882696e-09,4.18044972613995e-09,-1.17536496311004e-09,2.54705928442233e-09,-1.87143334978807e-09,7.6866280640776e-09,-1.15996137190965e-08,8.94622937973912e-10,-1.60534948299555e-09,1.73130192995063e-09,-5.34083845426762e-10,-2.32779776598356e-10,-2.56835095284422e-10,4.64602901250626e-08,-2.43495743580824e-08,3.09306633840624e-08,2.82262025244907e-08,5.54108132115103e-07,-2.11622393423881e-08,8.85195837276102e-09,-3.50075826373459e-08,4.81992533095949e-08,-3.94818601060678e-08,5.70304020927205e-09,-3.77037419231459e-08,-1.15854643447528e-07,2.57246668637177e-07,1.68613874276642e-08,-9.04890045367949e-09,2.62270421178773e-08,1.31328918587309e-09,5.87725771204557e-10,6.99950947912085e-10,4.71037499013991e-10,1.03783809913281e-09,1.93674313564155e-10,2.5457705727212e-10,1.52252375801858e-10,2.16399737336237e-10,2.05808576630305e-10,1.2134098398764e-08,-2.73819923412533e-07,7.01160813893249e-08,-1.90215646259017e-07,-9.48547525641816e-08,-1.56239752904321e-08,1.02916132450837e-07,5.54010245061778e-08,4.26506361877422e-08,2.21441180042142e-08,2.52060164446498e-10,-7.5745527132601e-07,2.0662432739581e-07,7.01377470046839e-08,-1.16382690972423e-06,1.78507908140704e-08,4.99529572513264e-08,-5.9407666892326e-08
"north_west","p_NC_25_49",4.33355225917307e-09,1.45519684518979e-08,5.20108020364881e-08,-2.80424355357457e-09,1.85132723876094e-09,1.70930122185145e-09,-7.2755133882913e-10,1.56224950379809e-09,2.73310916133386e-09,-4.29395143032281e-09,8.38304876678238e-09,2.56481162325021e-11,1.89596321412408e-09,1.63462901945083e-09,4.97694060322214e-09,-8.26503612217576e-09,-1.07234540447388e-09,2.97556198752936e-09,-3.2995266712243e-09,7.65415090260075e-09,9.43276755049566e-10,5.59135406688831e-09,3.27209320914678e-09,5.77928798229476e-09,5.93240310865048e-09,6.0031547353685e-09,5.70737111606712e-10,7.89198149115361e-09,8.69381242472735e-09,4.04381373427496e-09,6.43177875387737e-09,-1.83484390103781e-09,1.38247681534186e-08,-1.04780544736501e-08,7.06013247629596e-10,-1.98979980029094e-09,4.67993310052876e-09,-3.0745232227835e-09,4.99920678548341e-09,-1.07748058048568e-09,1.82839951471839e-07,5.45183123357782e-07,1.82253983097443e-07,-3.0093436864024e-07,9.48462288246641e-07,-1.63741276665815e-07,1.96998724338304e-08,-1.17564144797711e-07,2.50361337231289e-08,-3.67061741152314e-08,-2.63299753321046e-09,-8.40507447090261e-08,-1.51820244949061e-07,3.95364184849469e-07,-1.47677312261714e-08,5.87184037313986e-09,-2.94174223138898e-07,5.87725771204557e-10,2.79712118691391e-09,1.05508467143304e-09,8.1894621486983e-10,1.34081850653641e-09,3.89875436479741e-10,2.6416770727378e-10,3.63433843979953e-10,2.88414948477472e-10,6.09364147280993e-10,-5.81806859195224e-09,2.93983051023193e-07,-1.69811411435112e-07,1.73161443234613e-07,-1.01690858241559e-07,1.13595648570367e-08,1.07242992712321e-07,-1.56153675015485e-07,2.0837052436726e-08,3.84141828507965e-08,-4.42407147152914e-10,-1.02727348785392e-06,1.18443979003474e-07,-3.98430586690238e-07,-1.89580218513001e-07,1.07644919981403e-08,2.05001828266447e-08,-1.37321907352122e-07
"north_west","p_NC_50_64",-1.70843142049477e-09,3.64145523824765e-08,4.64549854308194e-08,-4.95518430425317e-11,-4.98065453257548e-09,1.56906379402588e-09,-3.09418411115425e-09,4.45672069854356e-09,-2.76811984415487e-10,-1.96242616400733e-10,7.32346504040286e-09,5.21572616665991e-10,1.68611624056396e-09,-1.08912652793255e-10,3.93085013804898e-09,9.93919232853899e-09,4.52514273784443e-10,3.66613243444967e-09,2.75105026751137e-10,6.20543773326117e-09,7.64340104885002e-10,6.5025596511949e-09,5.38704667824823e-09,4.16191705798618e-09,1.28540567764462e-08,3.50470343563313e-09,1.54617787386191e-09,9.30857044389574e-09,9.3614694581601e-09,6.08747350278938e-09,5.49562617298252e-09,1.80967667782938e-09,1.55598129892123e-08,-1.03441008903749e-08,-1.01587046164506e-10,-4.38005457790928e-10,2.3421958756267e-09,-1.41383443601862e-09,3.43078644428127e-09,-8.76086755424115e-10,-6.88650159575035e-09,4.59948072986454e-07,1.14481990884593e-07,-7.96704908424896e-07,8.67516452468378e-07,-8.01617110449094e-08,-9.09396495289131e-09,-8.36558052725171e-08,4.6649844737796e-08,-5.82805664238983e-08,1.95461284322658e-10,-8.43613432091693e-08,-1.10072220422863e-07,4.48430246905432e-07,1.79052412270771e-09,-7.77937478802113e-09,-1.44289872551006e-07,6.99950947912085e-10,1.05508467143304e-09,3.2150850981303e-09,7.03893573229859e-10,9.62588938864774e-10,3.71316436034074e-10,2.72115030157818e-10,2.86791174489336e-10,1.98061454599844e-10,1.32093511615341e-10,2.71090881378773e-07,6.27412946137682e-08,-2.34419279058094e-08,-8.18972303497241e-08,-7.64652076502461e-08,-5.90079421520593e-08,7.59073092146905e-08,2.60409122322162e-09,4.00679043297975e-08,3.6375369700334e-08,-6.92096953190609e-10,7.89724414047275e-07,-1.29182813395644e-06,-1.20493731478481e-06,-1.25108830245864e-06,1.49733705287849e-08,-1.76327030070507e-08,-1.50650764669586e-07
"north_west","p_NC_65_79",2.45899378768809e-09,7.04993088926291e-08,1.83112073263677e-08,2.55635020306099e-09,-2.24331248709622e-10,2.11774198014389e-09,2.14152682424903e-09,-1.62459072664189e-09,5.68975424485136e-09,-9.68474082358613e-09,7.14840039356498e-09,4.58167022621665e-10,2.6030466731239e-09,1.38165141978816e-09,4.66394583669126e-09,6.92352840963009e-09,-1.05717297590381e-09,-4.03806007205828e-10,1.05568744794677e-09,3.12811814855864e-09,1.6518085240091e-09,2.74764592425265e-09,3.38913425258557e-09,4.19089112127476e-09,3.81359745579032e-09,5.11352477137385e-09,7.44786358560112e-10,6.92406487830924e-09,8.04759802017718e-09,4.9908509597758e-09,6.85345414621897e-09,-4.56313369743629e-09,2.09194372437366e-08,-2.47913391354122e-08,-1.52719816636714e-10,-1.18378244043234e-11,2.6856304724924e-09,-4.77034086055914e-10,2.05378177051329e-09,-1.01303788388838e-09,2.42552171677465e-07,6.67477295855133e-07,6.69026841884699e-07,-9.25254602385344e-08,8.31528736337756e-07,-3.49751689910868e-08,1.41495497961775e-07,-9.22817990104587e-08,2.81383683754725e-08,-3.03476490087692e-08,-1.06324400101774e-08,-1.050585337398e-07,-2.12637953838424e-07,4.78090060659228e-07,-3.71897670611946e-08,1.42846669884898e-08,-5.73573469578784e-07,4.71037499013991e-10,8.1894621486983e-10,7.03893573229859e-10,2.30319758144768e-09,2.6212438883468e-09,4.6209680112949e-10,1.38655785055845e-10,5.07809129361484e-11,5.39595656320558e-10,4.70273493891669e-10,1.35833306369155e-07,5.48433179718592e-07,-1.98045570258879e-07,2.9578085155067e-07,3.69767932787251e-08,-9.89571172192332e-08,2.2903162940557e-07,2.49490278707171e-08,-2.18128221812694e-07,3.01743734625565e-08,-2.49644579654468e-10,-4.89284858403893e-06,2.2219954523584e-06,-1.10603282813883e-06,-5.11764574278551e-07,-1.54387173639381e-08,8.37506099933911e-08,-1.76795262731976e-07
"north_west","p_NC_80_plus",3.47453185904568e-08,-1.07540706583206e-07,6.89148573926563e-08,-2.1144333479294e-09,8.20963218045263e-09,1.27610909054559e-09,-1.39075741066017e-09,5.69468172520572e-09,4.93314143210788e-09,-1.14386891508123e-08,1.14551864315792e-08,-4.76419729153327e-10,2.73985693815201e-09,2.50211929881322e-09,6.31045950244159e-09,3.63468035790503e-08,-1.70569555375057e-09,-1.27860222175808e-09,-1.92837999716843e-09,1.59279146827475e-08,-2.36131836987173e-09,7.0397404480971e-09,3.83580544560342e-09,8.75933051860751e-09,2.23519908999311e-09,1.42986957042374e-08,5.05865016066688e-10,8.96343765937784e-09,1.59015200614666e-08,1.79004086677573e-08,7.42789560245708e-09,3.39996344693159e-09,2.73780126848106e-08,-2.00613331030813e-08,1.90130861796478e-10,-1.27718943225409e-09,4.08669978583725e-09,1.84595687632449e-09,1.88949689378502e-09,2.99835173848424e-09,-2.52011219187399e-07,4.0314996317496e-07,1.46809520566016e-06,-5.45117348908758e-07,-4.96071320873952e-10,5.77341166414724e-09,9.72570715896339e-08,-2.97490852636338e-07,2.5150715734927e-08,-4.60554624828688e-08,-3.18513044066815e-08,-1.84077931196995e-07,-5.64452431699348e-07,5.74075694777771e-07,-9.14437033036504e-08,1.64293662781139e-08,-5.57569609524714e-07,1.03783809913281e-09,1.34081850653641e-09,9.62588938864774e-10,2.6212438883468e-09,1.41624212017246e-08,1.03421096497103e-09,1.88724274690141e-10,-3.86758918430945e-11,6.55590238908781e-10,2.21393828250275e-09,2.45008691197107e-07,7.70852049355928e-07,-2.61933747620997e-07,3.30105096276155e-07,1.25734814020394e-07,-2.93575967234829e-07,5.88592831473317e-07,2.17249028301417e-07,-3.95426818932468e-07,3.77340809028487e-08,-1.05063030380517e-09,6.97952293477386e-07,2.18764887829834e-06,-1.69718506114655e-06,2.73046861872575e-06,5.4966309087469e-08,9.11038575779458e-08,-3.70504162160428e-07
"north_west","p_NC_weekend_15_24",-4.51492100319376e-10,5.4586302126522e-09,-5.8226321107106e-10,-1.07642660850547e-09,-3.36283363418118e-09,2.95908772761763e-10,1.28176845629768e-09,-8.1246140661815e-12,9.40827341265835e-10,-7.25644854561605e-10,2.6921015736359e-09,-3.28897465212008e-10,1.38592764191544e-09,-1.62862452637885e-09,2.83101496089055e-09,5.4549688906486e-09,-1.06614561883057e-11,2.45284418203499e-10,1.98551479300795e-09,-1.23775642828579e-09,1.78897495495824e-09,1.52403991962777e-09,2.22401415345903e-09,1.87291638100255e-09,2.39505588429544e-09,3.33609040679618e-09,-2.46411180443239e-10,3.32535637400925e-09,3.81139866289967e-09,2.69593222891746e-09,2.93427217545207e-09,-7.73250952552565e-10,7.620537605875e-09,-8.2638891446813e-09,2.14443057631747e-10,5.18795088774813e-10,-6.67161375200679e-10,-2.10239218402044e-10,1.86367574505608e-09,4.46543217016257e-10,-2.4381462940488e-07,3.3702889039747e-07,2.5854430497489e-07,4.8131600036685e-08,1.27566942293107e-07,5.18480162855174e-09,6.79538630755642e-08,-1.29991630528379e-08,7.38289083171643e-09,-2.33230547054185e-08,-1.19963576744441e-08,-5.04680987824351e-08,-9.49853723088297e-08,1.36225831813021e-07,-4.89757884028672e-09,-2.14817322508116e-09,-1.5299492049623e-07,1.93674313564155e-10,3.89875436479741e-10,3.71316436034074e-10,4.6209680112949e-10,1.03421096497103e-09,1.11183822576419e-09,1.10965488106769e-10,2.34029049053711e-10,2.04610006086289e-10,5.48990803883017e-10,-1.16105799611475e-07,1.40261048764663e-07,-3.44108063666449e-08,1.90054296715189e-07,-6.36000261644171e-09,-2.03204040955751e-08,9.5562008810765e-08,7.77865574011467e-08,-6.94467231103067e-08,2.09795110008403e-08,-2.73021689797182e-10,-7.36879792940603e-08,6.38130218000574e-07,-5.68687378790295e-07,-1.22997299408362e-06,1.35057971843659e-08,2.54798526986326e-09,-7.71401591461662e-08
"north_west","p_NC_weekend_25_49",-9.03836820717015e-09,4.7408957728724e-08,-1.42925201851385e-07,-2.08644834813826e-09,-6.78911851658117e-09,-5.39424884356906e-10,-1.66532139813562e-10,2.45254914756941e-09,-9.4333166957201e-10,4.25785921087621e-09,1.37609034771477e-09,5.95752913002093e-10,1.14855503822237e-09,4.75450938822343e-10,-1.33144820304244e-10,-1.82842498046019e-08,2.35859272585693e-09,1.17749866036433e-09,4.90439978422897e-09,-3.98169393127413e-09,3.02944992262155e-09,2.78206784680936e-09,1.92484314063491e-09,5.21706964442818e-09,3.21070237009357e-09,4.15589981255792e-09,3.54443287973768e-10,2.7981597484648e-09,6.24742852779396e-09,4.22782929465097e-09,1.60466648011617e-09,5.33620662009338e-09,-1.16811417836996e-09,1.19406597320457e-08,-1.67252701020711e-11,5.92266897853759e-10,1.82792597782815e-09,-1.97737074964174e-09,5.63566614087187e-10,2.43899539873838e-09,-5.8138003940485e-07,-9.85833577178287e-08,1.13998915197798e-07,-7.60092725448576e-08,3.81717663432786e-08,6.19532781885408e-09,-2.10217795275934e-08,9.57718496987984e-09,-5.17878522242981e-08,-2.40218045984958e-08,7.67813153127179e-09,-6.94205769809878e-08,-4.14770523489551e-08,-9.69820662837132e-08,3.767827694538e-08,-4.55395525137137e-09,1.02035340538388e-07,2.5457705727212e-10,2.6416770727378e-10,2.72115030157818e-10,1.38655785055845e-10,1.88724274690141e-10,1.10965488106769e-10,1.65280200573781e-09,3.93027493461548e-10,-3.83998061758134e-11,7.58910725047211e-10,-1.7513586328464e-07,-3.27610053649811e-07,1.075348469772e-07,-3.08924592852146e-07,-9.52356666698973e-08,1.13219727039325e-07,-5.0155446015875e-08,7.8105938416253e-08,-4.80572103009927e-08,-1.46155135105675e-08,-1.34565724117705e-10,1.40456868950493e-06,-2.3784848771312e-06,5.09922356108373e-07,-3.52728177363173e-06,6.84864040383367e-09,-3.17460078348142e-08,-5.42289341064062e-08
"north_west","p_NC_weekend_50_64",-6.5759209930462e-09,-3.53363215364037e-08,-1.84318600522189e-07,-3.533064229346e-09,-9.8053057886038e-09,2.05744047098405e-09,-2.28608060098762e-09,2.53282995478764e-09,-1.90502524958885e-09,7.05592734702036e-09,-9.34160190159759e-10,1.06532954909951e-09,8.10069479145014e-10,-2.77923404425215e-10,1.95565676485195e-09,-1.43499723431591e-08,2.63287469012743e-09,1.09657875400055e-09,4.36962545002212e-09,1.46662654231871e-09,1.11721467952422e-09,5.16602027224369e-09,1.10525645901569e-09,7.83346092727952e-09,2.16130007894614e-09,6.70327941352996e-09,6.73576965272299e-11,3.43300347563025e-09,5.95207283483874e-09,7.36352197940234e-09,6.06060390579545e-11,6.78502955032553e-09,-2.84218640419223e-09,1.67506166490172e-08,-4.70551852638054e-10,2.4038827786641e-09,-1.76949473041567e-09,-4.85881391419964e-11,1.69401473874062e-09,1.83925958971227e-10,-5.56182354872509e-07,3.92752218252863e-08,-2.33894542112332e-07,-2.95787869707478e-07,-2.62614667221596e-07,7.86743639456863e-09,-1.05673594491243e-07,5.51425115557377e-08,-7.0311245109688e-08,1.26818167660029e-08,-2.21572638896148e-09,-6.59836533490814e-08,-9.73291122894418e-08,-1.98892241444003e-07,2.70356382568638e-08,-2.85465535454187e-09,7.90997573283095e-08,1.52252375801858e-10,3.63433843979953e-10,2.86791174489336e-10,5.07809129361484e-11,-3.86758918430945e-11,2.34029049053711e-10,3.93027493461548e-10,1.36245425338073e-09,-9.53614883016665e-12,8.79366783280356e-10,-1.88037843479381e-07,1.7578512088334e-08,4.50365532464985e-08,-1.61004542569461e-07,-7.55962747493834e-08,9.69380393698366e-08,6.91233812815457e-08,-4.09819684315156e-08,-6.57703790313717e-09,3.92136789548187e-09,2.36275278643396e-11,1.90345822915436e-08,-1.67862024344382e-06,3.03528844318593e-07,-4.76010616808526e-06,-1.70209475024466e-09,-5.47955089378678e-08,-5.41194564745655e-08
"north_west","p_NC_weekend_65_79",2.50402346815092e-10,2.82955180089522e-08,-6.038374092203e-09,2.01733593226922e-10,1.62956064219695e-09,1.40648510440498e-09,2.52634763858965e-11,-6.28154012398478e-10,2.9237987224527e-09,-6.98019943974101e-09,5.97652352555903e-09,-4.59183665818294e-10,7.08876913104323e-10,1.81656936358439e-10,1.27779041186359e-09,1.16809272016471e-08,-1.84452212356473e-09,-5.23310829555974e-10,-2.68054583596233e-09,2.15148313637855e-09,3.02872686199607e-11,-9.04142559858765e-10,1.03169158274715e-09,-1.20676385395439e-09,3.06840311200455e-10,2.19827045184284e-10,-3.22961326231846e-10,1.3862029065279e-09,1.17192894233291e-09,-1.59481943550292e-09,2.47346019650891e-09,-4.61871950727537e-09,7.07127381033241e-09,-1.03344723033304e-08,7.03357465237487e-10,-1.01124007598195e-09,2.081389615396e-09,-1.06842747200234e-09,1.23205544107866e-09,-2.46492831466891e-10,7.35276218086107e-08,1.82901040963272e-07,3.16180882672709e-07,2.56201043538632e-08,5.59418227724821e-07,1.21084863311857e-08,1.18897105056606e-07,-8.63212307698264e-08,3.59407795779196e-08,-1.54553598571187e-08,-4.48864896960395e-09,-3.87560170584144e-08,-1.01443257500209e-07,2.63448084815719e-07,-1.30677579442974e-08,2.2540969020462e-09,-1.427326868882e-07,2.16399737336237e-10,2.88414948477472e-10,1.98061454599844e-10,5.39595656320558e-10,6.55590238908781e-10,2.04610006086289e-10,-3.83998061758134e-11,-9.53614883016665e-12,7.40089850933615e-10,9.6761292850947e-11,3.46636446894043e-08,9.34743904517081e-08,-3.36248505316123e-08,1.03557065646889e-07,2.23267674287072e-08,-3.16538769873456e-08,8.2606865176784e-08,8.08216521186115e-08,-8.56805977360189e-08,3.8197751036909e-08,-1.26138280151849e-10,2.9902671120278e-07,1.28627443309063e-06,-3.87801691881268e-07,8.35964977209698e-07,2.39884813717492e-08,5.2771712730368e-08,-5.61934396791301e-08
"north_west","p_NC_weekend_80_plus",3.21081275063222e-09,-1.04378391386321e-07,-2.3791340348436e-07,-1.14843898742422e-08,-5.92949818317368e-09,-8.04799084925127e-10,3.85476296616562e-09,-1.59835131577813e-09,1.35650160256992e-09,3.8403594079957e-09,3.63237434988704e-09,1.12570531128891e-09,3.15855842821752e-09,-1.33567065677155e-09,3.53691379400555e-09,-3.20486115560862e-08,4.88657006295465e-09,1.71526643965505e-09,7.11780777955509e-09,-5.31365510997206e-11,4.10347322874605e-09,7.62534878284782e-09,5.26300205607178e-09,9.10201093044589e-09,9.22099915898326e-09,7.89999824733454e-09,-5.5561873697232e-10,1.13238646680107e-08,1.16487651294838e-08,1.35777503935748e-08,5.68892594200695e-09,5.56880829242956e-09,5.09220311695682e-09,1.58203772805385e-08,4.78521006630555e-10,1.96755713817614e-09,-9.19910511907998e-11,-1.06841764837952e-09,1.65764787621428e-09,3.23529119149149e-09,-6.10920801702269e-07,-2.86774569240991e-07,1.72506493638584e-07,-7.64181882828263e-08,-2.66020026395425e-07,-2.83894205463893e-07,-1.15568226110992e-07,4.99088615599144e-08,-1.53000037601688e-07,-2.83423968953331e-09,-1.35708525836428e-08,-1.21224230972026e-07,-2.99462213706267e-07,-4.36252232591753e-07,3.32585626074974e-08,1.23378949633641e-08,3.69173083858488e-08,2.05808576630305e-10,6.09364147280993e-10,1.32093511615341e-10,4.70273493891669e-10,2.21393828250275e-09,5.48990803883017e-10,7.58910725047211e-10,8.79366783280356e-10,9.6761292850947e-11,7.71781959754732e-09,-1.16409935355967e-07,-1.16269767343518e-07,2.53909355213955e-07,-5.52927416400121e-07,-1.39243501044652e-07,1.34777821654679e-07,2.59007063132361e-07,1.3477294866807e-08,-1.962471022911e-07,1.5126758976165e-08,-3.12631332082473e-11,-5.07909579306034e-06,-1.74249053658052e-06,-1.27385621250471e-07,-5.00417153445873e-06,-4.6607371713204e-08,-4.7450953932625e-08,-1.4013354568026e-07
"north_west","p_W_D",9.31720124754542e-06,-7.5712068927901e-05,7.02677310798964e-05,-4.98857400983568e-06,6.84069846975932e-06,2.45234020776638e-06,-1.41238923042166e-06,1.13473104481224e-06,-7.88681228887284e-09,-9.0423081392882e-07,-3.79205974463742e-06,6.2432499950033e-07,-1.33927245138077e-06,-2.84826196084988e-06,3.64805327408554e-06,1.53801865583143e-05,-6.83503414296206e-08,3.18123470790585e-06,-3.81310985781944e-06,5.39501580144773e-06,-2.19629682580235e-07,2.7856069828949e-06,1.5740909613315e-06,7.31000162211666e-07,6.83981663070942e-06,-2.75764507095925e-06,1.48535621058585e-06,3.90290860511735e-06,7.6470930121031e-07,-6.84272592449686e-07,2.06214329719764e-06,-2.87162676378334e-06,2.71940762859735e-06,1.20006086275194e-06,-1.52214510999169e-06,2.77149233052592e-06,-4.27014528482489e-06,6.11341686989244e-07,5.93654232131055e-06,-3.34134150699672e-06,0.000736524315720945,0.000435233358318228,-9.47059217894303e-05,-0.000733043390538463,-0.000266533588764949,3.8278883093889e-05,-4.59408689507446e-05,-7.02160414776307e-05,4.28439728118718e-06,-2.12680344732445e-06,-1.6699675278736e-05,-1.76490674866659e-06,-9.17070308738547e-05,-0.000105342681940915,-3.11245384473907e-05,3.28813000282932e-05,-0.000249120471222815,1.2134098398764e-08,-5.81806859195224e-09,2.71090881378773e-07,1.35833306369155e-07,2.45008691197107e-07,-1.16105799611475e-07,-1.7513586328464e-07,-1.88037843479381e-07,3.46636446894043e-08,-1.16409935355967e-07,0.00224565639583588,0.000537658291588877,-0.000139769703965454,0.000503004334950227,3.95572467796922e-05,-6.99909767694837e-05,0.00020839911558793,-0.000287978965946185,2.68701296761824e-05,2.4529517920754e-05,-1.47263258416311e-07,0.0012846985694514,0.000301676916098915,-0.000298355868427638,0.00282307366724645,3.344990741397e-05,-8.57379016902956e-05,7.77323548246118e-06
"north_west","rel_p_D_alpha",1.87010776153138e-05,-0.000102817716065992,0.000165838343650404,6.25500381379655e-07,-4.54846735892431e-06,4.40540148590828e-06,-5.41935515387512e-06,9.67148292286618e-07,1.65457873771796e-06,-1.83320876169144e-06,-4.90387496569761e-06,1.74810453829545e-06,8.69483399365012e-07,-1.32306926251744e-06,3.72911109611227e-06,4.92201641154799e-05,1.47489356572959e-07,2.10275510506621e-06,-4.6718523678383e-06,6.8217677807808e-06,6.01897424017883e-07,1.64975887577649e-06,2.73036061412255e-06,2.87330870417492e-06,1.59010694364294e-06,-1.05208271404352e-06,-4.58093694115285e-06,5.35796167256802e-06,2.86964121492334e-07,3.77416200662743e-06,6.23163216261645e-06,-6.68719713860191e-06,1.15212724098003e-05,-1.06529546738365e-05,1.50936904856364e-06,1.70100573097011e-06,-4.11896010942515e-06,1.50604444249598e-06,5.92096913679094e-06,-6.51648755134981e-06,0.000196140992555442,5.02247871433943e-05,-0.000220409953367067,-0.00154382765174531,-0.0019892282192925,0.000106298048579477,0.00052063454079764,-5.78591469707143e-05,-3.68075155249904e-05,0.000131547716518763,-0.000206504285644523,-4.00993769473915e-05,-0.000139474773749975,-3.26618805144367e-05,-5.46199532428464e-05,1.91290949073205e-06,-0.000561133184264287,-2.73819923412533e-07,2.93983051023193e-07,6.27412946137682e-08,5.48433179718592e-07,7.70852049355928e-07,1.40261048764663e-07,-3.27610053649811e-07,1.7578512088334e-08,9.34743904517081e-08,-1.16269767343518e-07,0.000537658291588877,0.00590035303062733,-0.000751049615556931,0.000487384608519571,-0.000181834862936344,0.000194694936524799,0.000202581380925827,0.00063887327655347,-0.000436844525857501,1.79769672278882e-05,-2.94908992577781e-07,-0.00333085424919819,0.000431641039753784,-0.000962500206713222,-0.000743499871233943,-2.79335913584193e-05,-1.43675975550593e-05,-6.09179567316445e-05
"north_west","rel_p_D_delta",-6.76182650646327e-06,4.82235670721547e-05,-4.80441373331576e-05,-2.96500027827737e-06,-2.00444765981392e-06,-3.79570072083409e-07,2.53671143161473e-07,1.04000304030432e-07,-8.42766411398156e-08,-6.31542351458328e-07,1.52135460249011e-06,6.40702642422247e-08,-5.64699141284611e-08,1.26984653581506e-06,-1.09770095880122e-06,-3.5030870883815e-06,2.82077429795265e-07,-5.91730783112167e-07,2.79769352789526e-06,-3.15388005400595e-06,5.84440166016084e-08,-3.06935774152323e-07,-7.06140123517839e-07,-3.43377065537419e-07,-1.07145492454846e-06,5.34252320256021e-07,2.00391766563122e-07,-1.5978732908176e-06,5.3273043641919e-07,-1.08080186469836e-06,-1.75888597704071e-06,2.18201125578172e-06,-3.99138312246189e-06,5.95306445278607e-06,4.8780292916744e-07,-1.23837936320774e-06,1.45201458702e-06,-1.60081399313037e-06,2.15652515050649e-07,1.14846014783738e-06,-0.000322073699746078,-8.46098463181062e-06,-0.000107848640787724,0.000184812717002375,0.000222830998507491,-5.90381850459665e-05,-5.03114819875053e-05,5.54717915999633e-05,4.76752735064457e-05,-2.14056569767639e-05,-3.08721477587833e-06,1.00628808707203e-05,-3.0452904185513e-06,-4.64139260347123e-05,1.83475247313646e-05,-6.22398771946241e-06,0.000182520609309219,7.01160813893249e-08,-1.69811411435112e-07,-2.34419279058094e-08,-1.98045570258879e-07,-2.61933747620997e-07,-3.44108063666449e-08,1.075348469772e-07,4.50365532464985e-08,-3.36248505316123e-08,2.53909355213955e-07,-0.000139769703965454,-0.000751049615556931,0.000562193536868332,-0.000630370015139235,1.62173670481313e-05,-1.54680872683103e-05,-4.40650452661002e-05,-3.01266559431855e-05,0.000136585839907766,-1.51897871404008e-05,3.44830424773694e-07,-0.000774888675042466,1.75615343798684e-05,0.000427071014969839,-0.000564888311028975,-1.11148150375566e-05,1.24098448195734e-05,2.11471475028524e-05
"north_west","rel_p_D_omicron",2.14475793451676e-06,-1.10704283165003e-05,0.000147674401349406,-4.65404768193215e-06,1.20166488537413e-05,5.54225904651589e-07,8.89217132599729e-07,-1.0084272641165e-07,4.40421541679617e-07,1.12703476183048e-06,-5.6415304661319e-06,2.6242495039394e-07,8.28734989803746e-08,-4.48554308659696e-06,5.4790003854731e-06,2.02723099644292e-06,-3.31585047600539e-07,2.51318981142931e-06,-4.33458974743765e-06,7.98285623479169e-06,-6.71727993021426e-07,2.97468660498221e-06,3.0031490920103e-06,8.10625057586625e-09,5.84009246853744e-06,-1.60348902624913e-06,6.81325282288486e-07,6.45681363379813e-06,-1.47036533606405e-06,4.70902905066547e-06,3.91951773106473e-06,-4.71758646202232e-06,8.8179493283797e-06,-9.98503955704872e-06,-1.88688664024578e-06,4.54031935608715e-06,-6.37636328221436e-06,2.37878175879623e-06,3.67076796541337e-06,-2.27305722868534e-06,0.000832050900583807,0.00044341563009964,0.000639854294855188,-0.000360386185936184,-0.00113975309420065,-0.000192882196941228,9.67047598835352e-05,-0.000118319418811097,-3.34082077726885e-05,1.05657041383005e-05,5.16285980586665e-06,-5.61304542121099e-06,-0.000130027581852581,0.000107624748126976,-5.97082460500891e-05,1.67776340807006e-05,-0.000539521681372604,-1.90215646259017e-07,1.73161443234613e-07,-8.18972303497241e-08,2.9578085155067e-07,3.30105096276155e-07,1.90054296715189e-07,-3.08924592852146e-07,-1.61004542569461e-07,1.03557065646889e-07,-5.52927416400121e-07,0.000503004334950227,0.000487384608519571,-0.000630370015139235,0.00247154046286574,1.19214823062817e-06,-1.44534310789065e-05,0.000257002151484845,-0.000149452485660892,-0.000140150966302524,5.29031536715836e-05,-3.86605549093177e-07,-0.000669485686792399,0.000797683755395182,-0.00158510570725378,0.00373530669937813,3.57707712681876e-06,-6.34329705927147e-05,-4.59410315784441e-05
"north_west","rel_p_H_alpha",6.85173868895844e-06,4.38827255879484e-05,4.44266559712254e-05,-6.90816314792436e-07,6.45247520346353e-06,-6.30740732160146e-08,2.42046318198223e-06,-2.19765883900507e-07,9.24466122704525e-07,-3.93104994413066e-07,-1.58888142360257e-06,1.3352527662988e-07,-1.0122974205144e-07,-5.81946055284573e-08,5.27843317473643e-08,1.18836189194216e-06,1.08203411803059e-06,1.34993943203125e-07,-6.94367502602623e-07,2.10164477250353e-06,3.10662992409798e-07,6.67610108679595e-08,7.264317045529e-07,-4.04063887361115e-07,8.49666598508596e-07,6.59273177848748e-07,3.1277544933896e-07,-1.5189503639072e-07,7.53775754904859e-07,8.64836914212339e-07,-1.93692551791305e-07,-7.84052340481347e-07,2.09507888714626e-06,-2.80207798515123e-06,2.82504209142676e-07,3.68470199369627e-07,4.38637787446009e-08,1.04113213725574e-06,-6.16817030415736e-07,1.39792703139783e-06,-5.5469821350551e-05,-0.000162047993710593,-8.68304169251915e-05,-0.00010743244758108,-0.000188067786419602,3.13953449762554e-06,-0.00024599071623978,-3.11971025046507e-05,1.42554288229237e-05,5.78370007652678e-06,5.02805663515982e-06,-9.64038101357923e-05,-0.000141070814705773,3.00654754323744e-05,-4.46396203548844e-06,6.10872858579838e-06,4.72131275212712e-05,-9.48547525641816e-08,-1.01690858241559e-07,-7.64652076502461e-08,3.69767932787251e-08,1.25734814020394e-07,-6.36000261644171e-09,-9.52356666698973e-08,-7.55962747493834e-08,2.23267674287072e-08,-1.39243501044652e-07,3.95572467796922e-05,-0.000181834862936344,1.62173670481313e-05,1.19214823062817e-06,0.000675893765591505,-0.000424889152515316,6.42408794422262e-05,-0.000298311988368252,0.000154190448126642,-9.72812454603661e-06,-5.52527790011151e-08,-0.000681096704755101,0.000236314810957071,-2.3727019241562e-05,0.00178968399310523,4.58438880209915e-06,-2.13799688721921e-05,-4.16243221862812e-06
"north_west","rel_p_H_delta",-5.14989387032451e-06,-5.68839380774822e-05,-2.65174039090264e-05,2.84016809951598e-07,-3.11393145813985e-06,2.42269851413559e-08,-1.24010202127157e-06,3.11354495014724e-07,-3.70090604694234e-09,8.70497400445745e-07,5.12709491422966e-07,6.58913192749247e-07,4.58655709141238e-07,3.17667703488856e-07,9.28433781659908e-07,-5.98338074731911e-06,1.58285072380918e-09,6.3820236172989e-07,1.29735974179502e-06,-2.19000301952578e-06,1.09357419875708e-06,2.41717965836055e-07,-1.04145909696064e-06,2.09661351537709e-06,-2.06691435776873e-06,8.51505002541003e-07,-5.85690358609454e-08,-1.91222009620513e-07,-3.94782913605859e-07,-5.06979794932031e-07,1.79607886316143e-07,1.48201243958626e-06,-3.71871619030749e-06,5.53114680349368e-06,-4.74657575281429e-08,5.20811765607031e-07,-7.21712995322653e-07,-7.27506847732324e-07,1.2359991180581e-06,-3.07840246489294e-07,-1.35608164613748e-05,0.000101269250658793,1.29890532808849e-05,-3.13218874097548e-05,0.000112550054825241,7.11849425739083e-05,0.000175330331581866,1.28771714292009e-05,-6.09774588907404e-05,5.98373452789571e-06,-5.18936466434721e-06,1.00238421409893e-05,-3.79387001440492e-05,-0.0001037374570353,9.99572500292278e-06,7.80609297972001e-07,6.73358044015897e-06,-1.56239752904321e-08,1.13595648570367e-08,-5.90079421520593e-08,-9.89571172192332e-08,-2.93575967234829e-07,-2.03204040955751e-08,1.13219727039325e-07,9.69380393698366e-08,-3.16538769873456e-08,1.34777821654679e-07,-6.99909767694837e-05,0.000194694936524799,-1.54680872683103e-05,-1.44534310789065e-05,-0.000424889152515316,0.000497874746780363,-5.13391142768743e-05,0.000157857262379112,-0.000172537456928438,1.7339572208694e-05,2.914330504849e-07,-0.000702019788732412,-0.000216691958385246,0.000198131773085123,-0.00132494028343192,-1.6511106148029e-05,-1.33862000551058e-06,2.08472103866662e-05
"north_west","rel_p_H_omicron",7.05020112830428e-06,-6.46050936689917e-05,7.2319321651148e-05,-3.5355798071754e-06,-1.26481799160476e-06,1.63897012416426e-06,-7.85043746180313e-07,4.20290992010381e-07,6.19800190175393e-07,2.81378221398414e-07,-1.06540895053076e-06,9.62414571470855e-07,1.82825172237271e-07,-1.06121819336598e-08,1.83523922164507e-06,1.48162346126248e-05,1.04864861670379e-06,9.78712795996376e-07,-1.06123781319042e-07,2.54041301139907e-06,1.01420404093724e-06,1.66097720819597e-06,2.23084390920925e-06,7.33487255905378e-07,4.06195414719995e-06,-2.9836283131704e-08,2.47048037914375e-07,5.99459676449065e-06,2.66977082759497e-06,1.24995962155093e-06,2.61582926150357e-06,-2.88810333816615e-06,2.81329308086195e-06,6.84486096058446e-07,-5.41746352427255e-07,1.38934020018105e-06,-1.98798731615739e-06,1.52688989576861e-06,1.69763741713834e-06,-1.37358622974229e-06,0.000201411223301322,-3.83255869371828e-05,0.000414390847035698,-1.12076359714077e-05,-0.000253187924018673,-2.88603919393322e-05,5.48128953705673e-05,2.09599291666174e-05,2.04785131519091e-06,1.99520509599608e-05,-7.5473869634365e-06,-3.30187105638177e-05,-0.000948457463997213,1.24860558856829e-05,-2.42648904228984e-05,5.75440232722595e-06,-0.000170326606151408,1.02916132450837e-07,1.07242992712321e-07,7.59073092146905e-08,2.2903162940557e-07,5.88592831473317e-07,9.5562008810765e-08,-5.0155446015875e-08,6.91233812815457e-08,8.2606865176784e-08,2.59007063132361e-07,0.00020839911558793,0.000202581380925827,-4.40650452661002e-05,0.000257002151484845,6.42408794422262e-05,-5.13391142768743e-05,0.00111828090217519,2.16180334705259e-05,-1.40680548699711e-05,3.60356635209189e-05,-2.18436161976093e-07,-0.00125331561818522,-0.000245435551741498,-0.000547392867862718,-0.000265460644018721,-1.06053262972822e-05,-3.00781847527273e-05,-3.57865891689688e-05
"north_west","rel_p_ICU_alpha",-3.12701579503364e-06,1.0928088568642e-05,3.38496621773674e-05,-4.14573365975238e-07,1.21974025707375e-07,6.09513481773275e-08,-1.92634256162894e-06,5.85794571891217e-07,-1.16706592307432e-06,-7.86768760494122e-08,2.08126557168224e-06,-3.62328687999394e-07,4.15603363993194e-07,2.24403180231562e-07,-1.28936770083061e-06,-8.47324542649743e-06,-5.80244946341584e-07,-8.82991587094469e-07,1.16119007567801e-07,-4.38700261554989e-06,1.95824304946617e-06,-3.24464803377874e-06,2.0106565520461e-07,-1.68684191038634e-06,-2.14476871495339e-06,-7.74354520247632e-07,-8.22621301188306e-08,-1.44487944510751e-06,-1.42774278566057e-07,-1.70980373769159e-07,-3.12680840520427e-07,1.85087656741496e-08,1.11909564051471e-06,-6.66574332808265e-06,1.11944754648682e-06,-2.10250807608997e-06,7.12575095910944e-07,4.92813518990334e-07,-2.90744224749714e-06,3.27516505595859e-07,-0.000175503571637973,-0.000474721614458108,0.00101022812135539,0.000214285025046881,5.55018841221933e-05,8.8725993840382e-05,0.000454124387213461,6.38079794462999e-05,5.70560707174545e-05,1.21971320585919e-05,-3.05364830117588e-05,4.4423255799562e-05,-1.05782872708789e-06,-6.45330950795999e-05,1.79058289253164e-05,-3.69727908181653e-05,0.000166531854163073,5.54010245061778e-08,-1.56153675015485e-07,2.60409122322162e-09,2.49490278707171e-08,2.17249028301417e-07,7.77865574011467e-08,7.8105938416253e-08,-4.09819684315156e-08,8.08216521186115e-08,1.3477294866807e-08,-0.000287978965946185,0.00063887327655347,-3.01266559431855e-05,-0.000149452485660892,-0.000298311988368252,0.000157857262379112,2.16180334705259e-05,0.00129417110082137,-0.000546952140481563,1.93451280384514e-07,9.04221538894941e-08,0.000237766376146074,0.000315947155762591,-0.000116679981112753,0.000390130305644628,-5.67399117904291e-06,3.23890484476152e-05,-1.07555677154885e-05
"north_west","rel_p_ICU_delta",-4.27246933484887e-06,1.59855973588495e-05,4.73744948261196e-05,1.05803151667046e-06,-2.92079134827826e-07,-7.05182291031683e-08,-6.81526084964008e-08,3.39643756559012e-07,-3.91258377499266e-08,-4.99303040616454e-07,8.51364151282895e-07,-3.08327565701894e-07,-5.00433374450974e-07,9.76636689847687e-07,-1.64873383205624e-06,9.46145124333544e-06,9.73669168820226e-08,-1.61702125420746e-07,-2.79124209999895e-07,2.21442972909869e-07,-1.34572191171216e-06,2.29690566596135e-08,-5.84695774699131e-07,-1.92930867474089e-06,1.2126799407586e-06,-2.05349410166099e-06,-7.21896233714423e-07,-7.72598774137956e-07,-1.64873611829822e-06,-2.35395003261201e-06,-1.11958200192567e-06,1.07499201247039e-07,-3.47081285776055e-06,5.94604299873634e-06,3.0199774221081e-07,-6.04506207786006e-07,1.22196538074389e-06,-6.70878555137762e-07,1.92006691685737e-07,-6.66529738627206e-08,9.58190709255601e-05,-3.44060548658894e-05,-0.000664579860075825,6.38278248456904e-05,-9.10992519838982e-05,-6.87434579326146e-05,-0.000273571764157033,1.68055039759711e-05,3.30730186627729e-05,-1.75406412256677e-05,7.87886581051328e-06,2.11642164154609e-06,2.54591250861012e-05,4.19913702117701e-05,1.1769033953834e-05,-1.49968234388545e-06,2.59761329838876e-06,4.26506361877422e-08,2.0837052436726e-08,4.00679043297975e-08,-2.18128221812694e-07,-3.95426818932468e-07,-6.94467231103067e-08,-4.80572103009927e-08,-6.57703790313717e-09,-8.56805977360189e-08,-1.962471022911e-07,2.68701296761824e-05,-0.000436844525857501,0.000136585839907766,-0.000140150966302524,0.000154190448126642,-0.000172537456928438,-1.40680548699711e-05,-0.000546952140481563,0.000491705415737882,-3.58724237299037e-05,3.14415844959527e-08,0.00103011292652226,-0.000283459667445439,0.000131696998329429,0.000285497505312334,1.27129988458766e-05,4.41818821298649e-06,2.78083983476806e-05
"north_west","rel_p_ICU_omicron",1.65138497092993e-06,-1.74354762313944e-06,9.64196826642037e-06,-5.80753658746797e-07,1.29912758106406e-09,1.9879186991101e-07,1.17386912188885e-07,-3.13622411685515e-07,4.9674998190435e-07,-4.45801383290375e-07,7.19993313827716e-08,1.19040006221908e-07,3.38745836252127e-08,-7.47323462941762e-08,3.14968113306929e-07,-1.27757336698496e-06,1.34950949596595e-07,1.34291696885006e-07,-8.77028418003483e-08,4.66160231009458e-07,1.26718361601862e-07,3.16364555293711e-07,2.20096146642794e-07,3.08418650846191e-07,6.22959530333263e-07,9.54336926800852e-08,1.54211016416309e-07,5.96258669758982e-07,3.98669929289992e-07,-3.28605267379099e-07,3.53530095231695e-07,-5.1364148724407e-07,7.32509226643122e-07,-9.01433275335975e-07,-2.35343201083095e-08,6.93189471723625e-08,-2.63608043499804e-07,2.31647511219683e-07,1.47962492220406e-07,-1.86074245502455e-07,4.34985073696744e-05,3.96181714870837e-05,5.20038435849258e-05,-6.93560646837414e-05,0.000104166603954977,-1.28907356160941e-05,2.13761056620507e-05,-8.2584801582515e-06,-2.52945618675527e-06,-4.53185514732258e-07,-3.36054729503767e-08,-3.91211488130265e-06,-4.19952153788437e-05,2.75393052036058e-05,-3.28845555842347e-06,1.11505733512291e-06,-2.22140102942071e-05,2.21441180042142e-08,3.84141828507965e-08,3.6375369700334e-08,3.01743734625565e-08,3.77340809028487e-08,2.09795110008403e-08,-1.46155135105675e-08,3.92136789548187e-09,3.8197751036909e-08,1.5126758976165e-08,2.4529517920754e-05,1.79769672278882e-05,-1.51897871404008e-05,5.29031536715836e-05,-9.72812454603661e-06,1.7339572208694e-05,3.60356635209189e-05,1.93451280384514e-07,-3.58724237299037e-05,2.81954626040511e-05,-2.15415824087335e-09,-0.000169663143548912,-4.09559268810289e-05,5.75765611304247e-05,-7.66249787254359e-05,5.55165350637513e-08,-3.4123443169705e-06,5.75894496657797e-07
"north_west","rho_pillar2_tests",-2.58326810530154e-08,-1.90507206510622e-07,-1.38102059762046e-08,-2.32560411267451e-08,-6.5888884484471e-09,1.92530893674844e-09,1.57298851968383e-09,-2.81380904839834e-09,5.53209424073425e-09,-5.39727197860216e-09,3.5061673594235e-09,7.51134390143972e-10,2.40193080350216e-09,4.39647712601309e-09,-1.48562205358178e-09,-6.60487180060411e-08,-1.14583233611757e-09,-1.82894084424006e-09,5.68846742847632e-09,-9.68803322482578e-09,8.31874091491643e-10,-4.42869498378643e-09,-3.11348965643162e-09,-1.86011790130006e-09,-1.08440999083286e-08,4.49683827385681e-09,2.71207407481339e-09,-1.08268828107206e-08,-1.93084317587332e-09,-9.80521689474948e-10,-3.50570820002893e-09,2.8666966533439e-10,-7.32910539662883e-09,-3.80062234405138e-10,7.4333392099921e-10,-3.36442341696633e-10,-1.6769453542456e-09,-5.33033220794925e-09,4.81147250783112e-09,2.07371142492509e-09,-1.65396027151519e-07,-4.20960388995738e-07,2.24510086922977e-07,1.25943896455881e-06,2.49731058013902e-07,-3.82796569181054e-07,1.34907249661935e-07,1.63186224739168e-07,2.03491823849892e-08,7.33799120206249e-08,-2.53885517569031e-08,-3.46518308682615e-08,-1.24094335195658e-08,-4.32960219679329e-07,8.7423128153349e-08,-5.40943572324919e-09,3.8584928373451e-07,2.52060164446498e-10,-4.42407147152914e-10,-6.92096953190609e-10,-2.49644579654468e-10,-1.05063030380517e-09,-2.73021689797182e-10,-1.34565724117705e-10,2.36275278643396e-11,-1.26138280151849e-10,-3.12631332082473e-11,-1.47263258416311e-07,-2.94908992577781e-07,3.44830424773694e-07,-3.86605549093177e-07,-5.52527790011151e-08,2.914330504849e-07,-2.18436161976093e-07,9.04221538894941e-08,3.14415844959527e-08,-2.15415824087335e-09,1.08622824563765e-08,-3.87300176450932e-06,2.53577716171479e-07,1.51872037022785e-06,-4.70298441363316e-06,-5.74289959590049e-08,1.09341560916755e-07,5.06517114296181e-08
"north_west","seed_date_alpha",8.55746989039865e-05,0.00117866532337337,0.00110736828113621,5.32634782839747e-05,4.18737620785634e-05,-2.05109870343508e-05,-2.3349172253799e-05,2.3255265116055e-05,2.95872280875629e-05,5.40315913287219e-05,1.26485471171877e-05,-9.13601264846465e-05,-0.00011666868375346,-0.000132056316580489,-0.00014008848328619,-3.25952407933268e-05,-0.000132961206767565,-0.000120300967564534,-0.000137592801825596,-9.71120072485385e-05,-0.000131056472569766,-0.00016336086311758,-0.000133116999460378,-0.000208325156165705,-0.000165163458270013,-0.00022927101819824,-5.87931173410836e-06,-0.000169334856044928,-0.00024245991107339,-0.000163312834634743,-9.75445649841639e-05,-0.00011278721484764,-5.09819800737711e-05,-0.000234336368334862,6.19372184465618e-06,-1.17557921101522e-05,2.40695472848324e-05,7.56296814298546e-06,-5.29452975679532e-05,3.10436364459613e-05,0.00496173476775998,-0.00550265533196346,-0.00502427830453243,-0.000281894869885347,-0.00141643007187546,-0.00050322902342426,0.000202387472619596,-0.000673380680655495,0.000104423726336938,-0.000262959677967832,0.000404246270030721,0.000596406265392912,0.00146041646371355,-0.000327773935654653,4.19415575493522e-05,-0.00012614308933494,0.001790049008669,-7.5745527132601e-07,-1.02727348785392e-06,7.89724414047275e-07,-4.89284858403893e-06,6.97952293477386e-07,-7.36879792940603e-08,1.40456868950493e-06,1.90345822915436e-08,2.9902671120278e-07,-5.07909579306034e-06,0.0012846985694514,-0.00333085424919819,-0.000774888675042466,-0.000669485686792399,-0.000681096704755101,-0.000702019788732412,-0.00125331561818522,0.000237766376146074,0.00103011292652226,-0.000169663143548912,-3.87300176450932e-06,0.669935515164933,-0.00899583952452804,-0.00477546931087019,0.0141664384366562,0.00632042167747111,0.00010857681556471,-4.66355615935844e-05
"north_west","seed_date_delta",2.9276025116956e-05,0.000477030534181355,0.000633573692570313,2.63134168112794e-05,3.73211270774347e-05,3.21353172242997e-06,1.27573673191795e-05,-2.10420585909073e-05,2.32621890994273e-05,-5.3032287697307e-05,2.8539057724383e-05,-1.06495319478665e-06,-4.24647006042026e-06,2.79055044762377e-06,2.36728508968505e-05,8.61598349849543e-05,-3.51190822685691e-05,-1.60212533563871e-05,-4.11432303238389e-05,-1.05538723818915e-05,-1.69722113046862e-05,-3.248864561836e-05,-2.38148806663133e-05,-2.98844249305169e-05,-4.39038730888755e-05,-2.73305846890327e-05,-2.75988348093846e-06,-2.99879261219304e-05,-3.54919595221372e-05,-3.39316626959773e-05,-5.86935362315701e-06,-3.01087539779351e-05,5.53738280665003e-06,-7.41087153585004e-05,9.48383057312097e-07,-1.1823946547668e-06,1.60633454817086e-06,4.62046659180731e-06,-9.90279070315596e-06,-5.89838103020808e-06,0.0015814992340982,0.00168935130271537,0.000472980172927352,0.00325935501586776,0.000798297584274204,-0.000552167328186465,0.00075071204749437,0.000259006007021805,3.01595954335361e-05,3.94740310769098e-05,-1.53721048560701e-06,3.5262933683284e-05,0.000403493358350897,0.00106254676751561,-0.000124628526701294,1.80857199814603e-05,-0.00097508397675607,2.0662432739581e-07,1.18443979003474e-07,-1.29182813395644e-06,2.2219954523584e-06,2.18764887829834e-06,6.38130218000574e-07,-2.3784848771312e-06,-1.67862024344382e-06,1.28627443309063e-06,-1.74249053658052e-06,0.000301676916098915,0.000431641039753784,1.75615343798684e-05,0.000797683755395182,0.000236314810957071,-0.000216691958385246,-0.000245435551741498,0.000315947155762591,-0.000283459667445439,-4.09559268810289e-05,2.53577716171479e-07,-0.00899583952452804,0.0641388634745427,-0.00193634635032026,0.01792529402817,9.25875267862822e-06,0.00118680341083506,-0.00014221820616228
"north_west","seed_date_omicron",-1.39762942915085e-05,9.49662079281802e-05,0.00013103555554061,-1.15227173069689e-06,1.04495077686042e-05,-2.72437459059557e-06,3.70534675142175e-06,-6.26154600773949e-06,4.78914388639458e-06,8.73670145681675e-06,-2.42588735679284e-05,-3.49230393958792e-08,5.83039526314533e-07,-7.43665276485799e-07,-3.2658485065279e-06,-4.9327810297378e-05,5.41810262132654e-06,-2.26674518467802e-06,1.07152655104678e-05,-7.19540026067037e-06,-2.35443663855628e-06,5.8915703904606e-06,-1.10856536458423e-05,1.47974905938775e-05,-1.68747522814456e-05,1.3407188186515e-05,-1.15200662117387e-06,-1.46150690041444e-05,8.89176933555269e-06,-5.46648275535751e-05,-2.147713952486e-05,-2.6568389941997e-05,-4.0078096415858e-05,-2.62028126794197e-07,2.28632708825284e-06,-4.36747459202569e-06,2.6464867662911e-06,-1.60125294784506e-06,6.97228122062411e-07,1.25667887538833e-07,-0.000947436290539049,-0.000294492378461861,-0.000786983698257665,0.000155542707324676,0.000256166626010064,-0.000450699530171914,-7.3571381784794e-05,0.000202930946743765,-7.66757135619107e-06,-2.88988423967252e-05,1.59877606938454e-05,-3.96708935775378e-05,0.000309239725038529,-0.00109864409669352,5.41379518159484e-05,-2.29174665564967e-06,0.000479877222243495,7.01377470046839e-08,-3.98430586690238e-07,-1.20493731478481e-06,-1.10603282813883e-06,-1.69718506114655e-06,-5.68687378790295e-07,5.09922356108373e-07,3.03528844318593e-07,-3.87801691881268e-07,-1.27385621250471e-07,-0.000298355868427638,-0.000962500206713222,0.000427071014969839,-0.00158510570725378,-2.3727019241562e-05,0.000198131773085123,-0.000547392867862718,-0.000116679981112753,0.000131696998329429,5.75765611304247e-05,1.51872037022785e-06,-0.00477546931087019,-0.00193634635032026,0.0291677779549249,0.0017492847855424,-3.61391217787508e-05,-7.21582469947277e-05,0.00108963665540522
"north_west","start_date",-3.07568813341454e-05,0.00045877272524236,0.00211977539541533,1.92541349608518e-05,0.000477289247320214,-3.40975160835688e-06,-4.31990272120902e-06,-1.64990734855659e-06,9.64219019847689e-06,-8.87513220879108e-05,3.72967108644081e-05,-9.64655357237191e-06,-1.37159350328962e-05,1.70117788639151e-05,-1.33077769085037e-05,0.000330662223554733,-5.35455444520886e-05,-9.40036264017393e-06,-8.57306625556379e-05,1.87649672740172e-05,-2.10480819290788e-05,-6.84557151239412e-05,-1.77421841791799e-05,-7.54903352175071e-05,-3.99026589021522e-05,-8.85687636633424e-05,6.70223388190362e-06,-3.21356547797841e-05,-7.68839156303289e-05,-0.000107995476868346,-2.01272390059098e-05,-9.47440903836936e-05,4.11678706378139e-05,-0.000279174952819527,2.1052999715217e-06,-2.8310385536654e-05,3.07188916647627e-05,4.70529815185681e-06,-4.12936330981161e-05,2.6460612878244e-06,0.0126152282250644,-0.00224318856308776,0.00218456639771453,0.00340679542157676,0.00228820321310358,0.000387511337261569,0.000169761874736503,-0.00168093846477189,0.000609025067857222,-0.000575118264838623,-0.000152515763606548,0.000375941782227168,0.000277377011397524,-0.000148763559087132,-0.000477121223272674,-1.95217752537855e-05,-0.000779898030332994,-1.16382690972423e-06,-1.89580218513001e-07,-1.25108830245864e-06,-5.11764574278551e-07,2.73046861872575e-06,-1.22997299408362e-06,-3.52728177363173e-06,-4.76010616808526e-06,8.35964977209698e-07,-5.00417153445873e-06,0.00282307366724645,-0.000743499871233943,-0.000564888311028975,0.00373530669937813,0.00178968399310523,-0.00132494028343192,-0.000265460644018721,0.000390130305644628,0.000285497505312334,-7.66249787254359e-05,-4.70298441363316e-06,0.0141664384366562,0.01792529402817,0.0017492847855424,0.196718763434343,0.000293025828168222,0.000948745434002727,0.000741506101697788
"north_west","ta_alpha",1.65217141676586e-06,1.7004104600058e-05,1.75514797086859e-05,6.83725175745252e-07,7.10127379178131e-07,8.79649982778323e-08,6.47439903491467e-08,-2.66490031324914e-07,7.38385084713715e-07,-1.22224130462677e-07,8.31213060005079e-08,-1.02291555442944e-06,-1.14765839017968e-06,-1.36370584016872e-06,-1.29170316997034e-06,7.74264268790421e-07,-1.38456719913359e-06,-1.21617274263599e-06,-1.49481334085802e-06,-7.79752451187633e-07,-1.30742237243027e-06,-1.60413724122771e-06,-1.31575995768986e-06,-1.99824946988984e-06,-1.44713887340197e-06,-2.34718682859331e-06,1.90469872497143e-08,-1.51859322618095e-06,-2.31422394369786e-06,-1.83662585098132e-06,-7.90488417218161e-07,-1.43364502595083e-06,9.31164126663909e-09,-3.21268058776215e-06,5.05545373554724e-08,-1.23272808457228e-07,2.36467960644471e-07,1.8313268520603e-07,-4.81888783143081e-07,7.33679877551572e-08,9.03446070609297e-05,-3.17693387273515e-05,-4.71309385212045e-05,-2.04471861050187e-05,4.31163298065413e-05,-1.39154903153587e-06,3.41228332460854e-06,-1.0279945861355e-05,2.69565585370726e-06,-6.42513834187195e-06,3.49914909879726e-06,5.89012534579289e-07,9.96163898168672e-06,1.33398681133558e-05,-1.35669828531392e-06,-6.68964876286192e-07,9.18330403399294e-06,1.78507908140704e-08,1.07644919981403e-08,1.49733705287849e-08,-1.54387173639381e-08,5.4966309087469e-08,1.35057971843659e-08,6.84864040383367e-09,-1.70209475024466e-09,2.39884813717492e-08,-4.6607371713204e-08,3.344990741397e-05,-2.79335913584193e-05,-1.11148150375566e-05,3.57707712681876e-06,4.58438880209915e-06,-1.6511106148029e-05,-1.06053262972822e-05,-5.67399117904291e-06,1.27129988458766e-05,5.55165350637513e-08,-5.74289959590049e-08,0.00632042167747111,9.25875267862822e-06,-3.61391217787508e-05,0.000293025828168222,6.70783828711169e-05,1.41899252470151e-06,-2.45331427406128e-06
"north_west","ta_delta",-1.08913947721622e-06,1.78315518968525e-05,2.29411738068127e-05,1.17367390616025e-06,2.54569542749232e-06,-2.52925529209295e-07,1.92162568640502e-07,-7.09323297997575e-07,8.07539765636885e-07,-2.95729709377944e-06,2.58489340088724e-06,-2.5938447223003e-07,-1.72844469481419e-07,1.98392884862298e-06,-1.88072459028135e-06,-3.84244401178421e-06,-1.74571859745669e-06,-1.7722069194251e-06,-1.54204775593753e-06,-1.58735936771309e-06,-1.20582213780539e-06,-2.60890172839896e-06,-1.66966495924634e-06,-2.1878709261782e-06,-3.45703135108491e-06,-1.97906227428363e-06,-1.43700686509169e-07,-2.38398465956246e-06,-2.58870376411798e-06,-2.66108917791296e-06,-5.90718471804599e-07,-2.04026209390337e-06,-1.01714181476655e-07,-4.60361618870829e-06,4.31392177498774e-07,-1.08089677507454e-06,1.17258530777588e-06,-4.69132214983926e-07,-1.07547129793652e-06,4.49190648358676e-07,7.4822075923085e-05,-2.0597310712371e-05,9.47513434506901e-06,0.000171165063560506,0.000180085172962665,2.92372282251773e-06,1.48140453916618e-05,-1.04919390568281e-05,1.27583125108282e-05,-5.49303933742581e-06,-4.64446273778714e-07,1.18313280558306e-05,2.58229335930915e-05,5.7578274860595e-05,4.29289466562053e-06,-2.31423654591437e-06,-5.87308036096891e-06,4.99529572513264e-08,2.05001828266447e-08,-1.76327030070507e-08,8.37506099933911e-08,9.11038575779458e-08,2.54798526986326e-09,-3.17460078348142e-08,-5.47955089378678e-08,5.2771712730368e-08,-4.7450953932625e-08,-8.57379016902956e-05,-1.43675975550593e-05,1.24098448195734e-05,-6.34329705927147e-05,-2.13799688721921e-05,-1.33862000551058e-06,-3.00781847527273e-05,3.23890484476152e-05,4.41818821298649e-06,-3.4123443169705e-06,1.09341560916755e-07,0.00010857681556471,0.00118680341083506,-7.21582469947277e-05,0.000948745434002727,1.41899252470151e-06,8.21158609895298e-05,-3.78411932736923e-06
"north_west","ta_omicron",-9.34262492244604e-07,1.02525945936621e-06,2.84450579767413e-05,1.92057254149949e-08,1.76189609232194e-06,-2.65688762047154e-07,-8.99536850243594e-08,-4.04994362593831e-07,-6.86868182439898e-08,3.91686660976789e-07,-1.64616066262196e-06,-4.35708010599971e-08,-3.30272697304698e-07,1.73914901068941e-07,-8.28548450990986e-07,-3.0997696858569e-07,1.13095860380197e-07,-2.89593318953558e-07,1.12257195303656e-07,-8.47847140491995e-07,-2.68041252129001e-07,-6.47024481467558e-07,-9.19358914806959e-07,-7.06694285010254e-07,-1.17236863636724e-06,-1.01189875100022e-06,-1.93712102130999e-07,-9.61793262752021e-07,-1.90966792463962e-06,-4.05724155769257e-06,-1.64320684735537e-06,-1.78585853129167e-06,-3.58817288507988e-06,8.36544714549948e-07,7.6023992446665e-08,-2.17822902982802e-07,-8.26054716798624e-08,-3.12832759779012e-08,-2.15700935105207e-07,-1.83155340716041e-07,4.70416923445218e-05,-5.82522850538865e-05,-9.51296825862064e-05,5.63685867838288e-05,-3.03892485316198e-05,-1.13758424045402e-05,-1.07119214423343e-05,1.29856049153431e-05,3.49988063895377e-06,1.43309746810475e-07,4.47058566620742e-07,1.61376766138681e-05,2.73218945461697e-05,-7.96180213038402e-05,2.38873968930456e-06,-1.07563844615744e-06,3.87608264458322e-05,-5.9407666892326e-08,-1.37321907352122e-07,-1.50650764669586e-07,-1.76795262731976e-07,-3.70504162160428e-07,-7.71401591461662e-08,-5.42289341064062e-08,-5.41194564745655e-08,-5.61934396791301e-08,-1.4013354568026e-07,7.77323548246118e-06,-6.09179567316445e-05,2.11471475028524e-05,-4.59410315784441e-05,-4.16243221862812e-06,2.08472103866662e-05,-3.57865891689688e-05,-1.07555677154885e-05,2.78083983476806e-05,5.75894496657797e-07,5.06517114296181e-08,-4.66355615935844e-05,-0.00014221820616228,0.00108963665540522,0.000741506101697788,-2.45331427406128e-06,-3.78411932736923e-06,7.65969924752002e-05
